hearing_id,document_id,unit_type,start_timestamp,speaker_name,speaker_role,n_words,duration_seconds,category,category_label,seed_hit_count,seed_hit_any,tfidf_similarity
h1_2025_12_03,h1_2025_12_03_t00003,comment,00:00:15.605,Unknown speaker,official,72,24.328999999999997,land_use,Land use,0,False,0.0
h1_2025_12_03,h1_2025_12_03_t00004,comment,00:00:39.954,Unknown speaker,unknown,31,15.271,land_use,Land use,0,False,0.0
h1_2025_12_03,h1_2025_12_03_t00005,comment,00:01:00.770,Unknown speaker,official,58,25.275,land_use,Land use,0,False,0.013257868298751321
h1_2025_12_03,h1_2025_12_03_t00006,comment,00:01:29.200,Unknown speaker,staff,23,19.180999999999997,land_use,Land use,0,False,0.0
h1_2025_12_03,h1_2025_12_03_t00014,comment,00:02:13.178,Unknown speaker,official,78,25.02600000000001,land_use,Land use,0,False,0.0029071620659866246
h1_2025_12_03,h1_2025_12_03_t00015,comment,00:02:43.150,Unknown speaker,official,32,9.730999999999995,land_use,Land use,0,False,0.0
h1_2025_12_03,h1_2025_12_03_t00019,comment,00:03:07.437,Unknown speaker,official,18,7.304000000000002,land_use,Land use,0,False,0.005212197588062609
h1_2025_12_03,h1_2025_12_03_t00022,comment,00:04:05.616,Unknown speaker,official,804,287.985,land_use,Land use,4,True,0.02210232455694857
h1_2025_12_03,h1_2025_12_03_t00029,comment,00:10:38.713,Unknown speaker,developer,247,83.51800000000003,land_use,Land use,0,False,0.0016571878782612258
h1_2025_12_03,h1_2025_12_03_t00030,comment,00:12:13.198,Unknown speaker,developer,53,14.513000000000034,land_use,Land use,0,False,0.0
h1_2025_12_03,h1_2025_12_03_t00031,comment,00:12:35.055,Unknown speaker,developer,84,31.01800000000003,land_use,Land use,2,True,0.012594746712839614
h1_2025_12_03,h1_2025_12_03_t00034,comment,00:13:20.818,Unknown speaker,developer,1139,344.1289999999999,land_use,Land use,1,True,0.009549681592548584
h1_2025_12_03,h1_2025_12_03_t00035,comment,00:19:08.195,Unknown speaker,developer,797,253.43000000000006,land_use,Land use,0,False,0.006464659742682354
h1_2025_12_03,h1_2025_12_03_t00036,comment,00:23:25.968,Unknown speaker,developer,314,92.52199999999993,land_use,Land use,0,False,0.015872929958763857
h1_2025_12_03,h1_2025_12_03_t00037,comment,00:25:08.446,Unknown speaker,developer,409,130.86800000000017,land_use,Land use,0,False,0.008997529483763313
h1_2025_12_03,h1_2025_12_03_t00038,comment,00:27:25.706,Unknown speaker,developer,216,60.846000000000004,land_use,Land use,0,False,0.0
h1_2025_12_03,h1_2025_12_03_t00039,comment,00:28:30.338,Unknown speaker,developer,169,54.519000000000005,land_use,Land use,0,False,0.0
h1_2025_12_03,h1_2025_12_03_t00040,comment,00:29:25.842,Unknown speaker,official,101,26.652999999999793,land_use,Land use,0,False,0.0
h1_2025_12_03,h1_2025_12_03_t00041,comment,00:29:52.759,Unknown speaker,developer,38,11.242999999999938,land_use,Land use,0,False,0.0
h1_2025_12_03,h1_2025_12_03_t00045,comment,00:30:19.326,Unknown speaker,public,836,246.4380000000001,land_use,Land use,0,False,0.004293447388943573
h1_2025_12_03,h1_2025_12_03_t00048,comment,00:34:36.842,Unknown speaker,public,213,79.37599999999975,land_use,Land use,0,False,0.0017614300559559964
h1_2025_12_03,h1_2025_12_03_t00049,comment,00:36:01.937,Unknown speaker,public,254,94.46300000000019,land_use,Land use,0,False,0.0
h1_2025_12_03,h1_2025_12_03_t00050,comment,00:37:43.546,Unknown speaker,consultant,310,113.25500000000011,land_use,Land use,0,False,0.010724381556100948
h1_2025_12_03,h1_2025_12_03_t00052,comment,00:39:50.806,Unknown speaker,consultant,493,179.346,land_use,Land use,0,False,0.0012122527889353743
h1_2025_12_03,h1_2025_12_03_t00053,comment,00:43:00.822,Unknown speaker,consultant,24,6.826999999999771,land_use,Land use,0,False,0.0
h1_2025_12_03,h1_2025_12_03_t00062,comment,00:45:21.576,Unknown speaker,official,20,7.706000000000131,land_use,Land use,0,False,0.0
h1_2025_12_03,h1_2025_12_03_t00065,comment,00:46:21.059,Unknown speaker,official,155,61.19599999999991,land_use,Land use,0,False,0.003936492053987703
h1_2025_12_03,h1_2025_12_03_t00066,comment,00:47:22.655,Unknown speaker,official,64,26.927999999999884,land_use,Land use,1,True,0.033255114508386
h1_2025_12_03,h1_2025_12_03_t00067,comment,00:47:50.090,Unknown speaker,developer,197,57.88599999999997,land_use,Land use,0,False,0.0
h1_2025_12_03,h1_2025_12_03_t00068,comment,00:48:48.376,Unknown speaker,official,145,58.13099999999986,land_use,Land use,1,True,0.013679557848476348
h1_2025_12_03,h1_2025_12_03_t00069,comment,00:49:49.970,Unknown speaker,official,25,11.202999999999975,land_use,Land use,0,False,0.0050336777033794106
h1_2025_12_03,h1_2025_12_03_t00070,comment,00:50:01.193,Unknown speaker,official,119,39.06700000000001,land_use,Land use,1,True,0.014094418936259658
h1_2025_12_03,h1_2025_12_03_t00071,comment,00:50:40.871,Unknown speaker,developer,330,101.94299999999976,land_use,Land use,0,False,0.0
h1_2025_12_03,h1_2025_12_03_t00072,comment,00:52:22.834,Unknown speaker,official,30,9.595000000000255,land_use,Land use,0,False,0.0
h1_2025_12_03,h1_2025_12_03_t00073,comment,00:52:32.669,Unknown speaker,developer,59,12.889000000000124,land_use,Land use,0,False,0.0
h1_2025_12_03,h1_2025_12_03_t00076,comment,00:52:53.965,Unknown speaker,official,18,8.38799999999992,land_use,Land use,0,False,0.006635023614929987
h1_2025_12_03,h1_2025_12_03_t00077,comment,00:53:03.254,Unknown speaker,official,84,30.184000000000196,land_use,Land use,0,False,0.0
h1_2025_12_03,h1_2025_12_03_t00078,comment,00:53:36.293,Unknown speaker,developer,72,23.06999999999971,land_use,Land use,0,False,0.01870951236235594
h1_2025_12_03,h1_2025_12_03_t00079,comment,00:54:00.303,Unknown speaker,official,32,7.829999999999927,land_use,Land use,0,False,0.01024730093809924
h1_2025_12_03,h1_2025_12_03_t00081,comment,00:54:09.693,Unknown speaker,official,18,8.361999999999625,land_use,Land use,1,True,0.036449559672132634
h1_2025_12_03,h1_2025_12_03_t00083,comment,00:54:18.895,Unknown speaker,official,68,22.876000000000204,land_use,Land use,0,False,0.009154034222900509
h1_2025_12_03,h1_2025_12_03_t00084,comment,00:54:42.251,Unknown speaker,developer,132,40.80799999999999,land_use,Land use,0,False,0.0
h1_2025_12_03,h1_2025_12_03_t00085,comment,00:55:23.459,Unknown speaker,official,22,5.1030000000000655,land_use,Land use,0,False,0.0
h1_2025_12_03,h1_2025_12_03_t00086,comment,00:55:29.398,Unknown speaker,developer,89,27.284999999999854,land_use,Land use,0,False,0.0
h1_2025_12_03,h1_2025_12_03_t00087,comment,00:55:57.742,Unknown speaker,official,35,10.298999999999978,land_use,Land use,0,False,0.0
h1_2025_12_03,h1_2025_12_03_t00088,comment,00:56:09.181,Unknown speaker,developer,48,16.88299999999981,land_use,Land use,0,False,0.0
h1_2025_12_03,h1_2025_12_03_t00091,comment,00:56:34.855,Unknown speaker,official,41,16.153999999999996,land_use,Land use,0,False,0.0
h1_2025_12_03,h1_2025_12_03_t00093,comment,00:57:02.553,Unknown speaker,developer,87,44.572000000000116,land_use,Land use,0,False,0.0
h1_2025_12_03,h1_2025_12_03_t00094,comment,00:57:48.495,Unknown speaker,official,20,8.564000000000306,land_use,Land use,0,False,0.028110293950474447
h1_2025_12_03,h1_2025_12_03_t00095,comment,00:57:59.080,Unknown speaker,developer,18,3.8020000000001346,land_use,Land use,0,False,0.0
h1_2025_12_03,h1_2025_12_03_t00096,comment,00:58:04.423,Unknown speaker,official,18,6.703000000000429,land_use,Land use,0,False,0.02948403123115299
h1_2025_12_03,h1_2025_12_03_t00103,comment,00:58:28.073,Unknown speaker,official,19,12.48700000000008,land_use,Land use,0,False,0.006503249248916627
h1_2025_12_03,h1_2025_12_03_t00104,comment,00:58:45.661,Unknown speaker,official,32,11.143999999999778,land_use,Land use,0,False,0.0
h1_2025_12_03,h1_2025_12_03_t00105,comment,00:58:58.047,Unknown speaker,developer,199,71.346,land_use,Land use,0,False,0.0
h1_2025_12_03,h1_2025_12_03_t00107,comment,01:00:14.270,Unknown speaker,developer,48,17.690999999999804,land_use,Land use,0,False,0.014799757678530073
h1_2025_12_03,h1_2025_12_03_t00111,comment,01:00:52.184,Unknown speaker,official,49,15.084999999999582,land_use,Land use,0,False,0.0
h1_2025_12_03,h1_2025_12_03_t00112,comment,01:01:08.148,Unknown speaker,developer,268,86.94499999999971,land_use,Land use,0,False,0.0
h1_2025_12_03,h1_2025_12_03_t00115,comment,01:02:58.546,Unknown speaker,official,162,52.345000000000255,land_use,Land use,1,True,0.016357381261667202
h1_2025_12_03,h1_2025_12_03_t00116,comment,01:03:53.913,Unknown speaker,developer,76,26.235000000000127,land_use,Land use,0,False,0.0
h1_2025_12_03,h1_2025_12_03_t00117,comment,01:04:20.608,Unknown speaker,official,51,14.94399999999996,land_use,Land use,0,False,0.0
h1_2025_12_03,h1_2025_12_03_t00119,comment,01:04:53.297,Unknown speaker,official,59,17.126999999999953,land_use,Land use,0,False,0.0
h1_2025_12_03,h1_2025_12_03_t00120,comment,01:05:12.026,Unknown speaker,public,155,46.008000000000266,land_use,Land use,0,False,0.017272768123441112
h1_2025_12_03,h1_2025_12_03_t00121,comment,01:06:01.281,Unknown speaker,official,73,26.02500000000009,land_use,Land use,0,False,0.0
h1_2025_12_03,h1_2025_12_03_t00122,comment,01:06:27.727,Unknown speaker,public,103,35.846000000000004,land_use,Land use,0,False,0.0025214444075617477
h1_2025_12_03,h1_2025_12_03_t00123,comment,01:07:03.713,Unknown speaker,official,18,5.3419999999996435,land_use,Land use,0,False,0.0
h1_2025_12_03,h1_2025_12_03_t00124,comment,01:07:12.476,Unknown speaker,official,314,103.20800000000008,land_use,Land use,2,True,0.007923311573481981
h1_2025_12_03,h1_2025_12_03_t00125,comment,01:08:57.705,Unknown speaker,official,18,4.8419999999996435,land_use,Land use,0,False,0.0
h1_2025_12_03,h1_2025_12_03_t00128,comment,01:09:05.608,Unknown speaker,official,21,8.804000000000087,land_use,Land use,0,False,0.0
h1_2025_12_03,h1_2025_12_03_t00131,comment,01:09:21.783,Unknown speaker,official,19,5.0239999999994325,land_use,Land use,0,False,0.0
h1_2025_12_03,h1_2025_12_03_t00132,comment,01:09:27.608,Unknown speaker,official,49,15.992999999999483,land_use,Land use,0,False,0.0
h1_2025_12_03,h1_2025_12_03_t00135,comment,01:09:50.018,Unknown speaker,official,60,17.54399999999987,land_use,Land use,0,False,0.0
h1_2025_12_03,h1_2025_12_03_t00136,comment,01:10:07.742,Unknown speaker,developer,70,22.425999999999476,land_use,Land use,0,False,0.0
h1_2025_12_03,h1_2025_12_03_t00139,comment,01:10:40.610,Unknown speaker,official,31,14.639000000000124,land_use,Land use,0,False,0.0
h1_2025_12_03,h1_2025_12_03_t00140,comment,01:10:58.312,Unknown speaker,official,22,11.488000000000284,land_use,Land use,0,False,0.0
h1_2025_12_03,h1_2025_12_03_t00141,comment,01:11:12.082,Unknown speaker,official,408,164.66799999999967,land_use,Land use,0,False,0.003233748779595211
h1_2025_12_03,h1_2025_12_03_t00142,comment,01:14:02.713,Unknown speaker,official,364,118.8710000000001,land_use,Land use,0,False,0.006442355321512297
h1_2025_12_03,h1_2025_12_03_t00144,comment,01:16:02.985,Unknown speaker,official,26,10.677999999999884,land_use,Land use,0,False,0.0
h1_2025_12_03,h1_2025_12_03_t00146,comment,01:16:16.785,Unknown speaker,official,31,8.404999999999745,land_use,Land use,0,False,0.0
h1_2025_12_03,h1_2025_12_03_t00148,comment,01:17:15.471,Unknown speaker,official,49,13.82800000000043,land_use,Land use,0,False,0.0
h1_2025_12_03,h1_2025_12_03_t00152,comment,01:18:40.363,Unknown speaker,public,99,29.721999999999753,land_use,Land use,0,False,0.0027677943088673003
h1_2025_12_03,h1_2025_12_03_t00153,comment,01:19:18.370,Unknown speaker,public,46,12.306999999999789,land_use,Land use,0,False,0.0
h1_2025_12_03,h1_2025_12_03_t00154,comment,01:19:41.797,Unknown speaker,public,306,110.47900000000027,land_use,Land use,1,True,0.005375053984864385
h1_2025_12_03,h1_2025_12_03_t00155,comment,01:21:37.955,Unknown speaker,public,196,75.75,land_use,Land use,2,True,0.007966520060007476
h1_2025_12_03,h1_2025_12_03_t00156,comment,01:23:01.011,Unknown speaker,public,558,212.52199999999993,land_use,Land use,1,True,0.01308338537596352
h1_2025_12_03,h1_2025_12_03_t00157,comment,01:26:42.316,Unknown speaker,public,81,29.93199999999979,land_use,Land use,0,False,0.0
h1_2025_12_03,h1_2025_12_03_t00158,comment,01:27:16.117,Unknown speaker,public,87,35.15700000000015,land_use,Land use,0,False,0.009915573881215282
h1_2025_12_03,h1_2025_12_03_t00159,comment,01:27:58.241,Unknown speaker,public,252,99.33700000000044,land_use,Land use,0,False,0.012407813467149795
h1_2025_12_03,h1_2025_12_03_t00160,comment,01:29:46.419,Unknown speaker,public,283,95.46399999999994,land_use,Land use,0,False,0.0
h1_2025_12_03,h1_2025_12_03_t00161,comment,01:31:25.306,Unknown speaker,public,19,5.926000000000386,land_use,Land use,0,False,0.0
h1_2025_12_03,h1_2025_12_03_t00162,comment,01:31:38.543,Unknown speaker,public,37,13.631000000000313,land_use,Land use,0,False,0.0
h1_2025_12_03,h1_2025_12_03_t00163,comment,01:32:00.200,Unknown speaker,public,55,20.67200000000048,land_use,Land use,0,False,0.0
h1_2025_12_03,h1_2025_12_03_t00165,comment,01:32:37.707,Unknown speaker,public,134,51.826999999999316,land_use,Land use,0,False,0.0
h1_2025_12_03,h1_2025_12_03_t00166,comment,01:33:34.077,Unknown speaker,public,153,74.8710000000001,land_use,Land use,0,False,0.0
h1_2025_12_03,h1_2025_12_03_t00167,comment,01:34:53.908,Unknown speaker,public,261,103.8149999999996,land_use,Land use,1,True,0.014671110715661488
h1_2025_12_03,h1_2025_12_03_t00168,comment,01:36:41.504,Unknown speaker,public,487,232.0659999999998,land_use,Land use,1,True,0.012664226998307692
h1_2025_12_03,h1_2025_12_03_t00169,comment,01:40:38.152,Unknown speaker,public,98,51.19800000000032,land_use,Land use,1,True,0.013248634505748258
h1_2025_12_03,h1_2025_12_03_t00170,comment,01:41:32.597,Unknown speaker,public,332,138.4930000000004,land_use,Land use,0,False,0.0
h1_2025_12_03,h1_2025_12_03_t00172,comment,01:43:54.812,Unknown speaker,public,161,61.850000000000364,land_use,Land use,1,True,0.009760229910436857
h1_2025_12_03,h1_2025_12_03_t00173,comment,01:45:00.618,Unknown speaker,public,187,71.53699999999935,land_use,Land use,0,False,0.011707601480089277
h1_2025_12_03,h1_2025_12_03_t00174,comment,01:46:24.416,Unknown speaker,public,343,111.5590000000002,land_use,Land use,3,True,0.031010458188250555
h1_2025_12_03,h1_2025_12_03_t00175,comment,01:48:24.482,Unknown speaker,official,109,49.39300000000003,land_use,Land use,0,False,0.005823925340809785
h1_2025_12_03,h1_2025_12_03_t00176,comment,01:49:20.628,Unknown speaker,official,201,80.82600000000002,land_use,Land use,0,False,0.0
h1_2025_12_03,h1_2025_12_03_t00177,comment,01:50:41.654,Unknown speaker,official,27,10.695999999999913,land_use,Land use,0,False,0.0
h1_2025_12_03,h1_2025_12_03_t00185,comment,01:52:36.715,Unknown speaker,official,25,11.590000000000146,land_use,Land use,0,False,0.0060329604460367964
h1_2025_12_03,h1_2025_12_03_t00190,comment,01:53:01.555,Unknown speaker,official,74,28.305999999999585,land_use,Land use,1,True,0.01884638976286131
h1_2025_12_03,h1_2025_12_03_t00191,comment,01:53:30.622,Unknown speaker,public,106,29.59099999999944,land_use,Land use,0,False,0.0
h1_2025_12_03,h1_2025_12_03_t00192,comment,01:54:00.592,Unknown speaker,official,162,61.44000000000051,land_use,Land use,0,False,0.0
h1_2025_12_03,h1_2025_12_03_t00193,comment,01:55:03.472,Unknown speaker,public,41,19.54399999999987,land_use,Land use,0,False,0.0
h1_2025_12_03,h1_2025_12_03_t00194,comment,01:55:29.248,Unknown speaker,public,88,27.347999999999956,land_use,Land use,0,False,0.0
h1_2025_12_03,h1_2025_12_03_t00195,comment,01:55:59.386,Unknown speaker,public,69,21.14799999999923,land_use,Land use,0,False,0.0
h1_2025_12_03,h1_2025_12_03_t00198,comment,01:56:34.759,Unknown speaker,official,57,19.01000000000022,land_use,Land use,1,True,0.01986840510360507
h1_2025_12_03,h1_2025_12_03_t00200,comment,01:56:56.668,Unknown speaker,public,116,45.98000000000047,land_use,Land use,0,False,0.0
h1_2025_12_03,h1_2025_12_03_t00202,comment,01:57:47.329,Unknown speaker,official,19,6.082000000000335,land_use,Land use,0,False,0.006873684001547784
h1_2025_12_03,h1_2025_12_03_t00203,comment,01:57:56.748,Unknown speaker,official,18,4.863000000000284,land_use,Land use,0,False,0.0
h1_2025_12_03,h1_2025_12_03_t00205,comment,01:58:05.254,Unknown speaker,official,22,10.886999999999716,land_use,Land use,0,False,0.0
h1_2025_12_03,h1_2025_12_03_t00206,comment,01:58:18.202,Unknown speaker,public,22,10.20299999999952,land_use,Land use,0,False,0.0
h1_2025_12_03,h1_2025_12_03_t00210,comment,01:58:42.514,Unknown speaker,public,47,14.963999999999942,land_use,Land use,0,False,0.0
h1_2025_12_03,h1_2025_12_03_t00211,comment,01:58:58.418,Unknown speaker,official,27,9.846000000000458,land_use,Land use,0,False,0.0
h1_2025_12_03,h1_2025_12_03_t00212,comment,01:59:09.284,Unknown speaker,public,21,6.444000000000415,land_use,Land use,0,False,0.0
h1_2025_12_03,h1_2025_12_03_t00214,comment,01:59:21.152,Unknown speaker,public,41,18.853000000000065,land_use,Land use,0,False,0.0
h1_2025_12_03,h1_2025_12_03_t00216,comment,01:59:42.847,Unknown speaker,official,28,14.083000000000538,land_use,Land use,0,False,0.0
h1_2025_12_03,h1_2025_12_03_t00220,comment,02:00:09.900,Unknown speaker,official,252,87.60400000000027,land_use,Land use,3,True,0.010215232273253355
h1_2025_12_03,h1_2025_12_03_t00223,comment,02:01:41.682,Unknown speaker,public,18,5.525000000000546,land_use,Land use,0,False,0.0
h1_2025_12_03,h1_2025_12_03_t00227,comment,02:01:59.276,Unknown speaker,official,22,3.7830000000003565,land_use,Land use,0,False,0.0
h1_2025_12_03,h1_2025_12_03_t00228,comment,02:02:03.119,Unknown speaker,public,152,53.35400000000027,land_use,Land use,1,True,0.00657436229113198
h1_2025_12_03,h1_2025_12_03_t00230,comment,02:02:58.213,Unknown speaker,public,43,14.076000000000022,land_use,Land use,0,False,0.0
h1_2025_12_03,h1_2025_12_03_t00231,comment,02:03:12.309,Unknown speaker,official,32,7.645999999999731,land_use,Land use,0,False,0.0
h1_2025_12_03,h1_2025_12_03_t00232,comment,02:03:20.295,Unknown speaker,public,61,18.960000000000036,land_use,Land use,0,False,0.0
h1_2025_12_03,h1_2025_12_03_t00233,comment,02:03:39.275,Unknown speaker,official,66,25.10699999999997,land_use,Land use,1,True,0.010673772649040963
h1_2025_12_03,h1_2025_12_03_t00235,comment,02:04:12.726,Unknown speaker,official,19,6.983000000000175,land_use,Land use,0,False,0.0
h1_2025_12_03,h1_2025_12_03_t00238,comment,02:04:28.213,Unknown speaker,official,32,22.105000000000473,land_use,Land use,0,False,0.004513534148075244
h1_2025_12_03,h1_2025_12_03_t00239,comment,02:04:56.046,Unknown speaker,official,21,6.184999999999491,land_use,Land use,0,False,0.0
h1_2025_12_03,h1_2025_12_03_t00244,comment,02:05:15.741,Unknown speaker,official,28,14.041000000000167,land_use,Land use,0,False,0.0
h1_2025_12_03,h1_2025_12_03_t00246,comment,02:05:48.647,Unknown speaker,official,417,124.26699999999983,land_use,Land use,0,False,0.0023116251722234875
h1_2025_12_03,h1_2025_12_03_t00247,comment,02:07:54.235,Unknown speaker,public,22,6.927000000000589,land_use,Land use,0,False,0.02029694143052428
h1_2025_12_03,h1_2025_12_03_t00248,comment,02:08:01.957,Unknown speaker,official,353,100.3149999999996,land_use,Land use,0,False,0.0
h1_2025_12_03,h1_2025_12_03_t00251,comment,02:09:53.807,Unknown speaker,official,20,7.655000000000655,land_use,Land use,0,False,0.0
h1_2025_12_03,h1_2025_12_03_t00252,comment,02:10:01.502,Unknown speaker,public,361,113.3189999999995,land_use,Land use,0,False,0.022934019701470743
h1_2025_12_03,h1_2025_12_03_t00255,comment,02:11:57.903,Unknown speaker,official,24,6.824999999999818,land_use,Land use,0,False,0.006672714747516005
h1_2025_12_03,h1_2025_12_03_t00261,comment,02:12:18.265,Unknown speaker,public,270,79.59299999999985,land_use,Land use,0,False,0.018772617781726883
h1_2025_12_03,h1_2025_12_03_t00263,comment,02:13:42.609,Unknown speaker,official,237,84.20599999999922,land_use,Land use,0,False,0.0
h1_2025_12_03,h1_2025_12_03_t00264,comment,02:15:07.555,Unknown speaker,public,51,23.456999999999425,land_use,Land use,0,False,0.0
h1_2025_12_03,h1_2025_12_03_t00265,comment,02:15:31.452,Unknown speaker,public,194,66.26600000000053,land_use,Land use,0,False,0.013667712424215711
h1_2025_12_03,h1_2025_12_03_t00266,comment,02:16:38.759,Unknown speaker,official,37,12.647999999999229,land_use,Land use,0,False,0.0
h1_2025_12_03,h1_2025_12_03_t00268,comment,02:16:53.488,Unknown speaker,official,57,20.8020000000015,land_use,Land use,0,False,0.0
h1_2025_12_03,h1_2025_12_03_t00269,comment,02:17:17.372,Unknown speaker,official,55,18.153000000000247,land_use,Land use,0,False,0.0
h1_2025_12_03,h1_2025_12_03_t00270,comment,02:17:37.322,Unknown speaker,public,127,36.80400000000009,land_use,Land use,0,False,0.0
h1_2025_12_03,h1_2025_12_03_t00273,comment,02:18:17.849,Unknown speaker,official,29,8.0049999999992,land_use,Land use,0,False,0.005982376657350977
h1_2025_12_03,h1_2025_12_03_t00275,comment,02:18:26.891,Unknown speaker,official,142,47.452000000001135,land_use,Land use,0,False,0.0
h1_2025_12_03,h1_2025_12_03_t00277,comment,02:19:21.536,Unknown speaker,staff,141,53.64400000000023,land_use,Land use,2,True,0.023598698752890838
h1_2025_12_03,h1_2025_12_03_t00278,comment,02:20:18.741,Unknown speaker,staff,112,47.638999999999214,land_use,Land use,0,False,0.0
h1_2025_12_03,h1_2025_12_03_t00281,comment,02:21:09.237,Unknown speaker,staff,22,7.483000000000175,land_use,Land use,0,False,0.0
h1_2025_12_03,h1_2025_12_03_t00282,comment,02:21:19.861,Unknown speaker,staff,20,5.34099999999853,land_use,Land use,0,False,0.0
h1_2025_12_03,h1_2025_12_03_t00283,comment,02:21:34.898,Unknown speaker,staff,117,51.699000000000524,land_use,Land use,0,False,0.0
h1_2025_12_03,h1_2025_12_03_t00284,comment,02:22:34.085,Unknown speaker,staff,241,115.44000000000051,land_use,Land use,0,False,0.013139282931455628
h1_2025_12_03,h1_2025_12_03_t00286,comment,02:24:40.305,Unknown speaker,official,33,9.066999999999098,land_use,Land use,0,False,0.005681357155495739
h1_2025_12_03,h1_2025_12_03_t00287,comment,02:24:52.095,Unknown speaker,staff,471,210.58300000000054,land_use,Land use,13,True,0.05298371625984612
h1_2025_12_03,h1_2025_12_03_t00288,comment,02:28:25.720,Unknown speaker,staff,124,47.85200000000077,land_use,Land use,4,True,0.027720022940649326
h1_2025_12_03,h1_2025_12_03_t00289,comment,02:29:16.689,Unknown speaker,staff,25,12.265999999999622,land_use,Land use,0,False,0.0
h1_2025_12_03,h1_2025_12_03_t00297,comment,02:30:12.103,Unknown speaker,consultant,32,15.031000000000859,land_use,Land use,0,False,0.0
h1_2025_12_03,h1_2025_12_03_t00298,comment,02:30:30.295,Unknown speaker,consultant,598,218.59900000000016,land_use,Land use,0,False,0.005064898770840704
h1_2025_12_03,h1_2025_12_03_t00300,comment,02:34:12.775,Unknown speaker,consultant,607,210.19900000000052,land_use,Land use,0,False,0.0
h1_2025_12_03,h1_2025_12_03_t00301,comment,02:37:47.512,Unknown speaker,consultant,775,290.66399999999885,land_use,Land use,0,False,0.007768029665003453
h1_2025_12_03,h1_2025_12_03_t00303,comment,02:42:39.237,Unknown speaker,consultant,380,126.00300000000061,land_use,Land use,0,False,0.0
h1_2025_12_03,h1_2025_12_03_t00305,comment,02:44:46.400,Unknown speaker,consultant,532,183.47400000000016,land_use,Land use,0,False,0.006889065906305361
h1_2025_12_03,h1_2025_12_03_t00306,comment,02:47:49.914,Unknown speaker,official,81,28.02599999999984,land_use,Land use,0,False,0.0031316121329788083
h1_2025_12_03,h1_2025_12_03_t00307,comment,02:48:18.709,Unknown speaker,unknown,114,28.9479999999985,land_use,Land use,0,False,0.0
h1_2025_12_03,h1_2025_12_03_t00308,comment,02:48:48.247,Unknown speaker,official,108,41.73999999999978,land_use,Land use,0,False,0.005150269635422244
h1_2025_12_03,h1_2025_12_03_t00309,comment,02:49:33.028,Unknown speaker,official,20,9.16399999999885,land_use,Land use,0,False,0.0
h1_2025_12_03,h1_2025_12_03_t00311,comment,02:49:46.417,Unknown speaker,official,78,39.70800000000054,land_use,Land use,0,False,0.0
h1_2025_12_03,h1_2025_12_03_t00313,comment,02:50:27.825,Unknown speaker,official,30,14.167999999999665,land_use,Land use,0,False,0.0
h1_2025_12_03,h1_2025_12_03_t00314,comment,02:50:44.580,Unknown speaker,staff,212,98.42900000000009,land_use,Land use,0,False,0.0
h1_2025_12_03,h1_2025_12_03_t00315,comment,02:52:23.249,Unknown speaker,official,77,31.99699999999939,land_use,Land use,0,False,0.0
h1_2025_12_03,h1_2025_12_03_t00318,comment,02:53:04.913,Unknown speaker,staff,66,27.462999999999738,land_use,Land use,0,False,0.0
h1_2025_12_03,h1_2025_12_03_t00321,comment,02:53:45.206,Unknown speaker,staff,91,36.55799999999908,land_use,Land use,0,False,0.0
h1_2025_12_03,h1_2025_12_03_t00326,comment,02:54:35.691,Unknown speaker,official,28,6.222999999999956,land_use,Land use,0,False,0.0
h1_2025_12_03,h1_2025_12_03_t00327,comment,02:54:42.414,Unknown speaker,official,26,12.417999999999665,land_use,Land use,0,False,0.004771020752770273
h1_2025_12_03,h1_2025_12_03_t00330,comment,02:55:06.161,Unknown speaker,official,105,33.48899999999958,land_use,Land use,0,False,0.006817705531035427
h1_2025_12_03,h1_2025_12_03_t00331,comment,02:55:39.670,Unknown speaker,staff,26,11.962999999999738,land_use,Land use,0,False,0.0
h1_2025_12_03,h1_2025_12_03_t00334,comment,02:56:04.983,Unknown speaker,official,139,54.615999999999985,land_use,Land use,0,False,0.0
h1_2025_12_03,h1_2025_12_03_t00335,comment,02:56:59.759,Unknown speaker,consultant,20,4.743000000000393,land_use,Land use,0,False,0.0
h1_2025_12_03,h1_2025_12_03_t00338,comment,02:57:13.788,Unknown speaker,official,20,5.502999999998792,land_use,Land use,0,False,0.0
h1_2025_12_03,h1_2025_12_03_t00339,comment,02:57:19.731,Unknown speaker,consultant,18,8.585000000000946,land_use,Land use,0,False,0.0
h1_2025_12_03,h1_2025_12_03_t00341,comment,02:57:35.020,Unknown speaker,consultant,337,131.6279999999988,land_use,Land use,0,False,0.0
h1_2025_12_03,h1_2025_12_03_t00342,comment,02:59:46.668,Unknown speaker,official,56,22.02100000000064,land_use,Land use,0,False,0.0
h1_2025_12_03,h1_2025_12_03_t00343,comment,03:00:09.710,Unknown speaker,consultant,122,39.27000000000044,land_use,Land use,0,False,0.007303627626975872
h1_2025_12_03,h1_2025_12_03_t00344,comment,03:00:49.000,Unknown speaker,official,57,17.222999999999956,land_use,Land use,0,False,0.0
h1_2025_12_03,h1_2025_12_03_t00345,comment,03:01:07.363,Unknown speaker,consultant,71,21.394000000000233,land_use,Land use,0,False,0.0
h1_2025_12_03,h1_2025_12_03_t00348,comment,03:01:43.332,Unknown speaker,official,74,35.02000000000044,land_use,Land use,4,True,0.06309981876911956
h1_2025_12_03,h1_2025_12_03_t00349,comment,03:02:19.298,Unknown speaker,staff,193,64.02899999999863,land_use,Land use,3,True,0.030220438908038872
h1_2025_12_03,h1_2025_12_03_t00350,comment,03:03:23.647,Unknown speaker,official,27,14.766999999999825,land_use,Land use,1,True,0.022740343152987123
h1_2025_12_03,h1_2025_12_03_t00351,comment,03:03:39.434,Unknown speaker,staff,62,18.585000000000946,land_use,Land use,1,True,0.017596646025467795
h1_2025_12_03,h1_2025_12_03_t00352,comment,03:03:58.399,Unknown speaker,official,22,6.023000000001048,land_use,Land use,1,True,0.035898734330784166
h1_2025_12_03,h1_2025_12_03_t00359,comment,03:04:22.820,Unknown speaker,official,53,23.971999999999753,land_use,Land use,0,False,0.0
h1_2025_12_03,h1_2025_12_03_t00361,comment,03:04:51.313,Unknown speaker,official,64,24.913000000000466,land_use,Land use,0,False,0.0
h1_2025_12_03,h1_2025_12_03_t00362,comment,03:05:16.466,Unknown speaker,consultant,60,20.41899999999987,land_use,Land use,0,False,0.0
h1_2025_12_03,h1_2025_12_03_t00366,comment,03:05:45.281,Unknown speaker,consultant,26,9.02599999999984,land_use,Land use,0,False,0.0
h1_2025_12_03,h1_2025_12_03_t00367,comment,03:05:54.707,Unknown speaker,official,140,58.11800000000039,land_use,Land use,0,False,0.0
h1_2025_12_03,h1_2025_12_03_t00368,comment,03:06:53.445,Unknown speaker,consultant,410,153.02900000000045,land_use,Land use,0,False,0.0
h1_2025_12_03,h1_2025_12_03_t00369,comment,03:09:26.594,Unknown speaker,official,59,17.10699999999997,land_use,Land use,0,False,0.0
h1_2025_12_03,h1_2025_12_03_t00372,comment,03:10:28.331,Unknown speaker,official,50,13.825000000000728,land_use,Land use,0,False,0.007388699618145132
h1_2025_12_03,h1_2025_12_03_t00373,comment,03:10:47.359,Unknown speaker,official,22,6.403000000000247,land_use,Land use,0,False,0.0066436427903652775
h1_2025_12_03,h1_2025_12_03_t00375,comment,03:11:46.983,Unknown speaker,official,18,9.604999999999563,land_use,Land use,0,False,0.0
h1_2025_12_03,h1_2025_12_03_t00378,comment,03:12:00.191,Unknown speaker,unknown,513,193.80099999999948,land_use,Land use,0,False,0.0
h1_2025_12_03,h1_2025_12_03_t00383,comment,03:16:06.004,Unknown speaker,public,185,65.33699999999953,land_use,Land use,0,False,0.0
h1_2025_12_03,h1_2025_12_03_t00386,comment,03:17:31.262,Unknown speaker,public,389,127.04399999999987,land_use,Land use,0,False,0.008432815041070553
h1_2025_12_03,h1_2025_12_03_t00392,comment,03:20:49.879,Unknown speaker,official,101,46.93499999999949,land_use,Land use,0,False,0.0
h1_2025_12_03,h1_2025_12_03_t00393,comment,03:21:37.214,Unknown speaker,developer,51,20.046000000000276,land_use,Land use,0,False,0.0
h1_2025_12_03,h1_2025_12_03_t00394,comment,03:21:57.280,Unknown speaker,official,60,30.307999999999083,land_use,Land use,0,False,0.0
h1_2025_12_03,h1_2025_12_03_t00395,comment,03:22:27.868,Unknown speaker,developer,70,24.066999999999098,land_use,Land use,0,False,0.0
h1_2025_12_03,h1_2025_12_03_t00397,comment,03:22:53.277,Unknown speaker,developer,19,4.962999999999738,land_use,Land use,0,False,0.03208269003043121
h1_2025_12_03,h1_2025_12_03_t00398,comment,03:22:58.261,Unknown speaker,official,183,56.23400000000038,land_use,Land use,0,False,0.0
h1_2025_12_03,h1_2025_12_03_t00399,comment,03:23:55.744,Unknown speaker,developer,100,27.995999999999185,land_use,Land use,0,False,0.002826177237648983
h1_2025_12_03,h1_2025_12_03_t00400,comment,03:24:24.260,Unknown speaker,official,54,20.050999999999476,land_use,Land use,0,False,0.0
h1_2025_12_03,h1_2025_12_03_t00404,comment,03:25:06.229,Unknown speaker,official,147,53.71600000000035,land_use,Land use,0,False,0.004023003779529988
h1_2025_12_03,h1_2025_12_03_t00406,comment,03:26:11.069,Unknown speaker,official,121,43.65099999999984,land_use,Land use,0,False,0.004077768438618237
h1_2025_12_03,h1_2025_12_03_t00408,comment,03:26:59.193,Unknown speaker,official,40,12.268000000000029,land_use,Land use,0,False,0.0
h1_2025_12_03,h1_2025_12_03_t00410,comment,03:27:21.227,Unknown speaker,official,46,17.282999999999447,land_use,Land use,0,False,0.0
h1_2025_12_03,h1_2025_12_03_t00412,comment,03:27:41.072,Unknown speaker,official,81,39.215000000000146,land_use,Land use,0,False,0.0
h1_2025_12_03,h1_2025_12_03_t00413,comment,03:28:22.826,Unknown speaker,developer,34,14.911000000000058,land_use,Land use,0,False,0.0
h1_2025_12_03,h1_2025_12_03_t00414,comment,03:28:37.757,Unknown speaker,developer,125,54.54500000000007,land_use,Land use,0,False,0.0
h1_2025_12_03,h1_2025_12_03_t00415,comment,03:29:32.785,Unknown speaker,official,30,13.668999999999869,land_use,Land use,0,False,0.0
h1_2025_12_03,h1_2025_12_03_t00416,comment,03:29:46.474,Unknown speaker,developer,50,19.674999999999272,land_use,Land use,0,False,0.0
h1_2025_12_03,h1_2025_12_03_t00418,comment,03:30:12.153,Unknown speaker,developer,48,17.064000000000306,land_use,Land use,0,False,0.0
h1_2025_12_03,h1_2025_12_03_t00419,comment,03:30:29.237,Unknown speaker,official,27,8.782000000001062,land_use,Land use,0,False,0.0
h1_2025_12_03,h1_2025_12_03_t00420,comment,03:30:40.060,Unknown speaker,developer,30,9.125,land_use,Land use,0,False,0.0
h1_2025_12_03,h1_2025_12_03_t00421,comment,03:30:49.905,Unknown speaker,official,109,43.862999999999374,land_use,Land use,0,False,0.00280332104137331
h1_2025_12_03,h1_2025_12_03_t00422,comment,03:31:42.322,Unknown speaker,public,294,107.9989999999998,land_use,Land use,0,False,0.0
h1_2025_12_03,h1_2025_12_03_t00425,comment,03:33:42.785,Unknown speaker,official,54,17.82600000000093,land_use,Land use,0,False,0.0
h1_2025_12_03,h1_2025_12_03_t00426,comment,03:34:00.651,Unknown speaker,developer,23,7.143000000000029,land_use,Land use,0,False,0.0
h1_2025_12_03,h1_2025_12_03_t00431,comment,03:34:34.392,Unknown speaker,public,627,186.8099999999995,land_use,Land use,0,False,0.00787631846995408
h1_2025_12_03,h1_2025_12_03_t00435,comment,03:38:10.771,Unknown speaker,public,438,162.40200000000004,land_use,Land use,0,False,0.009910783416170807
h1_2025_12_03,h1_2025_12_03_t00438,comment,03:41:08.792,Unknown speaker,official,34,15.713999999999942,land_use,Land use,0,False,0.0
h1_2025_12_03,h1_2025_12_03_t00439,comment,03:41:28.451,Unknown speaker,developer,44,17.355000000001382,land_use,Land use,0,False,0.0
h1_2025_12_03,h1_2025_12_03_t00440,comment,03:41:47.047,Unknown speaker,official,25,9.028000000000247,land_use,Land use,0,False,0.0
h1_2025_12_03,h1_2025_12_03_t00442,comment,03:42:05.138,Unknown speaker,official,40,17.531999999999243,land_use,Land use,0,False,0.0
h1_2025_12_03,h1_2025_12_03_t00443,comment,03:42:24.871,Unknown speaker,developer,57,21.822000000000116,land_use,Land use,0,False,0.0
h1_2025_12_03,h1_2025_12_03_t00444,comment,03:42:52.558,Unknown speaker,official,81,29.738999999999578,land_use,Land use,0,False,0.0
h1_2025_12_03,h1_2025_12_03_t00445,comment,03:43:23.057,Unknown speaker,official,25,12.682999999999083,land_use,Land use,0,False,0.0
h1_2025_12_03,h1_2025_12_03_t00449,comment,03:43:44.222,Unknown speaker,official,20,7.541000000001077,land_use,Land use,0,False,0.007665265784967779
h1_2025_12_03,h1_2025_12_03_t00453,comment,03:44:05.656,Unknown speaker,public,595,188.4399999999987,land_use,Land use,1,True,0.010942321169337898
h1_2025_12_03,h1_2025_12_03_t00457,comment,03:47:25.241,Unknown speaker,official,24,7.543999999999869,land_use,Land use,0,False,0.0065181318106223175
h1_2025_12_03,h1_2025_12_03_t00459,comment,03:48:00.917,Unknown speaker,public,480,154.53100000000086,land_use,Land use,0,False,0.00204093710248591
h1_2025_12_03,h1_2025_12_03_t00461,comment,03:50:48.656,Unknown speaker,official,32,30.894999999998618,land_use,Land use,0,False,0.0
h1_2025_12_03,h1_2025_12_03_t00462,comment,03:51:25.678,Unknown speaker,public,78,25.391999999999825,land_use,Land use,0,False,0.003081370697700169
h1_2025_12_03,h1_2025_12_03_t00464,comment,03:51:55.905,Unknown speaker,public,391,122.66399999999885,land_use,Land use,0,False,0.0171616687639591
h1_2025_12_03,h1_2025_12_03_t00468,comment,03:54:18.801,Unknown speaker,official,73,30.632000000001426,land_use,Land use,3,True,0.041898804315259865
h1_2025_12_03,h1_2025_12_03_t00469,comment,03:54:52.615,Unknown speaker,official,216,92.44000000000051,land_use,Land use,1,True,0.019855933676720918
h1_2025_12_03,h1_2025_12_03_t00470,comment,03:56:25.875,Unknown speaker,developer,111,35.2549999999992,land_use,Land use,1,True,0.011241051838431524
h1_2025_12_03,h1_2025_12_03_t00471,comment,03:57:01.565,Unknown speaker,official,109,40.052999999999884,land_use,Land use,0,False,0.015036814989974738
h1_2025_12_03,h1_2025_12_03_t00472,comment,03:57:41.958,Unknown speaker,developer,391,115.35399999999936,land_use,Land use,0,False,0.0
h1_2025_12_03,h1_2025_12_03_t00473,comment,03:59:37.832,Unknown speaker,official,44,17.93499999999949,land_use,Land use,0,False,0.0
h1_2025_12_03,h1_2025_12_03_t00474,comment,03:59:56.528,Unknown speaker,developer,170,57.065999999998894,land_use,Land use,0,False,0.0
h1_2025_12_03,h1_2025_12_03_t00475,comment,04:00:54.395,Unknown speaker,official,60,21.610999999998967,land_use,Land use,0,False,0.006394300619504799
h1_2025_12_03,h1_2025_12_03_t00476,comment,04:01:19.133,Unknown speaker,official,77,30.550999999999476,land_use,Land use,0,False,0.0
h1_2025_12_03,h1_2025_12_03_t00477,comment,04:01:50.344,Unknown speaker,official,22,10.743000000000393,land_use,Land use,0,False,0.007048747727698263
h1_2025_12_03,h1_2025_12_03_t00479,comment,04:02:05.389,Unknown speaker,official,44,19.53900000000067,land_use,Land use,0,False,0.004564231063458378
h1_2025_12_03,h1_2025_12_03_t00482,comment,04:02:39.710,Unknown speaker,public,453,125.11599999999999,land_use,Land use,0,False,0.0
h1_2025_12_03,h1_2025_12_03_t00485,comment,04:05:17.484,Unknown speaker,public,26,16.549999999999272,land_use,Land use,0,False,0.0
h1_2025_12_03,h1_2025_12_03_t00486,comment,04:05:45.966,Unknown speaker,public,63,17.495999999999185,land_use,Land use,0,False,0.00825936497793826
h1_2025_12_03,h1_2025_12_03_t00488,comment,04:06:12.598,Unknown speaker,public,181,87.03900000000067,land_use,Land use,0,False,0.0
h1_2025_12_03,h1_2025_12_03_t00492,comment,04:08:08.178,Unknown speaker,official,114,45.42200000000048,land_use,Land use,1,True,0.013720989247469844
h1_2025_12_03,h1_2025_12_03_t00493,comment,04:08:53.997,Unknown speaker,developer,207,71.6200000000008,land_use,Land use,2,True,0.016506146774866497
h1_2025_12_03,h1_2025_12_03_t00498,comment,04:11:04.352,Unknown speaker,public,394,165.39699999999903,land_use,Land use,0,False,0.008090879573218164
h1_2025_12_03,h1_2025_12_03_t00503,comment,04:14:27.511,Unknown speaker,public,347,154.72899999999936,land_use,Land use,0,False,0.007748802685333013
h1_2025_12_03,h1_2025_12_03_t00504,comment,04:17:05.289,Unknown speaker,public,95,34.22599999999875,land_use,Land use,0,False,0.0
h1_2025_12_03,h1_2025_12_03_t00506,comment,04:17:41.796,Unknown speaker,public,21,9.324999999998909,land_use,Land use,0,False,0.0
h1_2025_12_03,h1_2025_12_03_t00512,comment,04:18:21.087,Unknown speaker,official,67,26.298000000000684,land_use,Land use,0,False,0.0
h1_2025_12_03,h1_2025_12_03_t00513,comment,04:18:49.786,Unknown speaker,consultant,127,50.04899999999907,land_use,Land use,0,False,0.0
h1_2025_12_03,h1_2025_12_03_t00517,comment,04:20:10.053,Unknown speaker,public,207,81.13400000000001,land_use,Land use,0,False,0.003353999803106556
h1_2025_12_03,h1_2025_12_03_t00518,comment,04:21:38.792,Unknown speaker,public,244,77.89600000000064,land_use,Land use,0,False,0.0
h1_2025_12_03,h1_2025_12_03_t00519,comment,04:22:59.949,Unknown speaker,public,110,38.42699999999968,land_use,Land use,0,False,0.0
h1_2025_12_03,h1_2025_12_03_t00521,comment,04:23:41.077,Unknown speaker,public,336,103.55400000000009,land_use,Land use,0,False,0.005260457842202817
h1_2025_12_03,h1_2025_12_03_t00522,comment,04:25:30.514,Unknown speaker,official,129,50.5580000000009,land_use,Land use,0,False,0.004379553584286994
h1_2025_12_03,h1_2025_12_03_t00523,comment,04:26:23.031,Unknown speaker,official,64,25.540999999999258,land_use,Land use,0,False,0.0
h1_2025_12_03,h1_2025_12_03_t00524,comment,04:26:50.842,Unknown speaker,developer,49,14.506999999999607,land_use,Land use,0,False,0.0
h1_2025_12_03,h1_2025_12_03_t00525,comment,04:27:08.710,Unknown speaker,developer,59,24.106000000001586,land_use,Land use,0,False,0.0
h1_2025_12_03,h1_2025_12_03_t00528,comment,04:27:43.189,Unknown speaker,official,70,28.11199999999917,land_use,Land use,0,False,0.0
h1_2025_12_03,h1_2025_12_03_t00529,comment,04:28:12.882,Unknown speaker,developer,100,35.486000000000786,land_use,Land use,0,False,0.0
h1_2025_12_03,h1_2025_12_03_t00530,comment,04:28:52.905,Unknown speaker,official,23,9.646999999999025,land_use,Land use,0,False,0.0055077525177128425
h1_2025_12_03,h1_2025_12_03_t00531,comment,04:29:06.515,Unknown speaker,official,52,11.708000000000538,land_use,Land use,0,False,0.0
h1_2025_12_03,h1_2025_12_03_t00532,comment,04:29:19.122,Unknown speaker,official,67,23.51300000000083,land_use,Land use,0,False,0.004543843945995301
h1_2025_12_03,h1_2025_12_03_t00533,comment,04:29:55.933,Unknown speaker,official,96,23.789999999999054,land_use,Land use,0,False,0.0030404188404391354
h1_2025_12_03,h1_2025_12_03_t00534,comment,04:30:19.983,Unknown speaker,official,64,18.88500000000022,land_use,Land use,0,False,0.008075223926544276
h1_2025_12_03,h1_2025_12_03_t00537,comment,04:30:43.454,Unknown speaker,public,74,21.754000000000815,land_use,Land use,0,False,0.0
h1_2025_12_03,h1_2025_12_03_t00538,comment,04:31:08.452,Unknown speaker,public,516,162.8720000000012,land_use,Land use,0,False,0.0
h1_2025_12_03,h1_2025_12_03_t00539,comment,04:33:55.655,Unknown speaker,public,43,13.488000000001193,land_use,Land use,0,False,0.0
h1_2025_12_03,h1_2025_12_03_t00540,comment,04:34:09.443,Unknown speaker,official,59,18.114000000001397,land_use,Land use,0,False,0.0
h1_2025_12_03,h1_2025_12_03_t00545,comment,04:34:48.586,Unknown speaker,public,225,80.22400000000198,land_use,Land use,0,False,0.005900893208232915
h1_2025_12_03,h1_2025_12_03_t00546,comment,04:36:08.830,Unknown speaker,official,29,10.568999999999505,land_use,Land use,0,False,0.006182783382325121
h1_2025_12_03,h1_2025_12_03_t00547,comment,04:36:19.599,Unknown speaker,public,168,57.21700000000055,land_use,Land use,0,False,0.0023934228489228032
h1_2025_12_03,h1_2025_12_03_t00548,comment,04:37:17.497,Unknown speaker,official,18,4.843000000000757,land_use,Land use,0,False,0.0
h1_2025_12_03,h1_2025_12_03_t00550,comment,04:37:23.061,Unknown speaker,official,39,13.309999999997672,land_use,Land use,0,False,0.00461858343576057
h1_2025_12_03,h1_2025_12_03_t00551,comment,04:37:39.034,Unknown speaker,official,23,5.564000000002125,land_use,Land use,0,False,0.0
h1_2025_12_03,h1_2025_12_03_t00553,comment,04:37:46.980,Unknown speaker,developer,201,67.63200000000143,land_use,Land use,0,False,0.0
h1_2025_12_03,h1_2025_12_03_t00554,comment,04:38:55.645,Unknown speaker,official,45,18.955999999998312,land_use,Land use,0,False,0.0
h1_2025_12_03,h1_2025_12_03_t00555,comment,04:39:14.781,Unknown speaker,developer,210,75.52700000000186,land_use,Land use,0,False,0.0
h1_2025_12_03,h1_2025_12_03_t00557,comment,04:40:41.472,Unknown speaker,official,55,21.534999999999854,land_use,Land use,0,False,0.0
h1_2025_12_03,h1_2025_12_03_t00563,comment,04:41:14.780,Unknown speaker,official,20,5.3840000000018335,land_use,Land use,0,False,0.0
h1_2025_12_03,h1_2025_12_03_t00564,comment,04:41:23.827,Unknown speaker,official,21,7.024999999997817,land_use,Land use,0,False,0.0
h1_2025_12_03,h1_2025_12_03_t00566,comment,04:44:28.206,Unknown speaker,official,32,23.51800000000003,land_use,Land use,0,False,0.006041478572537685
h1_2025_12_03,h1_2025_12_03_t00568,comment,04:45:01.564,Unknown speaker,public,415,132.34800000000178,land_use,Land use,0,False,0.0
h2_2026_03_23,h2_2026_03_23_t00001,comment,00:00:00.945,Unknown speaker,public,67,19.407,land_use,Land use,0,False,0.0
h2_2026_03_23,h2_2026_03_23_t00003,comment,00:00:29.619,Unknown speaker,official,30,6.783000000000001,land_use,Land use,0,False,0.0
h2_2026_03_23,h2_2026_03_23_t00005,comment,00:00:37.823,Unknown speaker,official,40,17.109,land_use,Land use,0,False,0.0
h2_2026_03_23,h2_2026_03_23_t00008,comment,00:01:14.507,Unknown speaker,staff,34,21.808999999999997,land_use,Land use,0,False,0.0
h2_2026_03_23,h2_2026_03_23_t00016,comment,00:01:44.715,Unknown speaker,staff,20,17.230999999999995,land_use,Land use,0,False,0.005178784705849513
h2_2026_03_23,h2_2026_03_23_t00025,comment,00:03:57.985,Unknown speaker,staff,22,13.044999999999987,land_use,Land use,0,False,0.0
h2_2026_03_23,h2_2026_03_23_t00038,comment,00:04:35.603,Unknown speaker,official,54,17.882000000000005,land_use,Land use,1,True,0.017162766153348993
h2_2026_03_23,h2_2026_03_23_t00041,comment,00:05:05.654,Unknown speaker,official,257,80.565,land_use,Land use,6,True,0.02599115709688635
h2_2026_03_23,h2_2026_03_23_t00043,comment,00:07:25.742,Unknown speaker,official,23,13.988,land_use,Land use,0,False,0.0
h2_2026_03_23,h2_2026_03_23_t00044,comment,00:07:53.333,Unknown speaker,official,65,22.984999999999957,land_use,Land use,1,True,0.024652382346216813
h2_2026_03_23,h2_2026_03_23_t00045,comment,00:08:19.765,Unknown speaker,official,201,73.79700000000003,land_use,Land use,3,True,0.020912503927261898
h2_2026_03_23,h2_2026_03_23_t00047,comment,00:11:30.417,Unknown speaker,official,187,65.553,land_use,Land use,0,False,0.015679153156881648
h2_2026_03_23,h2_2026_03_23_t00076,comment,00:14:50.074,Unknown speaker,official,29,9.605999999999995,land_use,Land use,0,False,0.004747770223543334
h2_2026_03_23,h2_2026_03_23_t00077,comment,00:15:07.426,Unknown speaker,developer,32,6.846000000000004,land_use,Land use,0,False,0.0
h2_2026_03_23,h2_2026_03_23_t00078,comment,00:15:21.198,Unknown speaker,developer,1388,451.5079999999999,land_use,Land use,9,True,0.05019474596018421
h2_2026_03_23,h2_2026_03_23_t00079,comment,00:23:06.831,Unknown speaker,developer,388,131.16600000000017,land_use,Land use,0,False,0.0
h2_2026_03_23,h2_2026_03_23_t00082,comment,00:25:32.668,Unknown speaker,official,21,8.125,land_use,Land use,0,False,0.0
h2_2026_03_23,h2_2026_03_23_t00083,comment,00:25:43.034,Unknown speaker,public,679,317.49599999999987,land_use,Land use,2,True,0.03389317087674402
h2_2026_03_23,h2_2026_03_23_t00084,comment,00:31:13.089,Unknown speaker,official,43,17.923999999999978,land_use,Land use,0,False,0.0
h2_2026_03_23,h2_2026_03_23_t00085,comment,00:31:33.554,Unknown speaker,public,696,264.3489999999997,land_use,Land use,0,False,0.007880975496015076
h2_2026_03_23,h2_2026_03_23_t00086,comment,00:36:05.439,Unknown speaker,official,22,11.62900000000036,land_use,Land use,0,False,0.0
h2_2026_03_23,h2_2026_03_23_t00087,comment,00:36:17.128,Unknown speaker,consultant,544,196.06399999999985,land_use,Land use,8,True,0.07001343290025036
h2_2026_03_23,h2_2026_03_23_t00090,comment,00:39:52.808,Unknown speaker,developer,564,225.8470000000002,land_use,Land use,0,False,0.0
h2_2026_03_23,h2_2026_03_23_t00091,comment,00:43:44.657,Unknown speaker,developer,18,4.40099999999984,land_use,Land use,0,False,0.0
h2_2026_03_23,h2_2026_03_23_t00092,comment,00:43:49.518,Unknown speaker,official,19,7.201999999999771,land_use,Land use,0,False,0.0
h2_2026_03_23,h2_2026_03_23_t00093,comment,00:44:08.182,Unknown speaker,public,204,90.89100000000008,land_use,Land use,2,True,0.05171932994216183
h2_2026_03_23,h2_2026_03_23_t00094,comment,00:45:42.797,Unknown speaker,public,251,105.60300000000007,land_use,Land use,0,False,0.0
h2_2026_03_23,h2_2026_03_23_t00095,comment,00:47:31.903,Unknown speaker,public,261,112.9050000000002,land_use,Land use,1,True,0.020081826081164416
h2_2026_03_23,h2_2026_03_23_t00096,comment,00:49:39.329,Unknown speaker,public,19,12.385999999999967,land_use,Land use,0,False,0.0
h2_2026_03_23,h2_2026_03_23_t00098,comment,00:49:54.116,Unknown speaker,public,27,8.123999999999796,land_use,Land use,0,False,0.0
h2_2026_03_23,h2_2026_03_23_t00102,comment,00:50:22.043,Unknown speaker,public,42,17.20699999999988,land_use,Land use,0,False,0.0
h2_2026_03_23,h2_2026_03_23_t00103,comment,00:50:43.231,Unknown speaker,public,354,116.6859999999997,land_use,Land use,0,False,0.0
h2_2026_03_23,h2_2026_03_23_t00104,comment,00:52:44.451,Unknown speaker,public,72,30.286000000000058,land_use,Land use,0,False,0.0
h2_2026_03_23,h2_2026_03_23_t00106,comment,00:53:28.809,Unknown speaker,public,103,36.8149999999996,land_use,Land use,0,False,0.0
h2_2026_03_23,h2_2026_03_23_t00108,comment,00:54:51.299,Unknown speaker,developer,112,37.84400000000005,land_use,Land use,0,False,0.0
h2_2026_03_23,h2_2026_03_23_t00109,comment,00:55:36.913,Unknown speaker,public,531,203.13499999999976,land_use,Land use,0,False,0.01306192475011924
h2_2026_03_23,h2_2026_03_23_t00110,comment,00:59:09.083,Unknown speaker,official,20,9.324999999999818,land_use,Land use,0,False,0.0
h2_2026_03_23,h2_2026_03_23_t00112,comment,00:59:22.791,Unknown speaker,public,192,78.27700000000004,land_use,Land use,0,False,0.0018092227339626603
h2_2026_03_23,h2_2026_03_23_t00113,comment,01:00:45.550,Unknown speaker,public,38,20.143999999999778,land_use,Land use,0,False,0.0
h2_2026_03_23,h2_2026_03_23_t00114,comment,01:01:07.516,Unknown speaker,official,29,10.88799999999992,land_use,Land use,0,False,0.0
h2_2026_03_23,h2_2026_03_23_t00115,comment,01:01:19.545,Unknown speaker,public,41,16.02500000000009,land_use,Land use,0,False,0.0
h2_2026_03_23,h2_2026_03_23_t00116,comment,01:01:47.333,Unknown speaker,public,367,129.9670000000001,land_use,Land use,0,False,0.006697977385551459
h2_2026_03_23,h2_2026_03_23_t00117,comment,01:04:05.896,Unknown speaker,developer,25,5.9669999999996435,land_use,Land use,0,False,0.0
h2_2026_03_23,h2_2026_03_23_t00119,comment,01:04:22.234,Unknown speaker,public,571,233.50199999999995,land_use,Land use,0,False,0.002488216883067383
h2_2026_03_23,h2_2026_03_23_t00120,comment,01:08:19.138,Unknown speaker,public,319,98.90599999999995,land_use,Land use,0,False,0.0
h2_2026_03_23,h2_2026_03_23_t00121,comment,01:10:06.860,Unknown speaker,public,339,151.1230000000005,land_use,Land use,1,True,0.026404327931517788
h2_2026_03_23,h2_2026_03_23_t00122,comment,01:12:41.145,Unknown speaker,public,25,11.359999999999673,land_use,Land use,0,False,0.0
h2_2026_03_23,h2_2026_03_23_t00124,comment,01:12:54.747,Unknown speaker,public,78,34.764000000000124,land_use,Land use,0,False,0.0
h2_2026_03_23,h2_2026_03_23_t00125,comment,01:13:39.600,Unknown speaker,public,107,52.714999999999236,land_use,Land use,4,True,0.049026023021144324
h2_2026_03_23,h2_2026_03_23_t00126,comment,01:14:34.777,Unknown speaker,official,31,19.141999999999825,land_use,Land use,0,False,0.0
h2_2026_03_23,h2_2026_03_23_t00127,comment,01:15:02.172,Unknown speaker,official,394,182.53100000000086,land_use,Land use,5,True,0.03800025076269505
h2_2026_03_23,h2_2026_03_23_t00129,comment,01:18:10.546,Unknown speaker,official,133,47.32799999999952,land_use,Land use,2,True,0.023903258910681822
h2_2026_03_23,h2_2026_03_23_t00130,comment,01:18:58.534,Unknown speaker,official,141,55.48400000000038,land_use,Land use,1,True,0.011762640996602375
h2_2026_03_23,h2_2026_03_23_t00132,comment,01:20:10.149,Unknown speaker,official,88,41.20299999999952,land_use,Land use,0,False,0.003088769800714598
h2_2026_03_23,h2_2026_03_23_t00134,comment,01:21:06.512,Unknown speaker,official,21,7.806000000000495,land_use,Land use,0,False,0.0
h2_2026_03_23,h2_2026_03_23_t00135,comment,01:21:18.461,Unknown speaker,public,334,122.83500000000004,land_use,Land use,0,False,0.0
h2_2026_03_23,h2_2026_03_23_t00137,comment,01:23:31.700,Unknown speaker,public,139,53.738000000000284,land_use,Land use,0,False,0.015833047401426527
h2_2026_03_23,h2_2026_03_23_t00141,comment,01:24:29.760,Unknown speaker,public,91,36.259000000000015,land_use,Land use,1,True,0.017225911917055834
h2_2026_03_23,h2_2026_03_23_t00142,comment,01:25:09.881,Unknown speaker,public,58,23.829999999999927,land_use,Land use,1,True,0.026059710946152902
h2_2026_03_23,h2_2026_03_23_t00145,comment,01:25:52.996,Unknown speaker,public,323,126.17799999999988,land_use,Land use,0,False,0.006232365019887949
h2_2026_03_23,h2_2026_03_23_t00147,comment,01:28:12.341,Unknown speaker,public,160,84.5630000000001,land_use,Land use,0,False,0.0
h2_2026_03_23,h2_2026_03_23_t00151,comment,01:29:51.221,Unknown speaker,public,285,122.87800000000061,land_use,Land use,0,False,0.0015864671010873167
h2_2026_03_23,h2_2026_03_23_t00153,comment,01:32:02.783,Unknown speaker,public,103,38.107999999999265,land_use,Land use,0,False,0.009750690992919087
h2_2026_03_23,h2_2026_03_23_t00154,comment,01:32:44.894,Unknown speaker,public,188,67.29599999999937,land_use,Land use,0,False,0.0
h2_2026_03_23,h2_2026_03_23_t00156,comment,01:34:03.098,Unknown speaker,public,213,67.63799999999992,land_use,Land use,0,False,0.008228063673722159
h2_2026_03_23,h2_2026_03_23_t00158,comment,01:35:13.668,Unknown speaker,public,256,85.51600000000053,land_use,Land use,1,True,0.004254139449603563
h2_2026_03_23,h2_2026_03_23_t00159,comment,01:36:42.583,Unknown speaker,public,110,29.105000000000473,land_use,Land use,0,False,0.0
h2_2026_03_23,h2_2026_03_23_t00161,comment,01:37:28.177,Unknown speaker,public,329,121.25,land_use,Land use,0,False,0.0015188045977443977
h2_2026_03_23,h2_2026_03_23_t00163,comment,01:39:38.434,Unknown speaker,official,111,43.64499999999953,land_use,Land use,0,False,0.002243172647948972
h2_2026_03_23,h2_2026_03_23_t00165,comment,01:40:30.186,Unknown speaker,public,267,80.5590000000002,land_use,Land use,0,False,0.0
h2_2026_03_23,h2_2026_03_23_t00167,comment,01:41:56.843,Unknown speaker,public,130,32.284999999999854,land_use,Land use,0,False,0.0
h2_2026_03_23,h2_2026_03_23_t00170,comment,01:42:36.670,Unknown speaker,public,318,122.0010000000002,land_use,Land use,0,False,0.0014816026433986784
h2_2026_03_23,h2_2026_03_23_t00173,comment,01:44:52.200,Unknown speaker,public,397,121.54700000000048,land_use,Land use,1,True,0.02966618654320221
h2_2026_03_23,h2_2026_03_23_t00175,comment,01:47:02.408,Unknown speaker,public,148,45.978000000000065,land_use,Land use,0,False,0.0
h2_2026_03_23,h2_2026_03_23_t00177,comment,01:47:49.946,Unknown speaker,public,53,16.34900000000016,land_use,Land use,0,False,0.0
h2_2026_03_23,h2_2026_03_23_t00179,comment,01:48:12.995,Unknown speaker,public,203,52.228000000000065,land_use,Land use,0,False,0.009760918588947499
h2_2026_03_23,h2_2026_03_23_t00182,comment,01:50:38.532,Unknown speaker,official,21,6.023000000000138,land_use,Land use,0,False,0.0
h2_2026_03_23,h2_2026_03_23_t00185,comment,01:50:50.479,Unknown speaker,public,125,45.55000000000018,land_use,Land use,0,False,0.0
h2_2026_03_23,h2_2026_03_23_t00186,comment,01:51:39.385,Unknown speaker,public,100,33.246000000000095,land_use,Land use,0,False,0.0
h2_2026_03_23,h2_2026_03_23_t00188,comment,01:52:26.139,Unknown speaker,public,366,122.92100000000028,land_use,Land use,2,True,0.030115173562913003
h2_2026_03_23,h2_2026_03_23_t00192,comment,01:54:49.540,Unknown speaker,public,331,106.53099999999995,land_use,Land use,0,False,0.0
h2_2026_03_23,h2_2026_03_23_t00194,comment,01:56:38.013,Unknown speaker,public,320,111.95399999999972,land_use,Land use,0,False,0.013647658732058953
h2_2026_03_23,h2_2026_03_23_t00195,comment,01:58:33.629,Unknown speaker,public,50,12.54700000000048,land_use,Land use,0,False,0.0
h2_2026_03_23,h2_2026_03_23_t00197,comment,01:58:59.124,Unknown speaker,public,202,76.80000000000018,land_use,Land use,0,False,0.0
h2_2026_03_23,h2_2026_03_23_t00199,comment,02:00:18.885,Unknown speaker,public,345,125.11200000000008,land_use,Land use,0,False,0.0
h2_2026_03_23,h2_2026_03_23_t00203,comment,02:02:33.318,Unknown speaker,public,276,94.4960000000001,land_use,Land use,0,False,0.00417157600803681
h2_2026_03_23,h2_2026_03_23_t00205,comment,02:04:17.465,Unknown speaker,public,367,117.6239999999998,land_use,Land use,0,False,0.0
h2_2026_03_23,h2_2026_03_23_t00206,comment,02:06:24.118,Unknown speaker,public,344,123.44499999999971,land_use,Land use,1,True,0.008662514940169307
h2_2026_03_23,h2_2026_03_23_t00208,comment,02:08:34.233,Unknown speaker,public,271,107.03899999999976,land_use,Land use,0,False,0.00390840376770198
h2_2026_03_23,h2_2026_03_23_t00210,comment,02:10:25.802,Unknown speaker,public,438,124.88600000000042,land_use,Land use,2,True,0.03094762832660786
h2_2026_03_23,h2_2026_03_23_t00216,comment,02:12:48.117,Unknown speaker,official,198,60.05400000000009,land_use,Land use,0,False,0.003382579101061641
h2_2026_03_23,h2_2026_03_23_t00218,comment,02:13:57.440,Unknown speaker,public,244,121.01700000000073,land_use,Land use,2,True,0.023318064261829537
h2_2026_03_23,h2_2026_03_23_t00220,comment,02:16:07.642,Unknown speaker,public,164,56.746000000001004,land_use,Land use,2,True,0.03793281495421794
h2_2026_03_23,h2_2026_03_23_t00221,comment,02:17:08.732,Unknown speaker,public,152,63.59900000000016,land_use,Land use,4,True,0.05346118002602388
h2_2026_03_23,h2_2026_03_23_t00224,comment,02:18:36.810,Unknown speaker,public,39,11.483000000000175,land_use,Land use,0,False,0.0
h2_2026_03_23,h2_2026_03_23_t00225,comment,02:18:52.414,Unknown speaker,public,117,42.96299999999974,land_use,Land use,0,False,0.0
h2_2026_03_23,h2_2026_03_23_t00227,comment,02:19:44.883,Unknown speaker,public,358,118.59499999999935,land_use,Land use,0,False,0.01101076830512052
h2_2026_03_23,h2_2026_03_23_t00229,comment,02:21:51.622,Unknown speaker,public,364,120.67100000000028,land_use,Land use,0,False,0.0038583787534752436
h2_2026_03_23,h2_2026_03_23_t00231,comment,02:24:03.483,Unknown speaker,public,343,128.45899999999892,land_use,Land use,0,False,0.005899785400116453
h2_2026_03_23,h2_2026_03_23_t00232,comment,02:26:22.468,Unknown speaker,public,262,108.42099999999846,land_use,Land use,0,False,0.008274939718402008
h2_2026_03_23,h2_2026_03_23_t00233,comment,02:28:20.397,Unknown speaker,public,29,7.586999999999534,land_use,Land use,0,False,0.007672818585049235
h2_2026_03_23,h2_2026_03_23_t00236,comment,02:28:45.546,Unknown speaker,public,122,47.190999999998894,land_use,Land use,0,False,0.0
h2_2026_03_23,h2_2026_03_23_t00240,comment,02:30:03.124,Unknown speaker,public,39,18.028000000000247,land_use,Land use,0,False,0.0
h2_2026_03_23,h2_2026_03_23_t00241,comment,02:30:24.554,Unknown speaker,public,67,20.771999999999025,land_use,Land use,0,False,0.0
h2_2026_03_23,h2_2026_03_23_t00242,comment,02:30:48.708,Unknown speaker,public,69,22.47599999999875,land_use,Land use,0,False,0.0035814725152736896
h2_2026_03_23,h2_2026_03_23_t00243,comment,02:31:16.906,Unknown speaker,public,54,19.797999999998865,land_use,Land use,0,False,0.0
h2_2026_03_23,h2_2026_03_23_t00244,comment,02:31:40.205,Unknown speaker,public,106,45.486000000000786,land_use,Land use,0,False,0.006363733185297697
h2_2026_03_23,h2_2026_03_23_t00245,comment,02:32:28.792,Unknown speaker,public,155,56.12300000000141,land_use,Land use,0,False,0.0
h2_2026_03_23,h2_2026_03_23_t00246,comment,02:33:35.039,Unknown speaker,public,119,38.753999999998996,land_use,Land use,0,False,0.002177062207998855
h2_2026_03_23,h2_2026_03_23_t00247,comment,02:34:22.410,Unknown speaker,public,188,60.52000000000044,land_use,Land use,0,False,0.0020844568791722547
h2_2026_03_23,h2_2026_03_23_t00248,comment,02:35:24.291,Unknown speaker,official,32,11.703000000001339,land_use,Land use,0,False,0.0
h2_2026_03_23,h2_2026_03_23_t00249,comment,02:35:36.314,Unknown speaker,public,47,13.395000000000437,land_use,Land use,0,False,0.0
h2_2026_03_23,h2_2026_03_23_t00251,comment,02:35:58.776,Unknown speaker,public,336,96.7569999999996,land_use,Land use,1,True,0.0072345363579275086
h2_2026_03_23,h2_2026_03_23_t00252,comment,02:37:46.420,Unknown speaker,public,394,124.3130000000001,land_use,Land use,0,False,0.004574507837846863
h2_2026_03_23,h2_2026_03_23_t00254,comment,02:40:07.442,Unknown speaker,public,296,97.35000000000036,land_use,Land use,0,False,0.0
h2_2026_03_23,h2_2026_03_23_t00255,comment,02:41:56.973,Unknown speaker,public,293,121.45299999999952,land_use,Land use,0,False,0.012142709152870874
h2_2026_03_23,h2_2026_03_23_t00256,comment,02:44:11.429,Unknown speaker,public,361,125.53199999999924,land_use,Land use,0,False,0.0014042168795107039
h2_2026_03_23,h2_2026_03_23_t00259,comment,02:46:27.462,Unknown speaker,public,118,39.10699999999997,land_use,Land use,0,False,0.002404930963110733
h2_2026_03_23,h2_2026_03_23_t00260,comment,02:47:15.502,Unknown speaker,public,375,115.27499999999964,land_use,Land use,0,False,0.008008044357255056
h2_2026_03_23,h2_2026_03_23_t00261,comment,02:49:20.020,Unknown speaker,public,186,62.608000000000175,land_use,Land use,0,False,0.0
h2_2026_03_23,h2_2026_03_23_t00262,comment,02:50:32.868,Unknown speaker,public,187,74.06999999999971,land_use,Land use,0,False,0.0
h2_2026_03_23,h2_2026_03_23_t00263,comment,02:51:57.704,Unknown speaker,public,283,75.42100000000028,land_use,Land use,0,False,0.0017708809919281033
h2_2026_03_23,h2_2026_03_23_t00264,comment,02:53:21.892,Unknown speaker,public,343,111.0640000000003,land_use,Land use,0,False,0.0
h2_2026_03_23,h2_2026_03_23_t00265,comment,02:55:23.755,Unknown speaker,public,65,27.19300000000112,land_use,Land use,0,False,0.008141661312623524
h2_2026_03_23,h2_2026_03_23_t00266,comment,02:55:54.448,Unknown speaker,public,131,52.93499999999949,land_use,Land use,1,True,0.022098673808597806
h2_2026_03_23,h2_2026_03_23_t00267,comment,02:56:54.089,Unknown speaker,public,104,34.29700000000048,land_use,Land use,1,True,0.007568897622778184
h2_2026_03_23,h2_2026_03_23_t00268,comment,02:57:37.689,Unknown speaker,public,138,41.586999999999534,land_use,Land use,0,False,0.0
h2_2026_03_23,h2_2026_03_23_t00269,comment,02:58:24.739,Unknown speaker,public,118,40.13500000000022,land_use,Land use,0,False,0.0025517029520787334
h2_2026_03_23,h2_2026_03_23_t00270,comment,02:59:16.462,Unknown speaker,public,65,16.060999999999694,land_use,Land use,0,False,0.0
h2_2026_03_23,h2_2026_03_23_t00271,comment,02:59:42.012,Unknown speaker,public,113,35.01000000000022,land_use,Land use,0,False,0.006655736918616345
h2_2026_03_23,h2_2026_03_23_t00272,comment,03:00:25.758,Unknown speaker,public,76,20.988999999999578,land_use,Land use,0,False,0.003474983440837881
h2_2026_03_23,h2_2026_03_23_t00273,comment,03:00:55.035,Unknown speaker,public,44,16.369000000000597,land_use,Land use,0,False,0.0
h2_2026_03_23,h2_2026_03_23_t00274,comment,03:01:15.967,Unknown speaker,public,115,38.86999999999898,land_use,Land use,0,False,0.0
h2_2026_03_23,h2_2026_03_23_t00275,comment,03:02:05.202,Unknown speaker,public,426,122.90300000000025,land_use,Land use,0,False,0.004530700737041472
h2_2026_03_23,h2_2026_03_23_t00276,comment,03:04:27.320,Unknown speaker,public,122,54.853000000000975,land_use,Land use,0,False,0.0
h2_2026_03_23,h2_2026_03_23_t00277,comment,03:05:25.468,Unknown speaker,public,113,51.753999999998996,land_use,Land use,0,False,0.0
h2_2026_03_23,h2_2026_03_23_t00278,comment,03:06:27.980,Unknown speaker,public,245,98.92799999999988,land_use,Land use,0,False,0.0
h2_2026_03_23,h2_2026_03_23_t00280,comment,03:08:20.218,Unknown speaker,public,75,22.93499999999949,land_use,Land use,0,False,0.0
h2_2026_03_23,h2_2026_03_23_t00282,comment,03:08:46.773,Unknown speaker,public,84,18.19300000000112,land_use,Land use,0,False,0.0
h2_2026_03_23,h2_2026_03_23_t00284,comment,03:09:09.909,Unknown speaker,official,29,6.05199999999968,land_use,Land use,0,False,0.0
h2_2026_03_23,h2_2026_03_23_t00286,comment,03:09:20.402,Unknown speaker,public,276,84.71999999999935,land_use,Land use,0,False,0.0
h2_2026_03_23,h2_2026_03_23_t00287,comment,03:10:45.703,Unknown speaker,official,77,30.488999999999578,land_use,Land use,0,False,0.0
h2_2026_03_23,h2_2026_03_23_t00289,comment,03:11:26.566,Unknown speaker,public,166,62.30699999999888,land_use,Land use,0,False,0.00419194990297218
h2_2026_03_23,h2_2026_03_23_t00292,comment,03:12:36.996,Unknown speaker,public,187,48.82800000000134,land_use,Land use,3,True,0.02151772979301342
h2_2026_03_23,h2_2026_03_23_t00293,comment,03:13:33.590,Unknown speaker,public,130,47.623999999999796,land_use,Land use,0,False,0.0
h2_2026_03_23,h2_2026_03_23_t00294,comment,03:14:30.085,Unknown speaker,public,22,5.802000000001499,land_use,Land use,0,False,0.0
h2_2026_03_23,h2_2026_03_23_t00296,comment,03:14:38.348,Unknown speaker,public,127,40.81500000000051,land_use,Land use,0,False,0.0
h2_2026_03_23,h2_2026_03_23_t00297,comment,03:15:23.862,Unknown speaker,official,24,9.229000000001179,land_use,Land use,0,False,0.0
h2_2026_03_23,h2_2026_03_23_t00300,comment,03:15:47.123,Unknown speaker,public,58,22.48700000000099,land_use,Land use,0,False,0.0036362602214565012
h2_2026_03_23,h2_2026_03_23_t00301,comment,03:16:14.271,Unknown speaker,official,22,8.568999999999505,land_use,Land use,0,False,0.0
h2_2026_03_23,h2_2026_03_23_t00302,comment,03:16:34.048,Unknown speaker,public,89,32.34099999999853,land_use,Land use,0,False,0.0
h2_2026_03_23,h2_2026_03_23_t00303,comment,03:17:11.853,Unknown speaker,official,28,10.467000000000553,land_use,Land use,0,False,0.021056803923766968
h2_2026_03_23,h2_2026_03_23_t00305,comment,03:17:28.156,Unknown speaker,public,28,9.36199999999917,land_use,Land use,0,False,0.0
h2_2026_03_23,h2_2026_03_23_t00307,comment,03:17:39.879,Unknown speaker,public,43,13.062999999998283,land_use,Land use,0,False,0.0
h2_2026_03_23,h2_2026_03_23_t00308,comment,03:17:55.183,Unknown speaker,official,27,14.006999999999607,land_use,Land use,0,False,0.0
h2_2026_03_23,h2_2026_03_23_t00309,comment,03:18:13.304,Unknown speaker,public,54,20.04199999999946,land_use,Land use,0,False,0.0
h2_2026_03_23,h2_2026_03_23_t00310,comment,03:18:36.561,Unknown speaker,official,45,17.868000000000393,land_use,Land use,0,False,0.0
h2_2026_03_23,h2_2026_03_23_t00311,comment,03:19:02.232,Unknown speaker,public,464,216.47500000000036,land_use,Land use,5,True,0.05175673200039138
h2_2026_03_23,h2_2026_03_23_t00312,comment,03:22:47.208,Unknown speaker,public,71,32.149999999999636,land_use,Land use,0,False,0.003350840220787844
h2_2026_03_23,h2_2026_03_23_t00313,comment,03:23:24.306,Unknown speaker,public,46,24.23199999999997,land_use,Land use,0,False,0.0
h2_2026_03_23,h2_2026_03_23_t00315,comment,03:24:08.390,Unknown speaker,developer,815,280.96600000000035,land_use,Land use,0,False,0.005571546988303512
h2_2026_03_23,h2_2026_03_23_t00316,comment,03:28:50.956,Unknown speaker,official,45,19.593000000000757,land_use,Land use,0,False,0.004388191643566077
h2_2026_03_23,h2_2026_03_23_t00319,comment,03:29:15.852,Unknown speaker,official,33,14.023999999999432,land_use,Land use,0,False,0.01820235887545498
h2_2026_03_23,h2_2026_03_23_t00320,comment,03:29:33.319,Unknown speaker,official,117,47.02599999999984,land_use,Land use,0,False,0.0026463291764447115
h2_2026_03_23,h2_2026_03_23_t00321,comment,03:30:23.838,Unknown speaker,official,26,10.825000000000728,land_use,Land use,0,False,0.006309682677549049
h2_2026_03_23,h2_2026_03_23_t00322,comment,03:30:39.365,Unknown speaker,official,22,5.802999999999884,land_use,Land use,0,False,0.0
h2_2026_03_23,h2_2026_03_23_t00365,comment,03:33:22.654,Unknown speaker,official,22,10.688000000000102,land_use,Land use,0,False,0.005935826114260883
h2_2026_03_23,h2_2026_03_23_t00368,comment,03:33:40.608,Unknown speaker,staff,61,18.85399999999936,land_use,Land use,0,False,0.0029808116182572855
h2_2026_03_23,h2_2026_03_23_t00371,comment,03:34:22.417,Unknown speaker,official,23,6.663000000000466,land_use,Land use,0,False,0.0
h2_2026_03_23,h2_2026_03_23_t00372,comment,03:34:29.160,Unknown speaker,staff,22,6.163000000000466,land_use,Land use,0,False,0.0
h2_2026_03_23,h2_2026_03_23_t00373,comment,03:34:49.098,Unknown speaker,official,26,7.826000000000931,land_use,Land use,0,False,0.008064168978416407
h2_2026_03_23,h2_2026_03_23_t00377,comment,03:35:14.967,Unknown speaker,staff,100,37.8169999999991,land_use,Land use,0,False,0.002211489777404099
h2_2026_03_23,h2_2026_03_23_t00381,comment,03:36:37.529,Unknown speaker,staff,37,13.02599999999984,land_use,Land use,0,False,0.0
h2_2026_03_23,h2_2026_03_23_t00382,comment,03:36:52.396,Unknown speaker,official,35,11.737999999999374,land_use,Land use,0,False,0.007156242499776693
h2_2026_03_23,h2_2026_03_23_t00385,comment,03:37:16.497,Unknown speaker,staff,42,16.403000000000247,land_use,Land use,0,False,0.0
h2_2026_03_23,h2_2026_03_23_t00387,comment,03:37:41.510,Unknown speaker,official,30,9.806000000000495,land_use,Land use,0,False,0.007277181902611395
h2_2026_03_23,h2_2026_03_23_t00390,comment,03:38:32.187,Unknown speaker,official,31,10.566000000000713,land_use,Land use,0,False,0.004873579176225283
h2_2026_03_23,h2_2026_03_23_t00395,comment,03:40:38.890,Unknown speaker,official,22,8.98700000000099,land_use,Land use,0,False,0.0
h2_2026_03_23,h2_2026_03_23_t00407,comment,03:42:08.243,Unknown speaker,public,28,11.147999999999229,land_use,Land use,0,False,0.0
h2_2026_03_23,h2_2026_03_23_t00409,comment,03:42:24.595,Unknown speaker,public,282,97.53900000000067,land_use,Land use,0,False,0.0
h2_2026_03_23,h2_2026_03_23_t00411,comment,03:44:03.527,Unknown speaker,public,334,123.48300000000017,land_use,Land use,0,False,0.0015125610118989202
h2_2026_03_23,h2_2026_03_23_t00412,comment,03:46:07.171,Unknown speaker,official,31,14.46600000000035,land_use,Land use,0,False,0.0
h2_2026_03_23,h2_2026_03_23_t00413,comment,03:46:24.660,Unknown speaker,official,34,15.583000000000538,land_use,Land use,0,False,0.0
h2_2026_03_23,h2_2026_03_23_t00418,comment,03:47:24.181,Unknown speaker,public,809,242.83299999999872,land_use,Land use,0,False,0.01710187451299161
h2_2026_03_23,h2_2026_03_23_t00421,comment,03:51:30.276,Unknown speaker,official,35,22.181000000000495,land_use,Land use,0,False,0.0
h2_2026_03_23,h2_2026_03_23_t00425,comment,03:52:22.763,Unknown speaker,public,95,31.821999999998297,land_use,Land use,0,False,0.0
h2_2026_03_23,h2_2026_03_23_t00426,comment,03:52:58.588,Unknown speaker,official,22,8.706000000000131,land_use,Land use,0,False,0.0
h2_2026_03_23,h2_2026_03_23_t00429,comment,03:53:22.715,Unknown speaker,official,20,9.851999999998952,land_use,Land use,0,False,0.0
h2_2026_03_23,h2_2026_03_23_t00430,comment,03:53:48.318,Unknown speaker,public,27,7.6270000000004075,land_use,Land use,0,False,0.0
h2_2026_03_23,h2_2026_03_23_t00435,comment,03:54:29.882,Unknown speaker,official,22,10.509000000000015,land_use,Land use,0,False,0.0
h1_2025_12_03,h1_2025_12_03_t00003,comment,00:00:15.605,Unknown speaker,official,72,24.328999999999997,electricity_infrastructure,Electricity infrastructure,0,False,0.0
h1_2025_12_03,h1_2025_12_03_t00004,comment,00:00:39.954,Unknown speaker,unknown,31,15.271,electricity_infrastructure,Electricity infrastructure,0,False,0.0
h1_2025_12_03,h1_2025_12_03_t00005,comment,00:01:00.770,Unknown speaker,official,58,25.275,electricity_infrastructure,Electricity infrastructure,0,False,0.0
h1_2025_12_03,h1_2025_12_03_t00006,comment,00:01:29.200,Unknown speaker,staff,23,19.180999999999997,electricity_infrastructure,Electricity infrastructure,0,False,0.0
h1_2025_12_03,h1_2025_12_03_t00014,comment,00:02:13.178,Unknown speaker,official,78,25.02600000000001,electricity_infrastructure,Electricity infrastructure,0,False,0.0
h1_2025_12_03,h1_2025_12_03_t00015,comment,00:02:43.150,Unknown speaker,official,32,9.730999999999995,electricity_infrastructure,Electricity infrastructure,0,False,0.0
h1_2025_12_03,h1_2025_12_03_t00019,comment,00:03:07.437,Unknown speaker,official,18,7.304000000000002,electricity_infrastructure,Electricity infrastructure,0,False,0.0
h1_2025_12_03,h1_2025_12_03_t00022,comment,00:04:05.616,Unknown speaker,official,804,287.985,electricity_infrastructure,Electricity infrastructure,0,False,0.0028586940548657722
h1_2025_12_03,h1_2025_12_03_t00029,comment,00:10:38.713,Unknown speaker,developer,247,83.51800000000003,electricity_infrastructure,Electricity infrastructure,0,False,0.0
h1_2025_12_03,h1_2025_12_03_t00030,comment,00:12:13.198,Unknown speaker,developer,53,14.513000000000034,electricity_infrastructure,Electricity infrastructure,0,False,0.013404913207665554
h1_2025_12_03,h1_2025_12_03_t00031,comment,00:12:35.055,Unknown speaker,developer,84,31.01800000000003,electricity_infrastructure,Electricity infrastructure,0,False,0.02491590369546395
h1_2025_12_03,h1_2025_12_03_t00034,comment,00:13:20.818,Unknown speaker,developer,1139,344.1289999999999,electricity_infrastructure,Electricity infrastructure,1,True,0.020546816313661783
h1_2025_12_03,h1_2025_12_03_t00035,comment,00:19:08.195,Unknown speaker,developer,797,253.43000000000006,electricity_infrastructure,Electricity infrastructure,8,True,0.054685990430049965
h1_2025_12_03,h1_2025_12_03_t00036,comment,00:23:25.968,Unknown speaker,developer,314,92.52199999999993,electricity_infrastructure,Electricity infrastructure,0,False,0.0
h1_2025_12_03,h1_2025_12_03_t00037,comment,00:25:08.446,Unknown speaker,developer,409,130.86800000000017,electricity_infrastructure,Electricity infrastructure,0,False,0.017532551633412816
h1_2025_12_03,h1_2025_12_03_t00038,comment,00:27:25.706,Unknown speaker,developer,216,60.846000000000004,electricity_infrastructure,Electricity infrastructure,0,False,0.0
h1_2025_12_03,h1_2025_12_03_t00039,comment,00:28:30.338,Unknown speaker,developer,169,54.519000000000005,electricity_infrastructure,Electricity infrastructure,0,False,0.0
h1_2025_12_03,h1_2025_12_03_t00040,comment,00:29:25.842,Unknown speaker,official,101,26.652999999999793,electricity_infrastructure,Electricity infrastructure,0,False,0.0
h1_2025_12_03,h1_2025_12_03_t00041,comment,00:29:52.759,Unknown speaker,developer,38,11.242999999999938,electricity_infrastructure,Electricity infrastructure,0,False,0.0
h1_2025_12_03,h1_2025_12_03_t00045,comment,00:30:19.326,Unknown speaker,public,836,246.4380000000001,electricity_infrastructure,Electricity infrastructure,7,True,0.06395205119878601
h1_2025_12_03,h1_2025_12_03_t00048,comment,00:34:36.842,Unknown speaker,public,213,79.37599999999975,electricity_infrastructure,Electricity infrastructure,0,False,0.005739725084070739
h1_2025_12_03,h1_2025_12_03_t00049,comment,00:36:01.937,Unknown speaker,public,254,94.46300000000019,electricity_infrastructure,Electricity infrastructure,0,False,0.0
h1_2025_12_03,h1_2025_12_03_t00050,comment,00:37:43.546,Unknown speaker,consultant,310,113.25500000000011,electricity_infrastructure,Electricity infrastructure,0,False,0.005235247252698825
h1_2025_12_03,h1_2025_12_03_t00052,comment,00:39:50.806,Unknown speaker,consultant,493,179.346,electricity_infrastructure,Electricity infrastructure,0,False,0.0
h1_2025_12_03,h1_2025_12_03_t00053,comment,00:43:00.822,Unknown speaker,consultant,24,6.826999999999771,electricity_infrastructure,Electricity infrastructure,0,False,0.0
h1_2025_12_03,h1_2025_12_03_t00062,comment,00:45:21.576,Unknown speaker,official,20,7.706000000000131,electricity_infrastructure,Electricity infrastructure,0,False,0.0
h1_2025_12_03,h1_2025_12_03_t00065,comment,00:46:21.059,Unknown speaker,official,155,61.19599999999991,electricity_infrastructure,Electricity infrastructure,0,False,0.0
h1_2025_12_03,h1_2025_12_03_t00066,comment,00:47:22.655,Unknown speaker,official,64,26.927999999999884,electricity_infrastructure,Electricity infrastructure,0,False,0.0
h1_2025_12_03,h1_2025_12_03_t00067,comment,00:47:50.090,Unknown speaker,developer,197,57.88599999999997,electricity_infrastructure,Electricity infrastructure,0,False,0.0
h1_2025_12_03,h1_2025_12_03_t00068,comment,00:48:48.376,Unknown speaker,official,145,58.13099999999986,electricity_infrastructure,Electricity infrastructure,0,False,0.0
h1_2025_12_03,h1_2025_12_03_t00069,comment,00:49:49.970,Unknown speaker,official,25,11.202999999999975,electricity_infrastructure,Electricity infrastructure,0,False,0.0
h1_2025_12_03,h1_2025_12_03_t00070,comment,00:50:01.193,Unknown speaker,official,119,39.06700000000001,electricity_infrastructure,Electricity infrastructure,0,False,0.0
h1_2025_12_03,h1_2025_12_03_t00071,comment,00:50:40.871,Unknown speaker,developer,330,101.94299999999976,electricity_infrastructure,Electricity infrastructure,0,False,0.0
h1_2025_12_03,h1_2025_12_03_t00072,comment,00:52:22.834,Unknown speaker,official,30,9.595000000000255,electricity_infrastructure,Electricity infrastructure,0,False,0.0
h1_2025_12_03,h1_2025_12_03_t00073,comment,00:52:32.669,Unknown speaker,developer,59,12.889000000000124,electricity_infrastructure,Electricity infrastructure,0,False,0.0
h1_2025_12_03,h1_2025_12_03_t00076,comment,00:52:53.965,Unknown speaker,official,18,8.38799999999992,electricity_infrastructure,Electricity infrastructure,0,False,0.0
h1_2025_12_03,h1_2025_12_03_t00077,comment,00:53:03.254,Unknown speaker,official,84,30.184000000000196,electricity_infrastructure,Electricity infrastructure,0,False,0.0
h1_2025_12_03,h1_2025_12_03_t00078,comment,00:53:36.293,Unknown speaker,developer,72,23.06999999999971,electricity_infrastructure,Electricity infrastructure,0,False,0.00950724572723746
h1_2025_12_03,h1_2025_12_03_t00079,comment,00:54:00.303,Unknown speaker,official,32,7.829999999999927,electricity_infrastructure,Electricity infrastructure,0,False,0.02384537463829186
h1_2025_12_03,h1_2025_12_03_t00081,comment,00:54:09.693,Unknown speaker,official,18,8.361999999999625,electricity_infrastructure,Electricity infrastructure,0,False,0.0
h1_2025_12_03,h1_2025_12_03_t00083,comment,00:54:18.895,Unknown speaker,official,68,22.876000000000204,electricity_infrastructure,Electricity infrastructure,0,False,0.0
h1_2025_12_03,h1_2025_12_03_t00084,comment,00:54:42.251,Unknown speaker,developer,132,40.80799999999999,electricity_infrastructure,Electricity infrastructure,0,False,0.0
h1_2025_12_03,h1_2025_12_03_t00085,comment,00:55:23.459,Unknown speaker,official,22,5.1030000000000655,electricity_infrastructure,Electricity infrastructure,0,False,0.0
h1_2025_12_03,h1_2025_12_03_t00086,comment,00:55:29.398,Unknown speaker,developer,89,27.284999999999854,electricity_infrastructure,Electricity infrastructure,0,False,0.0
h1_2025_12_03,h1_2025_12_03_t00087,comment,00:55:57.742,Unknown speaker,official,35,10.298999999999978,electricity_infrastructure,Electricity infrastructure,0,False,0.0
h1_2025_12_03,h1_2025_12_03_t00088,comment,00:56:09.181,Unknown speaker,developer,48,16.88299999999981,electricity_infrastructure,Electricity infrastructure,0,False,0.0
h1_2025_12_03,h1_2025_12_03_t00091,comment,00:56:34.855,Unknown speaker,official,41,16.153999999999996,electricity_infrastructure,Electricity infrastructure,0,False,0.025582750754034392
h1_2025_12_03,h1_2025_12_03_t00093,comment,00:57:02.553,Unknown speaker,developer,87,44.572000000000116,electricity_infrastructure,Electricity infrastructure,0,False,0.052144535227510336
h1_2025_12_03,h1_2025_12_03_t00094,comment,00:57:48.495,Unknown speaker,official,20,8.564000000000306,electricity_infrastructure,Electricity infrastructure,1,True,0.10718221269905996
h1_2025_12_03,h1_2025_12_03_t00095,comment,00:57:59.080,Unknown speaker,developer,18,3.8020000000001346,electricity_infrastructure,Electricity infrastructure,0,False,0.021107649163451425
h1_2025_12_03,h1_2025_12_03_t00096,comment,00:58:04.423,Unknown speaker,official,18,6.703000000000429,electricity_infrastructure,Electricity infrastructure,1,True,0.03976265341305925
h1_2025_12_03,h1_2025_12_03_t00103,comment,00:58:28.073,Unknown speaker,official,19,12.48700000000008,electricity_infrastructure,Electricity infrastructure,0,False,0.0
h1_2025_12_03,h1_2025_12_03_t00104,comment,00:58:45.661,Unknown speaker,official,32,11.143999999999778,electricity_infrastructure,Electricity infrastructure,0,False,0.0
h1_2025_12_03,h1_2025_12_03_t00105,comment,00:58:58.047,Unknown speaker,developer,199,71.346,electricity_infrastructure,Electricity infrastructure,0,False,0.0
h1_2025_12_03,h1_2025_12_03_t00107,comment,01:00:14.270,Unknown speaker,developer,48,17.690999999999804,electricity_infrastructure,Electricity infrastructure,0,False,0.0
h1_2025_12_03,h1_2025_12_03_t00111,comment,01:00:52.184,Unknown speaker,official,49,15.084999999999582,electricity_infrastructure,Electricity infrastructure,0,False,0.0
h1_2025_12_03,h1_2025_12_03_t00112,comment,01:01:08.148,Unknown speaker,developer,268,86.94499999999971,electricity_infrastructure,Electricity infrastructure,2,True,0.030624097954970595
h1_2025_12_03,h1_2025_12_03_t00115,comment,01:02:58.546,Unknown speaker,official,162,52.345000000000255,electricity_infrastructure,Electricity infrastructure,0,False,0.0
h1_2025_12_03,h1_2025_12_03_t00116,comment,01:03:53.913,Unknown speaker,developer,76,26.235000000000127,electricity_infrastructure,Electricity infrastructure,1,True,0.011530896331602961
h1_2025_12_03,h1_2025_12_03_t00117,comment,01:04:20.608,Unknown speaker,official,51,14.94399999999996,electricity_infrastructure,Electricity infrastructure,0,False,0.0
h1_2025_12_03,h1_2025_12_03_t00119,comment,01:04:53.297,Unknown speaker,official,59,17.126999999999953,electricity_infrastructure,Electricity infrastructure,1,True,0.011474666373733254
h1_2025_12_03,h1_2025_12_03_t00120,comment,01:05:12.026,Unknown speaker,public,155,46.008000000000266,electricity_infrastructure,Electricity infrastructure,3,True,0.0574673275337643
h1_2025_12_03,h1_2025_12_03_t00121,comment,01:06:01.281,Unknown speaker,official,73,26.02500000000009,electricity_infrastructure,Electricity infrastructure,0,False,0.0
h1_2025_12_03,h1_2025_12_03_t00122,comment,01:06:27.727,Unknown speaker,public,103,35.846000000000004,electricity_infrastructure,Electricity infrastructure,0,False,0.0
h1_2025_12_03,h1_2025_12_03_t00123,comment,01:07:03.713,Unknown speaker,official,18,5.3419999999996435,electricity_infrastructure,Electricity infrastructure,0,False,0.0
h1_2025_12_03,h1_2025_12_03_t00124,comment,01:07:12.476,Unknown speaker,official,314,103.20800000000008,electricity_infrastructure,Electricity infrastructure,2,True,0.02705887312367623
h1_2025_12_03,h1_2025_12_03_t00125,comment,01:08:57.705,Unknown speaker,official,18,4.8419999999996435,electricity_infrastructure,Electricity infrastructure,0,False,0.0
h1_2025_12_03,h1_2025_12_03_t00128,comment,01:09:05.608,Unknown speaker,official,21,8.804000000000087,electricity_infrastructure,Electricity infrastructure,0,False,0.0
h1_2025_12_03,h1_2025_12_03_t00131,comment,01:09:21.783,Unknown speaker,official,19,5.0239999999994325,electricity_infrastructure,Electricity infrastructure,0,False,0.0
h1_2025_12_03,h1_2025_12_03_t00132,comment,01:09:27.608,Unknown speaker,official,49,15.992999999999483,electricity_infrastructure,Electricity infrastructure,0,False,0.0
h1_2025_12_03,h1_2025_12_03_t00135,comment,01:09:50.018,Unknown speaker,official,60,17.54399999999987,electricity_infrastructure,Electricity infrastructure,0,False,0.0
h1_2025_12_03,h1_2025_12_03_t00136,comment,01:10:07.742,Unknown speaker,developer,70,22.425999999999476,electricity_infrastructure,Electricity infrastructure,0,False,0.0
h1_2025_12_03,h1_2025_12_03_t00139,comment,01:10:40.610,Unknown speaker,official,31,14.639000000000124,electricity_infrastructure,Electricity infrastructure,0,False,0.017767196180699583
h1_2025_12_03,h1_2025_12_03_t00140,comment,01:10:58.312,Unknown speaker,official,22,11.488000000000284,electricity_infrastructure,Electricity infrastructure,0,False,0.0
h1_2025_12_03,h1_2025_12_03_t00141,comment,01:11:12.082,Unknown speaker,official,408,164.66799999999967,electricity_infrastructure,Electricity infrastructure,0,False,0.0
h1_2025_12_03,h1_2025_12_03_t00142,comment,01:14:02.713,Unknown speaker,official,364,118.8710000000001,electricity_infrastructure,Electricity infrastructure,0,False,0.01542545626258861
h1_2025_12_03,h1_2025_12_03_t00144,comment,01:16:02.985,Unknown speaker,official,26,10.677999999999884,electricity_infrastructure,Electricity infrastructure,0,False,0.0
h1_2025_12_03,h1_2025_12_03_t00146,comment,01:16:16.785,Unknown speaker,official,31,8.404999999999745,electricity_infrastructure,Electricity infrastructure,0,False,0.0
h1_2025_12_03,h1_2025_12_03_t00148,comment,01:17:15.471,Unknown speaker,official,49,13.82800000000043,electricity_infrastructure,Electricity infrastructure,0,False,0.0
h1_2025_12_03,h1_2025_12_03_t00152,comment,01:18:40.363,Unknown speaker,public,99,29.721999999999753,electricity_infrastructure,Electricity infrastructure,0,False,0.007991494482237375
h1_2025_12_03,h1_2025_12_03_t00153,comment,01:19:18.370,Unknown speaker,public,46,12.306999999999789,electricity_infrastructure,Electricity infrastructure,0,False,0.010868789834241149
h1_2025_12_03,h1_2025_12_03_t00154,comment,01:19:41.797,Unknown speaker,public,306,110.47900000000027,electricity_infrastructure,Electricity infrastructure,1,True,0.013629518717271713
h1_2025_12_03,h1_2025_12_03_t00155,comment,01:21:37.955,Unknown speaker,public,196,75.75,electricity_infrastructure,Electricity infrastructure,4,True,0.06379171805593697
h1_2025_12_03,h1_2025_12_03_t00156,comment,01:23:01.011,Unknown speaker,public,558,212.52199999999993,electricity_infrastructure,Electricity infrastructure,0,False,0.005589204722946001
h1_2025_12_03,h1_2025_12_03_t00157,comment,01:26:42.316,Unknown speaker,public,81,29.93199999999979,electricity_infrastructure,Electricity infrastructure,0,False,0.014064928683279814
h1_2025_12_03,h1_2025_12_03_t00158,comment,01:27:16.117,Unknown speaker,public,87,35.15700000000015,electricity_infrastructure,Electricity infrastructure,1,True,0.02567243792293635
h1_2025_12_03,h1_2025_12_03_t00159,comment,01:27:58.241,Unknown speaker,public,252,99.33700000000044,electricity_infrastructure,Electricity infrastructure,0,False,0.00783472081634193
h1_2025_12_03,h1_2025_12_03_t00160,comment,01:29:46.419,Unknown speaker,public,283,95.46399999999994,electricity_infrastructure,Electricity infrastructure,0,False,0.0
h1_2025_12_03,h1_2025_12_03_t00161,comment,01:31:25.306,Unknown speaker,public,19,5.926000000000386,electricity_infrastructure,Electricity infrastructure,0,False,0.0
h1_2025_12_03,h1_2025_12_03_t00162,comment,01:31:38.543,Unknown speaker,public,37,13.631000000000313,electricity_infrastructure,Electricity infrastructure,0,False,0.0
h1_2025_12_03,h1_2025_12_03_t00163,comment,01:32:00.200,Unknown speaker,public,55,20.67200000000048,electricity_infrastructure,Electricity infrastructure,1,True,0.045523500591973076
h1_2025_12_03,h1_2025_12_03_t00165,comment,01:32:37.707,Unknown speaker,public,134,51.826999999999316,electricity_infrastructure,Electricity infrastructure,0,False,0.0
h1_2025_12_03,h1_2025_12_03_t00166,comment,01:33:34.077,Unknown speaker,public,153,74.8710000000001,electricity_infrastructure,Electricity infrastructure,0,False,0.006860771156008486
h1_2025_12_03,h1_2025_12_03_t00167,comment,01:34:53.908,Unknown speaker,public,261,103.8149999999996,electricity_infrastructure,Electricity infrastructure,0,False,0.004829692122363476
h1_2025_12_03,h1_2025_12_03_t00168,comment,01:36:41.504,Unknown speaker,public,487,232.0659999999998,electricity_infrastructure,Electricity infrastructure,1,True,0.0393326201812577
h1_2025_12_03,h1_2025_12_03_t00169,comment,01:40:38.152,Unknown speaker,public,98,51.19800000000032,electricity_infrastructure,Electricity infrastructure,2,True,0.029856297742424858
h1_2025_12_03,h1_2025_12_03_t00170,comment,01:41:32.597,Unknown speaker,public,332,138.4930000000004,electricity_infrastructure,Electricity infrastructure,1,True,0.004404247223188672
h1_2025_12_03,h1_2025_12_03_t00172,comment,01:43:54.812,Unknown speaker,public,161,61.850000000000364,electricity_infrastructure,Electricity infrastructure,0,False,0.0
h1_2025_12_03,h1_2025_12_03_t00173,comment,01:45:00.618,Unknown speaker,public,187,71.53699999999935,electricity_infrastructure,Electricity infrastructure,0,False,0.00841586975339276
h1_2025_12_03,h1_2025_12_03_t00174,comment,01:46:24.416,Unknown speaker,public,343,111.5590000000002,electricity_infrastructure,Electricity infrastructure,0,False,0.0
h1_2025_12_03,h1_2025_12_03_t00175,comment,01:48:24.482,Unknown speaker,official,109,49.39300000000003,electricity_infrastructure,Electricity infrastructure,0,False,0.008012679640018332
h1_2025_12_03,h1_2025_12_03_t00176,comment,01:49:20.628,Unknown speaker,official,201,80.82600000000002,electricity_infrastructure,Electricity infrastructure,0,False,0.01903553818488807
h1_2025_12_03,h1_2025_12_03_t00177,comment,01:50:41.654,Unknown speaker,official,27,10.695999999999913,electricity_infrastructure,Electricity infrastructure,0,False,0.015191633873626329
h1_2025_12_03,h1_2025_12_03_t00185,comment,01:52:36.715,Unknown speaker,official,25,11.590000000000146,electricity_infrastructure,Electricity infrastructure,0,False,0.0
h1_2025_12_03,h1_2025_12_03_t00190,comment,01:53:01.555,Unknown speaker,official,74,28.305999999999585,electricity_infrastructure,Electricity infrastructure,0,False,0.0
h1_2025_12_03,h1_2025_12_03_t00191,comment,01:53:30.622,Unknown speaker,public,106,29.59099999999944,electricity_infrastructure,Electricity infrastructure,0,False,0.0
h1_2025_12_03,h1_2025_12_03_t00192,comment,01:54:00.592,Unknown speaker,official,162,61.44000000000051,electricity_infrastructure,Electricity infrastructure,0,False,0.0
h1_2025_12_03,h1_2025_12_03_t00193,comment,01:55:03.472,Unknown speaker,public,41,19.54399999999987,electricity_infrastructure,Electricity infrastructure,0,False,0.0
h1_2025_12_03,h1_2025_12_03_t00194,comment,01:55:29.248,Unknown speaker,public,88,27.347999999999956,electricity_infrastructure,Electricity infrastructure,0,False,0.0
h1_2025_12_03,h1_2025_12_03_t00195,comment,01:55:59.386,Unknown speaker,public,69,21.14799999999923,electricity_infrastructure,Electricity infrastructure,0,False,0.0
h1_2025_12_03,h1_2025_12_03_t00198,comment,01:56:34.759,Unknown speaker,official,57,19.01000000000022,electricity_infrastructure,Electricity infrastructure,0,False,0.0
h1_2025_12_03,h1_2025_12_03_t00200,comment,01:56:56.668,Unknown speaker,public,116,45.98000000000047,electricity_infrastructure,Electricity infrastructure,0,False,0.02006340842606751
h1_2025_12_03,h1_2025_12_03_t00202,comment,01:57:47.329,Unknown speaker,official,19,6.082000000000335,electricity_infrastructure,Electricity infrastructure,0,False,0.0
h1_2025_12_03,h1_2025_12_03_t00203,comment,01:57:56.748,Unknown speaker,official,18,4.863000000000284,electricity_infrastructure,Electricity infrastructure,0,False,0.0
h1_2025_12_03,h1_2025_12_03_t00205,comment,01:58:05.254,Unknown speaker,official,22,10.886999999999716,electricity_infrastructure,Electricity infrastructure,0,False,0.0
h1_2025_12_03,h1_2025_12_03_t00206,comment,01:58:18.202,Unknown speaker,public,22,10.20299999999952,electricity_infrastructure,Electricity infrastructure,0,False,0.0
h1_2025_12_03,h1_2025_12_03_t00210,comment,01:58:42.514,Unknown speaker,public,47,14.963999999999942,electricity_infrastructure,Electricity infrastructure,0,False,0.0
h1_2025_12_03,h1_2025_12_03_t00211,comment,01:58:58.418,Unknown speaker,official,27,9.846000000000458,electricity_infrastructure,Electricity infrastructure,0,False,0.0
h1_2025_12_03,h1_2025_12_03_t00212,comment,01:59:09.284,Unknown speaker,public,21,6.444000000000415,electricity_infrastructure,Electricity infrastructure,0,False,0.0
h1_2025_12_03,h1_2025_12_03_t00214,comment,01:59:21.152,Unknown speaker,public,41,18.853000000000065,electricity_infrastructure,Electricity infrastructure,0,False,0.0
h1_2025_12_03,h1_2025_12_03_t00216,comment,01:59:42.847,Unknown speaker,official,28,14.083000000000538,electricity_infrastructure,Electricity infrastructure,0,False,0.0
h1_2025_12_03,h1_2025_12_03_t00220,comment,02:00:09.900,Unknown speaker,official,252,87.60400000000027,electricity_infrastructure,Electricity infrastructure,1,True,0.030237945753627503
h1_2025_12_03,h1_2025_12_03_t00223,comment,02:01:41.682,Unknown speaker,public,18,5.525000000000546,electricity_infrastructure,Electricity infrastructure,0,False,0.0
h1_2025_12_03,h1_2025_12_03_t00227,comment,02:01:59.276,Unknown speaker,official,22,3.7830000000003565,electricity_infrastructure,Electricity infrastructure,0,False,0.0
h1_2025_12_03,h1_2025_12_03_t00228,comment,02:02:03.119,Unknown speaker,public,152,53.35400000000027,electricity_infrastructure,Electricity infrastructure,0,False,0.01423724599059213
h1_2025_12_03,h1_2025_12_03_t00230,comment,02:02:58.213,Unknown speaker,public,43,14.076000000000022,electricity_infrastructure,Electricity infrastructure,0,False,0.025629366152333237
h1_2025_12_03,h1_2025_12_03_t00231,comment,02:03:12.309,Unknown speaker,official,32,7.645999999999731,electricity_infrastructure,Electricity infrastructure,0,False,0.0
h1_2025_12_03,h1_2025_12_03_t00232,comment,02:03:20.295,Unknown speaker,public,61,18.960000000000036,electricity_infrastructure,Electricity infrastructure,0,False,0.0
h1_2025_12_03,h1_2025_12_03_t00233,comment,02:03:39.275,Unknown speaker,official,66,25.10699999999997,electricity_infrastructure,Electricity infrastructure,3,True,0.07688862832062639
h1_2025_12_03,h1_2025_12_03_t00235,comment,02:04:12.726,Unknown speaker,official,19,6.983000000000175,electricity_infrastructure,Electricity infrastructure,1,True,0.07256153253755424
h1_2025_12_03,h1_2025_12_03_t00238,comment,02:04:28.213,Unknown speaker,official,32,22.105000000000473,electricity_infrastructure,Electricity infrastructure,0,False,0.0
h1_2025_12_03,h1_2025_12_03_t00239,comment,02:04:56.046,Unknown speaker,official,21,6.184999999999491,electricity_infrastructure,Electricity infrastructure,0,False,0.0
h1_2025_12_03,h1_2025_12_03_t00244,comment,02:05:15.741,Unknown speaker,official,28,14.041000000000167,electricity_infrastructure,Electricity infrastructure,0,False,0.0
h1_2025_12_03,h1_2025_12_03_t00246,comment,02:05:48.647,Unknown speaker,official,417,124.26699999999983,electricity_infrastructure,Electricity infrastructure,0,False,0.014416281296992663
h1_2025_12_03,h1_2025_12_03_t00247,comment,02:07:54.235,Unknown speaker,public,22,6.927000000000589,electricity_infrastructure,Electricity infrastructure,0,False,0.0
h1_2025_12_03,h1_2025_12_03_t00248,comment,02:08:01.957,Unknown speaker,official,353,100.3149999999996,electricity_infrastructure,Electricity infrastructure,0,False,0.007083013763362771
h1_2025_12_03,h1_2025_12_03_t00251,comment,02:09:53.807,Unknown speaker,official,20,7.655000000000655,electricity_infrastructure,Electricity infrastructure,0,False,0.0
h1_2025_12_03,h1_2025_12_03_t00252,comment,02:10:01.502,Unknown speaker,public,361,113.3189999999995,electricity_infrastructure,Electricity infrastructure,0,False,0.0
h1_2025_12_03,h1_2025_12_03_t00255,comment,02:11:57.903,Unknown speaker,official,24,6.824999999999818,electricity_infrastructure,Electricity infrastructure,0,False,0.0
h1_2025_12_03,h1_2025_12_03_t00261,comment,02:12:18.265,Unknown speaker,public,270,79.59299999999985,electricity_infrastructure,Electricity infrastructure,0,False,0.01301149544747134
h1_2025_12_03,h1_2025_12_03_t00263,comment,02:13:42.609,Unknown speaker,official,237,84.20599999999922,electricity_infrastructure,Electricity infrastructure,0,False,0.0
h1_2025_12_03,h1_2025_12_03_t00264,comment,02:15:07.555,Unknown speaker,public,51,23.456999999999425,electricity_infrastructure,Electricity infrastructure,0,False,0.0
h1_2025_12_03,h1_2025_12_03_t00265,comment,02:15:31.452,Unknown speaker,public,194,66.26600000000053,electricity_infrastructure,Electricity infrastructure,0,False,0.0
h1_2025_12_03,h1_2025_12_03_t00266,comment,02:16:38.759,Unknown speaker,official,37,12.647999999999229,electricity_infrastructure,Electricity infrastructure,0,False,0.0
h1_2025_12_03,h1_2025_12_03_t00268,comment,02:16:53.488,Unknown speaker,official,57,20.8020000000015,electricity_infrastructure,Electricity infrastructure,0,False,0.0
h1_2025_12_03,h1_2025_12_03_t00269,comment,02:17:17.372,Unknown speaker,official,55,18.153000000000247,electricity_infrastructure,Electricity infrastructure,0,False,0.0
h1_2025_12_03,h1_2025_12_03_t00270,comment,02:17:37.322,Unknown speaker,public,127,36.80400000000009,electricity_infrastructure,Electricity infrastructure,0,False,0.0
h1_2025_12_03,h1_2025_12_03_t00273,comment,02:18:17.849,Unknown speaker,official,29,8.0049999999992,electricity_infrastructure,Electricity infrastructure,0,False,0.0
h1_2025_12_03,h1_2025_12_03_t00275,comment,02:18:26.891,Unknown speaker,official,142,47.452000000001135,electricity_infrastructure,Electricity infrastructure,0,False,0.0
h1_2025_12_03,h1_2025_12_03_t00277,comment,02:19:21.536,Unknown speaker,staff,141,53.64400000000023,electricity_infrastructure,Electricity infrastructure,0,False,0.0
h1_2025_12_03,h1_2025_12_03_t00278,comment,02:20:18.741,Unknown speaker,staff,112,47.638999999999214,electricity_infrastructure,Electricity infrastructure,0,False,0.0
h1_2025_12_03,h1_2025_12_03_t00281,comment,02:21:09.237,Unknown speaker,staff,22,7.483000000000175,electricity_infrastructure,Electricity infrastructure,0,False,0.0
h1_2025_12_03,h1_2025_12_03_t00282,comment,02:21:19.861,Unknown speaker,staff,20,5.34099999999853,electricity_infrastructure,Electricity infrastructure,0,False,0.0
h1_2025_12_03,h1_2025_12_03_t00283,comment,02:21:34.898,Unknown speaker,staff,117,51.699000000000524,electricity_infrastructure,Electricity infrastructure,0,False,0.0
h1_2025_12_03,h1_2025_12_03_t00284,comment,02:22:34.085,Unknown speaker,staff,241,115.44000000000051,electricity_infrastructure,Electricity infrastructure,0,False,0.008072133675445807
h1_2025_12_03,h1_2025_12_03_t00286,comment,02:24:40.305,Unknown speaker,official,33,9.066999999999098,electricity_infrastructure,Electricity infrastructure,0,False,0.0
h1_2025_12_03,h1_2025_12_03_t00287,comment,02:24:52.095,Unknown speaker,staff,471,210.58300000000054,electricity_infrastructure,Electricity infrastructure,0,False,0.0
h1_2025_12_03,h1_2025_12_03_t00288,comment,02:28:25.720,Unknown speaker,staff,124,47.85200000000077,electricity_infrastructure,Electricity infrastructure,0,False,0.0
h1_2025_12_03,h1_2025_12_03_t00289,comment,02:29:16.689,Unknown speaker,staff,25,12.265999999999622,electricity_infrastructure,Electricity infrastructure,0,False,0.0
h1_2025_12_03,h1_2025_12_03_t00297,comment,02:30:12.103,Unknown speaker,consultant,32,15.031000000000859,electricity_infrastructure,Electricity infrastructure,0,False,0.0
h1_2025_12_03,h1_2025_12_03_t00298,comment,02:30:30.295,Unknown speaker,consultant,598,218.59900000000016,electricity_infrastructure,Electricity infrastructure,3,True,0.03386340151659193
h1_2025_12_03,h1_2025_12_03_t00300,comment,02:34:12.775,Unknown speaker,consultant,607,210.19900000000052,electricity_infrastructure,Electricity infrastructure,13,True,0.11912900984463015
h1_2025_12_03,h1_2025_12_03_t00301,comment,02:37:47.512,Unknown speaker,consultant,775,290.66399999999885,electricity_infrastructure,Electricity infrastructure,6,True,0.06983188070352664
h1_2025_12_03,h1_2025_12_03_t00303,comment,02:42:39.237,Unknown speaker,consultant,380,126.00300000000061,electricity_infrastructure,Electricity infrastructure,1,True,0.057087762414294564
h1_2025_12_03,h1_2025_12_03_t00305,comment,02:44:46.400,Unknown speaker,consultant,532,183.47400000000016,electricity_infrastructure,Electricity infrastructure,7,True,0.09580070024073194
h1_2025_12_03,h1_2025_12_03_t00306,comment,02:47:49.914,Unknown speaker,official,81,28.02599999999984,electricity_infrastructure,Electricity infrastructure,0,False,0.0
h1_2025_12_03,h1_2025_12_03_t00307,comment,02:48:18.709,Unknown speaker,unknown,114,28.9479999999985,electricity_infrastructure,Electricity infrastructure,0,False,0.0
h1_2025_12_03,h1_2025_12_03_t00308,comment,02:48:48.247,Unknown speaker,official,108,41.73999999999978,electricity_infrastructure,Electricity infrastructure,0,False,0.0
h1_2025_12_03,h1_2025_12_03_t00309,comment,02:49:33.028,Unknown speaker,official,20,9.16399999999885,electricity_infrastructure,Electricity infrastructure,0,False,0.0
h1_2025_12_03,h1_2025_12_03_t00311,comment,02:49:46.417,Unknown speaker,official,78,39.70800000000054,electricity_infrastructure,Electricity infrastructure,0,False,0.0
h1_2025_12_03,h1_2025_12_03_t00313,comment,02:50:27.825,Unknown speaker,official,30,14.167999999999665,electricity_infrastructure,Electricity infrastructure,0,False,0.0
h1_2025_12_03,h1_2025_12_03_t00314,comment,02:50:44.580,Unknown speaker,staff,212,98.42900000000009,electricity_infrastructure,Electricity infrastructure,0,False,0.0
h1_2025_12_03,h1_2025_12_03_t00315,comment,02:52:23.249,Unknown speaker,official,77,31.99699999999939,electricity_infrastructure,Electricity infrastructure,0,False,0.0
h1_2025_12_03,h1_2025_12_03_t00318,comment,02:53:04.913,Unknown speaker,staff,66,27.462999999999738,electricity_infrastructure,Electricity infrastructure,0,False,0.0
h1_2025_12_03,h1_2025_12_03_t00321,comment,02:53:45.206,Unknown speaker,staff,91,36.55799999999908,electricity_infrastructure,Electricity infrastructure,0,False,0.0
h1_2025_12_03,h1_2025_12_03_t00326,comment,02:54:35.691,Unknown speaker,official,28,6.222999999999956,electricity_infrastructure,Electricity infrastructure,0,False,0.0
h1_2025_12_03,h1_2025_12_03_t00327,comment,02:54:42.414,Unknown speaker,official,26,12.417999999999665,electricity_infrastructure,Electricity infrastructure,0,False,0.0
h1_2025_12_03,h1_2025_12_03_t00330,comment,02:55:06.161,Unknown speaker,official,105,33.48899999999958,electricity_infrastructure,Electricity infrastructure,0,False,0.0
h1_2025_12_03,h1_2025_12_03_t00331,comment,02:55:39.670,Unknown speaker,staff,26,11.962999999999738,electricity_infrastructure,Electricity infrastructure,0,False,0.0
h1_2025_12_03,h1_2025_12_03_t00334,comment,02:56:04.983,Unknown speaker,official,139,54.615999999999985,electricity_infrastructure,Electricity infrastructure,0,False,0.0
h1_2025_12_03,h1_2025_12_03_t00335,comment,02:56:59.759,Unknown speaker,consultant,20,4.743000000000393,electricity_infrastructure,Electricity infrastructure,0,False,0.0
h1_2025_12_03,h1_2025_12_03_t00338,comment,02:57:13.788,Unknown speaker,official,20,5.502999999998792,electricity_infrastructure,Electricity infrastructure,0,False,0.0
h1_2025_12_03,h1_2025_12_03_t00339,comment,02:57:19.731,Unknown speaker,consultant,18,8.585000000000946,electricity_infrastructure,Electricity infrastructure,0,False,0.0
h1_2025_12_03,h1_2025_12_03_t00341,comment,02:57:35.020,Unknown speaker,consultant,337,131.6279999999988,electricity_infrastructure,Electricity infrastructure,2,True,0.04332278500993194
h1_2025_12_03,h1_2025_12_03_t00342,comment,02:59:46.668,Unknown speaker,official,56,22.02100000000064,electricity_infrastructure,Electricity infrastructure,0,False,0.04753950104214645
h1_2025_12_03,h1_2025_12_03_t00343,comment,03:00:09.710,Unknown speaker,consultant,122,39.27000000000044,electricity_infrastructure,Electricity infrastructure,0,False,0.03310011265404736
h1_2025_12_03,h1_2025_12_03_t00344,comment,03:00:49.000,Unknown speaker,official,57,17.222999999999956,electricity_infrastructure,Electricity infrastructure,0,False,0.015716376464996906
h1_2025_12_03,h1_2025_12_03_t00345,comment,03:01:07.363,Unknown speaker,consultant,71,21.394000000000233,electricity_infrastructure,Electricity infrastructure,0,False,0.022418466148556408
h1_2025_12_03,h1_2025_12_03_t00348,comment,03:01:43.332,Unknown speaker,official,74,35.02000000000044,electricity_infrastructure,Electricity infrastructure,0,False,0.0
h1_2025_12_03,h1_2025_12_03_t00349,comment,03:02:19.298,Unknown speaker,staff,193,64.02899999999863,electricity_infrastructure,Electricity infrastructure,1,True,0.0217257903487311
h1_2025_12_03,h1_2025_12_03_t00350,comment,03:03:23.647,Unknown speaker,official,27,14.766999999999825,electricity_infrastructure,Electricity infrastructure,0,False,0.0
h1_2025_12_03,h1_2025_12_03_t00351,comment,03:03:39.434,Unknown speaker,staff,62,18.585000000000946,electricity_infrastructure,Electricity infrastructure,0,False,0.0
h1_2025_12_03,h1_2025_12_03_t00352,comment,03:03:58.399,Unknown speaker,official,22,6.023000000001048,electricity_infrastructure,Electricity infrastructure,0,False,0.0
h1_2025_12_03,h1_2025_12_03_t00359,comment,03:04:22.820,Unknown speaker,official,53,23.971999999999753,electricity_infrastructure,Electricity infrastructure,0,False,0.01886377009139847
h1_2025_12_03,h1_2025_12_03_t00361,comment,03:04:51.313,Unknown speaker,official,64,24.913000000000466,electricity_infrastructure,Electricity infrastructure,0,False,0.0
h1_2025_12_03,h1_2025_12_03_t00362,comment,03:05:16.466,Unknown speaker,consultant,60,20.41899999999987,electricity_infrastructure,Electricity infrastructure,1,True,0.031240580532949522
h1_2025_12_03,h1_2025_12_03_t00366,comment,03:05:45.281,Unknown speaker,consultant,26,9.02599999999984,electricity_infrastructure,Electricity infrastructure,0,False,0.029236699440086868
h1_2025_12_03,h1_2025_12_03_t00367,comment,03:05:54.707,Unknown speaker,official,140,58.11800000000039,electricity_infrastructure,Electricity infrastructure,0,False,0.028063230709527483
h1_2025_12_03,h1_2025_12_03_t00368,comment,03:06:53.445,Unknown speaker,consultant,410,153.02900000000045,electricity_infrastructure,Electricity infrastructure,1,True,0.03353729633372719
h1_2025_12_03,h1_2025_12_03_t00369,comment,03:09:26.594,Unknown speaker,official,59,17.10699999999997,electricity_infrastructure,Electricity infrastructure,0,False,0.0
h1_2025_12_03,h1_2025_12_03_t00372,comment,03:10:28.331,Unknown speaker,official,50,13.825000000000728,electricity_infrastructure,Electricity infrastructure,0,False,0.0
h1_2025_12_03,h1_2025_12_03_t00373,comment,03:10:47.359,Unknown speaker,official,22,6.403000000000247,electricity_infrastructure,Electricity infrastructure,0,False,0.0
h1_2025_12_03,h1_2025_12_03_t00375,comment,03:11:46.983,Unknown speaker,official,18,9.604999999999563,electricity_infrastructure,Electricity infrastructure,0,False,0.0
h1_2025_12_03,h1_2025_12_03_t00378,comment,03:12:00.191,Unknown speaker,unknown,513,193.80099999999948,electricity_infrastructure,Electricity infrastructure,0,False,0.003779080235564598
h1_2025_12_03,h1_2025_12_03_t00383,comment,03:16:06.004,Unknown speaker,public,185,65.33699999999953,electricity_infrastructure,Electricity infrastructure,0,False,0.0
h1_2025_12_03,h1_2025_12_03_t00386,comment,03:17:31.262,Unknown speaker,public,389,127.04399999999987,electricity_infrastructure,Electricity infrastructure,0,False,0.0
h1_2025_12_03,h1_2025_12_03_t00392,comment,03:20:49.879,Unknown speaker,official,101,46.93499999999949,electricity_infrastructure,Electricity infrastructure,0,False,0.0
h1_2025_12_03,h1_2025_12_03_t00393,comment,03:21:37.214,Unknown speaker,developer,51,20.046000000000276,electricity_infrastructure,Electricity infrastructure,0,False,0.0
h1_2025_12_03,h1_2025_12_03_t00394,comment,03:21:57.280,Unknown speaker,official,60,30.307999999999083,electricity_infrastructure,Electricity infrastructure,0,False,0.0
h1_2025_12_03,h1_2025_12_03_t00395,comment,03:22:27.868,Unknown speaker,developer,70,24.066999999999098,electricity_infrastructure,Electricity infrastructure,0,False,0.0
h1_2025_12_03,h1_2025_12_03_t00397,comment,03:22:53.277,Unknown speaker,developer,19,4.962999999999738,electricity_infrastructure,Electricity infrastructure,0,False,0.0
h1_2025_12_03,h1_2025_12_03_t00398,comment,03:22:58.261,Unknown speaker,official,183,56.23400000000038,electricity_infrastructure,Electricity infrastructure,0,False,0.0
h1_2025_12_03,h1_2025_12_03_t00399,comment,03:23:55.744,Unknown speaker,developer,100,27.995999999999185,electricity_infrastructure,Electricity infrastructure,0,False,0.0
h1_2025_12_03,h1_2025_12_03_t00400,comment,03:24:24.260,Unknown speaker,official,54,20.050999999999476,electricity_infrastructure,Electricity infrastructure,0,False,0.0
h1_2025_12_03,h1_2025_12_03_t00404,comment,03:25:06.229,Unknown speaker,official,147,53.71600000000035,electricity_infrastructure,Electricity infrastructure,0,False,0.0
h1_2025_12_03,h1_2025_12_03_t00406,comment,03:26:11.069,Unknown speaker,official,121,43.65099999999984,electricity_infrastructure,Electricity infrastructure,0,False,0.0
h1_2025_12_03,h1_2025_12_03_t00408,comment,03:26:59.193,Unknown speaker,official,40,12.268000000000029,electricity_infrastructure,Electricity infrastructure,0,False,0.0
h1_2025_12_03,h1_2025_12_03_t00410,comment,03:27:21.227,Unknown speaker,official,46,17.282999999999447,electricity_infrastructure,Electricity infrastructure,0,False,0.0
h1_2025_12_03,h1_2025_12_03_t00412,comment,03:27:41.072,Unknown speaker,official,81,39.215000000000146,electricity_infrastructure,Electricity infrastructure,1,True,0.056325006191144694
h1_2025_12_03,h1_2025_12_03_t00413,comment,03:28:22.826,Unknown speaker,developer,34,14.911000000000058,electricity_infrastructure,Electricity infrastructure,0,False,0.0
h1_2025_12_03,h1_2025_12_03_t00414,comment,03:28:37.757,Unknown speaker,developer,125,54.54500000000007,electricity_infrastructure,Electricity infrastructure,0,False,0.0
h1_2025_12_03,h1_2025_12_03_t00415,comment,03:29:32.785,Unknown speaker,official,30,13.668999999999869,electricity_infrastructure,Electricity infrastructure,0,False,0.0
h1_2025_12_03,h1_2025_12_03_t00416,comment,03:29:46.474,Unknown speaker,developer,50,19.674999999999272,electricity_infrastructure,Electricity infrastructure,0,False,0.0
h1_2025_12_03,h1_2025_12_03_t00418,comment,03:30:12.153,Unknown speaker,developer,48,17.064000000000306,electricity_infrastructure,Electricity infrastructure,0,False,0.035426349793717005
h1_2025_12_03,h1_2025_12_03_t00419,comment,03:30:29.237,Unknown speaker,official,27,8.782000000001062,electricity_infrastructure,Electricity infrastructure,0,False,0.0
h1_2025_12_03,h1_2025_12_03_t00420,comment,03:30:40.060,Unknown speaker,developer,30,9.125,electricity_infrastructure,Electricity infrastructure,0,False,0.0
h1_2025_12_03,h1_2025_12_03_t00421,comment,03:30:49.905,Unknown speaker,official,109,43.862999999999374,electricity_infrastructure,Electricity infrastructure,0,False,0.0
h1_2025_12_03,h1_2025_12_03_t00422,comment,03:31:42.322,Unknown speaker,public,294,107.9989999999998,electricity_infrastructure,Electricity infrastructure,0,False,0.0
h1_2025_12_03,h1_2025_12_03_t00425,comment,03:33:42.785,Unknown speaker,official,54,17.82600000000093,electricity_infrastructure,Electricity infrastructure,0,False,0.0
h1_2025_12_03,h1_2025_12_03_t00426,comment,03:34:00.651,Unknown speaker,developer,23,7.143000000000029,electricity_infrastructure,Electricity infrastructure,0,False,0.0
h1_2025_12_03,h1_2025_12_03_t00431,comment,03:34:34.392,Unknown speaker,public,627,186.8099999999995,electricity_infrastructure,Electricity infrastructure,0,False,0.01242512709606854
h1_2025_12_03,h1_2025_12_03_t00435,comment,03:38:10.771,Unknown speaker,public,438,162.40200000000004,electricity_infrastructure,Electricity infrastructure,0,False,0.0127212808641658
h1_2025_12_03,h1_2025_12_03_t00438,comment,03:41:08.792,Unknown speaker,official,34,15.713999999999942,electricity_infrastructure,Electricity infrastructure,0,False,0.0
h1_2025_12_03,h1_2025_12_03_t00439,comment,03:41:28.451,Unknown speaker,developer,44,17.355000000001382,electricity_infrastructure,Electricity infrastructure,0,False,0.0
h1_2025_12_03,h1_2025_12_03_t00440,comment,03:41:47.047,Unknown speaker,official,25,9.028000000000247,electricity_infrastructure,Electricity infrastructure,0,False,0.0
h1_2025_12_03,h1_2025_12_03_t00442,comment,03:42:05.138,Unknown speaker,official,40,17.531999999999243,electricity_infrastructure,Electricity infrastructure,0,False,0.0
h1_2025_12_03,h1_2025_12_03_t00443,comment,03:42:24.871,Unknown speaker,developer,57,21.822000000000116,electricity_infrastructure,Electricity infrastructure,0,False,0.0
h1_2025_12_03,h1_2025_12_03_t00444,comment,03:42:52.558,Unknown speaker,official,81,29.738999999999578,electricity_infrastructure,Electricity infrastructure,0,False,0.0
h1_2025_12_03,h1_2025_12_03_t00445,comment,03:43:23.057,Unknown speaker,official,25,12.682999999999083,electricity_infrastructure,Electricity infrastructure,1,True,0.04884856068635968
h1_2025_12_03,h1_2025_12_03_t00449,comment,03:43:44.222,Unknown speaker,official,20,7.541000000001077,electricity_infrastructure,Electricity infrastructure,0,False,0.0
h1_2025_12_03,h1_2025_12_03_t00453,comment,03:44:05.656,Unknown speaker,public,595,188.4399999999987,electricity_infrastructure,Electricity infrastructure,2,True,0.06617911945629526
h1_2025_12_03,h1_2025_12_03_t00457,comment,03:47:25.241,Unknown speaker,official,24,7.543999999999869,electricity_infrastructure,Electricity infrastructure,0,False,0.0
h1_2025_12_03,h1_2025_12_03_t00459,comment,03:48:00.917,Unknown speaker,public,480,154.53100000000086,electricity_infrastructure,Electricity infrastructure,0,False,0.0034803995275501467
h1_2025_12_03,h1_2025_12_03_t00461,comment,03:50:48.656,Unknown speaker,official,32,30.894999999998618,electricity_infrastructure,Electricity infrastructure,0,False,0.0
h1_2025_12_03,h1_2025_12_03_t00462,comment,03:51:25.678,Unknown speaker,public,78,25.391999999999825,electricity_infrastructure,Electricity infrastructure,0,False,0.0
h1_2025_12_03,h1_2025_12_03_t00464,comment,03:51:55.905,Unknown speaker,public,391,122.66399999999885,electricity_infrastructure,Electricity infrastructure,0,False,0.004451983422328118
h1_2025_12_03,h1_2025_12_03_t00468,comment,03:54:18.801,Unknown speaker,official,73,30.632000000001426,electricity_infrastructure,Electricity infrastructure,0,False,0.0
h1_2025_12_03,h1_2025_12_03_t00469,comment,03:54:52.615,Unknown speaker,official,216,92.44000000000051,electricity_infrastructure,Electricity infrastructure,0,False,0.0
h1_2025_12_03,h1_2025_12_03_t00470,comment,03:56:25.875,Unknown speaker,developer,111,35.2549999999992,electricity_infrastructure,Electricity infrastructure,0,False,0.0
h1_2025_12_03,h1_2025_12_03_t00471,comment,03:57:01.565,Unknown speaker,official,109,40.052999999999884,electricity_infrastructure,Electricity infrastructure,0,False,0.0
h1_2025_12_03,h1_2025_12_03_t00472,comment,03:57:41.958,Unknown speaker,developer,391,115.35399999999936,electricity_infrastructure,Electricity infrastructure,0,False,0.004666629227167697
h1_2025_12_03,h1_2025_12_03_t00473,comment,03:59:37.832,Unknown speaker,official,44,17.93499999999949,electricity_infrastructure,Electricity infrastructure,0,False,0.0
h1_2025_12_03,h1_2025_12_03_t00474,comment,03:59:56.528,Unknown speaker,developer,170,57.065999999998894,electricity_infrastructure,Electricity infrastructure,0,False,0.0
h1_2025_12_03,h1_2025_12_03_t00475,comment,04:00:54.395,Unknown speaker,official,60,21.610999999998967,electricity_infrastructure,Electricity infrastructure,0,False,0.0
h1_2025_12_03,h1_2025_12_03_t00476,comment,04:01:19.133,Unknown speaker,official,77,30.550999999999476,electricity_infrastructure,Electricity infrastructure,0,False,0.0
h1_2025_12_03,h1_2025_12_03_t00477,comment,04:01:50.344,Unknown speaker,official,22,10.743000000000393,electricity_infrastructure,Electricity infrastructure,0,False,0.0
h1_2025_12_03,h1_2025_12_03_t00479,comment,04:02:05.389,Unknown speaker,official,44,19.53900000000067,electricity_infrastructure,Electricity infrastructure,0,False,0.0
h1_2025_12_03,h1_2025_12_03_t00482,comment,04:02:39.710,Unknown speaker,public,453,125.11599999999999,electricity_infrastructure,Electricity infrastructure,0,False,0.0
h1_2025_12_03,h1_2025_12_03_t00485,comment,04:05:17.484,Unknown speaker,public,26,16.549999999999272,electricity_infrastructure,Electricity infrastructure,0,False,0.0
h1_2025_12_03,h1_2025_12_03_t00486,comment,04:05:45.966,Unknown speaker,public,63,17.495999999999185,electricity_infrastructure,Electricity infrastructure,0,False,0.01112569135513447
h1_2025_12_03,h1_2025_12_03_t00488,comment,04:06:12.598,Unknown speaker,public,181,87.03900000000067,electricity_infrastructure,Electricity infrastructure,0,False,0.0
h1_2025_12_03,h1_2025_12_03_t00492,comment,04:08:08.178,Unknown speaker,official,114,45.42200000000048,electricity_infrastructure,Electricity infrastructure,0,False,0.0
h1_2025_12_03,h1_2025_12_03_t00493,comment,04:08:53.997,Unknown speaker,developer,207,71.6200000000008,electricity_infrastructure,Electricity infrastructure,0,False,0.0
h1_2025_12_03,h1_2025_12_03_t00498,comment,04:11:04.352,Unknown speaker,public,394,165.39699999999903,electricity_infrastructure,Electricity infrastructure,0,False,0.0
h1_2025_12_03,h1_2025_12_03_t00503,comment,04:14:27.511,Unknown speaker,public,347,154.72899999999936,electricity_infrastructure,Electricity infrastructure,3,True,0.047809387450302734
h1_2025_12_03,h1_2025_12_03_t00504,comment,04:17:05.289,Unknown speaker,public,95,34.22599999999875,electricity_infrastructure,Electricity infrastructure,0,False,0.01617470655642444
h1_2025_12_03,h1_2025_12_03_t00506,comment,04:17:41.796,Unknown speaker,public,21,9.324999999998909,electricity_infrastructure,Electricity infrastructure,0,False,0.0
h1_2025_12_03,h1_2025_12_03_t00512,comment,04:18:21.087,Unknown speaker,official,67,26.298000000000684,electricity_infrastructure,Electricity infrastructure,0,False,0.03516765027692591
h1_2025_12_03,h1_2025_12_03_t00513,comment,04:18:49.786,Unknown speaker,consultant,127,50.04899999999907,electricity_infrastructure,Electricity infrastructure,0,False,0.026945893211617843
h1_2025_12_03,h1_2025_12_03_t00517,comment,04:20:10.053,Unknown speaker,public,207,81.13400000000001,electricity_infrastructure,Electricity infrastructure,0,False,0.0
h1_2025_12_03,h1_2025_12_03_t00518,comment,04:21:38.792,Unknown speaker,public,244,77.89600000000064,electricity_infrastructure,Electricity infrastructure,0,False,0.0
h1_2025_12_03,h1_2025_12_03_t00519,comment,04:22:59.949,Unknown speaker,public,110,38.42699999999968,electricity_infrastructure,Electricity infrastructure,0,False,0.0
h1_2025_12_03,h1_2025_12_03_t00521,comment,04:23:41.077,Unknown speaker,public,336,103.55400000000009,electricity_infrastructure,Electricity infrastructure,0,False,0.0
h1_2025_12_03,h1_2025_12_03_t00522,comment,04:25:30.514,Unknown speaker,official,129,50.5580000000009,electricity_infrastructure,Electricity infrastructure,0,False,0.0
h1_2025_12_03,h1_2025_12_03_t00523,comment,04:26:23.031,Unknown speaker,official,64,25.540999999999258,electricity_infrastructure,Electricity infrastructure,0,False,0.0
h1_2025_12_03,h1_2025_12_03_t00524,comment,04:26:50.842,Unknown speaker,developer,49,14.506999999999607,electricity_infrastructure,Electricity infrastructure,0,False,0.0
h1_2025_12_03,h1_2025_12_03_t00525,comment,04:27:08.710,Unknown speaker,developer,59,24.106000000001586,electricity_infrastructure,Electricity infrastructure,0,False,0.012720477827632318
h1_2025_12_03,h1_2025_12_03_t00528,comment,04:27:43.189,Unknown speaker,official,70,28.11199999999917,electricity_infrastructure,Electricity infrastructure,0,False,0.0
h1_2025_12_03,h1_2025_12_03_t00529,comment,04:28:12.882,Unknown speaker,developer,100,35.486000000000786,electricity_infrastructure,Electricity infrastructure,0,False,0.0
h1_2025_12_03,h1_2025_12_03_t00530,comment,04:28:52.905,Unknown speaker,official,23,9.646999999999025,electricity_infrastructure,Electricity infrastructure,0,False,0.0
h1_2025_12_03,h1_2025_12_03_t00531,comment,04:29:06.515,Unknown speaker,official,52,11.708000000000538,electricity_infrastructure,Electricity infrastructure,0,False,0.0
h1_2025_12_03,h1_2025_12_03_t00532,comment,04:29:19.122,Unknown speaker,official,67,23.51300000000083,electricity_infrastructure,Electricity infrastructure,0,False,0.0
h1_2025_12_03,h1_2025_12_03_t00533,comment,04:29:55.933,Unknown speaker,official,96,23.789999999999054,electricity_infrastructure,Electricity infrastructure,0,False,0.0
h1_2025_12_03,h1_2025_12_03_t00534,comment,04:30:19.983,Unknown speaker,official,64,18.88500000000022,electricity_infrastructure,Electricity infrastructure,0,False,0.0
h1_2025_12_03,h1_2025_12_03_t00537,comment,04:30:43.454,Unknown speaker,public,74,21.754000000000815,electricity_infrastructure,Electricity infrastructure,0,False,0.0
h1_2025_12_03,h1_2025_12_03_t00538,comment,04:31:08.452,Unknown speaker,public,516,162.8720000000012,electricity_infrastructure,Electricity infrastructure,0,False,0.0
h1_2025_12_03,h1_2025_12_03_t00539,comment,04:33:55.655,Unknown speaker,public,43,13.488000000001193,electricity_infrastructure,Electricity infrastructure,0,False,0.0
h1_2025_12_03,h1_2025_12_03_t00540,comment,04:34:09.443,Unknown speaker,official,59,18.114000000001397,electricity_infrastructure,Electricity infrastructure,0,False,0.0
h1_2025_12_03,h1_2025_12_03_t00545,comment,04:34:48.586,Unknown speaker,public,225,80.22400000000198,electricity_infrastructure,Electricity infrastructure,0,False,0.007111719970746227
h1_2025_12_03,h1_2025_12_03_t00546,comment,04:36:08.830,Unknown speaker,official,29,10.568999999999505,electricity_infrastructure,Electricity infrastructure,0,False,0.0
h1_2025_12_03,h1_2025_12_03_t00547,comment,04:36:19.599,Unknown speaker,public,168,57.21700000000055,electricity_infrastructure,Electricity infrastructure,0,False,0.0
h1_2025_12_03,h1_2025_12_03_t00548,comment,04:37:17.497,Unknown speaker,official,18,4.843000000000757,electricity_infrastructure,Electricity infrastructure,0,False,0.0
h1_2025_12_03,h1_2025_12_03_t00550,comment,04:37:23.061,Unknown speaker,official,39,13.309999999997672,electricity_infrastructure,Electricity infrastructure,0,False,0.0
h1_2025_12_03,h1_2025_12_03_t00551,comment,04:37:39.034,Unknown speaker,official,23,5.564000000002125,electricity_infrastructure,Electricity infrastructure,0,False,0.0
h1_2025_12_03,h1_2025_12_03_t00553,comment,04:37:46.980,Unknown speaker,developer,201,67.63200000000143,electricity_infrastructure,Electricity infrastructure,0,False,0.00931703622840153
h1_2025_12_03,h1_2025_12_03_t00554,comment,04:38:55.645,Unknown speaker,official,45,18.955999999998312,electricity_infrastructure,Electricity infrastructure,0,False,0.0
h1_2025_12_03,h1_2025_12_03_t00555,comment,04:39:14.781,Unknown speaker,developer,210,75.52700000000186,electricity_infrastructure,Electricity infrastructure,0,False,0.0
h1_2025_12_03,h1_2025_12_03_t00557,comment,04:40:41.472,Unknown speaker,official,55,21.534999999999854,electricity_infrastructure,Electricity infrastructure,0,False,0.0
h1_2025_12_03,h1_2025_12_03_t00563,comment,04:41:14.780,Unknown speaker,official,20,5.3840000000018335,electricity_infrastructure,Electricity infrastructure,0,False,0.0
h1_2025_12_03,h1_2025_12_03_t00564,comment,04:41:23.827,Unknown speaker,official,21,7.024999999997817,electricity_infrastructure,Electricity infrastructure,0,False,0.0
h1_2025_12_03,h1_2025_12_03_t00566,comment,04:44:28.206,Unknown speaker,official,32,23.51800000000003,electricity_infrastructure,Electricity infrastructure,0,False,0.0
h1_2025_12_03,h1_2025_12_03_t00568,comment,04:45:01.564,Unknown speaker,public,415,132.34800000000178,electricity_infrastructure,Electricity infrastructure,0,False,0.0
h2_2026_03_23,h2_2026_03_23_t00001,comment,00:00:00.945,Unknown speaker,public,67,19.407,electricity_infrastructure,Electricity infrastructure,0,False,0.0
h2_2026_03_23,h2_2026_03_23_t00003,comment,00:00:29.619,Unknown speaker,official,30,6.783000000000001,electricity_infrastructure,Electricity infrastructure,0,False,0.0
h2_2026_03_23,h2_2026_03_23_t00005,comment,00:00:37.823,Unknown speaker,official,40,17.109,electricity_infrastructure,Electricity infrastructure,0,False,0.0
h2_2026_03_23,h2_2026_03_23_t00008,comment,00:01:14.507,Unknown speaker,staff,34,21.808999999999997,electricity_infrastructure,Electricity infrastructure,0,False,0.0
h2_2026_03_23,h2_2026_03_23_t00016,comment,00:01:44.715,Unknown speaker,staff,20,17.230999999999995,electricity_infrastructure,Electricity infrastructure,0,False,0.0
h2_2026_03_23,h2_2026_03_23_t00025,comment,00:03:57.985,Unknown speaker,staff,22,13.044999999999987,electricity_infrastructure,Electricity infrastructure,0,False,0.0
h2_2026_03_23,h2_2026_03_23_t00038,comment,00:04:35.603,Unknown speaker,official,54,17.882000000000005,electricity_infrastructure,Electricity infrastructure,0,False,0.0
h2_2026_03_23,h2_2026_03_23_t00041,comment,00:05:05.654,Unknown speaker,official,257,80.565,electricity_infrastructure,Electricity infrastructure,0,False,0.0
h2_2026_03_23,h2_2026_03_23_t00043,comment,00:07:25.742,Unknown speaker,official,23,13.988,electricity_infrastructure,Electricity infrastructure,0,False,0.0
h2_2026_03_23,h2_2026_03_23_t00044,comment,00:07:53.333,Unknown speaker,official,65,22.984999999999957,electricity_infrastructure,Electricity infrastructure,0,False,0.0
h2_2026_03_23,h2_2026_03_23_t00045,comment,00:08:19.765,Unknown speaker,official,201,73.79700000000003,electricity_infrastructure,Electricity infrastructure,0,False,0.004701081400619285
h2_2026_03_23,h2_2026_03_23_t00047,comment,00:11:30.417,Unknown speaker,official,187,65.553,electricity_infrastructure,Electricity infrastructure,0,False,0.0
h2_2026_03_23,h2_2026_03_23_t00076,comment,00:14:50.074,Unknown speaker,official,29,9.605999999999995,electricity_infrastructure,Electricity infrastructure,0,False,0.0
h2_2026_03_23,h2_2026_03_23_t00077,comment,00:15:07.426,Unknown speaker,developer,32,6.846000000000004,electricity_infrastructure,Electricity infrastructure,0,False,0.0
h2_2026_03_23,h2_2026_03_23_t00078,comment,00:15:21.198,Unknown speaker,developer,1388,451.5079999999999,electricity_infrastructure,Electricity infrastructure,1,True,0.00256671634720939
h2_2026_03_23,h2_2026_03_23_t00079,comment,00:23:06.831,Unknown speaker,developer,388,131.16600000000017,electricity_infrastructure,Electricity infrastructure,0,False,0.00592882892063506
h2_2026_03_23,h2_2026_03_23_t00082,comment,00:25:32.668,Unknown speaker,official,21,8.125,electricity_infrastructure,Electricity infrastructure,0,False,0.0
h2_2026_03_23,h2_2026_03_23_t00083,comment,00:25:43.034,Unknown speaker,public,679,317.49599999999987,electricity_infrastructure,Electricity infrastructure,0,False,0.006313641764153285
h2_2026_03_23,h2_2026_03_23_t00084,comment,00:31:13.089,Unknown speaker,official,43,17.923999999999978,electricity_infrastructure,Electricity infrastructure,0,False,0.0
h2_2026_03_23,h2_2026_03_23_t00085,comment,00:31:33.554,Unknown speaker,public,696,264.3489999999997,electricity_infrastructure,Electricity infrastructure,0,False,0.00368820245832906
h2_2026_03_23,h2_2026_03_23_t00086,comment,00:36:05.439,Unknown speaker,official,22,11.62900000000036,electricity_infrastructure,Electricity infrastructure,0,False,0.0
h2_2026_03_23,h2_2026_03_23_t00087,comment,00:36:17.128,Unknown speaker,consultant,544,196.06399999999985,electricity_infrastructure,Electricity infrastructure,0,False,0.0
h2_2026_03_23,h2_2026_03_23_t00090,comment,00:39:52.808,Unknown speaker,developer,564,225.8470000000002,electricity_infrastructure,Electricity infrastructure,0,False,0.0027785348603050325
h2_2026_03_23,h2_2026_03_23_t00091,comment,00:43:44.657,Unknown speaker,developer,18,4.40099999999984,electricity_infrastructure,Electricity infrastructure,0,False,0.0
h2_2026_03_23,h2_2026_03_23_t00092,comment,00:43:49.518,Unknown speaker,official,19,7.201999999999771,electricity_infrastructure,Electricity infrastructure,0,False,0.0
h2_2026_03_23,h2_2026_03_23_t00093,comment,00:44:08.182,Unknown speaker,public,204,90.89100000000008,electricity_infrastructure,Electricity infrastructure,0,False,0.006846953058052084
h2_2026_03_23,h2_2026_03_23_t00094,comment,00:45:42.797,Unknown speaker,public,251,105.60300000000007,electricity_infrastructure,Electricity infrastructure,0,False,0.0
h2_2026_03_23,h2_2026_03_23_t00095,comment,00:47:31.903,Unknown speaker,public,261,112.9050000000002,electricity_infrastructure,Electricity infrastructure,2,True,0.028001085638535393
h2_2026_03_23,h2_2026_03_23_t00096,comment,00:49:39.329,Unknown speaker,public,19,12.385999999999967,electricity_infrastructure,Electricity infrastructure,0,False,0.0
h2_2026_03_23,h2_2026_03_23_t00098,comment,00:49:54.116,Unknown speaker,public,27,8.123999999999796,electricity_infrastructure,Electricity infrastructure,0,False,0.0
h2_2026_03_23,h2_2026_03_23_t00102,comment,00:50:22.043,Unknown speaker,public,42,17.20699999999988,electricity_infrastructure,Electricity infrastructure,0,False,0.0
h2_2026_03_23,h2_2026_03_23_t00103,comment,00:50:43.231,Unknown speaker,public,354,116.6859999999997,electricity_infrastructure,Electricity infrastructure,0,False,0.0
h2_2026_03_23,h2_2026_03_23_t00104,comment,00:52:44.451,Unknown speaker,public,72,30.286000000000058,electricity_infrastructure,Electricity infrastructure,0,False,0.0
h2_2026_03_23,h2_2026_03_23_t00106,comment,00:53:28.809,Unknown speaker,public,103,36.8149999999996,electricity_infrastructure,Electricity infrastructure,0,False,0.0
h2_2026_03_23,h2_2026_03_23_t00108,comment,00:54:51.299,Unknown speaker,developer,112,37.84400000000005,electricity_infrastructure,Electricity infrastructure,0,False,0.0
h2_2026_03_23,h2_2026_03_23_t00109,comment,00:55:36.913,Unknown speaker,public,531,203.13499999999976,electricity_infrastructure,Electricity infrastructure,6,True,0.04998319820012291
h2_2026_03_23,h2_2026_03_23_t00110,comment,00:59:09.083,Unknown speaker,official,20,9.324999999999818,electricity_infrastructure,Electricity infrastructure,0,False,0.0
h2_2026_03_23,h2_2026_03_23_t00112,comment,00:59:22.791,Unknown speaker,public,192,78.27700000000004,electricity_infrastructure,Electricity infrastructure,0,False,0.0
h2_2026_03_23,h2_2026_03_23_t00113,comment,01:00:45.550,Unknown speaker,public,38,20.143999999999778,electricity_infrastructure,Electricity infrastructure,0,False,0.0
h2_2026_03_23,h2_2026_03_23_t00114,comment,01:01:07.516,Unknown speaker,official,29,10.88799999999992,electricity_infrastructure,Electricity infrastructure,0,False,0.0
h2_2026_03_23,h2_2026_03_23_t00115,comment,01:01:19.545,Unknown speaker,public,41,16.02500000000009,electricity_infrastructure,Electricity infrastructure,0,False,0.0
h2_2026_03_23,h2_2026_03_23_t00116,comment,01:01:47.333,Unknown speaker,public,367,129.9670000000001,electricity_infrastructure,Electricity infrastructure,5,True,0.04921656646574586
h2_2026_03_23,h2_2026_03_23_t00117,comment,01:04:05.896,Unknown speaker,developer,25,5.9669999999996435,electricity_infrastructure,Electricity infrastructure,0,False,0.0
h2_2026_03_23,h2_2026_03_23_t00119,comment,01:04:22.234,Unknown speaker,public,571,233.50199999999995,electricity_infrastructure,Electricity infrastructure,0,False,0.0
h2_2026_03_23,h2_2026_03_23_t00120,comment,01:08:19.138,Unknown speaker,public,319,98.90599999999995,electricity_infrastructure,Electricity infrastructure,0,False,0.0
h2_2026_03_23,h2_2026_03_23_t00121,comment,01:10:06.860,Unknown speaker,public,339,151.1230000000005,electricity_infrastructure,Electricity infrastructure,0,False,0.0
h2_2026_03_23,h2_2026_03_23_t00122,comment,01:12:41.145,Unknown speaker,public,25,11.359999999999673,electricity_infrastructure,Electricity infrastructure,0,False,0.0
h2_2026_03_23,h2_2026_03_23_t00124,comment,01:12:54.747,Unknown speaker,public,78,34.764000000000124,electricity_infrastructure,Electricity infrastructure,0,False,0.0
h2_2026_03_23,h2_2026_03_23_t00125,comment,01:13:39.600,Unknown speaker,public,107,52.714999999999236,electricity_infrastructure,Electricity infrastructure,0,False,0.0
h2_2026_03_23,h2_2026_03_23_t00126,comment,01:14:34.777,Unknown speaker,official,31,19.141999999999825,electricity_infrastructure,Electricity infrastructure,0,False,0.0
h2_2026_03_23,h2_2026_03_23_t00127,comment,01:15:02.172,Unknown speaker,official,394,182.53100000000086,electricity_infrastructure,Electricity infrastructure,0,False,0.0
h2_2026_03_23,h2_2026_03_23_t00129,comment,01:18:10.546,Unknown speaker,official,133,47.32799999999952,electricity_infrastructure,Electricity infrastructure,0,False,0.0
h2_2026_03_23,h2_2026_03_23_t00130,comment,01:18:58.534,Unknown speaker,official,141,55.48400000000038,electricity_infrastructure,Electricity infrastructure,0,False,0.011484642045606857
h2_2026_03_23,h2_2026_03_23_t00132,comment,01:20:10.149,Unknown speaker,official,88,41.20299999999952,electricity_infrastructure,Electricity infrastructure,0,False,0.0
h2_2026_03_23,h2_2026_03_23_t00134,comment,01:21:06.512,Unknown speaker,official,21,7.806000000000495,electricity_infrastructure,Electricity infrastructure,0,False,0.0
h2_2026_03_23,h2_2026_03_23_t00135,comment,01:21:18.461,Unknown speaker,public,334,122.83500000000004,electricity_infrastructure,Electricity infrastructure,0,False,0.0
h2_2026_03_23,h2_2026_03_23_t00137,comment,01:23:31.700,Unknown speaker,public,139,53.738000000000284,electricity_infrastructure,Electricity infrastructure,0,False,0.0
h2_2026_03_23,h2_2026_03_23_t00141,comment,01:24:29.760,Unknown speaker,public,91,36.259000000000015,electricity_infrastructure,Electricity infrastructure,0,False,0.010394985825758285
h2_2026_03_23,h2_2026_03_23_t00142,comment,01:25:09.881,Unknown speaker,public,58,23.829999999999927,electricity_infrastructure,Electricity infrastructure,0,False,0.0
h2_2026_03_23,h2_2026_03_23_t00145,comment,01:25:52.996,Unknown speaker,public,323,126.17799999999988,electricity_infrastructure,Electricity infrastructure,0,False,0.0
h2_2026_03_23,h2_2026_03_23_t00147,comment,01:28:12.341,Unknown speaker,public,160,84.5630000000001,electricity_infrastructure,Electricity infrastructure,0,False,0.0
h2_2026_03_23,h2_2026_03_23_t00151,comment,01:29:51.221,Unknown speaker,public,285,122.87800000000061,electricity_infrastructure,Electricity infrastructure,0,False,0.0
h2_2026_03_23,h2_2026_03_23_t00153,comment,01:32:02.783,Unknown speaker,public,103,38.107999999999265,electricity_infrastructure,Electricity infrastructure,0,False,0.011854036304483865
h2_2026_03_23,h2_2026_03_23_t00154,comment,01:32:44.894,Unknown speaker,public,188,67.29599999999937,electricity_infrastructure,Electricity infrastructure,0,False,0.0
h2_2026_03_23,h2_2026_03_23_t00156,comment,01:34:03.098,Unknown speaker,public,213,67.63799999999992,electricity_infrastructure,Electricity infrastructure,0,False,0.0
h2_2026_03_23,h2_2026_03_23_t00158,comment,01:35:13.668,Unknown speaker,public,256,85.51600000000053,electricity_infrastructure,Electricity infrastructure,0,False,0.004896124841814225
h2_2026_03_23,h2_2026_03_23_t00159,comment,01:36:42.583,Unknown speaker,public,110,29.105000000000473,electricity_infrastructure,Electricity infrastructure,0,False,0.0
h2_2026_03_23,h2_2026_03_23_t00161,comment,01:37:28.177,Unknown speaker,public,329,121.25,electricity_infrastructure,Electricity infrastructure,0,False,0.0
h2_2026_03_23,h2_2026_03_23_t00163,comment,01:39:38.434,Unknown speaker,official,111,43.64499999999953,electricity_infrastructure,Electricity infrastructure,0,False,0.0
h2_2026_03_23,h2_2026_03_23_t00165,comment,01:40:30.186,Unknown speaker,public,267,80.5590000000002,electricity_infrastructure,Electricity infrastructure,0,False,0.005091232160688376
h2_2026_03_23,h2_2026_03_23_t00167,comment,01:41:56.843,Unknown speaker,public,130,32.284999999999854,electricity_infrastructure,Electricity infrastructure,0,False,0.0
h2_2026_03_23,h2_2026_03_23_t00170,comment,01:42:36.670,Unknown speaker,public,318,122.0010000000002,electricity_infrastructure,Electricity infrastructure,0,False,0.004827890740359522
h2_2026_03_23,h2_2026_03_23_t00173,comment,01:44:52.200,Unknown speaker,public,397,121.54700000000048,electricity_infrastructure,Electricity infrastructure,1,True,0.030652999205666387
h2_2026_03_23,h2_2026_03_23_t00175,comment,01:47:02.408,Unknown speaker,public,148,45.978000000000065,electricity_infrastructure,Electricity infrastructure,0,False,0.0
h2_2026_03_23,h2_2026_03_23_t00177,comment,01:47:49.946,Unknown speaker,public,53,16.34900000000016,electricity_infrastructure,Electricity infrastructure,0,False,0.0
h2_2026_03_23,h2_2026_03_23_t00179,comment,01:48:12.995,Unknown speaker,public,203,52.228000000000065,electricity_infrastructure,Electricity infrastructure,0,False,0.0
h2_2026_03_23,h2_2026_03_23_t00182,comment,01:50:38.532,Unknown speaker,official,21,6.023000000000138,electricity_infrastructure,Electricity infrastructure,0,False,0.0
h2_2026_03_23,h2_2026_03_23_t00185,comment,01:50:50.479,Unknown speaker,public,125,45.55000000000018,electricity_infrastructure,Electricity infrastructure,0,False,0.0
h2_2026_03_23,h2_2026_03_23_t00186,comment,01:51:39.385,Unknown speaker,public,100,33.246000000000095,electricity_infrastructure,Electricity infrastructure,0,False,0.0
h2_2026_03_23,h2_2026_03_23_t00188,comment,01:52:26.139,Unknown speaker,public,366,122.92100000000028,electricity_infrastructure,Electricity infrastructure,0,False,0.0
h2_2026_03_23,h2_2026_03_23_t00192,comment,01:54:49.540,Unknown speaker,public,331,106.53099999999995,electricity_infrastructure,Electricity infrastructure,0,False,0.0
h2_2026_03_23,h2_2026_03_23_t00194,comment,01:56:38.013,Unknown speaker,public,320,111.95399999999972,electricity_infrastructure,Electricity infrastructure,0,False,0.0
h2_2026_03_23,h2_2026_03_23_t00195,comment,01:58:33.629,Unknown speaker,public,50,12.54700000000048,electricity_infrastructure,Electricity infrastructure,0,False,0.0
h2_2026_03_23,h2_2026_03_23_t00197,comment,01:58:59.124,Unknown speaker,public,202,76.80000000000018,electricity_infrastructure,Electricity infrastructure,0,False,0.0
h2_2026_03_23,h2_2026_03_23_t00199,comment,02:00:18.885,Unknown speaker,public,345,125.11200000000008,electricity_infrastructure,Electricity infrastructure,0,False,0.0071148259356079635
h2_2026_03_23,h2_2026_03_23_t00203,comment,02:02:33.318,Unknown speaker,public,276,94.4960000000001,electricity_infrastructure,Electricity infrastructure,0,False,0.0
h2_2026_03_23,h2_2026_03_23_t00205,comment,02:04:17.465,Unknown speaker,public,367,117.6239999999998,electricity_infrastructure,Electricity infrastructure,0,False,0.0
h2_2026_03_23,h2_2026_03_23_t00206,comment,02:06:24.118,Unknown speaker,public,344,123.44499999999971,electricity_infrastructure,Electricity infrastructure,0,False,0.0
h2_2026_03_23,h2_2026_03_23_t00208,comment,02:08:34.233,Unknown speaker,public,271,107.03899999999976,electricity_infrastructure,Electricity infrastructure,0,False,0.028573254603265125
h2_2026_03_23,h2_2026_03_23_t00210,comment,02:10:25.802,Unknown speaker,public,438,124.88600000000042,electricity_infrastructure,Electricity infrastructure,1,True,0.014323555197614217
h2_2026_03_23,h2_2026_03_23_t00216,comment,02:12:48.117,Unknown speaker,official,198,60.05400000000009,electricity_infrastructure,Electricity infrastructure,0,False,0.0
h2_2026_03_23,h2_2026_03_23_t00218,comment,02:13:57.440,Unknown speaker,public,244,121.01700000000073,electricity_infrastructure,Electricity infrastructure,0,False,0.0
h2_2026_03_23,h2_2026_03_23_t00220,comment,02:16:07.642,Unknown speaker,public,164,56.746000000001004,electricity_infrastructure,Electricity infrastructure,0,False,0.0
h2_2026_03_23,h2_2026_03_23_t00221,comment,02:17:08.732,Unknown speaker,public,152,63.59900000000016,electricity_infrastructure,Electricity infrastructure,0,False,0.0
h2_2026_03_23,h2_2026_03_23_t00224,comment,02:18:36.810,Unknown speaker,public,39,11.483000000000175,electricity_infrastructure,Electricity infrastructure,0,False,0.0
h2_2026_03_23,h2_2026_03_23_t00225,comment,02:18:52.414,Unknown speaker,public,117,42.96299999999974,electricity_infrastructure,Electricity infrastructure,0,False,0.0
h2_2026_03_23,h2_2026_03_23_t00227,comment,02:19:44.883,Unknown speaker,public,358,118.59499999999935,electricity_infrastructure,Electricity infrastructure,0,False,0.0
h2_2026_03_23,h2_2026_03_23_t00229,comment,02:21:51.622,Unknown speaker,public,364,120.67100000000028,electricity_infrastructure,Electricity infrastructure,1,True,0.016358712963377514
h2_2026_03_23,h2_2026_03_23_t00231,comment,02:24:03.483,Unknown speaker,public,343,128.45899999999892,electricity_infrastructure,Electricity infrastructure,0,False,0.0089820682297008
h2_2026_03_23,h2_2026_03_23_t00232,comment,02:26:22.468,Unknown speaker,public,262,108.42099999999846,electricity_infrastructure,Electricity infrastructure,0,False,0.0
h2_2026_03_23,h2_2026_03_23_t00233,comment,02:28:20.397,Unknown speaker,public,29,7.586999999999534,electricity_infrastructure,Electricity infrastructure,0,False,0.0
h2_2026_03_23,h2_2026_03_23_t00236,comment,02:28:45.546,Unknown speaker,public,122,47.190999999998894,electricity_infrastructure,Electricity infrastructure,0,False,0.0
h2_2026_03_23,h2_2026_03_23_t00240,comment,02:30:03.124,Unknown speaker,public,39,18.028000000000247,electricity_infrastructure,Electricity infrastructure,0,False,0.0
h2_2026_03_23,h2_2026_03_23_t00241,comment,02:30:24.554,Unknown speaker,public,67,20.771999999999025,electricity_infrastructure,Electricity infrastructure,0,False,0.0
h2_2026_03_23,h2_2026_03_23_t00242,comment,02:30:48.708,Unknown speaker,public,69,22.47599999999875,electricity_infrastructure,Electricity infrastructure,0,False,0.0
h2_2026_03_23,h2_2026_03_23_t00243,comment,02:31:16.906,Unknown speaker,public,54,19.797999999998865,electricity_infrastructure,Electricity infrastructure,0,False,0.0
h2_2026_03_23,h2_2026_03_23_t00244,comment,02:31:40.205,Unknown speaker,public,106,45.486000000000786,electricity_infrastructure,Electricity infrastructure,2,True,0.0618583650088499
h2_2026_03_23,h2_2026_03_23_t00245,comment,02:32:28.792,Unknown speaker,public,155,56.12300000000141,electricity_infrastructure,Electricity infrastructure,1,True,0.015732407767934796
h2_2026_03_23,h2_2026_03_23_t00246,comment,02:33:35.039,Unknown speaker,public,119,38.753999999998996,electricity_infrastructure,Electricity infrastructure,0,False,0.0
h2_2026_03_23,h2_2026_03_23_t00247,comment,02:34:22.410,Unknown speaker,public,188,60.52000000000044,electricity_infrastructure,Electricity infrastructure,0,False,0.0
h2_2026_03_23,h2_2026_03_23_t00248,comment,02:35:24.291,Unknown speaker,official,32,11.703000000001339,electricity_infrastructure,Electricity infrastructure,0,False,0.0
h2_2026_03_23,h2_2026_03_23_t00249,comment,02:35:36.314,Unknown speaker,public,47,13.395000000000437,electricity_infrastructure,Electricity infrastructure,0,False,0.0
h2_2026_03_23,h2_2026_03_23_t00251,comment,02:35:58.776,Unknown speaker,public,336,96.7569999999996,electricity_infrastructure,Electricity infrastructure,0,False,0.0
h2_2026_03_23,h2_2026_03_23_t00252,comment,02:37:46.420,Unknown speaker,public,394,124.3130000000001,electricity_infrastructure,Electricity infrastructure,0,False,0.003863071679233459
h2_2026_03_23,h2_2026_03_23_t00254,comment,02:40:07.442,Unknown speaker,public,296,97.35000000000036,electricity_infrastructure,Electricity infrastructure,0,False,0.0
h2_2026_03_23,h2_2026_03_23_t00255,comment,02:41:56.973,Unknown speaker,public,293,121.45299999999952,electricity_infrastructure,Electricity infrastructure,0,False,0.0
h2_2026_03_23,h2_2026_03_23_t00256,comment,02:44:11.429,Unknown speaker,public,361,125.53199999999924,electricity_infrastructure,Electricity infrastructure,0,False,0.026342961116628025
h2_2026_03_23,h2_2026_03_23_t00259,comment,02:46:27.462,Unknown speaker,public,118,39.10699999999997,electricity_infrastructure,Electricity infrastructure,0,False,0.0
h2_2026_03_23,h2_2026_03_23_t00260,comment,02:47:15.502,Unknown speaker,public,375,115.27499999999964,electricity_infrastructure,Electricity infrastructure,0,False,0.0
h2_2026_03_23,h2_2026_03_23_t00261,comment,02:49:20.020,Unknown speaker,public,186,62.608000000000175,electricity_infrastructure,Electricity infrastructure,0,False,0.006443127123797073
h2_2026_03_23,h2_2026_03_23_t00262,comment,02:50:32.868,Unknown speaker,public,187,74.06999999999971,electricity_infrastructure,Electricity infrastructure,1,True,0.012508004361088478
h2_2026_03_23,h2_2026_03_23_t00263,comment,02:51:57.704,Unknown speaker,public,283,75.42100000000028,electricity_infrastructure,Electricity infrastructure,0,False,0.008853081400727443
h2_2026_03_23,h2_2026_03_23_t00264,comment,02:53:21.892,Unknown speaker,public,343,111.0640000000003,electricity_infrastructure,Electricity infrastructure,0,False,0.010436604851893693
h2_2026_03_23,h2_2026_03_23_t00265,comment,02:55:23.755,Unknown speaker,public,65,27.19300000000112,electricity_infrastructure,Electricity infrastructure,0,False,0.0
h2_2026_03_23,h2_2026_03_23_t00266,comment,02:55:54.448,Unknown speaker,public,131,52.93499999999949,electricity_infrastructure,Electricity infrastructure,0,False,0.0
h2_2026_03_23,h2_2026_03_23_t00267,comment,02:56:54.089,Unknown speaker,public,104,34.29700000000048,electricity_infrastructure,Electricity infrastructure,0,False,0.0
h2_2026_03_23,h2_2026_03_23_t00268,comment,02:57:37.689,Unknown speaker,public,138,41.586999999999534,electricity_infrastructure,Electricity infrastructure,0,False,0.0
h2_2026_03_23,h2_2026_03_23_t00269,comment,02:58:24.739,Unknown speaker,public,118,40.13500000000022,electricity_infrastructure,Electricity infrastructure,0,False,0.01481788737282357
h2_2026_03_23,h2_2026_03_23_t00270,comment,02:59:16.462,Unknown speaker,public,65,16.060999999999694,electricity_infrastructure,Electricity infrastructure,0,False,0.0
h2_2026_03_23,h2_2026_03_23_t00271,comment,02:59:42.012,Unknown speaker,public,113,35.01000000000022,electricity_infrastructure,Electricity infrastructure,0,False,0.0
h2_2026_03_23,h2_2026_03_23_t00272,comment,03:00:25.758,Unknown speaker,public,76,20.988999999999578,electricity_infrastructure,Electricity infrastructure,0,False,0.0
h2_2026_03_23,h2_2026_03_23_t00273,comment,03:00:55.035,Unknown speaker,public,44,16.369000000000597,electricity_infrastructure,Electricity infrastructure,0,False,0.0
h2_2026_03_23,h2_2026_03_23_t00274,comment,03:01:15.967,Unknown speaker,public,115,38.86999999999898,electricity_infrastructure,Electricity infrastructure,0,False,0.0
h2_2026_03_23,h2_2026_03_23_t00275,comment,03:02:05.202,Unknown speaker,public,426,122.90300000000025,electricity_infrastructure,Electricity infrastructure,0,False,0.0
h2_2026_03_23,h2_2026_03_23_t00276,comment,03:04:27.320,Unknown speaker,public,122,54.853000000000975,electricity_infrastructure,Electricity infrastructure,0,False,0.0
h2_2026_03_23,h2_2026_03_23_t00277,comment,03:05:25.468,Unknown speaker,public,113,51.753999999998996,electricity_infrastructure,Electricity infrastructure,0,False,0.0
h2_2026_03_23,h2_2026_03_23_t00278,comment,03:06:27.980,Unknown speaker,public,245,98.92799999999988,electricity_infrastructure,Electricity infrastructure,0,False,0.009342303952753378
h2_2026_03_23,h2_2026_03_23_t00280,comment,03:08:20.218,Unknown speaker,public,75,22.93499999999949,electricity_infrastructure,Electricity infrastructure,0,False,0.0
h2_2026_03_23,h2_2026_03_23_t00282,comment,03:08:46.773,Unknown speaker,public,84,18.19300000000112,electricity_infrastructure,Electricity infrastructure,0,False,0.0
h2_2026_03_23,h2_2026_03_23_t00284,comment,03:09:09.909,Unknown speaker,official,29,6.05199999999968,electricity_infrastructure,Electricity infrastructure,0,False,0.0
h2_2026_03_23,h2_2026_03_23_t00286,comment,03:09:20.402,Unknown speaker,public,276,84.71999999999935,electricity_infrastructure,Electricity infrastructure,0,False,0.0
h2_2026_03_23,h2_2026_03_23_t00287,comment,03:10:45.703,Unknown speaker,official,77,30.488999999999578,electricity_infrastructure,Electricity infrastructure,0,False,0.0
h2_2026_03_23,h2_2026_03_23_t00289,comment,03:11:26.566,Unknown speaker,public,166,62.30699999999888,electricity_infrastructure,Electricity infrastructure,0,False,0.0
h2_2026_03_23,h2_2026_03_23_t00292,comment,03:12:36.996,Unknown speaker,public,187,48.82800000000134,electricity_infrastructure,Electricity infrastructure,0,False,0.0
h2_2026_03_23,h2_2026_03_23_t00293,comment,03:13:33.590,Unknown speaker,public,130,47.623999999999796,electricity_infrastructure,Electricity infrastructure,0,False,0.0348794777056733
h2_2026_03_23,h2_2026_03_23_t00294,comment,03:14:30.085,Unknown speaker,public,22,5.802000000001499,electricity_infrastructure,Electricity infrastructure,0,False,0.0
h2_2026_03_23,h2_2026_03_23_t00296,comment,03:14:38.348,Unknown speaker,public,127,40.81500000000051,electricity_infrastructure,Electricity infrastructure,0,False,0.0
h2_2026_03_23,h2_2026_03_23_t00297,comment,03:15:23.862,Unknown speaker,official,24,9.229000000001179,electricity_infrastructure,Electricity infrastructure,0,False,0.0
h2_2026_03_23,h2_2026_03_23_t00300,comment,03:15:47.123,Unknown speaker,public,58,22.48700000000099,electricity_infrastructure,Electricity infrastructure,0,False,0.0
h2_2026_03_23,h2_2026_03_23_t00301,comment,03:16:14.271,Unknown speaker,official,22,8.568999999999505,electricity_infrastructure,Electricity infrastructure,0,False,0.0
h2_2026_03_23,h2_2026_03_23_t00302,comment,03:16:34.048,Unknown speaker,public,89,32.34099999999853,electricity_infrastructure,Electricity infrastructure,0,False,0.0
h2_2026_03_23,h2_2026_03_23_t00303,comment,03:17:11.853,Unknown speaker,official,28,10.467000000000553,electricity_infrastructure,Electricity infrastructure,0,False,0.0
h2_2026_03_23,h2_2026_03_23_t00305,comment,03:17:28.156,Unknown speaker,public,28,9.36199999999917,electricity_infrastructure,Electricity infrastructure,0,False,0.0
h2_2026_03_23,h2_2026_03_23_t00307,comment,03:17:39.879,Unknown speaker,public,43,13.062999999998283,electricity_infrastructure,Electricity infrastructure,0,False,0.0
h2_2026_03_23,h2_2026_03_23_t00308,comment,03:17:55.183,Unknown speaker,official,27,14.006999999999607,electricity_infrastructure,Electricity infrastructure,0,False,0.0
h2_2026_03_23,h2_2026_03_23_t00309,comment,03:18:13.304,Unknown speaker,public,54,20.04199999999946,electricity_infrastructure,Electricity infrastructure,0,False,0.0
h2_2026_03_23,h2_2026_03_23_t00310,comment,03:18:36.561,Unknown speaker,official,45,17.868000000000393,electricity_infrastructure,Electricity infrastructure,0,False,0.0
h2_2026_03_23,h2_2026_03_23_t00311,comment,03:19:02.232,Unknown speaker,public,464,216.47500000000036,electricity_infrastructure,Electricity infrastructure,1,True,0.009995858480228761
h2_2026_03_23,h2_2026_03_23_t00312,comment,03:22:47.208,Unknown speaker,public,71,32.149999999999636,electricity_infrastructure,Electricity infrastructure,0,False,0.0
h2_2026_03_23,h2_2026_03_23_t00313,comment,03:23:24.306,Unknown speaker,public,46,24.23199999999997,electricity_infrastructure,Electricity infrastructure,0,False,0.0
h2_2026_03_23,h2_2026_03_23_t00315,comment,03:24:08.390,Unknown speaker,developer,815,280.96600000000035,electricity_infrastructure,Electricity infrastructure,0,False,0.011177067699973505
h2_2026_03_23,h2_2026_03_23_t00316,comment,03:28:50.956,Unknown speaker,official,45,19.593000000000757,electricity_infrastructure,Electricity infrastructure,0,False,0.0
h2_2026_03_23,h2_2026_03_23_t00319,comment,03:29:15.852,Unknown speaker,official,33,14.023999999999432,electricity_infrastructure,Electricity infrastructure,0,False,0.0
h2_2026_03_23,h2_2026_03_23_t00320,comment,03:29:33.319,Unknown speaker,official,117,47.02599999999984,electricity_infrastructure,Electricity infrastructure,0,False,0.0
h2_2026_03_23,h2_2026_03_23_t00321,comment,03:30:23.838,Unknown speaker,official,26,10.825000000000728,electricity_infrastructure,Electricity infrastructure,0,False,0.0
h2_2026_03_23,h2_2026_03_23_t00322,comment,03:30:39.365,Unknown speaker,official,22,5.802999999999884,electricity_infrastructure,Electricity infrastructure,0,False,0.033835809083806796
h2_2026_03_23,h2_2026_03_23_t00365,comment,03:33:22.654,Unknown speaker,official,22,10.688000000000102,electricity_infrastructure,Electricity infrastructure,0,False,0.0
h2_2026_03_23,h2_2026_03_23_t00368,comment,03:33:40.608,Unknown speaker,staff,61,18.85399999999936,electricity_infrastructure,Electricity infrastructure,0,False,0.0
h2_2026_03_23,h2_2026_03_23_t00371,comment,03:34:22.417,Unknown speaker,official,23,6.663000000000466,electricity_infrastructure,Electricity infrastructure,0,False,0.0
h2_2026_03_23,h2_2026_03_23_t00372,comment,03:34:29.160,Unknown speaker,staff,22,6.163000000000466,electricity_infrastructure,Electricity infrastructure,0,False,0.0
h2_2026_03_23,h2_2026_03_23_t00373,comment,03:34:49.098,Unknown speaker,official,26,7.826000000000931,electricity_infrastructure,Electricity infrastructure,0,False,0.0
h2_2026_03_23,h2_2026_03_23_t00377,comment,03:35:14.967,Unknown speaker,staff,100,37.8169999999991,electricity_infrastructure,Electricity infrastructure,0,False,0.0
h2_2026_03_23,h2_2026_03_23_t00381,comment,03:36:37.529,Unknown speaker,staff,37,13.02599999999984,electricity_infrastructure,Electricity infrastructure,0,False,0.0
h2_2026_03_23,h2_2026_03_23_t00382,comment,03:36:52.396,Unknown speaker,official,35,11.737999999999374,electricity_infrastructure,Electricity infrastructure,0,False,0.0
h2_2026_03_23,h2_2026_03_23_t00385,comment,03:37:16.497,Unknown speaker,staff,42,16.403000000000247,electricity_infrastructure,Electricity infrastructure,0,False,0.0
h2_2026_03_23,h2_2026_03_23_t00387,comment,03:37:41.510,Unknown speaker,official,30,9.806000000000495,electricity_infrastructure,Electricity infrastructure,0,False,0.0
h2_2026_03_23,h2_2026_03_23_t00390,comment,03:38:32.187,Unknown speaker,official,31,10.566000000000713,electricity_infrastructure,Electricity infrastructure,0,False,0.0
h2_2026_03_23,h2_2026_03_23_t00395,comment,03:40:38.890,Unknown speaker,official,22,8.98700000000099,electricity_infrastructure,Electricity infrastructure,0,False,0.0
h2_2026_03_23,h2_2026_03_23_t00407,comment,03:42:08.243,Unknown speaker,public,28,11.147999999999229,electricity_infrastructure,Electricity infrastructure,0,False,0.0
h2_2026_03_23,h2_2026_03_23_t00409,comment,03:42:24.595,Unknown speaker,public,282,97.53900000000067,electricity_infrastructure,Electricity infrastructure,0,False,0.0
h2_2026_03_23,h2_2026_03_23_t00411,comment,03:44:03.527,Unknown speaker,public,334,123.48300000000017,electricity_infrastructure,Electricity infrastructure,0,False,0.004466046812771857
h2_2026_03_23,h2_2026_03_23_t00412,comment,03:46:07.171,Unknown speaker,official,31,14.46600000000035,electricity_infrastructure,Electricity infrastructure,0,False,0.0
h2_2026_03_23,h2_2026_03_23_t00413,comment,03:46:24.660,Unknown speaker,official,34,15.583000000000538,electricity_infrastructure,Electricity infrastructure,0,False,0.0
h2_2026_03_23,h2_2026_03_23_t00418,comment,03:47:24.181,Unknown speaker,public,809,242.83299999999872,electricity_infrastructure,Electricity infrastructure,0,False,0.0
h2_2026_03_23,h2_2026_03_23_t00421,comment,03:51:30.276,Unknown speaker,official,35,22.181000000000495,electricity_infrastructure,Electricity infrastructure,0,False,0.0
h2_2026_03_23,h2_2026_03_23_t00425,comment,03:52:22.763,Unknown speaker,public,95,31.821999999998297,electricity_infrastructure,Electricity infrastructure,0,False,0.0
h2_2026_03_23,h2_2026_03_23_t00426,comment,03:52:58.588,Unknown speaker,official,22,8.706000000000131,electricity_infrastructure,Electricity infrastructure,0,False,0.0
h2_2026_03_23,h2_2026_03_23_t00429,comment,03:53:22.715,Unknown speaker,official,20,9.851999999998952,electricity_infrastructure,Electricity infrastructure,0,False,0.0
h2_2026_03_23,h2_2026_03_23_t00430,comment,03:53:48.318,Unknown speaker,public,27,7.6270000000004075,electricity_infrastructure,Electricity infrastructure,0,False,0.0
h2_2026_03_23,h2_2026_03_23_t00435,comment,03:54:29.882,Unknown speaker,official,22,10.509000000000015,electricity_infrastructure,Electricity infrastructure,0,False,0.0
h1_2025_12_03,h1_2025_12_03_t00003,comment,00:00:15.605,Unknown speaker,official,72,24.328999999999997,utilities,Utilities,0,False,0.0
h1_2025_12_03,h1_2025_12_03_t00004,comment,00:00:39.954,Unknown speaker,unknown,31,15.271,utilities,Utilities,0,False,0.0
h1_2025_12_03,h1_2025_12_03_t00005,comment,00:01:00.770,Unknown speaker,official,58,25.275,utilities,Utilities,0,False,0.005484241731533864
h1_2025_12_03,h1_2025_12_03_t00006,comment,00:01:29.200,Unknown speaker,staff,23,19.180999999999997,utilities,Utilities,0,False,0.0
h1_2025_12_03,h1_2025_12_03_t00014,comment,00:02:13.178,Unknown speaker,official,78,25.02600000000001,utilities,Utilities,0,False,0.0
h1_2025_12_03,h1_2025_12_03_t00015,comment,00:02:43.150,Unknown speaker,official,32,9.730999999999995,utilities,Utilities,0,False,0.008652079958301024
h1_2025_12_03,h1_2025_12_03_t00019,comment,00:03:07.437,Unknown speaker,official,18,7.304000000000002,utilities,Utilities,0,False,0.0
h1_2025_12_03,h1_2025_12_03_t00022,comment,00:04:05.616,Unknown speaker,official,804,287.985,utilities,Utilities,1,True,0.011488449361449904
h1_2025_12_03,h1_2025_12_03_t00029,comment,00:10:38.713,Unknown speaker,developer,247,83.51800000000003,utilities,Utilities,0,False,0.0
h1_2025_12_03,h1_2025_12_03_t00030,comment,00:12:13.198,Unknown speaker,developer,53,14.513000000000034,utilities,Utilities,0,False,0.006294338552602671
h1_2025_12_03,h1_2025_12_03_t00031,comment,00:12:35.055,Unknown speaker,developer,84,31.01800000000003,utilities,Utilities,0,False,0.004729130734007952
h1_2025_12_03,h1_2025_12_03_t00034,comment,00:13:20.818,Unknown speaker,developer,1139,344.1289999999999,utilities,Utilities,0,False,0.0189749808631696
h1_2025_12_03,h1_2025_12_03_t00035,comment,00:19:08.195,Unknown speaker,developer,797,253.43000000000006,utilities,Utilities,2,True,0.01755516851491454
h1_2025_12_03,h1_2025_12_03_t00036,comment,00:23:25.968,Unknown speaker,developer,314,92.52199999999993,utilities,Utilities,0,False,0.016634790789884227
h1_2025_12_03,h1_2025_12_03_t00037,comment,00:25:08.446,Unknown speaker,developer,409,130.86800000000017,utilities,Utilities,0,False,0.021344984394389723
h1_2025_12_03,h1_2025_12_03_t00038,comment,00:27:25.706,Unknown speaker,developer,216,60.846000000000004,utilities,Utilities,0,False,0.0
h1_2025_12_03,h1_2025_12_03_t00039,comment,00:28:30.338,Unknown speaker,developer,169,54.519000000000005,utilities,Utilities,0,False,0.0
h1_2025_12_03,h1_2025_12_03_t00040,comment,00:29:25.842,Unknown speaker,official,101,26.652999999999793,utilities,Utilities,0,False,0.0
h1_2025_12_03,h1_2025_12_03_t00041,comment,00:29:52.759,Unknown speaker,developer,38,11.242999999999938,utilities,Utilities,0,False,0.0
h1_2025_12_03,h1_2025_12_03_t00045,comment,00:30:19.326,Unknown speaker,public,836,246.4380000000001,utilities,Utilities,4,True,0.040835950098988036
h1_2025_12_03,h1_2025_12_03_t00048,comment,00:34:36.842,Unknown speaker,public,213,79.37599999999975,utilities,Utilities,1,True,0.041786827606084105
h1_2025_12_03,h1_2025_12_03_t00049,comment,00:36:01.937,Unknown speaker,public,254,94.46300000000019,utilities,Utilities,0,False,0.0
h1_2025_12_03,h1_2025_12_03_t00050,comment,00:37:43.546,Unknown speaker,consultant,310,113.25500000000011,utilities,Utilities,0,False,0.0
h1_2025_12_03,h1_2025_12_03_t00052,comment,00:39:50.806,Unknown speaker,consultant,493,179.346,utilities,Utilities,0,False,0.0
h1_2025_12_03,h1_2025_12_03_t00053,comment,00:43:00.822,Unknown speaker,consultant,24,6.826999999999771,utilities,Utilities,0,False,0.0
h1_2025_12_03,h1_2025_12_03_t00062,comment,00:45:21.576,Unknown speaker,official,20,7.706000000000131,utilities,Utilities,0,False,0.0
h1_2025_12_03,h1_2025_12_03_t00065,comment,00:46:21.059,Unknown speaker,official,155,61.19599999999991,utilities,Utilities,0,False,0.0
h1_2025_12_03,h1_2025_12_03_t00066,comment,00:47:22.655,Unknown speaker,official,64,26.927999999999884,utilities,Utilities,0,False,0.0
h1_2025_12_03,h1_2025_12_03_t00067,comment,00:47:50.090,Unknown speaker,developer,197,57.88599999999997,utilities,Utilities,0,False,0.0
h1_2025_12_03,h1_2025_12_03_t00068,comment,00:48:48.376,Unknown speaker,official,145,58.13099999999986,utilities,Utilities,0,False,0.0
h1_2025_12_03,h1_2025_12_03_t00069,comment,00:49:49.970,Unknown speaker,official,25,11.202999999999975,utilities,Utilities,0,False,0.0
h1_2025_12_03,h1_2025_12_03_t00070,comment,00:50:01.193,Unknown speaker,official,119,39.06700000000001,utilities,Utilities,0,False,0.0
h1_2025_12_03,h1_2025_12_03_t00071,comment,00:50:40.871,Unknown speaker,developer,330,101.94299999999976,utilities,Utilities,0,False,0.009939097498552613
h1_2025_12_03,h1_2025_12_03_t00072,comment,00:52:22.834,Unknown speaker,official,30,9.595000000000255,utilities,Utilities,0,False,0.0
h1_2025_12_03,h1_2025_12_03_t00073,comment,00:52:32.669,Unknown speaker,developer,59,12.889000000000124,utilities,Utilities,0,False,0.0
h1_2025_12_03,h1_2025_12_03_t00076,comment,00:52:53.965,Unknown speaker,official,18,8.38799999999992,utilities,Utilities,0,False,0.0
h1_2025_12_03,h1_2025_12_03_t00077,comment,00:53:03.254,Unknown speaker,official,84,30.184000000000196,utilities,Utilities,0,False,0.0
h1_2025_12_03,h1_2025_12_03_t00078,comment,00:53:36.293,Unknown speaker,developer,72,23.06999999999971,utilities,Utilities,0,False,0.0
h1_2025_12_03,h1_2025_12_03_t00079,comment,00:54:00.303,Unknown speaker,official,32,7.829999999999927,utilities,Utilities,0,False,0.011196705160405326
h1_2025_12_03,h1_2025_12_03_t00081,comment,00:54:09.693,Unknown speaker,official,18,8.361999999999625,utilities,Utilities,0,False,0.0
h1_2025_12_03,h1_2025_12_03_t00083,comment,00:54:18.895,Unknown speaker,official,68,22.876000000000204,utilities,Utilities,0,False,0.0
h1_2025_12_03,h1_2025_12_03_t00084,comment,00:54:42.251,Unknown speaker,developer,132,40.80799999999999,utilities,Utilities,0,False,0.009238263689796697
h1_2025_12_03,h1_2025_12_03_t00085,comment,00:55:23.459,Unknown speaker,official,22,5.1030000000000655,utilities,Utilities,0,False,0.0
h1_2025_12_03,h1_2025_12_03_t00086,comment,00:55:29.398,Unknown speaker,developer,89,27.284999999999854,utilities,Utilities,0,False,0.0
h1_2025_12_03,h1_2025_12_03_t00087,comment,00:55:57.742,Unknown speaker,official,35,10.298999999999978,utilities,Utilities,0,False,0.0
h1_2025_12_03,h1_2025_12_03_t00088,comment,00:56:09.181,Unknown speaker,developer,48,16.88299999999981,utilities,Utilities,0,False,0.0
h1_2025_12_03,h1_2025_12_03_t00091,comment,00:56:34.855,Unknown speaker,official,41,16.153999999999996,utilities,Utilities,0,False,0.0
h1_2025_12_03,h1_2025_12_03_t00093,comment,00:57:02.553,Unknown speaker,developer,87,44.572000000000116,utilities,Utilities,0,False,0.012651799311505021
h1_2025_12_03,h1_2025_12_03_t00094,comment,00:57:48.495,Unknown speaker,official,20,8.564000000000306,utilities,Utilities,1,True,0.08315052386636898
h1_2025_12_03,h1_2025_12_03_t00095,comment,00:57:59.080,Unknown speaker,developer,18,3.8020000000001346,utilities,Utilities,0,False,0.0
h1_2025_12_03,h1_2025_12_03_t00096,comment,00:58:04.423,Unknown speaker,official,18,6.703000000000429,utilities,Utilities,0,False,0.0
h1_2025_12_03,h1_2025_12_03_t00103,comment,00:58:28.073,Unknown speaker,official,19,12.48700000000008,utilities,Utilities,0,False,0.0
h1_2025_12_03,h1_2025_12_03_t00104,comment,00:58:45.661,Unknown speaker,official,32,11.143999999999778,utilities,Utilities,0,False,0.021408760902742116
h1_2025_12_03,h1_2025_12_03_t00105,comment,00:58:58.047,Unknown speaker,developer,199,71.346,utilities,Utilities,0,False,0.011608585958596991
h1_2025_12_03,h1_2025_12_03_t00107,comment,01:00:14.270,Unknown speaker,developer,48,17.690999999999804,utilities,Utilities,0,False,0.0
h1_2025_12_03,h1_2025_12_03_t00111,comment,01:00:52.184,Unknown speaker,official,49,15.084999999999582,utilities,Utilities,0,False,0.0
h1_2025_12_03,h1_2025_12_03_t00112,comment,01:01:08.148,Unknown speaker,developer,268,86.94499999999971,utilities,Utilities,0,False,0.005397823842512105
h1_2025_12_03,h1_2025_12_03_t00115,comment,01:02:58.546,Unknown speaker,official,162,52.345000000000255,utilities,Utilities,0,False,0.0
h1_2025_12_03,h1_2025_12_03_t00116,comment,01:03:53.913,Unknown speaker,developer,76,26.235000000000127,utilities,Utilities,0,False,0.0
h1_2025_12_03,h1_2025_12_03_t00117,comment,01:04:20.608,Unknown speaker,official,51,14.94399999999996,utilities,Utilities,0,False,0.0
h1_2025_12_03,h1_2025_12_03_t00119,comment,01:04:53.297,Unknown speaker,official,59,17.126999999999953,utilities,Utilities,0,False,0.0
h1_2025_12_03,h1_2025_12_03_t00120,comment,01:05:12.026,Unknown speaker,public,155,46.008000000000266,utilities,Utilities,1,True,0.02143170383493051
h1_2025_12_03,h1_2025_12_03_t00121,comment,01:06:01.281,Unknown speaker,official,73,26.02500000000009,utilities,Utilities,0,False,0.0
h1_2025_12_03,h1_2025_12_03_t00122,comment,01:06:27.727,Unknown speaker,public,103,35.846000000000004,utilities,Utilities,2,True,0.014946861558170786
h1_2025_12_03,h1_2025_12_03_t00123,comment,01:07:03.713,Unknown speaker,official,18,5.3419999999996435,utilities,Utilities,0,False,0.0
h1_2025_12_03,h1_2025_12_03_t00124,comment,01:07:12.476,Unknown speaker,official,314,103.20800000000008,utilities,Utilities,0,False,0.012944487594694864
h1_2025_12_03,h1_2025_12_03_t00125,comment,01:08:57.705,Unknown speaker,official,18,4.8419999999996435,utilities,Utilities,0,False,0.0
h1_2025_12_03,h1_2025_12_03_t00128,comment,01:09:05.608,Unknown speaker,official,21,8.804000000000087,utilities,Utilities,0,False,0.0
h1_2025_12_03,h1_2025_12_03_t00131,comment,01:09:21.783,Unknown speaker,official,19,5.0239999999994325,utilities,Utilities,0,False,0.0
h1_2025_12_03,h1_2025_12_03_t00132,comment,01:09:27.608,Unknown speaker,official,49,15.992999999999483,utilities,Utilities,0,False,0.007479360334266537
h1_2025_12_03,h1_2025_12_03_t00135,comment,01:09:50.018,Unknown speaker,official,60,17.54399999999987,utilities,Utilities,0,False,0.0
h1_2025_12_03,h1_2025_12_03_t00136,comment,01:10:07.742,Unknown speaker,developer,70,22.425999999999476,utilities,Utilities,0,False,0.0
h1_2025_12_03,h1_2025_12_03_t00139,comment,01:10:40.610,Unknown speaker,official,31,14.639000000000124,utilities,Utilities,0,False,0.008342668554383563
h1_2025_12_03,h1_2025_12_03_t00140,comment,01:10:58.312,Unknown speaker,official,22,11.488000000000284,utilities,Utilities,0,False,0.0
h1_2025_12_03,h1_2025_12_03_t00141,comment,01:11:12.082,Unknown speaker,official,408,164.66799999999967,utilities,Utilities,0,False,0.0
h1_2025_12_03,h1_2025_12_03_t00142,comment,01:14:02.713,Unknown speaker,official,364,118.8710000000001,utilities,Utilities,0,False,0.0
h1_2025_12_03,h1_2025_12_03_t00144,comment,01:16:02.985,Unknown speaker,official,26,10.677999999999884,utilities,Utilities,0,False,0.0
h1_2025_12_03,h1_2025_12_03_t00146,comment,01:16:16.785,Unknown speaker,official,31,8.404999999999745,utilities,Utilities,0,False,0.0
h1_2025_12_03,h1_2025_12_03_t00148,comment,01:17:15.471,Unknown speaker,official,49,13.82800000000043,utilities,Utilities,0,False,0.0
h1_2025_12_03,h1_2025_12_03_t00152,comment,01:18:40.363,Unknown speaker,public,99,29.721999999999753,utilities,Utilities,1,True,0.007874922848412414
h1_2025_12_03,h1_2025_12_03_t00153,comment,01:19:18.370,Unknown speaker,public,46,12.306999999999789,utilities,Utilities,1,True,0.01071024719975723
h1_2025_12_03,h1_2025_12_03_t00154,comment,01:19:41.797,Unknown speaker,public,306,110.47900000000027,utilities,Utilities,1,True,0.02648010646118529
h1_2025_12_03,h1_2025_12_03_t00155,comment,01:21:37.955,Unknown speaker,public,196,75.75,utilities,Utilities,2,True,0.030234205278030248
h1_2025_12_03,h1_2025_12_03_t00156,comment,01:23:01.011,Unknown speaker,public,558,212.52199999999993,utilities,Utilities,0,False,0.013683321430647015
h1_2025_12_03,h1_2025_12_03_t00157,comment,01:26:42.316,Unknown speaker,public,81,29.93199999999979,utilities,Utilities,0,False,0.0
h1_2025_12_03,h1_2025_12_03_t00158,comment,01:27:16.117,Unknown speaker,public,87,35.15700000000015,utilities,Utilities,0,False,0.01654403723721966
h1_2025_12_03,h1_2025_12_03_t00159,comment,01:27:58.241,Unknown speaker,public,252,99.33700000000044,utilities,Utilities,0,False,0.009639344975395484
h1_2025_12_03,h1_2025_12_03_t00160,comment,01:29:46.419,Unknown speaker,public,283,95.46399999999994,utilities,Utilities,0,False,0.0
h1_2025_12_03,h1_2025_12_03_t00161,comment,01:31:25.306,Unknown speaker,public,19,5.926000000000386,utilities,Utilities,0,False,0.0
h1_2025_12_03,h1_2025_12_03_t00162,comment,01:31:38.543,Unknown speaker,public,37,13.631000000000313,utilities,Utilities,0,False,0.0
h1_2025_12_03,h1_2025_12_03_t00163,comment,01:32:00.200,Unknown speaker,public,55,20.67200000000048,utilities,Utilities,0,False,0.005919524575307169
h1_2025_12_03,h1_2025_12_03_t00165,comment,01:32:37.707,Unknown speaker,public,134,51.826999999999316,utilities,Utilities,0,False,0.0
h1_2025_12_03,h1_2025_12_03_t00166,comment,01:33:34.077,Unknown speaker,public,153,74.8710000000001,utilities,Utilities,1,True,0.006760693341435416
h1_2025_12_03,h1_2025_12_03_t00167,comment,01:34:53.908,Unknown speaker,public,261,103.8149999999996,utilities,Utilities,0,False,0.012434121543110438
h1_2025_12_03,h1_2025_12_03_t00168,comment,01:36:41.504,Unknown speaker,public,487,232.0659999999998,utilities,Utilities,4,True,0.019758376614700437
h1_2025_12_03,h1_2025_12_03_t00169,comment,01:40:38.152,Unknown speaker,public,98,51.19800000000032,utilities,Utilities,0,False,0.004599374920621689
h1_2025_12_03,h1_2025_12_03_t00170,comment,01:41:32.597,Unknown speaker,public,332,138.4930000000004,utilities,Utilities,0,False,0.0025414277711455035
h1_2025_12_03,h1_2025_12_03_t00172,comment,01:43:54.812,Unknown speaker,public,161,61.850000000000364,utilities,Utilities,0,False,0.010651486825050717
h1_2025_12_03,h1_2025_12_03_t00173,comment,01:45:00.618,Unknown speaker,public,187,71.53699999999935,utilities,Utilities,2,True,0.021195345883913492
h1_2025_12_03,h1_2025_12_03_t00174,comment,01:46:24.416,Unknown speaker,public,343,111.5590000000002,utilities,Utilities,0,False,0.004272939427874424
h1_2025_12_03,h1_2025_12_03_t00175,comment,01:48:24.482,Unknown speaker,official,109,49.39300000000003,utilities,Utilities,1,True,0.007895798979082002
h1_2025_12_03,h1_2025_12_03_t00176,comment,01:49:20.628,Unknown speaker,official,201,80.82600000000002,utilities,Utilities,2,True,0.05587046609760507
h1_2025_12_03,h1_2025_12_03_t00177,comment,01:50:41.654,Unknown speaker,official,27,10.695999999999913,utilities,Utilities,1,True,0.014970034073356751
h1_2025_12_03,h1_2025_12_03_t00185,comment,01:52:36.715,Unknown speaker,official,25,11.590000000000146,utilities,Utilities,0,False,0.0
h1_2025_12_03,h1_2025_12_03_t00190,comment,01:53:01.555,Unknown speaker,official,74,28.305999999999585,utilities,Utilities,0,False,0.0053696905226431075
h1_2025_12_03,h1_2025_12_03_t00191,comment,01:53:30.622,Unknown speaker,public,106,29.59099999999944,utilities,Utilities,0,False,0.005205789682316523
h1_2025_12_03,h1_2025_12_03_t00192,comment,01:54:00.592,Unknown speaker,official,162,61.44000000000051,utilities,Utilities,0,False,0.0
h1_2025_12_03,h1_2025_12_03_t00193,comment,01:55:03.472,Unknown speaker,public,41,19.54399999999987,utilities,Utilities,0,False,0.0
h1_2025_12_03,h1_2025_12_03_t00194,comment,01:55:29.248,Unknown speaker,public,88,27.347999999999956,utilities,Utilities,0,False,0.0
h1_2025_12_03,h1_2025_12_03_t00195,comment,01:55:59.386,Unknown speaker,public,69,21.14799999999923,utilities,Utilities,0,False,0.006892607183358698
h1_2025_12_03,h1_2025_12_03_t00198,comment,01:56:34.759,Unknown speaker,official,57,19.01000000000022,utilities,Utilities,0,False,0.0
h1_2025_12_03,h1_2025_12_03_t00200,comment,01:56:56.668,Unknown speaker,public,116,45.98000000000047,utilities,Utilities,4,True,0.05411463441934891
h1_2025_12_03,h1_2025_12_03_t00202,comment,01:57:47.329,Unknown speaker,official,19,6.082000000000335,utilities,Utilities,0,False,0.0
h1_2025_12_03,h1_2025_12_03_t00203,comment,01:57:56.748,Unknown speaker,official,18,4.863000000000284,utilities,Utilities,0,False,0.0
h1_2025_12_03,h1_2025_12_03_t00205,comment,01:58:05.254,Unknown speaker,official,22,10.886999999999716,utilities,Utilities,0,False,0.0
h1_2025_12_03,h1_2025_12_03_t00206,comment,01:58:18.202,Unknown speaker,public,22,10.20299999999952,utilities,Utilities,0,False,0.0
h1_2025_12_03,h1_2025_12_03_t00210,comment,01:58:42.514,Unknown speaker,public,47,14.963999999999942,utilities,Utilities,0,False,0.0
h1_2025_12_03,h1_2025_12_03_t00211,comment,01:58:58.418,Unknown speaker,official,27,9.846000000000458,utilities,Utilities,0,False,0.0
h1_2025_12_03,h1_2025_12_03_t00212,comment,01:59:09.284,Unknown speaker,public,21,6.444000000000415,utilities,Utilities,0,False,0.0
h1_2025_12_03,h1_2025_12_03_t00214,comment,01:59:21.152,Unknown speaker,public,41,18.853000000000065,utilities,Utilities,0,False,0.01472230471279651
h1_2025_12_03,h1_2025_12_03_t00216,comment,01:59:42.847,Unknown speaker,official,28,14.083000000000538,utilities,Utilities,0,False,0.0
h1_2025_12_03,h1_2025_12_03_t00220,comment,02:00:09.900,Unknown speaker,official,252,87.60400000000027,utilities,Utilities,0,False,0.0030945865110802036
h1_2025_12_03,h1_2025_12_03_t00223,comment,02:01:41.682,Unknown speaker,public,18,5.525000000000546,utilities,Utilities,0,False,0.0
h1_2025_12_03,h1_2025_12_03_t00227,comment,02:01:59.276,Unknown speaker,official,22,3.7830000000003565,utilities,Utilities,0,False,0.0
h1_2025_12_03,h1_2025_12_03_t00228,comment,02:02:03.119,Unknown speaker,public,152,53.35400000000027,utilities,Utilities,0,False,0.003939635984492548
h1_2025_12_03,h1_2025_12_03_t00230,comment,02:02:58.213,Unknown speaker,public,43,14.076000000000022,utilities,Utilities,0,False,0.0
h1_2025_12_03,h1_2025_12_03_t00231,comment,02:03:12.309,Unknown speaker,official,32,7.645999999999731,utilities,Utilities,0,False,0.0
h1_2025_12_03,h1_2025_12_03_t00232,comment,02:03:20.295,Unknown speaker,public,61,18.960000000000036,utilities,Utilities,0,False,0.0
h1_2025_12_03,h1_2025_12_03_t00233,comment,02:03:39.275,Unknown speaker,official,66,25.10699999999997,utilities,Utilities,0,False,0.006785854475354547
h1_2025_12_03,h1_2025_12_03_t00235,comment,02:04:12.726,Unknown speaker,official,19,6.983000000000175,utilities,Utilities,0,False,0.01278974391201147
h1_2025_12_03,h1_2025_12_03_t00238,comment,02:04:28.213,Unknown speaker,official,32,22.105000000000473,utilities,Utilities,0,False,0.0
h1_2025_12_03,h1_2025_12_03_t00239,comment,02:04:56.046,Unknown speaker,official,21,6.184999999999491,utilities,Utilities,0,False,0.0
h1_2025_12_03,h1_2025_12_03_t00244,comment,02:05:15.741,Unknown speaker,official,28,14.041000000000167,utilities,Utilities,0,False,0.0
h1_2025_12_03,h1_2025_12_03_t00246,comment,02:05:48.647,Unknown speaker,official,417,124.26699999999983,utilities,Utilities,0,False,0.0
h1_2025_12_03,h1_2025_12_03_t00247,comment,02:07:54.235,Unknown speaker,public,22,6.927000000000589,utilities,Utilities,0,False,0.0
h1_2025_12_03,h1_2025_12_03_t00248,comment,02:08:01.957,Unknown speaker,official,353,100.3149999999996,utilities,Utilities,0,False,0.005434286159776214
h1_2025_12_03,h1_2025_12_03_t00251,comment,02:09:53.807,Unknown speaker,official,20,7.655000000000655,utilities,Utilities,0,False,0.0
h1_2025_12_03,h1_2025_12_03_t00252,comment,02:10:01.502,Unknown speaker,public,361,113.3189999999995,utilities,Utilities,0,False,0.027565881540706938
h1_2025_12_03,h1_2025_12_03_t00255,comment,02:11:57.903,Unknown speaker,official,24,6.824999999999818,utilities,Utilities,0,False,0.0
h1_2025_12_03,h1_2025_12_03_t00261,comment,02:12:18.265,Unknown speaker,public,270,79.59299999999985,utilities,Utilities,0,False,0.0175212164046216
h1_2025_12_03,h1_2025_12_03_t00263,comment,02:13:42.609,Unknown speaker,official,237,84.20599999999922,utilities,Utilities,0,False,0.007503575139905664
h1_2025_12_03,h1_2025_12_03_t00264,comment,02:15:07.555,Unknown speaker,public,51,23.456999999999425,utilities,Utilities,0,False,0.014648729958949346
h1_2025_12_03,h1_2025_12_03_t00265,comment,02:15:31.452,Unknown speaker,public,194,66.26600000000053,utilities,Utilities,0,False,0.016862062190152224
h1_2025_12_03,h1_2025_12_03_t00266,comment,02:16:38.759,Unknown speaker,official,37,12.647999999999229,utilities,Utilities,0,False,0.0
h1_2025_12_03,h1_2025_12_03_t00268,comment,02:16:53.488,Unknown speaker,official,57,20.8020000000015,utilities,Utilities,0,False,0.01470983934412553
h1_2025_12_03,h1_2025_12_03_t00269,comment,02:17:17.372,Unknown speaker,official,55,18.153000000000247,utilities,Utilities,0,False,0.0
h1_2025_12_03,h1_2025_12_03_t00270,comment,02:17:37.322,Unknown speaker,public,127,36.80400000000009,utilities,Utilities,0,False,0.0
h1_2025_12_03,h1_2025_12_03_t00273,comment,02:18:17.849,Unknown speaker,official,29,8.0049999999992,utilities,Utilities,0,False,0.0
h1_2025_12_03,h1_2025_12_03_t00275,comment,02:18:26.891,Unknown speaker,official,142,47.452000000001135,utilities,Utilities,0,False,0.0
h1_2025_12_03,h1_2025_12_03_t00277,comment,02:19:21.536,Unknown speaker,staff,141,53.64400000000023,utilities,Utilities,0,False,0.0
h1_2025_12_03,h1_2025_12_03_t00278,comment,02:20:18.741,Unknown speaker,staff,112,47.638999999999214,utilities,Utilities,0,False,0.0
h1_2025_12_03,h1_2025_12_03_t00281,comment,02:21:09.237,Unknown speaker,staff,22,7.483000000000175,utilities,Utilities,0,False,0.0
h1_2025_12_03,h1_2025_12_03_t00282,comment,02:21:19.861,Unknown speaker,staff,20,5.34099999999853,utilities,Utilities,0,False,0.0
h1_2025_12_03,h1_2025_12_03_t00283,comment,02:21:34.898,Unknown speaker,staff,117,51.699000000000524,utilities,Utilities,0,False,0.0
h1_2025_12_03,h1_2025_12_03_t00284,comment,02:22:34.085,Unknown speaker,staff,241,115.44000000000051,utilities,Utilities,0,False,0.019823465190066256
h1_2025_12_03,h1_2025_12_03_t00286,comment,02:24:40.305,Unknown speaker,official,33,9.066999999999098,utilities,Utilities,0,False,0.0
h1_2025_12_03,h1_2025_12_03_t00287,comment,02:24:52.095,Unknown speaker,staff,471,210.58300000000054,utilities,Utilities,0,False,0.0
h1_2025_12_03,h1_2025_12_03_t00288,comment,02:28:25.720,Unknown speaker,staff,124,47.85200000000077,utilities,Utilities,0,False,0.0
h1_2025_12_03,h1_2025_12_03_t00289,comment,02:29:16.689,Unknown speaker,staff,25,12.265999999999622,utilities,Utilities,0,False,0.0
h1_2025_12_03,h1_2025_12_03_t00297,comment,02:30:12.103,Unknown speaker,consultant,32,15.031000000000859,utilities,Utilities,0,False,0.0
h1_2025_12_03,h1_2025_12_03_t00298,comment,02:30:30.295,Unknown speaker,consultant,598,218.59900000000016,utilities,Utilities,4,True,0.03220411125859121
h1_2025_12_03,h1_2025_12_03_t00300,comment,02:34:12.775,Unknown speaker,consultant,607,210.19900000000052,utilities,Utilities,2,True,0.01736108589018682
h1_2025_12_03,h1_2025_12_03_t00301,comment,02:37:47.512,Unknown speaker,consultant,775,290.66399999999885,utilities,Utilities,7,True,0.03817579698722026
h1_2025_12_03,h1_2025_12_03_t00303,comment,02:42:39.237,Unknown speaker,consultant,380,126.00300000000061,utilities,Utilities,0,False,0.00994310376779529
h1_2025_12_03,h1_2025_12_03_t00305,comment,02:44:46.400,Unknown speaker,consultant,532,183.47400000000016,utilities,Utilities,0,False,0.008994346133301544
h1_2025_12_03,h1_2025_12_03_t00306,comment,02:47:49.914,Unknown speaker,official,81,28.02599999999984,utilities,Utilities,0,False,0.0
h1_2025_12_03,h1_2025_12_03_t00307,comment,02:48:18.709,Unknown speaker,unknown,114,28.9479999999985,utilities,Utilities,0,False,0.007424669744725367
h1_2025_12_03,h1_2025_12_03_t00308,comment,02:48:48.247,Unknown speaker,official,108,41.73999999999978,utilities,Utilities,0,False,0.0
h1_2025_12_03,h1_2025_12_03_t00309,comment,02:49:33.028,Unknown speaker,official,20,9.16399999999885,utilities,Utilities,0,False,0.0
h1_2025_12_03,h1_2025_12_03_t00311,comment,02:49:46.417,Unknown speaker,official,78,39.70800000000054,utilities,Utilities,0,False,0.0
h1_2025_12_03,h1_2025_12_03_t00313,comment,02:50:27.825,Unknown speaker,official,30,14.167999999999665,utilities,Utilities,0,False,0.0
h1_2025_12_03,h1_2025_12_03_t00314,comment,02:50:44.580,Unknown speaker,staff,212,98.42900000000009,utilities,Utilities,0,False,0.0
h1_2025_12_03,h1_2025_12_03_t00315,comment,02:52:23.249,Unknown speaker,official,77,31.99699999999939,utilities,Utilities,0,False,0.0
h1_2025_12_03,h1_2025_12_03_t00318,comment,02:53:04.913,Unknown speaker,staff,66,27.462999999999738,utilities,Utilities,0,False,0.0
h1_2025_12_03,h1_2025_12_03_t00321,comment,02:53:45.206,Unknown speaker,staff,91,36.55799999999908,utilities,Utilities,0,False,0.0
h1_2025_12_03,h1_2025_12_03_t00326,comment,02:54:35.691,Unknown speaker,official,28,6.222999999999956,utilities,Utilities,0,False,0.0
h1_2025_12_03,h1_2025_12_03_t00327,comment,02:54:42.414,Unknown speaker,official,26,12.417999999999665,utilities,Utilities,0,False,0.0
h1_2025_12_03,h1_2025_12_03_t00330,comment,02:55:06.161,Unknown speaker,official,105,33.48899999999958,utilities,Utilities,0,False,0.0
h1_2025_12_03,h1_2025_12_03_t00331,comment,02:55:39.670,Unknown speaker,staff,26,11.962999999999738,utilities,Utilities,0,False,0.0
h1_2025_12_03,h1_2025_12_03_t00334,comment,02:56:04.983,Unknown speaker,official,139,54.615999999999985,utilities,Utilities,1,True,0.008039195556143729
h1_2025_12_03,h1_2025_12_03_t00335,comment,02:56:59.759,Unknown speaker,consultant,20,4.743000000000393,utilities,Utilities,0,False,0.0
h1_2025_12_03,h1_2025_12_03_t00338,comment,02:57:13.788,Unknown speaker,official,20,5.502999999998792,utilities,Utilities,1,True,0.021416930337652122
h1_2025_12_03,h1_2025_12_03_t00339,comment,02:57:19.731,Unknown speaker,consultant,18,8.585000000000946,utilities,Utilities,0,False,0.0
h1_2025_12_03,h1_2025_12_03_t00341,comment,02:57:35.020,Unknown speaker,consultant,337,131.6279999999988,utilities,Utilities,0,False,0.0
h1_2025_12_03,h1_2025_12_03_t00342,comment,02:59:46.668,Unknown speaker,official,56,22.02100000000064,utilities,Utilities,0,False,0.006181669710313237
h1_2025_12_03,h1_2025_12_03_t00343,comment,03:00:09.710,Unknown speaker,consultant,122,39.27000000000044,utilities,Utilities,0,False,0.009607953036164242
h1_2025_12_03,h1_2025_12_03_t00344,comment,03:00:49.000,Unknown speaker,official,57,17.222999999999956,utilities,Utilities,0,False,0.007379696739422219
h1_2025_12_03,h1_2025_12_03_t00345,comment,03:01:07.363,Unknown speaker,consultant,71,21.394000000000233,utilities,Utilities,0,False,0.02747085506076605
h1_2025_12_03,h1_2025_12_03_t00348,comment,03:01:43.332,Unknown speaker,official,74,35.02000000000044,utilities,Utilities,0,False,0.0
h1_2025_12_03,h1_2025_12_03_t00349,comment,03:02:19.298,Unknown speaker,staff,193,64.02899999999863,utilities,Utilities,0,False,0.003829402234613925
h1_2025_12_03,h1_2025_12_03_t00350,comment,03:03:23.647,Unknown speaker,official,27,14.766999999999825,utilities,Utilities,0,False,0.0
h1_2025_12_03,h1_2025_12_03_t00351,comment,03:03:39.434,Unknown speaker,staff,62,18.585000000000946,utilities,Utilities,0,False,0.0
h1_2025_12_03,h1_2025_12_03_t00352,comment,03:03:58.399,Unknown speaker,official,22,6.023000000001048,utilities,Utilities,0,False,0.0
h1_2025_12_03,h1_2025_12_03_t00359,comment,03:04:22.820,Unknown speaker,official,53,23.971999999999753,utilities,Utilities,1,True,0.013262202683277815
h1_2025_12_03,h1_2025_12_03_t00361,comment,03:04:51.313,Unknown speaker,official,64,24.913000000000466,utilities,Utilities,0,False,0.0
h1_2025_12_03,h1_2025_12_03_t00362,comment,03:05:16.466,Unknown speaker,consultant,60,20.41899999999987,utilities,Utilities,0,False,0.0
h1_2025_12_03,h1_2025_12_03_t00366,comment,03:05:45.281,Unknown speaker,consultant,26,9.02599999999984,utilities,Utilities,0,False,0.0
h1_2025_12_03,h1_2025_12_03_t00367,comment,03:05:54.707,Unknown speaker,official,140,58.11800000000039,utilities,Utilities,0,False,0.0
h1_2025_12_03,h1_2025_12_03_t00368,comment,03:06:53.445,Unknown speaker,consultant,410,153.02900000000045,utilities,Utilities,1,True,0.0050127887626930205
h1_2025_12_03,h1_2025_12_03_t00369,comment,03:09:26.594,Unknown speaker,official,59,17.10699999999997,utilities,Utilities,0,False,0.0
h1_2025_12_03,h1_2025_12_03_t00372,comment,03:10:28.331,Unknown speaker,official,50,13.825000000000728,utilities,Utilities,0,False,0.007609649114271806
h1_2025_12_03,h1_2025_12_03_t00373,comment,03:10:47.359,Unknown speaker,official,22,6.403000000000247,utilities,Utilities,0,False,0.0
h1_2025_12_03,h1_2025_12_03_t00375,comment,03:11:46.983,Unknown speaker,official,18,9.604999999999563,utilities,Utilities,0,False,0.0
h1_2025_12_03,h1_2025_12_03_t00378,comment,03:12:00.191,Unknown speaker,unknown,513,193.80099999999948,utilities,Utilities,1,True,0.02839750130258346
h1_2025_12_03,h1_2025_12_03_t00383,comment,03:16:06.004,Unknown speaker,public,185,65.33699999999953,utilities,Utilities,0,False,0.0038038581464740046
h1_2025_12_03,h1_2025_12_03_t00386,comment,03:17:31.262,Unknown speaker,public,389,127.04399999999987,utilities,Utilities,0,False,0.00476210864033207
h1_2025_12_03,h1_2025_12_03_t00392,comment,03:20:49.879,Unknown speaker,official,101,46.93499999999949,utilities,Utilities,0,False,0.0
h1_2025_12_03,h1_2025_12_03_t00393,comment,03:21:37.214,Unknown speaker,developer,51,20.046000000000276,utilities,Utilities,0,False,0.0
h1_2025_12_03,h1_2025_12_03_t00394,comment,03:21:57.280,Unknown speaker,official,60,30.307999999999083,utilities,Utilities,0,False,0.0
h1_2025_12_03,h1_2025_12_03_t00395,comment,03:22:27.868,Unknown speaker,developer,70,24.066999999999098,utilities,Utilities,0,False,0.0
h1_2025_12_03,h1_2025_12_03_t00397,comment,03:22:53.277,Unknown speaker,developer,19,4.962999999999738,utilities,Utilities,0,False,0.0
h1_2025_12_03,h1_2025_12_03_t00398,comment,03:22:58.261,Unknown speaker,official,183,56.23400000000038,utilities,Utilities,0,False,0.0
h1_2025_12_03,h1_2025_12_03_t00399,comment,03:23:55.744,Unknown speaker,developer,100,27.995999999999185,utilities,Utilities,0,False,0.0
h1_2025_12_03,h1_2025_12_03_t00400,comment,03:24:24.260,Unknown speaker,official,54,20.050999999999476,utilities,Utilities,0,False,0.0
h1_2025_12_03,h1_2025_12_03_t00404,comment,03:25:06.229,Unknown speaker,official,147,53.71600000000035,utilities,Utilities,0,False,0.0
h1_2025_12_03,h1_2025_12_03_t00406,comment,03:26:11.069,Unknown speaker,official,121,43.65099999999984,utilities,Utilities,0,False,0.004199708824396181
h1_2025_12_03,h1_2025_12_03_t00408,comment,03:26:59.193,Unknown speaker,official,40,12.268000000000029,utilities,Utilities,0,False,0.008647498474838746
h1_2025_12_03,h1_2025_12_03_t00410,comment,03:27:21.227,Unknown speaker,official,46,17.282999999999447,utilities,Utilities,0,False,0.0
h1_2025_12_03,h1_2025_12_03_t00412,comment,03:27:41.072,Unknown speaker,official,81,39.215000000000146,utilities,Utilities,0,False,0.029972110178962928
h1_2025_12_03,h1_2025_12_03_t00413,comment,03:28:22.826,Unknown speaker,developer,34,14.911000000000058,utilities,Utilities,0,False,0.0
h1_2025_12_03,h1_2025_12_03_t00414,comment,03:28:37.757,Unknown speaker,developer,125,54.54500000000007,utilities,Utilities,0,False,0.0
h1_2025_12_03,h1_2025_12_03_t00415,comment,03:29:32.785,Unknown speaker,official,30,13.668999999999869,utilities,Utilities,0,False,0.0
h1_2025_12_03,h1_2025_12_03_t00416,comment,03:29:46.474,Unknown speaker,developer,50,19.674999999999272,utilities,Utilities,0,False,0.0
h1_2025_12_03,h1_2025_12_03_t00418,comment,03:30:12.153,Unknown speaker,developer,48,17.064000000000306,utilities,Utilities,0,False,0.006724052302131992
h1_2025_12_03,h1_2025_12_03_t00419,comment,03:30:29.237,Unknown speaker,official,27,8.782000000001062,utilities,Utilities,0,False,0.0
h1_2025_12_03,h1_2025_12_03_t00420,comment,03:30:40.060,Unknown speaker,developer,30,9.125,utilities,Utilities,0,False,0.0
h1_2025_12_03,h1_2025_12_03_t00421,comment,03:30:49.905,Unknown speaker,official,109,43.862999999999374,utilities,Utilities,0,False,0.010258795692475887
h1_2025_12_03,h1_2025_12_03_t00422,comment,03:31:42.322,Unknown speaker,public,294,107.9989999999998,utilities,Utilities,0,False,0.014002110200798154
h1_2025_12_03,h1_2025_12_03_t00425,comment,03:33:42.785,Unknown speaker,official,54,17.82600000000093,utilities,Utilities,0,False,0.0
h1_2025_12_03,h1_2025_12_03_t00426,comment,03:34:00.651,Unknown speaker,developer,23,7.143000000000029,utilities,Utilities,0,False,0.0
h1_2025_12_03,h1_2025_12_03_t00431,comment,03:34:34.392,Unknown speaker,public,627,186.8099999999995,utilities,Utilities,3,True,0.02157450558679868
h1_2025_12_03,h1_2025_12_03_t00435,comment,03:38:10.771,Unknown speaker,public,438,162.40200000000004,utilities,Utilities,0,False,0.012605523518475003
h1_2025_12_03,h1_2025_12_03_t00438,comment,03:41:08.792,Unknown speaker,official,34,15.713999999999942,utilities,Utilities,0,False,0.0
h1_2025_12_03,h1_2025_12_03_t00439,comment,03:41:28.451,Unknown speaker,developer,44,17.355000000001382,utilities,Utilities,0,False,0.0
h1_2025_12_03,h1_2025_12_03_t00440,comment,03:41:47.047,Unknown speaker,official,25,9.028000000000247,utilities,Utilities,0,False,0.0
h1_2025_12_03,h1_2025_12_03_t00442,comment,03:42:05.138,Unknown speaker,official,40,17.531999999999243,utilities,Utilities,0,False,0.0
h1_2025_12_03,h1_2025_12_03_t00443,comment,03:42:24.871,Unknown speaker,developer,57,21.822000000000116,utilities,Utilities,0,False,0.0
h1_2025_12_03,h1_2025_12_03_t00444,comment,03:42:52.558,Unknown speaker,official,81,29.738999999999578,utilities,Utilities,0,False,0.0
h1_2025_12_03,h1_2025_12_03_t00445,comment,03:43:23.057,Unknown speaker,official,25,12.682999999999083,utilities,Utilities,0,False,0.008610079746118186
h1_2025_12_03,h1_2025_12_03_t00449,comment,03:43:44.222,Unknown speaker,official,20,7.541000000001077,utilities,Utilities,0,False,0.0
h1_2025_12_03,h1_2025_12_03_t00453,comment,03:44:05.656,Unknown speaker,public,595,188.4399999999987,utilities,Utilities,2,True,0.03805936178799664
h1_2025_12_03,h1_2025_12_03_t00457,comment,03:47:25.241,Unknown speaker,official,24,7.543999999999869,utilities,Utilities,0,False,0.0
h1_2025_12_03,h1_2025_12_03_t00459,comment,03:48:00.917,Unknown speaker,public,480,154.53100000000086,utilities,Utilities,1,True,0.018993164223223225
h1_2025_12_03,h1_2025_12_03_t00461,comment,03:50:48.656,Unknown speaker,official,32,30.894999999998618,utilities,Utilities,0,False,0.0
h1_2025_12_03,h1_2025_12_03_t00462,comment,03:51:25.678,Unknown speaker,public,78,25.391999999999825,utilities,Utilities,0,False,0.0
h1_2025_12_03,h1_2025_12_03_t00464,comment,03:51:55.905,Unknown speaker,public,391,122.66399999999885,utilities,Utilities,0,False,0.0
h1_2025_12_03,h1_2025_12_03_t00468,comment,03:54:18.801,Unknown speaker,official,73,30.632000000001426,utilities,Utilities,0,False,0.0
h1_2025_12_03,h1_2025_12_03_t00469,comment,03:54:52.615,Unknown speaker,official,216,92.44000000000051,utilities,Utilities,0,False,0.0
h1_2025_12_03,h1_2025_12_03_t00470,comment,03:56:25.875,Unknown speaker,developer,111,35.2549999999992,utilities,Utilities,0,False,0.0
h1_2025_12_03,h1_2025_12_03_t00471,comment,03:57:01.565,Unknown speaker,official,109,40.052999999999884,utilities,Utilities,0,False,0.0
h1_2025_12_03,h1_2025_12_03_t00472,comment,03:57:41.958,Unknown speaker,developer,391,115.35399999999936,utilities,Utilities,0,False,0.0
h1_2025_12_03,h1_2025_12_03_t00473,comment,03:59:37.832,Unknown speaker,official,44,17.93499999999949,utilities,Utilities,0,False,0.0
h1_2025_12_03,h1_2025_12_03_t00474,comment,03:59:56.528,Unknown speaker,developer,170,57.065999999998894,utilities,Utilities,0,False,0.0
h1_2025_12_03,h1_2025_12_03_t00475,comment,04:00:54.395,Unknown speaker,official,60,21.610999999998967,utilities,Utilities,0,False,0.0
h1_2025_12_03,h1_2025_12_03_t00476,comment,04:01:19.133,Unknown speaker,official,77,30.550999999999476,utilities,Utilities,0,False,0.0
h1_2025_12_03,h1_2025_12_03_t00477,comment,04:01:50.344,Unknown speaker,official,22,10.743000000000393,utilities,Utilities,0,False,0.0
h1_2025_12_03,h1_2025_12_03_t00479,comment,04:02:05.389,Unknown speaker,official,44,19.53900000000067,utilities,Utilities,0,False,0.0
h1_2025_12_03,h1_2025_12_03_t00482,comment,04:02:39.710,Unknown speaker,public,453,125.11599999999999,utilities,Utilities,0,False,0.0
h1_2025_12_03,h1_2025_12_03_t00485,comment,04:05:17.484,Unknown speaker,public,26,16.549999999999272,utilities,Utilities,0,False,0.0
h1_2025_12_03,h1_2025_12_03_t00486,comment,04:05:45.966,Unknown speaker,public,63,17.495999999999185,utilities,Utilities,0,False,0.0407357067858165
h1_2025_12_03,h1_2025_12_03_t00488,comment,04:06:12.598,Unknown speaker,public,181,87.03900000000067,utilities,Utilities,0,False,0.00807975193295608
h1_2025_12_03,h1_2025_12_03_t00492,comment,04:08:08.178,Unknown speaker,official,114,45.42200000000048,utilities,Utilities,0,False,0.0
h1_2025_12_03,h1_2025_12_03_t00493,comment,04:08:53.997,Unknown speaker,developer,207,71.6200000000008,utilities,Utilities,0,False,0.0
h1_2025_12_03,h1_2025_12_03_t00498,comment,04:11:04.352,Unknown speaker,public,394,165.39699999999903,utilities,Utilities,0,False,0.007683453578352781
h1_2025_12_03,h1_2025_12_03_t00503,comment,04:14:27.511,Unknown speaker,public,347,154.72899999999936,utilities,Utilities,0,False,0.007259593748010541
h1_2025_12_03,h1_2025_12_03_t00504,comment,04:17:05.289,Unknown speaker,public,95,34.22599999999875,utilities,Utilities,0,False,0.0
h1_2025_12_03,h1_2025_12_03_t00506,comment,04:17:41.796,Unknown speaker,public,21,9.324999999998909,utilities,Utilities,0,False,0.0
h1_2025_12_03,h1_2025_12_03_t00512,comment,04:18:21.087,Unknown speaker,official,67,26.298000000000684,utilities,Utilities,0,False,0.0
h1_2025_12_03,h1_2025_12_03_t00513,comment,04:18:49.786,Unknown speaker,consultant,127,50.04899999999907,utilities,Utilities,0,False,0.0
h1_2025_12_03,h1_2025_12_03_t00517,comment,04:20:10.053,Unknown speaker,public,207,81.13400000000001,utilities,Utilities,0,False,0.0
h1_2025_12_03,h1_2025_12_03_t00518,comment,04:21:38.792,Unknown speaker,public,244,77.89600000000064,utilities,Utilities,0,False,0.006333720819530001
h1_2025_12_03,h1_2025_12_03_t00519,comment,04:22:59.949,Unknown speaker,public,110,38.42699999999968,utilities,Utilities,0,False,0.0
h1_2025_12_03,h1_2025_12_03_t00521,comment,04:23:41.077,Unknown speaker,public,336,103.55400000000009,utilities,Utilities,0,False,0.025909821836858853
h1_2025_12_03,h1_2025_12_03_t00522,comment,04:25:30.514,Unknown speaker,official,129,50.5580000000009,utilities,Utilities,0,False,0.01755219421457497
h1_2025_12_03,h1_2025_12_03_t00523,comment,04:26:23.031,Unknown speaker,official,64,25.540999999999258,utilities,Utilities,0,False,0.0
h1_2025_12_03,h1_2025_12_03_t00524,comment,04:26:50.842,Unknown speaker,developer,49,14.506999999999607,utilities,Utilities,0,False,0.0
h1_2025_12_03,h1_2025_12_03_t00525,comment,04:27:08.710,Unknown speaker,developer,59,24.106000000001586,utilities,Utilities,0,False,0.005972958776951091
h1_2025_12_03,h1_2025_12_03_t00528,comment,04:27:43.189,Unknown speaker,official,70,28.11199999999917,utilities,Utilities,0,False,0.0
h1_2025_12_03,h1_2025_12_03_t00529,comment,04:28:12.882,Unknown speaker,developer,100,35.486000000000786,utilities,Utilities,0,False,0.0
h1_2025_12_03,h1_2025_12_03_t00530,comment,04:28:52.905,Unknown speaker,official,23,9.646999999999025,utilities,Utilities,0,False,0.0
h1_2025_12_03,h1_2025_12_03_t00531,comment,04:29:06.515,Unknown speaker,official,52,11.708000000000538,utilities,Utilities,0,False,0.007738371727037209
h1_2025_12_03,h1_2025_12_03_t00532,comment,04:29:19.122,Unknown speaker,official,67,23.51300000000083,utilities,Utilities,0,False,0.0
h1_2025_12_03,h1_2025_12_03_t00533,comment,04:29:55.933,Unknown speaker,official,96,23.789999999999054,utilities,Utilities,0,False,0.0
h1_2025_12_03,h1_2025_12_03_t00534,comment,04:30:19.983,Unknown speaker,official,64,18.88500000000022,utilities,Utilities,0,False,0.008316703043288763
h1_2025_12_03,h1_2025_12_03_t00537,comment,04:30:43.454,Unknown speaker,public,74,21.754000000000815,utilities,Utilities,0,False,0.0
h1_2025_12_03,h1_2025_12_03_t00538,comment,04:31:08.452,Unknown speaker,public,516,162.8720000000012,utilities,Utilities,0,False,0.005534489282418944
h1_2025_12_03,h1_2025_12_03_t00539,comment,04:33:55.655,Unknown speaker,public,43,13.488000000001193,utilities,Utilities,0,False,0.0
h1_2025_12_03,h1_2025_12_03_t00540,comment,04:34:09.443,Unknown speaker,official,59,18.114000000001397,utilities,Utilities,0,False,0.017428686543673792
h1_2025_12_03,h1_2025_12_03_t00545,comment,04:34:48.586,Unknown speaker,public,225,80.22400000000198,utilities,Utilities,0,False,0.0033393407695906916
h1_2025_12_03,h1_2025_12_03_t00546,comment,04:36:08.830,Unknown speaker,official,29,10.568999999999505,utilities,Utilities,0,False,0.010781405071824934
h1_2025_12_03,h1_2025_12_03_t00547,comment,04:36:19.599,Unknown speaker,public,168,57.21700000000055,utilities,Utilities,0,False,0.0
h1_2025_12_03,h1_2025_12_03_t00548,comment,04:37:17.497,Unknown speaker,official,18,4.843000000000757,utilities,Utilities,0,False,0.0
h1_2025_12_03,h1_2025_12_03_t00550,comment,04:37:23.061,Unknown speaker,official,39,13.309999999997672,utilities,Utilities,0,False,0.0
h1_2025_12_03,h1_2025_12_03_t00551,comment,04:37:39.034,Unknown speaker,official,23,5.564000000002125,utilities,Utilities,0,False,0.0
h1_2025_12_03,h1_2025_12_03_t00553,comment,04:37:46.980,Unknown speaker,developer,201,67.63200000000143,utilities,Utilities,0,False,0.0
h1_2025_12_03,h1_2025_12_03_t00554,comment,04:38:55.645,Unknown speaker,official,45,18.955999999998312,utilities,Utilities,0,False,0.0
h1_2025_12_03,h1_2025_12_03_t00555,comment,04:39:14.781,Unknown speaker,developer,210,75.52700000000186,utilities,Utilities,0,False,0.0
h1_2025_12_03,h1_2025_12_03_t00557,comment,04:40:41.472,Unknown speaker,official,55,21.534999999999854,utilities,Utilities,0,False,0.0
h1_2025_12_03,h1_2025_12_03_t00563,comment,04:41:14.780,Unknown speaker,official,20,5.3840000000018335,utilities,Utilities,0,False,0.013915944894126975
h1_2025_12_03,h1_2025_12_03_t00564,comment,04:41:23.827,Unknown speaker,official,21,7.024999999997817,utilities,Utilities,0,False,0.0
h1_2025_12_03,h1_2025_12_03_t00566,comment,04:44:28.206,Unknown speaker,official,32,23.51800000000003,utilities,Utilities,0,False,0.0
h1_2025_12_03,h1_2025_12_03_t00568,comment,04:45:01.564,Unknown speaker,public,415,132.34800000000178,utilities,Utilities,0,False,0.0
h2_2026_03_23,h2_2026_03_23_t00001,comment,00:00:00.945,Unknown speaker,public,67,19.407,utilities,Utilities,0,False,0.0
h2_2026_03_23,h2_2026_03_23_t00003,comment,00:00:29.619,Unknown speaker,official,30,6.783000000000001,utilities,Utilities,0,False,0.0
h2_2026_03_23,h2_2026_03_23_t00005,comment,00:00:37.823,Unknown speaker,official,40,17.109,utilities,Utilities,0,False,0.0
h2_2026_03_23,h2_2026_03_23_t00008,comment,00:01:14.507,Unknown speaker,staff,34,21.808999999999997,utilities,Utilities,0,False,0.0
h2_2026_03_23,h2_2026_03_23_t00016,comment,00:01:44.715,Unknown speaker,staff,20,17.230999999999995,utilities,Utilities,0,False,0.0
h2_2026_03_23,h2_2026_03_23_t00025,comment,00:03:57.985,Unknown speaker,staff,22,13.044999999999987,utilities,Utilities,0,False,0.0
h2_2026_03_23,h2_2026_03_23_t00038,comment,00:04:35.603,Unknown speaker,official,54,17.882000000000005,utilities,Utilities,0,False,0.0
h2_2026_03_23,h2_2026_03_23_t00041,comment,00:05:05.654,Unknown speaker,official,257,80.565,utilities,Utilities,0,False,0.010557569247754327
h2_2026_03_23,h2_2026_03_23_t00043,comment,00:07:25.742,Unknown speaker,official,23,13.988,utilities,Utilities,0,False,0.0
h2_2026_03_23,h2_2026_03_23_t00044,comment,00:07:53.333,Unknown speaker,official,65,22.984999999999957,utilities,Utilities,0,False,0.0
h2_2026_03_23,h2_2026_03_23_t00045,comment,00:08:19.765,Unknown speaker,official,201,73.79700000000003,utilities,Utilities,1,True,0.007471699874633177
h2_2026_03_23,h2_2026_03_23_t00047,comment,00:11:30.417,Unknown speaker,official,187,65.553,utilities,Utilities,0,False,0.003247576120007897
h2_2026_03_23,h2_2026_03_23_t00076,comment,00:14:50.074,Unknown speaker,official,29,9.605999999999995,utilities,Utilities,0,False,0.0
h2_2026_03_23,h2_2026_03_23_t00077,comment,00:15:07.426,Unknown speaker,developer,32,6.846000000000004,utilities,Utilities,0,False,0.0
h2_2026_03_23,h2_2026_03_23_t00078,comment,00:15:21.198,Unknown speaker,developer,1388,451.5079999999999,utilities,Utilities,0,False,0.008764488884416796
h2_2026_03_23,h2_2026_03_23_t00079,comment,00:23:06.831,Unknown speaker,developer,388,131.16600000000017,utilities,Utilities,0,False,0.030400228125768397
h2_2026_03_23,h2_2026_03_23_t00082,comment,00:25:32.668,Unknown speaker,official,21,8.125,utilities,Utilities,0,False,0.0
h2_2026_03_23,h2_2026_03_23_t00083,comment,00:25:43.034,Unknown speaker,public,679,317.49599999999987,utilities,Utilities,0,False,0.011100840802002765
h2_2026_03_23,h2_2026_03_23_t00084,comment,00:31:13.089,Unknown speaker,official,43,17.923999999999978,utilities,Utilities,0,False,0.0
h2_2026_03_23,h2_2026_03_23_t00085,comment,00:31:33.554,Unknown speaker,public,696,264.3489999999997,utilities,Utilities,0,False,0.0017318124006941908
h2_2026_03_23,h2_2026_03_23_t00086,comment,00:36:05.439,Unknown speaker,official,22,11.62900000000036,utilities,Utilities,0,False,0.0
h2_2026_03_23,h2_2026_03_23_t00087,comment,00:36:17.128,Unknown speaker,consultant,544,196.06399999999985,utilities,Utilities,0,False,0.003161053786179147
h2_2026_03_23,h2_2026_03_23_t00090,comment,00:39:52.808,Unknown speaker,developer,564,225.8470000000002,utilities,Utilities,1,True,0.0027380044752781407
h2_2026_03_23,h2_2026_03_23_t00091,comment,00:43:44.657,Unknown speaker,developer,18,4.40099999999984,utilities,Utilities,0,False,0.0
h2_2026_03_23,h2_2026_03_23_t00092,comment,00:43:49.518,Unknown speaker,official,19,7.201999999999771,utilities,Utilities,0,False,0.0
h2_2026_03_23,h2_2026_03_23_t00093,comment,00:44:08.182,Unknown speaker,public,204,90.89100000000008,utilities,Utilities,0,False,0.003215018249914001
h2_2026_03_23,h2_2026_03_23_t00094,comment,00:45:42.797,Unknown speaker,public,251,105.60300000000007,utilities,Utilities,0,False,0.008381709679811082
h2_2026_03_23,h2_2026_03_23_t00095,comment,00:47:31.903,Unknown speaker,public,261,112.9050000000002,utilities,Utilities,0,False,0.02128569276810882
h2_2026_03_23,h2_2026_03_23_t00096,comment,00:49:39.329,Unknown speaker,public,19,12.385999999999967,utilities,Utilities,0,False,0.0
h2_2026_03_23,h2_2026_03_23_t00098,comment,00:49:54.116,Unknown speaker,public,27,8.123999999999796,utilities,Utilities,0,False,0.0
h2_2026_03_23,h2_2026_03_23_t00102,comment,00:50:22.043,Unknown speaker,public,42,17.20699999999988,utilities,Utilities,0,False,0.0
h2_2026_03_23,h2_2026_03_23_t00103,comment,00:50:43.231,Unknown speaker,public,354,116.6859999999997,utilities,Utilities,0,False,0.019270292288629733
h2_2026_03_23,h2_2026_03_23_t00104,comment,00:52:44.451,Unknown speaker,public,72,30.286000000000058,utilities,Utilities,0,False,0.0
h2_2026_03_23,h2_2026_03_23_t00106,comment,00:53:28.809,Unknown speaker,public,103,36.8149999999996,utilities,Utilities,0,False,0.0
h2_2026_03_23,h2_2026_03_23_t00108,comment,00:54:51.299,Unknown speaker,developer,112,37.84400000000005,utilities,Utilities,0,False,0.0
h2_2026_03_23,h2_2026_03_23_t00109,comment,00:55:36.913,Unknown speaker,public,531,203.13499999999976,utilities,Utilities,2,True,0.00638605993544652
h2_2026_03_23,h2_2026_03_23_t00110,comment,00:59:09.083,Unknown speaker,official,20,9.324999999999818,utilities,Utilities,0,False,0.0
h2_2026_03_23,h2_2026_03_23_t00112,comment,00:59:22.791,Unknown speaker,public,192,78.27700000000004,utilities,Utilities,0,False,0.0
h2_2026_03_23,h2_2026_03_23_t00113,comment,01:00:45.550,Unknown speaker,public,38,20.143999999999778,utilities,Utilities,0,False,0.0
h2_2026_03_23,h2_2026_03_23_t00114,comment,01:01:07.516,Unknown speaker,official,29,10.88799999999992,utilities,Utilities,0,False,0.0
h2_2026_03_23,h2_2026_03_23_t00115,comment,01:01:19.545,Unknown speaker,public,41,16.02500000000009,utilities,Utilities,0,False,0.0
h2_2026_03_23,h2_2026_03_23_t00116,comment,01:01:47.333,Unknown speaker,public,367,129.9670000000001,utilities,Utilities,2,True,0.038183976183132844
h2_2026_03_23,h2_2026_03_23_t00117,comment,01:04:05.896,Unknown speaker,developer,25,5.9669999999996435,utilities,Utilities,0,False,0.0
h2_2026_03_23,h2_2026_03_23_t00119,comment,01:04:22.234,Unknown speaker,public,571,233.50199999999995,utilities,Utilities,0,False,0.00453340942803218
h2_2026_03_23,h2_2026_03_23_t00120,comment,01:08:19.138,Unknown speaker,public,319,98.90599999999995,utilities,Utilities,0,False,0.0
h2_2026_03_23,h2_2026_03_23_t00121,comment,01:10:06.860,Unknown speaker,public,339,151.1230000000005,utilities,Utilities,0,False,0.003939036180954766
h2_2026_03_23,h2_2026_03_23_t00122,comment,01:12:41.145,Unknown speaker,public,25,11.359999999999673,utilities,Utilities,0,False,0.0
h2_2026_03_23,h2_2026_03_23_t00124,comment,01:12:54.747,Unknown speaker,public,78,34.764000000000124,utilities,Utilities,0,False,0.0
h2_2026_03_23,h2_2026_03_23_t00125,comment,01:13:39.600,Unknown speaker,public,107,52.714999999999236,utilities,Utilities,0,False,0.0
h2_2026_03_23,h2_2026_03_23_t00126,comment,01:14:34.777,Unknown speaker,official,31,19.141999999999825,utilities,Utilities,0,False,0.0
h2_2026_03_23,h2_2026_03_23_t00127,comment,01:15:02.172,Unknown speaker,official,394,182.53100000000086,utilities,Utilities,0,False,0.0021689461806603688
h2_2026_03_23,h2_2026_03_23_t00129,comment,01:18:10.546,Unknown speaker,official,133,47.32799999999952,utilities,Utilities,0,False,0.0
h2_2026_03_23,h2_2026_03_23_t00130,comment,01:18:58.534,Unknown speaker,official,141,55.48400000000038,utilities,Utilities,0,False,0.0067826346894059465
h2_2026_03_23,h2_2026_03_23_t00132,comment,01:20:10.149,Unknown speaker,official,88,41.20299999999952,utilities,Utilities,0,False,0.0
h2_2026_03_23,h2_2026_03_23_t00134,comment,01:21:06.512,Unknown speaker,official,21,7.806000000000495,utilities,Utilities,0,False,0.0
h2_2026_03_23,h2_2026_03_23_t00135,comment,01:21:18.461,Unknown speaker,public,334,122.83500000000004,utilities,Utilities,0,False,0.014369954251011136
h2_2026_03_23,h2_2026_03_23_t00137,comment,01:23:31.700,Unknown speaker,public,139,53.738000000000284,utilities,Utilities,0,False,0.0071900955135756105
h2_2026_03_23,h2_2026_03_23_t00141,comment,01:24:29.760,Unknown speaker,public,91,36.259000000000015,utilities,Utilities,0,False,0.004881013328710925
h2_2026_03_23,h2_2026_03_23_t00142,comment,01:25:09.881,Unknown speaker,public,58,23.829999999999927,utilities,Utilities,0,False,0.0
h2_2026_03_23,h2_2026_03_23_t00145,comment,01:25:52.996,Unknown speaker,public,323,126.17799999999988,utilities,Utilities,0,False,0.0
h2_2026_03_23,h2_2026_03_23_t00147,comment,01:28:12.341,Unknown speaker,public,160,84.5630000000001,utilities,Utilities,0,False,0.0
h2_2026_03_23,h2_2026_03_23_t00151,comment,01:29:51.221,Unknown speaker,public,285,122.87800000000061,utilities,Utilities,0,False,0.01201895221842816
h2_2026_03_23,h2_2026_03_23_t00153,comment,01:32:02.783,Unknown speaker,public,103,38.107999999999265,utilities,Utilities,0,False,0.0
h2_2026_03_23,h2_2026_03_23_t00154,comment,01:32:44.894,Unknown speaker,public,188,67.29599999999937,utilities,Utilities,0,False,0.0029908287476922506
h2_2026_03_23,h2_2026_03_23_t00156,comment,01:34:03.098,Unknown speaker,public,213,67.63799999999992,utilities,Utilities,0,False,0.015469390796540188
h2_2026_03_23,h2_2026_03_23_t00158,comment,01:35:13.668,Unknown speaker,public,256,85.51600000000053,utilities,Utilities,0,False,0.0
h2_2026_03_23,h2_2026_03_23_t00159,comment,01:36:42.583,Unknown speaker,public,110,29.105000000000473,utilities,Utilities,0,False,0.011221394491041828
h2_2026_03_23,h2_2026_03_23_t00161,comment,01:37:28.177,Unknown speaker,public,329,121.25,utilities,Utilities,0,False,0.0
h2_2026_03_23,h2_2026_03_23_t00163,comment,01:39:38.434,Unknown speaker,official,111,43.64499999999953,utilities,Utilities,0,False,0.0
h2_2026_03_23,h2_2026_03_23_t00165,comment,01:40:30.186,Unknown speaker,public,267,80.5590000000002,utilities,Utilities,0,False,0.0
h2_2026_03_23,h2_2026_03_23_t00167,comment,01:41:56.843,Unknown speaker,public,130,32.284999999999854,utilities,Utilities,0,False,0.0
h2_2026_03_23,h2_2026_03_23_t00170,comment,01:42:36.670,Unknown speaker,public,318,122.0010000000002,utilities,Utilities,0,False,0.023791624927255277
h2_2026_03_23,h2_2026_03_23_t00173,comment,01:44:52.200,Unknown speaker,public,397,121.54700000000048,utilities,Utilities,0,False,0.02456424238091664
h2_2026_03_23,h2_2026_03_23_t00175,comment,01:47:02.408,Unknown speaker,public,148,45.978000000000065,utilities,Utilities,0,False,0.0
h2_2026_03_23,h2_2026_03_23_t00177,comment,01:47:49.946,Unknown speaker,public,53,16.34900000000016,utilities,Utilities,0,False,0.0
h2_2026_03_23,h2_2026_03_23_t00179,comment,01:48:12.995,Unknown speaker,public,203,52.228000000000065,utilities,Utilities,0,False,0.0
h2_2026_03_23,h2_2026_03_23_t00182,comment,01:50:38.532,Unknown speaker,official,21,6.023000000000138,utilities,Utilities,0,False,0.0
h2_2026_03_23,h2_2026_03_23_t00185,comment,01:50:50.479,Unknown speaker,public,125,45.55000000000018,utilities,Utilities,0,False,0.0
h2_2026_03_23,h2_2026_03_23_t00186,comment,01:51:39.385,Unknown speaker,public,100,33.246000000000095,utilities,Utilities,0,False,0.011913810815871171
h2_2026_03_23,h2_2026_03_23_t00188,comment,01:52:26.139,Unknown speaker,public,366,122.92100000000028,utilities,Utilities,0,False,0.0
h2_2026_03_23,h2_2026_03_23_t00192,comment,01:54:49.540,Unknown speaker,public,331,106.53099999999995,utilities,Utilities,0,False,0.0
h2_2026_03_23,h2_2026_03_23_t00194,comment,01:56:38.013,Unknown speaker,public,320,111.95399999999972,utilities,Utilities,0,False,0.025823309998273446
h2_2026_03_23,h2_2026_03_23_t00195,comment,01:58:33.629,Unknown speaker,public,50,12.54700000000048,utilities,Utilities,0,False,0.030667306625490182
h2_2026_03_23,h2_2026_03_23_t00197,comment,01:58:59.124,Unknown speaker,public,202,76.80000000000018,utilities,Utilities,0,False,0.0062167093328575045
h2_2026_03_23,h2_2026_03_23_t00199,comment,02:00:18.885,Unknown speaker,public,345,125.11200000000008,utilities,Utilities,0,False,0.0
h2_2026_03_23,h2_2026_03_23_t00203,comment,02:02:33.318,Unknown speaker,public,276,94.4960000000001,utilities,Utilities,0,False,0.010921002878138845
h2_2026_03_23,h2_2026_03_23_t00205,comment,02:04:17.465,Unknown speaker,public,367,117.6239999999998,utilities,Utilities,0,False,0.0
h2_2026_03_23,h2_2026_03_23_t00206,comment,02:06:24.118,Unknown speaker,public,344,123.44499999999971,utilities,Utilities,0,False,0.008888559544841263
h2_2026_03_23,h2_2026_03_23_t00208,comment,02:08:34.233,Unknown speaker,public,271,107.03899999999976,utilities,Utilities,1,True,0.005656658846509609
h2_2026_03_23,h2_2026_03_23_t00210,comment,02:10:25.802,Unknown speaker,public,438,124.88600000000042,utilities,Utilities,0,False,0.0
h2_2026_03_23,h2_2026_03_23_t00216,comment,02:12:48.117,Unknown speaker,official,198,60.05400000000009,utilities,Utilities,0,False,0.0
h2_2026_03_23,h2_2026_03_23_t00218,comment,02:13:57.440,Unknown speaker,public,244,121.01700000000073,utilities,Utilities,0,False,0.006589903872242872
h2_2026_03_23,h2_2026_03_23_t00220,comment,02:16:07.642,Unknown speaker,public,164,56.746000000001004,utilities,Utilities,0,False,0.0
h2_2026_03_23,h2_2026_03_23_t00221,comment,02:17:08.732,Unknown speaker,public,152,63.59900000000016,utilities,Utilities,0,False,0.012869954830300913
h2_2026_03_23,h2_2026_03_23_t00224,comment,02:18:36.810,Unknown speaker,public,39,11.483000000000175,utilities,Utilities,0,False,0.0
h2_2026_03_23,h2_2026_03_23_t00225,comment,02:18:52.414,Unknown speaker,public,117,42.96299999999974,utilities,Utilities,0,False,0.0
h2_2026_03_23,h2_2026_03_23_t00227,comment,02:19:44.883,Unknown speaker,public,358,118.59499999999935,utilities,Utilities,0,False,0.021108339397716627
h2_2026_03_23,h2_2026_03_23_t00229,comment,02:21:51.622,Unknown speaker,public,364,120.67100000000028,utilities,Utilities,0,False,0.0
h2_2026_03_23,h2_2026_03_23_t00231,comment,02:24:03.483,Unknown speaker,public,343,128.45899999999892,utilities,Utilities,0,False,0.012961698804632023
h2_2026_03_23,h2_2026_03_23_t00232,comment,02:26:22.468,Unknown speaker,public,262,108.42099999999846,utilities,Utilities,0,False,0.0
h2_2026_03_23,h2_2026_03_23_t00233,comment,02:28:20.397,Unknown speaker,public,29,7.586999999999534,utilities,Utilities,0,False,0.0
h2_2026_03_23,h2_2026_03_23_t00236,comment,02:28:45.546,Unknown speaker,public,122,47.190999999998894,utilities,Utilities,0,False,0.0
h2_2026_03_23,h2_2026_03_23_t00240,comment,02:30:03.124,Unknown speaker,public,39,18.028000000000247,utilities,Utilities,0,False,0.0
h2_2026_03_23,h2_2026_03_23_t00241,comment,02:30:24.554,Unknown speaker,public,67,20.771999999999025,utilities,Utilities,0,False,0.0
h2_2026_03_23,h2_2026_03_23_t00242,comment,02:30:48.708,Unknown speaker,public,69,22.47599999999875,utilities,Utilities,0,False,0.0
h2_2026_03_23,h2_2026_03_23_t00243,comment,02:31:16.906,Unknown speaker,public,54,19.797999999998865,utilities,Utilities,0,False,0.0
h2_2026_03_23,h2_2026_03_23_t00244,comment,02:31:40.205,Unknown speaker,public,106,45.486000000000786,utilities,Utilities,0,False,0.01833029705502973
h2_2026_03_23,h2_2026_03_23_t00245,comment,02:32:28.792,Unknown speaker,public,155,56.12300000000141,utilities,Utilities,0,False,0.01697000985398214
h2_2026_03_23,h2_2026_03_23_t00246,comment,02:33:35.039,Unknown speaker,public,119,38.753999999998996,utilities,Utilities,0,False,0.0
h2_2026_03_23,h2_2026_03_23_t00247,comment,02:34:22.410,Unknown speaker,public,188,60.52000000000044,utilities,Utilities,0,False,0.0
h2_2026_03_23,h2_2026_03_23_t00248,comment,02:35:24.291,Unknown speaker,official,32,11.703000000001339,utilities,Utilities,0,False,0.0
h2_2026_03_23,h2_2026_03_23_t00249,comment,02:35:36.314,Unknown speaker,public,47,13.395000000000437,utilities,Utilities,0,False,0.0
h2_2026_03_23,h2_2026_03_23_t00251,comment,02:35:58.776,Unknown speaker,public,336,96.7569999999996,utilities,Utilities,0,False,0.002463823403884448
h2_2026_03_23,h2_2026_03_23_t00252,comment,02:37:46.420,Unknown speaker,public,394,124.3130000000001,utilities,Utilities,0,False,0.0
h2_2026_03_23,h2_2026_03_23_t00254,comment,02:40:07.442,Unknown speaker,public,296,97.35000000000036,utilities,Utilities,0,False,0.0
h2_2026_03_23,h2_2026_03_23_t00255,comment,02:41:56.973,Unknown speaker,public,293,121.45299999999952,utilities,Utilities,0,False,0.0
h2_2026_03_23,h2_2026_03_23_t00256,comment,02:44:11.429,Unknown speaker,public,361,125.53199999999924,utilities,Utilities,2,True,0.013775876834740637
h2_2026_03_23,h2_2026_03_23_t00259,comment,02:46:27.462,Unknown speaker,public,118,39.10699999999997,utilities,Utilities,0,False,0.0
h2_2026_03_23,h2_2026_03_23_t00260,comment,02:47:15.502,Unknown speaker,public,375,115.27499999999964,utilities,Utilities,0,False,0.013803969492261911
h2_2026_03_23,h2_2026_03_23_t00261,comment,02:49:20.020,Unknown speaker,public,186,62.608000000000175,utilities,Utilities,0,False,0.0
h2_2026_03_23,h2_2026_03_23_t00262,comment,02:50:32.868,Unknown speaker,public,187,74.06999999999971,utilities,Utilities,0,False,0.007975083011058787
h2_2026_03_23,h2_2026_03_23_t00263,comment,02:51:57.704,Unknown speaker,public,283,75.42100000000028,utilities,Utilities,0,False,0.0
h2_2026_03_23,h2_2026_03_23_t00264,comment,02:53:21.892,Unknown speaker,public,343,111.0640000000003,utilities,Utilities,0,False,0.0049990671239514
h2_2026_03_23,h2_2026_03_23_t00265,comment,02:55:23.755,Unknown speaker,public,65,27.19300000000112,utilities,Utilities,0,False,0.0
h2_2026_03_23,h2_2026_03_23_t00266,comment,02:55:54.448,Unknown speaker,public,131,52.93499999999949,utilities,Utilities,0,False,0.008563010449675983
h2_2026_03_23,h2_2026_03_23_t00267,comment,02:56:54.089,Unknown speaker,public,104,34.29700000000048,utilities,Utilities,0,False,0.0
h2_2026_03_23,h2_2026_03_23_t00268,comment,02:57:37.689,Unknown speaker,public,138,41.586999999999534,utilities,Utilities,0,False,0.0
h2_2026_03_23,h2_2026_03_23_t00269,comment,02:58:24.739,Unknown speaker,public,118,40.13500000000022,utilities,Utilities,0,False,0.0
h2_2026_03_23,h2_2026_03_23_t00270,comment,02:59:16.462,Unknown speaker,public,65,16.060999999999694,utilities,Utilities,0,False,0.0
h2_2026_03_23,h2_2026_03_23_t00271,comment,02:59:42.012,Unknown speaker,public,113,35.01000000000022,utilities,Utilities,0,False,0.0
h2_2026_03_23,h2_2026_03_23_t00272,comment,03:00:25.758,Unknown speaker,public,76,20.988999999999578,utilities,Utilities,0,False,0.0
h2_2026_03_23,h2_2026_03_23_t00273,comment,03:00:55.035,Unknown speaker,public,44,16.369000000000597,utilities,Utilities,0,False,0.0
h2_2026_03_23,h2_2026_03_23_t00274,comment,03:01:15.967,Unknown speaker,public,115,38.86999999999898,utilities,Utilities,0,False,0.0
h2_2026_03_23,h2_2026_03_23_t00275,comment,03:02:05.202,Unknown speaker,public,426,122.90300000000025,utilities,Utilities,0,False,0.0
h2_2026_03_23,h2_2026_03_23_t00276,comment,03:04:27.320,Unknown speaker,public,122,54.853000000000975,utilities,Utilities,0,False,0.008325227775731333
h2_2026_03_23,h2_2026_03_23_t00277,comment,03:05:25.468,Unknown speaker,public,113,51.753999999998996,utilities,Utilities,0,False,0.0
h2_2026_03_23,h2_2026_03_23_t00278,comment,03:06:27.980,Unknown speaker,public,245,98.92799999999988,utilities,Utilities,0,False,0.0
h2_2026_03_23,h2_2026_03_23_t00280,comment,03:08:20.218,Unknown speaker,public,75,22.93499999999949,utilities,Utilities,0,False,0.0
h2_2026_03_23,h2_2026_03_23_t00282,comment,03:08:46.773,Unknown speaker,public,84,18.19300000000112,utilities,Utilities,0,False,0.0
h2_2026_03_23,h2_2026_03_23_t00284,comment,03:09:09.909,Unknown speaker,official,29,6.05199999999968,utilities,Utilities,0,False,0.0
h2_2026_03_23,h2_2026_03_23_t00286,comment,03:09:20.402,Unknown speaker,public,276,84.71999999999935,utilities,Utilities,0,False,0.0
h2_2026_03_23,h2_2026_03_23_t00287,comment,03:10:45.703,Unknown speaker,official,77,30.488999999999578,utilities,Utilities,0,False,0.006144934947218859
h2_2026_03_23,h2_2026_03_23_t00289,comment,03:11:26.566,Unknown speaker,public,166,62.30699999999888,utilities,Utilities,0,False,0.0
h2_2026_03_23,h2_2026_03_23_t00292,comment,03:12:36.996,Unknown speaker,public,187,48.82800000000134,utilities,Utilities,0,False,0.0
h2_2026_03_23,h2_2026_03_23_t00293,comment,03:13:33.590,Unknown speaker,public,130,47.623999999999796,utilities,Utilities,2,True,0.02571275853525649
h2_2026_03_23,h2_2026_03_23_t00294,comment,03:14:30.085,Unknown speaker,public,22,5.802000000001499,utilities,Utilities,0,False,0.0
h2_2026_03_23,h2_2026_03_23_t00296,comment,03:14:38.348,Unknown speaker,public,127,40.81500000000051,utilities,Utilities,0,False,0.0
h2_2026_03_23,h2_2026_03_23_t00297,comment,03:15:23.862,Unknown speaker,official,24,9.229000000001179,utilities,Utilities,0,False,0.0
h2_2026_03_23,h2_2026_03_23_t00300,comment,03:15:47.123,Unknown speaker,public,58,22.48700000000099,utilities,Utilities,0,False,0.0
h2_2026_03_23,h2_2026_03_23_t00301,comment,03:16:14.271,Unknown speaker,official,22,8.568999999999505,utilities,Utilities,0,False,0.0
h2_2026_03_23,h2_2026_03_23_t00302,comment,03:16:34.048,Unknown speaker,public,89,32.34099999999853,utilities,Utilities,0,False,0.0
h2_2026_03_23,h2_2026_03_23_t00303,comment,03:17:11.853,Unknown speaker,official,28,10.467000000000553,utilities,Utilities,0,False,0.008710344695634458
h2_2026_03_23,h2_2026_03_23_t00305,comment,03:17:28.156,Unknown speaker,public,28,9.36199999999917,utilities,Utilities,0,False,0.0
h2_2026_03_23,h2_2026_03_23_t00307,comment,03:17:39.879,Unknown speaker,public,43,13.062999999998283,utilities,Utilities,0,False,0.0
h2_2026_03_23,h2_2026_03_23_t00308,comment,03:17:55.183,Unknown speaker,official,27,14.006999999999607,utilities,Utilities,0,False,0.008174374346796487
h2_2026_03_23,h2_2026_03_23_t00309,comment,03:18:13.304,Unknown speaker,public,54,20.04199999999946,utilities,Utilities,0,False,0.0
h2_2026_03_23,h2_2026_03_23_t00310,comment,03:18:36.561,Unknown speaker,official,45,17.868000000000393,utilities,Utilities,0,False,0.006261404264839822
h2_2026_03_23,h2_2026_03_23_t00311,comment,03:19:02.232,Unknown speaker,public,464,216.47500000000036,utilities,Utilities,0,False,0.0041540817005020795
h2_2026_03_23,h2_2026_03_23_t00312,comment,03:22:47.208,Unknown speaker,public,71,32.149999999999636,utilities,Utilities,0,False,0.0
h2_2026_03_23,h2_2026_03_23_t00313,comment,03:23:24.306,Unknown speaker,public,46,24.23199999999997,utilities,Utilities,0,False,0.006295214354413903
h2_2026_03_23,h2_2026_03_23_t00315,comment,03:24:08.390,Unknown speaker,developer,815,280.96600000000035,utilities,Utilities,1,True,0.021818941196258518
h2_2026_03_23,h2_2026_03_23_t00316,comment,03:28:50.956,Unknown speaker,official,45,19.593000000000757,utilities,Utilities,0,False,0.007652034482937228
h2_2026_03_23,h2_2026_03_23_t00319,comment,03:29:15.852,Unknown speaker,official,33,14.023999999999432,utilities,Utilities,0,False,0.0
h2_2026_03_23,h2_2026_03_23_t00320,comment,03:29:33.319,Unknown speaker,official,117,47.02599999999984,utilities,Utilities,0,False,0.0
h2_2026_03_23,h2_2026_03_23_t00321,comment,03:30:23.838,Unknown speaker,official,26,10.825000000000728,utilities,Utilities,0,False,0.0
h2_2026_03_23,h2_2026_03_23_t00322,comment,03:30:39.365,Unknown speaker,official,22,5.802999999999884,utilities,Utilities,0,False,0.0
h2_2026_03_23,h2_2026_03_23_t00365,comment,03:33:22.654,Unknown speaker,official,22,10.688000000000102,utilities,Utilities,0,False,0.0
h2_2026_03_23,h2_2026_03_23_t00368,comment,03:33:40.608,Unknown speaker,staff,61,18.85399999999936,utilities,Utilities,0,False,0.0
h2_2026_03_23,h2_2026_03_23_t00371,comment,03:34:22.417,Unknown speaker,official,23,6.663000000000466,utilities,Utilities,0,False,0.0
h2_2026_03_23,h2_2026_03_23_t00372,comment,03:34:29.160,Unknown speaker,staff,22,6.163000000000466,utilities,Utilities,0,False,0.0
h2_2026_03_23,h2_2026_03_23_t00373,comment,03:34:49.098,Unknown speaker,official,26,7.826000000000931,utilities,Utilities,0,False,0.0
h2_2026_03_23,h2_2026_03_23_t00377,comment,03:35:14.967,Unknown speaker,staff,100,37.8169999999991,utilities,Utilities,0,False,0.0
h2_2026_03_23,h2_2026_03_23_t00381,comment,03:36:37.529,Unknown speaker,staff,37,13.02599999999984,utilities,Utilities,0,False,0.0
h2_2026_03_23,h2_2026_03_23_t00382,comment,03:36:52.396,Unknown speaker,official,35,11.737999999999374,utilities,Utilities,0,False,0.0
h2_2026_03_23,h2_2026_03_23_t00385,comment,03:37:16.497,Unknown speaker,staff,42,16.403000000000247,utilities,Utilities,0,False,0.0
h2_2026_03_23,h2_2026_03_23_t00387,comment,03:37:41.510,Unknown speaker,official,30,9.806000000000495,utilities,Utilities,0,False,0.0
h2_2026_03_23,h2_2026_03_23_t00390,comment,03:38:32.187,Unknown speaker,official,31,10.566000000000713,utilities,Utilities,0,False,0.0
h2_2026_03_23,h2_2026_03_23_t00395,comment,03:40:38.890,Unknown speaker,official,22,8.98700000000099,utilities,Utilities,0,False,0.0
h2_2026_03_23,h2_2026_03_23_t00407,comment,03:42:08.243,Unknown speaker,public,28,11.147999999999229,utilities,Utilities,0,False,0.0
h2_2026_03_23,h2_2026_03_23_t00409,comment,03:42:24.595,Unknown speaker,public,282,97.53900000000067,utilities,Utilities,0,False,0.0
h2_2026_03_23,h2_2026_03_23_t00411,comment,03:44:03.527,Unknown speaker,public,334,123.48300000000017,utilities,Utilities,0,False,0.028572227811569064
h2_2026_03_23,h2_2026_03_23_t00412,comment,03:46:07.171,Unknown speaker,official,31,14.46600000000035,utilities,Utilities,0,False,0.0
h2_2026_03_23,h2_2026_03_23_t00413,comment,03:46:24.660,Unknown speaker,official,34,15.583000000000538,utilities,Utilities,0,False,0.0
h2_2026_03_23,h2_2026_03_23_t00418,comment,03:47:24.181,Unknown speaker,public,809,242.83299999999872,utilities,Utilities,0,False,0.00868314508081482
h2_2026_03_23,h2_2026_03_23_t00421,comment,03:51:30.276,Unknown speaker,official,35,22.181000000000495,utilities,Utilities,0,False,0.0
h2_2026_03_23,h2_2026_03_23_t00425,comment,03:52:22.763,Unknown speaker,public,95,31.821999999998297,utilities,Utilities,0,False,0.0
h2_2026_03_23,h2_2026_03_23_t00426,comment,03:52:58.588,Unknown speaker,official,22,8.706000000000131,utilities,Utilities,0,False,0.0
h2_2026_03_23,h2_2026_03_23_t00429,comment,03:53:22.715,Unknown speaker,official,20,9.851999999998952,utilities,Utilities,0,False,0.0
h2_2026_03_23,h2_2026_03_23_t00430,comment,03:53:48.318,Unknown speaker,public,27,7.6270000000004075,utilities,Utilities,0,False,0.0
h2_2026_03_23,h2_2026_03_23_t00435,comment,03:54:29.882,Unknown speaker,official,22,10.509000000000015,utilities,Utilities,0,False,0.0
h1_2025_12_03,h1_2025_12_03_t00003,comment,00:00:15.605,Unknown speaker,official,72,24.328999999999997,economic_development,Economic development,0,False,0.0
h1_2025_12_03,h1_2025_12_03_t00004,comment,00:00:39.954,Unknown speaker,unknown,31,15.271,economic_development,Economic development,0,False,0.0
h1_2025_12_03,h1_2025_12_03_t00005,comment,00:01:00.770,Unknown speaker,official,58,25.275,economic_development,Economic development,0,False,0.0
h1_2025_12_03,h1_2025_12_03_t00006,comment,00:01:29.200,Unknown speaker,staff,23,19.180999999999997,economic_development,Economic development,0,False,0.0
h1_2025_12_03,h1_2025_12_03_t00014,comment,00:02:13.178,Unknown speaker,official,78,25.02600000000001,economic_development,Economic development,0,False,0.0
h1_2025_12_03,h1_2025_12_03_t00015,comment,00:02:43.150,Unknown speaker,official,32,9.730999999999995,economic_development,Economic development,0,False,0.0
h1_2025_12_03,h1_2025_12_03_t00019,comment,00:03:07.437,Unknown speaker,official,18,7.304000000000002,economic_development,Economic development,0,False,0.0
h1_2025_12_03,h1_2025_12_03_t00022,comment,00:04:05.616,Unknown speaker,official,804,287.985,economic_development,Economic development,0,False,0.0
h1_2025_12_03,h1_2025_12_03_t00029,comment,00:10:38.713,Unknown speaker,developer,247,83.51800000000003,economic_development,Economic development,3,True,0.04135991699563164
h1_2025_12_03,h1_2025_12_03_t00030,comment,00:12:13.198,Unknown speaker,developer,53,14.513000000000034,economic_development,Economic development,0,False,0.0
h1_2025_12_03,h1_2025_12_03_t00031,comment,00:12:35.055,Unknown speaker,developer,84,31.01800000000003,economic_development,Economic development,0,False,0.0
h1_2025_12_03,h1_2025_12_03_t00034,comment,00:13:20.818,Unknown speaker,developer,1139,344.1289999999999,economic_development,Economic development,5,True,0.02733206574948576
h1_2025_12_03,h1_2025_12_03_t00035,comment,00:19:08.195,Unknown speaker,developer,797,253.43000000000006,economic_development,Economic development,0,False,0.004222925602447647
h1_2025_12_03,h1_2025_12_03_t00036,comment,00:23:25.968,Unknown speaker,developer,314,92.52199999999993,economic_development,Economic development,0,False,0.0
h1_2025_12_03,h1_2025_12_03_t00037,comment,00:25:08.446,Unknown speaker,developer,409,130.86800000000017,economic_development,Economic development,3,True,0.035665569620619376
h1_2025_12_03,h1_2025_12_03_t00038,comment,00:27:25.706,Unknown speaker,developer,216,60.846000000000004,economic_development,Economic development,3,True,0.08579515816805268
h1_2025_12_03,h1_2025_12_03_t00039,comment,00:28:30.338,Unknown speaker,developer,169,54.519000000000005,economic_development,Economic development,4,True,0.0531122830455784
h1_2025_12_03,h1_2025_12_03_t00040,comment,00:29:25.842,Unknown speaker,official,101,26.652999999999793,economic_development,Economic development,0,False,0.0
h1_2025_12_03,h1_2025_12_03_t00041,comment,00:29:52.759,Unknown speaker,developer,38,11.242999999999938,economic_development,Economic development,1,True,0.015362820851127184
h1_2025_12_03,h1_2025_12_03_t00045,comment,00:30:19.326,Unknown speaker,public,836,246.4380000000001,economic_development,Economic development,0,False,0.009425254456574977
h1_2025_12_03,h1_2025_12_03_t00048,comment,00:34:36.842,Unknown speaker,public,213,79.37599999999975,economic_development,Economic development,0,False,0.026055023488244573
h1_2025_12_03,h1_2025_12_03_t00049,comment,00:36:01.937,Unknown speaker,public,254,94.46300000000019,economic_development,Economic development,1,True,0.028301172439096214
h1_2025_12_03,h1_2025_12_03_t00050,comment,00:37:43.546,Unknown speaker,consultant,310,113.25500000000011,economic_development,Economic development,1,True,0.034591122543996856
h1_2025_12_03,h1_2025_12_03_t00052,comment,00:39:50.806,Unknown speaker,consultant,493,179.346,economic_development,Economic development,3,True,0.034132475830881547
h1_2025_12_03,h1_2025_12_03_t00053,comment,00:43:00.822,Unknown speaker,consultant,24,6.826999999999771,economic_development,Economic development,0,False,0.0
h1_2025_12_03,h1_2025_12_03_t00062,comment,00:45:21.576,Unknown speaker,official,20,7.706000000000131,economic_development,Economic development,0,False,0.0
h1_2025_12_03,h1_2025_12_03_t00065,comment,00:46:21.059,Unknown speaker,official,155,61.19599999999991,economic_development,Economic development,0,False,0.0
h1_2025_12_03,h1_2025_12_03_t00066,comment,00:47:22.655,Unknown speaker,official,64,26.927999999999884,economic_development,Economic development,0,False,0.0
h1_2025_12_03,h1_2025_12_03_t00067,comment,00:47:50.090,Unknown speaker,developer,197,57.88599999999997,economic_development,Economic development,0,False,0.0
h1_2025_12_03,h1_2025_12_03_t00068,comment,00:48:48.376,Unknown speaker,official,145,58.13099999999986,economic_development,Economic development,0,False,0.0
h1_2025_12_03,h1_2025_12_03_t00069,comment,00:49:49.970,Unknown speaker,official,25,11.202999999999975,economic_development,Economic development,0,False,0.0
h1_2025_12_03,h1_2025_12_03_t00070,comment,00:50:01.193,Unknown speaker,official,119,39.06700000000001,economic_development,Economic development,0,False,0.0
h1_2025_12_03,h1_2025_12_03_t00071,comment,00:50:40.871,Unknown speaker,developer,330,101.94299999999976,economic_development,Economic development,4,True,0.022900191556941656
h1_2025_12_03,h1_2025_12_03_t00072,comment,00:52:22.834,Unknown speaker,official,30,9.595000000000255,economic_development,Economic development,0,False,0.0
h1_2025_12_03,h1_2025_12_03_t00073,comment,00:52:32.669,Unknown speaker,developer,59,12.889000000000124,economic_development,Economic development,0,False,0.0
h1_2025_12_03,h1_2025_12_03_t00076,comment,00:52:53.965,Unknown speaker,official,18,8.38799999999992,economic_development,Economic development,0,False,0.0
h1_2025_12_03,h1_2025_12_03_t00077,comment,00:53:03.254,Unknown speaker,official,84,30.184000000000196,economic_development,Economic development,0,False,0.0
h1_2025_12_03,h1_2025_12_03_t00078,comment,00:53:36.293,Unknown speaker,developer,72,23.06999999999971,economic_development,Economic development,0,False,0.0
h1_2025_12_03,h1_2025_12_03_t00079,comment,00:54:00.303,Unknown speaker,official,32,7.829999999999927,economic_development,Economic development,0,False,0.0
h1_2025_12_03,h1_2025_12_03_t00081,comment,00:54:09.693,Unknown speaker,official,18,8.361999999999625,economic_development,Economic development,0,False,0.0
h1_2025_12_03,h1_2025_12_03_t00083,comment,00:54:18.895,Unknown speaker,official,68,22.876000000000204,economic_development,Economic development,0,False,0.0
h1_2025_12_03,h1_2025_12_03_t00084,comment,00:54:42.251,Unknown speaker,developer,132,40.80799999999999,economic_development,Economic development,1,True,0.013481345298068062
h1_2025_12_03,h1_2025_12_03_t00085,comment,00:55:23.459,Unknown speaker,official,22,5.1030000000000655,economic_development,Economic development,0,False,0.0
h1_2025_12_03,h1_2025_12_03_t00086,comment,00:55:29.398,Unknown speaker,developer,89,27.284999999999854,economic_development,Economic development,0,False,0.0
h1_2025_12_03,h1_2025_12_03_t00087,comment,00:55:57.742,Unknown speaker,official,35,10.298999999999978,economic_development,Economic development,0,False,0.010373228764432202
h1_2025_12_03,h1_2025_12_03_t00088,comment,00:56:09.181,Unknown speaker,developer,48,16.88299999999981,economic_development,Economic development,0,False,0.007666899071741133
h1_2025_12_03,h1_2025_12_03_t00091,comment,00:56:34.855,Unknown speaker,official,41,16.153999999999996,economic_development,Economic development,0,False,0.0
h1_2025_12_03,h1_2025_12_03_t00093,comment,00:57:02.553,Unknown speaker,developer,87,44.572000000000116,economic_development,Economic development,0,False,0.0
h1_2025_12_03,h1_2025_12_03_t00094,comment,00:57:48.495,Unknown speaker,official,20,8.564000000000306,economic_development,Economic development,0,False,0.0
h1_2025_12_03,h1_2025_12_03_t00095,comment,00:57:59.080,Unknown speaker,developer,18,3.8020000000001346,economic_development,Economic development,0,False,0.0
h1_2025_12_03,h1_2025_12_03_t00096,comment,00:58:04.423,Unknown speaker,official,18,6.703000000000429,economic_development,Economic development,0,False,0.0
h1_2025_12_03,h1_2025_12_03_t00103,comment,00:58:28.073,Unknown speaker,official,19,12.48700000000008,economic_development,Economic development,0,False,0.0
h1_2025_12_03,h1_2025_12_03_t00104,comment,00:58:45.661,Unknown speaker,official,32,11.143999999999778,economic_development,Economic development,0,False,0.0
h1_2025_12_03,h1_2025_12_03_t00105,comment,00:58:58.047,Unknown speaker,developer,199,71.346,economic_development,Economic development,0,False,0.004784366323961819
h1_2025_12_03,h1_2025_12_03_t00107,comment,01:00:14.270,Unknown speaker,developer,48,17.690999999999804,economic_development,Economic development,0,False,0.0
h1_2025_12_03,h1_2025_12_03_t00111,comment,01:00:52.184,Unknown speaker,official,49,15.084999999999582,economic_development,Economic development,0,False,0.0
h1_2025_12_03,h1_2025_12_03_t00112,comment,01:01:08.148,Unknown speaker,developer,268,86.94499999999971,economic_development,Economic development,0,False,0.0
h1_2025_12_03,h1_2025_12_03_t00115,comment,01:02:58.546,Unknown speaker,official,162,52.345000000000255,economic_development,Economic development,1,True,0.026944630795486223
h1_2025_12_03,h1_2025_12_03_t00116,comment,01:03:53.913,Unknown speaker,developer,76,26.235000000000127,economic_development,Economic development,0,False,0.0
h1_2025_12_03,h1_2025_12_03_t00117,comment,01:04:20.608,Unknown speaker,official,51,14.94399999999996,economic_development,Economic development,0,False,0.012103136802899964
h1_2025_12_03,h1_2025_12_03_t00119,comment,01:04:53.297,Unknown speaker,official,59,17.126999999999953,economic_development,Economic development,0,False,0.0
h1_2025_12_03,h1_2025_12_03_t00120,comment,01:05:12.026,Unknown speaker,public,155,46.008000000000266,economic_development,Economic development,0,False,0.0
h1_2025_12_03,h1_2025_12_03_t00121,comment,01:06:01.281,Unknown speaker,official,73,26.02500000000009,economic_development,Economic development,0,False,0.0
h1_2025_12_03,h1_2025_12_03_t00122,comment,01:06:27.727,Unknown speaker,public,103,35.846000000000004,economic_development,Economic development,0,False,0.0
h1_2025_12_03,h1_2025_12_03_t00123,comment,01:07:03.713,Unknown speaker,official,18,5.3419999999996435,economic_development,Economic development,0,False,0.0
h1_2025_12_03,h1_2025_12_03_t00124,comment,01:07:12.476,Unknown speaker,official,314,103.20800000000008,economic_development,Economic development,1,True,0.005172615855340289
h1_2025_12_03,h1_2025_12_03_t00125,comment,01:08:57.705,Unknown speaker,official,18,4.8419999999996435,economic_development,Economic development,0,False,0.0
h1_2025_12_03,h1_2025_12_03_t00128,comment,01:09:05.608,Unknown speaker,official,21,8.804000000000087,economic_development,Economic development,0,False,0.016986273328801475
h1_2025_12_03,h1_2025_12_03_t00131,comment,01:09:21.783,Unknown speaker,official,19,5.0239999999994325,economic_development,Economic development,0,False,0.0
h1_2025_12_03,h1_2025_12_03_t00132,comment,01:09:27.608,Unknown speaker,official,49,15.992999999999483,economic_development,Economic development,0,False,0.0
h1_2025_12_03,h1_2025_12_03_t00135,comment,01:09:50.018,Unknown speaker,official,60,17.54399999999987,economic_development,Economic development,0,False,0.0
h1_2025_12_03,h1_2025_12_03_t00136,comment,01:10:07.742,Unknown speaker,developer,70,22.425999999999476,economic_development,Economic development,0,False,0.0
h1_2025_12_03,h1_2025_12_03_t00139,comment,01:10:40.610,Unknown speaker,official,31,14.639000000000124,economic_development,Economic development,0,False,0.0
h1_2025_12_03,h1_2025_12_03_t00140,comment,01:10:58.312,Unknown speaker,official,22,11.488000000000284,economic_development,Economic development,0,False,0.0
h1_2025_12_03,h1_2025_12_03_t00141,comment,01:11:12.082,Unknown speaker,official,408,164.66799999999967,economic_development,Economic development,0,False,0.0106499462210681
h1_2025_12_03,h1_2025_12_03_t00142,comment,01:14:02.713,Unknown speaker,official,364,118.8710000000001,economic_development,Economic development,0,False,0.0
h1_2025_12_03,h1_2025_12_03_t00144,comment,01:16:02.985,Unknown speaker,official,26,10.677999999999884,economic_development,Economic development,0,False,0.0
h1_2025_12_03,h1_2025_12_03_t00146,comment,01:16:16.785,Unknown speaker,official,31,8.404999999999745,economic_development,Economic development,0,False,0.0
h1_2025_12_03,h1_2025_12_03_t00148,comment,01:17:15.471,Unknown speaker,official,49,13.82800000000043,economic_development,Economic development,0,False,0.0
h1_2025_12_03,h1_2025_12_03_t00152,comment,01:18:40.363,Unknown speaker,public,99,29.721999999999753,economic_development,Economic development,0,False,0.0
h1_2025_12_03,h1_2025_12_03_t00153,comment,01:19:18.370,Unknown speaker,public,46,12.306999999999789,economic_development,Economic development,0,False,0.0
h1_2025_12_03,h1_2025_12_03_t00154,comment,01:19:41.797,Unknown speaker,public,306,110.47900000000027,economic_development,Economic development,0,False,0.003679412276450358
h1_2025_12_03,h1_2025_12_03_t00155,comment,01:21:37.955,Unknown speaker,public,196,75.75,economic_development,Economic development,1,True,0.018280501398111455
h1_2025_12_03,h1_2025_12_03_t00156,comment,01:23:01.011,Unknown speaker,public,558,212.52199999999993,economic_development,Economic development,0,False,0.0036538280727894733
h1_2025_12_03,h1_2025_12_03_t00157,comment,01:26:42.316,Unknown speaker,public,81,29.93199999999979,economic_development,Economic development,0,False,0.014419218601712134
h1_2025_12_03,h1_2025_12_03_t00158,comment,01:27:16.117,Unknown speaker,public,87,35.15700000000015,economic_development,Economic development,1,True,0.04406127050517315
h1_2025_12_03,h1_2025_12_03_t00159,comment,01:27:58.241,Unknown speaker,public,252,99.33700000000044,economic_development,Economic development,0,False,0.005872790789251479
h1_2025_12_03,h1_2025_12_03_t00160,comment,01:29:46.419,Unknown speaker,public,283,95.46399999999994,economic_development,Economic development,4,True,0.033884868929148645
h1_2025_12_03,h1_2025_12_03_t00161,comment,01:31:25.306,Unknown speaker,public,19,5.926000000000386,economic_development,Economic development,0,False,0.0
h1_2025_12_03,h1_2025_12_03_t00162,comment,01:31:38.543,Unknown speaker,public,37,13.631000000000313,economic_development,Economic development,1,True,0.01635891432545882
h1_2025_12_03,h1_2025_12_03_t00163,comment,01:32:00.200,Unknown speaker,public,55,20.67200000000048,economic_development,Economic development,1,True,0.01790951156878155
h1_2025_12_03,h1_2025_12_03_t00165,comment,01:32:37.707,Unknown speaker,public,134,51.826999999999316,economic_development,Economic development,0,False,0.006102044480692135
h1_2025_12_03,h1_2025_12_03_t00166,comment,01:33:34.077,Unknown speaker,public,153,74.8710000000001,economic_development,Economic development,1,True,0.007643034419559581
h1_2025_12_03,h1_2025_12_03_t00167,comment,01:34:53.908,Unknown speaker,public,261,103.8149999999996,economic_development,Economic development,0,False,0.003967007961361892
h1_2025_12_03,h1_2025_12_03_t00168,comment,01:36:41.504,Unknown speaker,public,487,232.0659999999998,economic_development,Economic development,3,True,0.048855490794212975
h1_2025_12_03,h1_2025_12_03_t00169,comment,01:40:38.152,Unknown speaker,public,98,51.19800000000032,economic_development,Economic development,0,False,0.0
h1_2025_12_03,h1_2025_12_03_t00170,comment,01:41:32.597,Unknown speaker,public,332,138.4930000000004,economic_development,Economic development,0,False,0.0
h1_2025_12_03,h1_2025_12_03_t00172,comment,01:43:54.812,Unknown speaker,public,161,61.850000000000364,economic_development,Economic development,0,False,0.008638366267425255
h1_2025_12_03,h1_2025_12_03_t00173,comment,01:45:00.618,Unknown speaker,public,187,71.53699999999935,economic_development,Economic development,0,False,0.0
h1_2025_12_03,h1_2025_12_03_t00174,comment,01:46:24.416,Unknown speaker,public,343,111.5590000000002,economic_development,Economic development,6,True,0.08041268652131006
h1_2025_12_03,h1_2025_12_03_t00175,comment,01:48:24.482,Unknown speaker,official,109,49.39300000000003,economic_development,Economic development,1,True,0.008926283196012292
h1_2025_12_03,h1_2025_12_03_t00176,comment,01:49:20.628,Unknown speaker,official,201,80.82600000000002,economic_development,Economic development,0,False,0.0
h1_2025_12_03,h1_2025_12_03_t00177,comment,01:50:41.654,Unknown speaker,official,27,10.695999999999913,economic_development,Economic development,0,False,0.0
h1_2025_12_03,h1_2025_12_03_t00185,comment,01:52:36.715,Unknown speaker,official,25,11.590000000000146,economic_development,Economic development,0,False,0.0
h1_2025_12_03,h1_2025_12_03_t00190,comment,01:53:01.555,Unknown speaker,official,74,28.305999999999585,economic_development,Economic development,0,False,0.0
h1_2025_12_03,h1_2025_12_03_t00191,comment,01:53:30.622,Unknown speaker,public,106,29.59099999999944,economic_development,Economic development,0,False,0.0
h1_2025_12_03,h1_2025_12_03_t00192,comment,01:54:00.592,Unknown speaker,official,162,61.44000000000051,economic_development,Economic development,0,False,0.0
h1_2025_12_03,h1_2025_12_03_t00193,comment,01:55:03.472,Unknown speaker,public,41,19.54399999999987,economic_development,Economic development,0,False,0.0
h1_2025_12_03,h1_2025_12_03_t00194,comment,01:55:29.248,Unknown speaker,public,88,27.347999999999956,economic_development,Economic development,0,False,0.0
h1_2025_12_03,h1_2025_12_03_t00195,comment,01:55:59.386,Unknown speaker,public,69,21.14799999999923,economic_development,Economic development,0,False,0.0
h1_2025_12_03,h1_2025_12_03_t00198,comment,01:56:34.759,Unknown speaker,official,57,19.01000000000022,economic_development,Economic development,0,False,0.0
h1_2025_12_03,h1_2025_12_03_t00200,comment,01:56:56.668,Unknown speaker,public,116,45.98000000000047,economic_development,Economic development,0,False,0.014607048464982128
h1_2025_12_03,h1_2025_12_03_t00202,comment,01:57:47.329,Unknown speaker,official,19,6.082000000000335,economic_development,Economic development,0,False,0.0
h1_2025_12_03,h1_2025_12_03_t00203,comment,01:57:56.748,Unknown speaker,official,18,4.863000000000284,economic_development,Economic development,0,False,0.0
h1_2025_12_03,h1_2025_12_03_t00205,comment,01:58:05.254,Unknown speaker,official,22,10.886999999999716,economic_development,Economic development,0,False,0.021428369810782097
h1_2025_12_03,h1_2025_12_03_t00206,comment,01:58:18.202,Unknown speaker,public,22,10.20299999999952,economic_development,Economic development,0,False,0.0
h1_2025_12_03,h1_2025_12_03_t00210,comment,01:58:42.514,Unknown speaker,public,47,14.963999999999942,economic_development,Economic development,0,False,0.0
h1_2025_12_03,h1_2025_12_03_t00211,comment,01:58:58.418,Unknown speaker,official,27,9.846000000000458,economic_development,Economic development,0,False,0.0
h1_2025_12_03,h1_2025_12_03_t00212,comment,01:59:09.284,Unknown speaker,public,21,6.444000000000415,economic_development,Economic development,0,False,0.0
h1_2025_12_03,h1_2025_12_03_t00214,comment,01:59:21.152,Unknown speaker,public,41,18.853000000000065,economic_development,Economic development,0,False,0.0
h1_2025_12_03,h1_2025_12_03_t00216,comment,01:59:42.847,Unknown speaker,official,28,14.083000000000538,economic_development,Economic development,0,False,0.0
h1_2025_12_03,h1_2025_12_03_t00220,comment,02:00:09.900,Unknown speaker,official,252,87.60400000000027,economic_development,Economic development,0,False,0.0
h1_2025_12_03,h1_2025_12_03_t00223,comment,02:01:41.682,Unknown speaker,public,18,5.525000000000546,economic_development,Economic development,0,False,0.0
h1_2025_12_03,h1_2025_12_03_t00227,comment,02:01:59.276,Unknown speaker,official,22,3.7830000000003565,economic_development,Economic development,0,False,0.0
h1_2025_12_03,h1_2025_12_03_t00228,comment,02:02:03.119,Unknown speaker,public,152,53.35400000000027,economic_development,Economic development,0,False,0.0
h1_2025_12_03,h1_2025_12_03_t00230,comment,02:02:58.213,Unknown speaker,public,43,14.076000000000022,economic_development,Economic development,0,False,0.0
h1_2025_12_03,h1_2025_12_03_t00231,comment,02:03:12.309,Unknown speaker,official,32,7.645999999999731,economic_development,Economic development,0,False,0.0
h1_2025_12_03,h1_2025_12_03_t00232,comment,02:03:20.295,Unknown speaker,public,61,18.960000000000036,economic_development,Economic development,0,False,0.0
h1_2025_12_03,h1_2025_12_03_t00233,comment,02:03:39.275,Unknown speaker,official,66,25.10699999999997,economic_development,Economic development,0,False,0.0
h1_2025_12_03,h1_2025_12_03_t00235,comment,02:04:12.726,Unknown speaker,official,19,6.983000000000175,economic_development,Economic development,0,False,0.0
h1_2025_12_03,h1_2025_12_03_t00238,comment,02:04:28.213,Unknown speaker,official,32,22.105000000000473,economic_development,Economic development,0,False,0.0
h1_2025_12_03,h1_2025_12_03_t00239,comment,02:04:56.046,Unknown speaker,official,21,6.184999999999491,economic_development,Economic development,0,False,0.0
h1_2025_12_03,h1_2025_12_03_t00244,comment,02:05:15.741,Unknown speaker,official,28,14.041000000000167,economic_development,Economic development,0,False,0.0
h1_2025_12_03,h1_2025_12_03_t00246,comment,02:05:48.647,Unknown speaker,official,417,124.26699999999983,economic_development,Economic development,1,True,0.014860848938175132
h1_2025_12_03,h1_2025_12_03_t00247,comment,02:07:54.235,Unknown speaker,public,22,6.927000000000589,economic_development,Economic development,0,False,0.0
h1_2025_12_03,h1_2025_12_03_t00248,comment,02:08:01.957,Unknown speaker,official,353,100.3149999999996,economic_development,Economic development,2,True,0.011508167839715502
h1_2025_12_03,h1_2025_12_03_t00251,comment,02:09:53.807,Unknown speaker,official,20,7.655000000000655,economic_development,Economic development,0,False,0.0
h1_2025_12_03,h1_2025_12_03_t00252,comment,02:10:01.502,Unknown speaker,public,361,113.3189999999995,economic_development,Economic development,0,False,0.0
h1_2025_12_03,h1_2025_12_03_t00255,comment,02:11:57.903,Unknown speaker,official,24,6.824999999999818,economic_development,Economic development,0,False,0.0
h1_2025_12_03,h1_2025_12_03_t00261,comment,02:12:18.265,Unknown speaker,public,270,79.59299999999985,economic_development,Economic development,0,False,0.0
h1_2025_12_03,h1_2025_12_03_t00263,comment,02:13:42.609,Unknown speaker,official,237,84.20599999999922,economic_development,Economic development,0,False,0.0
h1_2025_12_03,h1_2025_12_03_t00264,comment,02:15:07.555,Unknown speaker,public,51,23.456999999999425,economic_development,Economic development,0,False,0.0
h1_2025_12_03,h1_2025_12_03_t00265,comment,02:15:31.452,Unknown speaker,public,194,66.26600000000053,economic_development,Economic development,0,False,0.006898614002178061
h1_2025_12_03,h1_2025_12_03_t00266,comment,02:16:38.759,Unknown speaker,official,37,12.647999999999229,economic_development,Economic development,0,False,0.0
h1_2025_12_03,h1_2025_12_03_t00268,comment,02:16:53.488,Unknown speaker,official,57,20.8020000000015,economic_development,Economic development,0,False,0.0
h1_2025_12_03,h1_2025_12_03_t00269,comment,02:17:17.372,Unknown speaker,official,55,18.153000000000247,economic_development,Economic development,0,False,0.0
h1_2025_12_03,h1_2025_12_03_t00270,comment,02:17:37.322,Unknown speaker,public,127,36.80400000000009,economic_development,Economic development,0,False,0.013364396919871053
h1_2025_12_03,h1_2025_12_03_t00273,comment,02:18:17.849,Unknown speaker,official,29,8.0049999999992,economic_development,Economic development,0,False,0.0
h1_2025_12_03,h1_2025_12_03_t00275,comment,02:18:26.891,Unknown speaker,official,142,47.452000000001135,economic_development,Economic development,0,False,0.0
h1_2025_12_03,h1_2025_12_03_t00277,comment,02:19:21.536,Unknown speaker,staff,141,53.64400000000023,economic_development,Economic development,0,False,0.0
h1_2025_12_03,h1_2025_12_03_t00278,comment,02:20:18.741,Unknown speaker,staff,112,47.638999999999214,economic_development,Economic development,0,False,0.018435686452117874
h1_2025_12_03,h1_2025_12_03_t00281,comment,02:21:09.237,Unknown speaker,staff,22,7.483000000000175,economic_development,Economic development,0,False,0.011232254701165439
h1_2025_12_03,h1_2025_12_03_t00282,comment,02:21:19.861,Unknown speaker,staff,20,5.34099999999853,economic_development,Economic development,0,False,0.0
h1_2025_12_03,h1_2025_12_03_t00283,comment,02:21:34.898,Unknown speaker,staff,117,51.699000000000524,economic_development,Economic development,0,False,0.013453646784258966
h1_2025_12_03,h1_2025_12_03_t00284,comment,02:22:34.085,Unknown speaker,staff,241,115.44000000000051,economic_development,Economic development,0,False,0.009581674898052646
h1_2025_12_03,h1_2025_12_03_t00286,comment,02:24:40.305,Unknown speaker,official,33,9.066999999999098,economic_development,Economic development,0,False,0.0
h1_2025_12_03,h1_2025_12_03_t00287,comment,02:24:52.095,Unknown speaker,staff,471,210.58300000000054,economic_development,Economic development,0,False,0.00878157455847967
h1_2025_12_03,h1_2025_12_03_t00288,comment,02:28:25.720,Unknown speaker,staff,124,47.85200000000077,economic_development,Economic development,0,False,0.014345720685863903
h1_2025_12_03,h1_2025_12_03_t00289,comment,02:29:16.689,Unknown speaker,staff,25,12.265999999999622,economic_development,Economic development,0,False,0.0
h1_2025_12_03,h1_2025_12_03_t00297,comment,02:30:12.103,Unknown speaker,consultant,32,15.031000000000859,economic_development,Economic development,0,False,0.0
h1_2025_12_03,h1_2025_12_03_t00298,comment,02:30:30.295,Unknown speaker,consultant,598,218.59900000000016,economic_development,Economic development,1,True,0.014536253308121517
h1_2025_12_03,h1_2025_12_03_t00300,comment,02:34:12.775,Unknown speaker,consultant,607,210.19900000000052,economic_development,Economic development,1,True,0.007899615097206858
h1_2025_12_03,h1_2025_12_03_t00301,comment,02:37:47.512,Unknown speaker,consultant,775,290.66399999999885,economic_development,Economic development,0,False,0.005428420485018843
h1_2025_12_03,h1_2025_12_03_t00303,comment,02:42:39.237,Unknown speaker,consultant,380,126.00300000000061,economic_development,Economic development,0,False,0.0
h1_2025_12_03,h1_2025_12_03_t00305,comment,02:44:46.400,Unknown speaker,consultant,532,183.47400000000016,economic_development,Economic development,1,True,0.014816837847894334
h1_2025_12_03,h1_2025_12_03_t00306,comment,02:47:49.914,Unknown speaker,official,81,28.02599999999984,economic_development,Economic development,0,False,0.0
h1_2025_12_03,h1_2025_12_03_t00307,comment,02:48:18.709,Unknown speaker,unknown,114,28.9479999999985,economic_development,Economic development,0,False,0.0
h1_2025_12_03,h1_2025_12_03_t00308,comment,02:48:48.247,Unknown speaker,official,108,41.73999999999978,economic_development,Economic development,0,False,0.0
h1_2025_12_03,h1_2025_12_03_t00309,comment,02:49:33.028,Unknown speaker,official,20,9.16399999999885,economic_development,Economic development,0,False,0.0
h1_2025_12_03,h1_2025_12_03_t00311,comment,02:49:46.417,Unknown speaker,official,78,39.70800000000054,economic_development,Economic development,0,False,0.0
h1_2025_12_03,h1_2025_12_03_t00313,comment,02:50:27.825,Unknown speaker,official,30,14.167999999999665,economic_development,Economic development,0,False,0.0
h1_2025_12_03,h1_2025_12_03_t00314,comment,02:50:44.580,Unknown speaker,staff,212,98.42900000000009,economic_development,Economic development,0,False,0.006005437335885234
h1_2025_12_03,h1_2025_12_03_t00315,comment,02:52:23.249,Unknown speaker,official,77,31.99699999999939,economic_development,Economic development,0,False,0.005483739254500367
h1_2025_12_03,h1_2025_12_03_t00318,comment,02:53:04.913,Unknown speaker,staff,66,27.462999999999738,economic_development,Economic development,0,False,0.0
h1_2025_12_03,h1_2025_12_03_t00321,comment,02:53:45.206,Unknown speaker,staff,91,36.55799999999908,economic_development,Economic development,0,False,0.005884152837849381
h1_2025_12_03,h1_2025_12_03_t00326,comment,02:54:35.691,Unknown speaker,official,28,6.222999999999956,economic_development,Economic development,0,False,0.009414404752781639
h1_2025_12_03,h1_2025_12_03_t00327,comment,02:54:42.414,Unknown speaker,official,26,12.417999999999665,economic_development,Economic development,0,False,0.0
h1_2025_12_03,h1_2025_12_03_t00330,comment,02:55:06.161,Unknown speaker,official,105,33.48899999999958,economic_development,Economic development,0,False,0.020770846193960166
h1_2025_12_03,h1_2025_12_03_t00331,comment,02:55:39.670,Unknown speaker,staff,26,11.962999999999738,economic_development,Economic development,0,False,0.0
h1_2025_12_03,h1_2025_12_03_t00334,comment,02:56:04.983,Unknown speaker,official,139,54.615999999999985,economic_development,Economic development,0,False,0.0
h1_2025_12_03,h1_2025_12_03_t00335,comment,02:56:59.759,Unknown speaker,consultant,20,4.743000000000393,economic_development,Economic development,0,False,0.0
h1_2025_12_03,h1_2025_12_03_t00338,comment,02:57:13.788,Unknown speaker,official,20,5.502999999998792,economic_development,Economic development,0,False,0.0
h1_2025_12_03,h1_2025_12_03_t00339,comment,02:57:19.731,Unknown speaker,consultant,18,8.585000000000946,economic_development,Economic development,0,False,0.0
h1_2025_12_03,h1_2025_12_03_t00341,comment,02:57:35.020,Unknown speaker,consultant,337,131.6279999999988,economic_development,Economic development,0,False,0.0
h1_2025_12_03,h1_2025_12_03_t00342,comment,02:59:46.668,Unknown speaker,official,56,22.02100000000064,economic_development,Economic development,0,False,0.0
h1_2025_12_03,h1_2025_12_03_t00343,comment,03:00:09.710,Unknown speaker,consultant,122,39.27000000000044,economic_development,Economic development,0,False,0.0
h1_2025_12_03,h1_2025_12_03_t00344,comment,03:00:49.000,Unknown speaker,official,57,17.222999999999956,economic_development,Economic development,0,False,0.0
h1_2025_12_03,h1_2025_12_03_t00345,comment,03:01:07.363,Unknown speaker,consultant,71,21.394000000000233,economic_development,Economic development,0,False,0.0
h1_2025_12_03,h1_2025_12_03_t00348,comment,03:01:43.332,Unknown speaker,official,74,35.02000000000044,economic_development,Economic development,0,False,0.0
h1_2025_12_03,h1_2025_12_03_t00349,comment,03:02:19.298,Unknown speaker,staff,193,64.02899999999863,economic_development,Economic development,0,False,0.0
h1_2025_12_03,h1_2025_12_03_t00350,comment,03:03:23.647,Unknown speaker,official,27,14.766999999999825,economic_development,Economic development,0,False,0.0
h1_2025_12_03,h1_2025_12_03_t00351,comment,03:03:39.434,Unknown speaker,staff,62,18.585000000000946,economic_development,Economic development,0,False,0.0
h1_2025_12_03,h1_2025_12_03_t00352,comment,03:03:58.399,Unknown speaker,official,22,6.023000000001048,economic_development,Economic development,0,False,0.0
h1_2025_12_03,h1_2025_12_03_t00359,comment,03:04:22.820,Unknown speaker,official,53,23.971999999999753,economic_development,Economic development,0,False,0.0
h1_2025_12_03,h1_2025_12_03_t00361,comment,03:04:51.313,Unknown speaker,official,64,24.913000000000466,economic_development,Economic development,0,False,0.0
h1_2025_12_03,h1_2025_12_03_t00362,comment,03:05:16.466,Unknown speaker,consultant,60,20.41899999999987,economic_development,Economic development,0,False,0.0
h1_2025_12_03,h1_2025_12_03_t00366,comment,03:05:45.281,Unknown speaker,consultant,26,9.02599999999984,economic_development,Economic development,0,False,0.0
h1_2025_12_03,h1_2025_12_03_t00367,comment,03:05:54.707,Unknown speaker,official,140,58.11800000000039,economic_development,Economic development,0,False,0.0
h1_2025_12_03,h1_2025_12_03_t00368,comment,03:06:53.445,Unknown speaker,consultant,410,153.02900000000045,economic_development,Economic development,3,True,0.01960726651032614
h1_2025_12_03,h1_2025_12_03_t00369,comment,03:09:26.594,Unknown speaker,official,59,17.10699999999997,economic_development,Economic development,0,False,0.0
h1_2025_12_03,h1_2025_12_03_t00372,comment,03:10:28.331,Unknown speaker,official,50,13.825000000000728,economic_development,Economic development,0,False,0.0
h1_2025_12_03,h1_2025_12_03_t00373,comment,03:10:47.359,Unknown speaker,official,22,6.403000000000247,economic_development,Economic development,0,False,0.0
h1_2025_12_03,h1_2025_12_03_t00375,comment,03:11:46.983,Unknown speaker,official,18,9.604999999999563,economic_development,Economic development,0,False,0.0
h1_2025_12_03,h1_2025_12_03_t00378,comment,03:12:00.191,Unknown speaker,unknown,513,193.80099999999948,economic_development,Economic development,6,True,0.04600159254906699
h1_2025_12_03,h1_2025_12_03_t00383,comment,03:16:06.004,Unknown speaker,public,185,65.33699999999953,economic_development,Economic development,2,True,0.020792165975282446
h1_2025_12_03,h1_2025_12_03_t00386,comment,03:17:31.262,Unknown speaker,public,389,127.04399999999987,economic_development,Economic development,6,True,0.03715089089618394
h1_2025_12_03,h1_2025_12_03_t00392,comment,03:20:49.879,Unknown speaker,official,101,46.93499999999949,economic_development,Economic development,8,True,0.10224728191366128
h1_2025_12_03,h1_2025_12_03_t00393,comment,03:21:37.214,Unknown speaker,developer,51,20.046000000000276,economic_development,Economic development,2,True,0.06428404527055641
h1_2025_12_03,h1_2025_12_03_t00394,comment,03:21:57.280,Unknown speaker,official,60,30.307999999999083,economic_development,Economic development,2,True,0.06866896171044436
h1_2025_12_03,h1_2025_12_03_t00395,comment,03:22:27.868,Unknown speaker,developer,70,24.066999999999098,economic_development,Economic development,0,False,0.01376353756648266
h1_2025_12_03,h1_2025_12_03_t00397,comment,03:22:53.277,Unknown speaker,developer,19,4.962999999999738,economic_development,Economic development,0,False,0.04565068752829
h1_2025_12_03,h1_2025_12_03_t00398,comment,03:22:58.261,Unknown speaker,official,183,56.23400000000038,economic_development,Economic development,0,False,0.0237953795078911
h1_2025_12_03,h1_2025_12_03_t00399,comment,03:23:55.744,Unknown speaker,developer,100,27.995999999999185,economic_development,Economic development,1,True,0.030457068714849093
h1_2025_12_03,h1_2025_12_03_t00400,comment,03:24:24.260,Unknown speaker,official,54,20.050999999999476,economic_development,Economic development,0,False,0.009586518797360851
h1_2025_12_03,h1_2025_12_03_t00404,comment,03:25:06.229,Unknown speaker,official,147,53.71600000000035,economic_development,Economic development,0,False,0.0
h1_2025_12_03,h1_2025_12_03_t00406,comment,03:26:11.069,Unknown speaker,official,121,43.65099999999984,economic_development,Economic development,0,False,0.0
h1_2025_12_03,h1_2025_12_03_t00408,comment,03:26:59.193,Unknown speaker,official,40,12.268000000000029,economic_development,Economic development,0,False,0.0
h1_2025_12_03,h1_2025_12_03_t00410,comment,03:27:21.227,Unknown speaker,official,46,17.282999999999447,economic_development,Economic development,0,False,0.0
h1_2025_12_03,h1_2025_12_03_t00412,comment,03:27:41.072,Unknown speaker,official,81,39.215000000000146,economic_development,Economic development,0,False,0.0
h1_2025_12_03,h1_2025_12_03_t00413,comment,03:28:22.826,Unknown speaker,developer,34,14.911000000000058,economic_development,Economic development,0,False,0.0
h1_2025_12_03,h1_2025_12_03_t00414,comment,03:28:37.757,Unknown speaker,developer,125,54.54500000000007,economic_development,Economic development,0,False,0.0
h1_2025_12_03,h1_2025_12_03_t00415,comment,03:29:32.785,Unknown speaker,official,30,13.668999999999869,economic_development,Economic development,0,False,0.0
h1_2025_12_03,h1_2025_12_03_t00416,comment,03:29:46.474,Unknown speaker,developer,50,19.674999999999272,economic_development,Economic development,0,False,0.0
h1_2025_12_03,h1_2025_12_03_t00418,comment,03:30:12.153,Unknown speaker,developer,48,17.064000000000306,economic_development,Economic development,0,False,0.0
h1_2025_12_03,h1_2025_12_03_t00419,comment,03:30:29.237,Unknown speaker,official,27,8.782000000001062,economic_development,Economic development,0,False,0.0
h1_2025_12_03,h1_2025_12_03_t00420,comment,03:30:40.060,Unknown speaker,developer,30,9.125,economic_development,Economic development,0,False,0.0
h1_2025_12_03,h1_2025_12_03_t00421,comment,03:30:49.905,Unknown speaker,official,109,43.862999999999374,economic_development,Economic development,0,False,0.0
h1_2025_12_03,h1_2025_12_03_t00422,comment,03:31:42.322,Unknown speaker,public,294,107.9989999999998,economic_development,Economic development,3,True,0.04866508854359032
h1_2025_12_03,h1_2025_12_03_t00425,comment,03:33:42.785,Unknown speaker,official,54,17.82600000000093,economic_development,Economic development,0,False,0.0
h1_2025_12_03,h1_2025_12_03_t00426,comment,03:34:00.651,Unknown speaker,developer,23,7.143000000000029,economic_development,Economic development,0,False,0.0
h1_2025_12_03,h1_2025_12_03_t00431,comment,03:34:34.392,Unknown speaker,public,627,186.8099999999995,economic_development,Economic development,0,False,0.009834371487111134
h1_2025_12_03,h1_2025_12_03_t00435,comment,03:38:10.771,Unknown speaker,public,438,162.40200000000004,economic_development,Economic development,0,False,0.008721905450132017
h1_2025_12_03,h1_2025_12_03_t00438,comment,03:41:08.792,Unknown speaker,official,34,15.713999999999942,economic_development,Economic development,0,False,0.0
h1_2025_12_03,h1_2025_12_03_t00439,comment,03:41:28.451,Unknown speaker,developer,44,17.355000000001382,economic_development,Economic development,0,False,0.0
h1_2025_12_03,h1_2025_12_03_t00440,comment,03:41:47.047,Unknown speaker,official,25,9.028000000000247,economic_development,Economic development,0,False,0.0
h1_2025_12_03,h1_2025_12_03_t00442,comment,03:42:05.138,Unknown speaker,official,40,17.531999999999243,economic_development,Economic development,0,False,0.0
h1_2025_12_03,h1_2025_12_03_t00443,comment,03:42:24.871,Unknown speaker,developer,57,21.822000000000116,economic_development,Economic development,0,False,0.0
h1_2025_12_03,h1_2025_12_03_t00444,comment,03:42:52.558,Unknown speaker,official,81,29.738999999999578,economic_development,Economic development,0,False,0.0
h1_2025_12_03,h1_2025_12_03_t00445,comment,03:43:23.057,Unknown speaker,official,25,12.682999999999083,economic_development,Economic development,0,False,0.0
h1_2025_12_03,h1_2025_12_03_t00449,comment,03:43:44.222,Unknown speaker,official,20,7.541000000001077,economic_development,Economic development,0,False,0.0
h1_2025_12_03,h1_2025_12_03_t00453,comment,03:44:05.656,Unknown speaker,public,595,188.4399999999987,economic_development,Economic development,0,False,0.018995498994558838
h1_2025_12_03,h1_2025_12_03_t00457,comment,03:47:25.241,Unknown speaker,official,24,7.543999999999869,economic_development,Economic development,0,False,0.0
h1_2025_12_03,h1_2025_12_03_t00459,comment,03:48:00.917,Unknown speaker,public,480,154.53100000000086,economic_development,Economic development,0,False,0.012110043443969376
h1_2025_12_03,h1_2025_12_03_t00461,comment,03:50:48.656,Unknown speaker,official,32,30.894999999998618,economic_development,Economic development,0,False,0.0
h1_2025_12_03,h1_2025_12_03_t00462,comment,03:51:25.678,Unknown speaker,public,78,25.391999999999825,economic_development,Economic development,0,False,0.0
h1_2025_12_03,h1_2025_12_03_t00464,comment,03:51:55.905,Unknown speaker,public,391,122.66399999999885,economic_development,Economic development,0,False,0.010797125246832904
h1_2025_12_03,h1_2025_12_03_t00468,comment,03:54:18.801,Unknown speaker,official,73,30.632000000001426,economic_development,Economic development,0,False,0.0
h1_2025_12_03,h1_2025_12_03_t00469,comment,03:54:52.615,Unknown speaker,official,216,92.44000000000051,economic_development,Economic development,2,True,0.04411597571707578
h1_2025_12_03,h1_2025_12_03_t00470,comment,03:56:25.875,Unknown speaker,developer,111,35.2549999999992,economic_development,Economic development,0,False,0.004917861009464296
h1_2025_12_03,h1_2025_12_03_t00471,comment,03:57:01.565,Unknown speaker,official,109,40.052999999999884,economic_development,Economic development,1,True,0.02343339663823062
h1_2025_12_03,h1_2025_12_03_t00472,comment,03:57:41.958,Unknown speaker,developer,391,115.35399999999936,economic_development,Economic development,1,True,0.012964176862100739
h1_2025_12_03,h1_2025_12_03_t00473,comment,03:59:37.832,Unknown speaker,official,44,17.93499999999949,economic_development,Economic development,0,False,0.011133441210457822
h1_2025_12_03,h1_2025_12_03_t00474,comment,03:59:56.528,Unknown speaker,developer,170,57.065999999998894,economic_development,Economic development,0,False,0.0
h1_2025_12_03,h1_2025_12_03_t00475,comment,04:00:54.395,Unknown speaker,official,60,21.610999999998967,economic_development,Economic development,0,False,0.0
h1_2025_12_03,h1_2025_12_03_t00476,comment,04:01:19.133,Unknown speaker,official,77,30.550999999999476,economic_development,Economic development,0,False,0.0
h1_2025_12_03,h1_2025_12_03_t00477,comment,04:01:50.344,Unknown speaker,official,22,10.743000000000393,economic_development,Economic development,0,False,0.0
h1_2025_12_03,h1_2025_12_03_t00479,comment,04:02:05.389,Unknown speaker,official,44,19.53900000000067,economic_development,Economic development,0,False,0.0
h1_2025_12_03,h1_2025_12_03_t00482,comment,04:02:39.710,Unknown speaker,public,453,125.11599999999999,economic_development,Economic development,4,True,0.026497889279088
h1_2025_12_03,h1_2025_12_03_t00485,comment,04:05:17.484,Unknown speaker,public,26,16.549999999999272,economic_development,Economic development,0,False,0.01208575962277724
h1_2025_12_03,h1_2025_12_03_t00486,comment,04:05:45.966,Unknown speaker,public,63,17.495999999999185,economic_development,Economic development,0,False,0.0
h1_2025_12_03,h1_2025_12_03_t00488,comment,04:06:12.598,Unknown speaker,public,181,87.03900000000067,economic_development,Economic development,0,False,0.0
h1_2025_12_03,h1_2025_12_03_t00492,comment,04:08:08.178,Unknown speaker,official,114,45.42200000000048,economic_development,Economic development,0,False,0.0
h1_2025_12_03,h1_2025_12_03_t00493,comment,04:08:53.997,Unknown speaker,developer,207,71.6200000000008,economic_development,Economic development,0,False,0.0
h1_2025_12_03,h1_2025_12_03_t00498,comment,04:11:04.352,Unknown speaker,public,394,165.39699999999903,economic_development,Economic development,2,True,0.016006555703499032
h1_2025_12_03,h1_2025_12_03_t00503,comment,04:14:27.511,Unknown speaker,public,347,154.72899999999936,economic_development,Economic development,0,False,0.0
h1_2025_12_03,h1_2025_12_03_t00504,comment,04:17:05.289,Unknown speaker,public,95,34.22599999999875,economic_development,Economic development,0,False,0.0
h1_2025_12_03,h1_2025_12_03_t00506,comment,04:17:41.796,Unknown speaker,public,21,9.324999999998909,economic_development,Economic development,0,False,0.012130576749003676
h1_2025_12_03,h1_2025_12_03_t00512,comment,04:18:21.087,Unknown speaker,official,67,26.298000000000684,economic_development,Economic development,0,False,0.00957330247471927
h1_2025_12_03,h1_2025_12_03_t00513,comment,04:18:49.786,Unknown speaker,consultant,127,50.04899999999907,economic_development,Economic development,0,False,0.0
h1_2025_12_03,h1_2025_12_03_t00517,comment,04:20:10.053,Unknown speaker,public,207,81.13400000000001,economic_development,Economic development,0,False,0.0
h1_2025_12_03,h1_2025_12_03_t00518,comment,04:21:38.792,Unknown speaker,public,244,77.89600000000064,economic_development,Economic development,0,False,0.0
h1_2025_12_03,h1_2025_12_03_t00519,comment,04:22:59.949,Unknown speaker,public,110,38.42699999999968,economic_development,Economic development,0,False,0.01497460500987093
h1_2025_12_03,h1_2025_12_03_t00521,comment,04:23:41.077,Unknown speaker,public,336,103.55400000000009,economic_development,Economic development,0,False,0.009204633291072963
h1_2025_12_03,h1_2025_12_03_t00522,comment,04:25:30.514,Unknown speaker,official,129,50.5580000000009,economic_development,Economic development,0,False,0.0
h1_2025_12_03,h1_2025_12_03_t00523,comment,04:26:23.031,Unknown speaker,official,64,25.540999999999258,economic_development,Economic development,0,False,0.007942216435337237
h1_2025_12_03,h1_2025_12_03_t00524,comment,04:26:50.842,Unknown speaker,developer,49,14.506999999999607,economic_development,Economic development,0,False,0.0
h1_2025_12_03,h1_2025_12_03_t00525,comment,04:27:08.710,Unknown speaker,developer,59,24.106000000001586,economic_development,Economic development,0,False,0.007140424234015947
h1_2025_12_03,h1_2025_12_03_t00528,comment,04:27:43.189,Unknown speaker,official,70,28.11199999999917,economic_development,Economic development,0,False,0.0
h1_2025_12_03,h1_2025_12_03_t00529,comment,04:28:12.882,Unknown speaker,developer,100,35.486000000000786,economic_development,Economic development,0,False,0.010158804694780026
h1_2025_12_03,h1_2025_12_03_t00530,comment,04:28:52.905,Unknown speaker,official,23,9.646999999999025,economic_development,Economic development,0,False,0.0
h1_2025_12_03,h1_2025_12_03_t00531,comment,04:29:06.515,Unknown speaker,official,52,11.708000000000538,economic_development,Economic development,0,False,0.0
h1_2025_12_03,h1_2025_12_03_t00532,comment,04:29:19.122,Unknown speaker,official,67,23.51300000000083,economic_development,Economic development,0,False,0.0
h1_2025_12_03,h1_2025_12_03_t00533,comment,04:29:55.933,Unknown speaker,official,96,23.789999999999054,economic_development,Economic development,0,False,0.0
h1_2025_12_03,h1_2025_12_03_t00534,comment,04:30:19.983,Unknown speaker,official,64,18.88500000000022,economic_development,Economic development,0,False,0.0
h1_2025_12_03,h1_2025_12_03_t00537,comment,04:30:43.454,Unknown speaker,public,74,21.754000000000815,economic_development,Economic development,0,False,0.0
h1_2025_12_03,h1_2025_12_03_t00538,comment,04:31:08.452,Unknown speaker,public,516,162.8720000000012,economic_development,Economic development,3,True,0.02396680039468847
h1_2025_12_03,h1_2025_12_03_t00539,comment,04:33:55.655,Unknown speaker,public,43,13.488000000001193,economic_development,Economic development,0,False,0.0
h1_2025_12_03,h1_2025_12_03_t00540,comment,04:34:09.443,Unknown speaker,official,59,18.114000000001397,economic_development,Economic development,0,False,0.0
h1_2025_12_03,h1_2025_12_03_t00545,comment,04:34:48.586,Unknown speaker,public,225,80.22400000000198,economic_development,Economic development,0,False,0.0
h1_2025_12_03,h1_2025_12_03_t00546,comment,04:36:08.830,Unknown speaker,official,29,10.568999999999505,economic_development,Economic development,0,False,0.0
h1_2025_12_03,h1_2025_12_03_t00547,comment,04:36:19.599,Unknown speaker,public,168,57.21700000000055,economic_development,Economic development,3,True,0.028758666707832392
h1_2025_12_03,h1_2025_12_03_t00548,comment,04:37:17.497,Unknown speaker,official,18,4.843000000000757,economic_development,Economic development,0,False,0.0
h1_2025_12_03,h1_2025_12_03_t00550,comment,04:37:23.061,Unknown speaker,official,39,13.309999999997672,economic_development,Economic development,0,False,0.0
h1_2025_12_03,h1_2025_12_03_t00551,comment,04:37:39.034,Unknown speaker,official,23,5.564000000002125,economic_development,Economic development,1,True,0.027533241151349797
h1_2025_12_03,h1_2025_12_03_t00553,comment,04:37:46.980,Unknown speaker,developer,201,67.63200000000143,economic_development,Economic development,2,True,0.011308592596375027
h1_2025_12_03,h1_2025_12_03_t00554,comment,04:38:55.645,Unknown speaker,official,45,18.955999999998312,economic_development,Economic development,0,False,0.0
h1_2025_12_03,h1_2025_12_03_t00555,comment,04:39:14.781,Unknown speaker,developer,210,75.52700000000186,economic_development,Economic development,0,False,0.0
h1_2025_12_03,h1_2025_12_03_t00557,comment,04:40:41.472,Unknown speaker,official,55,21.534999999999854,economic_development,Economic development,1,True,0.013646346713155661
h1_2025_12_03,h1_2025_12_03_t00563,comment,04:41:14.780,Unknown speaker,official,20,5.3840000000018335,economic_development,Economic development,0,False,0.0
h1_2025_12_03,h1_2025_12_03_t00564,comment,04:41:23.827,Unknown speaker,official,21,7.024999999997817,economic_development,Economic development,0,False,0.0
h1_2025_12_03,h1_2025_12_03_t00566,comment,04:44:28.206,Unknown speaker,official,32,23.51800000000003,economic_development,Economic development,0,False,0.0
h1_2025_12_03,h1_2025_12_03_t00568,comment,04:45:01.564,Unknown speaker,public,415,132.34800000000178,economic_development,Economic development,0,False,0.0
h2_2026_03_23,h2_2026_03_23_t00001,comment,00:00:00.945,Unknown speaker,public,67,19.407,economic_development,Economic development,0,False,0.0
h2_2026_03_23,h2_2026_03_23_t00003,comment,00:00:29.619,Unknown speaker,official,30,6.783000000000001,economic_development,Economic development,0,False,0.0
h2_2026_03_23,h2_2026_03_23_t00005,comment,00:00:37.823,Unknown speaker,official,40,17.109,economic_development,Economic development,0,False,0.0
h2_2026_03_23,h2_2026_03_23_t00008,comment,00:01:14.507,Unknown speaker,staff,34,21.808999999999997,economic_development,Economic development,0,False,0.0
h2_2026_03_23,h2_2026_03_23_t00016,comment,00:01:44.715,Unknown speaker,staff,20,17.230999999999995,economic_development,Economic development,0,False,0.0
h2_2026_03_23,h2_2026_03_23_t00025,comment,00:03:57.985,Unknown speaker,staff,22,13.044999999999987,economic_development,Economic development,0,False,0.0
h2_2026_03_23,h2_2026_03_23_t00038,comment,00:04:35.603,Unknown speaker,official,54,17.882000000000005,economic_development,Economic development,0,False,0.0
h2_2026_03_23,h2_2026_03_23_t00041,comment,00:05:05.654,Unknown speaker,official,257,80.565,economic_development,Economic development,0,False,0.0
h2_2026_03_23,h2_2026_03_23_t00043,comment,00:07:25.742,Unknown speaker,official,23,13.988,economic_development,Economic development,0,False,0.0
h2_2026_03_23,h2_2026_03_23_t00044,comment,00:07:53.333,Unknown speaker,official,65,22.984999999999957,economic_development,Economic development,0,False,0.0
h2_2026_03_23,h2_2026_03_23_t00045,comment,00:08:19.765,Unknown speaker,official,201,73.79700000000003,economic_development,Economic development,0,False,0.0044470864893143116
h2_2026_03_23,h2_2026_03_23_t00047,comment,00:11:30.417,Unknown speaker,official,187,65.553,economic_development,Economic development,0,False,0.0
h2_2026_03_23,h2_2026_03_23_t00076,comment,00:14:50.074,Unknown speaker,official,29,9.605999999999995,economic_development,Economic development,0,False,0.0
h2_2026_03_23,h2_2026_03_23_t00077,comment,00:15:07.426,Unknown speaker,developer,32,6.846000000000004,economic_development,Economic development,0,False,0.0
h2_2026_03_23,h2_2026_03_23_t00078,comment,00:15:21.198,Unknown speaker,developer,1388,451.5079999999999,economic_development,Economic development,3,True,0.02736559170587166
h2_2026_03_23,h2_2026_03_23_t00079,comment,00:23:06.831,Unknown speaker,developer,388,131.16600000000017,economic_development,Economic development,3,True,0.013096691808021461
h2_2026_03_23,h2_2026_03_23_t00082,comment,00:25:32.668,Unknown speaker,official,21,8.125,economic_development,Economic development,0,False,0.0
h2_2026_03_23,h2_2026_03_23_t00083,comment,00:25:43.034,Unknown speaker,public,679,317.49599999999987,economic_development,Economic development,0,False,0.01256393687331648
h2_2026_03_23,h2_2026_03_23_t00084,comment,00:31:13.089,Unknown speaker,official,43,17.923999999999978,economic_development,Economic development,0,False,0.0
h2_2026_03_23,h2_2026_03_23_t00085,comment,00:31:33.554,Unknown speaker,public,696,264.3489999999997,economic_development,Economic development,0,False,0.0030494917534263605
h2_2026_03_23,h2_2026_03_23_t00086,comment,00:36:05.439,Unknown speaker,official,22,11.62900000000036,economic_development,Economic development,0,False,0.0
h2_2026_03_23,h2_2026_03_23_t00087,comment,00:36:17.128,Unknown speaker,consultant,544,196.06399999999985,economic_development,Economic development,0,False,0.0
h2_2026_03_23,h2_2026_03_23_t00090,comment,00:39:52.808,Unknown speaker,developer,564,225.8470000000002,economic_development,Economic development,0,False,0.0
h2_2026_03_23,h2_2026_03_23_t00091,comment,00:43:44.657,Unknown speaker,developer,18,4.40099999999984,economic_development,Economic development,0,False,0.0
h2_2026_03_23,h2_2026_03_23_t00092,comment,00:43:49.518,Unknown speaker,official,19,7.201999999999771,economic_development,Economic development,0,False,0.0
h2_2026_03_23,h2_2026_03_23_t00093,comment,00:44:08.182,Unknown speaker,public,204,90.89100000000008,economic_development,Economic development,0,False,0.0
h2_2026_03_23,h2_2026_03_23_t00094,comment,00:45:42.797,Unknown speaker,public,251,105.60300000000007,economic_development,Economic development,10,True,0.03129071753980211
h2_2026_03_23,h2_2026_03_23_t00095,comment,00:47:31.903,Unknown speaker,public,261,112.9050000000002,economic_development,Economic development,0,False,0.0033889090505166836
h2_2026_03_23,h2_2026_03_23_t00096,comment,00:49:39.329,Unknown speaker,public,19,12.385999999999967,economic_development,Economic development,0,False,0.0
h2_2026_03_23,h2_2026_03_23_t00098,comment,00:49:54.116,Unknown speaker,public,27,8.123999999999796,economic_development,Economic development,0,False,0.0
h2_2026_03_23,h2_2026_03_23_t00102,comment,00:50:22.043,Unknown speaker,public,42,17.20699999999988,economic_development,Economic development,0,False,0.007703186160436671
h2_2026_03_23,h2_2026_03_23_t00103,comment,00:50:43.231,Unknown speaker,public,354,116.6859999999997,economic_development,Economic development,1,True,0.02022031213338913
h2_2026_03_23,h2_2026_03_23_t00104,comment,00:52:44.451,Unknown speaker,public,72,30.286000000000058,economic_development,Economic development,0,False,0.0
h2_2026_03_23,h2_2026_03_23_t00106,comment,00:53:28.809,Unknown speaker,public,103,36.8149999999996,economic_development,Economic development,0,False,0.0
h2_2026_03_23,h2_2026_03_23_t00108,comment,00:54:51.299,Unknown speaker,developer,112,37.84400000000005,economic_development,Economic development,0,False,0.009654351504242752
h2_2026_03_23,h2_2026_03_23_t00109,comment,00:55:36.913,Unknown speaker,public,531,203.13499999999976,economic_development,Economic development,2,True,0.036983351318989624
h2_2026_03_23,h2_2026_03_23_t00110,comment,00:59:09.083,Unknown speaker,official,20,9.324999999999818,economic_development,Economic development,0,False,0.0
h2_2026_03_23,h2_2026_03_23_t00112,comment,00:59:22.791,Unknown speaker,public,192,78.27700000000004,economic_development,Economic development,0,False,0.02419234561447733
h2_2026_03_23,h2_2026_03_23_t00113,comment,01:00:45.550,Unknown speaker,public,38,20.143999999999778,economic_development,Economic development,0,False,0.0
h2_2026_03_23,h2_2026_03_23_t00114,comment,01:01:07.516,Unknown speaker,official,29,10.88799999999992,economic_development,Economic development,0,False,0.0
h2_2026_03_23,h2_2026_03_23_t00115,comment,01:01:19.545,Unknown speaker,public,41,16.02500000000009,economic_development,Economic development,0,False,0.0
h2_2026_03_23,h2_2026_03_23_t00116,comment,01:01:47.333,Unknown speaker,public,367,129.9670000000001,economic_development,Economic development,3,True,0.0311806942267257
h2_2026_03_23,h2_2026_03_23_t00117,comment,01:04:05.896,Unknown speaker,developer,25,5.9669999999996435,economic_development,Economic development,0,False,0.0
h2_2026_03_23,h2_2026_03_23_t00119,comment,01:04:22.234,Unknown speaker,public,571,233.50199999999995,economic_development,Economic development,1,True,0.006061529086194851
h2_2026_03_23,h2_2026_03_23_t00120,comment,01:08:19.138,Unknown speaker,public,319,98.90599999999995,economic_development,Economic development,0,False,0.004300091973520927
h2_2026_03_23,h2_2026_03_23_t00121,comment,01:10:06.860,Unknown speaker,public,339,151.1230000000005,economic_development,Economic development,1,True,0.013325674018082396
h2_2026_03_23,h2_2026_03_23_t00122,comment,01:12:41.145,Unknown speaker,public,25,11.359999999999673,economic_development,Economic development,0,False,0.013867376814313083
h2_2026_03_23,h2_2026_03_23_t00124,comment,01:12:54.747,Unknown speaker,public,78,34.764000000000124,economic_development,Economic development,3,True,0.025154808565727316
h2_2026_03_23,h2_2026_03_23_t00125,comment,01:13:39.600,Unknown speaker,public,107,52.714999999999236,economic_development,Economic development,0,False,0.0
h2_2026_03_23,h2_2026_03_23_t00126,comment,01:14:34.777,Unknown speaker,official,31,19.141999999999825,economic_development,Economic development,0,False,0.0
h2_2026_03_23,h2_2026_03_23_t00127,comment,01:15:02.172,Unknown speaker,official,394,182.53100000000086,economic_development,Economic development,0,False,0.0
h2_2026_03_23,h2_2026_03_23_t00129,comment,01:18:10.546,Unknown speaker,official,133,47.32799999999952,economic_development,Economic development,0,False,0.005101549682083633
h2_2026_03_23,h2_2026_03_23_t00130,comment,01:18:58.534,Unknown speaker,official,141,55.48400000000038,economic_development,Economic development,0,False,0.0
h2_2026_03_23,h2_2026_03_23_t00132,comment,01:20:10.149,Unknown speaker,official,88,41.20299999999952,economic_development,Economic development,0,False,0.0
h2_2026_03_23,h2_2026_03_23_t00134,comment,01:21:06.512,Unknown speaker,official,21,7.806000000000495,economic_development,Economic development,0,False,0.0
h2_2026_03_23,h2_2026_03_23_t00135,comment,01:21:18.461,Unknown speaker,public,334,122.83500000000004,economic_development,Economic development,0,False,0.0026848689670636956
h2_2026_03_23,h2_2026_03_23_t00137,comment,01:23:31.700,Unknown speaker,public,139,53.738000000000284,economic_development,Economic development,2,True,0.017579513678267867
h2_2026_03_23,h2_2026_03_23_t00141,comment,01:24:29.760,Unknown speaker,public,91,36.259000000000015,economic_development,Economic development,0,False,0.005279742729968922
h2_2026_03_23,h2_2026_03_23_t00142,comment,01:25:09.881,Unknown speaker,public,58,23.829999999999927,economic_development,Economic development,2,True,0.025921064293488467
h2_2026_03_23,h2_2026_03_23_t00145,comment,01:25:52.996,Unknown speaker,public,323,126.17799999999988,economic_development,Economic development,3,True,0.022882774580425765
h2_2026_03_23,h2_2026_03_23_t00147,comment,01:28:12.341,Unknown speaker,public,160,84.5630000000001,economic_development,Economic development,0,False,0.0
h2_2026_03_23,h2_2026_03_23_t00151,comment,01:29:51.221,Unknown speaker,public,285,122.87800000000061,economic_development,Economic development,0,False,0.0031747483133203152
h2_2026_03_23,h2_2026_03_23_t00153,comment,01:32:02.783,Unknown speaker,public,103,38.107999999999265,economic_development,Economic development,0,False,0.0
h2_2026_03_23,h2_2026_03_23_t00154,comment,01:32:44.894,Unknown speaker,public,188,67.29599999999937,economic_development,Economic development,0,False,0.02526044730176049
h2_2026_03_23,h2_2026_03_23_t00156,comment,01:34:03.098,Unknown speaker,public,213,67.63799999999992,economic_development,Economic development,0,False,0.0
h2_2026_03_23,h2_2026_03_23_t00158,comment,01:35:13.668,Unknown speaker,public,256,85.51600000000053,economic_development,Economic development,6,True,0.029860547226813767
h2_2026_03_23,h2_2026_03_23_t00159,comment,01:36:42.583,Unknown speaker,public,110,29.105000000000473,economic_development,Economic development,0,False,0.008294054065644237
h2_2026_03_23,h2_2026_03_23_t00161,comment,01:37:28.177,Unknown speaker,public,329,121.25,economic_development,Economic development,4,True,0.04405626876297815
h2_2026_03_23,h2_2026_03_23_t00163,comment,01:39:38.434,Unknown speaker,official,111,43.64499999999953,economic_development,Economic development,0,False,0.0
h2_2026_03_23,h2_2026_03_23_t00165,comment,01:40:30.186,Unknown speaker,public,267,80.5590000000002,economic_development,Economic development,5,True,0.0518447679873123
h2_2026_03_23,h2_2026_03_23_t00167,comment,01:41:56.843,Unknown speaker,public,130,32.284999999999854,economic_development,Economic development,0,False,0.016828014653314263
h2_2026_03_23,h2_2026_03_23_t00170,comment,01:42:36.670,Unknown speaker,public,318,122.0010000000002,economic_development,Economic development,4,True,0.023927111502851713
h2_2026_03_23,h2_2026_03_23_t00173,comment,01:44:52.200,Unknown speaker,public,397,121.54700000000048,economic_development,Economic development,1,True,0.01669609143752621
h2_2026_03_23,h2_2026_03_23_t00175,comment,01:47:02.408,Unknown speaker,public,148,45.978000000000065,economic_development,Economic development,0,False,0.011550182923805545
h2_2026_03_23,h2_2026_03_23_t00177,comment,01:47:49.946,Unknown speaker,public,53,16.34900000000016,economic_development,Economic development,1,True,0.013660105776735248
h2_2026_03_23,h2_2026_03_23_t00179,comment,01:48:12.995,Unknown speaker,public,203,52.228000000000065,economic_development,Economic development,0,False,0.0
h2_2026_03_23,h2_2026_03_23_t00182,comment,01:50:38.532,Unknown speaker,official,21,6.023000000000138,economic_development,Economic development,0,False,0.0
h2_2026_03_23,h2_2026_03_23_t00185,comment,01:50:50.479,Unknown speaker,public,125,45.55000000000018,economic_development,Economic development,3,True,0.058314380136487445
h2_2026_03_23,h2_2026_03_23_t00186,comment,01:51:39.385,Unknown speaker,public,100,33.246000000000095,economic_development,Economic development,1,True,0.04493064378532492
h2_2026_03_23,h2_2026_03_23_t00188,comment,01:52:26.139,Unknown speaker,public,366,122.92100000000028,economic_development,Economic development,0,False,0.00274288161963511
h2_2026_03_23,h2_2026_03_23_t00192,comment,01:54:49.540,Unknown speaker,public,331,106.53099999999995,economic_development,Economic development,1,True,0.010857949899694816
h2_2026_03_23,h2_2026_03_23_t00194,comment,01:56:38.013,Unknown speaker,public,320,111.95399999999972,economic_development,Economic development,0,False,0.0
h2_2026_03_23,h2_2026_03_23_t00195,comment,01:58:33.629,Unknown speaker,public,50,12.54700000000048,economic_development,Economic development,0,False,0.0
h2_2026_03_23,h2_2026_03_23_t00197,comment,01:58:59.124,Unknown speaker,public,202,76.80000000000018,economic_development,Economic development,2,True,0.02358502699634726
h2_2026_03_23,h2_2026_03_23_t00199,comment,02:00:18.885,Unknown speaker,public,345,125.11200000000008,economic_development,Economic development,1,True,0.013181618250521552
h2_2026_03_23,h2_2026_03_23_t00203,comment,02:02:33.318,Unknown speaker,public,276,94.4960000000001,economic_development,Economic development,1,True,0.028066531584035555
h2_2026_03_23,h2_2026_03_23_t00205,comment,02:04:17.465,Unknown speaker,public,367,117.6239999999998,economic_development,Economic development,1,True,0.007216560665806173
h2_2026_03_23,h2_2026_03_23_t00206,comment,02:06:24.118,Unknown speaker,public,344,123.44499999999971,economic_development,Economic development,0,False,0.003337601547968987
h2_2026_03_23,h2_2026_03_23_t00208,comment,02:08:34.233,Unknown speaker,public,271,107.03899999999976,economic_development,Economic development,1,True,0.011867633866905102
h2_2026_03_23,h2_2026_03_23_t00210,comment,02:10:25.802,Unknown speaker,public,438,124.88600000000042,economic_development,Economic development,1,True,0.032541170912732786
h2_2026_03_23,h2_2026_03_23_t00216,comment,02:12:48.117,Unknown speaker,official,198,60.05400000000009,economic_development,Economic development,0,False,0.0
h2_2026_03_23,h2_2026_03_23_t00218,comment,02:13:57.440,Unknown speaker,public,244,121.01700000000073,economic_development,Economic development,0,False,0.007945409563456615
h2_2026_03_23,h2_2026_03_23_t00220,comment,02:16:07.642,Unknown speaker,public,164,56.746000000001004,economic_development,Economic development,0,False,0.0
h2_2026_03_23,h2_2026_03_23_t00221,comment,02:17:08.732,Unknown speaker,public,152,63.59900000000016,economic_development,Economic development,0,False,0.0
h2_2026_03_23,h2_2026_03_23_t00224,comment,02:18:36.810,Unknown speaker,public,39,11.483000000000175,economic_development,Economic development,0,False,0.0
h2_2026_03_23,h2_2026_03_23_t00225,comment,02:18:52.414,Unknown speaker,public,117,42.96299999999974,economic_development,Economic development,1,True,0.033143295746884426
h2_2026_03_23,h2_2026_03_23_t00227,comment,02:19:44.883,Unknown speaker,public,358,118.59499999999935,economic_development,Economic development,0,False,0.0
h2_2026_03_23,h2_2026_03_23_t00229,comment,02:21:51.622,Unknown speaker,public,364,120.67100000000028,economic_development,Economic development,11,True,0.02979033438026239
h2_2026_03_23,h2_2026_03_23_t00231,comment,02:24:03.483,Unknown speaker,public,343,128.45899999999892,economic_development,Economic development,1,True,0.019336755909274906
h2_2026_03_23,h2_2026_03_23_t00232,comment,02:26:22.468,Unknown speaker,public,262,108.42099999999846,economic_development,Economic development,0,False,0.002991685103084979
h2_2026_03_23,h2_2026_03_23_t00233,comment,02:28:20.397,Unknown speaker,public,29,7.586999999999534,economic_development,Economic development,0,False,0.0
h2_2026_03_23,h2_2026_03_23_t00236,comment,02:28:45.546,Unknown speaker,public,122,47.190999999998894,economic_development,Economic development,0,False,0.0
h2_2026_03_23,h2_2026_03_23_t00240,comment,02:30:03.124,Unknown speaker,public,39,18.028000000000247,economic_development,Economic development,0,False,0.008223695461534869
h2_2026_03_23,h2_2026_03_23_t00241,comment,02:30:24.554,Unknown speaker,public,67,20.771999999999025,economic_development,Economic development,0,False,0.0
h2_2026_03_23,h2_2026_03_23_t00242,comment,02:30:48.708,Unknown speaker,public,69,22.47599999999875,economic_development,Economic development,0,False,0.0
h2_2026_03_23,h2_2026_03_23_t00243,comment,02:31:16.906,Unknown speaker,public,54,19.797999999998865,economic_development,Economic development,0,False,0.0
h2_2026_03_23,h2_2026_03_23_t00244,comment,02:31:40.205,Unknown speaker,public,106,45.486000000000786,economic_development,Economic development,0,False,0.0
h2_2026_03_23,h2_2026_03_23_t00245,comment,02:32:28.792,Unknown speaker,public,155,56.12300000000141,economic_development,Economic development,0,False,0.013072139224968665
h2_2026_03_23,h2_2026_03_23_t00246,comment,02:33:35.039,Unknown speaker,public,119,38.753999999998996,economic_development,Economic development,2,True,0.034419441075382244
h2_2026_03_23,h2_2026_03_23_t00247,comment,02:34:22.410,Unknown speaker,public,188,60.52000000000044,economic_development,Economic development,2,True,0.027781361963206148
h2_2026_03_23,h2_2026_03_23_t00248,comment,02:35:24.291,Unknown speaker,official,32,11.703000000001339,economic_development,Economic development,0,False,0.0
h2_2026_03_23,h2_2026_03_23_t00249,comment,02:35:36.314,Unknown speaker,public,47,13.395000000000437,economic_development,Economic development,0,False,0.0
h2_2026_03_23,h2_2026_03_23_t00251,comment,02:35:58.776,Unknown speaker,public,336,96.7569999999996,economic_development,Economic development,1,True,0.018044195876388558
h2_2026_03_23,h2_2026_03_23_t00252,comment,02:37:46.420,Unknown speaker,public,394,124.3130000000001,economic_development,Economic development,0,False,0.008668335016430823
h2_2026_03_23,h2_2026_03_23_t00254,comment,02:40:07.442,Unknown speaker,public,296,97.35000000000036,economic_development,Economic development,1,True,0.005823062833312923
h2_2026_03_23,h2_2026_03_23_t00255,comment,02:41:56.973,Unknown speaker,public,293,121.45299999999952,economic_development,Economic development,0,False,0.00613559607404829
h2_2026_03_23,h2_2026_03_23_t00256,comment,02:44:11.429,Unknown speaker,public,361,125.53199999999924,economic_development,Economic development,1,True,0.024019633404688333
h2_2026_03_23,h2_2026_03_23_t00259,comment,02:46:27.462,Unknown speaker,public,118,39.10699999999997,economic_development,Economic development,0,False,0.0
h2_2026_03_23,h2_2026_03_23_t00260,comment,02:47:15.502,Unknown speaker,public,375,115.27499999999964,economic_development,Economic development,0,False,0.005350308115070108
h2_2026_03_23,h2_2026_03_23_t00261,comment,02:49:20.020,Unknown speaker,public,186,62.608000000000175,economic_development,Economic development,0,False,0.0
h2_2026_03_23,h2_2026_03_23_t00262,comment,02:50:32.868,Unknown speaker,public,187,74.06999999999971,economic_development,Economic development,0,False,0.0
h2_2026_03_23,h2_2026_03_23_t00263,comment,02:51:57.704,Unknown speaker,public,283,75.42100000000028,economic_development,Economic development,0,False,0.0
h2_2026_03_23,h2_2026_03_23_t00264,comment,02:53:21.892,Unknown speaker,public,343,111.0640000000003,economic_development,Economic development,2,True,0.013331995453870135
h2_2026_03_23,h2_2026_03_23_t00265,comment,02:55:23.755,Unknown speaker,public,65,27.19300000000112,economic_development,Economic development,0,False,0.0
h2_2026_03_23,h2_2026_03_23_t00266,comment,02:55:54.448,Unknown speaker,public,131,52.93499999999949,economic_development,Economic development,0,False,0.0
h2_2026_03_23,h2_2026_03_23_t00267,comment,02:56:54.089,Unknown speaker,public,104,34.29700000000048,economic_development,Economic development,5,True,0.03942290338717199
h2_2026_03_23,h2_2026_03_23_t00268,comment,02:57:37.689,Unknown speaker,public,138,41.586999999999534,economic_development,Economic development,3,True,0.029697585662801153
h2_2026_03_23,h2_2026_03_23_t00269,comment,02:58:24.739,Unknown speaker,public,118,40.13500000000022,economic_development,Economic development,0,False,0.010749713923614812
h2_2026_03_23,h2_2026_03_23_t00270,comment,02:59:16.462,Unknown speaker,public,65,16.060999999999694,economic_development,Economic development,0,False,0.0
h2_2026_03_23,h2_2026_03_23_t00271,comment,02:59:42.012,Unknown speaker,public,113,35.01000000000022,economic_development,Economic development,0,False,0.0
h2_2026_03_23,h2_2026_03_23_t00272,comment,03:00:25.758,Unknown speaker,public,76,20.988999999999578,economic_development,Economic development,0,False,0.0
h2_2026_03_23,h2_2026_03_23_t00273,comment,03:00:55.035,Unknown speaker,public,44,16.369000000000597,economic_development,Economic development,0,False,0.010425074863961728
h2_2026_03_23,h2_2026_03_23_t00274,comment,03:01:15.967,Unknown speaker,public,115,38.86999999999898,economic_development,Economic development,0,False,0.0
h2_2026_03_23,h2_2026_03_23_t00275,comment,03:02:05.202,Unknown speaker,public,426,122.90300000000025,economic_development,Economic development,9,True,0.04606083958372389
h2_2026_03_23,h2_2026_03_23_t00276,comment,03:04:27.320,Unknown speaker,public,122,54.853000000000975,economic_development,Economic development,0,False,0.0
h2_2026_03_23,h2_2026_03_23_t00277,comment,03:05:25.468,Unknown speaker,public,113,51.753999999998996,economic_development,Economic development,1,True,0.008944815626322083
h2_2026_03_23,h2_2026_03_23_t00278,comment,03:06:27.980,Unknown speaker,public,245,98.92799999999988,economic_development,Economic development,0,False,0.010833813036794517
h2_2026_03_23,h2_2026_03_23_t00280,comment,03:08:20.218,Unknown speaker,public,75,22.93499999999949,economic_development,Economic development,0,False,0.0
h2_2026_03_23,h2_2026_03_23_t00282,comment,03:08:46.773,Unknown speaker,public,84,18.19300000000112,economic_development,Economic development,0,False,0.0
h2_2026_03_23,h2_2026_03_23_t00284,comment,03:09:09.909,Unknown speaker,official,29,6.05199999999968,economic_development,Economic development,0,False,0.0
h2_2026_03_23,h2_2026_03_23_t00286,comment,03:09:20.402,Unknown speaker,public,276,84.71999999999935,economic_development,Economic development,4,True,0.02387748089741118
h2_2026_03_23,h2_2026_03_23_t00287,comment,03:10:45.703,Unknown speaker,official,77,30.488999999999578,economic_development,Economic development,0,False,0.0
h2_2026_03_23,h2_2026_03_23_t00289,comment,03:11:26.566,Unknown speaker,public,166,62.30699999999888,economic_development,Economic development,0,False,0.0
h2_2026_03_23,h2_2026_03_23_t00292,comment,03:12:36.996,Unknown speaker,public,187,48.82800000000134,economic_development,Economic development,0,False,0.0
h2_2026_03_23,h2_2026_03_23_t00293,comment,03:13:33.590,Unknown speaker,public,130,47.623999999999796,economic_development,Economic development,0,False,0.0
h2_2026_03_23,h2_2026_03_23_t00294,comment,03:14:30.085,Unknown speaker,public,22,5.802000000001499,economic_development,Economic development,0,False,0.0
h2_2026_03_23,h2_2026_03_23_t00296,comment,03:14:38.348,Unknown speaker,public,127,40.81500000000051,economic_development,Economic development,0,False,0.0
h2_2026_03_23,h2_2026_03_23_t00297,comment,03:15:23.862,Unknown speaker,official,24,9.229000000001179,economic_development,Economic development,0,False,0.0
h2_2026_03_23,h2_2026_03_23_t00300,comment,03:15:47.123,Unknown speaker,public,58,22.48700000000099,economic_development,Economic development,0,False,0.0
h2_2026_03_23,h2_2026_03_23_t00301,comment,03:16:14.271,Unknown speaker,official,22,8.568999999999505,economic_development,Economic development,0,False,0.0
h2_2026_03_23,h2_2026_03_23_t00302,comment,03:16:34.048,Unknown speaker,public,89,32.34099999999853,economic_development,Economic development,0,False,0.006953038339374096
h2_2026_03_23,h2_2026_03_23_t00303,comment,03:17:11.853,Unknown speaker,official,28,10.467000000000553,economic_development,Economic development,0,False,0.0
h2_2026_03_23,h2_2026_03_23_t00305,comment,03:17:28.156,Unknown speaker,public,28,9.36199999999917,economic_development,Economic development,0,False,0.010703434092366135
h2_2026_03_23,h2_2026_03_23_t00307,comment,03:17:39.879,Unknown speaker,public,43,13.062999999998283,economic_development,Economic development,1,True,0.05368992478442997
h2_2026_03_23,h2_2026_03_23_t00308,comment,03:17:55.183,Unknown speaker,official,27,14.006999999999607,economic_development,Economic development,0,False,0.0
h2_2026_03_23,h2_2026_03_23_t00309,comment,03:18:13.304,Unknown speaker,public,54,20.04199999999946,economic_development,Economic development,0,False,0.008634367256415596
h2_2026_03_23,h2_2026_03_23_t00310,comment,03:18:36.561,Unknown speaker,official,45,17.868000000000393,economic_development,Economic development,0,False,0.0
h2_2026_03_23,h2_2026_03_23_t00311,comment,03:19:02.232,Unknown speaker,public,464,216.47500000000036,economic_development,Economic development,3,True,0.007802631266701328
h2_2026_03_23,h2_2026_03_23_t00312,comment,03:22:47.208,Unknown speaker,public,71,32.149999999999636,economic_development,Economic development,1,True,0.012008668692643495
h2_2026_03_23,h2_2026_03_23_t00313,comment,03:23:24.306,Unknown speaker,public,46,24.23199999999997,economic_development,Economic development,1,True,0.0185578481450262
h2_2026_03_23,h2_2026_03_23_t00315,comment,03:24:08.390,Unknown speaker,developer,815,280.96600000000035,economic_development,Economic development,7,True,0.03249763696866872
h2_2026_03_23,h2_2026_03_23_t00316,comment,03:28:50.956,Unknown speaker,official,45,19.593000000000757,economic_development,Economic development,0,False,0.0
h2_2026_03_23,h2_2026_03_23_t00319,comment,03:29:15.852,Unknown speaker,official,33,14.023999999999432,economic_development,Economic development,0,False,0.0
h2_2026_03_23,h2_2026_03_23_t00320,comment,03:29:33.319,Unknown speaker,official,117,47.02599999999984,economic_development,Economic development,0,False,0.005091564324772881
h2_2026_03_23,h2_2026_03_23_t00321,comment,03:30:23.838,Unknown speaker,official,26,10.825000000000728,economic_development,Economic development,0,False,0.0
h2_2026_03_23,h2_2026_03_23_t00322,comment,03:30:39.365,Unknown speaker,official,22,5.802999999999884,economic_development,Economic development,0,False,0.0
h2_2026_03_23,h2_2026_03_23_t00365,comment,03:33:22.654,Unknown speaker,official,22,10.688000000000102,economic_development,Economic development,0,False,0.0
h2_2026_03_23,h2_2026_03_23_t00368,comment,03:33:40.608,Unknown speaker,staff,61,18.85399999999936,economic_development,Economic development,0,False,0.0
h2_2026_03_23,h2_2026_03_23_t00371,comment,03:34:22.417,Unknown speaker,official,23,6.663000000000466,economic_development,Economic development,0,False,0.0
h2_2026_03_23,h2_2026_03_23_t00372,comment,03:34:29.160,Unknown speaker,staff,22,6.163000000000466,economic_development,Economic development,0,False,0.0
h2_2026_03_23,h2_2026_03_23_t00373,comment,03:34:49.098,Unknown speaker,official,26,7.826000000000931,economic_development,Economic development,0,False,0.0
h2_2026_03_23,h2_2026_03_23_t00377,comment,03:35:14.967,Unknown speaker,staff,100,37.8169999999991,economic_development,Economic development,0,False,0.004254928886193263
h2_2026_03_23,h2_2026_03_23_t00381,comment,03:36:37.529,Unknown speaker,staff,37,13.02599999999984,economic_development,Economic development,0,False,0.0
h2_2026_03_23,h2_2026_03_23_t00382,comment,03:36:52.396,Unknown speaker,official,35,11.737999999999374,economic_development,Economic development,0,False,0.0
h2_2026_03_23,h2_2026_03_23_t00385,comment,03:37:16.497,Unknown speaker,staff,42,16.403000000000247,economic_development,Economic development,0,False,0.0
h2_2026_03_23,h2_2026_03_23_t00387,comment,03:37:41.510,Unknown speaker,official,30,9.806000000000495,economic_development,Economic development,0,False,0.0
h2_2026_03_23,h2_2026_03_23_t00390,comment,03:38:32.187,Unknown speaker,official,31,10.566000000000713,economic_development,Economic development,0,False,0.0
h2_2026_03_23,h2_2026_03_23_t00395,comment,03:40:38.890,Unknown speaker,official,22,8.98700000000099,economic_development,Economic development,0,False,0.0
h2_2026_03_23,h2_2026_03_23_t00407,comment,03:42:08.243,Unknown speaker,public,28,11.147999999999229,economic_development,Economic development,0,False,0.0
h2_2026_03_23,h2_2026_03_23_t00409,comment,03:42:24.595,Unknown speaker,public,282,97.53900000000067,economic_development,Economic development,0,False,0.0
h2_2026_03_23,h2_2026_03_23_t00411,comment,03:44:03.527,Unknown speaker,public,334,123.48300000000017,economic_development,Economic development,0,False,0.002910182813150044
h2_2026_03_23,h2_2026_03_23_t00412,comment,03:46:07.171,Unknown speaker,official,31,14.46600000000035,economic_development,Economic development,0,False,0.0
h2_2026_03_23,h2_2026_03_23_t00413,comment,03:46:24.660,Unknown speaker,official,34,15.583000000000538,economic_development,Economic development,0,False,0.0
h2_2026_03_23,h2_2026_03_23_t00418,comment,03:47:24.181,Unknown speaker,public,809,242.83299999999872,economic_development,Economic development,0,False,0.0053268534164499165
h2_2026_03_23,h2_2026_03_23_t00421,comment,03:51:30.276,Unknown speaker,official,35,22.181000000000495,economic_development,Economic development,0,False,0.0
h2_2026_03_23,h2_2026_03_23_t00425,comment,03:52:22.763,Unknown speaker,public,95,31.821999999998297,economic_development,Economic development,0,False,0.0
h2_2026_03_23,h2_2026_03_23_t00426,comment,03:52:58.588,Unknown speaker,official,22,8.706000000000131,economic_development,Economic development,0,False,0.0
h2_2026_03_23,h2_2026_03_23_t00429,comment,03:53:22.715,Unknown speaker,official,20,9.851999999998952,economic_development,Economic development,0,False,0.0
h2_2026_03_23,h2_2026_03_23_t00430,comment,03:53:48.318,Unknown speaker,public,27,7.6270000000004075,economic_development,Economic development,0,False,0.0
h2_2026_03_23,h2_2026_03_23_t00435,comment,03:54:29.882,Unknown speaker,official,22,10.509000000000015,economic_development,Economic development,0,False,0.0
h1_2025_12_03,h1_2025_12_03_t00003,comment,00:00:15.605,Unknown speaker,official,72,24.328999999999997,water,Water,0,False,0.0
h1_2025_12_03,h1_2025_12_03_t00004,comment,00:00:39.954,Unknown speaker,unknown,31,15.271,water,Water,0,False,0.0
h1_2025_12_03,h1_2025_12_03_t00005,comment,00:01:00.770,Unknown speaker,official,58,25.275,water,Water,0,False,0.0
h1_2025_12_03,h1_2025_12_03_t00006,comment,00:01:29.200,Unknown speaker,staff,23,19.180999999999997,water,Water,0,False,0.0
h1_2025_12_03,h1_2025_12_03_t00014,comment,00:02:13.178,Unknown speaker,official,78,25.02600000000001,water,Water,0,False,0.0
h1_2025_12_03,h1_2025_12_03_t00015,comment,00:02:43.150,Unknown speaker,official,32,9.730999999999995,water,Water,0,False,0.0
h1_2025_12_03,h1_2025_12_03_t00019,comment,00:03:07.437,Unknown speaker,official,18,7.304000000000002,water,Water,0,False,0.0
h1_2025_12_03,h1_2025_12_03_t00022,comment,00:04:05.616,Unknown speaker,official,804,287.985,water,Water,3,True,0.0
h1_2025_12_03,h1_2025_12_03_t00029,comment,00:10:38.713,Unknown speaker,developer,247,83.51800000000003,water,Water,1,True,0.0
h1_2025_12_03,h1_2025_12_03_t00030,comment,00:12:13.198,Unknown speaker,developer,53,14.513000000000034,water,Water,0,False,0.0
h1_2025_12_03,h1_2025_12_03_t00031,comment,00:12:35.055,Unknown speaker,developer,84,31.01800000000003,water,Water,0,False,0.0
h1_2025_12_03,h1_2025_12_03_t00034,comment,00:13:20.818,Unknown speaker,developer,1139,344.1289999999999,water,Water,27,True,0.08507675241057969
h1_2025_12_03,h1_2025_12_03_t00035,comment,00:19:08.195,Unknown speaker,developer,797,253.43000000000006,water,Water,0,False,0.0
h1_2025_12_03,h1_2025_12_03_t00036,comment,00:23:25.968,Unknown speaker,developer,314,92.52199999999993,water,Water,0,False,0.0032592248217708114
h1_2025_12_03,h1_2025_12_03_t00037,comment,00:25:08.446,Unknown speaker,developer,409,130.86800000000017,water,Water,8,True,0.023405106770754795
h1_2025_12_03,h1_2025_12_03_t00038,comment,00:27:25.706,Unknown speaker,developer,216,60.846000000000004,water,Water,0,False,0.0
h1_2025_12_03,h1_2025_12_03_t00039,comment,00:28:30.338,Unknown speaker,developer,169,54.519000000000005,water,Water,1,True,0.0
h1_2025_12_03,h1_2025_12_03_t00040,comment,00:29:25.842,Unknown speaker,official,101,26.652999999999793,water,Water,0,False,0.0
h1_2025_12_03,h1_2025_12_03_t00041,comment,00:29:52.759,Unknown speaker,developer,38,11.242999999999938,water,Water,0,False,0.0
h1_2025_12_03,h1_2025_12_03_t00045,comment,00:30:19.326,Unknown speaker,public,836,246.4380000000001,water,Water,0,False,0.0
h1_2025_12_03,h1_2025_12_03_t00048,comment,00:34:36.842,Unknown speaker,public,213,79.37599999999975,water,Water,0,False,0.0
h1_2025_12_03,h1_2025_12_03_t00049,comment,00:36:01.937,Unknown speaker,public,254,94.46300000000019,water,Water,0,False,0.0204356502557808
h1_2025_12_03,h1_2025_12_03_t00050,comment,00:37:43.546,Unknown speaker,consultant,310,113.25500000000011,water,Water,1,True,0.0
h1_2025_12_03,h1_2025_12_03_t00052,comment,00:39:50.806,Unknown speaker,consultant,493,179.346,water,Water,0,False,0.0
h1_2025_12_03,h1_2025_12_03_t00053,comment,00:43:00.822,Unknown speaker,consultant,24,6.826999999999771,water,Water,0,False,0.0
h1_2025_12_03,h1_2025_12_03_t00062,comment,00:45:21.576,Unknown speaker,official,20,7.706000000000131,water,Water,0,False,0.0
h1_2025_12_03,h1_2025_12_03_t00065,comment,00:46:21.059,Unknown speaker,official,155,61.19599999999991,water,Water,0,False,0.0
h1_2025_12_03,h1_2025_12_03_t00066,comment,00:47:22.655,Unknown speaker,official,64,26.927999999999884,water,Water,0,False,0.0
h1_2025_12_03,h1_2025_12_03_t00067,comment,00:47:50.090,Unknown speaker,developer,197,57.88599999999997,water,Water,0,False,0.0
h1_2025_12_03,h1_2025_12_03_t00068,comment,00:48:48.376,Unknown speaker,official,145,58.13099999999986,water,Water,0,False,0.0
h1_2025_12_03,h1_2025_12_03_t00069,comment,00:49:49.970,Unknown speaker,official,25,11.202999999999975,water,Water,0,False,0.0
h1_2025_12_03,h1_2025_12_03_t00070,comment,00:50:01.193,Unknown speaker,official,119,39.06700000000001,water,Water,0,False,0.0
h1_2025_12_03,h1_2025_12_03_t00071,comment,00:50:40.871,Unknown speaker,developer,330,101.94299999999976,water,Water,2,True,0.014284013537806091
h1_2025_12_03,h1_2025_12_03_t00072,comment,00:52:22.834,Unknown speaker,official,30,9.595000000000255,water,Water,0,False,0.0
h1_2025_12_03,h1_2025_12_03_t00073,comment,00:52:32.669,Unknown speaker,developer,59,12.889000000000124,water,Water,0,False,0.0
h1_2025_12_03,h1_2025_12_03_t00076,comment,00:52:53.965,Unknown speaker,official,18,8.38799999999992,water,Water,0,False,0.0
h1_2025_12_03,h1_2025_12_03_t00077,comment,00:53:03.254,Unknown speaker,official,84,30.184000000000196,water,Water,0,False,0.0
h1_2025_12_03,h1_2025_12_03_t00078,comment,00:53:36.293,Unknown speaker,developer,72,23.06999999999971,water,Water,0,False,0.0
h1_2025_12_03,h1_2025_12_03_t00079,comment,00:54:00.303,Unknown speaker,official,32,7.829999999999927,water,Water,1,True,0.0
h1_2025_12_03,h1_2025_12_03_t00081,comment,00:54:09.693,Unknown speaker,official,18,8.361999999999625,water,Water,0,False,0.0
h1_2025_12_03,h1_2025_12_03_t00083,comment,00:54:18.895,Unknown speaker,official,68,22.876000000000204,water,Water,0,False,0.0
h1_2025_12_03,h1_2025_12_03_t00084,comment,00:54:42.251,Unknown speaker,developer,132,40.80799999999999,water,Water,1,True,0.01327680743951804
h1_2025_12_03,h1_2025_12_03_t00085,comment,00:55:23.459,Unknown speaker,official,22,5.1030000000000655,water,Water,1,True,0.0
h1_2025_12_03,h1_2025_12_03_t00086,comment,00:55:29.398,Unknown speaker,developer,89,27.284999999999854,water,Water,0,False,0.0
h1_2025_12_03,h1_2025_12_03_t00087,comment,00:55:57.742,Unknown speaker,official,35,10.298999999999978,water,Water,0,False,0.0
h1_2025_12_03,h1_2025_12_03_t00088,comment,00:56:09.181,Unknown speaker,developer,48,16.88299999999981,water,Water,0,False,0.0
h1_2025_12_03,h1_2025_12_03_t00091,comment,00:56:34.855,Unknown speaker,official,41,16.153999999999996,water,Water,0,False,0.0
h1_2025_12_03,h1_2025_12_03_t00093,comment,00:57:02.553,Unknown speaker,developer,87,44.572000000000116,water,Water,0,False,0.0
h1_2025_12_03,h1_2025_12_03_t00094,comment,00:57:48.495,Unknown speaker,official,20,8.564000000000306,water,Water,0,False,0.01481352737471675
h1_2025_12_03,h1_2025_12_03_t00095,comment,00:57:59.080,Unknown speaker,developer,18,3.8020000000001346,water,Water,0,False,0.0
h1_2025_12_03,h1_2025_12_03_t00096,comment,00:58:04.423,Unknown speaker,official,18,6.703000000000429,water,Water,1,True,0.015537457720263959
h1_2025_12_03,h1_2025_12_03_t00103,comment,00:58:28.073,Unknown speaker,official,19,12.48700000000008,water,Water,0,False,0.0
h1_2025_12_03,h1_2025_12_03_t00104,comment,00:58:45.661,Unknown speaker,official,32,11.143999999999778,water,Water,1,True,0.05409022801113098
h1_2025_12_03,h1_2025_12_03_t00105,comment,00:58:58.047,Unknown speaker,developer,199,71.346,water,Water,3,True,0.036798743028030316
h1_2025_12_03,h1_2025_12_03_t00107,comment,01:00:14.270,Unknown speaker,developer,48,17.690999999999804,water,Water,1,True,0.02582809437455483
h1_2025_12_03,h1_2025_12_03_t00111,comment,01:00:52.184,Unknown speaker,official,49,15.084999999999582,water,Water,0,False,0.0
h1_2025_12_03,h1_2025_12_03_t00112,comment,01:01:08.148,Unknown speaker,developer,268,86.94499999999971,water,Water,1,True,0.0
h1_2025_12_03,h1_2025_12_03_t00115,comment,01:02:58.546,Unknown speaker,official,162,52.345000000000255,water,Water,0,False,0.0
h1_2025_12_03,h1_2025_12_03_t00116,comment,01:03:53.913,Unknown speaker,developer,76,26.235000000000127,water,Water,0,False,0.0
h1_2025_12_03,h1_2025_12_03_t00117,comment,01:04:20.608,Unknown speaker,official,51,14.94399999999996,water,Water,0,False,0.0
h1_2025_12_03,h1_2025_12_03_t00119,comment,01:04:53.297,Unknown speaker,official,59,17.126999999999953,water,Water,0,False,0.0
h1_2025_12_03,h1_2025_12_03_t00120,comment,01:05:12.026,Unknown speaker,public,155,46.008000000000266,water,Water,0,False,0.009102381635870842
h1_2025_12_03,h1_2025_12_03_t00121,comment,01:06:01.281,Unknown speaker,official,73,26.02500000000009,water,Water,0,False,0.0
h1_2025_12_03,h1_2025_12_03_t00122,comment,01:06:27.727,Unknown speaker,public,103,35.846000000000004,water,Water,1,True,0.0
h1_2025_12_03,h1_2025_12_03_t00123,comment,01:07:03.713,Unknown speaker,official,18,5.3419999999996435,water,Water,0,False,0.0
h1_2025_12_03,h1_2025_12_03_t00124,comment,01:07:12.476,Unknown speaker,official,314,103.20800000000008,water,Water,4,True,0.06448463393914496
h1_2025_12_03,h1_2025_12_03_t00125,comment,01:08:57.705,Unknown speaker,official,18,4.8419999999996435,water,Water,0,False,0.0
h1_2025_12_03,h1_2025_12_03_t00128,comment,01:09:05.608,Unknown speaker,official,21,8.804000000000087,water,Water,0,False,0.02845279315209537
h1_2025_12_03,h1_2025_12_03_t00131,comment,01:09:21.783,Unknown speaker,official,19,5.0239999999994325,water,Water,0,False,0.0
h1_2025_12_03,h1_2025_12_03_t00132,comment,01:09:27.608,Unknown speaker,official,49,15.992999999999483,water,Water,0,False,0.0
h1_2025_12_03,h1_2025_12_03_t00135,comment,01:09:50.018,Unknown speaker,official,60,17.54399999999987,water,Water,0,False,0.0
h1_2025_12_03,h1_2025_12_03_t00136,comment,01:10:07.742,Unknown speaker,developer,70,22.425999999999476,water,Water,0,False,0.0
h1_2025_12_03,h1_2025_12_03_t00139,comment,01:10:40.610,Unknown speaker,official,31,14.639000000000124,water,Water,0,False,0.0
h1_2025_12_03,h1_2025_12_03_t00140,comment,01:10:58.312,Unknown speaker,official,22,11.488000000000284,water,Water,0,False,0.0
h1_2025_12_03,h1_2025_12_03_t00141,comment,01:11:12.082,Unknown speaker,official,408,164.66799999999967,water,Water,0,False,0.0
h1_2025_12_03,h1_2025_12_03_t00142,comment,01:14:02.713,Unknown speaker,official,364,118.8710000000001,water,Water,4,True,0.003394984310054282
h1_2025_12_03,h1_2025_12_03_t00144,comment,01:16:02.985,Unknown speaker,official,26,10.677999999999884,water,Water,0,False,0.0
h1_2025_12_03,h1_2025_12_03_t00146,comment,01:16:16.785,Unknown speaker,official,31,8.404999999999745,water,Water,0,False,0.0
h1_2025_12_03,h1_2025_12_03_t00148,comment,01:17:15.471,Unknown speaker,official,49,13.82800000000043,water,Water,0,False,0.0
h1_2025_12_03,h1_2025_12_03_t00152,comment,01:18:40.363,Unknown speaker,public,99,29.721999999999753,water,Water,0,False,0.0
h1_2025_12_03,h1_2025_12_03_t00153,comment,01:19:18.370,Unknown speaker,public,46,12.306999999999789,water,Water,0,False,0.0
h1_2025_12_03,h1_2025_12_03_t00154,comment,01:19:41.797,Unknown speaker,public,306,110.47900000000027,water,Water,3,True,0.01590282031425243
h1_2025_12_03,h1_2025_12_03_t00155,comment,01:21:37.955,Unknown speaker,public,196,75.75,water,Water,0,False,0.0
h1_2025_12_03,h1_2025_12_03_t00156,comment,01:23:01.011,Unknown speaker,public,558,212.52199999999993,water,Water,13,True,0.06188943548898604
h1_2025_12_03,h1_2025_12_03_t00157,comment,01:26:42.316,Unknown speaker,public,81,29.93199999999979,water,Water,1,True,0.01529313864249258
h1_2025_12_03,h1_2025_12_03_t00158,comment,01:27:16.117,Unknown speaker,public,87,35.15700000000015,water,Water,0,False,0.0
h1_2025_12_03,h1_2025_12_03_t00159,comment,01:27:58.241,Unknown speaker,public,252,99.33700000000044,water,Water,1,True,0.011106722191929487
h1_2025_12_03,h1_2025_12_03_t00160,comment,01:29:46.419,Unknown speaker,public,283,95.46399999999994,water,Water,0,False,0.0
h1_2025_12_03,h1_2025_12_03_t00161,comment,01:31:25.306,Unknown speaker,public,19,5.926000000000386,water,Water,0,False,0.0
h1_2025_12_03,h1_2025_12_03_t00162,comment,01:31:38.543,Unknown speaker,public,37,13.631000000000313,water,Water,0,False,0.0
h1_2025_12_03,h1_2025_12_03_t00163,comment,01:32:00.200,Unknown speaker,public,55,20.67200000000048,water,Water,0,False,0.0
h1_2025_12_03,h1_2025_12_03_t00165,comment,01:32:37.707,Unknown speaker,public,134,51.826999999999316,water,Water,2,True,0.0
h1_2025_12_03,h1_2025_12_03_t00166,comment,01:33:34.077,Unknown speaker,public,153,74.8710000000001,water,Water,1,True,0.0
h1_2025_12_03,h1_2025_12_03_t00167,comment,01:34:53.908,Unknown speaker,public,261,103.8149999999996,water,Water,0,False,0.0
h1_2025_12_03,h1_2025_12_03_t00168,comment,01:36:41.504,Unknown speaker,public,487,232.0659999999998,water,Water,0,False,0.003943794819945427
h1_2025_12_03,h1_2025_12_03_t00169,comment,01:40:38.152,Unknown speaker,public,98,51.19800000000032,water,Water,0,False,0.0
h1_2025_12_03,h1_2025_12_03_t00170,comment,01:41:32.597,Unknown speaker,public,332,138.4930000000004,water,Water,0,False,0.0
h1_2025_12_03,h1_2025_12_03_t00172,comment,01:43:54.812,Unknown speaker,public,161,61.850000000000364,water,Water,0,False,0.0
h1_2025_12_03,h1_2025_12_03_t00173,comment,01:45:00.618,Unknown speaker,public,187,71.53699999999935,water,Water,0,False,0.0039750916601727386
h1_2025_12_03,h1_2025_12_03_t00174,comment,01:46:24.416,Unknown speaker,public,343,111.5590000000002,water,Water,0,False,0.0
h1_2025_12_03,h1_2025_12_03_t00175,comment,01:48:24.482,Unknown speaker,official,109,49.39300000000003,water,Water,0,False,0.0
h1_2025_12_03,h1_2025_12_03_t00176,comment,01:49:20.628,Unknown speaker,official,201,80.82600000000002,water,Water,1,True,0.011160523727410028
h1_2025_12_03,h1_2025_12_03_t00177,comment,01:50:41.654,Unknown speaker,official,27,10.695999999999913,water,Water,0,False,0.0
h1_2025_12_03,h1_2025_12_03_t00185,comment,01:52:36.715,Unknown speaker,official,25,11.590000000000146,water,Water,0,False,0.0
h1_2025_12_03,h1_2025_12_03_t00190,comment,01:53:01.555,Unknown speaker,official,74,28.305999999999585,water,Water,0,False,0.0
h1_2025_12_03,h1_2025_12_03_t00191,comment,01:53:30.622,Unknown speaker,public,106,29.59099999999944,water,Water,1,True,0.0
h1_2025_12_03,h1_2025_12_03_t00192,comment,01:54:00.592,Unknown speaker,official,162,61.44000000000051,water,Water,0,False,0.0
h1_2025_12_03,h1_2025_12_03_t00193,comment,01:55:03.472,Unknown speaker,public,41,19.54399999999987,water,Water,0,False,0.0
h1_2025_12_03,h1_2025_12_03_t00194,comment,01:55:29.248,Unknown speaker,public,88,27.347999999999956,water,Water,0,False,0.0
h1_2025_12_03,h1_2025_12_03_t00195,comment,01:55:59.386,Unknown speaker,public,69,21.14799999999923,water,Water,0,False,0.0
h1_2025_12_03,h1_2025_12_03_t00198,comment,01:56:34.759,Unknown speaker,official,57,19.01000000000022,water,Water,0,False,0.0
h1_2025_12_03,h1_2025_12_03_t00200,comment,01:56:56.668,Unknown speaker,public,116,45.98000000000047,water,Water,0,False,0.0
h1_2025_12_03,h1_2025_12_03_t00202,comment,01:57:47.329,Unknown speaker,official,19,6.082000000000335,water,Water,0,False,0.0
h1_2025_12_03,h1_2025_12_03_t00203,comment,01:57:56.748,Unknown speaker,official,18,4.863000000000284,water,Water,0,False,0.0
h1_2025_12_03,h1_2025_12_03_t00205,comment,01:58:05.254,Unknown speaker,official,22,10.886999999999716,water,Water,0,False,0.0
h1_2025_12_03,h1_2025_12_03_t00206,comment,01:58:18.202,Unknown speaker,public,22,10.20299999999952,water,Water,0,False,0.0
h1_2025_12_03,h1_2025_12_03_t00210,comment,01:58:42.514,Unknown speaker,public,47,14.963999999999942,water,Water,0,False,0.0
h1_2025_12_03,h1_2025_12_03_t00211,comment,01:58:58.418,Unknown speaker,official,27,9.846000000000458,water,Water,0,False,0.0
h1_2025_12_03,h1_2025_12_03_t00212,comment,01:59:09.284,Unknown speaker,public,21,6.444000000000415,water,Water,0,False,0.0
h1_2025_12_03,h1_2025_12_03_t00214,comment,01:59:21.152,Unknown speaker,public,41,18.853000000000065,water,Water,1,True,0.021158218827807645
h1_2025_12_03,h1_2025_12_03_t00216,comment,01:59:42.847,Unknown speaker,official,28,14.083000000000538,water,Water,0,False,0.0
h1_2025_12_03,h1_2025_12_03_t00220,comment,02:00:09.900,Unknown speaker,official,252,87.60400000000027,water,Water,1,True,0.0
h1_2025_12_03,h1_2025_12_03_t00223,comment,02:01:41.682,Unknown speaker,public,18,5.525000000000546,water,Water,0,False,0.0
h1_2025_12_03,h1_2025_12_03_t00227,comment,02:01:59.276,Unknown speaker,official,22,3.7830000000003565,water,Water,1,True,0.0
h1_2025_12_03,h1_2025_12_03_t00228,comment,02:02:03.119,Unknown speaker,public,152,53.35400000000027,water,Water,0,False,0.0
h1_2025_12_03,h1_2025_12_03_t00230,comment,02:02:58.213,Unknown speaker,public,43,14.076000000000022,water,Water,0,False,0.0
h1_2025_12_03,h1_2025_12_03_t00231,comment,02:03:12.309,Unknown speaker,official,32,7.645999999999731,water,Water,1,True,0.0
h1_2025_12_03,h1_2025_12_03_t00232,comment,02:03:20.295,Unknown speaker,public,61,18.960000000000036,water,Water,1,True,0.0
h1_2025_12_03,h1_2025_12_03_t00233,comment,02:03:39.275,Unknown speaker,official,66,25.10699999999997,water,Water,0,False,0.0
h1_2025_12_03,h1_2025_12_03_t00235,comment,02:04:12.726,Unknown speaker,official,19,6.983000000000175,water,Water,0,False,0.0
h1_2025_12_03,h1_2025_12_03_t00238,comment,02:04:28.213,Unknown speaker,official,32,22.105000000000473,water,Water,0,False,0.0
h1_2025_12_03,h1_2025_12_03_t00239,comment,02:04:56.046,Unknown speaker,official,21,6.184999999999491,water,Water,0,False,0.0
h1_2025_12_03,h1_2025_12_03_t00244,comment,02:05:15.741,Unknown speaker,official,28,14.041000000000167,water,Water,0,False,0.0
h1_2025_12_03,h1_2025_12_03_t00246,comment,02:05:48.647,Unknown speaker,official,417,124.26699999999983,water,Water,1,True,0.0
h1_2025_12_03,h1_2025_12_03_t00247,comment,02:07:54.235,Unknown speaker,public,22,6.927000000000589,water,Water,1,True,0.0
h1_2025_12_03,h1_2025_12_03_t00248,comment,02:08:01.957,Unknown speaker,official,353,100.3149999999996,water,Water,2,True,0.01540669589156956
h1_2025_12_03,h1_2025_12_03_t00251,comment,02:09:53.807,Unknown speaker,official,20,7.655000000000655,water,Water,0,False,0.0
h1_2025_12_03,h1_2025_12_03_t00252,comment,02:10:01.502,Unknown speaker,public,361,113.3189999999995,water,Water,14,True,0.1127923701592381
h1_2025_12_03,h1_2025_12_03_t00255,comment,02:11:57.903,Unknown speaker,official,24,6.824999999999818,water,Water,0,False,0.0
h1_2025_12_03,h1_2025_12_03_t00261,comment,02:12:18.265,Unknown speaker,public,270,79.59299999999985,water,Water,10,True,0.08237341331975269
h1_2025_12_03,h1_2025_12_03_t00263,comment,02:13:42.609,Unknown speaker,official,237,84.20599999999922,water,Water,1,True,0.0
h1_2025_12_03,h1_2025_12_03_t00264,comment,02:15:07.555,Unknown speaker,public,51,23.456999999999425,water,Water,1,True,0.0
h1_2025_12_03,h1_2025_12_03_t00265,comment,02:15:31.452,Unknown speaker,public,194,66.26600000000053,water,Water,5,True,0.05290356418282877
h1_2025_12_03,h1_2025_12_03_t00266,comment,02:16:38.759,Unknown speaker,official,37,12.647999999999229,water,Water,0,False,0.0
h1_2025_12_03,h1_2025_12_03_t00268,comment,02:16:53.488,Unknown speaker,official,57,20.8020000000015,water,Water,1,True,0.05889763923053086
h1_2025_12_03,h1_2025_12_03_t00269,comment,02:17:17.372,Unknown speaker,official,55,18.153000000000247,water,Water,0,False,0.0
h1_2025_12_03,h1_2025_12_03_t00270,comment,02:17:37.322,Unknown speaker,public,127,36.80400000000009,water,Water,1,True,0.0
h1_2025_12_03,h1_2025_12_03_t00273,comment,02:18:17.849,Unknown speaker,official,29,8.0049999999992,water,Water,0,False,0.0
h1_2025_12_03,h1_2025_12_03_t00275,comment,02:18:26.891,Unknown speaker,official,142,47.452000000001135,water,Water,1,True,0.0
h1_2025_12_03,h1_2025_12_03_t00277,comment,02:19:21.536,Unknown speaker,staff,141,53.64400000000023,water,Water,0,False,0.005285914783159622
h1_2025_12_03,h1_2025_12_03_t00278,comment,02:20:18.741,Unknown speaker,staff,112,47.638999999999214,water,Water,0,False,0.0
h1_2025_12_03,h1_2025_12_03_t00281,comment,02:21:09.237,Unknown speaker,staff,22,7.483000000000175,water,Water,0,False,0.0
h1_2025_12_03,h1_2025_12_03_t00282,comment,02:21:19.861,Unknown speaker,staff,20,5.34099999999853,water,Water,0,False,0.0
h1_2025_12_03,h1_2025_12_03_t00283,comment,02:21:34.898,Unknown speaker,staff,117,51.699000000000524,water,Water,0,False,0.0
h1_2025_12_03,h1_2025_12_03_t00284,comment,02:22:34.085,Unknown speaker,staff,241,115.44000000000051,water,Water,0,False,0.0
h1_2025_12_03,h1_2025_12_03_t00286,comment,02:24:40.305,Unknown speaker,official,33,9.066999999999098,water,Water,0,False,0.0
h1_2025_12_03,h1_2025_12_03_t00287,comment,02:24:52.095,Unknown speaker,staff,471,210.58300000000054,water,Water,0,False,0.0023914554174397505
h1_2025_12_03,h1_2025_12_03_t00288,comment,02:28:25.720,Unknown speaker,staff,124,47.85200000000077,water,Water,0,False,0.0
h1_2025_12_03,h1_2025_12_03_t00289,comment,02:29:16.689,Unknown speaker,staff,25,12.265999999999622,water,Water,0,False,0.0
h1_2025_12_03,h1_2025_12_03_t00297,comment,02:30:12.103,Unknown speaker,consultant,32,15.031000000000859,water,Water,0,False,0.0
h1_2025_12_03,h1_2025_12_03_t00298,comment,02:30:30.295,Unknown speaker,consultant,598,218.59900000000016,water,Water,1,True,0.00575853179516997
h1_2025_12_03,h1_2025_12_03_t00300,comment,02:34:12.775,Unknown speaker,consultant,607,210.19900000000052,water,Water,2,True,0.0
h1_2025_12_03,h1_2025_12_03_t00301,comment,02:37:47.512,Unknown speaker,consultant,775,290.66399999999885,water,Water,2,True,0.002086366220319766
h1_2025_12_03,h1_2025_12_03_t00303,comment,02:42:39.237,Unknown speaker,consultant,380,126.00300000000061,water,Water,2,True,0.0
h1_2025_12_03,h1_2025_12_03_t00305,comment,02:44:46.400,Unknown speaker,consultant,532,183.47400000000016,water,Water,2,True,0.0
h1_2025_12_03,h1_2025_12_03_t00306,comment,02:47:49.914,Unknown speaker,official,81,28.02599999999984,water,Water,0,False,0.0
h1_2025_12_03,h1_2025_12_03_t00307,comment,02:48:18.709,Unknown speaker,unknown,114,28.9479999999985,water,Water,0,False,0.0
h1_2025_12_03,h1_2025_12_03_t00308,comment,02:48:48.247,Unknown speaker,official,108,41.73999999999978,water,Water,0,False,0.0
h1_2025_12_03,h1_2025_12_03_t00309,comment,02:49:33.028,Unknown speaker,official,20,9.16399999999885,water,Water,0,False,0.0
h1_2025_12_03,h1_2025_12_03_t00311,comment,02:49:46.417,Unknown speaker,official,78,39.70800000000054,water,Water,0,False,0.0
h1_2025_12_03,h1_2025_12_03_t00313,comment,02:50:27.825,Unknown speaker,official,30,14.167999999999665,water,Water,0,False,0.0
h1_2025_12_03,h1_2025_12_03_t00314,comment,02:50:44.580,Unknown speaker,staff,212,98.42900000000009,water,Water,0,False,0.0
h1_2025_12_03,h1_2025_12_03_t00315,comment,02:52:23.249,Unknown speaker,official,77,31.99699999999939,water,Water,0,False,0.0
h1_2025_12_03,h1_2025_12_03_t00318,comment,02:53:04.913,Unknown speaker,staff,66,27.462999999999738,water,Water,0,False,0.0
h1_2025_12_03,h1_2025_12_03_t00321,comment,02:53:45.206,Unknown speaker,staff,91,36.55799999999908,water,Water,0,False,0.0
h1_2025_12_03,h1_2025_12_03_t00326,comment,02:54:35.691,Unknown speaker,official,28,6.222999999999956,water,Water,0,False,0.0
h1_2025_12_03,h1_2025_12_03_t00327,comment,02:54:42.414,Unknown speaker,official,26,12.417999999999665,water,Water,0,False,0.0
h1_2025_12_03,h1_2025_12_03_t00330,comment,02:55:06.161,Unknown speaker,official,105,33.48899999999958,water,Water,0,False,0.0
h1_2025_12_03,h1_2025_12_03_t00331,comment,02:55:39.670,Unknown speaker,staff,26,11.962999999999738,water,Water,0,False,0.0
h1_2025_12_03,h1_2025_12_03_t00334,comment,02:56:04.983,Unknown speaker,official,139,54.615999999999985,water,Water,0,False,0.0
h1_2025_12_03,h1_2025_12_03_t00335,comment,02:56:59.759,Unknown speaker,consultant,20,4.743000000000393,water,Water,0,False,0.0
h1_2025_12_03,h1_2025_12_03_t00338,comment,02:57:13.788,Unknown speaker,official,20,5.502999999998792,water,Water,0,False,0.0
h1_2025_12_03,h1_2025_12_03_t00339,comment,02:57:19.731,Unknown speaker,consultant,18,8.585000000000946,water,Water,1,True,0.0
h1_2025_12_03,h1_2025_12_03_t00341,comment,02:57:35.020,Unknown speaker,consultant,337,131.6279999999988,water,Water,2,True,0.0
h1_2025_12_03,h1_2025_12_03_t00342,comment,02:59:46.668,Unknown speaker,official,56,22.02100000000064,water,Water,0,False,0.0
h1_2025_12_03,h1_2025_12_03_t00343,comment,03:00:09.710,Unknown speaker,consultant,122,39.27000000000044,water,Water,0,False,0.0
h1_2025_12_03,h1_2025_12_03_t00344,comment,03:00:49.000,Unknown speaker,official,57,17.222999999999956,water,Water,0,False,0.0
h1_2025_12_03,h1_2025_12_03_t00345,comment,03:01:07.363,Unknown speaker,consultant,71,21.394000000000233,water,Water,1,True,0.0
h1_2025_12_03,h1_2025_12_03_t00348,comment,03:01:43.332,Unknown speaker,official,74,35.02000000000044,water,Water,0,False,0.0
h1_2025_12_03,h1_2025_12_03_t00349,comment,03:02:19.298,Unknown speaker,staff,193,64.02899999999863,water,Water,1,True,0.0
h1_2025_12_03,h1_2025_12_03_t00350,comment,03:03:23.647,Unknown speaker,official,27,14.766999999999825,water,Water,0,False,0.0
h1_2025_12_03,h1_2025_12_03_t00351,comment,03:03:39.434,Unknown speaker,staff,62,18.585000000000946,water,Water,1,True,0.0
h1_2025_12_03,h1_2025_12_03_t00352,comment,03:03:58.399,Unknown speaker,official,22,6.023000000001048,water,Water,0,False,0.0
h1_2025_12_03,h1_2025_12_03_t00359,comment,03:04:22.820,Unknown speaker,official,53,23.971999999999753,water,Water,0,False,0.0
h1_2025_12_03,h1_2025_12_03_t00361,comment,03:04:51.313,Unknown speaker,official,64,24.913000000000466,water,Water,0,False,0.0
h1_2025_12_03,h1_2025_12_03_t00362,comment,03:05:16.466,Unknown speaker,consultant,60,20.41899999999987,water,Water,0,False,0.0
h1_2025_12_03,h1_2025_12_03_t00366,comment,03:05:45.281,Unknown speaker,consultant,26,9.02599999999984,water,Water,0,False,0.0
h1_2025_12_03,h1_2025_12_03_t00367,comment,03:05:54.707,Unknown speaker,official,140,58.11800000000039,water,Water,1,True,0.017327324628706887
h1_2025_12_03,h1_2025_12_03_t00368,comment,03:06:53.445,Unknown speaker,consultant,410,153.02900000000045,water,Water,1,True,0.0
h1_2025_12_03,h1_2025_12_03_t00369,comment,03:09:26.594,Unknown speaker,official,59,17.10699999999997,water,Water,0,False,0.0
h1_2025_12_03,h1_2025_12_03_t00372,comment,03:10:28.331,Unknown speaker,official,50,13.825000000000728,water,Water,0,False,0.0
h1_2025_12_03,h1_2025_12_03_t00373,comment,03:10:47.359,Unknown speaker,official,22,6.403000000000247,water,Water,0,False,0.0
h1_2025_12_03,h1_2025_12_03_t00375,comment,03:11:46.983,Unknown speaker,official,18,9.604999999999563,water,Water,0,False,0.0
h1_2025_12_03,h1_2025_12_03_t00378,comment,03:12:00.191,Unknown speaker,unknown,513,193.80099999999948,water,Water,6,True,0.02886813512043004
h1_2025_12_03,h1_2025_12_03_t00383,comment,03:16:06.004,Unknown speaker,public,185,65.33699999999953,water,Water,0,False,0.0
h1_2025_12_03,h1_2025_12_03_t00386,comment,03:17:31.262,Unknown speaker,public,389,127.04399999999987,water,Water,0,False,0.003004780833856538
h1_2025_12_03,h1_2025_12_03_t00392,comment,03:20:49.879,Unknown speaker,official,101,46.93499999999949,water,Water,0,False,0.0
h1_2025_12_03,h1_2025_12_03_t00393,comment,03:21:37.214,Unknown speaker,developer,51,20.046000000000276,water,Water,1,True,0.0
h1_2025_12_03,h1_2025_12_03_t00394,comment,03:21:57.280,Unknown speaker,official,60,30.307999999999083,water,Water,0,False,0.0
h1_2025_12_03,h1_2025_12_03_t00395,comment,03:22:27.868,Unknown speaker,developer,70,24.066999999999098,water,Water,0,False,0.0
h1_2025_12_03,h1_2025_12_03_t00397,comment,03:22:53.277,Unknown speaker,developer,19,4.962999999999738,water,Water,0,False,0.01690689566810181
h1_2025_12_03,h1_2025_12_03_t00398,comment,03:22:58.261,Unknown speaker,official,183,56.23400000000038,water,Water,0,False,0.0
h1_2025_12_03,h1_2025_12_03_t00399,comment,03:23:55.744,Unknown speaker,developer,100,27.995999999999185,water,Water,0,False,0.0
h1_2025_12_03,h1_2025_12_03_t00400,comment,03:24:24.260,Unknown speaker,official,54,20.050999999999476,water,Water,0,False,0.0
h1_2025_12_03,h1_2025_12_03_t00404,comment,03:25:06.229,Unknown speaker,official,147,53.71600000000035,water,Water,0,False,0.0
h1_2025_12_03,h1_2025_12_03_t00406,comment,03:26:11.069,Unknown speaker,official,121,43.65099999999984,water,Water,0,False,0.0
h1_2025_12_03,h1_2025_12_03_t00408,comment,03:26:59.193,Unknown speaker,official,40,12.268000000000029,water,Water,1,True,0.0
h1_2025_12_03,h1_2025_12_03_t00410,comment,03:27:21.227,Unknown speaker,official,46,17.282999999999447,water,Water,0,False,0.0
h1_2025_12_03,h1_2025_12_03_t00412,comment,03:27:41.072,Unknown speaker,official,81,39.215000000000146,water,Water,0,False,0.0
h1_2025_12_03,h1_2025_12_03_t00413,comment,03:28:22.826,Unknown speaker,developer,34,14.911000000000058,water,Water,0,False,0.0
h1_2025_12_03,h1_2025_12_03_t00414,comment,03:28:37.757,Unknown speaker,developer,125,54.54500000000007,water,Water,0,False,0.0
h1_2025_12_03,h1_2025_12_03_t00415,comment,03:29:32.785,Unknown speaker,official,30,13.668999999999869,water,Water,0,False,0.0
h1_2025_12_03,h1_2025_12_03_t00416,comment,03:29:46.474,Unknown speaker,developer,50,19.674999999999272,water,Water,0,False,0.0
h1_2025_12_03,h1_2025_12_03_t00418,comment,03:30:12.153,Unknown speaker,developer,48,17.064000000000306,water,Water,0,False,0.0
h1_2025_12_03,h1_2025_12_03_t00419,comment,03:30:29.237,Unknown speaker,official,27,8.782000000001062,water,Water,0,False,0.0
h1_2025_12_03,h1_2025_12_03_t00420,comment,03:30:40.060,Unknown speaker,developer,30,9.125,water,Water,0,False,0.0
h1_2025_12_03,h1_2025_12_03_t00421,comment,03:30:49.905,Unknown speaker,official,109,43.862999999999374,water,Water,0,False,0.0
h1_2025_12_03,h1_2025_12_03_t00422,comment,03:31:42.322,Unknown speaker,public,294,107.9989999999998,water,Water,0,False,0.0
h1_2025_12_03,h1_2025_12_03_t00425,comment,03:33:42.785,Unknown speaker,official,54,17.82600000000093,water,Water,0,False,0.0
h1_2025_12_03,h1_2025_12_03_t00426,comment,03:34:00.651,Unknown speaker,developer,23,7.143000000000029,water,Water,0,False,0.0
h1_2025_12_03,h1_2025_12_03_t00431,comment,03:34:34.392,Unknown speaker,public,627,186.8099999999995,water,Water,2,True,0.016011501641302123
h1_2025_12_03,h1_2025_12_03_t00435,comment,03:38:10.771,Unknown speaker,public,438,162.40200000000004,water,Water,11,True,0.06631264277643525
h1_2025_12_03,h1_2025_12_03_t00438,comment,03:41:08.792,Unknown speaker,official,34,15.713999999999942,water,Water,0,False,0.0
h1_2025_12_03,h1_2025_12_03_t00439,comment,03:41:28.451,Unknown speaker,developer,44,17.355000000001382,water,Water,1,True,0.03281382713820393
h1_2025_12_03,h1_2025_12_03_t00440,comment,03:41:47.047,Unknown speaker,official,25,9.028000000000247,water,Water,0,False,0.0
h1_2025_12_03,h1_2025_12_03_t00442,comment,03:42:05.138,Unknown speaker,official,40,17.531999999999243,water,Water,0,False,0.0
h1_2025_12_03,h1_2025_12_03_t00443,comment,03:42:24.871,Unknown speaker,developer,57,21.822000000000116,water,Water,0,False,0.0
h1_2025_12_03,h1_2025_12_03_t00444,comment,03:42:52.558,Unknown speaker,official,81,29.738999999999578,water,Water,0,False,0.0
h1_2025_12_03,h1_2025_12_03_t00445,comment,03:43:23.057,Unknown speaker,official,25,12.682999999999083,water,Water,0,False,0.0
h1_2025_12_03,h1_2025_12_03_t00449,comment,03:43:44.222,Unknown speaker,official,20,7.541000000001077,water,Water,0,False,0.0
h1_2025_12_03,h1_2025_12_03_t00453,comment,03:44:05.656,Unknown speaker,public,595,188.4399999999987,water,Water,0,False,0.002405887857364598
h1_2025_12_03,h1_2025_12_03_t00457,comment,03:47:25.241,Unknown speaker,official,24,7.543999999999869,water,Water,0,False,0.0
h1_2025_12_03,h1_2025_12_03_t00459,comment,03:48:00.917,Unknown speaker,public,480,154.53100000000086,water,Water,0,False,0.0
h1_2025_12_03,h1_2025_12_03_t00461,comment,03:50:48.656,Unknown speaker,official,32,30.894999999998618,water,Water,0,False,0.0
h1_2025_12_03,h1_2025_12_03_t00462,comment,03:51:25.678,Unknown speaker,public,78,25.391999999999825,water,Water,1,True,0.0
h1_2025_12_03,h1_2025_12_03_t00464,comment,03:51:55.905,Unknown speaker,public,391,122.66399999999885,water,Water,2,True,0.0
h1_2025_12_03,h1_2025_12_03_t00468,comment,03:54:18.801,Unknown speaker,official,73,30.632000000001426,water,Water,0,False,0.0
h1_2025_12_03,h1_2025_12_03_t00469,comment,03:54:52.615,Unknown speaker,official,216,92.44000000000051,water,Water,0,False,0.0
h1_2025_12_03,h1_2025_12_03_t00470,comment,03:56:25.875,Unknown speaker,developer,111,35.2549999999992,water,Water,0,False,0.0
h1_2025_12_03,h1_2025_12_03_t00471,comment,03:57:01.565,Unknown speaker,official,109,40.052999999999884,water,Water,0,False,0.0
h1_2025_12_03,h1_2025_12_03_t00472,comment,03:57:41.958,Unknown speaker,developer,391,115.35399999999936,water,Water,0,False,0.0
h1_2025_12_03,h1_2025_12_03_t00473,comment,03:59:37.832,Unknown speaker,official,44,17.93499999999949,water,Water,0,False,0.0
h1_2025_12_03,h1_2025_12_03_t00474,comment,03:59:56.528,Unknown speaker,developer,170,57.065999999998894,water,Water,0,False,0.0
h1_2025_12_03,h1_2025_12_03_t00475,comment,04:00:54.395,Unknown speaker,official,60,21.610999999998967,water,Water,0,False,0.0
h1_2025_12_03,h1_2025_12_03_t00476,comment,04:01:19.133,Unknown speaker,official,77,30.550999999999476,water,Water,0,False,0.0
h1_2025_12_03,h1_2025_12_03_t00477,comment,04:01:50.344,Unknown speaker,official,22,10.743000000000393,water,Water,0,False,0.0
h1_2025_12_03,h1_2025_12_03_t00479,comment,04:02:05.389,Unknown speaker,official,44,19.53900000000067,water,Water,0,False,0.0
h1_2025_12_03,h1_2025_12_03_t00482,comment,04:02:39.710,Unknown speaker,public,453,125.11599999999999,water,Water,0,False,0.0
h1_2025_12_03,h1_2025_12_03_t00485,comment,04:05:17.484,Unknown speaker,public,26,16.549999999999272,water,Water,0,False,0.0
h1_2025_12_03,h1_2025_12_03_t00486,comment,04:05:45.966,Unknown speaker,public,63,17.495999999999185,water,Water,2,True,0.03186609393750493
h1_2025_12_03,h1_2025_12_03_t00488,comment,04:06:12.598,Unknown speaker,public,181,87.03900000000067,water,Water,1,True,0.03811726344738598
h1_2025_12_03,h1_2025_12_03_t00492,comment,04:08:08.178,Unknown speaker,official,114,45.42200000000048,water,Water,0,False,0.0
h1_2025_12_03,h1_2025_12_03_t00493,comment,04:08:53.997,Unknown speaker,developer,207,71.6200000000008,water,Water,1,True,0.0
h1_2025_12_03,h1_2025_12_03_t00498,comment,04:11:04.352,Unknown speaker,public,394,165.39699999999903,water,Water,0,False,0.0
h1_2025_12_03,h1_2025_12_03_t00503,comment,04:14:27.511,Unknown speaker,public,347,154.72899999999936,water,Water,0,False,0.0033246895447217356
h1_2025_12_03,h1_2025_12_03_t00504,comment,04:17:05.289,Unknown speaker,public,95,34.22599999999875,water,Water,0,False,0.0
h1_2025_12_03,h1_2025_12_03_t00506,comment,04:17:41.796,Unknown speaker,public,21,9.324999999998909,water,Water,0,False,0.0
h1_2025_12_03,h1_2025_12_03_t00512,comment,04:18:21.087,Unknown speaker,official,67,26.298000000000684,water,Water,0,False,0.0
h1_2025_12_03,h1_2025_12_03_t00513,comment,04:18:49.786,Unknown speaker,consultant,127,50.04899999999907,water,Water,1,True,0.0
h1_2025_12_03,h1_2025_12_03_t00517,comment,04:20:10.053,Unknown speaker,public,207,81.13400000000001,water,Water,0,False,0.0
h1_2025_12_03,h1_2025_12_03_t00518,comment,04:21:38.792,Unknown speaker,public,244,77.89600000000064,water,Water,0,False,0.0
h1_2025_12_03,h1_2025_12_03_t00519,comment,04:22:59.949,Unknown speaker,public,110,38.42699999999968,water,Water,0,False,0.0
h1_2025_12_03,h1_2025_12_03_t00521,comment,04:23:41.077,Unknown speaker,public,336,103.55400000000009,water,Water,2,True,0.01501822404594713
h1_2025_12_03,h1_2025_12_03_t00522,comment,04:25:30.514,Unknown speaker,official,129,50.5580000000009,water,Water,0,False,0.0
h1_2025_12_03,h1_2025_12_03_t00523,comment,04:26:23.031,Unknown speaker,official,64,25.540999999999258,water,Water,0,False,0.0
h1_2025_12_03,h1_2025_12_03_t00524,comment,04:26:50.842,Unknown speaker,developer,49,14.506999999999607,water,Water,0,False,0.0
h1_2025_12_03,h1_2025_12_03_t00525,comment,04:27:08.710,Unknown speaker,developer,59,24.106000000001586,water,Water,0,False,0.0
h1_2025_12_03,h1_2025_12_03_t00528,comment,04:27:43.189,Unknown speaker,official,70,28.11199999999917,water,Water,0,False,0.0
h1_2025_12_03,h1_2025_12_03_t00529,comment,04:28:12.882,Unknown speaker,developer,100,35.486000000000786,water,Water,0,False,0.0
h1_2025_12_03,h1_2025_12_03_t00530,comment,04:28:52.905,Unknown speaker,official,23,9.646999999999025,water,Water,0,False,0.0
h1_2025_12_03,h1_2025_12_03_t00531,comment,04:29:06.515,Unknown speaker,official,52,11.708000000000538,water,Water,0,False,0.0
h1_2025_12_03,h1_2025_12_03_t00532,comment,04:29:19.122,Unknown speaker,official,67,23.51300000000083,water,Water,0,False,0.0
h1_2025_12_03,h1_2025_12_03_t00533,comment,04:29:55.933,Unknown speaker,official,96,23.789999999999054,water,Water,0,False,0.0
h1_2025_12_03,h1_2025_12_03_t00534,comment,04:30:19.983,Unknown speaker,official,64,18.88500000000022,water,Water,0,False,0.0
h1_2025_12_03,h1_2025_12_03_t00537,comment,04:30:43.454,Unknown speaker,public,74,21.754000000000815,water,Water,0,False,0.0
h1_2025_12_03,h1_2025_12_03_t00538,comment,04:31:08.452,Unknown speaker,public,516,162.8720000000012,water,Water,0,False,0.0
h1_2025_12_03,h1_2025_12_03_t00539,comment,04:33:55.655,Unknown speaker,public,43,13.488000000001193,water,Water,0,False,0.016642501923972368
h1_2025_12_03,h1_2025_12_03_t00540,comment,04:34:09.443,Unknown speaker,official,59,18.114000000001397,water,Water,1,True,0.0
h1_2025_12_03,h1_2025_12_03_t00545,comment,04:34:48.586,Unknown speaker,public,225,80.22400000000198,water,Water,0,False,0.016386911156410493
h1_2025_12_03,h1_2025_12_03_t00546,comment,04:36:08.830,Unknown speaker,official,29,10.568999999999505,water,Water,0,False,0.0
h1_2025_12_03,h1_2025_12_03_t00547,comment,04:36:19.599,Unknown speaker,public,168,57.21700000000055,water,Water,1,True,0.01693276950125565
h1_2025_12_03,h1_2025_12_03_t00548,comment,04:37:17.497,Unknown speaker,official,18,4.843000000000757,water,Water,0,False,0.0
h1_2025_12_03,h1_2025_12_03_t00550,comment,04:37:23.061,Unknown speaker,official,39,13.309999999997672,water,Water,0,False,0.0
h1_2025_12_03,h1_2025_12_03_t00551,comment,04:37:39.034,Unknown speaker,official,23,5.564000000002125,water,Water,0,False,0.0
h1_2025_12_03,h1_2025_12_03_t00553,comment,04:37:46.980,Unknown speaker,developer,201,67.63200000000143,water,Water,1,True,0.0
h1_2025_12_03,h1_2025_12_03_t00554,comment,04:38:55.645,Unknown speaker,official,45,18.955999999998312,water,Water,0,False,0.0
h1_2025_12_03,h1_2025_12_03_t00555,comment,04:39:14.781,Unknown speaker,developer,210,75.52700000000186,water,Water,0,False,0.0
h1_2025_12_03,h1_2025_12_03_t00557,comment,04:40:41.472,Unknown speaker,official,55,21.534999999999854,water,Water,0,False,0.0
h1_2025_12_03,h1_2025_12_03_t00563,comment,04:41:14.780,Unknown speaker,official,20,5.3840000000018335,water,Water,0,False,0.0
h1_2025_12_03,h1_2025_12_03_t00564,comment,04:41:23.827,Unknown speaker,official,21,7.024999999997817,water,Water,0,False,0.0
h1_2025_12_03,h1_2025_12_03_t00566,comment,04:44:28.206,Unknown speaker,official,32,23.51800000000003,water,Water,0,False,0.0
h1_2025_12_03,h1_2025_12_03_t00568,comment,04:45:01.564,Unknown speaker,public,415,132.34800000000178,water,Water,0,False,0.0
h2_2026_03_23,h2_2026_03_23_t00001,comment,00:00:00.945,Unknown speaker,public,67,19.407,water,Water,0,False,0.0
h2_2026_03_23,h2_2026_03_23_t00003,comment,00:00:29.619,Unknown speaker,official,30,6.783000000000001,water,Water,0,False,0.0
h2_2026_03_23,h2_2026_03_23_t00005,comment,00:00:37.823,Unknown speaker,official,40,17.109,water,Water,0,False,0.0
h2_2026_03_23,h2_2026_03_23_t00008,comment,00:01:14.507,Unknown speaker,staff,34,21.808999999999997,water,Water,0,False,0.0
h2_2026_03_23,h2_2026_03_23_t00016,comment,00:01:44.715,Unknown speaker,staff,20,17.230999999999995,water,Water,0,False,0.0
h2_2026_03_23,h2_2026_03_23_t00025,comment,00:03:57.985,Unknown speaker,staff,22,13.044999999999987,water,Water,0,False,0.0
h2_2026_03_23,h2_2026_03_23_t00038,comment,00:04:35.603,Unknown speaker,official,54,17.882000000000005,water,Water,0,False,0.0
h2_2026_03_23,h2_2026_03_23_t00041,comment,00:05:05.654,Unknown speaker,official,257,80.565,water,Water,2,True,0.015172852674320688
h2_2026_03_23,h2_2026_03_23_t00043,comment,00:07:25.742,Unknown speaker,official,23,13.988,water,Water,0,False,0.0
h2_2026_03_23,h2_2026_03_23_t00044,comment,00:07:53.333,Unknown speaker,official,65,22.984999999999957,water,Water,0,False,0.0
h2_2026_03_23,h2_2026_03_23_t00045,comment,00:08:19.765,Unknown speaker,official,201,73.79700000000003,water,Water,0,False,0.0
h2_2026_03_23,h2_2026_03_23_t00047,comment,00:11:30.417,Unknown speaker,official,187,65.553,water,Water,0,False,0.00728114641251947
h2_2026_03_23,h2_2026_03_23_t00076,comment,00:14:50.074,Unknown speaker,official,29,9.605999999999995,water,Water,0,False,0.0
h2_2026_03_23,h2_2026_03_23_t00077,comment,00:15:07.426,Unknown speaker,developer,32,6.846000000000004,water,Water,0,False,0.0
h2_2026_03_23,h2_2026_03_23_t00078,comment,00:15:21.198,Unknown speaker,developer,1388,451.5079999999999,water,Water,11,True,0.01953657825337377
h2_2026_03_23,h2_2026_03_23_t00079,comment,00:23:06.831,Unknown speaker,developer,388,131.16600000000017,water,Water,5,True,0.017058608694778522
h2_2026_03_23,h2_2026_03_23_t00082,comment,00:25:32.668,Unknown speaker,official,21,8.125,water,Water,0,False,0.0
h2_2026_03_23,h2_2026_03_23_t00083,comment,00:25:43.034,Unknown speaker,public,679,317.49599999999987,water,Water,2,True,0.004250180057040898
h2_2026_03_23,h2_2026_03_23_t00084,comment,00:31:13.089,Unknown speaker,official,43,17.923999999999978,water,Water,0,False,0.0
h2_2026_03_23,h2_2026_03_23_t00085,comment,00:31:33.554,Unknown speaker,public,696,264.3489999999997,water,Water,2,True,0.008023942821776838
h2_2026_03_23,h2_2026_03_23_t00086,comment,00:36:05.439,Unknown speaker,official,22,11.62900000000036,water,Water,0,False,0.0
h2_2026_03_23,h2_2026_03_23_t00087,comment,00:36:17.128,Unknown speaker,consultant,544,196.06399999999985,water,Water,2,True,0.0041857915661773345
h2_2026_03_23,h2_2026_03_23_t00090,comment,00:39:52.808,Unknown speaker,developer,564,225.8470000000002,water,Water,0,False,0.0
h2_2026_03_23,h2_2026_03_23_t00091,comment,00:43:44.657,Unknown speaker,developer,18,4.40099999999984,water,Water,0,False,0.0
h2_2026_03_23,h2_2026_03_23_t00092,comment,00:43:49.518,Unknown speaker,official,19,7.201999999999771,water,Water,0,False,0.0
h2_2026_03_23,h2_2026_03_23_t00093,comment,00:44:08.182,Unknown speaker,public,204,90.89100000000008,water,Water,0,False,0.006794222047870267
h2_2026_03_23,h2_2026_03_23_t00094,comment,00:45:42.797,Unknown speaker,public,251,105.60300000000007,water,Water,0,False,0.0
h2_2026_03_23,h2_2026_03_23_t00095,comment,00:47:31.903,Unknown speaker,public,261,112.9050000000002,water,Water,7,True,0.049826480810496405
h2_2026_03_23,h2_2026_03_23_t00096,comment,00:49:39.329,Unknown speaker,public,19,12.385999999999967,water,Water,0,False,0.0
h2_2026_03_23,h2_2026_03_23_t00098,comment,00:49:54.116,Unknown speaker,public,27,8.123999999999796,water,Water,0,False,0.0
h2_2026_03_23,h2_2026_03_23_t00102,comment,00:50:22.043,Unknown speaker,public,42,17.20699999999988,water,Water,0,False,0.0
h2_2026_03_23,h2_2026_03_23_t00103,comment,00:50:43.231,Unknown speaker,public,354,116.6859999999997,water,Water,3,True,0.017028252856709808
h2_2026_03_23,h2_2026_03_23_t00104,comment,00:52:44.451,Unknown speaker,public,72,30.286000000000058,water,Water,0,False,0.0
h2_2026_03_23,h2_2026_03_23_t00106,comment,00:53:28.809,Unknown speaker,public,103,36.8149999999996,water,Water,0,False,0.0
h2_2026_03_23,h2_2026_03_23_t00108,comment,00:54:51.299,Unknown speaker,developer,112,37.84400000000005,water,Water,0,False,0.0
h2_2026_03_23,h2_2026_03_23_t00109,comment,00:55:36.913,Unknown speaker,public,531,203.13499999999976,water,Water,0,False,0.0
h2_2026_03_23,h2_2026_03_23_t00110,comment,00:59:09.083,Unknown speaker,official,20,9.324999999999818,water,Water,0,False,0.0
h2_2026_03_23,h2_2026_03_23_t00112,comment,00:59:22.791,Unknown speaker,public,192,78.27700000000004,water,Water,0,False,0.0
h2_2026_03_23,h2_2026_03_23_t00113,comment,01:00:45.550,Unknown speaker,public,38,20.143999999999778,water,Water,0,False,0.0
h2_2026_03_23,h2_2026_03_23_t00114,comment,01:01:07.516,Unknown speaker,official,29,10.88799999999992,water,Water,0,False,0.0
h2_2026_03_23,h2_2026_03_23_t00115,comment,01:01:19.545,Unknown speaker,public,41,16.02500000000009,water,Water,0,False,0.0
h2_2026_03_23,h2_2026_03_23_t00116,comment,01:01:47.333,Unknown speaker,public,367,129.9670000000001,water,Water,1,True,0.0
h2_2026_03_23,h2_2026_03_23_t00117,comment,01:04:05.896,Unknown speaker,developer,25,5.9669999999996435,water,Water,0,False,0.0
h2_2026_03_23,h2_2026_03_23_t00119,comment,01:04:22.234,Unknown speaker,public,571,233.50199999999995,water,Water,3,True,0.007276984625976678
h2_2026_03_23,h2_2026_03_23_t00120,comment,01:08:19.138,Unknown speaker,public,319,98.90599999999995,water,Water,0,False,0.0
h2_2026_03_23,h2_2026_03_23_t00121,comment,01:10:06.860,Unknown speaker,public,339,151.1230000000005,water,Water,0,False,0.0
h2_2026_03_23,h2_2026_03_23_t00122,comment,01:12:41.145,Unknown speaker,public,25,11.359999999999673,water,Water,0,False,0.0
h2_2026_03_23,h2_2026_03_23_t00124,comment,01:12:54.747,Unknown speaker,public,78,34.764000000000124,water,Water,0,False,0.0
h2_2026_03_23,h2_2026_03_23_t00125,comment,01:13:39.600,Unknown speaker,public,107,52.714999999999236,water,Water,0,False,0.009426897634213418
h2_2026_03_23,h2_2026_03_23_t00126,comment,01:14:34.777,Unknown speaker,official,31,19.141999999999825,water,Water,0,False,0.0
h2_2026_03_23,h2_2026_03_23_t00127,comment,01:15:02.172,Unknown speaker,official,394,182.53100000000086,water,Water,2,True,0.005576395345933145
h2_2026_03_23,h2_2026_03_23_t00129,comment,01:18:10.546,Unknown speaker,official,133,47.32799999999952,water,Water,0,False,0.0
h2_2026_03_23,h2_2026_03_23_t00130,comment,01:18:58.534,Unknown speaker,official,141,55.48400000000038,water,Water,0,False,0.0
h2_2026_03_23,h2_2026_03_23_t00132,comment,01:20:10.149,Unknown speaker,official,88,41.20299999999952,water,Water,0,False,0.0
h2_2026_03_23,h2_2026_03_23_t00134,comment,01:21:06.512,Unknown speaker,official,21,7.806000000000495,water,Water,0,False,0.0
h2_2026_03_23,h2_2026_03_23_t00135,comment,01:21:18.461,Unknown speaker,public,334,122.83500000000004,water,Water,0,False,0.0
h2_2026_03_23,h2_2026_03_23_t00137,comment,01:23:31.700,Unknown speaker,public,139,53.738000000000284,water,Water,0,False,0.0
h2_2026_03_23,h2_2026_03_23_t00141,comment,01:24:29.760,Unknown speaker,public,91,36.259000000000015,water,Water,0,False,0.0
h2_2026_03_23,h2_2026_03_23_t00142,comment,01:25:09.881,Unknown speaker,public,58,23.829999999999927,water,Water,0,False,0.0
h2_2026_03_23,h2_2026_03_23_t00145,comment,01:25:52.996,Unknown speaker,public,323,126.17799999999988,water,Water,1,True,0.0
h2_2026_03_23,h2_2026_03_23_t00147,comment,01:28:12.341,Unknown speaker,public,160,84.5630000000001,water,Water,0,False,0.0
h2_2026_03_23,h2_2026_03_23_t00151,comment,01:29:51.221,Unknown speaker,public,285,122.87800000000061,water,Water,1,True,0.008745081714421232
h2_2026_03_23,h2_2026_03_23_t00153,comment,01:32:02.783,Unknown speaker,public,103,38.107999999999265,water,Water,0,False,0.0
h2_2026_03_23,h2_2026_03_23_t00154,comment,01:32:44.894,Unknown speaker,public,188,67.29599999999937,water,Water,0,False,0.0
h2_2026_03_23,h2_2026_03_23_t00156,comment,01:34:03.098,Unknown speaker,public,213,67.63799999999992,water,Water,4,True,0.05631897990002351
h2_2026_03_23,h2_2026_03_23_t00158,comment,01:35:13.668,Unknown speaker,public,256,85.51600000000053,water,Water,0,False,0.0
h2_2026_03_23,h2_2026_03_23_t00159,comment,01:36:42.583,Unknown speaker,public,110,29.105000000000473,water,Water,0,False,0.0
h2_2026_03_23,h2_2026_03_23_t00161,comment,01:37:28.177,Unknown speaker,public,329,121.25,water,Water,0,False,0.0
h2_2026_03_23,h2_2026_03_23_t00163,comment,01:39:38.434,Unknown speaker,official,111,43.64499999999953,water,Water,0,False,0.0
h2_2026_03_23,h2_2026_03_23_t00165,comment,01:40:30.186,Unknown speaker,public,267,80.5590000000002,water,Water,0,False,0.0
h2_2026_03_23,h2_2026_03_23_t00167,comment,01:41:56.843,Unknown speaker,public,130,32.284999999999854,water,Water,0,False,0.0
h2_2026_03_23,h2_2026_03_23_t00170,comment,01:42:36.670,Unknown speaker,public,318,122.0010000000002,water,Water,1,True,0.008167037422927832
h2_2026_03_23,h2_2026_03_23_t00173,comment,01:44:52.200,Unknown speaker,public,397,121.54700000000048,water,Water,2,True,0.022197324920938743
h2_2026_03_23,h2_2026_03_23_t00175,comment,01:47:02.408,Unknown speaker,public,148,45.978000000000065,water,Water,0,False,0.0
h2_2026_03_23,h2_2026_03_23_t00177,comment,01:47:49.946,Unknown speaker,public,53,16.34900000000016,water,Water,0,False,0.0
h2_2026_03_23,h2_2026_03_23_t00179,comment,01:48:12.995,Unknown speaker,public,203,52.228000000000065,water,Water,0,False,0.0
h2_2026_03_23,h2_2026_03_23_t00182,comment,01:50:38.532,Unknown speaker,official,21,6.023000000000138,water,Water,0,False,0.0
h2_2026_03_23,h2_2026_03_23_t00185,comment,01:50:50.479,Unknown speaker,public,125,45.55000000000018,water,Water,0,False,0.0
h2_2026_03_23,h2_2026_03_23_t00186,comment,01:51:39.385,Unknown speaker,public,100,33.246000000000095,water,Water,0,False,0.0
h2_2026_03_23,h2_2026_03_23_t00188,comment,01:52:26.139,Unknown speaker,public,366,122.92100000000028,water,Water,0,False,0.0
h2_2026_03_23,h2_2026_03_23_t00192,comment,01:54:49.540,Unknown speaker,public,331,106.53099999999995,water,Water,0,False,0.0
h2_2026_03_23,h2_2026_03_23_t00194,comment,01:56:38.013,Unknown speaker,public,320,111.95399999999972,water,Water,8,True,0.032385424762045915
h2_2026_03_23,h2_2026_03_23_t00195,comment,01:58:33.629,Unknown speaker,public,50,12.54700000000048,water,Water,1,True,0.023689956682263903
h2_2026_03_23,h2_2026_03_23_t00197,comment,01:58:59.124,Unknown speaker,public,202,76.80000000000018,water,Water,0,False,0.0
h2_2026_03_23,h2_2026_03_23_t00199,comment,02:00:18.885,Unknown speaker,public,345,125.11200000000008,water,Water,1,True,0.007823736297352895
h2_2026_03_23,h2_2026_03_23_t00203,comment,02:02:33.318,Unknown speaker,public,276,94.4960000000001,water,Water,0,False,0.0
h2_2026_03_23,h2_2026_03_23_t00205,comment,02:04:17.465,Unknown speaker,public,367,117.6239999999998,water,Water,0,False,0.0
h2_2026_03_23,h2_2026_03_23_t00206,comment,02:06:24.118,Unknown speaker,public,344,123.44499999999971,water,Water,2,True,0.012774228735415607
h2_2026_03_23,h2_2026_03_23_t00208,comment,02:08:34.233,Unknown speaker,public,271,107.03899999999976,water,Water,1,True,0.0
h2_2026_03_23,h2_2026_03_23_t00210,comment,02:10:25.802,Unknown speaker,public,438,124.88600000000042,water,Water,0,False,0.0029170762091383223
h2_2026_03_23,h2_2026_03_23_t00216,comment,02:12:48.117,Unknown speaker,official,198,60.05400000000009,water,Water,0,False,0.0
h2_2026_03_23,h2_2026_03_23_t00218,comment,02:13:57.440,Unknown speaker,public,244,121.01700000000073,water,Water,4,True,0.042785928700553914
h2_2026_03_23,h2_2026_03_23_t00220,comment,02:16:07.642,Unknown speaker,public,164,56.746000000001004,water,Water,0,False,0.0
h2_2026_03_23,h2_2026_03_23_t00221,comment,02:17:08.732,Unknown speaker,public,152,63.59900000000016,water,Water,2,True,0.02307214729544247
h2_2026_03_23,h2_2026_03_23_t00224,comment,02:18:36.810,Unknown speaker,public,39,11.483000000000175,water,Water,0,False,0.0
h2_2026_03_23,h2_2026_03_23_t00225,comment,02:18:52.414,Unknown speaker,public,117,42.96299999999974,water,Water,0,False,0.0
h2_2026_03_23,h2_2026_03_23_t00227,comment,02:19:44.883,Unknown speaker,public,358,118.59499999999935,water,Water,15,True,0.03613837484038527
h2_2026_03_23,h2_2026_03_23_t00229,comment,02:21:51.622,Unknown speaker,public,364,120.67100000000028,water,Water,1,True,0.0
h2_2026_03_23,h2_2026_03_23_t00231,comment,02:24:03.483,Unknown speaker,public,343,128.45899999999892,water,Water,2,True,0.015675719028945424
h2_2026_03_23,h2_2026_03_23_t00232,comment,02:26:22.468,Unknown speaker,public,262,108.42099999999846,water,Water,0,False,0.0
h2_2026_03_23,h2_2026_03_23_t00233,comment,02:28:20.397,Unknown speaker,public,29,7.586999999999534,water,Water,0,False,0.0
h2_2026_03_23,h2_2026_03_23_t00236,comment,02:28:45.546,Unknown speaker,public,122,47.190999999998894,water,Water,0,False,0.0
h2_2026_03_23,h2_2026_03_23_t00240,comment,02:30:03.124,Unknown speaker,public,39,18.028000000000247,water,Water,0,False,0.0
h2_2026_03_23,h2_2026_03_23_t00241,comment,02:30:24.554,Unknown speaker,public,67,20.771999999999025,water,Water,0,False,0.0
h2_2026_03_23,h2_2026_03_23_t00242,comment,02:30:48.708,Unknown speaker,public,69,22.47599999999875,water,Water,0,False,0.0
h2_2026_03_23,h2_2026_03_23_t00243,comment,02:31:16.906,Unknown speaker,public,54,19.797999999998865,water,Water,2,True,0.0
h2_2026_03_23,h2_2026_03_23_t00244,comment,02:31:40.205,Unknown speaker,public,106,45.486000000000786,water,Water,1,True,0.014501049164635285
h2_2026_03_23,h2_2026_03_23_t00245,comment,02:32:28.792,Unknown speaker,public,155,56.12300000000141,water,Water,4,True,0.028462644722636297
h2_2026_03_23,h2_2026_03_23_t00246,comment,02:33:35.039,Unknown speaker,public,119,38.753999999998996,water,Water,0,False,0.0
h2_2026_03_23,h2_2026_03_23_t00247,comment,02:34:22.410,Unknown speaker,public,188,60.52000000000044,water,Water,0,False,0.0
h2_2026_03_23,h2_2026_03_23_t00248,comment,02:35:24.291,Unknown speaker,official,32,11.703000000001339,water,Water,0,False,0.0
h2_2026_03_23,h2_2026_03_23_t00249,comment,02:35:36.314,Unknown speaker,public,47,13.395000000000437,water,Water,0,False,0.0
h2_2026_03_23,h2_2026_03_23_t00251,comment,02:35:58.776,Unknown speaker,public,336,96.7569999999996,water,Water,0,False,0.0
h2_2026_03_23,h2_2026_03_23_t00252,comment,02:37:46.420,Unknown speaker,public,394,124.3130000000001,water,Water,2,True,0.008117249585103656
h2_2026_03_23,h2_2026_03_23_t00254,comment,02:40:07.442,Unknown speaker,public,296,97.35000000000036,water,Water,0,False,0.0
h2_2026_03_23,h2_2026_03_23_t00255,comment,02:41:56.973,Unknown speaker,public,293,121.45299999999952,water,Water,0,False,0.0
h2_2026_03_23,h2_2026_03_23_t00256,comment,02:44:11.429,Unknown speaker,public,361,125.53199999999924,water,Water,0,False,0.0
h2_2026_03_23,h2_2026_03_23_t00259,comment,02:46:27.462,Unknown speaker,public,118,39.10699999999997,water,Water,0,False,0.0
h2_2026_03_23,h2_2026_03_23_t00260,comment,02:47:15.502,Unknown speaker,public,375,115.27499999999964,water,Water,5,True,0.021704390270275667
h2_2026_03_23,h2_2026_03_23_t00261,comment,02:49:20.020,Unknown speaker,public,186,62.608000000000175,water,Water,0,False,0.0
h2_2026_03_23,h2_2026_03_23_t00262,comment,02:50:32.868,Unknown speaker,public,187,74.06999999999971,water,Water,1,True,0.011461422298320366
h2_2026_03_23,h2_2026_03_23_t00263,comment,02:51:57.704,Unknown speaker,public,283,75.42100000000028,water,Water,0,False,0.0
h2_2026_03_23,h2_2026_03_23_t00264,comment,02:53:21.892,Unknown speaker,public,343,111.0640000000003,water,Water,0,False,0.0
h2_2026_03_23,h2_2026_03_23_t00265,comment,02:55:23.755,Unknown speaker,public,65,27.19300000000112,water,Water,0,False,0.0
h2_2026_03_23,h2_2026_03_23_t00266,comment,02:55:54.448,Unknown speaker,public,131,52.93499999999949,water,Water,3,True,0.039600207456829226
h2_2026_03_23,h2_2026_03_23_t00267,comment,02:56:54.089,Unknown speaker,public,104,34.29700000000048,water,Water,0,False,0.0
h2_2026_03_23,h2_2026_03_23_t00268,comment,02:57:37.689,Unknown speaker,public,138,41.586999999999534,water,Water,0,False,0.0
h2_2026_03_23,h2_2026_03_23_t00269,comment,02:58:24.739,Unknown speaker,public,118,40.13500000000022,water,Water,0,False,0.0
h2_2026_03_23,h2_2026_03_23_t00270,comment,02:59:16.462,Unknown speaker,public,65,16.060999999999694,water,Water,0,False,0.0
h2_2026_03_23,h2_2026_03_23_t00271,comment,02:59:42.012,Unknown speaker,public,113,35.01000000000022,water,Water,1,True,0.0
h2_2026_03_23,h2_2026_03_23_t00272,comment,03:00:25.758,Unknown speaker,public,76,20.988999999999578,water,Water,0,False,0.0
h2_2026_03_23,h2_2026_03_23_t00273,comment,03:00:55.035,Unknown speaker,public,44,16.369000000000597,water,Water,0,False,0.0
h2_2026_03_23,h2_2026_03_23_t00274,comment,03:01:15.967,Unknown speaker,public,115,38.86999999999898,water,Water,0,False,0.0
h2_2026_03_23,h2_2026_03_23_t00275,comment,03:02:05.202,Unknown speaker,public,426,122.90300000000025,water,Water,0,False,0.0
h2_2026_03_23,h2_2026_03_23_t00276,comment,03:04:27.320,Unknown speaker,public,122,54.853000000000975,water,Water,0,False,0.0
h2_2026_03_23,h2_2026_03_23_t00277,comment,03:05:25.468,Unknown speaker,public,113,51.753999999998996,water,Water,0,False,0.0
h2_2026_03_23,h2_2026_03_23_t00278,comment,03:06:27.980,Unknown speaker,public,245,98.92799999999988,water,Water,1,True,0.0
h2_2026_03_23,h2_2026_03_23_t00280,comment,03:08:20.218,Unknown speaker,public,75,22.93499999999949,water,Water,0,False,0.0
h2_2026_03_23,h2_2026_03_23_t00282,comment,03:08:46.773,Unknown speaker,public,84,18.19300000000112,water,Water,0,False,0.0
h2_2026_03_23,h2_2026_03_23_t00284,comment,03:09:09.909,Unknown speaker,official,29,6.05199999999968,water,Water,0,False,0.0
h2_2026_03_23,h2_2026_03_23_t00286,comment,03:09:20.402,Unknown speaker,public,276,84.71999999999935,water,Water,3,True,0.0
h2_2026_03_23,h2_2026_03_23_t00287,comment,03:10:45.703,Unknown speaker,official,77,30.488999999999578,water,Water,0,False,0.0
h2_2026_03_23,h2_2026_03_23_t00289,comment,03:11:26.566,Unknown speaker,public,166,62.30699999999888,water,Water,0,False,0.0
h2_2026_03_23,h2_2026_03_23_t00292,comment,03:12:36.996,Unknown speaker,public,187,48.82800000000134,water,Water,1,True,0.014167079863310573
h2_2026_03_23,h2_2026_03_23_t00293,comment,03:13:33.590,Unknown speaker,public,130,47.623999999999796,water,Water,1,True,0.0
h2_2026_03_23,h2_2026_03_23_t00294,comment,03:14:30.085,Unknown speaker,public,22,5.802000000001499,water,Water,0,False,0.0
h2_2026_03_23,h2_2026_03_23_t00296,comment,03:14:38.348,Unknown speaker,public,127,40.81500000000051,water,Water,0,False,0.0
h2_2026_03_23,h2_2026_03_23_t00297,comment,03:15:23.862,Unknown speaker,official,24,9.229000000001179,water,Water,0,False,0.0
h2_2026_03_23,h2_2026_03_23_t00300,comment,03:15:47.123,Unknown speaker,public,58,22.48700000000099,water,Water,0,False,0.0
h2_2026_03_23,h2_2026_03_23_t00301,comment,03:16:14.271,Unknown speaker,official,22,8.568999999999505,water,Water,0,False,0.0
h2_2026_03_23,h2_2026_03_23_t00302,comment,03:16:34.048,Unknown speaker,public,89,32.34099999999853,water,Water,0,False,0.0
h2_2026_03_23,h2_2026_03_23_t00303,comment,03:17:11.853,Unknown speaker,official,28,10.467000000000553,water,Water,0,False,0.0
h2_2026_03_23,h2_2026_03_23_t00305,comment,03:17:28.156,Unknown speaker,public,28,9.36199999999917,water,Water,0,False,0.0
h2_2026_03_23,h2_2026_03_23_t00307,comment,03:17:39.879,Unknown speaker,public,43,13.062999999998283,water,Water,0,False,0.0
h2_2026_03_23,h2_2026_03_23_t00308,comment,03:17:55.183,Unknown speaker,official,27,14.006999999999607,water,Water,0,False,0.0
h2_2026_03_23,h2_2026_03_23_t00309,comment,03:18:13.304,Unknown speaker,public,54,20.04199999999946,water,Water,0,False,0.0
h2_2026_03_23,h2_2026_03_23_t00310,comment,03:18:36.561,Unknown speaker,official,45,17.868000000000393,water,Water,0,False,0.0
h2_2026_03_23,h2_2026_03_23_t00311,comment,03:19:02.232,Unknown speaker,public,464,216.47500000000036,water,Water,2,True,0.0056013286537764185
h2_2026_03_23,h2_2026_03_23_t00312,comment,03:22:47.208,Unknown speaker,public,71,32.149999999999636,water,Water,0,False,0.0
h2_2026_03_23,h2_2026_03_23_t00313,comment,03:23:24.306,Unknown speaker,public,46,24.23199999999997,water,Water,0,False,0.0
h2_2026_03_23,h2_2026_03_23_t00315,comment,03:24:08.390,Unknown speaker,developer,815,280.96600000000035,water,Water,8,True,0.01623176496452953
h2_2026_03_23,h2_2026_03_23_t00316,comment,03:28:50.956,Unknown speaker,official,45,19.593000000000757,water,Water,0,False,0.0
h2_2026_03_23,h2_2026_03_23_t00319,comment,03:29:15.852,Unknown speaker,official,33,14.023999999999432,water,Water,0,False,0.0
h2_2026_03_23,h2_2026_03_23_t00320,comment,03:29:33.319,Unknown speaker,official,117,47.02599999999984,water,Water,1,True,0.0
h2_2026_03_23,h2_2026_03_23_t00321,comment,03:30:23.838,Unknown speaker,official,26,10.825000000000728,water,Water,0,False,0.0
h2_2026_03_23,h2_2026_03_23_t00322,comment,03:30:39.365,Unknown speaker,official,22,5.802999999999884,water,Water,0,False,0.0
h2_2026_03_23,h2_2026_03_23_t00365,comment,03:33:22.654,Unknown speaker,official,22,10.688000000000102,water,Water,0,False,0.0
h2_2026_03_23,h2_2026_03_23_t00368,comment,03:33:40.608,Unknown speaker,staff,61,18.85399999999936,water,Water,0,False,0.0
h2_2026_03_23,h2_2026_03_23_t00371,comment,03:34:22.417,Unknown speaker,official,23,6.663000000000466,water,Water,0,False,0.0
h2_2026_03_23,h2_2026_03_23_t00372,comment,03:34:29.160,Unknown speaker,staff,22,6.163000000000466,water,Water,0,False,0.0
h2_2026_03_23,h2_2026_03_23_t00373,comment,03:34:49.098,Unknown speaker,official,26,7.826000000000931,water,Water,0,False,0.0
h2_2026_03_23,h2_2026_03_23_t00377,comment,03:35:14.967,Unknown speaker,staff,100,37.8169999999991,water,Water,0,False,0.0
h2_2026_03_23,h2_2026_03_23_t00381,comment,03:36:37.529,Unknown speaker,staff,37,13.02599999999984,water,Water,0,False,0.0
h2_2026_03_23,h2_2026_03_23_t00382,comment,03:36:52.396,Unknown speaker,official,35,11.737999999999374,water,Water,0,False,0.0
h2_2026_03_23,h2_2026_03_23_t00385,comment,03:37:16.497,Unknown speaker,staff,42,16.403000000000247,water,Water,0,False,0.0
h2_2026_03_23,h2_2026_03_23_t00387,comment,03:37:41.510,Unknown speaker,official,30,9.806000000000495,water,Water,0,False,0.0
h2_2026_03_23,h2_2026_03_23_t00390,comment,03:38:32.187,Unknown speaker,official,31,10.566000000000713,water,Water,0,False,0.0
h2_2026_03_23,h2_2026_03_23_t00395,comment,03:40:38.890,Unknown speaker,official,22,8.98700000000099,water,Water,0,False,0.0
h2_2026_03_23,h2_2026_03_23_t00407,comment,03:42:08.243,Unknown speaker,public,28,11.147999999999229,water,Water,0,False,0.0
h2_2026_03_23,h2_2026_03_23_t00409,comment,03:42:24.595,Unknown speaker,public,282,97.53900000000067,water,Water,0,False,0.0
h2_2026_03_23,h2_2026_03_23_t00411,comment,03:44:03.527,Unknown speaker,public,334,123.48300000000017,water,Water,4,True,0.04207874407813179
h2_2026_03_23,h2_2026_03_23_t00412,comment,03:46:07.171,Unknown speaker,official,31,14.46600000000035,water,Water,0,False,0.0
h2_2026_03_23,h2_2026_03_23_t00413,comment,03:46:24.660,Unknown speaker,official,34,15.583000000000538,water,Water,0,False,0.0
h2_2026_03_23,h2_2026_03_23_t00418,comment,03:47:24.181,Unknown speaker,public,809,242.83299999999872,water,Water,1,True,0.002062275449654989
h2_2026_03_23,h2_2026_03_23_t00421,comment,03:51:30.276,Unknown speaker,official,35,22.181000000000495,water,Water,0,False,0.0
h2_2026_03_23,h2_2026_03_23_t00425,comment,03:52:22.763,Unknown speaker,public,95,31.821999999998297,water,Water,0,False,0.0
h2_2026_03_23,h2_2026_03_23_t00426,comment,03:52:58.588,Unknown speaker,official,22,8.706000000000131,water,Water,0,False,0.0
h2_2026_03_23,h2_2026_03_23_t00429,comment,03:53:22.715,Unknown speaker,official,20,9.851999999998952,water,Water,0,False,0.0
h2_2026_03_23,h2_2026_03_23_t00430,comment,03:53:48.318,Unknown speaker,public,27,7.6270000000004075,water,Water,0,False,0.0
h2_2026_03_23,h2_2026_03_23_t00435,comment,03:54:29.882,Unknown speaker,official,22,10.509000000000015,water,Water,0,False,0.0
h1_2025_12_03,h1_2025_12_03_t00003,comment,00:00:15.605,Unknown speaker,official,72,24.328999999999997,other_cities,Data centers in other cities,0,False,0.007559668461734337
h1_2025_12_03,h1_2025_12_03_t00004,comment,00:00:39.954,Unknown speaker,unknown,31,15.271,other_cities,Data centers in other cities,0,False,0.0
h1_2025_12_03,h1_2025_12_03_t00005,comment,00:01:00.770,Unknown speaker,official,58,25.275,other_cities,Data centers in other cities,0,False,0.0
h1_2025_12_03,h1_2025_12_03_t00006,comment,00:01:29.200,Unknown speaker,staff,23,19.180999999999997,other_cities,Data centers in other cities,0,False,0.0
h1_2025_12_03,h1_2025_12_03_t00014,comment,00:02:13.178,Unknown speaker,official,78,25.02600000000001,other_cities,Data centers in other cities,0,False,0.0
h1_2025_12_03,h1_2025_12_03_t00015,comment,00:02:43.150,Unknown speaker,official,32,9.730999999999995,other_cities,Data centers in other cities,0,False,0.0
h1_2025_12_03,h1_2025_12_03_t00019,comment,00:03:07.437,Unknown speaker,official,18,7.304000000000002,other_cities,Data centers in other cities,0,False,0.0
h1_2025_12_03,h1_2025_12_03_t00022,comment,00:04:05.616,Unknown speaker,official,804,287.985,other_cities,Data centers in other cities,0,False,0.007578357528137233
h1_2025_12_03,h1_2025_12_03_t00029,comment,00:10:38.713,Unknown speaker,developer,247,83.51800000000003,other_cities,Data centers in other cities,1,True,0.014066557014150079
h1_2025_12_03,h1_2025_12_03_t00030,comment,00:12:13.198,Unknown speaker,developer,53,14.513000000000034,other_cities,Data centers in other cities,0,False,0.0
h1_2025_12_03,h1_2025_12_03_t00031,comment,00:12:35.055,Unknown speaker,developer,84,31.01800000000003,other_cities,Data centers in other cities,0,False,0.0
h1_2025_12_03,h1_2025_12_03_t00034,comment,00:13:20.818,Unknown speaker,developer,1139,344.1289999999999,other_cities,Data centers in other cities,0,False,0.0013229466373395292
h1_2025_12_03,h1_2025_12_03_t00035,comment,00:19:08.195,Unknown speaker,developer,797,253.43000000000006,other_cities,Data centers in other cities,1,True,0.003531422048470937
h1_2025_12_03,h1_2025_12_03_t00036,comment,00:23:25.968,Unknown speaker,developer,314,92.52199999999993,other_cities,Data centers in other cities,0,False,0.0
h1_2025_12_03,h1_2025_12_03_t00037,comment,00:25:08.446,Unknown speaker,developer,409,130.86800000000017,other_cities,Data centers in other cities,1,True,0.0
h1_2025_12_03,h1_2025_12_03_t00038,comment,00:27:25.706,Unknown speaker,developer,216,60.846000000000004,other_cities,Data centers in other cities,1,True,0.008546392825285416
h1_2025_12_03,h1_2025_12_03_t00039,comment,00:28:30.338,Unknown speaker,developer,169,54.519000000000005,other_cities,Data centers in other cities,0,False,0.005974734217716438
h1_2025_12_03,h1_2025_12_03_t00040,comment,00:29:25.842,Unknown speaker,official,101,26.652999999999793,other_cities,Data centers in other cities,0,False,0.0
h1_2025_12_03,h1_2025_12_03_t00041,comment,00:29:52.759,Unknown speaker,developer,38,11.242999999999938,other_cities,Data centers in other cities,0,False,0.0063042035747492555
h1_2025_12_03,h1_2025_12_03_t00045,comment,00:30:19.326,Unknown speaker,public,836,246.4380000000001,other_cities,Data centers in other cities,2,True,0.014334672828903423
h1_2025_12_03,h1_2025_12_03_t00048,comment,00:34:36.842,Unknown speaker,public,213,79.37599999999975,other_cities,Data centers in other cities,2,True,0.03723568212530294
h1_2025_12_03,h1_2025_12_03_t00049,comment,00:36:01.937,Unknown speaker,public,254,94.46300000000019,other_cities,Data centers in other cities,0,False,0.004827765678576775
h1_2025_12_03,h1_2025_12_03_t00050,comment,00:37:43.546,Unknown speaker,consultant,310,113.25500000000011,other_cities,Data centers in other cities,0,False,0.010732806615288845
h1_2025_12_03,h1_2025_12_03_t00052,comment,00:39:50.806,Unknown speaker,consultant,493,179.346,other_cities,Data centers in other cities,0,False,0.007522874974625698
h1_2025_12_03,h1_2025_12_03_t00053,comment,00:43:00.822,Unknown speaker,consultant,24,6.826999999999771,other_cities,Data centers in other cities,0,False,0.0
h1_2025_12_03,h1_2025_12_03_t00062,comment,00:45:21.576,Unknown speaker,official,20,7.706000000000131,other_cities,Data centers in other cities,0,False,0.0
h1_2025_12_03,h1_2025_12_03_t00065,comment,00:46:21.059,Unknown speaker,official,155,61.19599999999991,other_cities,Data centers in other cities,0,False,0.006601538680063986
h1_2025_12_03,h1_2025_12_03_t00066,comment,00:47:22.655,Unknown speaker,official,64,26.927999999999884,other_cities,Data centers in other cities,0,False,0.0
h1_2025_12_03,h1_2025_12_03_t00067,comment,00:47:50.090,Unknown speaker,developer,197,57.88599999999997,other_cities,Data centers in other cities,0,False,0.0
h1_2025_12_03,h1_2025_12_03_t00068,comment,00:48:48.376,Unknown speaker,official,145,58.13099999999986,other_cities,Data centers in other cities,0,False,0.0037483281869487525
h1_2025_12_03,h1_2025_12_03_t00069,comment,00:49:49.970,Unknown speaker,official,25,11.202999999999975,other_cities,Data centers in other cities,0,False,0.0
h1_2025_12_03,h1_2025_12_03_t00070,comment,00:50:01.193,Unknown speaker,official,119,39.06700000000001,other_cities,Data centers in other cities,0,False,0.0
h1_2025_12_03,h1_2025_12_03_t00071,comment,00:50:40.871,Unknown speaker,developer,330,101.94299999999976,other_cities,Data centers in other cities,0,False,0.0
h1_2025_12_03,h1_2025_12_03_t00072,comment,00:52:22.834,Unknown speaker,official,30,9.595000000000255,other_cities,Data centers in other cities,0,False,0.0
h1_2025_12_03,h1_2025_12_03_t00073,comment,00:52:32.669,Unknown speaker,developer,59,12.889000000000124,other_cities,Data centers in other cities,0,False,0.0
h1_2025_12_03,h1_2025_12_03_t00076,comment,00:52:53.965,Unknown speaker,official,18,8.38799999999992,other_cities,Data centers in other cities,0,False,0.0
h1_2025_12_03,h1_2025_12_03_t00077,comment,00:53:03.254,Unknown speaker,official,84,30.184000000000196,other_cities,Data centers in other cities,0,False,0.0
h1_2025_12_03,h1_2025_12_03_t00078,comment,00:53:36.293,Unknown speaker,developer,72,23.06999999999971,other_cities,Data centers in other cities,0,False,0.0
h1_2025_12_03,h1_2025_12_03_t00079,comment,00:54:00.303,Unknown speaker,official,32,7.829999999999927,other_cities,Data centers in other cities,0,False,0.017184831718532263
h1_2025_12_03,h1_2025_12_03_t00081,comment,00:54:09.693,Unknown speaker,official,18,8.361999999999625,other_cities,Data centers in other cities,0,False,0.0
h1_2025_12_03,h1_2025_12_03_t00083,comment,00:54:18.895,Unknown speaker,official,68,22.876000000000204,other_cities,Data centers in other cities,0,False,0.0
h1_2025_12_03,h1_2025_12_03_t00084,comment,00:54:42.251,Unknown speaker,developer,132,40.80799999999999,other_cities,Data centers in other cities,0,False,0.0
h1_2025_12_03,h1_2025_12_03_t00085,comment,00:55:23.459,Unknown speaker,official,22,5.1030000000000655,other_cities,Data centers in other cities,0,False,0.0
h1_2025_12_03,h1_2025_12_03_t00086,comment,00:55:29.398,Unknown speaker,developer,89,27.284999999999854,other_cities,Data centers in other cities,0,False,0.0
h1_2025_12_03,h1_2025_12_03_t00087,comment,00:55:57.742,Unknown speaker,official,35,10.298999999999978,other_cities,Data centers in other cities,0,False,0.0
h1_2025_12_03,h1_2025_12_03_t00088,comment,00:56:09.181,Unknown speaker,developer,48,16.88299999999981,other_cities,Data centers in other cities,0,False,0.0
h1_2025_12_03,h1_2025_12_03_t00091,comment,00:56:34.855,Unknown speaker,official,41,16.153999999999996,other_cities,Data centers in other cities,0,False,0.0
h1_2025_12_03,h1_2025_12_03_t00093,comment,00:57:02.553,Unknown speaker,developer,87,44.572000000000116,other_cities,Data centers in other cities,1,True,0.00531611115861577
h1_2025_12_03,h1_2025_12_03_t00094,comment,00:57:48.495,Unknown speaker,official,20,8.564000000000306,other_cities,Data centers in other cities,0,False,0.0
h1_2025_12_03,h1_2025_12_03_t00095,comment,00:57:59.080,Unknown speaker,developer,18,3.8020000000001346,other_cities,Data centers in other cities,0,False,0.0
h1_2025_12_03,h1_2025_12_03_t00096,comment,00:58:04.423,Unknown speaker,official,18,6.703000000000429,other_cities,Data centers in other cities,0,False,0.0
h1_2025_12_03,h1_2025_12_03_t00103,comment,00:58:28.073,Unknown speaker,official,19,12.48700000000008,other_cities,Data centers in other cities,0,False,0.0
h1_2025_12_03,h1_2025_12_03_t00104,comment,00:58:45.661,Unknown speaker,official,32,11.143999999999778,other_cities,Data centers in other cities,0,False,0.0
h1_2025_12_03,h1_2025_12_03_t00105,comment,00:58:58.047,Unknown speaker,developer,199,71.346,other_cities,Data centers in other cities,0,False,0.011032073839411132
h1_2025_12_03,h1_2025_12_03_t00107,comment,01:00:14.270,Unknown speaker,developer,48,17.690999999999804,other_cities,Data centers in other cities,0,False,0.0
h1_2025_12_03,h1_2025_12_03_t00111,comment,01:00:52.184,Unknown speaker,official,49,15.084999999999582,other_cities,Data centers in other cities,0,False,0.0
h1_2025_12_03,h1_2025_12_03_t00112,comment,01:01:08.148,Unknown speaker,developer,268,86.94499999999971,other_cities,Data centers in other cities,0,False,0.0
h1_2025_12_03,h1_2025_12_03_t00115,comment,01:02:58.546,Unknown speaker,official,162,52.345000000000255,other_cities,Data centers in other cities,0,False,0.0034346794323153523
h1_2025_12_03,h1_2025_12_03_t00116,comment,01:03:53.913,Unknown speaker,developer,76,26.235000000000127,other_cities,Data centers in other cities,0,False,0.0
h1_2025_12_03,h1_2025_12_03_t00117,comment,01:04:20.608,Unknown speaker,official,51,14.94399999999996,other_cities,Data centers in other cities,0,False,0.0075834079780839544
h1_2025_12_03,h1_2025_12_03_t00119,comment,01:04:53.297,Unknown speaker,official,59,17.126999999999953,other_cities,Data centers in other cities,0,False,0.0
h1_2025_12_03,h1_2025_12_03_t00120,comment,01:05:12.026,Unknown speaker,public,155,46.008000000000266,other_cities,Data centers in other cities,0,False,0.0
h1_2025_12_03,h1_2025_12_03_t00121,comment,01:06:01.281,Unknown speaker,official,73,26.02500000000009,other_cities,Data centers in other cities,0,False,0.0
h1_2025_12_03,h1_2025_12_03_t00122,comment,01:06:27.727,Unknown speaker,public,103,35.846000000000004,other_cities,Data centers in other cities,0,False,0.004228488857049246
h1_2025_12_03,h1_2025_12_03_t00123,comment,01:07:03.713,Unknown speaker,official,18,5.3419999999996435,other_cities,Data centers in other cities,0,False,0.0
h1_2025_12_03,h1_2025_12_03_t00124,comment,01:07:12.476,Unknown speaker,official,314,103.20800000000008,other_cities,Data centers in other cities,0,False,0.0
h1_2025_12_03,h1_2025_12_03_t00125,comment,01:08:57.705,Unknown speaker,official,18,4.8419999999996435,other_cities,Data centers in other cities,0,False,0.0
h1_2025_12_03,h1_2025_12_03_t00128,comment,01:09:05.608,Unknown speaker,official,21,8.804000000000087,other_cities,Data centers in other cities,0,False,0.0
h1_2025_12_03,h1_2025_12_03_t00131,comment,01:09:21.783,Unknown speaker,official,19,5.0239999999994325,other_cities,Data centers in other cities,0,False,0.0
h1_2025_12_03,h1_2025_12_03_t00132,comment,01:09:27.608,Unknown speaker,official,49,15.992999999999483,other_cities,Data centers in other cities,0,False,0.0
h1_2025_12_03,h1_2025_12_03_t00135,comment,01:09:50.018,Unknown speaker,official,60,17.54399999999987,other_cities,Data centers in other cities,0,False,0.0
h1_2025_12_03,h1_2025_12_03_t00136,comment,01:10:07.742,Unknown speaker,developer,70,22.425999999999476,other_cities,Data centers in other cities,0,False,0.0
h1_2025_12_03,h1_2025_12_03_t00139,comment,01:10:40.610,Unknown speaker,official,31,14.639000000000124,other_cities,Data centers in other cities,0,False,0.00756249881448742
h1_2025_12_03,h1_2025_12_03_t00140,comment,01:10:58.312,Unknown speaker,official,22,11.488000000000284,other_cities,Data centers in other cities,0,False,0.0
h1_2025_12_03,h1_2025_12_03_t00141,comment,01:11:12.082,Unknown speaker,official,408,164.66799999999967,other_cities,Data centers in other cities,0,False,0.0
h1_2025_12_03,h1_2025_12_03_t00142,comment,01:14:02.713,Unknown speaker,official,364,118.8710000000001,other_cities,Data centers in other cities,0,False,0.0
h1_2025_12_03,h1_2025_12_03_t00144,comment,01:16:02.985,Unknown speaker,official,26,10.677999999999884,other_cities,Data centers in other cities,0,False,0.0
h1_2025_12_03,h1_2025_12_03_t00146,comment,01:16:16.785,Unknown speaker,official,31,8.404999999999745,other_cities,Data centers in other cities,0,False,0.0
h1_2025_12_03,h1_2025_12_03_t00148,comment,01:17:15.471,Unknown speaker,official,49,13.82800000000043,other_cities,Data centers in other cities,0,False,0.0
h1_2025_12_03,h1_2025_12_03_t00152,comment,01:18:40.363,Unknown speaker,public,99,29.721999999999753,other_cities,Data centers in other cities,0,False,0.004641620238999097
h1_2025_12_03,h1_2025_12_03_t00153,comment,01:19:18.370,Unknown speaker,public,46,12.306999999999789,other_cities,Data centers in other cities,0,False,0.0
h1_2025_12_03,h1_2025_12_03_t00154,comment,01:19:41.797,Unknown speaker,public,306,110.47900000000027,other_cities,Data centers in other cities,0,False,0.008179683956596642
h1_2025_12_03,h1_2025_12_03_t00155,comment,01:21:37.955,Unknown speaker,public,196,75.75,other_cities,Data centers in other cities,0,False,0.0
h1_2025_12_03,h1_2025_12_03_t00156,comment,01:23:01.011,Unknown speaker,public,558,212.52199999999993,other_cities,Data centers in other cities,2,True,0.005150679381914154
h1_2025_12_03,h1_2025_12_03_t00157,comment,01:26:42.316,Unknown speaker,public,81,29.93199999999979,other_cities,Data centers in other cities,0,False,0.0042272905018223795
h1_2025_12_03,h1_2025_12_03_t00158,comment,01:27:16.117,Unknown speaker,public,87,35.15700000000015,other_cities,Data centers in other cities,1,True,0.01693915699411809
h1_2025_12_03,h1_2025_12_03_t00159,comment,01:27:58.241,Unknown speaker,public,252,99.33700000000044,other_cities,Data centers in other cities,5,True,0.05432424826875111
h1_2025_12_03,h1_2025_12_03_t00160,comment,01:29:46.419,Unknown speaker,public,283,95.46399999999994,other_cities,Data centers in other cities,0,False,0.010508961648875067
h1_2025_12_03,h1_2025_12_03_t00161,comment,01:31:25.306,Unknown speaker,public,19,5.926000000000386,other_cities,Data centers in other cities,0,False,0.0
h1_2025_12_03,h1_2025_12_03_t00162,comment,01:31:38.543,Unknown speaker,public,37,13.631000000000313,other_cities,Data centers in other cities,0,False,0.0
h1_2025_12_03,h1_2025_12_03_t00163,comment,01:32:00.200,Unknown speaker,public,55,20.67200000000048,other_cities,Data centers in other cities,0,False,0.004705564933118952
h1_2025_12_03,h1_2025_12_03_t00165,comment,01:32:37.707,Unknown speaker,public,134,51.826999999999316,other_cities,Data centers in other cities,0,False,0.0
h1_2025_12_03,h1_2025_12_03_t00166,comment,01:33:34.077,Unknown speaker,public,153,74.8710000000001,other_cities,Data centers in other cities,0,False,0.005775886434540419
h1_2025_12_03,h1_2025_12_03_t00167,comment,01:34:53.908,Unknown speaker,public,261,103.8149999999996,other_cities,Data centers in other cities,0,False,0.004665277482930049
h1_2025_12_03,h1_2025_12_03_t00168,comment,01:36:41.504,Unknown speaker,public,487,232.0659999999998,other_cities,Data centers in other cities,1,True,0.007309459495041052
h1_2025_12_03,h1_2025_12_03_t00169,comment,01:40:38.152,Unknown speaker,public,98,51.19800000000032,other_cities,Data centers in other cities,0,False,0.0
h1_2025_12_03,h1_2025_12_03_t00170,comment,01:41:32.597,Unknown speaker,public,332,138.4930000000004,other_cities,Data centers in other cities,2,True,0.008897842796536524
h1_2025_12_03,h1_2025_12_03_t00172,comment,01:43:54.812,Unknown speaker,public,161,61.850000000000364,other_cities,Data centers in other cities,1,True,0.042142903157383234
h1_2025_12_03,h1_2025_12_03_t00173,comment,01:45:00.618,Unknown speaker,public,187,71.53699999999935,other_cities,Data centers in other cities,0,False,0.0025316898947380997
h1_2025_12_03,h1_2025_12_03_t00174,comment,01:46:24.416,Unknown speaker,public,343,111.5590000000002,other_cities,Data centers in other cities,1,True,0.013280544570876818
h1_2025_12_03,h1_2025_12_03_t00175,comment,01:48:24.482,Unknown speaker,official,109,49.39300000000003,other_cities,Data centers in other cities,0,False,0.00787977999810928
h1_2025_12_03,h1_2025_12_03_t00176,comment,01:49:20.628,Unknown speaker,official,201,80.82600000000002,other_cities,Data centers in other cities,0,False,0.0
h1_2025_12_03,h1_2025_12_03_t00177,comment,01:50:41.654,Unknown speaker,official,27,10.695999999999913,other_cities,Data centers in other cities,0,False,0.0
h1_2025_12_03,h1_2025_12_03_t00185,comment,01:52:36.715,Unknown speaker,official,25,11.590000000000146,other_cities,Data centers in other cities,0,False,0.0
h1_2025_12_03,h1_2025_12_03_t00190,comment,01:53:01.555,Unknown speaker,official,74,28.305999999999585,other_cities,Data centers in other cities,0,False,0.005164088982468373
h1_2025_12_03,h1_2025_12_03_t00191,comment,01:53:30.622,Unknown speaker,public,106,29.59099999999944,other_cities,Data centers in other cities,0,False,0.0
h1_2025_12_03,h1_2025_12_03_t00192,comment,01:54:00.592,Unknown speaker,official,162,61.44000000000051,other_cities,Data centers in other cities,0,False,0.0
h1_2025_12_03,h1_2025_12_03_t00193,comment,01:55:03.472,Unknown speaker,public,41,19.54399999999987,other_cities,Data centers in other cities,0,False,0.0
h1_2025_12_03,h1_2025_12_03_t00194,comment,01:55:29.248,Unknown speaker,public,88,27.347999999999956,other_cities,Data centers in other cities,1,True,0.01726342424760496
h1_2025_12_03,h1_2025_12_03_t00195,comment,01:55:59.386,Unknown speaker,public,69,21.14799999999923,other_cities,Data centers in other cities,0,False,0.02439463055311526
h1_2025_12_03,h1_2025_12_03_t00198,comment,01:56:34.759,Unknown speaker,official,57,19.01000000000022,other_cities,Data centers in other cities,1,True,0.008421040712760093
h1_2025_12_03,h1_2025_12_03_t00200,comment,01:56:56.668,Unknown speaker,public,116,45.98000000000047,other_cities,Data centers in other cities,0,False,0.0
h1_2025_12_03,h1_2025_12_03_t00202,comment,01:57:47.329,Unknown speaker,official,19,6.082000000000335,other_cities,Data centers in other cities,0,False,0.0
h1_2025_12_03,h1_2025_12_03_t00203,comment,01:57:56.748,Unknown speaker,official,18,4.863000000000284,other_cities,Data centers in other cities,0,False,0.0
h1_2025_12_03,h1_2025_12_03_t00205,comment,01:58:05.254,Unknown speaker,official,22,10.886999999999716,other_cities,Data centers in other cities,0,False,0.0
h1_2025_12_03,h1_2025_12_03_t00206,comment,01:58:18.202,Unknown speaker,public,22,10.20299999999952,other_cities,Data centers in other cities,0,False,0.0
h1_2025_12_03,h1_2025_12_03_t00210,comment,01:58:42.514,Unknown speaker,public,47,14.963999999999942,other_cities,Data centers in other cities,1,True,0.02849740548216032
h1_2025_12_03,h1_2025_12_03_t00211,comment,01:58:58.418,Unknown speaker,official,27,9.846000000000458,other_cities,Data centers in other cities,0,False,0.0
h1_2025_12_03,h1_2025_12_03_t00212,comment,01:59:09.284,Unknown speaker,public,21,6.444000000000415,other_cities,Data centers in other cities,0,False,0.0
h1_2025_12_03,h1_2025_12_03_t00214,comment,01:59:21.152,Unknown speaker,public,41,18.853000000000065,other_cities,Data centers in other cities,0,False,0.0
h1_2025_12_03,h1_2025_12_03_t00216,comment,01:59:42.847,Unknown speaker,official,28,14.083000000000538,other_cities,Data centers in other cities,0,False,0.0
h1_2025_12_03,h1_2025_12_03_t00220,comment,02:00:09.900,Unknown speaker,official,252,87.60400000000027,other_cities,Data centers in other cities,0,False,0.0
h1_2025_12_03,h1_2025_12_03_t00223,comment,02:01:41.682,Unknown speaker,public,18,5.525000000000546,other_cities,Data centers in other cities,0,False,0.0
h1_2025_12_03,h1_2025_12_03_t00227,comment,02:01:59.276,Unknown speaker,official,22,3.7830000000003565,other_cities,Data centers in other cities,0,False,0.0
h1_2025_12_03,h1_2025_12_03_t00228,comment,02:02:03.119,Unknown speaker,public,152,53.35400000000027,other_cities,Data centers in other cities,0,False,0.0033225013759116675
h1_2025_12_03,h1_2025_12_03_t00230,comment,02:02:58.213,Unknown speaker,public,43,14.076000000000022,other_cities,Data centers in other cities,0,False,0.0
h1_2025_12_03,h1_2025_12_03_t00231,comment,02:03:12.309,Unknown speaker,official,32,7.645999999999731,other_cities,Data centers in other cities,0,False,0.0
h1_2025_12_03,h1_2025_12_03_t00232,comment,02:03:20.295,Unknown speaker,public,61,18.960000000000036,other_cities,Data centers in other cities,0,False,0.0
h1_2025_12_03,h1_2025_12_03_t00233,comment,02:03:39.275,Unknown speaker,official,66,25.10699999999997,other_cities,Data centers in other cities,0,False,0.0
h1_2025_12_03,h1_2025_12_03_t00235,comment,02:04:12.726,Unknown speaker,official,19,6.983000000000175,other_cities,Data centers in other cities,0,False,0.0
h1_2025_12_03,h1_2025_12_03_t00238,comment,02:04:28.213,Unknown speaker,official,32,22.105000000000473,other_cities,Data centers in other cities,0,False,0.007569244356056678
h1_2025_12_03,h1_2025_12_03_t00239,comment,02:04:56.046,Unknown speaker,official,21,6.184999999999491,other_cities,Data centers in other cities,0,False,0.0
h1_2025_12_03,h1_2025_12_03_t00244,comment,02:05:15.741,Unknown speaker,official,28,14.041000000000167,other_cities,Data centers in other cities,0,False,0.0
h1_2025_12_03,h1_2025_12_03_t00246,comment,02:05:48.647,Unknown speaker,official,417,124.26699999999983,other_cities,Data centers in other cities,0,False,0.0022895940953083535
h1_2025_12_03,h1_2025_12_03_t00247,comment,02:07:54.235,Unknown speaker,public,22,6.927000000000589,other_cities,Data centers in other cities,0,False,0.0
h1_2025_12_03,h1_2025_12_03_t00248,comment,02:08:01.957,Unknown speaker,official,353,100.3149999999996,other_cities,Data centers in other cities,0,False,0.0040229395758933995
h1_2025_12_03,h1_2025_12_03_t00251,comment,02:09:53.807,Unknown speaker,official,20,7.655000000000655,other_cities,Data centers in other cities,0,False,0.0
h1_2025_12_03,h1_2025_12_03_t00252,comment,02:10:01.502,Unknown speaker,public,361,113.3189999999995,other_cities,Data centers in other cities,1,True,0.011593102257779762
h1_2025_12_03,h1_2025_12_03_t00255,comment,02:11:57.903,Unknown speaker,official,24,6.824999999999818,other_cities,Data centers in other cities,0,False,0.011190212987255253
h1_2025_12_03,h1_2025_12_03_t00261,comment,02:12:18.265,Unknown speaker,public,270,79.59299999999985,other_cities,Data centers in other cities,0,False,0.0
h1_2025_12_03,h1_2025_12_03_t00263,comment,02:13:42.609,Unknown speaker,official,237,84.20599999999922,other_cities,Data centers in other cities,1,True,0.010826613064372369
h1_2025_12_03,h1_2025_12_03_t00264,comment,02:15:07.555,Unknown speaker,public,51,23.456999999999425,other_cities,Data centers in other cities,0,False,0.0
h1_2025_12_03,h1_2025_12_03_t00265,comment,02:15:31.452,Unknown speaker,public,194,66.26600000000053,other_cities,Data centers in other cities,0,False,0.0
h1_2025_12_03,h1_2025_12_03_t00266,comment,02:16:38.759,Unknown speaker,official,37,12.647999999999229,other_cities,Data centers in other cities,0,False,0.0
h1_2025_12_03,h1_2025_12_03_t00268,comment,02:16:53.488,Unknown speaker,official,57,20.8020000000015,other_cities,Data centers in other cities,0,False,0.0
h1_2025_12_03,h1_2025_12_03_t00269,comment,02:17:17.372,Unknown speaker,official,55,18.153000000000247,other_cities,Data centers in other cities,0,False,0.0
h1_2025_12_03,h1_2025_12_03_t00270,comment,02:17:37.322,Unknown speaker,public,127,36.80400000000009,other_cities,Data centers in other cities,0,False,0.0
h1_2025_12_03,h1_2025_12_03_t00273,comment,02:18:17.849,Unknown speaker,official,29,8.0049999999992,other_cities,Data centers in other cities,0,False,0.0
h1_2025_12_03,h1_2025_12_03_t00275,comment,02:18:26.891,Unknown speaker,official,142,47.452000000001135,other_cities,Data centers in other cities,0,False,0.007297613682476222
h1_2025_12_03,h1_2025_12_03_t00277,comment,02:19:21.536,Unknown speaker,staff,141,53.64400000000023,other_cities,Data centers in other cities,0,False,0.009161000778622728
h1_2025_12_03,h1_2025_12_03_t00278,comment,02:20:18.741,Unknown speaker,staff,112,47.638999999999214,other_cities,Data centers in other cities,0,False,0.0
h1_2025_12_03,h1_2025_12_03_t00281,comment,02:21:09.237,Unknown speaker,staff,22,7.483000000000175,other_cities,Data centers in other cities,0,False,0.0
h1_2025_12_03,h1_2025_12_03_t00282,comment,02:21:19.861,Unknown speaker,staff,20,5.34099999999853,other_cities,Data centers in other cities,0,False,0.0
h1_2025_12_03,h1_2025_12_03_t00283,comment,02:21:34.898,Unknown speaker,staff,117,51.699000000000524,other_cities,Data centers in other cities,0,False,0.0
h1_2025_12_03,h1_2025_12_03_t00284,comment,02:22:34.085,Unknown speaker,staff,241,115.44000000000051,other_cities,Data centers in other cities,0,False,0.006461644672268536
h1_2025_12_03,h1_2025_12_03_t00286,comment,02:24:40.305,Unknown speaker,official,33,9.066999999999098,other_cities,Data centers in other cities,0,False,0.0
h1_2025_12_03,h1_2025_12_03_t00287,comment,02:24:52.095,Unknown speaker,staff,471,210.58300000000054,other_cities,Data centers in other cities,1,True,0.01773987367238778
h1_2025_12_03,h1_2025_12_03_t00288,comment,02:28:25.720,Unknown speaker,staff,124,47.85200000000077,other_cities,Data centers in other cities,0,False,0.0059544715701825
h1_2025_12_03,h1_2025_12_03_t00289,comment,02:29:16.689,Unknown speaker,staff,25,12.265999999999622,other_cities,Data centers in other cities,0,False,0.0
h1_2025_12_03,h1_2025_12_03_t00297,comment,02:30:12.103,Unknown speaker,consultant,32,15.031000000000859,other_cities,Data centers in other cities,0,False,0.008842430882772815
h1_2025_12_03,h1_2025_12_03_t00298,comment,02:30:30.295,Unknown speaker,consultant,598,218.59900000000016,other_cities,Data centers in other cities,0,False,0.0
h1_2025_12_03,h1_2025_12_03_t00300,comment,02:34:12.775,Unknown speaker,consultant,607,210.19900000000052,other_cities,Data centers in other cities,1,True,0.004658460924025105
h1_2025_12_03,h1_2025_12_03_t00301,comment,02:37:47.512,Unknown speaker,consultant,775,290.66399999999885,other_cities,Data centers in other cities,0,False,0.0
h1_2025_12_03,h1_2025_12_03_t00303,comment,02:42:39.237,Unknown speaker,consultant,380,126.00300000000061,other_cities,Data centers in other cities,0,False,0.0036477159426040484
h1_2025_12_03,h1_2025_12_03_t00305,comment,02:44:46.400,Unknown speaker,consultant,532,183.47400000000016,other_cities,Data centers in other cities,0,False,0.0
h1_2025_12_03,h1_2025_12_03_t00306,comment,02:47:49.914,Unknown speaker,official,81,28.02599999999984,other_cities,Data centers in other cities,0,False,0.008891979891324764
h1_2025_12_03,h1_2025_12_03_t00307,comment,02:48:18.709,Unknown speaker,unknown,114,28.9479999999985,other_cities,Data centers in other cities,0,False,0.004217226138667817
h1_2025_12_03,h1_2025_12_03_t00308,comment,02:48:48.247,Unknown speaker,official,108,41.73999999999978,other_cities,Data centers in other cities,0,False,0.00510118469386897
h1_2025_12_03,h1_2025_12_03_t00309,comment,02:49:33.028,Unknown speaker,official,20,9.16399999999885,other_cities,Data centers in other cities,0,False,0.009337795546406518
h1_2025_12_03,h1_2025_12_03_t00311,comment,02:49:46.417,Unknown speaker,official,78,39.70800000000054,other_cities,Data centers in other cities,0,False,0.0
h1_2025_12_03,h1_2025_12_03_t00313,comment,02:50:27.825,Unknown speaker,official,30,14.167999999999665,other_cities,Data centers in other cities,0,False,0.0
h1_2025_12_03,h1_2025_12_03_t00314,comment,02:50:44.580,Unknown speaker,staff,212,98.42900000000009,other_cities,Data centers in other cities,0,False,0.009321856739676613
h1_2025_12_03,h1_2025_12_03_t00315,comment,02:52:23.249,Unknown speaker,official,77,31.99699999999939,other_cities,Data centers in other cities,0,False,0.0
h1_2025_12_03,h1_2025_12_03_t00318,comment,02:53:04.913,Unknown speaker,staff,66,27.462999999999738,other_cities,Data centers in other cities,1,True,0.02517947380793342
h1_2025_12_03,h1_2025_12_03_t00321,comment,02:53:45.206,Unknown speaker,staff,91,36.55799999999908,other_cities,Data centers in other cities,0,False,0.0
h1_2025_12_03,h1_2025_12_03_t00326,comment,02:54:35.691,Unknown speaker,official,28,6.222999999999956,other_cities,Data centers in other cities,0,False,0.0
h1_2025_12_03,h1_2025_12_03_t00327,comment,02:54:42.414,Unknown speaker,official,26,12.417999999999665,other_cities,Data centers in other cities,0,False,0.00800105210701369
h1_2025_12_03,h1_2025_12_03_t00330,comment,02:55:06.161,Unknown speaker,official,105,33.48899999999958,other_cities,Data centers in other cities,0,False,0.004726380627049177
h1_2025_12_03,h1_2025_12_03_t00331,comment,02:55:39.670,Unknown speaker,staff,26,11.962999999999738,other_cities,Data centers in other cities,0,False,0.0
h1_2025_12_03,h1_2025_12_03_t00334,comment,02:56:04.983,Unknown speaker,official,139,54.615999999999985,other_cities,Data centers in other cities,0,False,0.006402853578350731
h1_2025_12_03,h1_2025_12_03_t00335,comment,02:56:59.759,Unknown speaker,consultant,20,4.743000000000393,other_cities,Data centers in other cities,0,False,0.0
h1_2025_12_03,h1_2025_12_03_t00338,comment,02:57:13.788,Unknown speaker,official,20,5.502999999998792,other_cities,Data centers in other cities,0,False,0.0
h1_2025_12_03,h1_2025_12_03_t00339,comment,02:57:19.731,Unknown speaker,consultant,18,8.585000000000946,other_cities,Data centers in other cities,0,False,0.0
h1_2025_12_03,h1_2025_12_03_t00341,comment,02:57:35.020,Unknown speaker,consultant,337,131.6279999999988,other_cities,Data centers in other cities,0,False,0.00985140071740137
h1_2025_12_03,h1_2025_12_03_t00342,comment,02:59:46.668,Unknown speaker,official,56,22.02100000000064,other_cities,Data centers in other cities,0,False,0.0
h1_2025_12_03,h1_2025_12_03_t00343,comment,03:00:09.710,Unknown speaker,consultant,122,39.27000000000044,other_cities,Data centers in other cities,0,False,0.0
h1_2025_12_03,h1_2025_12_03_t00344,comment,03:00:49.000,Unknown speaker,official,57,17.222999999999956,other_cities,Data centers in other cities,0,False,0.0
h1_2025_12_03,h1_2025_12_03_t00345,comment,03:01:07.363,Unknown speaker,consultant,71,21.394000000000233,other_cities,Data centers in other cities,0,False,0.0
h1_2025_12_03,h1_2025_12_03_t00348,comment,03:01:43.332,Unknown speaker,official,74,35.02000000000044,other_cities,Data centers in other cities,0,False,0.0
h1_2025_12_03,h1_2025_12_03_t00349,comment,03:02:19.298,Unknown speaker,staff,193,64.02899999999863,other_cities,Data centers in other cities,0,False,0.0034712933482472655
h1_2025_12_03,h1_2025_12_03_t00350,comment,03:03:23.647,Unknown speaker,official,27,14.766999999999825,other_cities,Data centers in other cities,0,False,0.0
h1_2025_12_03,h1_2025_12_03_t00351,comment,03:03:39.434,Unknown speaker,staff,62,18.585000000000946,other_cities,Data centers in other cities,0,False,0.0
h1_2025_12_03,h1_2025_12_03_t00352,comment,03:03:58.399,Unknown speaker,official,22,6.023000000001048,other_cities,Data centers in other cities,0,False,0.0
h1_2025_12_03,h1_2025_12_03_t00359,comment,03:04:22.820,Unknown speaker,official,53,23.971999999999753,other_cities,Data centers in other cities,0,False,0.0
h1_2025_12_03,h1_2025_12_03_t00361,comment,03:04:51.313,Unknown speaker,official,64,24.913000000000466,other_cities,Data centers in other cities,0,False,0.0
h1_2025_12_03,h1_2025_12_03_t00362,comment,03:05:16.466,Unknown speaker,consultant,60,20.41899999999987,other_cities,Data centers in other cities,0,False,0.0
h1_2025_12_03,h1_2025_12_03_t00366,comment,03:05:45.281,Unknown speaker,consultant,26,9.02599999999984,other_cities,Data centers in other cities,0,False,0.0
h1_2025_12_03,h1_2025_12_03_t00367,comment,03:05:54.707,Unknown speaker,official,140,58.11800000000039,other_cities,Data centers in other cities,0,False,0.0
h1_2025_12_03,h1_2025_12_03_t00368,comment,03:06:53.445,Unknown speaker,consultant,410,153.02900000000045,other_cities,Data centers in other cities,1,True,0.007197040234663651
h1_2025_12_03,h1_2025_12_03_t00369,comment,03:09:26.594,Unknown speaker,official,59,17.10699999999997,other_cities,Data centers in other cities,0,False,0.0
h1_2025_12_03,h1_2025_12_03_t00372,comment,03:10:28.331,Unknown speaker,official,50,13.825000000000728,other_cities,Data centers in other cities,0,False,0.015358234838623112
h1_2025_12_03,h1_2025_12_03_t00373,comment,03:10:47.359,Unknown speaker,official,22,6.403000000000247,other_cities,Data centers in other cities,0,False,0.0
h1_2025_12_03,h1_2025_12_03_t00375,comment,03:11:46.983,Unknown speaker,official,18,9.604999999999563,other_cities,Data centers in other cities,0,False,0.0
h1_2025_12_03,h1_2025_12_03_t00378,comment,03:12:00.191,Unknown speaker,unknown,513,193.80099999999948,other_cities,Data centers in other cities,2,True,0.03365191600469457
h1_2025_12_03,h1_2025_12_03_t00383,comment,03:16:06.004,Unknown speaker,public,185,65.33699999999953,other_cities,Data centers in other cities,0,False,0.007677166953308053
h1_2025_12_03,h1_2025_12_03_t00386,comment,03:17:31.262,Unknown speaker,public,389,127.04399999999987,other_cities,Data centers in other cities,0,False,0.00781996391959969
h1_2025_12_03,h1_2025_12_03_t00392,comment,03:20:49.879,Unknown speaker,official,101,46.93499999999949,other_cities,Data centers in other cities,0,False,0.0
h1_2025_12_03,h1_2025_12_03_t00393,comment,03:21:37.214,Unknown speaker,developer,51,20.046000000000276,other_cities,Data centers in other cities,0,False,0.0
h1_2025_12_03,h1_2025_12_03_t00394,comment,03:21:57.280,Unknown speaker,official,60,30.307999999999083,other_cities,Data centers in other cities,0,False,0.0
h1_2025_12_03,h1_2025_12_03_t00395,comment,03:22:27.868,Unknown speaker,developer,70,24.066999999999098,other_cities,Data centers in other cities,0,False,0.0
h1_2025_12_03,h1_2025_12_03_t00397,comment,03:22:53.277,Unknown speaker,developer,19,4.962999999999738,other_cities,Data centers in other cities,0,False,0.0
h1_2025_12_03,h1_2025_12_03_t00398,comment,03:22:58.261,Unknown speaker,official,183,56.23400000000038,other_cities,Data centers in other cities,0,False,0.0
h1_2025_12_03,h1_2025_12_03_t00399,comment,03:23:55.744,Unknown speaker,developer,100,27.995999999999185,other_cities,Data centers in other cities,0,False,0.0
h1_2025_12_03,h1_2025_12_03_t00400,comment,03:24:24.260,Unknown speaker,official,54,20.050999999999476,other_cities,Data centers in other cities,0,False,0.0
h1_2025_12_03,h1_2025_12_03_t00404,comment,03:25:06.229,Unknown speaker,official,147,53.71600000000035,other_cities,Data centers in other cities,0,False,0.006746619755959447
h1_2025_12_03,h1_2025_12_03_t00406,comment,03:26:11.069,Unknown speaker,official,121,43.65099999999984,other_cities,Data centers in other cities,0,False,0.0
h1_2025_12_03,h1_2025_12_03_t00408,comment,03:26:59.193,Unknown speaker,official,40,12.268000000000029,other_cities,Data centers in other cities,0,False,0.0
h1_2025_12_03,h1_2025_12_03_t00410,comment,03:27:21.227,Unknown speaker,official,46,17.282999999999447,other_cities,Data centers in other cities,0,False,0.0
h1_2025_12_03,h1_2025_12_03_t00412,comment,03:27:41.072,Unknown speaker,official,81,39.215000000000146,other_cities,Data centers in other cities,0,False,0.0
h1_2025_12_03,h1_2025_12_03_t00413,comment,03:28:22.826,Unknown speaker,developer,34,14.911000000000058,other_cities,Data centers in other cities,0,False,0.0
h1_2025_12_03,h1_2025_12_03_t00414,comment,03:28:37.757,Unknown speaker,developer,125,54.54500000000007,other_cities,Data centers in other cities,0,False,0.0
h1_2025_12_03,h1_2025_12_03_t00415,comment,03:29:32.785,Unknown speaker,official,30,13.668999999999869,other_cities,Data centers in other cities,0,False,0.0
h1_2025_12_03,h1_2025_12_03_t00416,comment,03:29:46.474,Unknown speaker,developer,50,19.674999999999272,other_cities,Data centers in other cities,0,False,0.0
h1_2025_12_03,h1_2025_12_03_t00418,comment,03:30:12.153,Unknown speaker,developer,48,17.064000000000306,other_cities,Data centers in other cities,0,False,0.0
h1_2025_12_03,h1_2025_12_03_t00419,comment,03:30:29.237,Unknown speaker,official,27,8.782000000001062,other_cities,Data centers in other cities,0,False,0.0
h1_2025_12_03,h1_2025_12_03_t00420,comment,03:30:40.060,Unknown speaker,developer,30,9.125,other_cities,Data centers in other cities,0,False,0.0
h1_2025_12_03,h1_2025_12_03_t00421,comment,03:30:49.905,Unknown speaker,official,109,43.862999999999374,other_cities,Data centers in other cities,0,False,0.0
h1_2025_12_03,h1_2025_12_03_t00422,comment,03:31:42.322,Unknown speaker,public,294,107.9989999999998,other_cities,Data centers in other cities,1,True,0.004340606831769625
h1_2025_12_03,h1_2025_12_03_t00425,comment,03:33:42.785,Unknown speaker,official,54,17.82600000000093,other_cities,Data centers in other cities,1,True,0.009434800403043663
h1_2025_12_03,h1_2025_12_03_t00426,comment,03:34:00.651,Unknown speaker,developer,23,7.143000000000029,other_cities,Data centers in other cities,0,False,0.0
h1_2025_12_03,h1_2025_12_03_t00431,comment,03:34:34.392,Unknown speaker,public,627,186.8099999999995,other_cities,Data centers in other cities,2,True,0.011467661037750808
h1_2025_12_03,h1_2025_12_03_t00435,comment,03:38:10.771,Unknown speaker,public,438,162.40200000000004,other_cities,Data centers in other cities,2,True,0.015343103640298346
h1_2025_12_03,h1_2025_12_03_t00438,comment,03:41:08.792,Unknown speaker,official,34,15.713999999999942,other_cities,Data centers in other cities,1,True,0.025068218129950456
h1_2025_12_03,h1_2025_12_03_t00439,comment,03:41:28.451,Unknown speaker,developer,44,17.355000000001382,other_cities,Data centers in other cities,0,False,0.0
h1_2025_12_03,h1_2025_12_03_t00440,comment,03:41:47.047,Unknown speaker,official,25,9.028000000000247,other_cities,Data centers in other cities,0,False,0.0
h1_2025_12_03,h1_2025_12_03_t00442,comment,03:42:05.138,Unknown speaker,official,40,17.531999999999243,other_cities,Data centers in other cities,0,False,0.0
h1_2025_12_03,h1_2025_12_03_t00443,comment,03:42:24.871,Unknown speaker,developer,57,21.822000000000116,other_cities,Data centers in other cities,0,False,0.0
h1_2025_12_03,h1_2025_12_03_t00444,comment,03:42:52.558,Unknown speaker,official,81,29.738999999999578,other_cities,Data centers in other cities,0,False,0.0
h1_2025_12_03,h1_2025_12_03_t00445,comment,03:43:23.057,Unknown speaker,official,25,12.682999999999083,other_cities,Data centers in other cities,0,False,0.0
h1_2025_12_03,h1_2025_12_03_t00449,comment,03:43:44.222,Unknown speaker,official,20,7.541000000001077,other_cities,Data centers in other cities,0,False,0.0
h1_2025_12_03,h1_2025_12_03_t00453,comment,03:44:05.656,Unknown speaker,public,595,188.4399999999987,other_cities,Data centers in other cities,3,True,0.006430435466233361
h1_2025_12_03,h1_2025_12_03_t00457,comment,03:47:25.241,Unknown speaker,official,24,7.543999999999869,other_cities,Data centers in other cities,0,False,0.0
h1_2025_12_03,h1_2025_12_03_t00459,comment,03:48:00.917,Unknown speaker,public,480,154.53100000000086,other_cities,Data centers in other cities,2,True,0.018840564030301734
h1_2025_12_03,h1_2025_12_03_t00461,comment,03:50:48.656,Unknown speaker,official,32,30.894999999998618,other_cities,Data centers in other cities,0,False,0.0
h1_2025_12_03,h1_2025_12_03_t00462,comment,03:51:25.678,Unknown speaker,public,78,25.391999999999825,other_cities,Data centers in other cities,0,False,0.005167491149353902
h1_2025_12_03,h1_2025_12_03_t00464,comment,03:51:55.905,Unknown speaker,public,391,122.66399999999885,other_cities,Data centers in other cities,0,False,0.01166837163753145
h1_2025_12_03,h1_2025_12_03_t00468,comment,03:54:18.801,Unknown speaker,official,73,30.632000000001426,other_cities,Data centers in other cities,0,False,0.0
h1_2025_12_03,h1_2025_12_03_t00469,comment,03:54:52.615,Unknown speaker,official,216,92.44000000000051,other_cities,Data centers in other cities,0,False,0.007444487135907264
h1_2025_12_03,h1_2025_12_03_t00470,comment,03:56:25.875,Unknown speaker,developer,111,35.2549999999992,other_cities,Data centers in other cities,0,False,0.0
h1_2025_12_03,h1_2025_12_03_t00471,comment,03:57:01.565,Unknown speaker,official,109,40.052999999999884,other_cities,Data centers in other cities,0,False,0.017480968904585434
h1_2025_12_03,h1_2025_12_03_t00472,comment,03:57:41.958,Unknown speaker,developer,391,115.35399999999936,other_cities,Data centers in other cities,0,False,0.00742595135175483
h1_2025_12_03,h1_2025_12_03_t00473,comment,03:59:37.832,Unknown speaker,official,44,17.93499999999949,other_cities,Data centers in other cities,0,False,0.0
h1_2025_12_03,h1_2025_12_03_t00474,comment,03:59:56.528,Unknown speaker,developer,170,57.065999999998894,other_cities,Data centers in other cities,1,True,0.004376356759543149
h1_2025_12_03,h1_2025_12_03_t00475,comment,04:00:54.395,Unknown speaker,official,60,21.610999999998967,other_cities,Data centers in other cities,0,False,0.0
h1_2025_12_03,h1_2025_12_03_t00476,comment,04:01:19.133,Unknown speaker,official,77,30.550999999999476,other_cities,Data centers in other cities,0,False,0.004544951684385879
h1_2025_12_03,h1_2025_12_03_t00477,comment,04:01:50.344,Unknown speaker,official,22,10.743000000000393,other_cities,Data centers in other cities,0,False,0.0
h1_2025_12_03,h1_2025_12_03_t00479,comment,04:02:05.389,Unknown speaker,official,44,19.53900000000067,other_cities,Data centers in other cities,0,False,0.0
h1_2025_12_03,h1_2025_12_03_t00482,comment,04:02:39.710,Unknown speaker,public,453,125.11599999999999,other_cities,Data centers in other cities,0,False,0.002182474182520618
h1_2025_12_03,h1_2025_12_03_t00485,comment,04:05:17.484,Unknown speaker,public,26,16.549999999999272,other_cities,Data centers in other cities,0,False,0.0
h1_2025_12_03,h1_2025_12_03_t00486,comment,04:05:45.966,Unknown speaker,public,63,17.495999999999185,other_cities,Data centers in other cities,0,False,0.008299295399821724
h1_2025_12_03,h1_2025_12_03_t00488,comment,04:06:12.598,Unknown speaker,public,181,87.03900000000067,other_cities,Data centers in other cities,0,False,0.0
h1_2025_12_03,h1_2025_12_03_t00492,comment,04:08:08.178,Unknown speaker,official,114,45.42200000000048,other_cities,Data centers in other cities,3,True,0.012168259675982836
h1_2025_12_03,h1_2025_12_03_t00493,comment,04:08:53.997,Unknown speaker,developer,207,71.6200000000008,other_cities,Data centers in other cities,1,True,0.004119664265843491
h1_2025_12_03,h1_2025_12_03_t00498,comment,04:11:04.352,Unknown speaker,public,394,165.39699999999903,other_cities,Data centers in other cities,0,False,0.005755104648177557
h1_2025_12_03,h1_2025_12_03_t00503,comment,04:14:27.511,Unknown speaker,public,347,154.72899999999936,other_cities,Data centers in other cities,1,True,0.004800922312771592
h1_2025_12_03,h1_2025_12_03_t00504,comment,04:17:05.289,Unknown speaker,public,95,34.22599999999875,other_cities,Data centers in other cities,0,False,0.0
h1_2025_12_03,h1_2025_12_03_t00506,comment,04:17:41.796,Unknown speaker,public,21,9.324999999998909,other_cities,Data centers in other cities,0,False,0.0
h1_2025_12_03,h1_2025_12_03_t00512,comment,04:18:21.087,Unknown speaker,official,67,26.298000000000684,other_cities,Data centers in other cities,0,False,0.0
h1_2025_12_03,h1_2025_12_03_t00513,comment,04:18:49.786,Unknown speaker,consultant,127,50.04899999999907,other_cities,Data centers in other cities,0,False,0.0
h1_2025_12_03,h1_2025_12_03_t00517,comment,04:20:10.053,Unknown speaker,public,207,81.13400000000001,other_cities,Data centers in other cities,0,False,0.005624693033663137
h1_2025_12_03,h1_2025_12_03_t00518,comment,04:21:38.792,Unknown speaker,public,244,77.89600000000064,other_cities,Data centers in other cities,0,False,0.008864653926928432
h1_2025_12_03,h1_2025_12_03_t00519,comment,04:22:59.949,Unknown speaker,public,110,38.42699999999968,other_cities,Data centers in other cities,0,False,0.0
h1_2025_12_03,h1_2025_12_03_t00521,comment,04:23:41.077,Unknown speaker,public,336,103.55400000000009,other_cities,Data centers in other cities,0,False,0.0
h1_2025_12_03,h1_2025_12_03_t00522,comment,04:25:30.514,Unknown speaker,official,129,50.5580000000009,other_cities,Data centers in other cities,0,False,0.0
h1_2025_12_03,h1_2025_12_03_t00523,comment,04:26:23.031,Unknown speaker,official,64,25.540999999999258,other_cities,Data centers in other cities,0,False,0.0
h1_2025_12_03,h1_2025_12_03_t00524,comment,04:26:50.842,Unknown speaker,developer,49,14.506999999999607,other_cities,Data centers in other cities,0,False,0.0
h1_2025_12_03,h1_2025_12_03_t00525,comment,04:27:08.710,Unknown speaker,developer,59,24.106000000001586,other_cities,Data centers in other cities,0,False,0.0
h1_2025_12_03,h1_2025_12_03_t00528,comment,04:27:43.189,Unknown speaker,official,70,28.11199999999917,other_cities,Data centers in other cities,0,False,0.005002605777013536
h1_2025_12_03,h1_2025_12_03_t00529,comment,04:28:12.882,Unknown speaker,developer,100,35.486000000000786,other_cities,Data centers in other cities,0,False,0.0
h1_2025_12_03,h1_2025_12_03_t00530,comment,04:28:52.905,Unknown speaker,official,23,9.646999999999025,other_cities,Data centers in other cities,0,False,0.0
h1_2025_12_03,h1_2025_12_03_t00531,comment,04:29:06.515,Unknown speaker,official,52,11.708000000000538,other_cities,Data centers in other cities,0,False,0.0
h1_2025_12_03,h1_2025_12_03_t00532,comment,04:29:19.122,Unknown speaker,official,67,23.51300000000083,other_cities,Data centers in other cities,0,False,0.0076200742067486105
h1_2025_12_03,h1_2025_12_03_t00533,comment,04:29:55.933,Unknown speaker,official,96,23.789999999999054,other_cities,Data centers in other cities,0,False,0.005098814452939563
h1_2025_12_03,h1_2025_12_03_t00534,comment,04:30:19.983,Unknown speaker,official,64,18.88500000000022,other_cities,Data centers in other cities,0,False,0.01354223566824117
h1_2025_12_03,h1_2025_12_03_t00537,comment,04:30:43.454,Unknown speaker,public,74,21.754000000000815,other_cities,Data centers in other cities,0,False,0.005069781767916398
h1_2025_12_03,h1_2025_12_03_t00538,comment,04:31:08.452,Unknown speaker,public,516,162.8720000000012,other_cities,Data centers in other cities,0,False,0.0
h1_2025_12_03,h1_2025_12_03_t00539,comment,04:33:55.655,Unknown speaker,public,43,13.488000000001193,other_cities,Data centers in other cities,0,False,0.0
h1_2025_12_03,h1_2025_12_03_t00540,comment,04:34:09.443,Unknown speaker,official,59,18.114000000001397,other_cities,Data centers in other cities,0,False,0.0
h1_2025_12_03,h1_2025_12_03_t00545,comment,04:34:48.586,Unknown speaker,public,225,80.22400000000198,other_cities,Data centers in other cities,0,False,0.0
h1_2025_12_03,h1_2025_12_03_t00546,comment,04:36:08.830,Unknown speaker,official,29,10.568999999999505,other_cities,Data centers in other cities,0,False,0.0
h1_2025_12_03,h1_2025_12_03_t00547,comment,04:36:19.599,Unknown speaker,public,168,57.21700000000055,other_cities,Data centers in other cities,0,False,0.0
h1_2025_12_03,h1_2025_12_03_t00548,comment,04:37:17.497,Unknown speaker,official,18,4.843000000000757,other_cities,Data centers in other cities,0,False,0.0
h1_2025_12_03,h1_2025_12_03_t00550,comment,04:37:23.061,Unknown speaker,official,39,13.309999999997672,other_cities,Data centers in other cities,0,False,0.007745413119122092
h1_2025_12_03,h1_2025_12_03_t00551,comment,04:37:39.034,Unknown speaker,official,23,5.564000000002125,other_cities,Data centers in other cities,0,False,0.0
h1_2025_12_03,h1_2025_12_03_t00553,comment,04:37:46.980,Unknown speaker,developer,201,67.63200000000143,other_cities,Data centers in other cities,0,False,0.0
h1_2025_12_03,h1_2025_12_03_t00554,comment,04:38:55.645,Unknown speaker,official,45,18.955999999998312,other_cities,Data centers in other cities,0,False,0.0
h1_2025_12_03,h1_2025_12_03_t00555,comment,04:39:14.781,Unknown speaker,developer,210,75.52700000000186,other_cities,Data centers in other cities,0,False,0.00249762504806933
h1_2025_12_03,h1_2025_12_03_t00557,comment,04:40:41.472,Unknown speaker,official,55,21.534999999999854,other_cities,Data centers in other cities,0,False,0.0
h1_2025_12_03,h1_2025_12_03_t00563,comment,04:41:14.780,Unknown speaker,official,20,5.3840000000018335,other_cities,Data centers in other cities,0,False,0.0
h1_2025_12_03,h1_2025_12_03_t00564,comment,04:41:23.827,Unknown speaker,official,21,7.024999999997817,other_cities,Data centers in other cities,0,False,0.0
h1_2025_12_03,h1_2025_12_03_t00566,comment,04:44:28.206,Unknown speaker,official,32,23.51800000000003,other_cities,Data centers in other cities,0,False,0.0
h1_2025_12_03,h1_2025_12_03_t00568,comment,04:45:01.564,Unknown speaker,public,415,132.34800000000178,other_cities,Data centers in other cities,0,False,0.003766468944420364
h2_2026_03_23,h2_2026_03_23_t00001,comment,00:00:00.945,Unknown speaker,public,67,19.407,other_cities,Data centers in other cities,0,False,0.010909942987579859
h2_2026_03_23,h2_2026_03_23_t00003,comment,00:00:29.619,Unknown speaker,official,30,6.783000000000001,other_cities,Data centers in other cities,0,False,0.0
h2_2026_03_23,h2_2026_03_23_t00005,comment,00:00:37.823,Unknown speaker,official,40,17.109,other_cities,Data centers in other cities,0,False,0.0
h2_2026_03_23,h2_2026_03_23_t00008,comment,00:01:14.507,Unknown speaker,staff,34,21.808999999999997,other_cities,Data centers in other cities,0,False,0.0
h2_2026_03_23,h2_2026_03_23_t00016,comment,00:01:44.715,Unknown speaker,staff,20,17.230999999999995,other_cities,Data centers in other cities,0,False,0.0
h2_2026_03_23,h2_2026_03_23_t00025,comment,00:03:57.985,Unknown speaker,staff,22,13.044999999999987,other_cities,Data centers in other cities,0,False,0.0
h2_2026_03_23,h2_2026_03_23_t00038,comment,00:04:35.603,Unknown speaker,official,54,17.882000000000005,other_cities,Data centers in other cities,0,False,0.0
h2_2026_03_23,h2_2026_03_23_t00041,comment,00:05:05.654,Unknown speaker,official,257,80.565,other_cities,Data centers in other cities,0,False,0.0
h2_2026_03_23,h2_2026_03_23_t00043,comment,00:07:25.742,Unknown speaker,official,23,13.988,other_cities,Data centers in other cities,0,False,0.0
h2_2026_03_23,h2_2026_03_23_t00044,comment,00:07:53.333,Unknown speaker,official,65,22.984999999999957,other_cities,Data centers in other cities,0,False,0.0
h2_2026_03_23,h2_2026_03_23_t00045,comment,00:08:19.765,Unknown speaker,official,201,73.79700000000003,other_cities,Data centers in other cities,0,False,0.0
h2_2026_03_23,h2_2026_03_23_t00047,comment,00:11:30.417,Unknown speaker,official,187,65.553,other_cities,Data centers in other cities,0,False,0.0
h2_2026_03_23,h2_2026_03_23_t00076,comment,00:14:50.074,Unknown speaker,official,29,9.605999999999995,other_cities,Data centers in other cities,0,False,0.0
h2_2026_03_23,h2_2026_03_23_t00077,comment,00:15:07.426,Unknown speaker,developer,32,6.846000000000004,other_cities,Data centers in other cities,0,False,0.0
h2_2026_03_23,h2_2026_03_23_t00078,comment,00:15:21.198,Unknown speaker,developer,1388,451.5079999999999,other_cities,Data centers in other cities,3,True,0.01062269778783125
h2_2026_03_23,h2_2026_03_23_t00079,comment,00:23:06.831,Unknown speaker,developer,388,131.16600000000017,other_cities,Data centers in other cities,0,False,0.005477906829557505
h2_2026_03_23,h2_2026_03_23_t00082,comment,00:25:32.668,Unknown speaker,official,21,8.125,other_cities,Data centers in other cities,0,False,0.0
h2_2026_03_23,h2_2026_03_23_t00083,comment,00:25:43.034,Unknown speaker,public,679,317.49599999999987,other_cities,Data centers in other cities,0,False,0.010668710444569802
h2_2026_03_23,h2_2026_03_23_t00084,comment,00:31:13.089,Unknown speaker,official,43,17.923999999999978,other_cities,Data centers in other cities,0,False,0.0
h2_2026_03_23,h2_2026_03_23_t00085,comment,00:31:33.554,Unknown speaker,public,696,264.3489999999997,other_cities,Data centers in other cities,3,True,0.014794314198134883
h2_2026_03_23,h2_2026_03_23_t00086,comment,00:36:05.439,Unknown speaker,official,22,11.62900000000036,other_cities,Data centers in other cities,0,False,0.0
h2_2026_03_23,h2_2026_03_23_t00087,comment,00:36:17.128,Unknown speaker,consultant,544,196.06399999999985,other_cities,Data centers in other cities,0,False,0.006490414101717605
h2_2026_03_23,h2_2026_03_23_t00090,comment,00:39:52.808,Unknown speaker,developer,564,225.8470000000002,other_cities,Data centers in other cities,0,False,0.010293377012444946
h2_2026_03_23,h2_2026_03_23_t00091,comment,00:43:44.657,Unknown speaker,developer,18,4.40099999999984,other_cities,Data centers in other cities,0,False,0.0
h2_2026_03_23,h2_2026_03_23_t00092,comment,00:43:49.518,Unknown speaker,official,19,7.201999999999771,other_cities,Data centers in other cities,0,False,0.0
h2_2026_03_23,h2_2026_03_23_t00093,comment,00:44:08.182,Unknown speaker,public,204,90.89100000000008,other_cities,Data centers in other cities,0,False,0.007490138192892503
h2_2026_03_23,h2_2026_03_23_t00094,comment,00:45:42.797,Unknown speaker,public,251,105.60300000000007,other_cities,Data centers in other cities,1,True,0.006395547697020654
h2_2026_03_23,h2_2026_03_23_t00095,comment,00:47:31.903,Unknown speaker,public,261,112.9050000000002,other_cities,Data centers in other cities,3,True,0.009548465527860026
h2_2026_03_23,h2_2026_03_23_t00096,comment,00:49:39.329,Unknown speaker,public,19,12.385999999999967,other_cities,Data centers in other cities,0,False,0.0
h2_2026_03_23,h2_2026_03_23_t00098,comment,00:49:54.116,Unknown speaker,public,27,8.123999999999796,other_cities,Data centers in other cities,0,False,0.0
h2_2026_03_23,h2_2026_03_23_t00102,comment,00:50:22.043,Unknown speaker,public,42,17.20699999999988,other_cities,Data centers in other cities,0,False,0.0
h2_2026_03_23,h2_2026_03_23_t00103,comment,00:50:43.231,Unknown speaker,public,354,116.6859999999997,other_cities,Data centers in other cities,0,False,0.0
h2_2026_03_23,h2_2026_03_23_t00104,comment,00:52:44.451,Unknown speaker,public,72,30.286000000000058,other_cities,Data centers in other cities,0,False,0.0
h2_2026_03_23,h2_2026_03_23_t00106,comment,00:53:28.809,Unknown speaker,public,103,36.8149999999996,other_cities,Data centers in other cities,0,False,0.0
h2_2026_03_23,h2_2026_03_23_t00108,comment,00:54:51.299,Unknown speaker,developer,112,37.84400000000005,other_cities,Data centers in other cities,0,False,0.0
h2_2026_03_23,h2_2026_03_23_t00109,comment,00:55:36.913,Unknown speaker,public,531,203.13499999999976,other_cities,Data centers in other cities,1,True,0.012459692729034045
h2_2026_03_23,h2_2026_03_23_t00110,comment,00:59:09.083,Unknown speaker,official,20,9.324999999999818,other_cities,Data centers in other cities,0,False,0.0
h2_2026_03_23,h2_2026_03_23_t00112,comment,00:59:22.791,Unknown speaker,public,192,78.27700000000004,other_cities,Data centers in other cities,0,False,0.004504920738903148
h2_2026_03_23,h2_2026_03_23_t00113,comment,01:00:45.550,Unknown speaker,public,38,20.143999999999778,other_cities,Data centers in other cities,0,False,0.0
h2_2026_03_23,h2_2026_03_23_t00114,comment,01:01:07.516,Unknown speaker,official,29,10.88799999999992,other_cities,Data centers in other cities,0,False,0.0
h2_2026_03_23,h2_2026_03_23_t00115,comment,01:01:19.545,Unknown speaker,public,41,16.02500000000009,other_cities,Data centers in other cities,0,False,0.006959939606098441
h2_2026_03_23,h2_2026_03_23_t00116,comment,01:01:47.333,Unknown speaker,public,367,129.9670000000001,other_cities,Data centers in other cities,0,False,0.0037631308897218343
h2_2026_03_23,h2_2026_03_23_t00117,comment,01:04:05.896,Unknown speaker,developer,25,5.9669999999996435,other_cities,Data centers in other cities,0,False,0.0
h2_2026_03_23,h2_2026_03_23_t00119,comment,01:04:22.234,Unknown speaker,public,571,233.50199999999995,other_cities,Data centers in other cities,4,True,0.0070517063643983306
h2_2026_03_23,h2_2026_03_23_t00120,comment,01:08:19.138,Unknown speaker,public,319,98.90599999999995,other_cities,Data centers in other cities,2,True,0.005903347688821586
h2_2026_03_23,h2_2026_03_23_t00121,comment,01:10:06.860,Unknown speaker,public,339,151.1230000000005,other_cities,Data centers in other cities,0,False,0.010114055337481291
h2_2026_03_23,h2_2026_03_23_t00122,comment,01:12:41.145,Unknown speaker,public,25,11.359999999999673,other_cities,Data centers in other cities,0,False,0.010190992740800594
h2_2026_03_23,h2_2026_03_23_t00124,comment,01:12:54.747,Unknown speaker,public,78,34.764000000000124,other_cities,Data centers in other cities,0,False,0.0
h2_2026_03_23,h2_2026_03_23_t00125,comment,01:13:39.600,Unknown speaker,public,107,52.714999999999236,other_cities,Data centers in other cities,0,False,0.004043643194559421
h2_2026_03_23,h2_2026_03_23_t00126,comment,01:14:34.777,Unknown speaker,official,31,19.141999999999825,other_cities,Data centers in other cities,0,False,0.0
h2_2026_03_23,h2_2026_03_23_t00127,comment,01:15:02.172,Unknown speaker,official,394,182.53100000000086,other_cities,Data centers in other cities,0,False,0.0020858988107198793
h2_2026_03_23,h2_2026_03_23_t00129,comment,01:18:10.546,Unknown speaker,official,133,47.32799999999952,other_cities,Data centers in other cities,1,True,0.013983591365672335
h2_2026_03_23,h2_2026_03_23_t00130,comment,01:18:58.534,Unknown speaker,official,141,55.48400000000038,other_cities,Data centers in other cities,0,False,0.0
h2_2026_03_23,h2_2026_03_23_t00132,comment,01:20:10.149,Unknown speaker,official,88,41.20299999999952,other_cities,Data centers in other cities,0,False,0.0
h2_2026_03_23,h2_2026_03_23_t00134,comment,01:21:06.512,Unknown speaker,official,21,7.806000000000495,other_cities,Data centers in other cities,0,False,0.0
h2_2026_03_23,h2_2026_03_23_t00135,comment,01:21:18.461,Unknown speaker,public,334,122.83500000000004,other_cities,Data centers in other cities,0,False,0.009028001874626533
h2_2026_03_23,h2_2026_03_23_t00137,comment,01:23:31.700,Unknown speaker,public,139,53.738000000000284,other_cities,Data centers in other cities,0,False,0.01579968474913257
h2_2026_03_23,h2_2026_03_23_t00141,comment,01:24:29.760,Unknown speaker,public,91,36.259000000000015,other_cities,Data centers in other cities,0,False,0.003880028685661214
h2_2026_03_23,h2_2026_03_23_t00142,comment,01:25:09.881,Unknown speaker,public,58,23.829999999999927,other_cities,Data centers in other cities,0,False,0.004282927452098849
h2_2026_03_23,h2_2026_03_23_t00145,comment,01:25:52.996,Unknown speaker,public,323,126.17799999999988,other_cities,Data centers in other cities,4,True,0.01869364471778853
h2_2026_03_23,h2_2026_03_23_t00147,comment,01:28:12.341,Unknown speaker,public,160,84.5630000000001,other_cities,Data centers in other cities,0,False,0.0
h2_2026_03_23,h2_2026_03_23_t00151,comment,01:29:51.221,Unknown speaker,public,285,122.87800000000061,other_cities,Data centers in other cities,1,True,0.015613067593755463
h2_2026_03_23,h2_2026_03_23_t00153,comment,01:32:02.783,Unknown speaker,public,103,38.107999999999265,other_cities,Data centers in other cities,0,False,0.0039764631766266495
h2_2026_03_23,h2_2026_03_23_t00154,comment,01:32:44.894,Unknown speaker,public,188,67.29599999999937,other_cities,Data centers in other cities,0,False,0.0028763120927134604
h2_2026_03_23,h2_2026_03_23_t00156,comment,01:34:03.098,Unknown speaker,public,213,67.63799999999992,other_cities,Data centers in other cities,0,False,0.0
h2_2026_03_23,h2_2026_03_23_t00158,comment,01:35:13.668,Unknown speaker,public,256,85.51600000000053,other_cities,Data centers in other cities,0,False,0.007222343533098457
h2_2026_03_23,h2_2026_03_23_t00159,comment,01:36:42.583,Unknown speaker,public,110,29.105000000000473,other_cities,Data centers in other cities,0,False,0.010188836392226485
h2_2026_03_23,h2_2026_03_23_t00161,comment,01:37:28.177,Unknown speaker,public,329,121.25,other_cities,Data centers in other cities,2,True,0.011264590360180859
h2_2026_03_23,h2_2026_03_23_t00163,comment,01:39:38.434,Unknown speaker,official,111,43.64499999999953,other_cities,Data centers in other cities,0,False,0.0
h2_2026_03_23,h2_2026_03_23_t00165,comment,01:40:30.186,Unknown speaker,public,267,80.5590000000002,other_cities,Data centers in other cities,0,False,0.0028916673090820756
h2_2026_03_23,h2_2026_03_23_t00167,comment,01:41:56.843,Unknown speaker,public,130,32.284999999999854,other_cities,Data centers in other cities,0,False,0.0
h2_2026_03_23,h2_2026_03_23_t00170,comment,01:42:36.670,Unknown speaker,public,318,122.0010000000002,other_cities,Data centers in other cities,0,False,0.002484663254679588
h2_2026_03_23,h2_2026_03_23_t00173,comment,01:44:52.200,Unknown speaker,public,397,121.54700000000048,other_cities,Data centers in other cities,1,True,0.010123177286628107
h2_2026_03_23,h2_2026_03_23_t00175,comment,01:47:02.408,Unknown speaker,public,148,45.978000000000065,other_cities,Data centers in other cities,0,False,0.01260806474798601
h2_2026_03_23,h2_2026_03_23_t00177,comment,01:47:49.946,Unknown speaker,public,53,16.34900000000016,other_cities,Data centers in other cities,0,False,0.0
h2_2026_03_23,h2_2026_03_23_t00179,comment,01:48:12.995,Unknown speaker,public,203,52.228000000000065,other_cities,Data centers in other cities,0,False,0.007193512100571804
h2_2026_03_23,h2_2026_03_23_t00182,comment,01:50:38.532,Unknown speaker,official,21,6.023000000000138,other_cities,Data centers in other cities,0,False,0.0
h2_2026_03_23,h2_2026_03_23_t00185,comment,01:50:50.479,Unknown speaker,public,125,45.55000000000018,other_cities,Data centers in other cities,0,False,0.0
h2_2026_03_23,h2_2026_03_23_t00186,comment,01:51:39.385,Unknown speaker,public,100,33.246000000000095,other_cities,Data centers in other cities,0,False,0.017504886760713975
h2_2026_03_23,h2_2026_03_23_t00188,comment,01:52:26.139,Unknown speaker,public,366,122.92100000000028,other_cities,Data centers in other cities,4,True,0.016928256792554296
h2_2026_03_23,h2_2026_03_23_t00192,comment,01:54:49.540,Unknown speaker,public,331,106.53099999999995,other_cities,Data centers in other cities,0,False,0.018364871446750124
h2_2026_03_23,h2_2026_03_23_t00194,comment,01:56:38.013,Unknown speaker,public,320,111.95399999999972,other_cities,Data centers in other cities,0,False,0.009881986033456533
h2_2026_03_23,h2_2026_03_23_t00195,comment,01:58:33.629,Unknown speaker,public,50,12.54700000000048,other_cities,Data centers in other cities,0,False,0.012643783130866738
h2_2026_03_23,h2_2026_03_23_t00197,comment,01:58:59.124,Unknown speaker,public,202,76.80000000000018,other_cities,Data centers in other cities,0,False,0.013331918454482488
h2_2026_03_23,h2_2026_03_23_t00199,comment,02:00:18.885,Unknown speaker,public,345,125.11200000000008,other_cities,Data centers in other cities,0,False,0.004155916598656711
h2_2026_03_23,h2_2026_03_23_t00203,comment,02:02:33.318,Unknown speaker,public,276,94.4960000000001,other_cities,Data centers in other cities,1,True,0.008641917174102592
h2_2026_03_23,h2_2026_03_23_t00205,comment,02:04:17.465,Unknown speaker,public,367,117.6239999999998,other_cities,Data centers in other cities,0,False,0.004124171615410908
h2_2026_03_23,h2_2026_03_23_t00206,comment,02:06:24.118,Unknown speaker,public,344,123.44499999999971,other_cities,Data centers in other cities,0,False,0.0038165772335400656
h2_2026_03_23,h2_2026_03_23_t00208,comment,02:08:34.233,Unknown speaker,public,271,107.03899999999976,other_cities,Data centers in other cities,0,False,0.006732496813896998
h2_2026_03_23,h2_2026_03_23_t00210,comment,02:10:25.802,Unknown speaker,public,438,124.88600000000042,other_cities,Data centers in other cities,0,False,0.002118588072826916
h2_2026_03_23,h2_2026_03_23_t00216,comment,02:12:48.117,Unknown speaker,official,198,60.05400000000009,other_cities,Data centers in other cities,0,False,0.008610633429718411
h2_2026_03_23,h2_2026_03_23_t00218,comment,02:13:57.440,Unknown speaker,public,244,121.01700000000073,other_cities,Data centers in other cities,2,True,0.011191484204410511
h2_2026_03_23,h2_2026_03_23_t00220,comment,02:16:07.642,Unknown speaker,public,164,56.746000000001004,other_cities,Data centers in other cities,0,False,0.003425352779922073
h2_2026_03_23,h2_2026_03_23_t00221,comment,02:17:08.732,Unknown speaker,public,152,63.59900000000016,other_cities,Data centers in other cities,0,False,0.0
h2_2026_03_23,h2_2026_03_23_t00224,comment,02:18:36.810,Unknown speaker,public,39,11.483000000000175,other_cities,Data centers in other cities,0,False,0.0
h2_2026_03_23,h2_2026_03_23_t00225,comment,02:18:52.414,Unknown speaker,public,117,42.96299999999974,other_cities,Data centers in other cities,0,False,0.0038651815667336857
h2_2026_03_23,h2_2026_03_23_t00227,comment,02:19:44.883,Unknown speaker,public,358,118.59499999999935,other_cities,Data centers in other cities,0,False,0.0
h2_2026_03_23,h2_2026_03_23_t00229,comment,02:21:51.622,Unknown speaker,public,364,120.67100000000028,other_cities,Data centers in other cities,0,False,0.004790928617314313
h2_2026_03_23,h2_2026_03_23_t00231,comment,02:24:03.483,Unknown speaker,public,343,128.45899999999892,other_cities,Data centers in other cities,0,False,0.004738711526426582
h2_2026_03_23,h2_2026_03_23_t00232,comment,02:26:22.468,Unknown speaker,public,262,108.42099999999846,other_cities,Data centers in other cities,0,False,0.012165199285829325
h2_2026_03_23,h2_2026_03_23_t00233,comment,02:28:20.397,Unknown speaker,public,29,7.586999999999534,other_cities,Data centers in other cities,0,False,0.012867397667678509
h2_2026_03_23,h2_2026_03_23_t00236,comment,02:28:45.546,Unknown speaker,public,122,47.190999999998894,other_cities,Data centers in other cities,0,False,0.010922130666583842
h2_2026_03_23,h2_2026_03_23_t00240,comment,02:30:03.124,Unknown speaker,public,39,18.028000000000247,other_cities,Data centers in other cities,0,False,0.0
h2_2026_03_23,h2_2026_03_23_t00241,comment,02:30:24.554,Unknown speaker,public,67,20.771999999999025,other_cities,Data centers in other cities,0,False,0.0
h2_2026_03_23,h2_2026_03_23_t00242,comment,02:30:48.708,Unknown speaker,public,69,22.47599999999875,other_cities,Data centers in other cities,0,False,0.006006167170390832
h2_2026_03_23,h2_2026_03_23_t00243,comment,02:31:16.906,Unknown speaker,public,54,19.797999999998865,other_cities,Data centers in other cities,0,False,0.0
h2_2026_03_23,h2_2026_03_23_t00244,comment,02:31:40.205,Unknown speaker,public,106,45.486000000000786,other_cities,Data centers in other cities,0,False,0.0
h2_2026_03_23,h2_2026_03_23_t00245,comment,02:32:28.792,Unknown speaker,public,155,56.12300000000141,other_cities,Data centers in other cities,0,False,0.0
h2_2026_03_23,h2_2026_03_23_t00246,comment,02:33:35.039,Unknown speaker,public,119,38.753999999998996,other_cities,Data centers in other cities,0,False,0.0036509562772903408
h2_2026_03_23,h2_2026_03_23_t00247,comment,02:34:22.410,Unknown speaker,public,188,60.52000000000044,other_cities,Data centers in other cities,1,True,0.015287565040314737
h2_2026_03_23,h2_2026_03_23_t00248,comment,02:35:24.291,Unknown speaker,official,32,11.703000000001339,other_cities,Data centers in other cities,0,False,0.0
h2_2026_03_23,h2_2026_03_23_t00249,comment,02:35:36.314,Unknown speaker,public,47,13.395000000000437,other_cities,Data centers in other cities,0,False,0.0
h2_2026_03_23,h2_2026_03_23_t00251,comment,02:35:58.776,Unknown speaker,public,336,96.7569999999996,other_cities,Data centers in other cities,0,False,0.005800916951866505
h2_2026_03_23,h2_2026_03_23_t00252,comment,02:37:46.420,Unknown speaker,public,394,124.3130000000001,other_cities,Data centers in other cities,0,False,0.007942189262633036
h2_2026_03_23,h2_2026_03_23_t00254,comment,02:40:07.442,Unknown speaker,public,296,97.35000000000036,other_cities,Data centers in other cities,1,True,0.005417774927412077
h2_2026_03_23,h2_2026_03_23_t00255,comment,02:41:56.973,Unknown speaker,public,293,121.45299999999952,other_cities,Data centers in other cities,0,False,0.002450090417542797
h2_2026_03_23,h2_2026_03_23_t00256,comment,02:44:11.429,Unknown speaker,public,361,125.53199999999924,other_cities,Data centers in other cities,0,False,0.0023548865127005843
h2_2026_03_23,h2_2026_03_23_t00259,comment,02:46:27.462,Unknown speaker,public,118,39.10699999999997,other_cities,Data centers in other cities,0,False,0.0035367390702674057
h2_2026_03_23,h2_2026_03_23_t00260,comment,02:47:15.502,Unknown speaker,public,375,115.27499999999964,other_cities,Data centers in other cities,1,True,0.025283987382563818
h2_2026_03_23,h2_2026_03_23_t00261,comment,02:49:20.020,Unknown speaker,public,186,62.608000000000175,other_cities,Data centers in other cities,0,False,0.0037422974296902247
h2_2026_03_23,h2_2026_03_23_t00262,comment,02:50:32.868,Unknown speaker,public,187,74.06999999999971,other_cities,Data centers in other cities,0,False,0.0034869161675510946
h2_2026_03_23,h2_2026_03_23_t00263,comment,02:51:57.704,Unknown speaker,public,283,75.42100000000028,other_cities,Data centers in other cities,0,False,0.0
h2_2026_03_23,h2_2026_03_23_t00264,comment,02:53:21.892,Unknown speaker,public,343,111.0640000000003,other_cities,Data centers in other cities,1,True,0.015649521986353727
h2_2026_03_23,h2_2026_03_23_t00265,comment,02:55:23.755,Unknown speaker,public,65,27.19300000000112,other_cities,Data centers in other cities,0,False,0.0
h2_2026_03_23,h2_2026_03_23_t00266,comment,02:55:54.448,Unknown speaker,public,131,52.93499999999949,other_cities,Data centers in other cities,0,False,0.0
h2_2026_03_23,h2_2026_03_23_t00267,comment,02:56:54.089,Unknown speaker,public,104,34.29700000000048,other_cities,Data centers in other cities,0,False,0.0
h2_2026_03_23,h2_2026_03_23_t00268,comment,02:57:37.689,Unknown speaker,public,138,41.586999999999534,other_cities,Data centers in other cities,0,False,0.009742498249485237
h2_2026_03_23,h2_2026_03_23_t00269,comment,02:58:24.739,Unknown speaker,public,118,40.13500000000022,other_cities,Data centers in other cities,0,False,0.010211508993757872
h2_2026_03_23,h2_2026_03_23_t00270,comment,02:59:16.462,Unknown speaker,public,65,16.060999999999694,other_cities,Data centers in other cities,0,False,0.0
h2_2026_03_23,h2_2026_03_23_t00271,comment,02:59:42.012,Unknown speaker,public,113,35.01000000000022,other_cities,Data centers in other cities,0,False,0.0
h2_2026_03_23,h2_2026_03_23_t00272,comment,03:00:25.758,Unknown speaker,public,76,20.988999999999578,other_cities,Data centers in other cities,0,False,0.0
h2_2026_03_23,h2_2026_03_23_t00273,comment,03:00:55.035,Unknown speaker,public,44,16.369000000000597,other_cities,Data centers in other cities,0,False,0.0
h2_2026_03_23,h2_2026_03_23_t00274,comment,03:01:15.967,Unknown speaker,public,115,38.86999999999898,other_cities,Data centers in other cities,0,False,0.0
h2_2026_03_23,h2_2026_03_23_t00275,comment,03:02:05.202,Unknown speaker,public,426,122.90300000000025,other_cities,Data centers in other cities,0,False,0.003361655966034582
h2_2026_03_23,h2_2026_03_23_t00276,comment,03:04:27.320,Unknown speaker,public,122,54.853000000000975,other_cities,Data centers in other cities,0,False,0.014455741190773029
h2_2026_03_23,h2_2026_03_23_t00277,comment,03:05:25.468,Unknown speaker,public,113,51.753999999998996,other_cities,Data centers in other cities,0,False,0.0
h2_2026_03_23,h2_2026_03_23_t00278,comment,03:06:27.980,Unknown speaker,public,245,98.92799999999988,other_cities,Data centers in other cities,0,False,0.0
h2_2026_03_23,h2_2026_03_23_t00280,comment,03:08:20.218,Unknown speaker,public,75,22.93499999999949,other_cities,Data centers in other cities,0,False,0.0
h2_2026_03_23,h2_2026_03_23_t00282,comment,03:08:46.773,Unknown speaker,public,84,18.19300000000112,other_cities,Data centers in other cities,0,False,0.00881714457078643
h2_2026_03_23,h2_2026_03_23_t00284,comment,03:09:09.909,Unknown speaker,official,29,6.05199999999968,other_cities,Data centers in other cities,0,False,0.0
h2_2026_03_23,h2_2026_03_23_t00286,comment,03:09:20.402,Unknown speaker,public,276,84.71999999999935,other_cities,Data centers in other cities,0,False,0.00678859741838661
h2_2026_03_23,h2_2026_03_23_t00287,comment,03:10:45.703,Unknown speaker,official,77,30.488999999999578,other_cities,Data centers in other cities,0,False,0.0
h2_2026_03_23,h2_2026_03_23_t00289,comment,03:11:26.566,Unknown speaker,public,166,62.30699999999888,other_cities,Data centers in other cities,0,False,0.007788729999911656
h2_2026_03_23,h2_2026_03_23_t00292,comment,03:12:36.996,Unknown speaker,public,187,48.82800000000134,other_cities,Data centers in other cities,1,True,0.0043457726125664935
h2_2026_03_23,h2_2026_03_23_t00293,comment,03:13:33.590,Unknown speaker,public,130,47.623999999999796,other_cities,Data centers in other cities,0,False,0.0
h2_2026_03_23,h2_2026_03_23_t00294,comment,03:14:30.085,Unknown speaker,public,22,5.802000000001499,other_cities,Data centers in other cities,1,True,0.017488744896553558
h2_2026_03_23,h2_2026_03_23_t00296,comment,03:14:38.348,Unknown speaker,public,127,40.81500000000051,other_cities,Data centers in other cities,0,False,0.017129484009464367
h2_2026_03_23,h2_2026_03_23_t00297,comment,03:15:23.862,Unknown speaker,official,24,9.229000000001179,other_cities,Data centers in other cities,0,False,0.0
h2_2026_03_23,h2_2026_03_23_t00300,comment,03:15:47.123,Unknown speaker,public,58,22.48700000000099,other_cities,Data centers in other cities,0,False,0.006098046731329213
h2_2026_03_23,h2_2026_03_23_t00301,comment,03:16:14.271,Unknown speaker,official,22,8.568999999999505,other_cities,Data centers in other cities,0,False,0.0
h2_2026_03_23,h2_2026_03_23_t00302,comment,03:16:34.048,Unknown speaker,public,89,32.34099999999853,other_cities,Data centers in other cities,0,False,0.0
h2_2026_03_23,h2_2026_03_23_t00303,comment,03:17:11.853,Unknown speaker,official,28,10.467000000000553,other_cities,Data centers in other cities,0,False,0.0
h2_2026_03_23,h2_2026_03_23_t00305,comment,03:17:28.156,Unknown speaker,public,28,9.36199999999917,other_cities,Data centers in other cities,0,False,0.0
h2_2026_03_23,h2_2026_03_23_t00307,comment,03:17:39.879,Unknown speaker,public,43,13.062999999998283,other_cities,Data centers in other cities,0,False,0.0
h2_2026_03_23,h2_2026_03_23_t00308,comment,03:17:55.183,Unknown speaker,official,27,14.006999999999607,other_cities,Data centers in other cities,0,False,0.0
h2_2026_03_23,h2_2026_03_23_t00309,comment,03:18:13.304,Unknown speaker,public,54,20.04199999999946,other_cities,Data centers in other cities,0,False,0.0
h2_2026_03_23,h2_2026_03_23_t00310,comment,03:18:36.561,Unknown speaker,official,45,17.868000000000393,other_cities,Data centers in other cities,0,False,0.0
h2_2026_03_23,h2_2026_03_23_t00311,comment,03:19:02.232,Unknown speaker,public,464,216.47500000000036,other_cities,Data centers in other cities,1,True,0.016725012005943427
h2_2026_03_23,h2_2026_03_23_t00312,comment,03:22:47.208,Unknown speaker,public,71,32.149999999999636,other_cities,Data centers in other cities,1,True,0.012891311828461769
h2_2026_03_23,h2_2026_03_23_t00313,comment,03:23:24.306,Unknown speaker,public,46,24.23199999999997,other_cities,Data centers in other cities,0,False,0.014447044094794055
h2_2026_03_23,h2_2026_03_23_t00315,comment,03:24:08.390,Unknown speaker,developer,815,280.96600000000035,other_cities,Data centers in other cities,0,False,0.01130162653312495
h2_2026_03_23,h2_2026_03_23_t00316,comment,03:28:50.956,Unknown speaker,official,45,19.593000000000757,other_cities,Data centers in other cities,0,False,0.0
h2_2026_03_23,h2_2026_03_23_t00319,comment,03:29:15.852,Unknown speaker,official,33,14.023999999999432,other_cities,Data centers in other cities,0,False,0.0
h2_2026_03_23,h2_2026_03_23_t00320,comment,03:29:33.319,Unknown speaker,official,117,47.02599999999984,other_cities,Data centers in other cities,0,False,0.0
h2_2026_03_23,h2_2026_03_23_t00321,comment,03:30:23.838,Unknown speaker,official,26,10.825000000000728,other_cities,Data centers in other cities,0,False,0.0
h2_2026_03_23,h2_2026_03_23_t00322,comment,03:30:39.365,Unknown speaker,official,22,5.802999999999884,other_cities,Data centers in other cities,0,False,0.0
h2_2026_03_23,h2_2026_03_23_t00365,comment,03:33:22.654,Unknown speaker,official,22,10.688000000000102,other_cities,Data centers in other cities,0,False,0.0
h2_2026_03_23,h2_2026_03_23_t00368,comment,03:33:40.608,Unknown speaker,staff,61,18.85399999999936,other_cities,Data centers in other cities,0,False,0.0
h2_2026_03_23,h2_2026_03_23_t00371,comment,03:34:22.417,Unknown speaker,official,23,6.663000000000466,other_cities,Data centers in other cities,0,False,0.0
h2_2026_03_23,h2_2026_03_23_t00372,comment,03:34:29.160,Unknown speaker,staff,22,6.163000000000466,other_cities,Data centers in other cities,0,False,0.011498747478889407
h2_2026_03_23,h2_2026_03_23_t00373,comment,03:34:49.098,Unknown speaker,official,26,7.826000000000931,other_cities,Data centers in other cities,0,False,0.0
h2_2026_03_23,h2_2026_03_23_t00377,comment,03:35:14.967,Unknown speaker,staff,100,37.8169999999991,other_cities,Data centers in other cities,0,False,0.0
h2_2026_03_23,h2_2026_03_23_t00381,comment,03:36:37.529,Unknown speaker,staff,37,13.02599999999984,other_cities,Data centers in other cities,0,False,0.0
h2_2026_03_23,h2_2026_03_23_t00382,comment,03:36:52.396,Unknown speaker,official,35,11.737999999999374,other_cities,Data centers in other cities,0,False,0.0
h2_2026_03_23,h2_2026_03_23_t00385,comment,03:37:16.497,Unknown speaker,staff,42,16.403000000000247,other_cities,Data centers in other cities,0,False,0.012445871711868447
h2_2026_03_23,h2_2026_03_23_t00387,comment,03:37:41.510,Unknown speaker,official,30,9.806000000000495,other_cities,Data centers in other cities,0,False,0.0
h2_2026_03_23,h2_2026_03_23_t00390,comment,03:38:32.187,Unknown speaker,official,31,10.566000000000713,other_cities,Data centers in other cities,0,False,0.023879238139819278
h2_2026_03_23,h2_2026_03_23_t00395,comment,03:40:38.890,Unknown speaker,official,22,8.98700000000099,other_cities,Data centers in other cities,0,False,0.0
h2_2026_03_23,h2_2026_03_23_t00407,comment,03:42:08.243,Unknown speaker,public,28,11.147999999999229,other_cities,Data centers in other cities,0,False,0.0
h2_2026_03_23,h2_2026_03_23_t00409,comment,03:42:24.595,Unknown speaker,public,282,97.53900000000067,other_cities,Data centers in other cities,0,False,0.0049766732387417955
h2_2026_03_23,h2_2026_03_23_t00411,comment,03:44:03.527,Unknown speaker,public,334,123.48300000000017,other_cities,Data centers in other cities,2,True,0.02221826084131615
h2_2026_03_23,h2_2026_03_23_t00412,comment,03:46:07.171,Unknown speaker,official,31,14.46600000000035,other_cities,Data centers in other cities,0,False,0.0
h2_2026_03_23,h2_2026_03_23_t00413,comment,03:46:24.660,Unknown speaker,official,34,15.583000000000538,other_cities,Data centers in other cities,0,False,0.0
h2_2026_03_23,h2_2026_03_23_t00418,comment,03:47:24.181,Unknown speaker,public,809,242.83299999999872,other_cities,Data centers in other cities,1,True,0.017721618829048033
h2_2026_03_23,h2_2026_03_23_t00421,comment,03:51:30.276,Unknown speaker,official,35,22.181000000000495,other_cities,Data centers in other cities,0,False,0.0
h2_2026_03_23,h2_2026_03_23_t00425,comment,03:52:22.763,Unknown speaker,public,95,31.821999999998297,other_cities,Data centers in other cities,0,False,0.0
h2_2026_03_23,h2_2026_03_23_t00426,comment,03:52:58.588,Unknown speaker,official,22,8.706000000000131,other_cities,Data centers in other cities,0,False,0.0
h2_2026_03_23,h2_2026_03_23_t00429,comment,03:53:22.715,Unknown speaker,official,20,9.851999999998952,other_cities,Data centers in other cities,0,False,0.0
h2_2026_03_23,h2_2026_03_23_t00430,comment,03:53:48.318,Unknown speaker,public,27,7.6270000000004075,other_cities,Data centers in other cities,0,False,0.009195773743432206
h2_2026_03_23,h2_2026_03_23_t00435,comment,03:54:29.882,Unknown speaker,official,22,10.509000000000015,other_cities,Data centers in other cities,0,False,0.0
h1_2025_12_03,h1_2025_12_03_t00003,comment,00:00:15.605,Unknown speaker,official,72,24.328999999999997,taxes_agreements_deals,"Taxes, agreements, or deals",0,False,0.007324529461123391
h1_2025_12_03,h1_2025_12_03_t00004,comment,00:00:39.954,Unknown speaker,unknown,31,15.271,taxes_agreements_deals,"Taxes, agreements, or deals",0,False,0.0
h1_2025_12_03,h1_2025_12_03_t00005,comment,00:01:00.770,Unknown speaker,official,58,25.275,taxes_agreements_deals,"Taxes, agreements, or deals",0,False,0.0
h1_2025_12_03,h1_2025_12_03_t00006,comment,00:01:29.200,Unknown speaker,staff,23,19.180999999999997,taxes_agreements_deals,"Taxes, agreements, or deals",0,False,0.0
h1_2025_12_03,h1_2025_12_03_t00014,comment,00:02:13.178,Unknown speaker,official,78,25.02600000000001,taxes_agreements_deals,"Taxes, agreements, or deals",0,False,0.0
h1_2025_12_03,h1_2025_12_03_t00015,comment,00:02:43.150,Unknown speaker,official,32,9.730999999999995,taxes_agreements_deals,"Taxes, agreements, or deals",0,False,0.0
h1_2025_12_03,h1_2025_12_03_t00019,comment,00:03:07.437,Unknown speaker,official,18,7.304000000000002,taxes_agreements_deals,"Taxes, agreements, or deals",0,False,0.0
h1_2025_12_03,h1_2025_12_03_t00022,comment,00:04:05.616,Unknown speaker,official,804,287.985,taxes_agreements_deals,"Taxes, agreements, or deals",0,False,0.005382627119115415
h1_2025_12_03,h1_2025_12_03_t00029,comment,00:10:38.713,Unknown speaker,developer,247,83.51800000000003,taxes_agreements_deals,"Taxes, agreements, or deals",0,False,0.008835920929543915
h1_2025_12_03,h1_2025_12_03_t00030,comment,00:12:13.198,Unknown speaker,developer,53,14.513000000000034,taxes_agreements_deals,"Taxes, agreements, or deals",0,False,0.0
h1_2025_12_03,h1_2025_12_03_t00031,comment,00:12:35.055,Unknown speaker,developer,84,31.01800000000003,taxes_agreements_deals,"Taxes, agreements, or deals",0,False,0.0
h1_2025_12_03,h1_2025_12_03_t00034,comment,00:13:20.818,Unknown speaker,developer,1139,344.1289999999999,taxes_agreements_deals,"Taxes, agreements, or deals",0,False,0.0030825877460433754
h1_2025_12_03,h1_2025_12_03_t00035,comment,00:19:08.195,Unknown speaker,developer,797,253.43000000000006,taxes_agreements_deals,"Taxes, agreements, or deals",2,True,0.011582139621615776
h1_2025_12_03,h1_2025_12_03_t00036,comment,00:23:25.968,Unknown speaker,developer,314,92.52199999999993,taxes_agreements_deals,"Taxes, agreements, or deals",0,False,0.0
h1_2025_12_03,h1_2025_12_03_t00037,comment,00:25:08.446,Unknown speaker,developer,409,130.86800000000017,taxes_agreements_deals,"Taxes, agreements, or deals",0,False,0.009881696517336022
h1_2025_12_03,h1_2025_12_03_t00038,comment,00:27:25.706,Unknown speaker,developer,216,60.846000000000004,taxes_agreements_deals,"Taxes, agreements, or deals",0,False,0.002534369678111355
h1_2025_12_03,h1_2025_12_03_t00039,comment,00:28:30.338,Unknown speaker,developer,169,54.519000000000005,taxes_agreements_deals,"Taxes, agreements, or deals",2,True,0.0308022006526753
h1_2025_12_03,h1_2025_12_03_t00040,comment,00:29:25.842,Unknown speaker,official,101,26.652999999999793,taxes_agreements_deals,"Taxes, agreements, or deals",1,True,0.014340524625313532
h1_2025_12_03,h1_2025_12_03_t00041,comment,00:29:52.759,Unknown speaker,developer,38,11.242999999999938,taxes_agreements_deals,"Taxes, agreements, or deals",1,True,0.02623808592544262
h1_2025_12_03,h1_2025_12_03_t00045,comment,00:30:19.326,Unknown speaker,public,836,246.4380000000001,taxes_agreements_deals,"Taxes, agreements, or deals",1,True,0.002765121816483162
h1_2025_12_03,h1_2025_12_03_t00048,comment,00:34:36.842,Unknown speaker,public,213,79.37599999999975,taxes_agreements_deals,"Taxes, agreements, or deals",1,True,0.020684126212449673
h1_2025_12_03,h1_2025_12_03_t00049,comment,00:36:01.937,Unknown speaker,public,254,94.46300000000019,taxes_agreements_deals,"Taxes, agreements, or deals",0,False,0.01862749007790855
h1_2025_12_03,h1_2025_12_03_t00050,comment,00:37:43.546,Unknown speaker,consultant,310,113.25500000000011,taxes_agreements_deals,"Taxes, agreements, or deals",1,True,0.011111620541742997
h1_2025_12_03,h1_2025_12_03_t00052,comment,00:39:50.806,Unknown speaker,consultant,493,179.346,taxes_agreements_deals,"Taxes, agreements, or deals",0,False,0.005319153741038616
h1_2025_12_03,h1_2025_12_03_t00053,comment,00:43:00.822,Unknown speaker,consultant,24,6.826999999999771,taxes_agreements_deals,"Taxes, agreements, or deals",0,False,0.0
h1_2025_12_03,h1_2025_12_03_t00062,comment,00:45:21.576,Unknown speaker,official,20,7.706000000000131,taxes_agreements_deals,"Taxes, agreements, or deals",0,False,0.0
h1_2025_12_03,h1_2025_12_03_t00065,comment,00:46:21.059,Unknown speaker,official,155,61.19599999999991,taxes_agreements_deals,"Taxes, agreements, or deals",0,False,0.0
h1_2025_12_03,h1_2025_12_03_t00066,comment,00:47:22.655,Unknown speaker,official,64,26.927999999999884,taxes_agreements_deals,"Taxes, agreements, or deals",0,False,0.0
h1_2025_12_03,h1_2025_12_03_t00067,comment,00:47:50.090,Unknown speaker,developer,197,57.88599999999997,taxes_agreements_deals,"Taxes, agreements, or deals",0,False,0.0
h1_2025_12_03,h1_2025_12_03_t00068,comment,00:48:48.376,Unknown speaker,official,145,58.13099999999986,taxes_agreements_deals,"Taxes, agreements, or deals",0,False,0.0
h1_2025_12_03,h1_2025_12_03_t00069,comment,00:49:49.970,Unknown speaker,official,25,11.202999999999975,taxes_agreements_deals,"Taxes, agreements, or deals",0,False,0.0
h1_2025_12_03,h1_2025_12_03_t00070,comment,00:50:01.193,Unknown speaker,official,119,39.06700000000001,taxes_agreements_deals,"Taxes, agreements, or deals",0,False,0.0
h1_2025_12_03,h1_2025_12_03_t00071,comment,00:50:40.871,Unknown speaker,developer,330,101.94299999999976,taxes_agreements_deals,"Taxes, agreements, or deals",0,False,0.003463336460585674
h1_2025_12_03,h1_2025_12_03_t00072,comment,00:52:22.834,Unknown speaker,official,30,9.595000000000255,taxes_agreements_deals,"Taxes, agreements, or deals",0,False,0.0
h1_2025_12_03,h1_2025_12_03_t00073,comment,00:52:32.669,Unknown speaker,developer,59,12.889000000000124,taxes_agreements_deals,"Taxes, agreements, or deals",0,False,0.0
h1_2025_12_03,h1_2025_12_03_t00076,comment,00:52:53.965,Unknown speaker,official,18,8.38799999999992,taxes_agreements_deals,"Taxes, agreements, or deals",0,False,0.0
h1_2025_12_03,h1_2025_12_03_t00077,comment,00:53:03.254,Unknown speaker,official,84,30.184000000000196,taxes_agreements_deals,"Taxes, agreements, or deals",0,False,0.0
h1_2025_12_03,h1_2025_12_03_t00078,comment,00:53:36.293,Unknown speaker,developer,72,23.06999999999971,taxes_agreements_deals,"Taxes, agreements, or deals",0,False,0.0
h1_2025_12_03,h1_2025_12_03_t00079,comment,00:54:00.303,Unknown speaker,official,32,7.829999999999927,taxes_agreements_deals,"Taxes, agreements, or deals",0,False,0.0
h1_2025_12_03,h1_2025_12_03_t00081,comment,00:54:09.693,Unknown speaker,official,18,8.361999999999625,taxes_agreements_deals,"Taxes, agreements, or deals",0,False,0.0
h1_2025_12_03,h1_2025_12_03_t00083,comment,00:54:18.895,Unknown speaker,official,68,22.876000000000204,taxes_agreements_deals,"Taxes, agreements, or deals",0,False,0.0
h1_2025_12_03,h1_2025_12_03_t00084,comment,00:54:42.251,Unknown speaker,developer,132,40.80799999999999,taxes_agreements_deals,"Taxes, agreements, or deals",0,False,0.006194967442117834
h1_2025_12_03,h1_2025_12_03_t00085,comment,00:55:23.459,Unknown speaker,official,22,5.1030000000000655,taxes_agreements_deals,"Taxes, agreements, or deals",0,False,0.0
h1_2025_12_03,h1_2025_12_03_t00086,comment,00:55:29.398,Unknown speaker,developer,89,27.284999999999854,taxes_agreements_deals,"Taxes, agreements, or deals",0,False,0.0
h1_2025_12_03,h1_2025_12_03_t00087,comment,00:55:57.742,Unknown speaker,official,35,10.298999999999978,taxes_agreements_deals,"Taxes, agreements, or deals",0,False,0.0
h1_2025_12_03,h1_2025_12_03_t00088,comment,00:56:09.181,Unknown speaker,developer,48,16.88299999999981,taxes_agreements_deals,"Taxes, agreements, or deals",0,False,0.00891636745690658
h1_2025_12_03,h1_2025_12_03_t00091,comment,00:56:34.855,Unknown speaker,official,41,16.153999999999996,taxes_agreements_deals,"Taxes, agreements, or deals",0,False,0.0
h1_2025_12_03,h1_2025_12_03_t00093,comment,00:57:02.553,Unknown speaker,developer,87,44.572000000000116,taxes_agreements_deals,"Taxes, agreements, or deals",0,False,0.0
h1_2025_12_03,h1_2025_12_03_t00094,comment,00:57:48.495,Unknown speaker,official,20,8.564000000000306,taxes_agreements_deals,"Taxes, agreements, or deals",0,False,0.0
h1_2025_12_03,h1_2025_12_03_t00095,comment,00:57:59.080,Unknown speaker,developer,18,3.8020000000001346,taxes_agreements_deals,"Taxes, agreements, or deals",0,False,0.0
h1_2025_12_03,h1_2025_12_03_t00096,comment,00:58:04.423,Unknown speaker,official,18,6.703000000000429,taxes_agreements_deals,"Taxes, agreements, or deals",0,False,0.0
h1_2025_12_03,h1_2025_12_03_t00103,comment,00:58:28.073,Unknown speaker,official,19,12.48700000000008,taxes_agreements_deals,"Taxes, agreements, or deals",0,False,0.0
h1_2025_12_03,h1_2025_12_03_t00104,comment,00:58:45.661,Unknown speaker,official,32,11.143999999999778,taxes_agreements_deals,"Taxes, agreements, or deals",0,False,0.0
h1_2025_12_03,h1_2025_12_03_t00105,comment,00:58:58.047,Unknown speaker,developer,199,71.346,taxes_agreements_deals,"Taxes, agreements, or deals",0,False,0.0
h1_2025_12_03,h1_2025_12_03_t00107,comment,01:00:14.270,Unknown speaker,developer,48,17.690999999999804,taxes_agreements_deals,"Taxes, agreements, or deals",0,False,0.0
h1_2025_12_03,h1_2025_12_03_t00111,comment,01:00:52.184,Unknown speaker,official,49,15.084999999999582,taxes_agreements_deals,"Taxes, agreements, or deals",0,False,0.0
h1_2025_12_03,h1_2025_12_03_t00112,comment,01:01:08.148,Unknown speaker,developer,268,86.94499999999971,taxes_agreements_deals,"Taxes, agreements, or deals",0,False,0.0
h1_2025_12_03,h1_2025_12_03_t00115,comment,01:02:58.546,Unknown speaker,official,162,52.345000000000255,taxes_agreements_deals,"Taxes, agreements, or deals",0,False,0.0
h1_2025_12_03,h1_2025_12_03_t00116,comment,01:03:53.913,Unknown speaker,developer,76,26.235000000000127,taxes_agreements_deals,"Taxes, agreements, or deals",0,False,0.0
h1_2025_12_03,h1_2025_12_03_t00117,comment,01:04:20.608,Unknown speaker,official,51,14.94399999999996,taxes_agreements_deals,"Taxes, agreements, or deals",0,False,0.0
h1_2025_12_03,h1_2025_12_03_t00119,comment,01:04:53.297,Unknown speaker,official,59,17.126999999999953,taxes_agreements_deals,"Taxes, agreements, or deals",0,False,0.0
h1_2025_12_03,h1_2025_12_03_t00120,comment,01:05:12.026,Unknown speaker,public,155,46.008000000000266,taxes_agreements_deals,"Taxes, agreements, or deals",0,False,0.0
h1_2025_12_03,h1_2025_12_03_t00121,comment,01:06:01.281,Unknown speaker,official,73,26.02500000000009,taxes_agreements_deals,"Taxes, agreements, or deals",0,False,0.0
h1_2025_12_03,h1_2025_12_03_t00122,comment,01:06:27.727,Unknown speaker,public,103,35.846000000000004,taxes_agreements_deals,"Taxes, agreements, or deals",0,False,0.0
h1_2025_12_03,h1_2025_12_03_t00123,comment,01:07:03.713,Unknown speaker,official,18,5.3419999999996435,taxes_agreements_deals,"Taxes, agreements, or deals",0,False,0.0
h1_2025_12_03,h1_2025_12_03_t00124,comment,01:07:12.476,Unknown speaker,official,314,103.20800000000008,taxes_agreements_deals,"Taxes, agreements, or deals",0,False,0.0
h1_2025_12_03,h1_2025_12_03_t00125,comment,01:08:57.705,Unknown speaker,official,18,4.8419999999996435,taxes_agreements_deals,"Taxes, agreements, or deals",0,False,0.0
h1_2025_12_03,h1_2025_12_03_t00128,comment,01:09:05.608,Unknown speaker,official,21,8.804000000000087,taxes_agreements_deals,"Taxes, agreements, or deals",0,False,0.014646808257216428
h1_2025_12_03,h1_2025_12_03_t00131,comment,01:09:21.783,Unknown speaker,official,19,5.0239999999994325,taxes_agreements_deals,"Taxes, agreements, or deals",0,False,0.0
h1_2025_12_03,h1_2025_12_03_t00132,comment,01:09:27.608,Unknown speaker,official,49,15.992999999999483,taxes_agreements_deals,"Taxes, agreements, or deals",0,False,0.0
h1_2025_12_03,h1_2025_12_03_t00135,comment,01:09:50.018,Unknown speaker,official,60,17.54399999999987,taxes_agreements_deals,"Taxes, agreements, or deals",0,False,0.0
h1_2025_12_03,h1_2025_12_03_t00136,comment,01:10:07.742,Unknown speaker,developer,70,22.425999999999476,taxes_agreements_deals,"Taxes, agreements, or deals",0,False,0.0
h1_2025_12_03,h1_2025_12_03_t00139,comment,01:10:40.610,Unknown speaker,official,31,14.639000000000124,taxes_agreements_deals,"Taxes, agreements, or deals",0,False,0.0
h1_2025_12_03,h1_2025_12_03_t00140,comment,01:10:58.312,Unknown speaker,official,22,11.488000000000284,taxes_agreements_deals,"Taxes, agreements, or deals",0,False,0.0
h1_2025_12_03,h1_2025_12_03_t00141,comment,01:11:12.082,Unknown speaker,official,408,164.66799999999967,taxes_agreements_deals,"Taxes, agreements, or deals",1,True,0.003810513394428327
h1_2025_12_03,h1_2025_12_03_t00142,comment,01:14:02.713,Unknown speaker,official,364,118.8710000000001,taxes_agreements_deals,"Taxes, agreements, or deals",0,False,0.006487914810740697
h1_2025_12_03,h1_2025_12_03_t00144,comment,01:16:02.985,Unknown speaker,official,26,10.677999999999884,taxes_agreements_deals,"Taxes, agreements, or deals",0,False,0.0
h1_2025_12_03,h1_2025_12_03_t00146,comment,01:16:16.785,Unknown speaker,official,31,8.404999999999745,taxes_agreements_deals,"Taxes, agreements, or deals",0,False,0.0
h1_2025_12_03,h1_2025_12_03_t00148,comment,01:17:15.471,Unknown speaker,official,49,13.82800000000043,taxes_agreements_deals,"Taxes, agreements, or deals",0,False,0.0
h1_2025_12_03,h1_2025_12_03_t00152,comment,01:18:40.363,Unknown speaker,public,99,29.721999999999753,taxes_agreements_deals,"Taxes, agreements, or deals",0,False,0.0
h1_2025_12_03,h1_2025_12_03_t00153,comment,01:19:18.370,Unknown speaker,public,46,12.306999999999789,taxes_agreements_deals,"Taxes, agreements, or deals",0,False,0.0
h1_2025_12_03,h1_2025_12_03_t00154,comment,01:19:41.797,Unknown speaker,public,306,110.47900000000027,taxes_agreements_deals,"Taxes, agreements, or deals",1,True,0.009628048259534977
h1_2025_12_03,h1_2025_12_03_t00155,comment,01:21:37.955,Unknown speaker,public,196,75.75,taxes_agreements_deals,"Taxes, agreements, or deals",0,False,0.004158754136070414
h1_2025_12_03,h1_2025_12_03_t00156,comment,01:23:01.011,Unknown speaker,public,558,212.52199999999993,taxes_agreements_deals,"Taxes, agreements, or deals",1,True,0.002743572225514226
h1_2025_12_03,h1_2025_12_03_t00157,comment,01:26:42.316,Unknown speaker,public,81,29.93199999999979,taxes_agreements_deals,"Taxes, agreements, or deals",2,True,0.029860831919226265
h1_2025_12_03,h1_2025_12_03_t00158,comment,01:27:16.117,Unknown speaker,public,87,35.15700000000015,taxes_agreements_deals,"Taxes, agreements, or deals",3,True,0.0250871321286984
h1_2025_12_03,h1_2025_12_03_t00159,comment,01:27:58.241,Unknown speaker,public,252,99.33700000000044,taxes_agreements_deals,"Taxes, agreements, or deals",2,True,0.01711352833925848
h1_2025_12_03,h1_2025_12_03_t00160,comment,01:29:46.419,Unknown speaker,public,283,95.46399999999994,taxes_agreements_deals,"Taxes, agreements, or deals",0,False,0.005749333390360745
h1_2025_12_03,h1_2025_12_03_t00161,comment,01:31:25.306,Unknown speaker,public,19,5.926000000000386,taxes_agreements_deals,"Taxes, agreements, or deals",0,False,0.0
h1_2025_12_03,h1_2025_12_03_t00162,comment,01:31:38.543,Unknown speaker,public,37,13.631000000000313,taxes_agreements_deals,"Taxes, agreements, or deals",0,False,0.0
h1_2025_12_03,h1_2025_12_03_t00163,comment,01:32:00.200,Unknown speaker,public,55,20.67200000000048,taxes_agreements_deals,"Taxes, agreements, or deals",0,False,0.004559201128769037
h1_2025_12_03,h1_2025_12_03_t00165,comment,01:32:37.707,Unknown speaker,public,134,51.826999999999316,taxes_agreements_deals,"Taxes, agreements, or deals",0,False,0.0
h1_2025_12_03,h1_2025_12_03_t00166,comment,01:33:34.077,Unknown speaker,public,153,74.8710000000001,taxes_agreements_deals,"Taxes, agreements, or deals",0,False,0.0
h1_2025_12_03,h1_2025_12_03_t00167,comment,01:34:53.908,Unknown speaker,public,261,103.8149999999996,taxes_agreements_deals,"Taxes, agreements, or deals",0,False,0.002111889275878275
h1_2025_12_03,h1_2025_12_03_t00168,comment,01:36:41.504,Unknown speaker,public,487,232.0659999999998,taxes_agreements_deals,"Taxes, agreements, or deals",8,True,0.044382032579271154
h1_2025_12_03,h1_2025_12_03_t00169,comment,01:40:38.152,Unknown speaker,public,98,51.19800000000032,taxes_agreements_deals,"Taxes, agreements, or deals",1,True,0.007086730266708093
h1_2025_12_03,h1_2025_12_03_t00170,comment,01:41:32.597,Unknown speaker,public,332,138.4930000000004,taxes_agreements_deals,"Taxes, agreements, or deals",0,False,0.0
h1_2025_12_03,h1_2025_12_03_t00172,comment,01:43:54.812,Unknown speaker,public,161,61.850000000000364,taxes_agreements_deals,"Taxes, agreements, or deals",1,True,0.053791185075366996
h1_2025_12_03,h1_2025_12_03_t00173,comment,01:45:00.618,Unknown speaker,public,187,71.53699999999935,taxes_agreements_deals,"Taxes, agreements, or deals",0,False,0.0024529431831966024
h1_2025_12_03,h1_2025_12_03_t00174,comment,01:46:24.416,Unknown speaker,public,343,111.5590000000002,taxes_agreements_deals,"Taxes, agreements, or deals",0,False,0.008698297986995958
h1_2025_12_03,h1_2025_12_03_t00175,comment,01:48:24.482,Unknown speaker,official,109,49.39300000000003,taxes_agreements_deals,"Taxes, agreements, or deals",0,False,0.0
h1_2025_12_03,h1_2025_12_03_t00176,comment,01:49:20.628,Unknown speaker,official,201,80.82600000000002,taxes_agreements_deals,"Taxes, agreements, or deals",0,False,0.0
h1_2025_12_03,h1_2025_12_03_t00177,comment,01:50:41.654,Unknown speaker,official,27,10.695999999999913,taxes_agreements_deals,"Taxes, agreements, or deals",0,False,0.0
h1_2025_12_03,h1_2025_12_03_t00185,comment,01:52:36.715,Unknown speaker,official,25,11.590000000000146,taxes_agreements_deals,"Taxes, agreements, or deals",0,False,0.0
h1_2025_12_03,h1_2025_12_03_t00190,comment,01:53:01.555,Unknown speaker,official,74,28.305999999999585,taxes_agreements_deals,"Taxes, agreements, or deals",0,False,0.0
h1_2025_12_03,h1_2025_12_03_t00191,comment,01:53:30.622,Unknown speaker,public,106,29.59099999999944,taxes_agreements_deals,"Taxes, agreements, or deals",0,False,0.0
h1_2025_12_03,h1_2025_12_03_t00192,comment,01:54:00.592,Unknown speaker,official,162,61.44000000000051,taxes_agreements_deals,"Taxes, agreements, or deals",0,False,0.0
h1_2025_12_03,h1_2025_12_03_t00193,comment,01:55:03.472,Unknown speaker,public,41,19.54399999999987,taxes_agreements_deals,"Taxes, agreements, or deals",0,False,0.0
h1_2025_12_03,h1_2025_12_03_t00194,comment,01:55:29.248,Unknown speaker,public,88,27.347999999999956,taxes_agreements_deals,"Taxes, agreements, or deals",0,False,0.004387764404916202
h1_2025_12_03,h1_2025_12_03_t00195,comment,01:55:59.386,Unknown speaker,public,69,21.14799999999923,taxes_agreements_deals,"Taxes, agreements, or deals",0,False,0.0
h1_2025_12_03,h1_2025_12_03_t00198,comment,01:56:34.759,Unknown speaker,official,57,19.01000000000022,taxes_agreements_deals,"Taxes, agreements, or deals",0,False,0.0
h1_2025_12_03,h1_2025_12_03_t00200,comment,01:56:56.668,Unknown speaker,public,116,45.98000000000047,taxes_agreements_deals,"Taxes, agreements, or deals",0,False,0.010303146913923861
h1_2025_12_03,h1_2025_12_03_t00202,comment,01:57:47.329,Unknown speaker,official,19,6.082000000000335,taxes_agreements_deals,"Taxes, agreements, or deals",0,False,0.0
h1_2025_12_03,h1_2025_12_03_t00203,comment,01:57:56.748,Unknown speaker,official,18,4.863000000000284,taxes_agreements_deals,"Taxes, agreements, or deals",0,False,0.0
h1_2025_12_03,h1_2025_12_03_t00205,comment,01:58:05.254,Unknown speaker,official,22,10.886999999999716,taxes_agreements_deals,"Taxes, agreements, or deals",0,False,0.0
h1_2025_12_03,h1_2025_12_03_t00206,comment,01:58:18.202,Unknown speaker,public,22,10.20299999999952,taxes_agreements_deals,"Taxes, agreements, or deals",0,False,0.0
h1_2025_12_03,h1_2025_12_03_t00210,comment,01:58:42.514,Unknown speaker,public,47,14.963999999999942,taxes_agreements_deals,"Taxes, agreements, or deals",1,True,0.044762589177307036
h1_2025_12_03,h1_2025_12_03_t00211,comment,01:58:58.418,Unknown speaker,official,27,9.846000000000458,taxes_agreements_deals,"Taxes, agreements, or deals",0,False,0.0
h1_2025_12_03,h1_2025_12_03_t00212,comment,01:59:09.284,Unknown speaker,public,21,6.444000000000415,taxes_agreements_deals,"Taxes, agreements, or deals",0,False,0.0
h1_2025_12_03,h1_2025_12_03_t00214,comment,01:59:21.152,Unknown speaker,public,41,18.853000000000065,taxes_agreements_deals,"Taxes, agreements, or deals",0,False,0.0
h1_2025_12_03,h1_2025_12_03_t00216,comment,01:59:42.847,Unknown speaker,official,28,14.083000000000538,taxes_agreements_deals,"Taxes, agreements, or deals",0,False,0.0
h1_2025_12_03,h1_2025_12_03_t00220,comment,02:00:09.900,Unknown speaker,official,252,87.60400000000027,taxes_agreements_deals,"Taxes, agreements, or deals",0,False,0.0
h1_2025_12_03,h1_2025_12_03_t00223,comment,02:01:41.682,Unknown speaker,public,18,5.525000000000546,taxes_agreements_deals,"Taxes, agreements, or deals",0,False,0.0
h1_2025_12_03,h1_2025_12_03_t00227,comment,02:01:59.276,Unknown speaker,official,22,3.7830000000003565,taxes_agreements_deals,"Taxes, agreements, or deals",0,False,0.0
h1_2025_12_03,h1_2025_12_03_t00228,comment,02:02:03.119,Unknown speaker,public,152,53.35400000000027,taxes_agreements_deals,"Taxes, agreements, or deals",0,False,0.0032191569426187386
h1_2025_12_03,h1_2025_12_03_t00230,comment,02:02:58.213,Unknown speaker,public,43,14.076000000000022,taxes_agreements_deals,"Taxes, agreements, or deals",0,False,0.0
h1_2025_12_03,h1_2025_12_03_t00231,comment,02:03:12.309,Unknown speaker,official,32,7.645999999999731,taxes_agreements_deals,"Taxes, agreements, or deals",0,False,0.0
h1_2025_12_03,h1_2025_12_03_t00232,comment,02:03:20.295,Unknown speaker,public,61,18.960000000000036,taxes_agreements_deals,"Taxes, agreements, or deals",0,False,0.0
h1_2025_12_03,h1_2025_12_03_t00233,comment,02:03:39.275,Unknown speaker,official,66,25.10699999999997,taxes_agreements_deals,"Taxes, agreements, or deals",0,False,0.0
h1_2025_12_03,h1_2025_12_03_t00235,comment,02:04:12.726,Unknown speaker,official,19,6.983000000000175,taxes_agreements_deals,"Taxes, agreements, or deals",0,False,0.0
h1_2025_12_03,h1_2025_12_03_t00238,comment,02:04:28.213,Unknown speaker,official,32,22.105000000000473,taxes_agreements_deals,"Taxes, agreements, or deals",0,False,0.0
h1_2025_12_03,h1_2025_12_03_t00239,comment,02:04:56.046,Unknown speaker,official,21,6.184999999999491,taxes_agreements_deals,"Taxes, agreements, or deals",0,False,0.0
h1_2025_12_03,h1_2025_12_03_t00244,comment,02:05:15.741,Unknown speaker,official,28,14.041000000000167,taxes_agreements_deals,"Taxes, agreements, or deals",0,False,0.0
h1_2025_12_03,h1_2025_12_03_t00246,comment,02:05:48.647,Unknown speaker,official,417,124.26699999999983,taxes_agreements_deals,"Taxes, agreements, or deals",0,False,0.0
h1_2025_12_03,h1_2025_12_03_t00247,comment,02:07:54.235,Unknown speaker,public,22,6.927000000000589,taxes_agreements_deals,"Taxes, agreements, or deals",0,False,0.0
h1_2025_12_03,h1_2025_12_03_t00248,comment,02:08:01.957,Unknown speaker,official,353,100.3149999999996,taxes_agreements_deals,"Taxes, agreements, or deals",0,False,0.0
h1_2025_12_03,h1_2025_12_03_t00251,comment,02:09:53.807,Unknown speaker,official,20,7.655000000000655,taxes_agreements_deals,"Taxes, agreements, or deals",0,False,0.0
h1_2025_12_03,h1_2025_12_03_t00252,comment,02:10:01.502,Unknown speaker,public,361,113.3189999999995,taxes_agreements_deals,"Taxes, agreements, or deals",1,True,0.004221007760160572
h1_2025_12_03,h1_2025_12_03_t00255,comment,02:11:57.903,Unknown speaker,official,24,6.824999999999818,taxes_agreements_deals,"Taxes, agreements, or deals",0,False,0.0
h1_2025_12_03,h1_2025_12_03_t00261,comment,02:12:18.265,Unknown speaker,public,270,79.59299999999985,taxes_agreements_deals,"Taxes, agreements, or deals",1,True,0.0046642230439130645
h1_2025_12_03,h1_2025_12_03_t00263,comment,02:13:42.609,Unknown speaker,official,237,84.20599999999922,taxes_agreements_deals,"Taxes, agreements, or deals",0,False,0.0025408018083142676
h1_2025_12_03,h1_2025_12_03_t00264,comment,02:15:07.555,Unknown speaker,public,51,23.456999999999425,taxes_agreements_deals,"Taxes, agreements, or deals",0,False,0.0
h1_2025_12_03,h1_2025_12_03_t00265,comment,02:15:31.452,Unknown speaker,public,194,66.26600000000053,taxes_agreements_deals,"Taxes, agreements, or deals",1,True,0.005251455942064564
h1_2025_12_03,h1_2025_12_03_t00266,comment,02:16:38.759,Unknown speaker,official,37,12.647999999999229,taxes_agreements_deals,"Taxes, agreements, or deals",0,False,0.0
h1_2025_12_03,h1_2025_12_03_t00268,comment,02:16:53.488,Unknown speaker,official,57,20.8020000000015,taxes_agreements_deals,"Taxes, agreements, or deals",0,False,0.0
h1_2025_12_03,h1_2025_12_03_t00269,comment,02:17:17.372,Unknown speaker,official,55,18.153000000000247,taxes_agreements_deals,"Taxes, agreements, or deals",0,False,0.0
h1_2025_12_03,h1_2025_12_03_t00270,comment,02:17:37.322,Unknown speaker,public,127,36.80400000000009,taxes_agreements_deals,"Taxes, agreements, or deals",0,False,0.0
h1_2025_12_03,h1_2025_12_03_t00273,comment,02:18:17.849,Unknown speaker,official,29,8.0049999999992,taxes_agreements_deals,"Taxes, agreements, or deals",0,False,0.0
h1_2025_12_03,h1_2025_12_03_t00275,comment,02:18:26.891,Unknown speaker,official,142,47.452000000001135,taxes_agreements_deals,"Taxes, agreements, or deals",0,False,0.0
h1_2025_12_03,h1_2025_12_03_t00277,comment,02:19:21.536,Unknown speaker,staff,141,53.64400000000023,taxes_agreements_deals,"Taxes, agreements, or deals",0,False,0.0
h1_2025_12_03,h1_2025_12_03_t00278,comment,02:20:18.741,Unknown speaker,staff,112,47.638999999999214,taxes_agreements_deals,"Taxes, agreements, or deals",1,True,0.04953710725286692
h1_2025_12_03,h1_2025_12_03_t00281,comment,02:21:09.237,Unknown speaker,staff,22,7.483000000000175,taxes_agreements_deals,"Taxes, agreements, or deals",1,True,0.06114575449661839
h1_2025_12_03,h1_2025_12_03_t00282,comment,02:21:19.861,Unknown speaker,staff,20,5.34099999999853,taxes_agreements_deals,"Taxes, agreements, or deals",0,False,0.0
h1_2025_12_03,h1_2025_12_03_t00283,comment,02:21:34.898,Unknown speaker,staff,117,51.699000000000524,taxes_agreements_deals,"Taxes, agreements, or deals",2,True,0.04864485166541117
h1_2025_12_03,h1_2025_12_03_t00284,comment,02:22:34.085,Unknown speaker,staff,241,115.44000000000051,taxes_agreements_deals,"Taxes, agreements, or deals",2,True,0.013361331234619998
h1_2025_12_03,h1_2025_12_03_t00286,comment,02:24:40.305,Unknown speaker,official,33,9.066999999999098,taxes_agreements_deals,"Taxes, agreements, or deals",0,False,0.0
h1_2025_12_03,h1_2025_12_03_t00287,comment,02:24:52.095,Unknown speaker,staff,471,210.58300000000054,taxes_agreements_deals,"Taxes, agreements, or deals",0,False,0.004841508012401624
h1_2025_12_03,h1_2025_12_03_t00288,comment,02:28:25.720,Unknown speaker,staff,124,47.85200000000077,taxes_agreements_deals,"Taxes, agreements, or deals",0,False,0.0
h1_2025_12_03,h1_2025_12_03_t00289,comment,02:29:16.689,Unknown speaker,staff,25,12.265999999999622,taxes_agreements_deals,"Taxes, agreements, or deals",0,False,0.0
h1_2025_12_03,h1_2025_12_03_t00297,comment,02:30:12.103,Unknown speaker,consultant,32,15.031000000000859,taxes_agreements_deals,"Taxes, agreements, or deals",0,False,0.0
h1_2025_12_03,h1_2025_12_03_t00298,comment,02:30:30.295,Unknown speaker,consultant,598,218.59900000000016,taxes_agreements_deals,"Taxes, agreements, or deals",0,False,0.011148075703843265
h1_2025_12_03,h1_2025_12_03_t00300,comment,02:34:12.775,Unknown speaker,consultant,607,210.19900000000052,taxes_agreements_deals,"Taxes, agreements, or deals",0,False,0.00897551118189582
h1_2025_12_03,h1_2025_12_03_t00301,comment,02:37:47.512,Unknown speaker,consultant,775,290.66399999999885,taxes_agreements_deals,"Taxes, agreements, or deals",4,True,0.02574741926497229
h1_2025_12_03,h1_2025_12_03_t00303,comment,02:42:39.237,Unknown speaker,consultant,380,126.00300000000061,taxes_agreements_deals,"Taxes, agreements, or deals",0,False,0.0
h1_2025_12_03,h1_2025_12_03_t00305,comment,02:44:46.400,Unknown speaker,consultant,532,183.47400000000016,taxes_agreements_deals,"Taxes, agreements, or deals",0,False,0.011929232629586466
h1_2025_12_03,h1_2025_12_03_t00306,comment,02:47:49.914,Unknown speaker,official,81,28.02599999999984,taxes_agreements_deals,"Taxes, agreements, or deals",0,False,0.0
h1_2025_12_03,h1_2025_12_03_t00307,comment,02:48:18.709,Unknown speaker,unknown,114,28.9479999999985,taxes_agreements_deals,"Taxes, agreements, or deals",0,False,0.0
h1_2025_12_03,h1_2025_12_03_t00308,comment,02:48:48.247,Unknown speaker,official,108,41.73999999999978,taxes_agreements_deals,"Taxes, agreements, or deals",1,True,0.00867077283831213
h1_2025_12_03,h1_2025_12_03_t00309,comment,02:49:33.028,Unknown speaker,official,20,9.16399999999885,taxes_agreements_deals,"Taxes, agreements, or deals",0,False,0.0
h1_2025_12_03,h1_2025_12_03_t00311,comment,02:49:46.417,Unknown speaker,official,78,39.70800000000054,taxes_agreements_deals,"Taxes, agreements, or deals",0,False,0.0
h1_2025_12_03,h1_2025_12_03_t00313,comment,02:50:27.825,Unknown speaker,official,30,14.167999999999665,taxes_agreements_deals,"Taxes, agreements, or deals",0,False,0.0
h1_2025_12_03,h1_2025_12_03_t00314,comment,02:50:44.580,Unknown speaker,staff,212,98.42900000000009,taxes_agreements_deals,"Taxes, agreements, or deals",0,False,0.01520609235465108
h1_2025_12_03,h1_2025_12_03_t00315,comment,02:52:23.249,Unknown speaker,official,77,31.99699999999939,taxes_agreements_deals,"Taxes, agreements, or deals",1,True,0.019922644760506113
h1_2025_12_03,h1_2025_12_03_t00318,comment,02:53:04.913,Unknown speaker,staff,66,27.462999999999738,taxes_agreements_deals,"Taxes, agreements, or deals",0,False,0.0
h1_2025_12_03,h1_2025_12_03_t00321,comment,02:53:45.206,Unknown speaker,staff,91,36.55799999999908,taxes_agreements_deals,"Taxes, agreements, or deals",0,False,0.005594305570670308
h1_2025_12_03,h1_2025_12_03_t00326,comment,02:54:35.691,Unknown speaker,official,28,6.222999999999956,taxes_agreements_deals,"Taxes, agreements, or deals",1,True,0.023914276741160843
h1_2025_12_03,h1_2025_12_03_t00327,comment,02:54:42.414,Unknown speaker,official,26,12.417999999999665,taxes_agreements_deals,"Taxes, agreements, or deals",0,False,0.0
h1_2025_12_03,h1_2025_12_03_t00330,comment,02:55:06.161,Unknown speaker,official,105,33.48899999999958,taxes_agreements_deals,"Taxes, agreements, or deals",1,True,0.013774145140553145
h1_2025_12_03,h1_2025_12_03_t00331,comment,02:55:39.670,Unknown speaker,staff,26,11.962999999999738,taxes_agreements_deals,"Taxes, agreements, or deals",0,False,0.0
h1_2025_12_03,h1_2025_12_03_t00334,comment,02:56:04.983,Unknown speaker,official,139,54.615999999999985,taxes_agreements_deals,"Taxes, agreements, or deals",0,False,0.0
h1_2025_12_03,h1_2025_12_03_t00335,comment,02:56:59.759,Unknown speaker,consultant,20,4.743000000000393,taxes_agreements_deals,"Taxes, agreements, or deals",0,False,0.0
h1_2025_12_03,h1_2025_12_03_t00338,comment,02:57:13.788,Unknown speaker,official,20,5.502999999998792,taxes_agreements_deals,"Taxes, agreements, or deals",0,False,0.0
h1_2025_12_03,h1_2025_12_03_t00339,comment,02:57:19.731,Unknown speaker,consultant,18,8.585000000000946,taxes_agreements_deals,"Taxes, agreements, or deals",0,False,0.0
h1_2025_12_03,h1_2025_12_03_t00341,comment,02:57:35.020,Unknown speaker,consultant,337,131.6279999999988,taxes_agreements_deals,"Taxes, agreements, or deals",1,True,0.010544254768622871
h1_2025_12_03,h1_2025_12_03_t00342,comment,02:59:46.668,Unknown speaker,official,56,22.02100000000064,taxes_agreements_deals,"Taxes, agreements, or deals",0,False,0.0
h1_2025_12_03,h1_2025_12_03_t00343,comment,03:00:09.710,Unknown speaker,consultant,122,39.27000000000044,taxes_agreements_deals,"Taxes, agreements, or deals",0,False,0.0
h1_2025_12_03,h1_2025_12_03_t00344,comment,03:00:49.000,Unknown speaker,official,57,17.222999999999956,taxes_agreements_deals,"Taxes, agreements, or deals",0,False,0.0
h1_2025_12_03,h1_2025_12_03_t00345,comment,03:01:07.363,Unknown speaker,consultant,71,21.394000000000233,taxes_agreements_deals,"Taxes, agreements, or deals",0,False,0.0
h1_2025_12_03,h1_2025_12_03_t00348,comment,03:01:43.332,Unknown speaker,official,74,35.02000000000044,taxes_agreements_deals,"Taxes, agreements, or deals",0,False,0.0
h1_2025_12_03,h1_2025_12_03_t00349,comment,03:02:19.298,Unknown speaker,staff,193,64.02899999999863,taxes_agreements_deals,"Taxes, agreements, or deals",0,False,0.0
h1_2025_12_03,h1_2025_12_03_t00350,comment,03:03:23.647,Unknown speaker,official,27,14.766999999999825,taxes_agreements_deals,"Taxes, agreements, or deals",0,False,0.0
h1_2025_12_03,h1_2025_12_03_t00351,comment,03:03:39.434,Unknown speaker,staff,62,18.585000000000946,taxes_agreements_deals,"Taxes, agreements, or deals",0,False,0.0
h1_2025_12_03,h1_2025_12_03_t00352,comment,03:03:58.399,Unknown speaker,official,22,6.023000000001048,taxes_agreements_deals,"Taxes, agreements, or deals",0,False,0.0
h1_2025_12_03,h1_2025_12_03_t00359,comment,03:04:22.820,Unknown speaker,official,53,23.971999999999753,taxes_agreements_deals,"Taxes, agreements, or deals",0,False,0.0
h1_2025_12_03,h1_2025_12_03_t00361,comment,03:04:51.313,Unknown speaker,official,64,24.913000000000466,taxes_agreements_deals,"Taxes, agreements, or deals",0,False,0.0
h1_2025_12_03,h1_2025_12_03_t00362,comment,03:05:16.466,Unknown speaker,consultant,60,20.41899999999987,taxes_agreements_deals,"Taxes, agreements, or deals",0,False,0.0
h1_2025_12_03,h1_2025_12_03_t00366,comment,03:05:45.281,Unknown speaker,consultant,26,9.02599999999984,taxes_agreements_deals,"Taxes, agreements, or deals",0,False,0.0
h1_2025_12_03,h1_2025_12_03_t00367,comment,03:05:54.707,Unknown speaker,official,140,58.11800000000039,taxes_agreements_deals,"Taxes, agreements, or deals",0,False,0.0
h1_2025_12_03,h1_2025_12_03_t00368,comment,03:06:53.445,Unknown speaker,consultant,410,153.02900000000045,taxes_agreements_deals,"Taxes, agreements, or deals",0,False,0.0
h1_2025_12_03,h1_2025_12_03_t00369,comment,03:09:26.594,Unknown speaker,official,59,17.10699999999997,taxes_agreements_deals,"Taxes, agreements, or deals",0,False,0.0
h1_2025_12_03,h1_2025_12_03_t00372,comment,03:10:28.331,Unknown speaker,official,50,13.825000000000728,taxes_agreements_deals,"Taxes, agreements, or deals",0,False,0.0
h1_2025_12_03,h1_2025_12_03_t00373,comment,03:10:47.359,Unknown speaker,official,22,6.403000000000247,taxes_agreements_deals,"Taxes, agreements, or deals",0,False,0.0
h1_2025_12_03,h1_2025_12_03_t00375,comment,03:11:46.983,Unknown speaker,official,18,9.604999999999563,taxes_agreements_deals,"Taxes, agreements, or deals",0,False,0.0
h1_2025_12_03,h1_2025_12_03_t00378,comment,03:12:00.191,Unknown speaker,unknown,513,193.80099999999948,taxes_agreements_deals,"Taxes, agreements, or deals",1,True,0.022912466498423115
h1_2025_12_03,h1_2025_12_03_t00383,comment,03:16:06.004,Unknown speaker,public,185,65.33699999999953,taxes_agreements_deals,"Taxes, agreements, or deals",0,False,0.0
h1_2025_12_03,h1_2025_12_03_t00386,comment,03:17:31.262,Unknown speaker,public,389,127.04399999999987,taxes_agreements_deals,"Taxes, agreements, or deals",4,True,0.037050383058418644
h1_2025_12_03,h1_2025_12_03_t00392,comment,03:20:49.879,Unknown speaker,official,101,46.93499999999949,taxes_agreements_deals,"Taxes, agreements, or deals",0,False,0.0
h1_2025_12_03,h1_2025_12_03_t00393,comment,03:21:37.214,Unknown speaker,developer,51,20.046000000000276,taxes_agreements_deals,"Taxes, agreements, or deals",0,False,0.0
h1_2025_12_03,h1_2025_12_03_t00394,comment,03:21:57.280,Unknown speaker,official,60,30.307999999999083,taxes_agreements_deals,"Taxes, agreements, or deals",1,True,0.010931792244291649
h1_2025_12_03,h1_2025_12_03_t00395,comment,03:22:27.868,Unknown speaker,developer,70,24.066999999999098,taxes_agreements_deals,"Taxes, agreements, or deals",0,False,0.0
h1_2025_12_03,h1_2025_12_03_t00397,comment,03:22:53.277,Unknown speaker,developer,19,4.962999999999738,taxes_agreements_deals,"Taxes, agreements, or deals",0,False,0.0
h1_2025_12_03,h1_2025_12_03_t00398,comment,03:22:58.261,Unknown speaker,official,183,56.23400000000038,taxes_agreements_deals,"Taxes, agreements, or deals",0,False,0.0
h1_2025_12_03,h1_2025_12_03_t00399,comment,03:23:55.744,Unknown speaker,developer,100,27.995999999999185,taxes_agreements_deals,"Taxes, agreements, or deals",0,False,0.0
h1_2025_12_03,h1_2025_12_03_t00400,comment,03:24:24.260,Unknown speaker,official,54,20.050999999999476,taxes_agreements_deals,"Taxes, agreements, or deals",0,False,0.0
h1_2025_12_03,h1_2025_12_03_t00404,comment,03:25:06.229,Unknown speaker,official,147,53.71600000000035,taxes_agreements_deals,"Taxes, agreements, or deals",0,False,0.0
h1_2025_12_03,h1_2025_12_03_t00406,comment,03:26:11.069,Unknown speaker,official,121,43.65099999999984,taxes_agreements_deals,"Taxes, agreements, or deals",0,False,0.0
h1_2025_12_03,h1_2025_12_03_t00408,comment,03:26:59.193,Unknown speaker,official,40,12.268000000000029,taxes_agreements_deals,"Taxes, agreements, or deals",0,False,0.0
h1_2025_12_03,h1_2025_12_03_t00410,comment,03:27:21.227,Unknown speaker,official,46,17.282999999999447,taxes_agreements_deals,"Taxes, agreements, or deals",0,False,0.0
h1_2025_12_03,h1_2025_12_03_t00412,comment,03:27:41.072,Unknown speaker,official,81,39.215000000000146,taxes_agreements_deals,"Taxes, agreements, or deals",0,False,0.0
h1_2025_12_03,h1_2025_12_03_t00413,comment,03:28:22.826,Unknown speaker,developer,34,14.911000000000058,taxes_agreements_deals,"Taxes, agreements, or deals",0,False,0.0
h1_2025_12_03,h1_2025_12_03_t00414,comment,03:28:37.757,Unknown speaker,developer,125,54.54500000000007,taxes_agreements_deals,"Taxes, agreements, or deals",0,False,0.0
h1_2025_12_03,h1_2025_12_03_t00415,comment,03:29:32.785,Unknown speaker,official,30,13.668999999999869,taxes_agreements_deals,"Taxes, agreements, or deals",0,False,0.0
h1_2025_12_03,h1_2025_12_03_t00416,comment,03:29:46.474,Unknown speaker,developer,50,19.674999999999272,taxes_agreements_deals,"Taxes, agreements, or deals",0,False,0.0
h1_2025_12_03,h1_2025_12_03_t00418,comment,03:30:12.153,Unknown speaker,developer,48,17.064000000000306,taxes_agreements_deals,"Taxes, agreements, or deals",0,False,0.0
h1_2025_12_03,h1_2025_12_03_t00419,comment,03:30:29.237,Unknown speaker,official,27,8.782000000001062,taxes_agreements_deals,"Taxes, agreements, or deals",0,False,0.0
h1_2025_12_03,h1_2025_12_03_t00420,comment,03:30:40.060,Unknown speaker,developer,30,9.125,taxes_agreements_deals,"Taxes, agreements, or deals",0,False,0.0
h1_2025_12_03,h1_2025_12_03_t00421,comment,03:30:49.905,Unknown speaker,official,109,43.862999999999374,taxes_agreements_deals,"Taxes, agreements, or deals",0,False,0.0
h1_2025_12_03,h1_2025_12_03_t00422,comment,03:31:42.322,Unknown speaker,public,294,107.9989999999998,taxes_agreements_deals,"Taxes, agreements, or deals",1,True,0.024318932191689062
h1_2025_12_03,h1_2025_12_03_t00425,comment,03:33:42.785,Unknown speaker,official,54,17.82600000000093,taxes_agreements_deals,"Taxes, agreements, or deals",0,False,0.0
h1_2025_12_03,h1_2025_12_03_t00426,comment,03:34:00.651,Unknown speaker,developer,23,7.143000000000029,taxes_agreements_deals,"Taxes, agreements, or deals",0,False,0.0
h1_2025_12_03,h1_2025_12_03_t00431,comment,03:34:34.392,Unknown speaker,public,627,186.8099999999995,taxes_agreements_deals,"Taxes, agreements, or deals",0,False,0.005245338681289401
h1_2025_12_03,h1_2025_12_03_t00435,comment,03:38:10.771,Unknown speaker,public,438,162.40200000000004,taxes_agreements_deals,"Taxes, agreements, or deals",0,False,0.0056917760223767384
h1_2025_12_03,h1_2025_12_03_t00438,comment,03:41:08.792,Unknown speaker,official,34,15.713999999999942,taxes_agreements_deals,"Taxes, agreements, or deals",0,False,0.0
h1_2025_12_03,h1_2025_12_03_t00439,comment,03:41:28.451,Unknown speaker,developer,44,17.355000000001382,taxes_agreements_deals,"Taxes, agreements, or deals",0,False,0.0
h1_2025_12_03,h1_2025_12_03_t00440,comment,03:41:47.047,Unknown speaker,official,25,9.028000000000247,taxes_agreements_deals,"Taxes, agreements, or deals",0,False,0.0
h1_2025_12_03,h1_2025_12_03_t00442,comment,03:42:05.138,Unknown speaker,official,40,17.531999999999243,taxes_agreements_deals,"Taxes, agreements, or deals",0,False,0.0
h1_2025_12_03,h1_2025_12_03_t00443,comment,03:42:24.871,Unknown speaker,developer,57,21.822000000000116,taxes_agreements_deals,"Taxes, agreements, or deals",0,False,0.0
h1_2025_12_03,h1_2025_12_03_t00444,comment,03:42:52.558,Unknown speaker,official,81,29.738999999999578,taxes_agreements_deals,"Taxes, agreements, or deals",0,False,0.0
h1_2025_12_03,h1_2025_12_03_t00445,comment,03:43:23.057,Unknown speaker,official,25,12.682999999999083,taxes_agreements_deals,"Taxes, agreements, or deals",1,True,0.014532209022119697
h1_2025_12_03,h1_2025_12_03_t00449,comment,03:43:44.222,Unknown speaker,official,20,7.541000000001077,taxes_agreements_deals,"Taxes, agreements, or deals",0,False,0.0
h1_2025_12_03,h1_2025_12_03_t00453,comment,03:44:05.656,Unknown speaker,public,595,188.4399999999987,taxes_agreements_deals,"Taxes, agreements, or deals",10,True,0.0658150697095935
h1_2025_12_03,h1_2025_12_03_t00457,comment,03:47:25.241,Unknown speaker,official,24,7.543999999999869,taxes_agreements_deals,"Taxes, agreements, or deals",0,False,0.0
h1_2025_12_03,h1_2025_12_03_t00459,comment,03:48:00.917,Unknown speaker,public,480,154.53100000000086,taxes_agreements_deals,"Taxes, agreements, or deals",1,True,0.02479041372992067
h1_2025_12_03,h1_2025_12_03_t00461,comment,03:50:48.656,Unknown speaker,official,32,30.894999999998618,taxes_agreements_deals,"Taxes, agreements, or deals",0,False,0.0
h1_2025_12_03,h1_2025_12_03_t00462,comment,03:51:25.678,Unknown speaker,public,78,25.391999999999825,taxes_agreements_deals,"Taxes, agreements, or deals",0,False,0.0
h1_2025_12_03,h1_2025_12_03_t00464,comment,03:51:55.905,Unknown speaker,public,391,122.66399999999885,taxes_agreements_deals,"Taxes, agreements, or deals",0,False,0.004942518034483204
h1_2025_12_03,h1_2025_12_03_t00468,comment,03:54:18.801,Unknown speaker,official,73,30.632000000001426,taxes_agreements_deals,"Taxes, agreements, or deals",0,False,0.0
h1_2025_12_03,h1_2025_12_03_t00469,comment,03:54:52.615,Unknown speaker,official,216,92.44000000000051,taxes_agreements_deals,"Taxes, agreements, or deals",0,False,0.004310074829998305
h1_2025_12_03,h1_2025_12_03_t00470,comment,03:56:25.875,Unknown speaker,developer,111,35.2549999999992,taxes_agreements_deals,"Taxes, agreements, or deals",1,True,0.030015159607692812
h1_2025_12_03,h1_2025_12_03_t00471,comment,03:57:01.565,Unknown speaker,official,109,40.052999999999884,taxes_agreements_deals,"Taxes, agreements, or deals",2,True,0.04227455927745991
h1_2025_12_03,h1_2025_12_03_t00472,comment,03:57:41.958,Unknown speaker,developer,391,115.35399999999936,taxes_agreements_deals,"Taxes, agreements, or deals",1,True,0.01753833706143073
h1_2025_12_03,h1_2025_12_03_t00473,comment,03:59:37.832,Unknown speaker,official,44,17.93499999999949,taxes_agreements_deals,"Taxes, agreements, or deals",0,False,0.0
h1_2025_12_03,h1_2025_12_03_t00474,comment,03:59:56.528,Unknown speaker,developer,170,57.065999999998894,taxes_agreements_deals,"Taxes, agreements, or deals",0,False,0.0
h1_2025_12_03,h1_2025_12_03_t00475,comment,04:00:54.395,Unknown speaker,official,60,21.610999999998967,taxes_agreements_deals,"Taxes, agreements, or deals",0,False,0.0
h1_2025_12_03,h1_2025_12_03_t00476,comment,04:01:19.133,Unknown speaker,official,77,30.550999999999476,taxes_agreements_deals,"Taxes, agreements, or deals",0,False,0.004403583659808998
h1_2025_12_03,h1_2025_12_03_t00477,comment,04:01:50.344,Unknown speaker,official,22,10.743000000000393,taxes_agreements_deals,"Taxes, agreements, or deals",0,False,0.0
h1_2025_12_03,h1_2025_12_03_t00479,comment,04:02:05.389,Unknown speaker,official,44,19.53900000000067,taxes_agreements_deals,"Taxes, agreements, or deals",0,False,0.0
h1_2025_12_03,h1_2025_12_03_t00482,comment,04:02:39.710,Unknown speaker,public,453,125.11599999999999,taxes_agreements_deals,"Taxes, agreements, or deals",3,True,0.007785169761193776
h1_2025_12_03,h1_2025_12_03_t00485,comment,04:05:17.484,Unknown speaker,public,26,16.549999999999272,taxes_agreements_deals,"Taxes, agreements, or deals",0,False,0.0
h1_2025_12_03,h1_2025_12_03_t00486,comment,04:05:45.966,Unknown speaker,public,63,17.495999999999185,taxes_agreements_deals,"Taxes, agreements, or deals",0,False,0.0
h1_2025_12_03,h1_2025_12_03_t00488,comment,04:06:12.598,Unknown speaker,public,181,87.03900000000067,taxes_agreements_deals,"Taxes, agreements, or deals",0,False,0.0
h1_2025_12_03,h1_2025_12_03_t00492,comment,04:08:08.178,Unknown speaker,official,114,45.42200000000048,taxes_agreements_deals,"Taxes, agreements, or deals",0,False,0.005617890090824268
h1_2025_12_03,h1_2025_12_03_t00493,comment,04:08:53.997,Unknown speaker,developer,207,71.6200000000008,taxes_agreements_deals,"Taxes, agreements, or deals",0,False,0.0
h1_2025_12_03,h1_2025_12_03_t00498,comment,04:11:04.352,Unknown speaker,public,394,165.39699999999903,taxes_agreements_deals,"Taxes, agreements, or deals",0,False,0.0
h1_2025_12_03,h1_2025_12_03_t00503,comment,04:14:27.511,Unknown speaker,public,347,154.72899999999936,taxes_agreements_deals,"Taxes, agreements, or deals",0,False,0.0
h1_2025_12_03,h1_2025_12_03_t00504,comment,04:17:05.289,Unknown speaker,public,95,34.22599999999875,taxes_agreements_deals,"Taxes, agreements, or deals",0,False,0.0
h1_2025_12_03,h1_2025_12_03_t00506,comment,04:17:41.796,Unknown speaker,public,21,9.324999999998909,taxes_agreements_deals,"Taxes, agreements, or deals",0,False,0.0
h1_2025_12_03,h1_2025_12_03_t00512,comment,04:18:21.087,Unknown speaker,official,67,26.298000000000684,taxes_agreements_deals,"Taxes, agreements, or deals",0,False,0.008254802158269653
h1_2025_12_03,h1_2025_12_03_t00513,comment,04:18:49.786,Unknown speaker,consultant,127,50.04899999999907,taxes_agreements_deals,"Taxes, agreements, or deals",0,False,0.0
h1_2025_12_03,h1_2025_12_03_t00517,comment,04:20:10.053,Unknown speaker,public,207,81.13400000000001,taxes_agreements_deals,"Taxes, agreements, or deals",0,False,0.0
h1_2025_12_03,h1_2025_12_03_t00518,comment,04:21:38.792,Unknown speaker,public,244,77.89600000000064,taxes_agreements_deals,"Taxes, agreements, or deals",0,False,0.0
h1_2025_12_03,h1_2025_12_03_t00519,comment,04:22:59.949,Unknown speaker,public,110,38.42699999999968,taxes_agreements_deals,"Taxes, agreements, or deals",0,False,0.0
h1_2025_12_03,h1_2025_12_03_t00521,comment,04:23:41.077,Unknown speaker,public,336,103.55400000000009,taxes_agreements_deals,"Taxes, agreements, or deals",2,True,0.019392218656764052
h1_2025_12_03,h1_2025_12_03_t00522,comment,04:25:30.514,Unknown speaker,official,129,50.5580000000009,taxes_agreements_deals,"Taxes, agreements, or deals",0,False,0.0
h1_2025_12_03,h1_2025_12_03_t00523,comment,04:26:23.031,Unknown speaker,official,64,25.540999999999258,taxes_agreements_deals,"Taxes, agreements, or deals",0,False,0.0
h1_2025_12_03,h1_2025_12_03_t00524,comment,04:26:50.842,Unknown speaker,developer,49,14.506999999999607,taxes_agreements_deals,"Taxes, agreements, or deals",0,False,0.0
h1_2025_12_03,h1_2025_12_03_t00525,comment,04:27:08.710,Unknown speaker,developer,59,24.106000000001586,taxes_agreements_deals,"Taxes, agreements, or deals",0,False,0.0
h1_2025_12_03,h1_2025_12_03_t00528,comment,04:27:43.189,Unknown speaker,official,70,28.11199999999917,taxes_agreements_deals,"Taxes, agreements, or deals",0,False,0.004847002693516983
h1_2025_12_03,h1_2025_12_03_t00529,comment,04:28:12.882,Unknown speaker,developer,100,35.486000000000786,taxes_agreements_deals,"Taxes, agreements, or deals",0,False,0.0
h1_2025_12_03,h1_2025_12_03_t00530,comment,04:28:52.905,Unknown speaker,official,23,9.646999999999025,taxes_agreements_deals,"Taxes, agreements, or deals",0,False,0.0
h1_2025_12_03,h1_2025_12_03_t00531,comment,04:29:06.515,Unknown speaker,official,52,11.708000000000538,taxes_agreements_deals,"Taxes, agreements, or deals",0,False,0.0
h1_2025_12_03,h1_2025_12_03_t00532,comment,04:29:19.122,Unknown speaker,official,67,23.51300000000083,taxes_agreements_deals,"Taxes, agreements, or deals",0,False,0.0
h1_2025_12_03,h1_2025_12_03_t00533,comment,04:29:55.933,Unknown speaker,official,96,23.789999999999054,taxes_agreements_deals,"Taxes, agreements, or deals",0,False,0.0
h1_2025_12_03,h1_2025_12_03_t00534,comment,04:30:19.983,Unknown speaker,official,64,18.88500000000022,taxes_agreements_deals,"Taxes, agreements, or deals",0,False,0.0
h1_2025_12_03,h1_2025_12_03_t00537,comment,04:30:43.454,Unknown speaker,public,74,21.754000000000815,taxes_agreements_deals,"Taxes, agreements, or deals",0,False,0.004912089215093789
h1_2025_12_03,h1_2025_12_03_t00538,comment,04:31:08.452,Unknown speaker,public,516,162.8720000000012,taxes_agreements_deals,"Taxes, agreements, or deals",2,True,0.016608519537623264
h1_2025_12_03,h1_2025_12_03_t00539,comment,04:33:55.655,Unknown speaker,public,43,13.488000000001193,taxes_agreements_deals,"Taxes, agreements, or deals",0,False,0.0
h1_2025_12_03,h1_2025_12_03_t00540,comment,04:34:09.443,Unknown speaker,official,59,18.114000000001397,taxes_agreements_deals,"Taxes, agreements, or deals",0,False,0.0
h1_2025_12_03,h1_2025_12_03_t00545,comment,04:34:48.586,Unknown speaker,public,225,80.22400000000198,taxes_agreements_deals,"Taxes, agreements, or deals",0,False,0.0
h1_2025_12_03,h1_2025_12_03_t00546,comment,04:36:08.830,Unknown speaker,official,29,10.568999999999505,taxes_agreements_deals,"Taxes, agreements, or deals",0,False,0.0
h1_2025_12_03,h1_2025_12_03_t00547,comment,04:36:19.599,Unknown speaker,public,168,57.21700000000055,taxes_agreements_deals,"Taxes, agreements, or deals",0,False,0.0
h1_2025_12_03,h1_2025_12_03_t00548,comment,04:37:17.497,Unknown speaker,official,18,4.843000000000757,taxes_agreements_deals,"Taxes, agreements, or deals",0,False,0.0
h1_2025_12_03,h1_2025_12_03_t00550,comment,04:37:23.061,Unknown speaker,official,39,13.309999999997672,taxes_agreements_deals,"Taxes, agreements, or deals",0,False,0.0
h1_2025_12_03,h1_2025_12_03_t00551,comment,04:37:39.034,Unknown speaker,official,23,5.564000000002125,taxes_agreements_deals,"Taxes, agreements, or deals",0,False,0.0
h1_2025_12_03,h1_2025_12_03_t00553,comment,04:37:46.980,Unknown speaker,developer,201,67.63200000000143,taxes_agreements_deals,"Taxes, agreements, or deals",0,False,0.0
h1_2025_12_03,h1_2025_12_03_t00554,comment,04:38:55.645,Unknown speaker,official,45,18.955999999998312,taxes_agreements_deals,"Taxes, agreements, or deals",0,False,0.0
h1_2025_12_03,h1_2025_12_03_t00555,comment,04:39:14.781,Unknown speaker,developer,210,75.52700000000186,taxes_agreements_deals,"Taxes, agreements, or deals",0,False,0.0024199379033649506
h1_2025_12_03,h1_2025_12_03_t00557,comment,04:40:41.472,Unknown speaker,official,55,21.534999999999854,taxes_agreements_deals,"Taxes, agreements, or deals",0,False,0.0
h1_2025_12_03,h1_2025_12_03_t00563,comment,04:41:14.780,Unknown speaker,official,20,5.3840000000018335,taxes_agreements_deals,"Taxes, agreements, or deals",0,False,0.0
h1_2025_12_03,h1_2025_12_03_t00564,comment,04:41:23.827,Unknown speaker,official,21,7.024999999997817,taxes_agreements_deals,"Taxes, agreements, or deals",0,False,0.0
h1_2025_12_03,h1_2025_12_03_t00566,comment,04:44:28.206,Unknown speaker,official,32,23.51800000000003,taxes_agreements_deals,"Taxes, agreements, or deals",0,False,0.0
h1_2025_12_03,h1_2025_12_03_t00568,comment,04:45:01.564,Unknown speaker,public,415,132.34800000000178,taxes_agreements_deals,"Taxes, agreements, or deals",0,False,0.0
h2_2026_03_23,h2_2026_03_23_t00001,comment,00:00:00.945,Unknown speaker,public,67,19.407,taxes_agreements_deals,"Taxes, agreements, or deals",0,False,0.004938739802770005
h2_2026_03_23,h2_2026_03_23_t00003,comment,00:00:29.619,Unknown speaker,official,30,6.783000000000001,taxes_agreements_deals,"Taxes, agreements, or deals",0,False,0.0
h2_2026_03_23,h2_2026_03_23_t00005,comment,00:00:37.823,Unknown speaker,official,40,17.109,taxes_agreements_deals,"Taxes, agreements, or deals",0,False,0.0
h2_2026_03_23,h2_2026_03_23_t00008,comment,00:01:14.507,Unknown speaker,staff,34,21.808999999999997,taxes_agreements_deals,"Taxes, agreements, or deals",0,False,0.0
h2_2026_03_23,h2_2026_03_23_t00016,comment,00:01:44.715,Unknown speaker,staff,20,17.230999999999995,taxes_agreements_deals,"Taxes, agreements, or deals",0,False,0.0
h2_2026_03_23,h2_2026_03_23_t00025,comment,00:03:57.985,Unknown speaker,staff,22,13.044999999999987,taxes_agreements_deals,"Taxes, agreements, or deals",0,False,0.0
h2_2026_03_23,h2_2026_03_23_t00038,comment,00:04:35.603,Unknown speaker,official,54,17.882000000000005,taxes_agreements_deals,"Taxes, agreements, or deals",0,False,0.0
h2_2026_03_23,h2_2026_03_23_t00041,comment,00:05:05.654,Unknown speaker,official,257,80.565,taxes_agreements_deals,"Taxes, agreements, or deals",0,False,0.0
h2_2026_03_23,h2_2026_03_23_t00043,comment,00:07:25.742,Unknown speaker,official,23,13.988,taxes_agreements_deals,"Taxes, agreements, or deals",0,False,0.0
h2_2026_03_23,h2_2026_03_23_t00044,comment,00:07:53.333,Unknown speaker,official,65,22.984999999999957,taxes_agreements_deals,"Taxes, agreements, or deals",0,False,0.0
h2_2026_03_23,h2_2026_03_23_t00045,comment,00:08:19.765,Unknown speaker,official,201,73.79700000000003,taxes_agreements_deals,"Taxes, agreements, or deals",0,False,0.0
h2_2026_03_23,h2_2026_03_23_t00047,comment,00:11:30.417,Unknown speaker,official,187,65.553,taxes_agreements_deals,"Taxes, agreements, or deals",0,False,0.0
h2_2026_03_23,h2_2026_03_23_t00076,comment,00:14:50.074,Unknown speaker,official,29,9.605999999999995,taxes_agreements_deals,"Taxes, agreements, or deals",0,False,0.0
h2_2026_03_23,h2_2026_03_23_t00077,comment,00:15:07.426,Unknown speaker,developer,32,6.846000000000004,taxes_agreements_deals,"Taxes, agreements, or deals",0,False,0.013767036573653649
h2_2026_03_23,h2_2026_03_23_t00078,comment,00:15:21.198,Unknown speaker,developer,1388,451.5079999999999,taxes_agreements_deals,"Taxes, agreements, or deals",2,True,0.03450944554007204
h2_2026_03_23,h2_2026_03_23_t00079,comment,00:23:06.831,Unknown speaker,developer,388,131.16600000000017,taxes_agreements_deals,"Taxes, agreements, or deals",1,True,0.0037030857009148275
h2_2026_03_23,h2_2026_03_23_t00082,comment,00:25:32.668,Unknown speaker,official,21,8.125,taxes_agreements_deals,"Taxes, agreements, or deals",0,False,0.0
h2_2026_03_23,h2_2026_03_23_t00083,comment,00:25:43.034,Unknown speaker,public,679,317.49599999999987,taxes_agreements_deals,"Taxes, agreements, or deals",1,True,0.018309799531992674
h2_2026_03_23,h2_2026_03_23_t00084,comment,00:31:13.089,Unknown speaker,official,43,17.923999999999978,taxes_agreements_deals,"Taxes, agreements, or deals",0,False,0.0
h2_2026_03_23,h2_2026_03_23_t00085,comment,00:31:33.554,Unknown speaker,public,696,264.3489999999997,taxes_agreements_deals,"Taxes, agreements, or deals",4,True,0.020640023757840405
h2_2026_03_23,h2_2026_03_23_t00086,comment,00:36:05.439,Unknown speaker,official,22,11.62900000000036,taxes_agreements_deals,"Taxes, agreements, or deals",0,False,0.0
h2_2026_03_23,h2_2026_03_23_t00087,comment,00:36:17.128,Unknown speaker,consultant,544,196.06399999999985,taxes_agreements_deals,"Taxes, agreements, or deals",0,False,0.0
h2_2026_03_23,h2_2026_03_23_t00090,comment,00:39:52.808,Unknown speaker,developer,564,225.8470000000002,taxes_agreements_deals,"Taxes, agreements, or deals",0,False,0.002877605511340912
h2_2026_03_23,h2_2026_03_23_t00091,comment,00:43:44.657,Unknown speaker,developer,18,4.40099999999984,taxes_agreements_deals,"Taxes, agreements, or deals",0,False,0.0
h2_2026_03_23,h2_2026_03_23_t00092,comment,00:43:49.518,Unknown speaker,official,19,7.201999999999771,taxes_agreements_deals,"Taxes, agreements, or deals",0,False,0.0
h2_2026_03_23,h2_2026_03_23_t00093,comment,00:44:08.182,Unknown speaker,public,204,90.89100000000008,taxes_agreements_deals,"Taxes, agreements, or deals",0,False,0.0024761979864337934
h2_2026_03_23,h2_2026_03_23_t00094,comment,00:45:42.797,Unknown speaker,public,251,105.60300000000007,taxes_agreements_deals,"Taxes, agreements, or deals",1,True,0.0047386747610134484
h2_2026_03_23,h2_2026_03_23_t00095,comment,00:47:31.903,Unknown speaker,public,261,112.9050000000002,taxes_agreements_deals,"Taxes, agreements, or deals",0,False,0.0
h2_2026_03_23,h2_2026_03_23_t00096,comment,00:49:39.329,Unknown speaker,public,19,12.385999999999967,taxes_agreements_deals,"Taxes, agreements, or deals",0,False,0.0
h2_2026_03_23,h2_2026_03_23_t00098,comment,00:49:54.116,Unknown speaker,public,27,8.123999999999796,taxes_agreements_deals,"Taxes, agreements, or deals",0,False,0.0
h2_2026_03_23,h2_2026_03_23_t00102,comment,00:50:22.043,Unknown speaker,public,42,17.20699999999988,taxes_agreements_deals,"Taxes, agreements, or deals",0,False,0.0
h2_2026_03_23,h2_2026_03_23_t00103,comment,00:50:43.231,Unknown speaker,public,354,116.6859999999997,taxes_agreements_deals,"Taxes, agreements, or deals",0,False,0.0
h2_2026_03_23,h2_2026_03_23_t00104,comment,00:52:44.451,Unknown speaker,public,72,30.286000000000058,taxes_agreements_deals,"Taxes, agreements, or deals",0,False,0.0
h2_2026_03_23,h2_2026_03_23_t00106,comment,00:53:28.809,Unknown speaker,public,103,36.8149999999996,taxes_agreements_deals,"Taxes, agreements, or deals",0,False,0.0
h2_2026_03_23,h2_2026_03_23_t00108,comment,00:54:51.299,Unknown speaker,developer,112,37.84400000000005,taxes_agreements_deals,"Taxes, agreements, or deals",0,False,0.0
h2_2026_03_23,h2_2026_03_23_t00109,comment,00:55:36.913,Unknown speaker,public,531,203.13499999999976,taxes_agreements_deals,"Taxes, agreements, or deals",1,True,0.022427076529434303
h2_2026_03_23,h2_2026_03_23_t00110,comment,00:59:09.083,Unknown speaker,official,20,9.324999999999818,taxes_agreements_deals,"Taxes, agreements, or deals",0,False,0.0
h2_2026_03_23,h2_2026_03_23_t00112,comment,00:59:22.791,Unknown speaker,public,192,78.27700000000004,taxes_agreements_deals,"Taxes, agreements, or deals",0,False,0.004364797853125934
h2_2026_03_23,h2_2026_03_23_t00113,comment,01:00:45.550,Unknown speaker,public,38,20.143999999999778,taxes_agreements_deals,"Taxes, agreements, or deals",0,False,0.0
h2_2026_03_23,h2_2026_03_23_t00114,comment,01:01:07.516,Unknown speaker,official,29,10.88799999999992,taxes_agreements_deals,"Taxes, agreements, or deals",0,False,0.0
h2_2026_03_23,h2_2026_03_23_t00115,comment,01:01:19.545,Unknown speaker,public,41,16.02500000000009,taxes_agreements_deals,"Taxes, agreements, or deals",0,False,0.00674345481558488
h2_2026_03_23,h2_2026_03_23_t00116,comment,01:01:47.333,Unknown speaker,public,367,129.9670000000001,taxes_agreements_deals,"Taxes, agreements, or deals",0,False,0.017265993952506126
h2_2026_03_23,h2_2026_03_23_t00117,comment,01:04:05.896,Unknown speaker,developer,25,5.9669999999996435,taxes_agreements_deals,"Taxes, agreements, or deals",0,False,0.0
h2_2026_03_23,h2_2026_03_23_t00119,comment,01:04:22.234,Unknown speaker,public,571,233.50199999999995,taxes_agreements_deals,"Taxes, agreements, or deals",0,False,0.004536664589502971
h2_2026_03_23,h2_2026_03_23_t00120,comment,01:08:19.138,Unknown speaker,public,319,98.90599999999995,taxes_agreements_deals,"Taxes, agreements, or deals",0,False,0.0037078540657746704
h2_2026_03_23,h2_2026_03_23_t00121,comment,01:10:06.860,Unknown speaker,public,339,151.1230000000005,taxes_agreements_deals,"Taxes, agreements, or deals",0,False,0.003989454574317036
h2_2026_03_23,h2_2026_03_23_t00122,comment,01:12:41.145,Unknown speaker,public,25,11.359999999999673,taxes_agreements_deals,"Taxes, agreements, or deals",0,False,0.009874007960259635
h2_2026_03_23,h2_2026_03_23_t00124,comment,01:12:54.747,Unknown speaker,public,78,34.764000000000124,taxes_agreements_deals,"Taxes, agreements, or deals",0,False,0.0
h2_2026_03_23,h2_2026_03_23_t00125,comment,01:13:39.600,Unknown speaker,public,107,52.714999999999236,taxes_agreements_deals,"Taxes, agreements, or deals",0,False,0.006201763591926268
h2_2026_03_23,h2_2026_03_23_t00126,comment,01:14:34.777,Unknown speaker,official,31,19.141999999999825,taxes_agreements_deals,"Taxes, agreements, or deals",0,False,0.0
h2_2026_03_23,h2_2026_03_23_t00127,comment,01:15:02.172,Unknown speaker,official,394,182.53100000000086,taxes_agreements_deals,"Taxes, agreements, or deals",0,False,0.006960457388521849
h2_2026_03_23,h2_2026_03_23_t00129,comment,01:18:10.546,Unknown speaker,official,133,47.32799999999952,taxes_agreements_deals,"Taxes, agreements, or deals",0,False,0.006975457247660641
h2_2026_03_23,h2_2026_03_23_t00130,comment,01:18:58.534,Unknown speaker,official,141,55.48400000000038,taxes_agreements_deals,"Taxes, agreements, or deals",0,False,0.0
h2_2026_03_23,h2_2026_03_23_t00132,comment,01:20:10.149,Unknown speaker,official,88,41.20299999999952,taxes_agreements_deals,"Taxes, agreements, or deals",0,False,0.0
h2_2026_03_23,h2_2026_03_23_t00134,comment,01:21:06.512,Unknown speaker,official,21,7.806000000000495,taxes_agreements_deals,"Taxes, agreements, or deals",0,False,0.0
h2_2026_03_23,h2_2026_03_23_t00135,comment,01:21:18.461,Unknown speaker,public,334,122.83500000000004,taxes_agreements_deals,"Taxes, agreements, or deals",0,False,0.0
h2_2026_03_23,h2_2026_03_23_t00137,comment,01:23:31.700,Unknown speaker,public,139,53.738000000000284,taxes_agreements_deals,"Taxes, agreements, or deals",0,False,0.0031043030537111584
h2_2026_03_23,h2_2026_03_23_t00141,comment,01:24:29.760,Unknown speaker,public,91,36.259000000000015,taxes_agreements_deals,"Taxes, agreements, or deals",0,False,0.003759342696307804
h2_2026_03_23,h2_2026_03_23_t00142,comment,01:25:09.881,Unknown speaker,public,58,23.829999999999927,taxes_agreements_deals,"Taxes, agreements, or deals",0,False,0.004149709535747969
h2_2026_03_23,h2_2026_03_23_t00145,comment,01:25:52.996,Unknown speaker,public,323,126.17799999999988,taxes_agreements_deals,"Taxes, agreements, or deals",0,False,0.0
h2_2026_03_23,h2_2026_03_23_t00147,comment,01:28:12.341,Unknown speaker,public,160,84.5630000000001,taxes_agreements_deals,"Taxes, agreements, or deals",1,True,0.005809497061451277
h2_2026_03_23,h2_2026_03_23_t00151,comment,01:29:51.221,Unknown speaker,public,285,122.87800000000061,taxes_agreements_deals,"Taxes, agreements, or deals",0,False,0.0
h2_2026_03_23,h2_2026_03_23_t00153,comment,01:32:02.783,Unknown speaker,public,103,38.107999999999265,taxes_agreements_deals,"Taxes, agreements, or deals",0,False,0.0
h2_2026_03_23,h2_2026_03_23_t00154,comment,01:32:44.894,Unknown speaker,public,188,67.29599999999937,taxes_agreements_deals,"Taxes, agreements, or deals",5,True,0.04851024611925375
h2_2026_03_23,h2_2026_03_23_t00156,comment,01:34:03.098,Unknown speaker,public,213,67.63799999999992,taxes_agreements_deals,"Taxes, agreements, or deals",1,True,0.005863455333045195
h2_2026_03_23,h2_2026_03_23_t00158,comment,01:35:13.668,Unknown speaker,public,256,85.51600000000053,taxes_agreements_deals,"Taxes, agreements, or deals",0,False,0.0
h2_2026_03_23,h2_2026_03_23_t00159,comment,01:36:42.583,Unknown speaker,public,110,29.105000000000473,taxes_agreements_deals,"Taxes, agreements, or deals",3,True,0.06116862339344077
h2_2026_03_23,h2_2026_03_23_t00161,comment,01:37:28.177,Unknown speaker,public,329,121.25,taxes_agreements_deals,"Taxes, agreements, or deals",0,False,0.0
h2_2026_03_23,h2_2026_03_23_t00163,comment,01:39:38.434,Unknown speaker,official,111,43.64499999999953,taxes_agreements_deals,"Taxes, agreements, or deals",0,False,0.0
h2_2026_03_23,h2_2026_03_23_t00165,comment,01:40:30.186,Unknown speaker,public,267,80.5590000000002,taxes_agreements_deals,"Taxes, agreements, or deals",0,False,0.0
h2_2026_03_23,h2_2026_03_23_t00167,comment,01:41:56.843,Unknown speaker,public,130,32.284999999999854,taxes_agreements_deals,"Taxes, agreements, or deals",0,False,0.0
h2_2026_03_23,h2_2026_03_23_t00170,comment,01:42:36.670,Unknown speaker,public,318,122.0010000000002,taxes_agreements_deals,"Taxes, agreements, or deals",0,False,0.0
h2_2026_03_23,h2_2026_03_23_t00173,comment,01:44:52.200,Unknown speaker,public,397,121.54700000000048,taxes_agreements_deals,"Taxes, agreements, or deals",1,True,0.01062578620552943
h2_2026_03_23,h2_2026_03_23_t00175,comment,01:47:02.408,Unknown speaker,public,148,45.978000000000065,taxes_agreements_deals,"Taxes, agreements, or deals",0,False,0.0032159310196837264
h2_2026_03_23,h2_2026_03_23_t00177,comment,01:47:49.946,Unknown speaker,public,53,16.34900000000016,taxes_agreements_deals,"Taxes, agreements, or deals",0,False,0.0
h2_2026_03_23,h2_2026_03_23_t00179,comment,01:48:12.995,Unknown speaker,public,203,52.228000000000065,taxes_agreements_deals,"Taxes, agreements, or deals",0,False,0.002378135051730503
h2_2026_03_23,h2_2026_03_23_t00182,comment,01:50:38.532,Unknown speaker,official,21,6.023000000000138,taxes_agreements_deals,"Taxes, agreements, or deals",0,False,0.0
h2_2026_03_23,h2_2026_03_23_t00185,comment,01:50:50.479,Unknown speaker,public,125,45.55000000000018,taxes_agreements_deals,"Taxes, agreements, or deals",0,False,0.0
h2_2026_03_23,h2_2026_03_23_t00186,comment,01:51:39.385,Unknown speaker,public,100,33.246000000000095,taxes_agreements_deals,"Taxes, agreements, or deals",1,True,0.011849534896410328
h2_2026_03_23,h2_2026_03_23_t00188,comment,01:52:26.139,Unknown speaker,public,366,122.92100000000028,taxes_agreements_deals,"Taxes, agreements, or deals",0,False,0.0068321354158104326
h2_2026_03_23,h2_2026_03_23_t00192,comment,01:54:49.540,Unknown speaker,public,331,106.53099999999995,taxes_agreements_deals,"Taxes, agreements, or deals",0,False,0.0
h2_2026_03_23,h2_2026_03_23_t00194,comment,01:56:38.013,Unknown speaker,public,320,111.95399999999972,taxes_agreements_deals,"Taxes, agreements, or deals",0,False,0.0
h2_2026_03_23,h2_2026_03_23_t00195,comment,01:58:33.629,Unknown speaker,public,50,12.54700000000048,taxes_agreements_deals,"Taxes, agreements, or deals",1,True,0.01341934723003083
h2_2026_03_23,h2_2026_03_23_t00197,comment,01:58:59.124,Unknown speaker,public,202,76.80000000000018,taxes_agreements_deals,"Taxes, agreements, or deals",1,True,0.00920628429702153
h2_2026_03_23,h2_2026_03_23_t00199,comment,02:00:18.885,Unknown speaker,public,345,125.11200000000008,taxes_agreements_deals,"Taxes, agreements, or deals",0,False,0.0062350263143883386
h2_2026_03_23,h2_2026_03_23_t00203,comment,02:02:33.318,Unknown speaker,public,276,94.4960000000001,taxes_agreements_deals,"Taxes, agreements, or deals",7,True,0.04940295606416896
h2_2026_03_23,h2_2026_03_23_t00205,comment,02:04:17.465,Unknown speaker,public,367,117.6239999999998,taxes_agreements_deals,"Taxes, agreements, or deals",1,True,0.011640558404004558
h2_2026_03_23,h2_2026_03_23_t00206,comment,02:06:24.118,Unknown speaker,public,344,123.44499999999971,taxes_agreements_deals,"Taxes, agreements, or deals",1,True,0.006708125618973612
h2_2026_03_23,h2_2026_03_23_t00208,comment,02:08:34.233,Unknown speaker,public,271,107.03899999999976,taxes_agreements_deals,"Taxes, agreements, or deals",0,False,0.003897859520860713
h2_2026_03_23,h2_2026_03_23_t00210,comment,02:10:25.802,Unknown speaker,public,438,124.88600000000042,taxes_agreements_deals,"Taxes, agreements, or deals",3,True,0.037443027362602375
h2_2026_03_23,h2_2026_03_23_t00216,comment,02:12:48.117,Unknown speaker,official,198,60.05400000000009,taxes_agreements_deals,"Taxes, agreements, or deals",0,False,0.002846627473551908
h2_2026_03_23,h2_2026_03_23_t00218,comment,02:13:57.440,Unknown speaker,public,244,121.01700000000073,taxes_agreements_deals,"Taxes, agreements, or deals",0,False,0.0
h2_2026_03_23,h2_2026_03_23_t00220,comment,02:16:07.642,Unknown speaker,public,164,56.746000000001004,taxes_agreements_deals,"Taxes, agreements, or deals",0,False,0.0
h2_2026_03_23,h2_2026_03_23_t00221,comment,02:17:08.732,Unknown speaker,public,152,63.59900000000016,taxes_agreements_deals,"Taxes, agreements, or deals",0,False,0.0
h2_2026_03_23,h2_2026_03_23_t00224,comment,02:18:36.810,Unknown speaker,public,39,11.483000000000175,taxes_agreements_deals,"Taxes, agreements, or deals",0,False,0.0
h2_2026_03_23,h2_2026_03_23_t00225,comment,02:18:52.414,Unknown speaker,public,117,42.96299999999974,taxes_agreements_deals,"Taxes, agreements, or deals",0,False,0.0
h2_2026_03_23,h2_2026_03_23_t00227,comment,02:19:44.883,Unknown speaker,public,358,118.59499999999935,taxes_agreements_deals,"Taxes, agreements, or deals",0,False,0.0
h2_2026_03_23,h2_2026_03_23_t00229,comment,02:21:51.622,Unknown speaker,public,364,120.67100000000028,taxes_agreements_deals,"Taxes, agreements, or deals",0,False,0.002773765401004816
h2_2026_03_23,h2_2026_03_23_t00231,comment,02:24:03.483,Unknown speaker,public,343,128.45899999999892,taxes_agreements_deals,"Taxes, agreements, or deals",2,True,0.034786450997430614
h2_2026_03_23,h2_2026_03_23_t00232,comment,02:26:22.468,Unknown speaker,public,262,108.42099999999846,taxes_agreements_deals,"Taxes, agreements, or deals",0,False,0.0
h2_2026_03_23,h2_2026_03_23_t00233,comment,02:28:20.397,Unknown speaker,public,29,7.586999999999534,taxes_agreements_deals,"Taxes, agreements, or deals",0,False,0.0
h2_2026_03_23,h2_2026_03_23_t00236,comment,02:28:45.546,Unknown speaker,public,122,47.190999999998894,taxes_agreements_deals,"Taxes, agreements, or deals",0,False,0.0086512403249623
h2_2026_03_23,h2_2026_03_23_t00240,comment,02:30:03.124,Unknown speaker,public,39,18.028000000000247,taxes_agreements_deals,"Taxes, agreements, or deals",0,False,0.0
h2_2026_03_23,h2_2026_03_23_t00241,comment,02:30:24.554,Unknown speaker,public,67,20.771999999999025,taxes_agreements_deals,"Taxes, agreements, or deals",0,False,0.0
h2_2026_03_23,h2_2026_03_23_t00242,comment,02:30:48.708,Unknown speaker,public,69,22.47599999999875,taxes_agreements_deals,"Taxes, agreements, or deals",0,False,0.007530673587134092
h2_2026_03_23,h2_2026_03_23_t00243,comment,02:31:16.906,Unknown speaker,public,54,19.797999999998865,taxes_agreements_deals,"Taxes, agreements, or deals",0,False,0.0
h2_2026_03_23,h2_2026_03_23_t00244,comment,02:31:40.205,Unknown speaker,public,106,45.486000000000786,taxes_agreements_deals,"Taxes, agreements, or deals",0,False,0.0
h2_2026_03_23,h2_2026_03_23_t00245,comment,02:32:28.792,Unknown speaker,public,155,56.12300000000141,taxes_agreements_deals,"Taxes, agreements, or deals",0,False,0.0
h2_2026_03_23,h2_2026_03_23_t00246,comment,02:33:35.039,Unknown speaker,public,119,38.753999999998996,taxes_agreements_deals,"Taxes, agreements, or deals",0,False,0.023338031249854528
h2_2026_03_23,h2_2026_03_23_t00247,comment,02:34:22.410,Unknown speaker,public,188,60.52000000000044,taxes_agreements_deals,"Taxes, agreements, or deals",0,False,0.0
h2_2026_03_23,h2_2026_03_23_t00248,comment,02:35:24.291,Unknown speaker,official,32,11.703000000001339,taxes_agreements_deals,"Taxes, agreements, or deals",0,False,0.0
h2_2026_03_23,h2_2026_03_23_t00249,comment,02:35:36.314,Unknown speaker,public,47,13.395000000000437,taxes_agreements_deals,"Taxes, agreements, or deals",0,False,0.0
h2_2026_03_23,h2_2026_03_23_t00251,comment,02:35:58.776,Unknown speaker,public,336,96.7569999999996,taxes_agreements_deals,"Taxes, agreements, or deals",4,True,0.10229267457250664
h2_2026_03_23,h2_2026_03_23_t00252,comment,02:37:46.420,Unknown speaker,public,394,124.3130000000001,taxes_agreements_deals,"Taxes, agreements, or deals",1,True,0.008189189141495136
h2_2026_03_23,h2_2026_03_23_t00254,comment,02:40:07.442,Unknown speaker,public,296,97.35000000000036,taxes_agreements_deals,"Taxes, agreements, or deals",0,False,0.0
h2_2026_03_23,h2_2026_03_23_t00255,comment,02:41:56.973,Unknown speaker,public,293,121.45299999999952,taxes_agreements_deals,"Taxes, agreements, or deals",0,False,0.0
h2_2026_03_23,h2_2026_03_23_t00256,comment,02:44:11.429,Unknown speaker,public,361,125.53199999999924,taxes_agreements_deals,"Taxes, agreements, or deals",0,False,0.004999206796014525
h2_2026_03_23,h2_2026_03_23_t00259,comment,02:46:27.462,Unknown speaker,public,118,39.10699999999997,taxes_agreements_deals,"Taxes, agreements, or deals",0,False,0.0034267309006480767
h2_2026_03_23,h2_2026_03_23_t00260,comment,02:47:15.502,Unknown speaker,public,375,115.27499999999964,taxes_agreements_deals,"Taxes, agreements, or deals",0,False,0.0
h2_2026_03_23,h2_2026_03_23_t00261,comment,02:49:20.020,Unknown speaker,public,186,62.608000000000175,taxes_agreements_deals,"Taxes, agreements, or deals",0,False,0.0
h2_2026_03_23,h2_2026_03_23_t00262,comment,02:50:32.868,Unknown speaker,public,187,74.06999999999971,taxes_agreements_deals,"Taxes, agreements, or deals",0,False,0.0
h2_2026_03_23,h2_2026_03_23_t00263,comment,02:51:57.704,Unknown speaker,public,283,75.42100000000028,taxes_agreements_deals,"Taxes, agreements, or deals",0,False,0.0
h2_2026_03_23,h2_2026_03_23_t00264,comment,02:53:21.892,Unknown speaker,public,343,111.0640000000003,taxes_agreements_deals,"Taxes, agreements, or deals",0,False,0.0
h2_2026_03_23,h2_2026_03_23_t00265,comment,02:55:23.755,Unknown speaker,public,65,27.19300000000112,taxes_agreements_deals,"Taxes, agreements, or deals",0,False,0.0
h2_2026_03_23,h2_2026_03_23_t00266,comment,02:55:54.448,Unknown speaker,public,131,52.93499999999949,taxes_agreements_deals,"Taxes, agreements, or deals",0,False,0.0
h2_2026_03_23,h2_2026_03_23_t00267,comment,02:56:54.089,Unknown speaker,public,104,34.29700000000048,taxes_agreements_deals,"Taxes, agreements, or deals",0,False,0.0
h2_2026_03_23,h2_2026_03_23_t00268,comment,02:57:37.689,Unknown speaker,public,138,41.586999999999534,taxes_agreements_deals,"Taxes, agreements, or deals",0,False,0.0
h2_2026_03_23,h2_2026_03_23_t00269,comment,02:58:24.739,Unknown speaker,public,118,40.13500000000022,taxes_agreements_deals,"Taxes, agreements, or deals",0,False,0.0
h2_2026_03_23,h2_2026_03_23_t00270,comment,02:59:16.462,Unknown speaker,public,65,16.060999999999694,taxes_agreements_deals,"Taxes, agreements, or deals",0,False,0.0
h2_2026_03_23,h2_2026_03_23_t00271,comment,02:59:42.012,Unknown speaker,public,113,35.01000000000022,taxes_agreements_deals,"Taxes, agreements, or deals",0,False,0.0
h2_2026_03_23,h2_2026_03_23_t00272,comment,03:00:25.758,Unknown speaker,public,76,20.988999999999578,taxes_agreements_deals,"Taxes, agreements, or deals",0,False,0.0
h2_2026_03_23,h2_2026_03_23_t00273,comment,03:00:55.035,Unknown speaker,public,44,16.369000000000597,taxes_agreements_deals,"Taxes, agreements, or deals",0,False,0.0
h2_2026_03_23,h2_2026_03_23_t00274,comment,03:01:15.967,Unknown speaker,public,115,38.86999999999898,taxes_agreements_deals,"Taxes, agreements, or deals",1,True,0.012343413454463987
h2_2026_03_23,h2_2026_03_23_t00275,comment,03:02:05.202,Unknown speaker,public,426,122.90300000000025,taxes_agreements_deals,"Taxes, agreements, or deals",0,False,0.0032570936524553102
h2_2026_03_23,h2_2026_03_23_t00276,comment,03:04:27.320,Unknown speaker,public,122,54.853000000000975,taxes_agreements_deals,"Taxes, agreements, or deals",0,False,0.0
h2_2026_03_23,h2_2026_03_23_t00277,comment,03:05:25.468,Unknown speaker,public,113,51.753999999998996,taxes_agreements_deals,"Taxes, agreements, or deals",0,False,0.0
h2_2026_03_23,h2_2026_03_23_t00278,comment,03:06:27.980,Unknown speaker,public,245,98.92799999999988,taxes_agreements_deals,"Taxes, agreements, or deals",0,False,0.0
h2_2026_03_23,h2_2026_03_23_t00280,comment,03:08:20.218,Unknown speaker,public,75,22.93499999999949,taxes_agreements_deals,"Taxes, agreements, or deals",0,False,0.0
h2_2026_03_23,h2_2026_03_23_t00282,comment,03:08:46.773,Unknown speaker,public,84,18.19300000000112,taxes_agreements_deals,"Taxes, agreements, or deals",0,False,0.008542892522153425
h2_2026_03_23,h2_2026_03_23_t00284,comment,03:09:09.909,Unknown speaker,official,29,6.05199999999968,taxes_agreements_deals,"Taxes, agreements, or deals",0,False,0.0
h2_2026_03_23,h2_2026_03_23_t00286,comment,03:09:20.402,Unknown speaker,public,276,84.71999999999935,taxes_agreements_deals,"Taxes, agreements, or deals",2,True,0.011678729896393486
h2_2026_03_23,h2_2026_03_23_t00287,comment,03:10:45.703,Unknown speaker,official,77,30.488999999999578,taxes_agreements_deals,"Taxes, agreements, or deals",0,False,0.0
h2_2026_03_23,h2_2026_03_23_t00289,comment,03:11:26.566,Unknown speaker,public,166,62.30699999999888,taxes_agreements_deals,"Taxes, agreements, or deals",0,False,0.0
h2_2026_03_23,h2_2026_03_23_t00292,comment,03:12:36.996,Unknown speaker,public,187,48.82800000000134,taxes_agreements_deals,"Taxes, agreements, or deals",0,False,0.0
h2_2026_03_23,h2_2026_03_23_t00293,comment,03:13:33.590,Unknown speaker,public,130,47.623999999999796,taxes_agreements_deals,"Taxes, agreements, or deals",0,False,0.0
h2_2026_03_23,h2_2026_03_23_t00294,comment,03:14:30.085,Unknown speaker,public,22,5.802000000001499,taxes_agreements_deals,"Taxes, agreements, or deals",0,False,0.0
h2_2026_03_23,h2_2026_03_23_t00296,comment,03:14:38.348,Unknown speaker,public,127,40.81500000000051,taxes_agreements_deals,"Taxes, agreements, or deals",0,False,0.0
h2_2026_03_23,h2_2026_03_23_t00297,comment,03:15:23.862,Unknown speaker,official,24,9.229000000001179,taxes_agreements_deals,"Taxes, agreements, or deals",0,False,0.0
h2_2026_03_23,h2_2026_03_23_t00300,comment,03:15:47.123,Unknown speaker,public,58,22.48700000000099,taxes_agreements_deals,"Taxes, agreements, or deals",0,False,0.0
h2_2026_03_23,h2_2026_03_23_t00301,comment,03:16:14.271,Unknown speaker,official,22,8.568999999999505,taxes_agreements_deals,"Taxes, agreements, or deals",0,False,0.0
h2_2026_03_23,h2_2026_03_23_t00302,comment,03:16:34.048,Unknown speaker,public,89,32.34099999999853,taxes_agreements_deals,"Taxes, agreements, or deals",0,False,0.0
h2_2026_03_23,h2_2026_03_23_t00303,comment,03:17:11.853,Unknown speaker,official,28,10.467000000000553,taxes_agreements_deals,"Taxes, agreements, or deals",0,False,0.0
h2_2026_03_23,h2_2026_03_23_t00305,comment,03:17:28.156,Unknown speaker,public,28,9.36199999999917,taxes_agreements_deals,"Taxes, agreements, or deals",1,True,0.0944305475057242
h2_2026_03_23,h2_2026_03_23_t00307,comment,03:17:39.879,Unknown speaker,public,43,13.062999999998283,taxes_agreements_deals,"Taxes, agreements, or deals",0,False,0.0
h2_2026_03_23,h2_2026_03_23_t00308,comment,03:17:55.183,Unknown speaker,official,27,14.006999999999607,taxes_agreements_deals,"Taxes, agreements, or deals",0,False,0.0
h2_2026_03_23,h2_2026_03_23_t00309,comment,03:18:13.304,Unknown speaker,public,54,20.04199999999946,taxes_agreements_deals,"Taxes, agreements, or deals",0,False,0.0
h2_2026_03_23,h2_2026_03_23_t00310,comment,03:18:36.561,Unknown speaker,official,45,17.868000000000393,taxes_agreements_deals,"Taxes, agreements, or deals",0,False,0.0
h2_2026_03_23,h2_2026_03_23_t00311,comment,03:19:02.232,Unknown speaker,public,464,216.47500000000036,taxes_agreements_deals,"Taxes, agreements, or deals",0,False,0.010862341999534543
h2_2026_03_23,h2_2026_03_23_t00312,comment,03:22:47.208,Unknown speaker,public,71,32.149999999999636,taxes_agreements_deals,"Taxes, agreements, or deals",0,False,0.008618504106993038
h2_2026_03_23,h2_2026_03_23_t00313,comment,03:23:24.306,Unknown speaker,public,46,24.23199999999997,taxes_agreements_deals,"Taxes, agreements, or deals",1,True,0.01764375200068012
h2_2026_03_23,h2_2026_03_23_t00315,comment,03:24:08.390,Unknown speaker,developer,815,280.96600000000035,taxes_agreements_deals,"Taxes, agreements, or deals",1,True,0.02224958754614764
h2_2026_03_23,h2_2026_03_23_t00316,comment,03:28:50.956,Unknown speaker,official,45,19.593000000000757,taxes_agreements_deals,"Taxes, agreements, or deals",0,False,0.0
h2_2026_03_23,h2_2026_03_23_t00319,comment,03:29:15.852,Unknown speaker,official,33,14.023999999999432,taxes_agreements_deals,"Taxes, agreements, or deals",0,False,0.0
h2_2026_03_23,h2_2026_03_23_t00320,comment,03:29:33.319,Unknown speaker,official,117,47.02599999999984,taxes_agreements_deals,"Taxes, agreements, or deals",1,True,0.012933486662772189
h2_2026_03_23,h2_2026_03_23_t00321,comment,03:30:23.838,Unknown speaker,official,26,10.825000000000728,taxes_agreements_deals,"Taxes, agreements, or deals",0,False,0.0
h2_2026_03_23,h2_2026_03_23_t00322,comment,03:30:39.365,Unknown speaker,official,22,5.802999999999884,taxes_agreements_deals,"Taxes, agreements, or deals",0,False,0.0
h2_2026_03_23,h2_2026_03_23_t00365,comment,03:33:22.654,Unknown speaker,official,22,10.688000000000102,taxes_agreements_deals,"Taxes, agreements, or deals",0,False,0.0
h2_2026_03_23,h2_2026_03_23_t00368,comment,03:33:40.608,Unknown speaker,staff,61,18.85399999999936,taxes_agreements_deals,"Taxes, agreements, or deals",0,False,0.0
h2_2026_03_23,h2_2026_03_23_t00371,comment,03:34:22.417,Unknown speaker,official,23,6.663000000000466,taxes_agreements_deals,"Taxes, agreements, or deals",0,False,0.0
h2_2026_03_23,h2_2026_03_23_t00372,comment,03:34:29.160,Unknown speaker,staff,22,6.163000000000466,taxes_agreements_deals,"Taxes, agreements, or deals",0,False,0.0
h2_2026_03_23,h2_2026_03_23_t00373,comment,03:34:49.098,Unknown speaker,official,26,7.826000000000931,taxes_agreements_deals,"Taxes, agreements, or deals",0,False,0.0
h2_2026_03_23,h2_2026_03_23_t00377,comment,03:35:14.967,Unknown speaker,staff,100,37.8169999999991,taxes_agreements_deals,"Taxes, agreements, or deals",1,True,0.010808282580831274
h2_2026_03_23,h2_2026_03_23_t00381,comment,03:36:37.529,Unknown speaker,staff,37,13.02599999999984,taxes_agreements_deals,"Taxes, agreements, or deals",0,False,0.0
h2_2026_03_23,h2_2026_03_23_t00382,comment,03:36:52.396,Unknown speaker,official,35,11.737999999999374,taxes_agreements_deals,"Taxes, agreements, or deals",0,False,0.0
h2_2026_03_23,h2_2026_03_23_t00385,comment,03:37:16.497,Unknown speaker,staff,42,16.403000000000247,taxes_agreements_deals,"Taxes, agreements, or deals",0,False,0.0
h2_2026_03_23,h2_2026_03_23_t00387,comment,03:37:41.510,Unknown speaker,official,30,9.806000000000495,taxes_agreements_deals,"Taxes, agreements, or deals",0,False,0.0
h2_2026_03_23,h2_2026_03_23_t00390,comment,03:38:32.187,Unknown speaker,official,31,10.566000000000713,taxes_agreements_deals,"Taxes, agreements, or deals",1,True,0.015217662618263062
h2_2026_03_23,h2_2026_03_23_t00395,comment,03:40:38.890,Unknown speaker,official,22,8.98700000000099,taxes_agreements_deals,"Taxes, agreements, or deals",0,False,0.0
h2_2026_03_23,h2_2026_03_23_t00407,comment,03:42:08.243,Unknown speaker,public,28,11.147999999999229,taxes_agreements_deals,"Taxes, agreements, or deals",0,False,0.0
h2_2026_03_23,h2_2026_03_23_t00409,comment,03:42:24.595,Unknown speaker,public,282,97.53900000000067,taxes_agreements_deals,"Taxes, agreements, or deals",0,False,0.008747143633485116
h2_2026_03_23,h2_2026_03_23_t00411,comment,03:44:03.527,Unknown speaker,public,334,123.48300000000017,taxes_agreements_deals,"Taxes, agreements, or deals",2,True,0.019018088814628856
h2_2026_03_23,h2_2026_03_23_t00412,comment,03:46:07.171,Unknown speaker,official,31,14.46600000000035,taxes_agreements_deals,"Taxes, agreements, or deals",0,False,0.0
h2_2026_03_23,h2_2026_03_23_t00413,comment,03:46:24.660,Unknown speaker,official,34,15.583000000000538,taxes_agreements_deals,"Taxes, agreements, or deals",0,False,0.0
h2_2026_03_23,h2_2026_03_23_t00418,comment,03:47:24.181,Unknown speaker,public,809,242.83299999999872,taxes_agreements_deals,"Taxes, agreements, or deals",1,True,0.012791414359648142
h2_2026_03_23,h2_2026_03_23_t00421,comment,03:51:30.276,Unknown speaker,official,35,22.181000000000495,taxes_agreements_deals,"Taxes, agreements, or deals",0,False,0.0
h2_2026_03_23,h2_2026_03_23_t00425,comment,03:52:22.763,Unknown speaker,public,95,31.821999999998297,taxes_agreements_deals,"Taxes, agreements, or deals",0,False,0.0
h2_2026_03_23,h2_2026_03_23_t00426,comment,03:52:58.588,Unknown speaker,official,22,8.706000000000131,taxes_agreements_deals,"Taxes, agreements, or deals",0,False,0.0
h2_2026_03_23,h2_2026_03_23_t00429,comment,03:53:22.715,Unknown speaker,official,20,9.851999999998952,taxes_agreements_deals,"Taxes, agreements, or deals",0,False,0.0
h2_2026_03_23,h2_2026_03_23_t00430,comment,03:53:48.318,Unknown speaker,public,27,7.6270000000004075,taxes_agreements_deals,"Taxes, agreements, or deals",0,False,0.0
h2_2026_03_23,h2_2026_03_23_t00435,comment,03:54:29.882,Unknown speaker,official,22,10.509000000000015,taxes_agreements_deals,"Taxes, agreements, or deals",0,False,0.0
h1_2025_12_03,h1_2025_12_03_t00003,comment,00:00:15.605,Unknown speaker,official,72,24.328999999999997,aesthetics,Aesthetics,0,False,0.0
h1_2025_12_03,h1_2025_12_03_t00004,comment,00:00:39.954,Unknown speaker,unknown,31,15.271,aesthetics,Aesthetics,0,False,0.0
h1_2025_12_03,h1_2025_12_03_t00005,comment,00:01:00.770,Unknown speaker,official,58,25.275,aesthetics,Aesthetics,0,False,0.0
h1_2025_12_03,h1_2025_12_03_t00006,comment,00:01:29.200,Unknown speaker,staff,23,19.180999999999997,aesthetics,Aesthetics,0,False,0.0
h1_2025_12_03,h1_2025_12_03_t00014,comment,00:02:13.178,Unknown speaker,official,78,25.02600000000001,aesthetics,Aesthetics,0,False,0.0
h1_2025_12_03,h1_2025_12_03_t00015,comment,00:02:43.150,Unknown speaker,official,32,9.730999999999995,aesthetics,Aesthetics,0,False,0.0
h1_2025_12_03,h1_2025_12_03_t00019,comment,00:03:07.437,Unknown speaker,official,18,7.304000000000002,aesthetics,Aesthetics,0,False,0.0
h1_2025_12_03,h1_2025_12_03_t00022,comment,00:04:05.616,Unknown speaker,official,804,287.985,aesthetics,Aesthetics,0,False,0.0031689736939006737
h1_2025_12_03,h1_2025_12_03_t00029,comment,00:10:38.713,Unknown speaker,developer,247,83.51800000000003,aesthetics,Aesthetics,0,False,0.0
h1_2025_12_03,h1_2025_12_03_t00030,comment,00:12:13.198,Unknown speaker,developer,53,14.513000000000034,aesthetics,Aesthetics,0,False,0.0
h1_2025_12_03,h1_2025_12_03_t00031,comment,00:12:35.055,Unknown speaker,developer,84,31.01800000000003,aesthetics,Aesthetics,0,False,0.0
h1_2025_12_03,h1_2025_12_03_t00034,comment,00:13:20.818,Unknown speaker,developer,1139,344.1289999999999,aesthetics,Aesthetics,0,False,0.009001296053296044
h1_2025_12_03,h1_2025_12_03_t00035,comment,00:19:08.195,Unknown speaker,developer,797,253.43000000000006,aesthetics,Aesthetics,0,False,0.006574732505678558
h1_2025_12_03,h1_2025_12_03_t00036,comment,00:23:25.968,Unknown speaker,developer,314,92.52199999999993,aesthetics,Aesthetics,3,True,0.02672989710773329
h1_2025_12_03,h1_2025_12_03_t00037,comment,00:25:08.446,Unknown speaker,developer,409,130.86800000000017,aesthetics,Aesthetics,1,True,0.007289478939545262
h1_2025_12_03,h1_2025_12_03_t00038,comment,00:27:25.706,Unknown speaker,developer,216,60.846000000000004,aesthetics,Aesthetics,0,False,0.0
h1_2025_12_03,h1_2025_12_03_t00039,comment,00:28:30.338,Unknown speaker,developer,169,54.519000000000005,aesthetics,Aesthetics,0,False,0.00828742549132446
h1_2025_12_03,h1_2025_12_03_t00040,comment,00:29:25.842,Unknown speaker,official,101,26.652999999999793,aesthetics,Aesthetics,0,False,0.0
h1_2025_12_03,h1_2025_12_03_t00041,comment,00:29:52.759,Unknown speaker,developer,38,11.242999999999938,aesthetics,Aesthetics,0,False,0.0
h1_2025_12_03,h1_2025_12_03_t00045,comment,00:30:19.326,Unknown speaker,public,836,246.4380000000001,aesthetics,Aesthetics,0,False,0.0
h1_2025_12_03,h1_2025_12_03_t00048,comment,00:34:36.842,Unknown speaker,public,213,79.37599999999975,aesthetics,Aesthetics,0,False,0.009545644622962963
h1_2025_12_03,h1_2025_12_03_t00049,comment,00:36:01.937,Unknown speaker,public,254,94.46300000000019,aesthetics,Aesthetics,0,False,0.0049091647638369075
h1_2025_12_03,h1_2025_12_03_t00050,comment,00:37:43.546,Unknown speaker,consultant,310,113.25500000000011,aesthetics,Aesthetics,0,False,0.0
h1_2025_12_03,h1_2025_12_03_t00052,comment,00:39:50.806,Unknown speaker,consultant,493,179.346,aesthetics,Aesthetics,0,False,0.0
h1_2025_12_03,h1_2025_12_03_t00053,comment,00:43:00.822,Unknown speaker,consultant,24,6.826999999999771,aesthetics,Aesthetics,0,False,0.0
h1_2025_12_03,h1_2025_12_03_t00062,comment,00:45:21.576,Unknown speaker,official,20,7.706000000000131,aesthetics,Aesthetics,0,False,0.0
h1_2025_12_03,h1_2025_12_03_t00065,comment,00:46:21.059,Unknown speaker,official,155,61.19599999999991,aesthetics,Aesthetics,0,False,0.0
h1_2025_12_03,h1_2025_12_03_t00066,comment,00:47:22.655,Unknown speaker,official,64,26.927999999999884,aesthetics,Aesthetics,0,False,0.0
h1_2025_12_03,h1_2025_12_03_t00067,comment,00:47:50.090,Unknown speaker,developer,197,57.88599999999997,aesthetics,Aesthetics,0,False,0.0
h1_2025_12_03,h1_2025_12_03_t00068,comment,00:48:48.376,Unknown speaker,official,145,58.13099999999986,aesthetics,Aesthetics,0,False,0.0
h1_2025_12_03,h1_2025_12_03_t00069,comment,00:49:49.970,Unknown speaker,official,25,11.202999999999975,aesthetics,Aesthetics,0,False,0.0
h1_2025_12_03,h1_2025_12_03_t00070,comment,00:50:01.193,Unknown speaker,official,119,39.06700000000001,aesthetics,Aesthetics,0,False,0.0
h1_2025_12_03,h1_2025_12_03_t00071,comment,00:50:40.871,Unknown speaker,developer,330,101.94299999999976,aesthetics,Aesthetics,0,False,0.008293972655847116
h1_2025_12_03,h1_2025_12_03_t00072,comment,00:52:22.834,Unknown speaker,official,30,9.595000000000255,aesthetics,Aesthetics,0,False,0.019305940933993397
h1_2025_12_03,h1_2025_12_03_t00073,comment,00:52:32.669,Unknown speaker,developer,59,12.889000000000124,aesthetics,Aesthetics,1,True,0.03431859601069912
h1_2025_12_03,h1_2025_12_03_t00076,comment,00:52:53.965,Unknown speaker,official,18,8.38799999999992,aesthetics,Aesthetics,0,False,0.0
h1_2025_12_03,h1_2025_12_03_t00077,comment,00:53:03.254,Unknown speaker,official,84,30.184000000000196,aesthetics,Aesthetics,0,False,0.0
h1_2025_12_03,h1_2025_12_03_t00078,comment,00:53:36.293,Unknown speaker,developer,72,23.06999999999971,aesthetics,Aesthetics,0,False,0.013045658010027123
h1_2025_12_03,h1_2025_12_03_t00079,comment,00:54:00.303,Unknown speaker,official,32,7.829999999999927,aesthetics,Aesthetics,0,False,0.0
h1_2025_12_03,h1_2025_12_03_t00081,comment,00:54:09.693,Unknown speaker,official,18,8.361999999999625,aesthetics,Aesthetics,0,False,0.0
h1_2025_12_03,h1_2025_12_03_t00083,comment,00:54:18.895,Unknown speaker,official,68,22.876000000000204,aesthetics,Aesthetics,1,True,0.034856541386840946
h1_2025_12_03,h1_2025_12_03_t00084,comment,00:54:42.251,Unknown speaker,developer,132,40.80799999999999,aesthetics,Aesthetics,0,False,0.00770914124163056
h1_2025_12_03,h1_2025_12_03_t00085,comment,00:55:23.459,Unknown speaker,official,22,5.1030000000000655,aesthetics,Aesthetics,0,False,0.0
h1_2025_12_03,h1_2025_12_03_t00086,comment,00:55:29.398,Unknown speaker,developer,89,27.284999999999854,aesthetics,Aesthetics,0,False,0.012617622168552767
h1_2025_12_03,h1_2025_12_03_t00087,comment,00:55:57.742,Unknown speaker,official,35,10.298999999999978,aesthetics,Aesthetics,0,False,0.0
h1_2025_12_03,h1_2025_12_03_t00088,comment,00:56:09.181,Unknown speaker,developer,48,16.88299999999981,aesthetics,Aesthetics,0,False,0.0
h1_2025_12_03,h1_2025_12_03_t00091,comment,00:56:34.855,Unknown speaker,official,41,16.153999999999996,aesthetics,Aesthetics,0,False,0.0
h1_2025_12_03,h1_2025_12_03_t00093,comment,00:57:02.553,Unknown speaker,developer,87,44.572000000000116,aesthetics,Aesthetics,0,False,0.0
h1_2025_12_03,h1_2025_12_03_t00094,comment,00:57:48.495,Unknown speaker,official,20,8.564000000000306,aesthetics,Aesthetics,0,False,0.0
h1_2025_12_03,h1_2025_12_03_t00095,comment,00:57:59.080,Unknown speaker,developer,18,3.8020000000001346,aesthetics,Aesthetics,0,False,0.0
h1_2025_12_03,h1_2025_12_03_t00096,comment,00:58:04.423,Unknown speaker,official,18,6.703000000000429,aesthetics,Aesthetics,0,False,0.0
h1_2025_12_03,h1_2025_12_03_t00103,comment,00:58:28.073,Unknown speaker,official,19,12.48700000000008,aesthetics,Aesthetics,0,False,0.0
h1_2025_12_03,h1_2025_12_03_t00104,comment,00:58:45.661,Unknown speaker,official,32,11.143999999999778,aesthetics,Aesthetics,0,False,0.0
h1_2025_12_03,h1_2025_12_03_t00105,comment,00:58:58.047,Unknown speaker,developer,199,71.346,aesthetics,Aesthetics,0,False,0.0
h1_2025_12_03,h1_2025_12_03_t00107,comment,01:00:14.270,Unknown speaker,developer,48,17.690999999999804,aesthetics,Aesthetics,0,False,0.01978443535534148
h1_2025_12_03,h1_2025_12_03_t00111,comment,01:00:52.184,Unknown speaker,official,49,15.084999999999582,aesthetics,Aesthetics,0,False,0.0
h1_2025_12_03,h1_2025_12_03_t00112,comment,01:01:08.148,Unknown speaker,developer,268,86.94499999999971,aesthetics,Aesthetics,0,False,0.011575130372415521
h1_2025_12_03,h1_2025_12_03_t00115,comment,01:02:58.546,Unknown speaker,official,162,52.345000000000255,aesthetics,Aesthetics,0,False,0.0
h1_2025_12_03,h1_2025_12_03_t00116,comment,01:03:53.913,Unknown speaker,developer,76,26.235000000000127,aesthetics,Aesthetics,0,False,0.0
h1_2025_12_03,h1_2025_12_03_t00117,comment,01:04:20.608,Unknown speaker,official,51,14.94399999999996,aesthetics,Aesthetics,0,False,0.0
h1_2025_12_03,h1_2025_12_03_t00119,comment,01:04:53.297,Unknown speaker,official,59,17.126999999999953,aesthetics,Aesthetics,0,False,0.0
h1_2025_12_03,h1_2025_12_03_t00120,comment,01:05:12.026,Unknown speaker,public,155,46.008000000000266,aesthetics,Aesthetics,0,False,0.0
h1_2025_12_03,h1_2025_12_03_t00121,comment,01:06:01.281,Unknown speaker,official,73,26.02500000000009,aesthetics,Aesthetics,0,False,0.0
h1_2025_12_03,h1_2025_12_03_t00122,comment,01:06:27.727,Unknown speaker,public,103,35.846000000000004,aesthetics,Aesthetics,0,False,0.0
h1_2025_12_03,h1_2025_12_03_t00123,comment,01:07:03.713,Unknown speaker,official,18,5.3419999999996435,aesthetics,Aesthetics,0,False,0.0
h1_2025_12_03,h1_2025_12_03_t00124,comment,01:07:12.476,Unknown speaker,official,314,103.20800000000008,aesthetics,Aesthetics,0,False,0.0
h1_2025_12_03,h1_2025_12_03_t00125,comment,01:08:57.705,Unknown speaker,official,18,4.8419999999996435,aesthetics,Aesthetics,0,False,0.0
h1_2025_12_03,h1_2025_12_03_t00128,comment,01:09:05.608,Unknown speaker,official,21,8.804000000000087,aesthetics,Aesthetics,0,False,0.0
h1_2025_12_03,h1_2025_12_03_t00131,comment,01:09:21.783,Unknown speaker,official,19,5.0239999999994325,aesthetics,Aesthetics,0,False,0.0
h1_2025_12_03,h1_2025_12_03_t00132,comment,01:09:27.608,Unknown speaker,official,49,15.992999999999483,aesthetics,Aesthetics,0,False,0.0
h1_2025_12_03,h1_2025_12_03_t00135,comment,01:09:50.018,Unknown speaker,official,60,17.54399999999987,aesthetics,Aesthetics,0,False,0.0
h1_2025_12_03,h1_2025_12_03_t00136,comment,01:10:07.742,Unknown speaker,developer,70,22.425999999999476,aesthetics,Aesthetics,0,False,0.0
h1_2025_12_03,h1_2025_12_03_t00139,comment,01:10:40.610,Unknown speaker,official,31,14.639000000000124,aesthetics,Aesthetics,0,False,0.0
h1_2025_12_03,h1_2025_12_03_t00140,comment,01:10:58.312,Unknown speaker,official,22,11.488000000000284,aesthetics,Aesthetics,0,False,0.0
h1_2025_12_03,h1_2025_12_03_t00141,comment,01:11:12.082,Unknown speaker,official,408,164.66799999999967,aesthetics,Aesthetics,0,False,0.0
h1_2025_12_03,h1_2025_12_03_t00142,comment,01:14:02.713,Unknown speaker,official,364,118.8710000000001,aesthetics,Aesthetics,0,False,0.013471554298304022
h1_2025_12_03,h1_2025_12_03_t00144,comment,01:16:02.985,Unknown speaker,official,26,10.677999999999884,aesthetics,Aesthetics,0,False,0.0
h1_2025_12_03,h1_2025_12_03_t00146,comment,01:16:16.785,Unknown speaker,official,31,8.404999999999745,aesthetics,Aesthetics,0,False,0.0
h1_2025_12_03,h1_2025_12_03_t00148,comment,01:17:15.471,Unknown speaker,official,49,13.82800000000043,aesthetics,Aesthetics,0,False,0.0
h1_2025_12_03,h1_2025_12_03_t00152,comment,01:18:40.363,Unknown speaker,public,99,29.721999999999753,aesthetics,Aesthetics,0,False,0.0
h1_2025_12_03,h1_2025_12_03_t00153,comment,01:19:18.370,Unknown speaker,public,46,12.306999999999789,aesthetics,Aesthetics,0,False,0.0
h1_2025_12_03,h1_2025_12_03_t00154,comment,01:19:41.797,Unknown speaker,public,306,110.47900000000027,aesthetics,Aesthetics,0,False,0.0
h1_2025_12_03,h1_2025_12_03_t00155,comment,01:21:37.955,Unknown speaker,public,196,75.75,aesthetics,Aesthetics,0,False,0.0
h1_2025_12_03,h1_2025_12_03_t00156,comment,01:23:01.011,Unknown speaker,public,558,212.52199999999993,aesthetics,Aesthetics,1,True,0.016063356436591045
h1_2025_12_03,h1_2025_12_03_t00157,comment,01:26:42.316,Unknown speaker,public,81,29.93199999999979,aesthetics,Aesthetics,0,False,0.0
h1_2025_12_03,h1_2025_12_03_t00158,comment,01:27:16.117,Unknown speaker,public,87,35.15700000000015,aesthetics,Aesthetics,0,False,0.0
h1_2025_12_03,h1_2025_12_03_t00159,comment,01:27:58.241,Unknown speaker,public,252,99.33700000000044,aesthetics,Aesthetics,0,False,0.005437770890458255
h1_2025_12_03,h1_2025_12_03_t00160,comment,01:29:46.419,Unknown speaker,public,283,95.46399999999994,aesthetics,Aesthetics,0,False,0.004989924169805241
h1_2025_12_03,h1_2025_12_03_t00161,comment,01:31:25.306,Unknown speaker,public,19,5.926000000000386,aesthetics,Aesthetics,0,False,0.023760357721126293
h1_2025_12_03,h1_2025_12_03_t00162,comment,01:31:38.543,Unknown speaker,public,37,13.631000000000313,aesthetics,Aesthetics,0,False,0.0
h1_2025_12_03,h1_2025_12_03_t00163,comment,01:32:00.200,Unknown speaker,public,55,20.67200000000048,aesthetics,Aesthetics,0,False,0.0
h1_2025_12_03,h1_2025_12_03_t00165,comment,01:32:37.707,Unknown speaker,public,134,51.826999999999316,aesthetics,Aesthetics,0,False,0.0
h1_2025_12_03,h1_2025_12_03_t00166,comment,01:33:34.077,Unknown speaker,public,153,74.8710000000001,aesthetics,Aesthetics,0,False,0.0
h1_2025_12_03,h1_2025_12_03_t00167,comment,01:34:53.908,Unknown speaker,public,261,103.8149999999996,aesthetics,Aesthetics,0,False,0.0
h1_2025_12_03,h1_2025_12_03_t00168,comment,01:36:41.504,Unknown speaker,public,487,232.0659999999998,aesthetics,Aesthetics,0,False,0.025350767900596864
h1_2025_12_03,h1_2025_12_03_t00169,comment,01:40:38.152,Unknown speaker,public,98,51.19800000000032,aesthetics,Aesthetics,0,False,0.0
h1_2025_12_03,h1_2025_12_03_t00170,comment,01:41:32.597,Unknown speaker,public,332,138.4930000000004,aesthetics,Aesthetics,0,False,0.008759883005987235
h1_2025_12_03,h1_2025_12_03_t00172,comment,01:43:54.812,Unknown speaker,public,161,61.850000000000364,aesthetics,Aesthetics,0,False,0.0
h1_2025_12_03,h1_2025_12_03_t00173,comment,01:45:00.618,Unknown speaker,public,187,71.53699999999935,aesthetics,Aesthetics,0,False,0.0
h1_2025_12_03,h1_2025_12_03_t00174,comment,01:46:24.416,Unknown speaker,public,343,111.5590000000002,aesthetics,Aesthetics,0,False,0.006318666887823058
h1_2025_12_03,h1_2025_12_03_t00175,comment,01:48:24.482,Unknown speaker,official,109,49.39300000000003,aesthetics,Aesthetics,0,False,0.0
h1_2025_12_03,h1_2025_12_03_t00176,comment,01:49:20.628,Unknown speaker,official,201,80.82600000000002,aesthetics,Aesthetics,0,False,0.0
h1_2025_12_03,h1_2025_12_03_t00177,comment,01:50:41.654,Unknown speaker,official,27,10.695999999999913,aesthetics,Aesthetics,0,False,0.0
h1_2025_12_03,h1_2025_12_03_t00185,comment,01:52:36.715,Unknown speaker,official,25,11.590000000000146,aesthetics,Aesthetics,0,False,0.0
h1_2025_12_03,h1_2025_12_03_t00190,comment,01:53:01.555,Unknown speaker,official,74,28.305999999999585,aesthetics,Aesthetics,0,False,0.0
h1_2025_12_03,h1_2025_12_03_t00191,comment,01:53:30.622,Unknown speaker,public,106,29.59099999999944,aesthetics,Aesthetics,0,False,0.0
h1_2025_12_03,h1_2025_12_03_t00192,comment,01:54:00.592,Unknown speaker,official,162,61.44000000000051,aesthetics,Aesthetics,0,False,0.0
h1_2025_12_03,h1_2025_12_03_t00193,comment,01:55:03.472,Unknown speaker,public,41,19.54399999999987,aesthetics,Aesthetics,0,False,0.0
h1_2025_12_03,h1_2025_12_03_t00194,comment,01:55:29.248,Unknown speaker,public,88,27.347999999999956,aesthetics,Aesthetics,0,False,0.0
h1_2025_12_03,h1_2025_12_03_t00195,comment,01:55:59.386,Unknown speaker,public,69,21.14799999999923,aesthetics,Aesthetics,0,False,0.012651363772530762
h1_2025_12_03,h1_2025_12_03_t00198,comment,01:56:34.759,Unknown speaker,official,57,19.01000000000022,aesthetics,Aesthetics,0,False,0.0
h1_2025_12_03,h1_2025_12_03_t00200,comment,01:56:56.668,Unknown speaker,public,116,45.98000000000047,aesthetics,Aesthetics,0,False,0.0
h1_2025_12_03,h1_2025_12_03_t00202,comment,01:57:47.329,Unknown speaker,official,19,6.082000000000335,aesthetics,Aesthetics,0,False,0.0
h1_2025_12_03,h1_2025_12_03_t00203,comment,01:57:56.748,Unknown speaker,official,18,4.863000000000284,aesthetics,Aesthetics,0,False,0.0
h1_2025_12_03,h1_2025_12_03_t00205,comment,01:58:05.254,Unknown speaker,official,22,10.886999999999716,aesthetics,Aesthetics,0,False,0.0
h1_2025_12_03,h1_2025_12_03_t00206,comment,01:58:18.202,Unknown speaker,public,22,10.20299999999952,aesthetics,Aesthetics,0,False,0.0
h1_2025_12_03,h1_2025_12_03_t00210,comment,01:58:42.514,Unknown speaker,public,47,14.963999999999942,aesthetics,Aesthetics,0,False,0.0
h1_2025_12_03,h1_2025_12_03_t00211,comment,01:58:58.418,Unknown speaker,official,27,9.846000000000458,aesthetics,Aesthetics,0,False,0.0
h1_2025_12_03,h1_2025_12_03_t00212,comment,01:59:09.284,Unknown speaker,public,21,6.444000000000415,aesthetics,Aesthetics,0,False,0.0
h1_2025_12_03,h1_2025_12_03_t00214,comment,01:59:21.152,Unknown speaker,public,41,18.853000000000065,aesthetics,Aesthetics,0,False,0.0
h1_2025_12_03,h1_2025_12_03_t00216,comment,01:59:42.847,Unknown speaker,official,28,14.083000000000538,aesthetics,Aesthetics,0,False,0.0
h1_2025_12_03,h1_2025_12_03_t00220,comment,02:00:09.900,Unknown speaker,official,252,87.60400000000027,aesthetics,Aesthetics,0,False,0.0
h1_2025_12_03,h1_2025_12_03_t00223,comment,02:01:41.682,Unknown speaker,public,18,5.525000000000546,aesthetics,Aesthetics,0,False,0.0
h1_2025_12_03,h1_2025_12_03_t00227,comment,02:01:59.276,Unknown speaker,official,22,3.7830000000003565,aesthetics,Aesthetics,0,False,0.0
h1_2025_12_03,h1_2025_12_03_t00228,comment,02:02:03.119,Unknown speaker,public,152,53.35400000000027,aesthetics,Aesthetics,0,False,0.0
h1_2025_12_03,h1_2025_12_03_t00230,comment,02:02:58.213,Unknown speaker,public,43,14.076000000000022,aesthetics,Aesthetics,0,False,0.0
h1_2025_12_03,h1_2025_12_03_t00231,comment,02:03:12.309,Unknown speaker,official,32,7.645999999999731,aesthetics,Aesthetics,0,False,0.0
h1_2025_12_03,h1_2025_12_03_t00232,comment,02:03:20.295,Unknown speaker,public,61,18.960000000000036,aesthetics,Aesthetics,0,False,0.0
h1_2025_12_03,h1_2025_12_03_t00233,comment,02:03:39.275,Unknown speaker,official,66,25.10699999999997,aesthetics,Aesthetics,0,False,0.0
h1_2025_12_03,h1_2025_12_03_t00235,comment,02:04:12.726,Unknown speaker,official,19,6.983000000000175,aesthetics,Aesthetics,0,False,0.0
h1_2025_12_03,h1_2025_12_03_t00238,comment,02:04:28.213,Unknown speaker,official,32,22.105000000000473,aesthetics,Aesthetics,0,False,0.0
h1_2025_12_03,h1_2025_12_03_t00239,comment,02:04:56.046,Unknown speaker,official,21,6.184999999999491,aesthetics,Aesthetics,0,False,0.0
h1_2025_12_03,h1_2025_12_03_t00244,comment,02:05:15.741,Unknown speaker,official,28,14.041000000000167,aesthetics,Aesthetics,0,False,0.0
h1_2025_12_03,h1_2025_12_03_t00246,comment,02:05:48.647,Unknown speaker,official,417,124.26699999999983,aesthetics,Aesthetics,0,False,0.0
h1_2025_12_03,h1_2025_12_03_t00247,comment,02:07:54.235,Unknown speaker,public,22,6.927000000000589,aesthetics,Aesthetics,0,False,0.0
h1_2025_12_03,h1_2025_12_03_t00248,comment,02:08:01.957,Unknown speaker,official,353,100.3149999999996,aesthetics,Aesthetics,0,False,0.0
h1_2025_12_03,h1_2025_12_03_t00251,comment,02:09:53.807,Unknown speaker,official,20,7.655000000000655,aesthetics,Aesthetics,0,False,0.0
h1_2025_12_03,h1_2025_12_03_t00252,comment,02:10:01.502,Unknown speaker,public,361,113.3189999999995,aesthetics,Aesthetics,0,False,0.00473956784505498
h1_2025_12_03,h1_2025_12_03_t00255,comment,02:11:57.903,Unknown speaker,official,24,6.824999999999818,aesthetics,Aesthetics,0,False,0.0
h1_2025_12_03,h1_2025_12_03_t00261,comment,02:12:18.265,Unknown speaker,public,270,79.59299999999985,aesthetics,Aesthetics,0,False,0.0
h1_2025_12_03,h1_2025_12_03_t00263,comment,02:13:42.609,Unknown speaker,official,237,84.20599999999922,aesthetics,Aesthetics,0,False,0.005707403146914347
h1_2025_12_03,h1_2025_12_03_t00264,comment,02:15:07.555,Unknown speaker,public,51,23.456999999999425,aesthetics,Aesthetics,0,False,0.0
h1_2025_12_03,h1_2025_12_03_t00265,comment,02:15:31.452,Unknown speaker,public,194,66.26600000000053,aesthetics,Aesthetics,0,False,0.0
h1_2025_12_03,h1_2025_12_03_t00266,comment,02:16:38.759,Unknown speaker,official,37,12.647999999999229,aesthetics,Aesthetics,0,False,0.0
h1_2025_12_03,h1_2025_12_03_t00268,comment,02:16:53.488,Unknown speaker,official,57,20.8020000000015,aesthetics,Aesthetics,0,False,0.0
h1_2025_12_03,h1_2025_12_03_t00269,comment,02:17:17.372,Unknown speaker,official,55,18.153000000000247,aesthetics,Aesthetics,0,False,0.0
h1_2025_12_03,h1_2025_12_03_t00270,comment,02:17:37.322,Unknown speaker,public,127,36.80400000000009,aesthetics,Aesthetics,0,False,0.007854636252130363
h1_2025_12_03,h1_2025_12_03_t00273,comment,02:18:17.849,Unknown speaker,official,29,8.0049999999992,aesthetics,Aesthetics,0,False,0.0
h1_2025_12_03,h1_2025_12_03_t00275,comment,02:18:26.891,Unknown speaker,official,142,47.452000000001135,aesthetics,Aesthetics,0,False,0.0
h1_2025_12_03,h1_2025_12_03_t00277,comment,02:19:21.536,Unknown speaker,staff,141,53.64400000000023,aesthetics,Aesthetics,0,False,0.0
h1_2025_12_03,h1_2025_12_03_t00278,comment,02:20:18.741,Unknown speaker,staff,112,47.638999999999214,aesthetics,Aesthetics,0,False,0.03724657558437292
h1_2025_12_03,h1_2025_12_03_t00281,comment,02:21:09.237,Unknown speaker,staff,22,7.483000000000175,aesthetics,Aesthetics,0,False,0.025488503719277078
h1_2025_12_03,h1_2025_12_03_t00282,comment,02:21:19.861,Unknown speaker,staff,20,5.34099999999853,aesthetics,Aesthetics,0,False,0.0
h1_2025_12_03,h1_2025_12_03_t00283,comment,02:21:34.898,Unknown speaker,staff,117,51.699000000000524,aesthetics,Aesthetics,0,False,0.017154933677530616
h1_2025_12_03,h1_2025_12_03_t00284,comment,02:22:34.085,Unknown speaker,staff,241,115.44000000000051,aesthetics,Aesthetics,0,False,0.0
h1_2025_12_03,h1_2025_12_03_t00286,comment,02:24:40.305,Unknown speaker,official,33,9.066999999999098,aesthetics,Aesthetics,0,False,0.0
h1_2025_12_03,h1_2025_12_03_t00287,comment,02:24:52.095,Unknown speaker,staff,471,210.58300000000054,aesthetics,Aesthetics,0,False,0.004521786071607988
h1_2025_12_03,h1_2025_12_03_t00288,comment,02:28:25.720,Unknown speaker,staff,124,47.85200000000077,aesthetics,Aesthetics,0,False,0.0
h1_2025_12_03,h1_2025_12_03_t00289,comment,02:29:16.689,Unknown speaker,staff,25,12.265999999999622,aesthetics,Aesthetics,0,False,0.0
h1_2025_12_03,h1_2025_12_03_t00297,comment,02:30:12.103,Unknown speaker,consultant,32,15.031000000000859,aesthetics,Aesthetics,0,False,0.0
h1_2025_12_03,h1_2025_12_03_t00298,comment,02:30:30.295,Unknown speaker,consultant,598,218.59900000000016,aesthetics,Aesthetics,0,False,0.0
h1_2025_12_03,h1_2025_12_03_t00300,comment,02:34:12.775,Unknown speaker,consultant,607,210.19900000000052,aesthetics,Aesthetics,0,False,0.0
h1_2025_12_03,h1_2025_12_03_t00301,comment,02:37:47.512,Unknown speaker,consultant,775,290.66399999999885,aesthetics,Aesthetics,0,False,0.0
h1_2025_12_03,h1_2025_12_03_t00303,comment,02:42:39.237,Unknown speaker,consultant,380,126.00300000000061,aesthetics,Aesthetics,0,False,0.0
h1_2025_12_03,h1_2025_12_03_t00305,comment,02:44:46.400,Unknown speaker,consultant,532,183.47400000000016,aesthetics,Aesthetics,0,False,0.007734378688397017
h1_2025_12_03,h1_2025_12_03_t00306,comment,02:47:49.914,Unknown speaker,official,81,28.02599999999984,aesthetics,Aesthetics,0,False,0.0
h1_2025_12_03,h1_2025_12_03_t00307,comment,02:48:18.709,Unknown speaker,unknown,114,28.9479999999985,aesthetics,Aesthetics,0,False,0.0
h1_2025_12_03,h1_2025_12_03_t00308,comment,02:48:48.247,Unknown speaker,official,108,41.73999999999978,aesthetics,Aesthetics,0,False,0.0
h1_2025_12_03,h1_2025_12_03_t00309,comment,02:49:33.028,Unknown speaker,official,20,9.16399999999885,aesthetics,Aesthetics,0,False,0.0
h1_2025_12_03,h1_2025_12_03_t00311,comment,02:49:46.417,Unknown speaker,official,78,39.70800000000054,aesthetics,Aesthetics,0,False,0.02032535103678144
h1_2025_12_03,h1_2025_12_03_t00313,comment,02:50:27.825,Unknown speaker,official,30,14.167999999999665,aesthetics,Aesthetics,0,False,0.0
h1_2025_12_03,h1_2025_12_03_t00314,comment,02:50:44.580,Unknown speaker,staff,212,98.42900000000009,aesthetics,Aesthetics,0,False,0.021656905363682574
h1_2025_12_03,h1_2025_12_03_t00315,comment,02:52:23.249,Unknown speaker,official,77,31.99699999999939,aesthetics,Aesthetics,0,False,0.02335791546692502
h1_2025_12_03,h1_2025_12_03_t00318,comment,02:53:04.913,Unknown speaker,staff,66,27.462999999999738,aesthetics,Aesthetics,0,False,0.0
h1_2025_12_03,h1_2025_12_03_t00321,comment,02:53:45.206,Unknown speaker,staff,91,36.55799999999908,aesthetics,Aesthetics,0,False,0.02603435033151814
h1_2025_12_03,h1_2025_12_03_t00326,comment,02:54:35.691,Unknown speaker,official,28,6.222999999999956,aesthetics,Aesthetics,0,False,0.0
h1_2025_12_03,h1_2025_12_03_t00327,comment,02:54:42.414,Unknown speaker,official,26,12.417999999999665,aesthetics,Aesthetics,0,False,0.0
h1_2025_12_03,h1_2025_12_03_t00330,comment,02:55:06.161,Unknown speaker,official,105,33.48899999999958,aesthetics,Aesthetics,0,False,0.0
h1_2025_12_03,h1_2025_12_03_t00331,comment,02:55:39.670,Unknown speaker,staff,26,11.962999999999738,aesthetics,Aesthetics,0,False,0.0
h1_2025_12_03,h1_2025_12_03_t00334,comment,02:56:04.983,Unknown speaker,official,139,54.615999999999985,aesthetics,Aesthetics,0,False,0.0
h1_2025_12_03,h1_2025_12_03_t00335,comment,02:56:59.759,Unknown speaker,consultant,20,4.743000000000393,aesthetics,Aesthetics,0,False,0.0
h1_2025_12_03,h1_2025_12_03_t00338,comment,02:57:13.788,Unknown speaker,official,20,5.502999999998792,aesthetics,Aesthetics,0,False,0.0
h1_2025_12_03,h1_2025_12_03_t00339,comment,02:57:19.731,Unknown speaker,consultant,18,8.585000000000946,aesthetics,Aesthetics,0,False,0.0
h1_2025_12_03,h1_2025_12_03_t00341,comment,02:57:35.020,Unknown speaker,consultant,337,131.6279999999988,aesthetics,Aesthetics,0,False,0.0
h1_2025_12_03,h1_2025_12_03_t00342,comment,02:59:46.668,Unknown speaker,official,56,22.02100000000064,aesthetics,Aesthetics,0,False,0.0
h1_2025_12_03,h1_2025_12_03_t00343,comment,03:00:09.710,Unknown speaker,consultant,122,39.27000000000044,aesthetics,Aesthetics,0,False,0.0
h1_2025_12_03,h1_2025_12_03_t00344,comment,03:00:49.000,Unknown speaker,official,57,17.222999999999956,aesthetics,Aesthetics,0,False,0.0
h1_2025_12_03,h1_2025_12_03_t00345,comment,03:01:07.363,Unknown speaker,consultant,71,21.394000000000233,aesthetics,Aesthetics,0,False,0.0
h1_2025_12_03,h1_2025_12_03_t00348,comment,03:01:43.332,Unknown speaker,official,74,35.02000000000044,aesthetics,Aesthetics,0,False,0.0
h1_2025_12_03,h1_2025_12_03_t00349,comment,03:02:19.298,Unknown speaker,staff,193,64.02899999999863,aesthetics,Aesthetics,1,True,0.019486080325466375
h1_2025_12_03,h1_2025_12_03_t00350,comment,03:03:23.647,Unknown speaker,official,27,14.766999999999825,aesthetics,Aesthetics,0,False,0.0
h1_2025_12_03,h1_2025_12_03_t00351,comment,03:03:39.434,Unknown speaker,staff,62,18.585000000000946,aesthetics,Aesthetics,0,False,0.01862418587733274
h1_2025_12_03,h1_2025_12_03_t00352,comment,03:03:58.399,Unknown speaker,official,22,6.023000000001048,aesthetics,Aesthetics,0,False,0.0
h1_2025_12_03,h1_2025_12_03_t00359,comment,03:04:22.820,Unknown speaker,official,53,23.971999999999753,aesthetics,Aesthetics,0,False,0.0
h1_2025_12_03,h1_2025_12_03_t00361,comment,03:04:51.313,Unknown speaker,official,64,24.913000000000466,aesthetics,Aesthetics,0,False,0.0
h1_2025_12_03,h1_2025_12_03_t00362,comment,03:05:16.466,Unknown speaker,consultant,60,20.41899999999987,aesthetics,Aesthetics,0,False,0.0
h1_2025_12_03,h1_2025_12_03_t00366,comment,03:05:45.281,Unknown speaker,consultant,26,9.02599999999984,aesthetics,Aesthetics,0,False,0.0
h1_2025_12_03,h1_2025_12_03_t00367,comment,03:05:54.707,Unknown speaker,official,140,58.11800000000039,aesthetics,Aesthetics,0,False,0.0
h1_2025_12_03,h1_2025_12_03_t00368,comment,03:06:53.445,Unknown speaker,consultant,410,153.02900000000045,aesthetics,Aesthetics,0,False,0.0
h1_2025_12_03,h1_2025_12_03_t00369,comment,03:09:26.594,Unknown speaker,official,59,17.10699999999997,aesthetics,Aesthetics,0,False,0.0
h1_2025_12_03,h1_2025_12_03_t00372,comment,03:10:28.331,Unknown speaker,official,50,13.825000000000728,aesthetics,Aesthetics,0,False,0.0
h1_2025_12_03,h1_2025_12_03_t00373,comment,03:10:47.359,Unknown speaker,official,22,6.403000000000247,aesthetics,Aesthetics,0,False,0.0
h1_2025_12_03,h1_2025_12_03_t00375,comment,03:11:46.983,Unknown speaker,official,18,9.604999999999563,aesthetics,Aesthetics,0,False,0.0
h1_2025_12_03,h1_2025_12_03_t00378,comment,03:12:00.191,Unknown speaker,unknown,513,193.80099999999948,aesthetics,Aesthetics,0,False,0.008573139763647082
h1_2025_12_03,h1_2025_12_03_t00383,comment,03:16:06.004,Unknown speaker,public,185,65.33699999999953,aesthetics,Aesthetics,0,False,0.0
h1_2025_12_03,h1_2025_12_03_t00386,comment,03:17:31.262,Unknown speaker,public,389,127.04399999999987,aesthetics,Aesthetics,0,False,0.02762992324149963
h1_2025_12_03,h1_2025_12_03_t00392,comment,03:20:49.879,Unknown speaker,official,101,46.93499999999949,aesthetics,Aesthetics,0,False,0.0
h1_2025_12_03,h1_2025_12_03_t00393,comment,03:21:37.214,Unknown speaker,developer,51,20.046000000000276,aesthetics,Aesthetics,0,False,0.0
h1_2025_12_03,h1_2025_12_03_t00394,comment,03:21:57.280,Unknown speaker,official,60,30.307999999999083,aesthetics,Aesthetics,0,False,0.0
h1_2025_12_03,h1_2025_12_03_t00395,comment,03:22:27.868,Unknown speaker,developer,70,24.066999999999098,aesthetics,Aesthetics,0,False,0.0
h1_2025_12_03,h1_2025_12_03_t00397,comment,03:22:53.277,Unknown speaker,developer,19,4.962999999999738,aesthetics,Aesthetics,0,False,0.0
h1_2025_12_03,h1_2025_12_03_t00398,comment,03:22:58.261,Unknown speaker,official,183,56.23400000000038,aesthetics,Aesthetics,0,False,0.0
h1_2025_12_03,h1_2025_12_03_t00399,comment,03:23:55.744,Unknown speaker,developer,100,27.995999999999185,aesthetics,Aesthetics,0,False,0.0
h1_2025_12_03,h1_2025_12_03_t00400,comment,03:24:24.260,Unknown speaker,official,54,20.050999999999476,aesthetics,Aesthetics,0,False,0.0
h1_2025_12_03,h1_2025_12_03_t00404,comment,03:25:06.229,Unknown speaker,official,147,53.71600000000035,aesthetics,Aesthetics,0,False,0.0
h1_2025_12_03,h1_2025_12_03_t00406,comment,03:26:11.069,Unknown speaker,official,121,43.65099999999984,aesthetics,Aesthetics,0,False,0.0
h1_2025_12_03,h1_2025_12_03_t00408,comment,03:26:59.193,Unknown speaker,official,40,12.268000000000029,aesthetics,Aesthetics,0,False,0.0
h1_2025_12_03,h1_2025_12_03_t00410,comment,03:27:21.227,Unknown speaker,official,46,17.282999999999447,aesthetics,Aesthetics,0,False,0.013390320045897856
h1_2025_12_03,h1_2025_12_03_t00412,comment,03:27:41.072,Unknown speaker,official,81,39.215000000000146,aesthetics,Aesthetics,0,False,0.0
h1_2025_12_03,h1_2025_12_03_t00413,comment,03:28:22.826,Unknown speaker,developer,34,14.911000000000058,aesthetics,Aesthetics,0,False,0.0
h1_2025_12_03,h1_2025_12_03_t00414,comment,03:28:37.757,Unknown speaker,developer,125,54.54500000000007,aesthetics,Aesthetics,0,False,0.00792848611964424
h1_2025_12_03,h1_2025_12_03_t00415,comment,03:29:32.785,Unknown speaker,official,30,13.668999999999869,aesthetics,Aesthetics,0,False,0.0
h1_2025_12_03,h1_2025_12_03_t00416,comment,03:29:46.474,Unknown speaker,developer,50,19.674999999999272,aesthetics,Aesthetics,0,False,0.0
h1_2025_12_03,h1_2025_12_03_t00418,comment,03:30:12.153,Unknown speaker,developer,48,17.064000000000306,aesthetics,Aesthetics,0,False,0.0
h1_2025_12_03,h1_2025_12_03_t00419,comment,03:30:29.237,Unknown speaker,official,27,8.782000000001062,aesthetics,Aesthetics,0,False,0.0
h1_2025_12_03,h1_2025_12_03_t00420,comment,03:30:40.060,Unknown speaker,developer,30,9.125,aesthetics,Aesthetics,0,False,0.0
h1_2025_12_03,h1_2025_12_03_t00421,comment,03:30:49.905,Unknown speaker,official,109,43.862999999999374,aesthetics,Aesthetics,0,False,0.0
h1_2025_12_03,h1_2025_12_03_t00422,comment,03:31:42.322,Unknown speaker,public,294,107.9989999999998,aesthetics,Aesthetics,0,False,0.0
h1_2025_12_03,h1_2025_12_03_t00425,comment,03:33:42.785,Unknown speaker,official,54,17.82600000000093,aesthetics,Aesthetics,0,False,0.0
h1_2025_12_03,h1_2025_12_03_t00426,comment,03:34:00.651,Unknown speaker,developer,23,7.143000000000029,aesthetics,Aesthetics,0,False,0.0
h1_2025_12_03,h1_2025_12_03_t00431,comment,03:34:34.392,Unknown speaker,public,627,186.8099999999995,aesthetics,Aesthetics,0,False,0.005976327433779603
h1_2025_12_03,h1_2025_12_03_t00435,comment,03:38:10.771,Unknown speaker,public,438,162.40200000000004,aesthetics,Aesthetics,0,False,0.0
h1_2025_12_03,h1_2025_12_03_t00438,comment,03:41:08.792,Unknown speaker,official,34,15.713999999999942,aesthetics,Aesthetics,0,False,0.0
h1_2025_12_03,h1_2025_12_03_t00439,comment,03:41:28.451,Unknown speaker,developer,44,17.355000000001382,aesthetics,Aesthetics,0,False,0.0
h1_2025_12_03,h1_2025_12_03_t00440,comment,03:41:47.047,Unknown speaker,official,25,9.028000000000247,aesthetics,Aesthetics,0,False,0.0
h1_2025_12_03,h1_2025_12_03_t00442,comment,03:42:05.138,Unknown speaker,official,40,17.531999999999243,aesthetics,Aesthetics,0,False,0.03015528713238525
h1_2025_12_03,h1_2025_12_03_t00443,comment,03:42:24.871,Unknown speaker,developer,57,21.822000000000116,aesthetics,Aesthetics,0,False,0.0
h1_2025_12_03,h1_2025_12_03_t00444,comment,03:42:52.558,Unknown speaker,official,81,29.738999999999578,aesthetics,Aesthetics,0,False,0.0
h1_2025_12_03,h1_2025_12_03_t00445,comment,03:43:23.057,Unknown speaker,official,25,12.682999999999083,aesthetics,Aesthetics,0,False,0.0
h1_2025_12_03,h1_2025_12_03_t00449,comment,03:43:44.222,Unknown speaker,official,20,7.541000000001077,aesthetics,Aesthetics,0,False,0.0
h1_2025_12_03,h1_2025_12_03_t00453,comment,03:44:05.656,Unknown speaker,public,595,188.4399999999987,aesthetics,Aesthetics,0,False,0.004549075062803718
h1_2025_12_03,h1_2025_12_03_t00457,comment,03:47:25.241,Unknown speaker,official,24,7.543999999999869,aesthetics,Aesthetics,0,False,0.0
h1_2025_12_03,h1_2025_12_03_t00459,comment,03:48:00.917,Unknown speaker,public,480,154.53100000000086,aesthetics,Aesthetics,0,False,0.0
h1_2025_12_03,h1_2025_12_03_t00461,comment,03:50:48.656,Unknown speaker,official,32,30.894999999998618,aesthetics,Aesthetics,0,False,0.0
h1_2025_12_03,h1_2025_12_03_t00462,comment,03:51:25.678,Unknown speaker,public,78,25.391999999999825,aesthetics,Aesthetics,0,False,0.0
h1_2025_12_03,h1_2025_12_03_t00464,comment,03:51:55.905,Unknown speaker,public,391,122.66399999999885,aesthetics,Aesthetics,0,False,0.004254701096850976
h1_2025_12_03,h1_2025_12_03_t00468,comment,03:54:18.801,Unknown speaker,official,73,30.632000000001426,aesthetics,Aesthetics,0,False,0.0
h1_2025_12_03,h1_2025_12_03_t00469,comment,03:54:52.615,Unknown speaker,official,216,92.44000000000051,aesthetics,Aesthetics,0,False,0.00571818048539986
h1_2025_12_03,h1_2025_12_03_t00470,comment,03:56:25.875,Unknown speaker,developer,111,35.2549999999992,aesthetics,Aesthetics,0,False,0.0
h1_2025_12_03,h1_2025_12_03_t00471,comment,03:57:01.565,Unknown speaker,official,109,40.052999999999884,aesthetics,Aesthetics,0,False,0.0
h1_2025_12_03,h1_2025_12_03_t00472,comment,03:57:41.958,Unknown speaker,developer,391,115.35399999999936,aesthetics,Aesthetics,0,False,0.0
h1_2025_12_03,h1_2025_12_03_t00473,comment,03:59:37.832,Unknown speaker,official,44,17.93499999999949,aesthetics,Aesthetics,0,False,0.0
h1_2025_12_03,h1_2025_12_03_t00474,comment,03:59:56.528,Unknown speaker,developer,170,57.065999999998894,aesthetics,Aesthetics,0,False,0.0
h1_2025_12_03,h1_2025_12_03_t00475,comment,04:00:54.395,Unknown speaker,official,60,21.610999999998967,aesthetics,Aesthetics,0,False,0.0
h1_2025_12_03,h1_2025_12_03_t00476,comment,04:01:19.133,Unknown speaker,official,77,30.550999999999476,aesthetics,Aesthetics,0,False,0.0
h1_2025_12_03,h1_2025_12_03_t00477,comment,04:01:50.344,Unknown speaker,official,22,10.743000000000393,aesthetics,Aesthetics,0,False,0.0
h1_2025_12_03,h1_2025_12_03_t00479,comment,04:02:05.389,Unknown speaker,official,44,19.53900000000067,aesthetics,Aesthetics,0,False,0.0
h1_2025_12_03,h1_2025_12_03_t00482,comment,04:02:39.710,Unknown speaker,public,453,125.11599999999999,aesthetics,Aesthetics,0,False,0.0
h1_2025_12_03,h1_2025_12_03_t00485,comment,04:05:17.484,Unknown speaker,public,26,16.549999999999272,aesthetics,Aesthetics,0,False,0.0
h1_2025_12_03,h1_2025_12_03_t00486,comment,04:05:45.966,Unknown speaker,public,63,17.495999999999185,aesthetics,Aesthetics,0,False,0.0
h1_2025_12_03,h1_2025_12_03_t00488,comment,04:06:12.598,Unknown speaker,public,181,87.03900000000067,aesthetics,Aesthetics,0,False,0.0
h1_2025_12_03,h1_2025_12_03_t00492,comment,04:08:08.178,Unknown speaker,official,114,45.42200000000048,aesthetics,Aesthetics,0,False,0.011665028535077665
h1_2025_12_03,h1_2025_12_03_t00493,comment,04:08:53.997,Unknown speaker,developer,207,71.6200000000008,aesthetics,Aesthetics,0,False,0.0
h1_2025_12_03,h1_2025_12_03_t00498,comment,04:11:04.352,Unknown speaker,public,394,165.39699999999903,aesthetics,Aesthetics,0,False,0.0
h1_2025_12_03,h1_2025_12_03_t00503,comment,04:14:27.511,Unknown speaker,public,347,154.72899999999936,aesthetics,Aesthetics,0,False,0.0
h1_2025_12_03,h1_2025_12_03_t00504,comment,04:17:05.289,Unknown speaker,public,95,34.22599999999875,aesthetics,Aesthetics,0,False,0.0
h1_2025_12_03,h1_2025_12_03_t00506,comment,04:17:41.796,Unknown speaker,public,21,9.324999999998909,aesthetics,Aesthetics,0,False,0.0
h1_2025_12_03,h1_2025_12_03_t00512,comment,04:18:21.087,Unknown speaker,official,67,26.298000000000684,aesthetics,Aesthetics,0,False,0.0
h1_2025_12_03,h1_2025_12_03_t00513,comment,04:18:49.786,Unknown speaker,consultant,127,50.04899999999907,aesthetics,Aesthetics,0,False,0.0
h1_2025_12_03,h1_2025_12_03_t00517,comment,04:20:10.053,Unknown speaker,public,207,81.13400000000001,aesthetics,Aesthetics,0,False,0.0
h1_2025_12_03,h1_2025_12_03_t00518,comment,04:21:38.792,Unknown speaker,public,244,77.89600000000064,aesthetics,Aesthetics,0,False,0.0
h1_2025_12_03,h1_2025_12_03_t00519,comment,04:22:59.949,Unknown speaker,public,110,38.42699999999968,aesthetics,Aesthetics,0,False,0.0
h1_2025_12_03,h1_2025_12_03_t00521,comment,04:23:41.077,Unknown speaker,public,336,103.55400000000009,aesthetics,Aesthetics,0,False,0.0
h1_2025_12_03,h1_2025_12_03_t00522,comment,04:25:30.514,Unknown speaker,official,129,50.5580000000009,aesthetics,Aesthetics,0,False,0.0
h1_2025_12_03,h1_2025_12_03_t00523,comment,04:26:23.031,Unknown speaker,official,64,25.540999999999258,aesthetics,Aesthetics,0,False,0.011494151158829903
h1_2025_12_03,h1_2025_12_03_t00524,comment,04:26:50.842,Unknown speaker,developer,49,14.506999999999607,aesthetics,Aesthetics,0,False,0.02439019213747588
h1_2025_12_03,h1_2025_12_03_t00525,comment,04:27:08.710,Unknown speaker,developer,59,24.106000000001586,aesthetics,Aesthetics,0,False,0.010333779764397292
h1_2025_12_03,h1_2025_12_03_t00528,comment,04:27:43.189,Unknown speaker,official,70,28.11199999999917,aesthetics,Aesthetics,0,False,0.01088782223609763
h1_2025_12_03,h1_2025_12_03_t00529,comment,04:28:12.882,Unknown speaker,developer,100,35.486000000000786,aesthetics,Aesthetics,0,False,0.0
h1_2025_12_03,h1_2025_12_03_t00530,comment,04:28:52.905,Unknown speaker,official,23,9.646999999999025,aesthetics,Aesthetics,0,False,0.0
h1_2025_12_03,h1_2025_12_03_t00531,comment,04:29:06.515,Unknown speaker,official,52,11.708000000000538,aesthetics,Aesthetics,0,False,0.0
h1_2025_12_03,h1_2025_12_03_t00532,comment,04:29:19.122,Unknown speaker,official,67,23.51300000000083,aesthetics,Aesthetics,0,False,0.0
h1_2025_12_03,h1_2025_12_03_t00533,comment,04:29:55.933,Unknown speaker,official,96,23.789999999999054,aesthetics,Aesthetics,0,False,0.0
h1_2025_12_03,h1_2025_12_03_t00534,comment,04:30:19.983,Unknown speaker,official,64,18.88500000000022,aesthetics,Aesthetics,0,False,0.0
h1_2025_12_03,h1_2025_12_03_t00537,comment,04:30:43.454,Unknown speaker,public,74,21.754000000000815,aesthetics,Aesthetics,0,False,0.0
h1_2025_12_03,h1_2025_12_03_t00538,comment,04:31:08.452,Unknown speaker,public,516,162.8720000000012,aesthetics,Aesthetics,0,False,0.0
h1_2025_12_03,h1_2025_12_03_t00539,comment,04:33:55.655,Unknown speaker,public,43,13.488000000001193,aesthetics,Aesthetics,0,False,0.0
h1_2025_12_03,h1_2025_12_03_t00540,comment,04:34:09.443,Unknown speaker,official,59,18.114000000001397,aesthetics,Aesthetics,0,False,0.0
h1_2025_12_03,h1_2025_12_03_t00545,comment,04:34:48.586,Unknown speaker,public,225,80.22400000000198,aesthetics,Aesthetics,0,False,0.0
h1_2025_12_03,h1_2025_12_03_t00546,comment,04:36:08.830,Unknown speaker,official,29,10.568999999999505,aesthetics,Aesthetics,0,False,0.0
h1_2025_12_03,h1_2025_12_03_t00547,comment,04:36:19.599,Unknown speaker,public,168,57.21700000000055,aesthetics,Aesthetics,0,False,0.0
h1_2025_12_03,h1_2025_12_03_t00548,comment,04:37:17.497,Unknown speaker,official,18,4.843000000000757,aesthetics,Aesthetics,0,False,0.0
h1_2025_12_03,h1_2025_12_03_t00550,comment,04:37:23.061,Unknown speaker,official,39,13.309999999997672,aesthetics,Aesthetics,0,False,0.0
h1_2025_12_03,h1_2025_12_03_t00551,comment,04:37:39.034,Unknown speaker,official,23,5.564000000002125,aesthetics,Aesthetics,0,False,0.0
h1_2025_12_03,h1_2025_12_03_t00553,comment,04:37:46.980,Unknown speaker,developer,201,67.63200000000143,aesthetics,Aesthetics,0,False,0.0
h1_2025_12_03,h1_2025_12_03_t00554,comment,04:38:55.645,Unknown speaker,official,45,18.955999999998312,aesthetics,Aesthetics,0,False,0.0
h1_2025_12_03,h1_2025_12_03_t00555,comment,04:39:14.781,Unknown speaker,developer,210,75.52700000000186,aesthetics,Aesthetics,0,False,0.005435906555090935
h1_2025_12_03,h1_2025_12_03_t00557,comment,04:40:41.472,Unknown speaker,official,55,21.534999999999854,aesthetics,Aesthetics,0,False,0.0
h1_2025_12_03,h1_2025_12_03_t00563,comment,04:41:14.780,Unknown speaker,official,20,5.3840000000018335,aesthetics,Aesthetics,0,False,0.0
h1_2025_12_03,h1_2025_12_03_t00564,comment,04:41:23.827,Unknown speaker,official,21,7.024999999997817,aesthetics,Aesthetics,0,False,0.0
h1_2025_12_03,h1_2025_12_03_t00566,comment,04:44:28.206,Unknown speaker,official,32,23.51800000000003,aesthetics,Aesthetics,0,False,0.0
h1_2025_12_03,h1_2025_12_03_t00568,comment,04:45:01.564,Unknown speaker,public,415,132.34800000000178,aesthetics,Aesthetics,0,False,0.0
h2_2026_03_23,h2_2026_03_23_t00001,comment,00:00:00.945,Unknown speaker,public,67,19.407,aesthetics,Aesthetics,0,False,0.0
h2_2026_03_23,h2_2026_03_23_t00003,comment,00:00:29.619,Unknown speaker,official,30,6.783000000000001,aesthetics,Aesthetics,0,False,0.0
h2_2026_03_23,h2_2026_03_23_t00005,comment,00:00:37.823,Unknown speaker,official,40,17.109,aesthetics,Aesthetics,0,False,0.0
h2_2026_03_23,h2_2026_03_23_t00008,comment,00:01:14.507,Unknown speaker,staff,34,21.808999999999997,aesthetics,Aesthetics,0,False,0.0
h2_2026_03_23,h2_2026_03_23_t00016,comment,00:01:44.715,Unknown speaker,staff,20,17.230999999999995,aesthetics,Aesthetics,0,False,0.0
h2_2026_03_23,h2_2026_03_23_t00025,comment,00:03:57.985,Unknown speaker,staff,22,13.044999999999987,aesthetics,Aesthetics,0,False,0.0
h2_2026_03_23,h2_2026_03_23_t00038,comment,00:04:35.603,Unknown speaker,official,54,17.882000000000005,aesthetics,Aesthetics,0,False,0.0
h2_2026_03_23,h2_2026_03_23_t00041,comment,00:05:05.654,Unknown speaker,official,257,80.565,aesthetics,Aesthetics,0,False,0.0
h2_2026_03_23,h2_2026_03_23_t00043,comment,00:07:25.742,Unknown speaker,official,23,13.988,aesthetics,Aesthetics,0,False,0.0
h2_2026_03_23,h2_2026_03_23_t00044,comment,00:07:53.333,Unknown speaker,official,65,22.984999999999957,aesthetics,Aesthetics,0,False,0.0
h2_2026_03_23,h2_2026_03_23_t00045,comment,00:08:19.765,Unknown speaker,official,201,73.79700000000003,aesthetics,Aesthetics,0,False,0.0
h2_2026_03_23,h2_2026_03_23_t00047,comment,00:11:30.417,Unknown speaker,official,187,65.553,aesthetics,Aesthetics,0,False,0.0
h2_2026_03_23,h2_2026_03_23_t00076,comment,00:14:50.074,Unknown speaker,official,29,9.605999999999995,aesthetics,Aesthetics,0,False,0.0
h2_2026_03_23,h2_2026_03_23_t00077,comment,00:15:07.426,Unknown speaker,developer,32,6.846000000000004,aesthetics,Aesthetics,0,False,0.0
h2_2026_03_23,h2_2026_03_23_t00078,comment,00:15:21.198,Unknown speaker,developer,1388,451.5079999999999,aesthetics,Aesthetics,0,False,0.020348160569225872
h2_2026_03_23,h2_2026_03_23_t00079,comment,00:23:06.831,Unknown speaker,developer,388,131.16600000000017,aesthetics,Aesthetics,0,False,0.0
h2_2026_03_23,h2_2026_03_23_t00082,comment,00:25:32.668,Unknown speaker,official,21,8.125,aesthetics,Aesthetics,0,False,0.0
h2_2026_03_23,h2_2026_03_23_t00083,comment,00:25:43.034,Unknown speaker,public,679,317.49599999999987,aesthetics,Aesthetics,2,True,0.04773040717092088
h2_2026_03_23,h2_2026_03_23_t00084,comment,00:31:13.089,Unknown speaker,official,43,17.923999999999978,aesthetics,Aesthetics,0,False,0.0
h2_2026_03_23,h2_2026_03_23_t00085,comment,00:31:33.554,Unknown speaker,public,696,264.3489999999997,aesthetics,Aesthetics,0,False,0.006919980357198251
h2_2026_03_23,h2_2026_03_23_t00086,comment,00:36:05.439,Unknown speaker,official,22,11.62900000000036,aesthetics,Aesthetics,0,False,0.0
h2_2026_03_23,h2_2026_03_23_t00087,comment,00:36:17.128,Unknown speaker,consultant,544,196.06399999999985,aesthetics,Aesthetics,0,False,0.0
h2_2026_03_23,h2_2026_03_23_t00090,comment,00:39:52.808,Unknown speaker,developer,564,225.8470000000002,aesthetics,Aesthetics,0,False,0.0038126515918938536
h2_2026_03_23,h2_2026_03_23_t00091,comment,00:43:44.657,Unknown speaker,developer,18,4.40099999999984,aesthetics,Aesthetics,0,False,0.0
h2_2026_03_23,h2_2026_03_23_t00092,comment,00:43:49.518,Unknown speaker,official,19,7.201999999999771,aesthetics,Aesthetics,0,False,0.0
h2_2026_03_23,h2_2026_03_23_t00093,comment,00:44:08.182,Unknown speaker,public,204,90.89100000000008,aesthetics,Aesthetics,0,False,0.0
h2_2026_03_23,h2_2026_03_23_t00094,comment,00:45:42.797,Unknown speaker,public,251,105.60300000000007,aesthetics,Aesthetics,0,False,0.005320831375258726
h2_2026_03_23,h2_2026_03_23_t00095,comment,00:47:31.903,Unknown speaker,public,261,112.9050000000002,aesthetics,Aesthetics,0,False,0.0
h2_2026_03_23,h2_2026_03_23_t00096,comment,00:49:39.329,Unknown speaker,public,19,12.385999999999967,aesthetics,Aesthetics,0,False,0.0
h2_2026_03_23,h2_2026_03_23_t00098,comment,00:49:54.116,Unknown speaker,public,27,8.123999999999796,aesthetics,Aesthetics,0,False,0.0
h2_2026_03_23,h2_2026_03_23_t00102,comment,00:50:22.043,Unknown speaker,public,42,17.20699999999988,aesthetics,Aesthetics,0,False,0.0
h2_2026_03_23,h2_2026_03_23_t00103,comment,00:50:43.231,Unknown speaker,public,354,116.6859999999997,aesthetics,Aesthetics,0,False,0.0
h2_2026_03_23,h2_2026_03_23_t00104,comment,00:52:44.451,Unknown speaker,public,72,30.286000000000058,aesthetics,Aesthetics,0,False,0.010830362075877066
h2_2026_03_23,h2_2026_03_23_t00106,comment,00:53:28.809,Unknown speaker,public,103,36.8149999999996,aesthetics,Aesthetics,0,False,0.0
h2_2026_03_23,h2_2026_03_23_t00108,comment,00:54:51.299,Unknown speaker,developer,112,37.84400000000005,aesthetics,Aesthetics,0,False,0.0
h2_2026_03_23,h2_2026_03_23_t00109,comment,00:55:36.913,Unknown speaker,public,531,203.13499999999976,aesthetics,Aesthetics,1,True,0.005989721493866972
h2_2026_03_23,h2_2026_03_23_t00110,comment,00:59:09.083,Unknown speaker,official,20,9.324999999999818,aesthetics,Aesthetics,0,False,0.0
h2_2026_03_23,h2_2026_03_23_t00112,comment,00:59:22.791,Unknown speaker,public,192,78.27700000000004,aesthetics,Aesthetics,0,False,0.005790781573615913
h2_2026_03_23,h2_2026_03_23_t00113,comment,01:00:45.550,Unknown speaker,public,38,20.143999999999778,aesthetics,Aesthetics,0,False,0.0
h2_2026_03_23,h2_2026_03_23_t00114,comment,01:01:07.516,Unknown speaker,official,29,10.88799999999992,aesthetics,Aesthetics,0,False,0.0
h2_2026_03_23,h2_2026_03_23_t00115,comment,01:01:19.545,Unknown speaker,public,41,16.02500000000009,aesthetics,Aesthetics,0,False,0.0
h2_2026_03_23,h2_2026_03_23_t00116,comment,01:01:47.333,Unknown speaker,public,367,129.9670000000001,aesthetics,Aesthetics,0,False,0.0
h2_2026_03_23,h2_2026_03_23_t00117,comment,01:04:05.896,Unknown speaker,developer,25,5.9669999999996435,aesthetics,Aesthetics,0,False,0.0
h2_2026_03_23,h2_2026_03_23_t00119,comment,01:04:22.234,Unknown speaker,public,571,233.50199999999995,aesthetics,Aesthetics,0,False,0.004490840822599077
h2_2026_03_23,h2_2026_03_23_t00120,comment,01:08:19.138,Unknown speaker,public,319,98.90599999999995,aesthetics,Aesthetics,0,False,0.0
h2_2026_03_23,h2_2026_03_23_t00121,comment,01:10:06.860,Unknown speaker,public,339,151.1230000000005,aesthetics,Aesthetics,0,False,0.0
h2_2026_03_23,h2_2026_03_23_t00122,comment,01:12:41.145,Unknown speaker,public,25,11.359999999999673,aesthetics,Aesthetics,0,False,0.0
h2_2026_03_23,h2_2026_03_23_t00124,comment,01:12:54.747,Unknown speaker,public,78,34.764000000000124,aesthetics,Aesthetics,0,False,0.0
h2_2026_03_23,h2_2026_03_23_t00125,comment,01:13:39.600,Unknown speaker,public,107,52.714999999999236,aesthetics,Aesthetics,0,False,0.009233254677428146
h2_2026_03_23,h2_2026_03_23_t00126,comment,01:14:34.777,Unknown speaker,official,31,19.141999999999825,aesthetics,Aesthetics,0,False,0.0
h2_2026_03_23,h2_2026_03_23_t00127,comment,01:15:02.172,Unknown speaker,official,394,182.53100000000086,aesthetics,Aesthetics,0,False,0.010388421414736938
h2_2026_03_23,h2_2026_03_23_t00129,comment,01:18:10.546,Unknown speaker,official,133,47.32799999999952,aesthetics,Aesthetics,0,False,0.0
h2_2026_03_23,h2_2026_03_23_t00130,comment,01:18:58.534,Unknown speaker,official,141,55.48400000000038,aesthetics,Aesthetics,0,False,0.0
h2_2026_03_23,h2_2026_03_23_t00132,comment,01:20:10.149,Unknown speaker,official,88,41.20299999999952,aesthetics,Aesthetics,0,False,0.0
h2_2026_03_23,h2_2026_03_23_t00134,comment,01:21:06.512,Unknown speaker,official,21,7.806000000000495,aesthetics,Aesthetics,0,False,0.0
h2_2026_03_23,h2_2026_03_23_t00135,comment,01:21:18.461,Unknown speaker,public,334,122.83500000000004,aesthetics,Aesthetics,0,False,0.0
h2_2026_03_23,h2_2026_03_23_t00137,comment,01:23:31.700,Unknown speaker,public,139,53.738000000000284,aesthetics,Aesthetics,0,False,0.0
h2_2026_03_23,h2_2026_03_23_t00141,comment,01:24:29.760,Unknown speaker,public,91,36.259000000000015,aesthetics,Aesthetics,0,False,0.0
h2_2026_03_23,h2_2026_03_23_t00142,comment,01:25:09.881,Unknown speaker,public,58,23.829999999999927,aesthetics,Aesthetics,1,True,0.019271576414051073
h2_2026_03_23,h2_2026_03_23_t00145,comment,01:25:52.996,Unknown speaker,public,323,126.17799999999988,aesthetics,Aesthetics,0,False,0.0
h2_2026_03_23,h2_2026_03_23_t00147,comment,01:28:12.341,Unknown speaker,public,160,84.5630000000001,aesthetics,Aesthetics,0,False,0.0
h2_2026_03_23,h2_2026_03_23_t00151,comment,01:29:51.221,Unknown speaker,public,285,122.87800000000061,aesthetics,Aesthetics,0,False,0.0
h2_2026_03_23,h2_2026_03_23_t00153,comment,01:32:02.783,Unknown speaker,public,103,38.107999999999265,aesthetics,Aesthetics,0,False,0.0
h2_2026_03_23,h2_2026_03_23_t00154,comment,01:32:44.894,Unknown speaker,public,188,67.29599999999937,aesthetics,Aesthetics,0,False,0.0
h2_2026_03_23,h2_2026_03_23_t00156,comment,01:34:03.098,Unknown speaker,public,213,67.63799999999992,aesthetics,Aesthetics,0,False,0.0
h2_2026_03_23,h2_2026_03_23_t00158,comment,01:35:13.668,Unknown speaker,public,256,85.51600000000053,aesthetics,Aesthetics,1,True,0.012807412115423277
h2_2026_03_23,h2_2026_03_23_t00159,comment,01:36:42.583,Unknown speaker,public,110,29.105000000000473,aesthetics,Aesthetics,0,False,0.011116025866812868
h2_2026_03_23,h2_2026_03_23_t00161,comment,01:37:28.177,Unknown speaker,public,329,121.25,aesthetics,Aesthetics,0,False,0.004861239864744539
h2_2026_03_23,h2_2026_03_23_t00163,comment,01:39:38.434,Unknown speaker,official,111,43.64499999999953,aesthetics,Aesthetics,0,False,0.0
h2_2026_03_23,h2_2026_03_23_t00165,comment,01:40:30.186,Unknown speaker,public,267,80.5590000000002,aesthetics,Aesthetics,0,False,0.0
h2_2026_03_23,h2_2026_03_23_t00167,comment,01:41:56.843,Unknown speaker,public,130,32.284999999999854,aesthetics,Aesthetics,0,False,0.0082513888098519
h2_2026_03_23,h2_2026_03_23_t00170,comment,01:42:36.670,Unknown speaker,public,318,122.0010000000002,aesthetics,Aesthetics,0,False,0.0
h2_2026_03_23,h2_2026_03_23_t00173,comment,01:44:52.200,Unknown speaker,public,397,121.54700000000048,aesthetics,Aesthetics,0,False,0.005513123797152917
h2_2026_03_23,h2_2026_03_23_t00175,comment,01:47:02.408,Unknown speaker,public,148,45.978000000000065,aesthetics,Aesthetics,0,False,0.0
h2_2026_03_23,h2_2026_03_23_t00177,comment,01:47:49.946,Unknown speaker,public,53,16.34900000000016,aesthetics,Aesthetics,0,False,0.0
h2_2026_03_23,h2_2026_03_23_t00179,comment,01:48:12.995,Unknown speaker,public,203,52.228000000000065,aesthetics,Aesthetics,0,False,0.0
h2_2026_03_23,h2_2026_03_23_t00182,comment,01:50:38.532,Unknown speaker,official,21,6.023000000000138,aesthetics,Aesthetics,0,False,0.0
h2_2026_03_23,h2_2026_03_23_t00185,comment,01:50:50.479,Unknown speaker,public,125,45.55000000000018,aesthetics,Aesthetics,0,False,0.007371638629877028
h2_2026_03_23,h2_2026_03_23_t00186,comment,01:51:39.385,Unknown speaker,public,100,33.246000000000095,aesthetics,Aesthetics,0,False,0.0
h2_2026_03_23,h2_2026_03_23_t00188,comment,01:52:26.139,Unknown speaker,public,366,122.92100000000028,aesthetics,Aesthetics,0,False,0.0
h2_2026_03_23,h2_2026_03_23_t00192,comment,01:54:49.540,Unknown speaker,public,331,106.53099999999995,aesthetics,Aesthetics,0,False,0.0
h2_2026_03_23,h2_2026_03_23_t00194,comment,01:56:38.013,Unknown speaker,public,320,111.95399999999972,aesthetics,Aesthetics,0,False,0.0
h2_2026_03_23,h2_2026_03_23_t00195,comment,01:58:33.629,Unknown speaker,public,50,12.54700000000048,aesthetics,Aesthetics,0,False,0.0
h2_2026_03_23,h2_2026_03_23_t00197,comment,01:58:59.124,Unknown speaker,public,202,76.80000000000018,aesthetics,Aesthetics,0,False,0.0
h2_2026_03_23,h2_2026_03_23_t00199,comment,02:00:18.885,Unknown speaker,public,345,125.11200000000008,aesthetics,Aesthetics,0,False,0.0
h2_2026_03_23,h2_2026_03_23_t00203,comment,02:02:33.318,Unknown speaker,public,276,94.4960000000001,aesthetics,Aesthetics,1,True,0.017117062945894785
h2_2026_03_23,h2_2026_03_23_t00205,comment,02:04:17.465,Unknown speaker,public,367,117.6239999999998,aesthetics,Aesthetics,1,True,0.007284961493326767
h2_2026_03_23,h2_2026_03_23_t00206,comment,02:06:24.118,Unknown speaker,public,344,123.44499999999971,aesthetics,Aesthetics,0,False,0.0
h2_2026_03_23,h2_2026_03_23_t00208,comment,02:08:34.233,Unknown speaker,public,271,107.03899999999976,aesthetics,Aesthetics,0,False,0.0
h2_2026_03_23,h2_2026_03_23_t00210,comment,02:10:25.802,Unknown speaker,public,438,124.88600000000042,aesthetics,Aesthetics,0,False,0.009559120118683274
h2_2026_03_23,h2_2026_03_23_t00216,comment,02:12:48.117,Unknown speaker,official,198,60.05400000000009,aesthetics,Aesthetics,0,False,0.0
h2_2026_03_23,h2_2026_03_23_t00218,comment,02:13:57.440,Unknown speaker,public,244,121.01700000000073,aesthetics,Aesthetics,0,False,0.0
h2_2026_03_23,h2_2026_03_23_t00220,comment,02:16:07.642,Unknown speaker,public,164,56.746000000001004,aesthetics,Aesthetics,1,True,0.011356480697768682
h2_2026_03_23,h2_2026_03_23_t00221,comment,02:17:08.732,Unknown speaker,public,152,63.59900000000016,aesthetics,Aesthetics,0,False,0.0
h2_2026_03_23,h2_2026_03_23_t00224,comment,02:18:36.810,Unknown speaker,public,39,11.483000000000175,aesthetics,Aesthetics,0,False,0.0
h2_2026_03_23,h2_2026_03_23_t00225,comment,02:18:52.414,Unknown speaker,public,117,42.96299999999974,aesthetics,Aesthetics,0,False,0.0
h2_2026_03_23,h2_2026_03_23_t00227,comment,02:19:44.883,Unknown speaker,public,358,118.59499999999935,aesthetics,Aesthetics,0,False,0.0
h2_2026_03_23,h2_2026_03_23_t00229,comment,02:21:51.622,Unknown speaker,public,364,120.67100000000028,aesthetics,Aesthetics,0,False,0.003679957265871714
h2_2026_03_23,h2_2026_03_23_t00231,comment,02:24:03.483,Unknown speaker,public,343,128.45899999999892,aesthetics,Aesthetics,0,False,0.004309604481995006
h2_2026_03_23,h2_2026_03_23_t00232,comment,02:26:22.468,Unknown speaker,public,262,108.42099999999846,aesthetics,Aesthetics,0,False,0.004785009405361232
h2_2026_03_23,h2_2026_03_23_t00233,comment,02:28:20.397,Unknown speaker,public,29,7.586999999999534,aesthetics,Aesthetics,0,False,0.0
h2_2026_03_23,h2_2026_03_23_t00236,comment,02:28:45.546,Unknown speaker,public,122,47.190999999998894,aesthetics,Aesthetics,0,False,0.017963499396210697
h2_2026_03_23,h2_2026_03_23_t00240,comment,02:30:03.124,Unknown speaker,public,39,18.028000000000247,aesthetics,Aesthetics,0,False,0.0
h2_2026_03_23,h2_2026_03_23_t00241,comment,02:30:24.554,Unknown speaker,public,67,20.771999999999025,aesthetics,Aesthetics,0,False,0.01185468080640404
h2_2026_03_23,h2_2026_03_23_t00242,comment,02:30:48.708,Unknown speaker,public,69,22.47599999999875,aesthetics,Aesthetics,0,False,0.015636746333957913
h2_2026_03_23,h2_2026_03_23_t00243,comment,02:31:16.906,Unknown speaker,public,54,19.797999999998865,aesthetics,Aesthetics,0,False,0.0
h2_2026_03_23,h2_2026_03_23_t00244,comment,02:31:40.205,Unknown speaker,public,106,45.486000000000786,aesthetics,Aesthetics,0,False,0.01425628874207486
h2_2026_03_23,h2_2026_03_23_t00245,comment,02:32:28.792,Unknown speaker,public,155,56.12300000000141,aesthetics,Aesthetics,0,False,0.0
h2_2026_03_23,h2_2026_03_23_t00246,comment,02:33:35.039,Unknown speaker,public,119,38.753999999998996,aesthetics,Aesthetics,0,False,0.008336593389281374
h2_2026_03_23,h2_2026_03_23_t00247,comment,02:34:22.410,Unknown speaker,public,188,60.52000000000044,aesthetics,Aesthetics,0,False,0.006671723862583714
h2_2026_03_23,h2_2026_03_23_t00248,comment,02:35:24.291,Unknown speaker,official,32,11.703000000001339,aesthetics,Aesthetics,0,False,0.0
h2_2026_03_23,h2_2026_03_23_t00249,comment,02:35:36.314,Unknown speaker,public,47,13.395000000000437,aesthetics,Aesthetics,0,False,0.0
h2_2026_03_23,h2_2026_03_23_t00251,comment,02:35:58.776,Unknown speaker,public,336,96.7569999999996,aesthetics,Aesthetics,0,False,0.0
h2_2026_03_23,h2_2026_03_23_t00252,comment,02:37:46.420,Unknown speaker,public,394,124.3130000000001,aesthetics,Aesthetics,0,False,0.0
h2_2026_03_23,h2_2026_03_23_t00254,comment,02:40:07.442,Unknown speaker,public,296,97.35000000000036,aesthetics,Aesthetics,0,False,0.0
h2_2026_03_23,h2_2026_03_23_t00255,comment,02:41:56.973,Unknown speaker,public,293,121.45299999999952,aesthetics,Aesthetics,0,False,0.0
h2_2026_03_23,h2_2026_03_23_t00256,comment,02:44:11.429,Unknown speaker,public,361,125.53199999999924,aesthetics,Aesthetics,0,False,0.010380389965889738
h2_2026_03_23,h2_2026_03_23_t00259,comment,02:46:27.462,Unknown speaker,public,118,39.10699999999997,aesthetics,Aesthetics,0,False,0.0
h2_2026_03_23,h2_2026_03_23_t00260,comment,02:47:15.502,Unknown speaker,public,375,115.27499999999964,aesthetics,Aesthetics,0,False,0.0
h2_2026_03_23,h2_2026_03_23_t00261,comment,02:49:20.020,Unknown speaker,public,186,62.608000000000175,aesthetics,Aesthetics,0,False,0.0
h2_2026_03_23,h2_2026_03_23_t00262,comment,02:50:32.868,Unknown speaker,public,187,74.06999999999971,aesthetics,Aesthetics,0,False,0.0
h2_2026_03_23,h2_2026_03_23_t00263,comment,02:51:57.704,Unknown speaker,public,283,75.42100000000028,aesthetics,Aesthetics,0,False,0.0
h2_2026_03_23,h2_2026_03_23_t00264,comment,02:53:21.892,Unknown speaker,public,343,111.0640000000003,aesthetics,Aesthetics,0,False,0.0
h2_2026_03_23,h2_2026_03_23_t00265,comment,02:55:23.755,Unknown speaker,public,65,27.19300000000112,aesthetics,Aesthetics,0,False,0.0
h2_2026_03_23,h2_2026_03_23_t00266,comment,02:55:54.448,Unknown speaker,public,131,52.93499999999949,aesthetics,Aesthetics,0,False,0.0
h2_2026_03_23,h2_2026_03_23_t00267,comment,02:56:54.089,Unknown speaker,public,104,34.29700000000048,aesthetics,Aesthetics,0,False,0.0
h2_2026_03_23,h2_2026_03_23_t00268,comment,02:57:37.689,Unknown speaker,public,138,41.586999999999534,aesthetics,Aesthetics,0,False,0.0
h2_2026_03_23,h2_2026_03_23_t00269,comment,02:58:24.739,Unknown speaker,public,118,40.13500000000022,aesthetics,Aesthetics,0,False,0.0
h2_2026_03_23,h2_2026_03_23_t00270,comment,02:59:16.462,Unknown speaker,public,65,16.060999999999694,aesthetics,Aesthetics,0,False,0.0
h2_2026_03_23,h2_2026_03_23_t00271,comment,02:59:42.012,Unknown speaker,public,113,35.01000000000022,aesthetics,Aesthetics,0,False,0.014910447144814324
h2_2026_03_23,h2_2026_03_23_t00272,comment,03:00:25.758,Unknown speaker,public,76,20.988999999999578,aesthetics,Aesthetics,0,False,0.0
h2_2026_03_23,h2_2026_03_23_t00273,comment,03:00:55.035,Unknown speaker,public,44,16.369000000000597,aesthetics,Aesthetics,0,False,0.0
h2_2026_03_23,h2_2026_03_23_t00274,comment,03:01:15.967,Unknown speaker,public,115,38.86999999999898,aesthetics,Aesthetics,0,False,0.0
h2_2026_03_23,h2_2026_03_23_t00275,comment,03:02:05.202,Unknown speaker,public,426,122.90300000000025,aesthetics,Aesthetics,0,False,0.004321189329002216
h2_2026_03_23,h2_2026_03_23_t00276,comment,03:04:27.320,Unknown speaker,public,122,54.853000000000975,aesthetics,Aesthetics,0,False,0.0
h2_2026_03_23,h2_2026_03_23_t00277,comment,03:05:25.468,Unknown speaker,public,113,51.753999999998996,aesthetics,Aesthetics,0,False,0.0
h2_2026_03_23,h2_2026_03_23_t00278,comment,03:06:27.980,Unknown speaker,public,245,98.92799999999988,aesthetics,Aesthetics,0,False,0.0
h2_2026_03_23,h2_2026_03_23_t00280,comment,03:08:20.218,Unknown speaker,public,75,22.93499999999949,aesthetics,Aesthetics,0,False,0.0
h2_2026_03_23,h2_2026_03_23_t00282,comment,03:08:46.773,Unknown speaker,public,84,18.19300000000112,aesthetics,Aesthetics,0,False,0.0
h2_2026_03_23,h2_2026_03_23_t00284,comment,03:09:09.909,Unknown speaker,official,29,6.05199999999968,aesthetics,Aesthetics,0,False,0.0
h2_2026_03_23,h2_2026_03_23_t00286,comment,03:09:20.402,Unknown speaker,public,276,84.71999999999935,aesthetics,Aesthetics,0,False,0.0
h2_2026_03_23,h2_2026_03_23_t00287,comment,03:10:45.703,Unknown speaker,official,77,30.488999999999578,aesthetics,Aesthetics,0,False,0.0
h2_2026_03_23,h2_2026_03_23_t00289,comment,03:11:26.566,Unknown speaker,public,166,62.30699999999888,aesthetics,Aesthetics,0,False,0.0
h2_2026_03_23,h2_2026_03_23_t00292,comment,03:12:36.996,Unknown speaker,public,187,48.82800000000134,aesthetics,Aesthetics,0,False,0.006409393355985152
h2_2026_03_23,h2_2026_03_23_t00293,comment,03:13:33.590,Unknown speaker,public,130,47.623999999999796,aesthetics,Aesthetics,0,False,0.0
h2_2026_03_23,h2_2026_03_23_t00294,comment,03:14:30.085,Unknown speaker,public,22,5.802000000001499,aesthetics,Aesthetics,0,False,0.0
h2_2026_03_23,h2_2026_03_23_t00296,comment,03:14:38.348,Unknown speaker,public,127,40.81500000000051,aesthetics,Aesthetics,0,False,0.0
h2_2026_03_23,h2_2026_03_23_t00297,comment,03:15:23.862,Unknown speaker,official,24,9.229000000001179,aesthetics,Aesthetics,0,False,0.0
h2_2026_03_23,h2_2026_03_23_t00300,comment,03:15:47.123,Unknown speaker,public,58,22.48700000000099,aesthetics,Aesthetics,0,False,0.0
h2_2026_03_23,h2_2026_03_23_t00301,comment,03:16:14.271,Unknown speaker,official,22,8.568999999999505,aesthetics,Aesthetics,0,False,0.0
h2_2026_03_23,h2_2026_03_23_t00302,comment,03:16:34.048,Unknown speaker,public,89,32.34099999999853,aesthetics,Aesthetics,0,False,0.0
h2_2026_03_23,h2_2026_03_23_t00303,comment,03:17:11.853,Unknown speaker,official,28,10.467000000000553,aesthetics,Aesthetics,0,False,0.0
h2_2026_03_23,h2_2026_03_23_t00305,comment,03:17:28.156,Unknown speaker,public,28,9.36199999999917,aesthetics,Aesthetics,0,False,0.0
h2_2026_03_23,h2_2026_03_23_t00307,comment,03:17:39.879,Unknown speaker,public,43,13.062999999998283,aesthetics,Aesthetics,0,False,0.0
h2_2026_03_23,h2_2026_03_23_t00308,comment,03:17:55.183,Unknown speaker,official,27,14.006999999999607,aesthetics,Aesthetics,0,False,0.0
h2_2026_03_23,h2_2026_03_23_t00309,comment,03:18:13.304,Unknown speaker,public,54,20.04199999999946,aesthetics,Aesthetics,0,False,0.0
h2_2026_03_23,h2_2026_03_23_t00310,comment,03:18:36.561,Unknown speaker,official,45,17.868000000000393,aesthetics,Aesthetics,0,False,0.0
h2_2026_03_23,h2_2026_03_23_t00311,comment,03:19:02.232,Unknown speaker,public,464,216.47500000000036,aesthetics,Aesthetics,1,True,0.02396544463442202
h2_2026_03_23,h2_2026_03_23_t00312,comment,03:22:47.208,Unknown speaker,public,71,32.149999999999636,aesthetics,Aesthetics,0,False,0.0
h2_2026_03_23,h2_2026_03_23_t00313,comment,03:23:24.306,Unknown speaker,public,46,24.23199999999997,aesthetics,Aesthetics,0,False,0.0
h2_2026_03_23,h2_2026_03_23_t00315,comment,03:24:08.390,Unknown speaker,developer,815,280.96600000000035,aesthetics,Aesthetics,0,False,0.0
h2_2026_03_23,h2_2026_03_23_t00316,comment,03:28:50.956,Unknown speaker,official,45,19.593000000000757,aesthetics,Aesthetics,0,False,0.0
h2_2026_03_23,h2_2026_03_23_t00319,comment,03:29:15.852,Unknown speaker,official,33,14.023999999999432,aesthetics,Aesthetics,0,False,0.0
h2_2026_03_23,h2_2026_03_23_t00320,comment,03:29:33.319,Unknown speaker,official,117,47.02599999999984,aesthetics,Aesthetics,0,False,0.0
h2_2026_03_23,h2_2026_03_23_t00321,comment,03:30:23.838,Unknown speaker,official,26,10.825000000000728,aesthetics,Aesthetics,0,False,0.0
h2_2026_03_23,h2_2026_03_23_t00322,comment,03:30:39.365,Unknown speaker,official,22,5.802999999999884,aesthetics,Aesthetics,0,False,0.0
h2_2026_03_23,h2_2026_03_23_t00365,comment,03:33:22.654,Unknown speaker,official,22,10.688000000000102,aesthetics,Aesthetics,0,False,0.0
h2_2026_03_23,h2_2026_03_23_t00368,comment,03:33:40.608,Unknown speaker,staff,61,18.85399999999936,aesthetics,Aesthetics,0,False,0.0
h2_2026_03_23,h2_2026_03_23_t00371,comment,03:34:22.417,Unknown speaker,official,23,6.663000000000466,aesthetics,Aesthetics,0,False,0.0
h2_2026_03_23,h2_2026_03_23_t00372,comment,03:34:29.160,Unknown speaker,staff,22,6.163000000000466,aesthetics,Aesthetics,0,False,0.0
h2_2026_03_23,h2_2026_03_23_t00373,comment,03:34:49.098,Unknown speaker,official,26,7.826000000000931,aesthetics,Aesthetics,0,False,0.0
h2_2026_03_23,h2_2026_03_23_t00377,comment,03:35:14.967,Unknown speaker,staff,100,37.8169999999991,aesthetics,Aesthetics,0,False,0.0
h2_2026_03_23,h2_2026_03_23_t00381,comment,03:36:37.529,Unknown speaker,staff,37,13.02599999999984,aesthetics,Aesthetics,0,False,0.0
h2_2026_03_23,h2_2026_03_23_t00382,comment,03:36:52.396,Unknown speaker,official,35,11.737999999999374,aesthetics,Aesthetics,0,False,0.0
h2_2026_03_23,h2_2026_03_23_t00385,comment,03:37:16.497,Unknown speaker,staff,42,16.403000000000247,aesthetics,Aesthetics,0,False,0.0
h2_2026_03_23,h2_2026_03_23_t00387,comment,03:37:41.510,Unknown speaker,official,30,9.806000000000495,aesthetics,Aesthetics,0,False,0.0
h2_2026_03_23,h2_2026_03_23_t00390,comment,03:38:32.187,Unknown speaker,official,31,10.566000000000713,aesthetics,Aesthetics,0,False,0.0
h2_2026_03_23,h2_2026_03_23_t00395,comment,03:40:38.890,Unknown speaker,official,22,8.98700000000099,aesthetics,Aesthetics,0,False,0.0
h2_2026_03_23,h2_2026_03_23_t00407,comment,03:42:08.243,Unknown speaker,public,28,11.147999999999229,aesthetics,Aesthetics,0,False,0.0
h2_2026_03_23,h2_2026_03_23_t00409,comment,03:42:24.595,Unknown speaker,public,282,97.53900000000067,aesthetics,Aesthetics,0,False,0.0
h2_2026_03_23,h2_2026_03_23_t00411,comment,03:44:03.527,Unknown speaker,public,334,123.48300000000017,aesthetics,Aesthetics,0,False,0.0
h2_2026_03_23,h2_2026_03_23_t00412,comment,03:46:07.171,Unknown speaker,official,31,14.46600000000035,aesthetics,Aesthetics,0,False,0.0
h2_2026_03_23,h2_2026_03_23_t00413,comment,03:46:24.660,Unknown speaker,official,34,15.583000000000538,aesthetics,Aesthetics,0,False,0.0
h2_2026_03_23,h2_2026_03_23_t00418,comment,03:47:24.181,Unknown speaker,public,809,242.83299999999872,aesthetics,Aesthetics,0,False,0.0
h2_2026_03_23,h2_2026_03_23_t00421,comment,03:51:30.276,Unknown speaker,official,35,22.181000000000495,aesthetics,Aesthetics,0,False,0.0
h2_2026_03_23,h2_2026_03_23_t00425,comment,03:52:22.763,Unknown speaker,public,95,31.821999999998297,aesthetics,Aesthetics,0,False,0.0
h2_2026_03_23,h2_2026_03_23_t00426,comment,03:52:58.588,Unknown speaker,official,22,8.706000000000131,aesthetics,Aesthetics,0,False,0.0
h2_2026_03_23,h2_2026_03_23_t00429,comment,03:53:22.715,Unknown speaker,official,20,9.851999999998952,aesthetics,Aesthetics,0,False,0.0
h2_2026_03_23,h2_2026_03_23_t00430,comment,03:53:48.318,Unknown speaker,public,27,7.6270000000004075,aesthetics,Aesthetics,0,False,0.0
h2_2026_03_23,h2_2026_03_23_t00435,comment,03:54:29.882,Unknown speaker,official,22,10.509000000000015,aesthetics,Aesthetics,0,False,0.0
h1_2025_12_03,h1_2025_12_03_t00003,comment,00:00:15.605,Unknown speaker,official,72,24.328999999999997,sustainability,Sustainability,0,False,0.0
h1_2025_12_03,h1_2025_12_03_t00004,comment,00:00:39.954,Unknown speaker,unknown,31,15.271,sustainability,Sustainability,0,False,0.0
h1_2025_12_03,h1_2025_12_03_t00005,comment,00:01:00.770,Unknown speaker,official,58,25.275,sustainability,Sustainability,0,False,0.0
h1_2025_12_03,h1_2025_12_03_t00006,comment,00:01:29.200,Unknown speaker,staff,23,19.180999999999997,sustainability,Sustainability,0,False,0.0
h1_2025_12_03,h1_2025_12_03_t00014,comment,00:02:13.178,Unknown speaker,official,78,25.02600000000001,sustainability,Sustainability,0,False,0.0
h1_2025_12_03,h1_2025_12_03_t00015,comment,00:02:43.150,Unknown speaker,official,32,9.730999999999995,sustainability,Sustainability,0,False,0.0
h1_2025_12_03,h1_2025_12_03_t00019,comment,00:03:07.437,Unknown speaker,official,18,7.304000000000002,sustainability,Sustainability,0,False,0.0
h1_2025_12_03,h1_2025_12_03_t00022,comment,00:04:05.616,Unknown speaker,official,804,287.985,sustainability,Sustainability,3,True,0.044279548836903306
h1_2025_12_03,h1_2025_12_03_t00029,comment,00:10:38.713,Unknown speaker,developer,247,83.51800000000003,sustainability,Sustainability,0,False,0.004219524387960962
h1_2025_12_03,h1_2025_12_03_t00030,comment,00:12:13.198,Unknown speaker,developer,53,14.513000000000034,sustainability,Sustainability,0,False,0.0
h1_2025_12_03,h1_2025_12_03_t00031,comment,00:12:35.055,Unknown speaker,developer,84,31.01800000000003,sustainability,Sustainability,0,False,0.0
h1_2025_12_03,h1_2025_12_03_t00034,comment,00:13:20.818,Unknown speaker,developer,1139,344.1289999999999,sustainability,Sustainability,0,False,0.0
h1_2025_12_03,h1_2025_12_03_t00035,comment,00:19:08.195,Unknown speaker,developer,797,253.43000000000006,sustainability,Sustainability,0,False,0.0
h1_2025_12_03,h1_2025_12_03_t00036,comment,00:23:25.968,Unknown speaker,developer,314,92.52199999999993,sustainability,Sustainability,0,False,0.0
h1_2025_12_03,h1_2025_12_03_t00037,comment,00:25:08.446,Unknown speaker,developer,409,130.86800000000017,sustainability,Sustainability,6,True,0.043490756331865485
h1_2025_12_03,h1_2025_12_03_t00038,comment,00:27:25.706,Unknown speaker,developer,216,60.846000000000004,sustainability,Sustainability,0,False,0.0045288123934603955
h1_2025_12_03,h1_2025_12_03_t00039,comment,00:28:30.338,Unknown speaker,developer,169,54.519000000000005,sustainability,Sustainability,0,False,0.004833109359152389
h1_2025_12_03,h1_2025_12_03_t00040,comment,00:29:25.842,Unknown speaker,official,101,26.652999999999793,sustainability,Sustainability,0,False,0.0
h1_2025_12_03,h1_2025_12_03_t00041,comment,00:29:52.759,Unknown speaker,developer,38,11.242999999999938,sustainability,Sustainability,0,False,0.0
h1_2025_12_03,h1_2025_12_03_t00045,comment,00:30:19.326,Unknown speaker,public,836,246.4380000000001,sustainability,Sustainability,2,True,0.030221138404012075
h1_2025_12_03,h1_2025_12_03_t00048,comment,00:34:36.842,Unknown speaker,public,213,79.37599999999975,sustainability,Sustainability,0,False,0.0
h1_2025_12_03,h1_2025_12_03_t00049,comment,00:36:01.937,Unknown speaker,public,254,94.46300000000019,sustainability,Sustainability,0,False,0.0
h1_2025_12_03,h1_2025_12_03_t00050,comment,00:37:43.546,Unknown speaker,consultant,310,113.25500000000011,sustainability,Sustainability,0,False,0.0
h1_2025_12_03,h1_2025_12_03_t00052,comment,00:39:50.806,Unknown speaker,consultant,493,179.346,sustainability,Sustainability,0,False,0.005702395304943529
h1_2025_12_03,h1_2025_12_03_t00053,comment,00:43:00.822,Unknown speaker,consultant,24,6.826999999999771,sustainability,Sustainability,0,False,0.0
h1_2025_12_03,h1_2025_12_03_t00062,comment,00:45:21.576,Unknown speaker,official,20,7.706000000000131,sustainability,Sustainability,0,False,0.0
h1_2025_12_03,h1_2025_12_03_t00065,comment,00:46:21.059,Unknown speaker,official,155,61.19599999999991,sustainability,Sustainability,0,False,0.0
h1_2025_12_03,h1_2025_12_03_t00066,comment,00:47:22.655,Unknown speaker,official,64,26.927999999999884,sustainability,Sustainability,0,False,0.0
h1_2025_12_03,h1_2025_12_03_t00067,comment,00:47:50.090,Unknown speaker,developer,197,57.88599999999997,sustainability,Sustainability,0,False,0.0
h1_2025_12_03,h1_2025_12_03_t00068,comment,00:48:48.376,Unknown speaker,official,145,58.13099999999986,sustainability,Sustainability,0,False,0.0
h1_2025_12_03,h1_2025_12_03_t00069,comment,00:49:49.970,Unknown speaker,official,25,11.202999999999975,sustainability,Sustainability,0,False,0.0
h1_2025_12_03,h1_2025_12_03_t00070,comment,00:50:01.193,Unknown speaker,official,119,39.06700000000001,sustainability,Sustainability,0,False,0.0
h1_2025_12_03,h1_2025_12_03_t00071,comment,00:50:40.871,Unknown speaker,developer,330,101.94299999999976,sustainability,Sustainability,0,False,0.0
h1_2025_12_03,h1_2025_12_03_t00072,comment,00:52:22.834,Unknown speaker,official,30,9.595000000000255,sustainability,Sustainability,0,False,0.0
h1_2025_12_03,h1_2025_12_03_t00073,comment,00:52:32.669,Unknown speaker,developer,59,12.889000000000124,sustainability,Sustainability,0,False,0.0
h1_2025_12_03,h1_2025_12_03_t00076,comment,00:52:53.965,Unknown speaker,official,18,8.38799999999992,sustainability,Sustainability,0,False,0.0
h1_2025_12_03,h1_2025_12_03_t00077,comment,00:53:03.254,Unknown speaker,official,84,30.184000000000196,sustainability,Sustainability,0,False,0.0
h1_2025_12_03,h1_2025_12_03_t00078,comment,00:53:36.293,Unknown speaker,developer,72,23.06999999999971,sustainability,Sustainability,0,False,0.0
h1_2025_12_03,h1_2025_12_03_t00079,comment,00:54:00.303,Unknown speaker,official,32,7.829999999999927,sustainability,Sustainability,0,False,0.0
h1_2025_12_03,h1_2025_12_03_t00081,comment,00:54:09.693,Unknown speaker,official,18,8.361999999999625,sustainability,Sustainability,0,False,0.0
h1_2025_12_03,h1_2025_12_03_t00083,comment,00:54:18.895,Unknown speaker,official,68,22.876000000000204,sustainability,Sustainability,0,False,0.0
h1_2025_12_03,h1_2025_12_03_t00084,comment,00:54:42.251,Unknown speaker,developer,132,40.80799999999999,sustainability,Sustainability,0,False,0.0
h1_2025_12_03,h1_2025_12_03_t00085,comment,00:55:23.459,Unknown speaker,official,22,5.1030000000000655,sustainability,Sustainability,0,False,0.0
h1_2025_12_03,h1_2025_12_03_t00086,comment,00:55:29.398,Unknown speaker,developer,89,27.284999999999854,sustainability,Sustainability,0,False,0.0
h1_2025_12_03,h1_2025_12_03_t00087,comment,00:55:57.742,Unknown speaker,official,35,10.298999999999978,sustainability,Sustainability,0,False,0.0
h1_2025_12_03,h1_2025_12_03_t00088,comment,00:56:09.181,Unknown speaker,developer,48,16.88299999999981,sustainability,Sustainability,0,False,0.0
h1_2025_12_03,h1_2025_12_03_t00091,comment,00:56:34.855,Unknown speaker,official,41,16.153999999999996,sustainability,Sustainability,2,True,0.06361044655739383
h1_2025_12_03,h1_2025_12_03_t00093,comment,00:57:02.553,Unknown speaker,developer,87,44.572000000000116,sustainability,Sustainability,6,True,0.09231406416603845
h1_2025_12_03,h1_2025_12_03_t00094,comment,00:57:48.495,Unknown speaker,official,20,8.564000000000306,sustainability,Sustainability,0,False,0.0
h1_2025_12_03,h1_2025_12_03_t00095,comment,00:57:59.080,Unknown speaker,developer,18,3.8020000000001346,sustainability,Sustainability,0,False,0.0
h1_2025_12_03,h1_2025_12_03_t00096,comment,00:58:04.423,Unknown speaker,official,18,6.703000000000429,sustainability,Sustainability,0,False,0.0
h1_2025_12_03,h1_2025_12_03_t00103,comment,00:58:28.073,Unknown speaker,official,19,12.48700000000008,sustainability,Sustainability,0,False,0.0
h1_2025_12_03,h1_2025_12_03_t00104,comment,00:58:45.661,Unknown speaker,official,32,11.143999999999778,sustainability,Sustainability,0,False,0.0
h1_2025_12_03,h1_2025_12_03_t00105,comment,00:58:58.047,Unknown speaker,developer,199,71.346,sustainability,Sustainability,0,False,0.0
h1_2025_12_03,h1_2025_12_03_t00107,comment,01:00:14.270,Unknown speaker,developer,48,17.690999999999804,sustainability,Sustainability,0,False,0.0
h1_2025_12_03,h1_2025_12_03_t00111,comment,01:00:52.184,Unknown speaker,official,49,15.084999999999582,sustainability,Sustainability,0,False,0.013828513468447528
h1_2025_12_03,h1_2025_12_03_t00112,comment,01:01:08.148,Unknown speaker,developer,268,86.94499999999971,sustainability,Sustainability,0,False,0.0072052792203724575
h1_2025_12_03,h1_2025_12_03_t00115,comment,01:02:58.546,Unknown speaker,official,162,52.345000000000255,sustainability,Sustainability,0,False,0.0
h1_2025_12_03,h1_2025_12_03_t00116,comment,01:03:53.913,Unknown speaker,developer,76,26.235000000000127,sustainability,Sustainability,0,False,0.0
h1_2025_12_03,h1_2025_12_03_t00117,comment,01:04:20.608,Unknown speaker,official,51,14.94399999999996,sustainability,Sustainability,0,False,0.0
h1_2025_12_03,h1_2025_12_03_t00119,comment,01:04:53.297,Unknown speaker,official,59,17.126999999999953,sustainability,Sustainability,0,False,0.0
h1_2025_12_03,h1_2025_12_03_t00120,comment,01:05:12.026,Unknown speaker,public,155,46.008000000000266,sustainability,Sustainability,0,False,0.01106041164522227
h1_2025_12_03,h1_2025_12_03_t00121,comment,01:06:01.281,Unknown speaker,official,73,26.02500000000009,sustainability,Sustainability,0,False,0.01541678174585552
h1_2025_12_03,h1_2025_12_03_t00122,comment,01:06:27.727,Unknown speaker,public,103,35.846000000000004,sustainability,Sustainability,0,False,0.011860787521044618
h1_2025_12_03,h1_2025_12_03_t00123,comment,01:07:03.713,Unknown speaker,official,18,5.3419999999996435,sustainability,Sustainability,0,False,0.0
h1_2025_12_03,h1_2025_12_03_t00124,comment,01:07:12.476,Unknown speaker,official,314,103.20800000000008,sustainability,Sustainability,1,True,0.020499606171036546
h1_2025_12_03,h1_2025_12_03_t00125,comment,01:08:57.705,Unknown speaker,official,18,4.8419999999996435,sustainability,Sustainability,0,False,0.0
h1_2025_12_03,h1_2025_12_03_t00128,comment,01:09:05.608,Unknown speaker,official,21,8.804000000000087,sustainability,Sustainability,0,False,0.0
h1_2025_12_03,h1_2025_12_03_t00131,comment,01:09:21.783,Unknown speaker,official,19,5.0239999999994325,sustainability,Sustainability,0,False,0.0
h1_2025_12_03,h1_2025_12_03_t00132,comment,01:09:27.608,Unknown speaker,official,49,15.992999999999483,sustainability,Sustainability,0,False,0.0
h1_2025_12_03,h1_2025_12_03_t00135,comment,01:09:50.018,Unknown speaker,official,60,17.54399999999987,sustainability,Sustainability,0,False,0.0
h1_2025_12_03,h1_2025_12_03_t00136,comment,01:10:07.742,Unknown speaker,developer,70,22.425999999999476,sustainability,Sustainability,0,False,0.0
h1_2025_12_03,h1_2025_12_03_t00139,comment,01:10:40.610,Unknown speaker,official,31,14.639000000000124,sustainability,Sustainability,0,False,0.0
h1_2025_12_03,h1_2025_12_03_t00140,comment,01:10:58.312,Unknown speaker,official,22,11.488000000000284,sustainability,Sustainability,0,False,0.0
h1_2025_12_03,h1_2025_12_03_t00141,comment,01:11:12.082,Unknown speaker,official,408,164.66799999999967,sustainability,Sustainability,0,False,0.0
h1_2025_12_03,h1_2025_12_03_t00142,comment,01:14:02.713,Unknown speaker,official,364,118.8710000000001,sustainability,Sustainability,0,False,0.0
h1_2025_12_03,h1_2025_12_03_t00144,comment,01:16:02.985,Unknown speaker,official,26,10.677999999999884,sustainability,Sustainability,0,False,0.0
h1_2025_12_03,h1_2025_12_03_t00146,comment,01:16:16.785,Unknown speaker,official,31,8.404999999999745,sustainability,Sustainability,0,False,0.0
h1_2025_12_03,h1_2025_12_03_t00148,comment,01:17:15.471,Unknown speaker,official,49,13.82800000000043,sustainability,Sustainability,0,False,0.0
h1_2025_12_03,h1_2025_12_03_t00152,comment,01:18:40.363,Unknown speaker,public,99,29.721999999999753,sustainability,Sustainability,0,False,0.0
h1_2025_12_03,h1_2025_12_03_t00153,comment,01:19:18.370,Unknown speaker,public,46,12.306999999999789,sustainability,Sustainability,0,False,0.0
h1_2025_12_03,h1_2025_12_03_t00154,comment,01:19:41.797,Unknown speaker,public,306,110.47900000000027,sustainability,Sustainability,0,False,0.004687801744514004
h1_2025_12_03,h1_2025_12_03_t00155,comment,01:21:37.955,Unknown speaker,public,196,75.75,sustainability,Sustainability,1,True,0.015211750611785757
h1_2025_12_03,h1_2025_12_03_t00156,comment,01:23:01.011,Unknown speaker,public,558,212.52199999999993,sustainability,Sustainability,0,False,0.006475027850982724
h1_2025_12_03,h1_2025_12_03_t00157,comment,01:26:42.316,Unknown speaker,public,81,29.93199999999979,sustainability,Sustainability,0,False,0.006418271054144991
h1_2025_12_03,h1_2025_12_03_t00158,comment,01:27:16.117,Unknown speaker,public,87,35.15700000000015,sustainability,Sustainability,0,False,0.008142165026908413
h1_2025_12_03,h1_2025_12_03_t00159,comment,01:27:58.241,Unknown speaker,public,252,99.33700000000044,sustainability,Sustainability,1,True,0.012922073252202253
h1_2025_12_03,h1_2025_12_03_t00160,comment,01:29:46.419,Unknown speaker,public,283,95.46399999999994,sustainability,Sustainability,0,False,0.0
h1_2025_12_03,h1_2025_12_03_t00161,comment,01:31:25.306,Unknown speaker,public,19,5.926000000000386,sustainability,Sustainability,0,False,0.0
h1_2025_12_03,h1_2025_12_03_t00162,comment,01:31:38.543,Unknown speaker,public,37,13.631000000000313,sustainability,Sustainability,0,False,0.0
h1_2025_12_03,h1_2025_12_03_t00163,comment,01:32:00.200,Unknown speaker,public,55,20.67200000000048,sustainability,Sustainability,1,True,0.04368779742152304
h1_2025_12_03,h1_2025_12_03_t00165,comment,01:32:37.707,Unknown speaker,public,134,51.826999999999316,sustainability,Sustainability,0,False,0.0
h1_2025_12_03,h1_2025_12_03_t00166,comment,01:33:34.077,Unknown speaker,public,153,74.8710000000001,sustainability,Sustainability,0,False,0.0
h1_2025_12_03,h1_2025_12_03_t00167,comment,01:34:53.908,Unknown speaker,public,261,103.8149999999996,sustainability,Sustainability,0,False,0.006389696392194874
h1_2025_12_03,h1_2025_12_03_t00168,comment,01:36:41.504,Unknown speaker,public,487,232.0659999999998,sustainability,Sustainability,0,False,0.004792151757403047
h1_2025_12_03,h1_2025_12_03_t00169,comment,01:40:38.152,Unknown speaker,public,98,51.19800000000032,sustainability,Sustainability,0,False,0.0
h1_2025_12_03,h1_2025_12_03_t00170,comment,01:41:32.597,Unknown speaker,public,332,138.4930000000004,sustainability,Sustainability,0,False,0.0
h1_2025_12_03,h1_2025_12_03_t00172,comment,01:43:54.812,Unknown speaker,public,161,61.850000000000364,sustainability,Sustainability,0,False,0.0
h1_2025_12_03,h1_2025_12_03_t00173,comment,01:45:00.618,Unknown speaker,public,187,71.53699999999935,sustainability,Sustainability,0,False,0.0
h1_2025_12_03,h1_2025_12_03_t00174,comment,01:46:24.416,Unknown speaker,public,343,111.5590000000002,sustainability,Sustainability,0,False,0.0036849571805952167
h1_2025_12_03,h1_2025_12_03_t00175,comment,01:48:24.482,Unknown speaker,official,109,49.39300000000003,sustainability,Sustainability,0,False,0.0
h1_2025_12_03,h1_2025_12_03_t00176,comment,01:49:20.628,Unknown speaker,official,201,80.82600000000002,sustainability,Sustainability,0,False,0.02144042873170435
h1_2025_12_03,h1_2025_12_03_t00177,comment,01:50:41.654,Unknown speaker,official,27,10.695999999999913,sustainability,Sustainability,0,False,0.0
h1_2025_12_03,h1_2025_12_03_t00185,comment,01:52:36.715,Unknown speaker,official,25,11.590000000000146,sustainability,Sustainability,0,False,0.0
h1_2025_12_03,h1_2025_12_03_t00190,comment,01:53:01.555,Unknown speaker,official,74,28.305999999999585,sustainability,Sustainability,0,False,0.0
h1_2025_12_03,h1_2025_12_03_t00191,comment,01:53:30.622,Unknown speaker,public,106,29.59099999999944,sustainability,Sustainability,0,False,0.0
h1_2025_12_03,h1_2025_12_03_t00192,comment,01:54:00.592,Unknown speaker,official,162,61.44000000000051,sustainability,Sustainability,0,False,0.0
h1_2025_12_03,h1_2025_12_03_t00193,comment,01:55:03.472,Unknown speaker,public,41,19.54399999999987,sustainability,Sustainability,0,False,0.0
h1_2025_12_03,h1_2025_12_03_t00194,comment,01:55:29.248,Unknown speaker,public,88,27.347999999999956,sustainability,Sustainability,0,False,0.0
h1_2025_12_03,h1_2025_12_03_t00195,comment,01:55:59.386,Unknown speaker,public,69,21.14799999999923,sustainability,Sustainability,0,False,0.0
h1_2025_12_03,h1_2025_12_03_t00198,comment,01:56:34.759,Unknown speaker,official,57,19.01000000000022,sustainability,Sustainability,0,False,0.0
h1_2025_12_03,h1_2025_12_03_t00200,comment,01:56:56.668,Unknown speaker,public,116,45.98000000000047,sustainability,Sustainability,0,False,0.010795965846123771
h1_2025_12_03,h1_2025_12_03_t00202,comment,01:57:47.329,Unknown speaker,official,19,6.082000000000335,sustainability,Sustainability,0,False,0.0
h1_2025_12_03,h1_2025_12_03_t00203,comment,01:57:56.748,Unknown speaker,official,18,4.863000000000284,sustainability,Sustainability,0,False,0.0
h1_2025_12_03,h1_2025_12_03_t00205,comment,01:58:05.254,Unknown speaker,official,22,10.886999999999716,sustainability,Sustainability,0,False,0.0
h1_2025_12_03,h1_2025_12_03_t00206,comment,01:58:18.202,Unknown speaker,public,22,10.20299999999952,sustainability,Sustainability,1,True,0.07037810231113986
h1_2025_12_03,h1_2025_12_03_t00210,comment,01:58:42.514,Unknown speaker,public,47,14.963999999999942,sustainability,Sustainability,0,False,0.0
h1_2025_12_03,h1_2025_12_03_t00211,comment,01:58:58.418,Unknown speaker,official,27,9.846000000000458,sustainability,Sustainability,0,False,0.0
h1_2025_12_03,h1_2025_12_03_t00212,comment,01:59:09.284,Unknown speaker,public,21,6.444000000000415,sustainability,Sustainability,2,True,0.17402367636323676
h1_2025_12_03,h1_2025_12_03_t00214,comment,01:59:21.152,Unknown speaker,public,41,18.853000000000065,sustainability,Sustainability,0,False,0.018234518961485972
h1_2025_12_03,h1_2025_12_03_t00216,comment,01:59:42.847,Unknown speaker,official,28,14.083000000000538,sustainability,Sustainability,0,False,0.0
h1_2025_12_03,h1_2025_12_03_t00220,comment,02:00:09.900,Unknown speaker,official,252,87.60400000000027,sustainability,Sustainability,1,True,0.0436799529636591
h1_2025_12_03,h1_2025_12_03_t00223,comment,02:01:41.682,Unknown speaker,public,18,5.525000000000546,sustainability,Sustainability,0,False,0.0
h1_2025_12_03,h1_2025_12_03_t00227,comment,02:01:59.276,Unknown speaker,official,22,3.7830000000003565,sustainability,Sustainability,0,False,0.0
h1_2025_12_03,h1_2025_12_03_t00228,comment,02:02:03.119,Unknown speaker,public,152,53.35400000000027,sustainability,Sustainability,0,False,0.010627445628902405
h1_2025_12_03,h1_2025_12_03_t00230,comment,02:02:58.213,Unknown speaker,public,43,14.076000000000022,sustainability,Sustainability,0,False,0.0
h1_2025_12_03,h1_2025_12_03_t00231,comment,02:03:12.309,Unknown speaker,official,32,7.645999999999731,sustainability,Sustainability,0,False,0.0
h1_2025_12_03,h1_2025_12_03_t00232,comment,02:03:20.295,Unknown speaker,public,61,18.960000000000036,sustainability,Sustainability,0,False,0.017630023057601613
h1_2025_12_03,h1_2025_12_03_t00233,comment,02:03:39.275,Unknown speaker,official,66,25.10699999999997,sustainability,Sustainability,0,False,0.012210176109474126
h1_2025_12_03,h1_2025_12_03_t00235,comment,02:04:12.726,Unknown speaker,official,19,6.983000000000175,sustainability,Sustainability,1,True,0.06290938784521033
h1_2025_12_03,h1_2025_12_03_t00238,comment,02:04:28.213,Unknown speaker,official,32,22.105000000000473,sustainability,Sustainability,0,False,0.0
h1_2025_12_03,h1_2025_12_03_t00239,comment,02:04:56.046,Unknown speaker,official,21,6.184999999999491,sustainability,Sustainability,0,False,0.024062759969664758
h1_2025_12_03,h1_2025_12_03_t00244,comment,02:05:15.741,Unknown speaker,official,28,14.041000000000167,sustainability,Sustainability,0,False,0.03704659879882836
h1_2025_12_03,h1_2025_12_03_t00246,comment,02:05:48.647,Unknown speaker,official,417,124.26699999999983,sustainability,Sustainability,0,False,0.0
h1_2025_12_03,h1_2025_12_03_t00247,comment,02:07:54.235,Unknown speaker,public,22,6.927000000000589,sustainability,Sustainability,0,False,0.0
h1_2025_12_03,h1_2025_12_03_t00248,comment,02:08:01.957,Unknown speaker,official,353,100.3149999999996,sustainability,Sustainability,0,False,0.0
h1_2025_12_03,h1_2025_12_03_t00251,comment,02:09:53.807,Unknown speaker,official,20,7.655000000000655,sustainability,Sustainability,0,False,0.0
h1_2025_12_03,h1_2025_12_03_t00252,comment,02:10:01.502,Unknown speaker,public,361,113.3189999999995,sustainability,Sustainability,0,False,0.0
h1_2025_12_03,h1_2025_12_03_t00255,comment,02:11:57.903,Unknown speaker,official,24,6.824999999999818,sustainability,Sustainability,0,False,0.0
h1_2025_12_03,h1_2025_12_03_t00261,comment,02:12:18.265,Unknown speaker,public,270,79.59299999999985,sustainability,Sustainability,1,True,0.00848544488968722
h1_2025_12_03,h1_2025_12_03_t00263,comment,02:13:42.609,Unknown speaker,official,237,84.20599999999922,sustainability,Sustainability,0,False,0.016258655068701017
h1_2025_12_03,h1_2025_12_03_t00264,comment,02:15:07.555,Unknown speaker,public,51,23.456999999999425,sustainability,Sustainability,0,False,0.0
h1_2025_12_03,h1_2025_12_03_t00265,comment,02:15:31.452,Unknown speaker,public,194,66.26600000000053,sustainability,Sustainability,0,False,0.019388781308805496
h1_2025_12_03,h1_2025_12_03_t00266,comment,02:16:38.759,Unknown speaker,official,37,12.647999999999229,sustainability,Sustainability,0,False,0.0
h1_2025_12_03,h1_2025_12_03_t00268,comment,02:16:53.488,Unknown speaker,official,57,20.8020000000015,sustainability,Sustainability,0,False,0.0
h1_2025_12_03,h1_2025_12_03_t00269,comment,02:17:17.372,Unknown speaker,official,55,18.153000000000247,sustainability,Sustainability,0,False,0.0
h1_2025_12_03,h1_2025_12_03_t00270,comment,02:17:37.322,Unknown speaker,public,127,36.80400000000009,sustainability,Sustainability,0,False,0.0
h1_2025_12_03,h1_2025_12_03_t00273,comment,02:18:17.849,Unknown speaker,official,29,8.0049999999992,sustainability,Sustainability,0,False,0.0
h1_2025_12_03,h1_2025_12_03_t00275,comment,02:18:26.891,Unknown speaker,official,142,47.452000000001135,sustainability,Sustainability,0,False,0.0
h1_2025_12_03,h1_2025_12_03_t00277,comment,02:19:21.536,Unknown speaker,staff,141,53.64400000000023,sustainability,Sustainability,0,False,0.0
h1_2025_12_03,h1_2025_12_03_t00278,comment,02:20:18.741,Unknown speaker,staff,112,47.638999999999214,sustainability,Sustainability,0,False,0.0
h1_2025_12_03,h1_2025_12_03_t00281,comment,02:21:09.237,Unknown speaker,staff,22,7.483000000000175,sustainability,Sustainability,0,False,0.0
h1_2025_12_03,h1_2025_12_03_t00282,comment,02:21:19.861,Unknown speaker,staff,20,5.34099999999853,sustainability,Sustainability,0,False,0.0
h1_2025_12_03,h1_2025_12_03_t00283,comment,02:21:34.898,Unknown speaker,staff,117,51.699000000000524,sustainability,Sustainability,0,False,0.0
h1_2025_12_03,h1_2025_12_03_t00284,comment,02:22:34.085,Unknown speaker,staff,241,115.44000000000051,sustainability,Sustainability,0,False,0.00696096947669705
h1_2025_12_03,h1_2025_12_03_t00286,comment,02:24:40.305,Unknown speaker,official,33,9.066999999999098,sustainability,Sustainability,0,False,0.0
h1_2025_12_03,h1_2025_12_03_t00287,comment,02:24:52.095,Unknown speaker,staff,471,210.58300000000054,sustainability,Sustainability,0,False,0.0
h1_2025_12_03,h1_2025_12_03_t00288,comment,02:28:25.720,Unknown speaker,staff,124,47.85200000000077,sustainability,Sustainability,0,False,0.0
h1_2025_12_03,h1_2025_12_03_t00289,comment,02:29:16.689,Unknown speaker,staff,25,12.265999999999622,sustainability,Sustainability,0,False,0.0
h1_2025_12_03,h1_2025_12_03_t00297,comment,02:30:12.103,Unknown speaker,consultant,32,15.031000000000859,sustainability,Sustainability,0,False,0.0
h1_2025_12_03,h1_2025_12_03_t00298,comment,02:30:30.295,Unknown speaker,consultant,598,218.59900000000016,sustainability,Sustainability,2,True,0.03365636793824825
h1_2025_12_03,h1_2025_12_03_t00300,comment,02:34:12.775,Unknown speaker,consultant,607,210.19900000000052,sustainability,Sustainability,0,False,0.01192883262736657
h1_2025_12_03,h1_2025_12_03_t00301,comment,02:37:47.512,Unknown speaker,consultant,775,290.66399999999885,sustainability,Sustainability,0,False,0.004292413033657351
h1_2025_12_03,h1_2025_12_03_t00303,comment,02:42:39.237,Unknown speaker,consultant,380,126.00300000000061,sustainability,Sustainability,0,False,0.013041704344226145
h1_2025_12_03,h1_2025_12_03_t00305,comment,02:44:46.400,Unknown speaker,consultant,532,183.47400000000016,sustainability,Sustainability,0,False,0.014780952163850484
h1_2025_12_03,h1_2025_12_03_t00306,comment,02:47:49.914,Unknown speaker,official,81,28.02599999999984,sustainability,Sustainability,0,False,0.0
h1_2025_12_03,h1_2025_12_03_t00307,comment,02:48:18.709,Unknown speaker,unknown,114,28.9479999999985,sustainability,Sustainability,0,False,0.0
h1_2025_12_03,h1_2025_12_03_t00308,comment,02:48:48.247,Unknown speaker,official,108,41.73999999999978,sustainability,Sustainability,0,False,0.0
h1_2025_12_03,h1_2025_12_03_t00309,comment,02:49:33.028,Unknown speaker,official,20,9.16399999999885,sustainability,Sustainability,0,False,0.0
h1_2025_12_03,h1_2025_12_03_t00311,comment,02:49:46.417,Unknown speaker,official,78,39.70800000000054,sustainability,Sustainability,0,False,0.0
h1_2025_12_03,h1_2025_12_03_t00313,comment,02:50:27.825,Unknown speaker,official,30,14.167999999999665,sustainability,Sustainability,0,False,0.0
h1_2025_12_03,h1_2025_12_03_t00314,comment,02:50:44.580,Unknown speaker,staff,212,98.42900000000009,sustainability,Sustainability,0,False,0.0
h1_2025_12_03,h1_2025_12_03_t00315,comment,02:52:23.249,Unknown speaker,official,77,31.99699999999939,sustainability,Sustainability,0,False,0.0
h1_2025_12_03,h1_2025_12_03_t00318,comment,02:53:04.913,Unknown speaker,staff,66,27.462999999999738,sustainability,Sustainability,0,False,0.0
h1_2025_12_03,h1_2025_12_03_t00321,comment,02:53:45.206,Unknown speaker,staff,91,36.55799999999908,sustainability,Sustainability,0,False,0.0
h1_2025_12_03,h1_2025_12_03_t00326,comment,02:54:35.691,Unknown speaker,official,28,6.222999999999956,sustainability,Sustainability,0,False,0.0
h1_2025_12_03,h1_2025_12_03_t00327,comment,02:54:42.414,Unknown speaker,official,26,12.417999999999665,sustainability,Sustainability,0,False,0.0
h1_2025_12_03,h1_2025_12_03_t00330,comment,02:55:06.161,Unknown speaker,official,105,33.48899999999958,sustainability,Sustainability,0,False,0.0
h1_2025_12_03,h1_2025_12_03_t00331,comment,02:55:39.670,Unknown speaker,staff,26,11.962999999999738,sustainability,Sustainability,0,False,0.0
h1_2025_12_03,h1_2025_12_03_t00334,comment,02:56:04.983,Unknown speaker,official,139,54.615999999999985,sustainability,Sustainability,0,False,0.0
h1_2025_12_03,h1_2025_12_03_t00335,comment,02:56:59.759,Unknown speaker,consultant,20,4.743000000000393,sustainability,Sustainability,0,False,0.0
h1_2025_12_03,h1_2025_12_03_t00338,comment,02:57:13.788,Unknown speaker,official,20,5.502999999998792,sustainability,Sustainability,0,False,0.015575538641791634
h1_2025_12_03,h1_2025_12_03_t00339,comment,02:57:19.731,Unknown speaker,consultant,18,8.585000000000946,sustainability,Sustainability,0,False,0.015911749775479933
h1_2025_12_03,h1_2025_12_03_t00341,comment,02:57:35.020,Unknown speaker,consultant,337,131.6279999999988,sustainability,Sustainability,0,False,0.015363481874279838
h1_2025_12_03,h1_2025_12_03_t00342,comment,02:59:46.668,Unknown speaker,official,56,22.02100000000064,sustainability,Sustainability,0,False,0.0
h1_2025_12_03,h1_2025_12_03_t00343,comment,03:00:09.710,Unknown speaker,consultant,122,39.27000000000044,sustainability,Sustainability,0,False,0.01634460232244317
h1_2025_12_03,h1_2025_12_03_t00344,comment,03:00:49.000,Unknown speaker,official,57,17.222999999999956,sustainability,Sustainability,0,False,0.0
h1_2025_12_03,h1_2025_12_03_t00345,comment,03:01:07.363,Unknown speaker,consultant,71,21.394000000000233,sustainability,Sustainability,0,False,0.0
h1_2025_12_03,h1_2025_12_03_t00348,comment,03:01:43.332,Unknown speaker,official,74,35.02000000000044,sustainability,Sustainability,0,False,0.0
h1_2025_12_03,h1_2025_12_03_t00349,comment,03:02:19.298,Unknown speaker,staff,193,64.02899999999863,sustainability,Sustainability,0,False,0.0
h1_2025_12_03,h1_2025_12_03_t00350,comment,03:03:23.647,Unknown speaker,official,27,14.766999999999825,sustainability,Sustainability,0,False,0.0
h1_2025_12_03,h1_2025_12_03_t00351,comment,03:03:39.434,Unknown speaker,staff,62,18.585000000000946,sustainability,Sustainability,0,False,0.0
h1_2025_12_03,h1_2025_12_03_t00352,comment,03:03:58.399,Unknown speaker,official,22,6.023000000001048,sustainability,Sustainability,0,False,0.0
h1_2025_12_03,h1_2025_12_03_t00359,comment,03:04:22.820,Unknown speaker,official,53,23.971999999999753,sustainability,Sustainability,0,False,0.01138153775862325
h1_2025_12_03,h1_2025_12_03_t00361,comment,03:04:51.313,Unknown speaker,official,64,24.913000000000466,sustainability,Sustainability,0,False,0.0
h1_2025_12_03,h1_2025_12_03_t00362,comment,03:05:16.466,Unknown speaker,consultant,60,20.41899999999987,sustainability,Sustainability,0,False,0.019943227017341664
h1_2025_12_03,h1_2025_12_03_t00366,comment,03:05:45.281,Unknown speaker,consultant,26,9.02599999999984,sustainability,Sustainability,0,False,0.0
h1_2025_12_03,h1_2025_12_03_t00367,comment,03:05:54.707,Unknown speaker,official,140,58.11800000000039,sustainability,Sustainability,2,True,0.0290242161566398
h1_2025_12_03,h1_2025_12_03_t00368,comment,03:06:53.445,Unknown speaker,consultant,410,153.02900000000045,sustainability,Sustainability,3,True,0.05667019138854254
h1_2025_12_03,h1_2025_12_03_t00369,comment,03:09:26.594,Unknown speaker,official,59,17.10699999999997,sustainability,Sustainability,0,False,0.0
h1_2025_12_03,h1_2025_12_03_t00372,comment,03:10:28.331,Unknown speaker,official,50,13.825000000000728,sustainability,Sustainability,0,False,0.0
h1_2025_12_03,h1_2025_12_03_t00373,comment,03:10:47.359,Unknown speaker,official,22,6.403000000000247,sustainability,Sustainability,0,False,0.0
h1_2025_12_03,h1_2025_12_03_t00375,comment,03:11:46.983,Unknown speaker,official,18,9.604999999999563,sustainability,Sustainability,0,False,0.0
h1_2025_12_03,h1_2025_12_03_t00378,comment,03:12:00.191,Unknown speaker,unknown,513,193.80099999999948,sustainability,Sustainability,0,False,0.0
h1_2025_12_03,h1_2025_12_03_t00383,comment,03:16:06.004,Unknown speaker,public,185,65.33699999999953,sustainability,Sustainability,0,False,0.0
h1_2025_12_03,h1_2025_12_03_t00386,comment,03:17:31.262,Unknown speaker,public,389,127.04399999999987,sustainability,Sustainability,0,False,0.004437474316424483
h1_2025_12_03,h1_2025_12_03_t00392,comment,03:20:49.879,Unknown speaker,official,101,46.93499999999949,sustainability,Sustainability,0,False,0.0
h1_2025_12_03,h1_2025_12_03_t00393,comment,03:21:37.214,Unknown speaker,developer,51,20.046000000000276,sustainability,Sustainability,0,False,0.0
h1_2025_12_03,h1_2025_12_03_t00394,comment,03:21:57.280,Unknown speaker,official,60,30.307999999999083,sustainability,Sustainability,0,False,0.0
h1_2025_12_03,h1_2025_12_03_t00395,comment,03:22:27.868,Unknown speaker,developer,70,24.066999999999098,sustainability,Sustainability,0,False,0.0
h1_2025_12_03,h1_2025_12_03_t00397,comment,03:22:53.277,Unknown speaker,developer,19,4.962999999999738,sustainability,Sustainability,0,False,0.0
h1_2025_12_03,h1_2025_12_03_t00398,comment,03:22:58.261,Unknown speaker,official,183,56.23400000000038,sustainability,Sustainability,0,False,0.0
h1_2025_12_03,h1_2025_12_03_t00399,comment,03:23:55.744,Unknown speaker,developer,100,27.995999999999185,sustainability,Sustainability,0,False,0.0
h1_2025_12_03,h1_2025_12_03_t00400,comment,03:24:24.260,Unknown speaker,official,54,20.050999999999476,sustainability,Sustainability,0,False,0.0
h1_2025_12_03,h1_2025_12_03_t00404,comment,03:25:06.229,Unknown speaker,official,147,53.71600000000035,sustainability,Sustainability,0,False,0.0
h1_2025_12_03,h1_2025_12_03_t00406,comment,03:26:11.069,Unknown speaker,official,121,43.65099999999984,sustainability,Sustainability,0,False,0.0
h1_2025_12_03,h1_2025_12_03_t00408,comment,03:26:59.193,Unknown speaker,official,40,12.268000000000029,sustainability,Sustainability,0,False,0.0
h1_2025_12_03,h1_2025_12_03_t00410,comment,03:27:21.227,Unknown speaker,official,46,17.282999999999447,sustainability,Sustainability,0,False,0.0
h1_2025_12_03,h1_2025_12_03_t00412,comment,03:27:41.072,Unknown speaker,official,81,39.215000000000146,sustainability,Sustainability,0,False,0.0
h1_2025_12_03,h1_2025_12_03_t00413,comment,03:28:22.826,Unknown speaker,developer,34,14.911000000000058,sustainability,Sustainability,0,False,0.027040216152332364
h1_2025_12_03,h1_2025_12_03_t00414,comment,03:28:37.757,Unknown speaker,developer,125,54.54500000000007,sustainability,Sustainability,0,False,0.02833637816024077
h1_2025_12_03,h1_2025_12_03_t00415,comment,03:29:32.785,Unknown speaker,official,30,13.668999999999869,sustainability,Sustainability,0,False,0.025723054451215224
h1_2025_12_03,h1_2025_12_03_t00416,comment,03:29:46.474,Unknown speaker,developer,50,19.674999999999272,sustainability,Sustainability,0,False,0.01818296982658581
h1_2025_12_03,h1_2025_12_03_t00418,comment,03:30:12.153,Unknown speaker,developer,48,17.064000000000306,sustainability,Sustainability,0,False,0.012098971924100518
h1_2025_12_03,h1_2025_12_03_t00419,comment,03:30:29.237,Unknown speaker,official,27,8.782000000001062,sustainability,Sustainability,0,False,0.018881709125635377
h1_2025_12_03,h1_2025_12_03_t00420,comment,03:30:40.060,Unknown speaker,developer,30,9.125,sustainability,Sustainability,0,False,0.016367709078027738
h1_2025_12_03,h1_2025_12_03_t00421,comment,03:30:49.905,Unknown speaker,official,109,43.862999999999374,sustainability,Sustainability,1,True,0.05974070258730279
h1_2025_12_03,h1_2025_12_03_t00422,comment,03:31:42.322,Unknown speaker,public,294,107.9989999999998,sustainability,Sustainability,0,False,0.0
h1_2025_12_03,h1_2025_12_03_t00425,comment,03:33:42.785,Unknown speaker,official,54,17.82600000000093,sustainability,Sustainability,0,False,0.0
h1_2025_12_03,h1_2025_12_03_t00426,comment,03:34:00.651,Unknown speaker,developer,23,7.143000000000029,sustainability,Sustainability,0,False,0.0
h1_2025_12_03,h1_2025_12_03_t00431,comment,03:34:34.392,Unknown speaker,public,627,186.8099999999995,sustainability,Sustainability,1,True,0.019943655356029943
h1_2025_12_03,h1_2025_12_03_t00435,comment,03:38:10.771,Unknown speaker,public,438,162.40200000000004,sustainability,Sustainability,1,True,0.02628900353200972
h1_2025_12_03,h1_2025_12_03_t00438,comment,03:41:08.792,Unknown speaker,official,34,15.713999999999942,sustainability,Sustainability,0,False,0.0
h1_2025_12_03,h1_2025_12_03_t00439,comment,03:41:28.451,Unknown speaker,developer,44,17.355000000001382,sustainability,Sustainability,0,False,0.0
h1_2025_12_03,h1_2025_12_03_t00440,comment,03:41:47.047,Unknown speaker,official,25,9.028000000000247,sustainability,Sustainability,0,False,0.0
h1_2025_12_03,h1_2025_12_03_t00442,comment,03:42:05.138,Unknown speaker,official,40,17.531999999999243,sustainability,Sustainability,0,False,0.0
h1_2025_12_03,h1_2025_12_03_t00443,comment,03:42:24.871,Unknown speaker,developer,57,21.822000000000116,sustainability,Sustainability,0,False,0.0
h1_2025_12_03,h1_2025_12_03_t00444,comment,03:42:52.558,Unknown speaker,official,81,29.738999999999578,sustainability,Sustainability,0,False,0.0
h1_2025_12_03,h1_2025_12_03_t00445,comment,03:43:23.057,Unknown speaker,official,25,12.682999999999083,sustainability,Sustainability,0,False,0.0
h1_2025_12_03,h1_2025_12_03_t00449,comment,03:43:44.222,Unknown speaker,official,20,7.541000000001077,sustainability,Sustainability,0,False,0.0
h1_2025_12_03,h1_2025_12_03_t00453,comment,03:44:05.656,Unknown speaker,public,595,188.4399999999987,sustainability,Sustainability,1,True,0.0246552833586362
h1_2025_12_03,h1_2025_12_03_t00457,comment,03:47:25.241,Unknown speaker,official,24,7.543999999999869,sustainability,Sustainability,0,False,0.0
h1_2025_12_03,h1_2025_12_03_t00459,comment,03:48:00.917,Unknown speaker,public,480,154.53100000000086,sustainability,Sustainability,0,False,0.0
h1_2025_12_03,h1_2025_12_03_t00461,comment,03:50:48.656,Unknown speaker,official,32,30.894999999998618,sustainability,Sustainability,0,False,0.0
h1_2025_12_03,h1_2025_12_03_t00462,comment,03:51:25.678,Unknown speaker,public,78,25.391999999999825,sustainability,Sustainability,0,False,0.0
h1_2025_12_03,h1_2025_12_03_t00464,comment,03:51:55.905,Unknown speaker,public,391,122.66399999999885,sustainability,Sustainability,0,False,0.0
h1_2025_12_03,h1_2025_12_03_t00468,comment,03:54:18.801,Unknown speaker,official,73,30.632000000001426,sustainability,Sustainability,0,False,0.0
h1_2025_12_03,h1_2025_12_03_t00469,comment,03:54:52.615,Unknown speaker,official,216,92.44000000000051,sustainability,Sustainability,0,False,0.0
h1_2025_12_03,h1_2025_12_03_t00470,comment,03:56:25.875,Unknown speaker,developer,111,35.2549999999992,sustainability,Sustainability,0,False,0.006508196155470807
h1_2025_12_03,h1_2025_12_03_t00471,comment,03:57:01.565,Unknown speaker,official,109,40.052999999999884,sustainability,Sustainability,0,False,0.0
h1_2025_12_03,h1_2025_12_03_t00472,comment,03:57:41.958,Unknown speaker,developer,391,115.35399999999936,sustainability,Sustainability,0,False,0.0
h1_2025_12_03,h1_2025_12_03_t00473,comment,03:59:37.832,Unknown speaker,official,44,17.93499999999949,sustainability,Sustainability,0,False,0.0
h1_2025_12_03,h1_2025_12_03_t00474,comment,03:59:56.528,Unknown speaker,developer,170,57.065999999998894,sustainability,Sustainability,0,False,0.0
h1_2025_12_03,h1_2025_12_03_t00475,comment,04:00:54.395,Unknown speaker,official,60,21.610999999998967,sustainability,Sustainability,0,False,0.0
h1_2025_12_03,h1_2025_12_03_t00476,comment,04:01:19.133,Unknown speaker,official,77,30.550999999999476,sustainability,Sustainability,0,False,0.0
h1_2025_12_03,h1_2025_12_03_t00477,comment,04:01:50.344,Unknown speaker,official,22,10.743000000000393,sustainability,Sustainability,0,False,0.0
h1_2025_12_03,h1_2025_12_03_t00479,comment,04:02:05.389,Unknown speaker,official,44,19.53900000000067,sustainability,Sustainability,0,False,0.0
h1_2025_12_03,h1_2025_12_03_t00482,comment,04:02:39.710,Unknown speaker,public,453,125.11599999999999,sustainability,Sustainability,0,False,0.0
h1_2025_12_03,h1_2025_12_03_t00485,comment,04:05:17.484,Unknown speaker,public,26,16.549999999999272,sustainability,Sustainability,0,False,0.0
h1_2025_12_03,h1_2025_12_03_t00486,comment,04:05:45.966,Unknown speaker,public,63,17.495999999999185,sustainability,Sustainability,0,False,0.01621994311035247
h1_2025_12_03,h1_2025_12_03_t00488,comment,04:06:12.598,Unknown speaker,public,181,87.03900000000067,sustainability,Sustainability,0,False,0.0
h1_2025_12_03,h1_2025_12_03_t00492,comment,04:08:08.178,Unknown speaker,official,114,45.42200000000048,sustainability,Sustainability,0,False,0.012567970880074239
h1_2025_12_03,h1_2025_12_03_t00493,comment,04:08:53.997,Unknown speaker,developer,207,71.6200000000008,sustainability,Sustainability,0,False,0.0
h1_2025_12_03,h1_2025_12_03_t00498,comment,04:11:04.352,Unknown speaker,public,394,165.39699999999903,sustainability,Sustainability,0,False,0.0
h1_2025_12_03,h1_2025_12_03_t00503,comment,04:14:27.511,Unknown speaker,public,347,154.72899999999936,sustainability,Sustainability,2,True,0.05038101829213964
h1_2025_12_03,h1_2025_12_03_t00504,comment,04:17:05.289,Unknown speaker,public,95,34.22599999999875,sustainability,Sustainability,1,True,0.04661677388455337
h1_2025_12_03,h1_2025_12_03_t00506,comment,04:17:41.796,Unknown speaker,public,21,9.324999999998909,sustainability,Sustainability,0,False,0.0
h1_2025_12_03,h1_2025_12_03_t00512,comment,04:18:21.087,Unknown speaker,official,67,26.298000000000684,sustainability,Sustainability,0,False,0.0
h1_2025_12_03,h1_2025_12_03_t00513,comment,04:18:49.786,Unknown speaker,consultant,127,50.04899999999907,sustainability,Sustainability,0,False,0.0
h1_2025_12_03,h1_2025_12_03_t00517,comment,04:20:10.053,Unknown speaker,public,207,81.13400000000001,sustainability,Sustainability,0,False,0.0
h1_2025_12_03,h1_2025_12_03_t00518,comment,04:21:38.792,Unknown speaker,public,244,77.89600000000064,sustainability,Sustainability,0,False,0.0
h1_2025_12_03,h1_2025_12_03_t00519,comment,04:22:59.949,Unknown speaker,public,110,38.42699999999968,sustainability,Sustainability,0,False,0.014807558024184979
h1_2025_12_03,h1_2025_12_03_t00521,comment,04:23:41.077,Unknown speaker,public,336,103.55400000000009,sustainability,Sustainability,0,False,0.0
h1_2025_12_03,h1_2025_12_03_t00522,comment,04:25:30.514,Unknown speaker,official,129,50.5580000000009,sustainability,Sustainability,0,False,0.0
h1_2025_12_03,h1_2025_12_03_t00523,comment,04:26:23.031,Unknown speaker,official,64,25.540999999999258,sustainability,Sustainability,0,False,0.0
h1_2025_12_03,h1_2025_12_03_t00524,comment,04:26:50.842,Unknown speaker,developer,49,14.506999999999607,sustainability,Sustainability,0,False,0.0
h1_2025_12_03,h1_2025_12_03_t00525,comment,04:27:08.710,Unknown speaker,developer,59,24.106000000001586,sustainability,Sustainability,0,False,0.0
h1_2025_12_03,h1_2025_12_03_t00528,comment,04:27:43.189,Unknown speaker,official,70,28.11199999999917,sustainability,Sustainability,0,False,0.0
h1_2025_12_03,h1_2025_12_03_t00529,comment,04:28:12.882,Unknown speaker,developer,100,35.486000000000786,sustainability,Sustainability,0,False,0.0
h1_2025_12_03,h1_2025_12_03_t00530,comment,04:28:52.905,Unknown speaker,official,23,9.646999999999025,sustainability,Sustainability,0,False,0.0
h1_2025_12_03,h1_2025_12_03_t00531,comment,04:29:06.515,Unknown speaker,official,52,11.708000000000538,sustainability,Sustainability,0,False,0.0
h1_2025_12_03,h1_2025_12_03_t00532,comment,04:29:19.122,Unknown speaker,official,67,23.51300000000083,sustainability,Sustainability,0,False,0.0
h1_2025_12_03,h1_2025_12_03_t00533,comment,04:29:55.933,Unknown speaker,official,96,23.789999999999054,sustainability,Sustainability,0,False,0.0
h1_2025_12_03,h1_2025_12_03_t00534,comment,04:30:19.983,Unknown speaker,official,64,18.88500000000022,sustainability,Sustainability,0,False,0.0
h1_2025_12_03,h1_2025_12_03_t00537,comment,04:30:43.454,Unknown speaker,public,74,21.754000000000815,sustainability,Sustainability,0,False,0.0
h1_2025_12_03,h1_2025_12_03_t00538,comment,04:31:08.452,Unknown speaker,public,516,162.8720000000012,sustainability,Sustainability,0,False,0.0
h1_2025_12_03,h1_2025_12_03_t00539,comment,04:33:55.655,Unknown speaker,public,43,13.488000000001193,sustainability,Sustainability,0,False,0.0
h1_2025_12_03,h1_2025_12_03_t00540,comment,04:34:09.443,Unknown speaker,official,59,18.114000000001397,sustainability,Sustainability,0,False,0.0
h1_2025_12_03,h1_2025_12_03_t00545,comment,04:34:48.586,Unknown speaker,public,225,80.22400000000198,sustainability,Sustainability,0,False,0.0
h1_2025_12_03,h1_2025_12_03_t00546,comment,04:36:08.830,Unknown speaker,official,29,10.568999999999505,sustainability,Sustainability,0,False,0.0
h1_2025_12_03,h1_2025_12_03_t00547,comment,04:36:19.599,Unknown speaker,public,168,57.21700000000055,sustainability,Sustainability,0,False,0.0
h1_2025_12_03,h1_2025_12_03_t00548,comment,04:37:17.497,Unknown speaker,official,18,4.843000000000757,sustainability,Sustainability,0,False,0.0
h1_2025_12_03,h1_2025_12_03_t00550,comment,04:37:23.061,Unknown speaker,official,39,13.309999999997672,sustainability,Sustainability,0,False,0.0
h1_2025_12_03,h1_2025_12_03_t00551,comment,04:37:39.034,Unknown speaker,official,23,5.564000000002125,sustainability,Sustainability,0,False,0.0
h1_2025_12_03,h1_2025_12_03_t00553,comment,04:37:46.980,Unknown speaker,developer,201,67.63200000000143,sustainability,Sustainability,0,False,0.0
h1_2025_12_03,h1_2025_12_03_t00554,comment,04:38:55.645,Unknown speaker,official,45,18.955999999998312,sustainability,Sustainability,0,False,0.0
h1_2025_12_03,h1_2025_12_03_t00555,comment,04:39:14.781,Unknown speaker,developer,210,75.52700000000186,sustainability,Sustainability,0,False,0.01202330405181796
h1_2025_12_03,h1_2025_12_03_t00557,comment,04:40:41.472,Unknown speaker,official,55,21.534999999999854,sustainability,Sustainability,0,False,0.0
h1_2025_12_03,h1_2025_12_03_t00563,comment,04:41:14.780,Unknown speaker,official,20,5.3840000000018335,sustainability,Sustainability,0,False,0.0
h1_2025_12_03,h1_2025_12_03_t00564,comment,04:41:23.827,Unknown speaker,official,21,7.024999999997817,sustainability,Sustainability,0,False,0.0
h1_2025_12_03,h1_2025_12_03_t00566,comment,04:44:28.206,Unknown speaker,official,32,23.51800000000003,sustainability,Sustainability,0,False,0.0
h1_2025_12_03,h1_2025_12_03_t00568,comment,04:45:01.564,Unknown speaker,public,415,132.34800000000178,sustainability,Sustainability,0,False,0.0
h2_2026_03_23,h2_2026_03_23_t00001,comment,00:00:00.945,Unknown speaker,public,67,19.407,sustainability,Sustainability,0,False,0.0
h2_2026_03_23,h2_2026_03_23_t00003,comment,00:00:29.619,Unknown speaker,official,30,6.783000000000001,sustainability,Sustainability,0,False,0.0
h2_2026_03_23,h2_2026_03_23_t00005,comment,00:00:37.823,Unknown speaker,official,40,17.109,sustainability,Sustainability,0,False,0.0
h2_2026_03_23,h2_2026_03_23_t00008,comment,00:01:14.507,Unknown speaker,staff,34,21.808999999999997,sustainability,Sustainability,0,False,0.0
h2_2026_03_23,h2_2026_03_23_t00016,comment,00:01:44.715,Unknown speaker,staff,20,17.230999999999995,sustainability,Sustainability,0,False,0.0
h2_2026_03_23,h2_2026_03_23_t00025,comment,00:03:57.985,Unknown speaker,staff,22,13.044999999999987,sustainability,Sustainability,0,False,0.0
h2_2026_03_23,h2_2026_03_23_t00038,comment,00:04:35.603,Unknown speaker,official,54,17.882000000000005,sustainability,Sustainability,0,False,0.0
h2_2026_03_23,h2_2026_03_23_t00041,comment,00:05:05.654,Unknown speaker,official,257,80.565,sustainability,Sustainability,0,False,0.0
h2_2026_03_23,h2_2026_03_23_t00043,comment,00:07:25.742,Unknown speaker,official,23,13.988,sustainability,Sustainability,0,False,0.0
h2_2026_03_23,h2_2026_03_23_t00044,comment,00:07:53.333,Unknown speaker,official,65,22.984999999999957,sustainability,Sustainability,0,False,0.0
h2_2026_03_23,h2_2026_03_23_t00045,comment,00:08:19.765,Unknown speaker,official,201,73.79700000000003,sustainability,Sustainability,0,False,0.0
h2_2026_03_23,h2_2026_03_23_t00047,comment,00:11:30.417,Unknown speaker,official,187,65.553,sustainability,Sustainability,0,False,0.0
h2_2026_03_23,h2_2026_03_23_t00076,comment,00:14:50.074,Unknown speaker,official,29,9.605999999999995,sustainability,Sustainability,0,False,0.0
h2_2026_03_23,h2_2026_03_23_t00077,comment,00:15:07.426,Unknown speaker,developer,32,6.846000000000004,sustainability,Sustainability,0,False,0.0
h2_2026_03_23,h2_2026_03_23_t00078,comment,00:15:21.198,Unknown speaker,developer,1388,451.5079999999999,sustainability,Sustainability,2,True,0.00971738020850037
h2_2026_03_23,h2_2026_03_23_t00079,comment,00:23:06.831,Unknown speaker,developer,388,131.16600000000017,sustainability,Sustainability,0,False,0.0
h2_2026_03_23,h2_2026_03_23_t00082,comment,00:25:32.668,Unknown speaker,official,21,8.125,sustainability,Sustainability,0,False,0.0
h2_2026_03_23,h2_2026_03_23_t00083,comment,00:25:43.034,Unknown speaker,public,679,317.49599999999987,sustainability,Sustainability,0,False,0.002233211345342032
h2_2026_03_23,h2_2026_03_23_t00084,comment,00:31:13.089,Unknown speaker,official,43,17.923999999999978,sustainability,Sustainability,0,False,0.0
h2_2026_03_23,h2_2026_03_23_t00085,comment,00:31:33.554,Unknown speaker,public,696,264.3489999999997,sustainability,Sustainability,0,False,0.007949696370146872
h2_2026_03_23,h2_2026_03_23_t00086,comment,00:36:05.439,Unknown speaker,official,22,11.62900000000036,sustainability,Sustainability,0,False,0.0
h2_2026_03_23,h2_2026_03_23_t00087,comment,00:36:17.128,Unknown speaker,consultant,544,196.06399999999985,sustainability,Sustainability,1,True,0.017217214081512652
h2_2026_03_23,h2_2026_03_23_t00090,comment,00:39:52.808,Unknown speaker,developer,564,225.8470000000002,sustainability,Sustainability,0,False,0.026849574806955854
h2_2026_03_23,h2_2026_03_23_t00091,comment,00:43:44.657,Unknown speaker,developer,18,4.40099999999984,sustainability,Sustainability,0,False,0.0
h2_2026_03_23,h2_2026_03_23_t00092,comment,00:43:49.518,Unknown speaker,official,19,7.201999999999771,sustainability,Sustainability,0,False,0.0
h2_2026_03_23,h2_2026_03_23_t00093,comment,00:44:08.182,Unknown speaker,public,204,90.89100000000008,sustainability,Sustainability,0,False,0.0
h2_2026_03_23,h2_2026_03_23_t00094,comment,00:45:42.797,Unknown speaker,public,251,105.60300000000007,sustainability,Sustainability,0,False,0.0
h2_2026_03_23,h2_2026_03_23_t00095,comment,00:47:31.903,Unknown speaker,public,261,112.9050000000002,sustainability,Sustainability,0,False,0.017627764499908938
h2_2026_03_23,h2_2026_03_23_t00096,comment,00:49:39.329,Unknown speaker,public,19,12.385999999999967,sustainability,Sustainability,0,False,0.0
h2_2026_03_23,h2_2026_03_23_t00098,comment,00:49:54.116,Unknown speaker,public,27,8.123999999999796,sustainability,Sustainability,0,False,0.0
h2_2026_03_23,h2_2026_03_23_t00102,comment,00:50:22.043,Unknown speaker,public,42,17.20699999999988,sustainability,Sustainability,0,False,0.02072949230226763
h2_2026_03_23,h2_2026_03_23_t00103,comment,00:50:43.231,Unknown speaker,public,354,116.6859999999997,sustainability,Sustainability,0,False,0.0
h2_2026_03_23,h2_2026_03_23_t00104,comment,00:52:44.451,Unknown speaker,public,72,30.286000000000058,sustainability,Sustainability,0,False,0.0
h2_2026_03_23,h2_2026_03_23_t00106,comment,00:53:28.809,Unknown speaker,public,103,36.8149999999996,sustainability,Sustainability,0,False,0.0
h2_2026_03_23,h2_2026_03_23_t00108,comment,00:54:51.299,Unknown speaker,developer,112,37.84400000000005,sustainability,Sustainability,0,False,0.0
h2_2026_03_23,h2_2026_03_23_t00109,comment,00:55:36.913,Unknown speaker,public,531,203.13499999999976,sustainability,Sustainability,1,True,0.011477751167221327
h2_2026_03_23,h2_2026_03_23_t00110,comment,00:59:09.083,Unknown speaker,official,20,9.324999999999818,sustainability,Sustainability,0,False,0.0
h2_2026_03_23,h2_2026_03_23_t00112,comment,00:59:22.791,Unknown speaker,public,192,78.27700000000004,sustainability,Sustainability,0,False,0.0
h2_2026_03_23,h2_2026_03_23_t00113,comment,01:00:45.550,Unknown speaker,public,38,20.143999999999778,sustainability,Sustainability,0,False,0.0
h2_2026_03_23,h2_2026_03_23_t00114,comment,01:01:07.516,Unknown speaker,official,29,10.88799999999992,sustainability,Sustainability,0,False,0.0
h2_2026_03_23,h2_2026_03_23_t00115,comment,01:01:19.545,Unknown speaker,public,41,16.02500000000009,sustainability,Sustainability,0,False,0.0
h2_2026_03_23,h2_2026_03_23_t00116,comment,01:01:47.333,Unknown speaker,public,367,129.9670000000001,sustainability,Sustainability,1,True,0.02468708056887901
h2_2026_03_23,h2_2026_03_23_t00117,comment,01:04:05.896,Unknown speaker,developer,25,5.9669999999996435,sustainability,Sustainability,0,False,0.0
h2_2026_03_23,h2_2026_03_23_t00119,comment,01:04:22.234,Unknown speaker,public,571,233.50199999999995,sustainability,Sustainability,0,False,0.013812859438885817
h2_2026_03_23,h2_2026_03_23_t00120,comment,01:08:19.138,Unknown speaker,public,319,98.90599999999995,sustainability,Sustainability,0,False,0.0
h2_2026_03_23,h2_2026_03_23_t00121,comment,01:10:06.860,Unknown speaker,public,339,151.1230000000005,sustainability,Sustainability,0,False,0.0
h2_2026_03_23,h2_2026_03_23_t00122,comment,01:12:41.145,Unknown speaker,public,25,11.359999999999673,sustainability,Sustainability,0,False,0.0
h2_2026_03_23,h2_2026_03_23_t00124,comment,01:12:54.747,Unknown speaker,public,78,34.764000000000124,sustainability,Sustainability,0,False,0.0
h2_2026_03_23,h2_2026_03_23_t00125,comment,01:13:39.600,Unknown speaker,public,107,52.714999999999236,sustainability,Sustainability,0,False,0.006139440395152101
h2_2026_03_23,h2_2026_03_23_t00126,comment,01:14:34.777,Unknown speaker,official,31,19.141999999999825,sustainability,Sustainability,0,False,0.0
h2_2026_03_23,h2_2026_03_23_t00127,comment,01:15:02.172,Unknown speaker,official,394,182.53100000000086,sustainability,Sustainability,0,False,0.005908883821756323
h2_2026_03_23,h2_2026_03_23_t00129,comment,01:18:10.546,Unknown speaker,official,133,47.32799999999952,sustainability,Sustainability,0,False,0.0
h2_2026_03_23,h2_2026_03_23_t00130,comment,01:18:58.534,Unknown speaker,official,141,55.48400000000038,sustainability,Sustainability,0,False,0.0
h2_2026_03_23,h2_2026_03_23_t00132,comment,01:20:10.149,Unknown speaker,official,88,41.20299999999952,sustainability,Sustainability,0,False,0.0
h2_2026_03_23,h2_2026_03_23_t00134,comment,01:21:06.512,Unknown speaker,official,21,7.806000000000495,sustainability,Sustainability,0,False,0.0
h2_2026_03_23,h2_2026_03_23_t00135,comment,01:21:18.461,Unknown speaker,public,334,122.83500000000004,sustainability,Sustainability,0,False,0.0
h2_2026_03_23,h2_2026_03_23_t00137,comment,01:23:31.700,Unknown speaker,public,139,53.738000000000284,sustainability,Sustainability,0,False,0.0
h2_2026_03_23,h2_2026_03_23_t00141,comment,01:24:29.760,Unknown speaker,public,91,36.259000000000015,sustainability,Sustainability,0,False,0.0
h2_2026_03_23,h2_2026_03_23_t00142,comment,01:25:09.881,Unknown speaker,public,58,23.829999999999927,sustainability,Sustainability,0,False,0.0
h2_2026_03_23,h2_2026_03_23_t00145,comment,01:25:52.996,Unknown speaker,public,323,126.17799999999988,sustainability,Sustainability,0,False,0.0
h2_2026_03_23,h2_2026_03_23_t00147,comment,01:28:12.341,Unknown speaker,public,160,84.5630000000001,sustainability,Sustainability,0,False,0.0
h2_2026_03_23,h2_2026_03_23_t00151,comment,01:29:51.221,Unknown speaker,public,285,122.87800000000061,sustainability,Sustainability,0,False,0.008543337698446583
h2_2026_03_23,h2_2026_03_23_t00153,comment,01:32:02.783,Unknown speaker,public,103,38.107999999999265,sustainability,Sustainability,0,False,0.012769023165257066
h2_2026_03_23,h2_2026_03_23_t00154,comment,01:32:44.894,Unknown speaker,public,188,67.29599999999937,sustainability,Sustainability,0,False,0.0
h2_2026_03_23,h2_2026_03_23_t00156,comment,01:34:03.098,Unknown speaker,public,213,67.63799999999992,sustainability,Sustainability,0,False,0.0
h2_2026_03_23,h2_2026_03_23_t00158,comment,01:35:13.668,Unknown speaker,public,256,85.51600000000053,sustainability,Sustainability,0,False,0.0
h2_2026_03_23,h2_2026_03_23_t00159,comment,01:36:42.583,Unknown speaker,public,110,29.105000000000473,sustainability,Sustainability,0,False,0.0
h2_2026_03_23,h2_2026_03_23_t00161,comment,01:37:28.177,Unknown speaker,public,329,121.25,sustainability,Sustainability,0,False,0.0
h2_2026_03_23,h2_2026_03_23_t00163,comment,01:39:38.434,Unknown speaker,official,111,43.64499999999953,sustainability,Sustainability,0,False,0.0
h2_2026_03_23,h2_2026_03_23_t00165,comment,01:40:30.186,Unknown speaker,public,267,80.5590000000002,sustainability,Sustainability,1,True,0.008941912024364682
h2_2026_03_23,h2_2026_03_23_t00167,comment,01:41:56.843,Unknown speaker,public,130,32.284999999999854,sustainability,Sustainability,0,False,0.0
h2_2026_03_23,h2_2026_03_23_t00170,comment,01:42:36.670,Unknown speaker,public,318,122.0010000000002,sustainability,Sustainability,0,False,0.0
h2_2026_03_23,h2_2026_03_23_t00173,comment,01:44:52.200,Unknown speaker,public,397,121.54700000000048,sustainability,Sustainability,0,False,0.014462762388792781
h2_2026_03_23,h2_2026_03_23_t00175,comment,01:47:02.408,Unknown speaker,public,148,45.978000000000065,sustainability,Sustainability,0,False,0.0
h2_2026_03_23,h2_2026_03_23_t00177,comment,01:47:49.946,Unknown speaker,public,53,16.34900000000016,sustainability,Sustainability,0,False,0.0
h2_2026_03_23,h2_2026_03_23_t00179,comment,01:48:12.995,Unknown speaker,public,203,52.228000000000065,sustainability,Sustainability,0,False,0.0
h2_2026_03_23,h2_2026_03_23_t00182,comment,01:50:38.532,Unknown speaker,official,21,6.023000000000138,sustainability,Sustainability,0,False,0.0
h2_2026_03_23,h2_2026_03_23_t00185,comment,01:50:50.479,Unknown speaker,public,125,45.55000000000018,sustainability,Sustainability,0,False,0.010941248891474492
h2_2026_03_23,h2_2026_03_23_t00186,comment,01:51:39.385,Unknown speaker,public,100,33.246000000000095,sustainability,Sustainability,0,False,0.0
h2_2026_03_23,h2_2026_03_23_t00188,comment,01:52:26.139,Unknown speaker,public,366,122.92100000000028,sustainability,Sustainability,1,True,0.01797912142604209
h2_2026_03_23,h2_2026_03_23_t00192,comment,01:54:49.540,Unknown speaker,public,331,106.53099999999995,sustainability,Sustainability,0,False,0.0
h2_2026_03_23,h2_2026_03_23_t00194,comment,01:56:38.013,Unknown speaker,public,320,111.95399999999972,sustainability,Sustainability,0,False,0.00506106706068485
h2_2026_03_23,h2_2026_03_23_t00195,comment,01:58:33.629,Unknown speaker,public,50,12.54700000000048,sustainability,Sustainability,0,False,0.0
h2_2026_03_23,h2_2026_03_23_t00197,comment,01:58:59.124,Unknown speaker,public,202,76.80000000000018,sustainability,Sustainability,0,False,0.0
h2_2026_03_23,h2_2026_03_23_t00199,comment,02:00:18.885,Unknown speaker,public,345,125.11200000000008,sustainability,Sustainability,1,True,0.013632925252348991
h2_2026_03_23,h2_2026_03_23_t00203,comment,02:02:33.318,Unknown speaker,public,276,94.4960000000001,sustainability,Sustainability,0,False,0.0
h2_2026_03_23,h2_2026_03_23_t00205,comment,02:04:17.465,Unknown speaker,public,367,117.6239999999998,sustainability,Sustainability,0,False,0.009560594243020316
h2_2026_03_23,h2_2026_03_23_t00206,comment,02:06:24.118,Unknown speaker,public,344,123.44499999999971,sustainability,Sustainability,0,False,0.02038198875374669
h2_2026_03_23,h2_2026_03_23_t00208,comment,02:08:34.233,Unknown speaker,public,271,107.03899999999976,sustainability,Sustainability,1,True,0.04020526591877432
h2_2026_03_23,h2_2026_03_23_t00210,comment,02:10:25.802,Unknown speaker,public,438,124.88600000000042,sustainability,Sustainability,0,False,0.0060014851747158945
h2_2026_03_23,h2_2026_03_23_t00216,comment,02:12:48.117,Unknown speaker,official,198,60.05400000000009,sustainability,Sustainability,0,False,0.0
h2_2026_03_23,h2_2026_03_23_t00218,comment,02:13:57.440,Unknown speaker,public,244,121.01700000000073,sustainability,Sustainability,0,False,0.0
h2_2026_03_23,h2_2026_03_23_t00220,comment,02:16:07.642,Unknown speaker,public,164,56.746000000001004,sustainability,Sustainability,0,False,0.0
h2_2026_03_23,h2_2026_03_23_t00221,comment,02:17:08.732,Unknown speaker,public,152,63.59900000000016,sustainability,Sustainability,0,False,0.0
h2_2026_03_23,h2_2026_03_23_t00224,comment,02:18:36.810,Unknown speaker,public,39,11.483000000000175,sustainability,Sustainability,0,False,0.0
h2_2026_03_23,h2_2026_03_23_t00225,comment,02:18:52.414,Unknown speaker,public,117,42.96299999999974,sustainability,Sustainability,0,False,0.0
h2_2026_03_23,h2_2026_03_23_t00227,comment,02:19:44.883,Unknown speaker,public,358,118.59499999999935,sustainability,Sustainability,1,True,0.010760355453917042
h2_2026_03_23,h2_2026_03_23_t00229,comment,02:21:51.622,Unknown speaker,public,364,120.67100000000028,sustainability,Sustainability,0,False,0.009118924394075977
h2_2026_03_23,h2_2026_03_23_t00231,comment,02:24:03.483,Unknown speaker,public,343,128.45899999999892,sustainability,Sustainability,0,False,0.006396468631847185
h2_2026_03_23,h2_2026_03_23_t00232,comment,02:26:22.468,Unknown speaker,public,262,108.42099999999846,sustainability,Sustainability,0,False,0.008050709410830763
h2_2026_03_23,h2_2026_03_23_t00233,comment,02:28:20.397,Unknown speaker,public,29,7.586999999999534,sustainability,Sustainability,0,False,0.0
h2_2026_03_23,h2_2026_03_23_t00236,comment,02:28:45.546,Unknown speaker,public,122,47.190999999998894,sustainability,Sustainability,0,False,0.0061873291095733834
h2_2026_03_23,h2_2026_03_23_t00240,comment,02:30:03.124,Unknown speaker,public,39,18.028000000000247,sustainability,Sustainability,0,False,0.0
h2_2026_03_23,h2_2026_03_23_t00241,comment,02:30:24.554,Unknown speaker,public,67,20.771999999999025,sustainability,Sustainability,0,False,0.0
h2_2026_03_23,h2_2026_03_23_t00242,comment,02:30:48.708,Unknown speaker,public,69,22.47599999999875,sustainability,Sustainability,0,False,0.0
h2_2026_03_23,h2_2026_03_23_t00243,comment,02:31:16.906,Unknown speaker,public,54,19.797999999998865,sustainability,Sustainability,0,False,0.0
h2_2026_03_23,h2_2026_03_23_t00244,comment,02:31:40.205,Unknown speaker,public,106,45.486000000000786,sustainability,Sustainability,0,False,0.0
h2_2026_03_23,h2_2026_03_23_t00245,comment,02:32:28.792,Unknown speaker,public,155,56.12300000000141,sustainability,Sustainability,0,False,0.0
h2_2026_03_23,h2_2026_03_23_t00246,comment,02:33:35.039,Unknown speaker,public,119,38.753999999998996,sustainability,Sustainability,0,False,0.0
h2_2026_03_23,h2_2026_03_23_t00247,comment,02:34:22.410,Unknown speaker,public,188,60.52000000000044,sustainability,Sustainability,0,False,0.0
h2_2026_03_23,h2_2026_03_23_t00248,comment,02:35:24.291,Unknown speaker,official,32,11.703000000001339,sustainability,Sustainability,0,False,0.0
h2_2026_03_23,h2_2026_03_23_t00249,comment,02:35:36.314,Unknown speaker,public,47,13.395000000000437,sustainability,Sustainability,0,False,0.0
h2_2026_03_23,h2_2026_03_23_t00251,comment,02:35:58.776,Unknown speaker,public,336,96.7569999999996,sustainability,Sustainability,0,False,0.0
h2_2026_03_23,h2_2026_03_23_t00252,comment,02:37:46.420,Unknown speaker,public,394,124.3130000000001,sustainability,Sustainability,0,False,0.007724909208352615
h2_2026_03_23,h2_2026_03_23_t00254,comment,02:40:07.442,Unknown speaker,public,296,97.35000000000036,sustainability,Sustainability,0,False,0.0
h2_2026_03_23,h2_2026_03_23_t00255,comment,02:41:56.973,Unknown speaker,public,293,121.45299999999952,sustainability,Sustainability,2,True,0.020563718776363767
h2_2026_03_23,h2_2026_03_23_t00256,comment,02:44:11.429,Unknown speaker,public,361,125.53199999999924,sustainability,Sustainability,1,True,0.01277801115972241
h2_2026_03_23,h2_2026_03_23_t00259,comment,02:46:27.462,Unknown speaker,public,118,39.10699999999997,sustainability,Sustainability,0,False,0.0
h2_2026_03_23,h2_2026_03_23_t00260,comment,02:47:15.502,Unknown speaker,public,375,115.27499999999964,sustainability,Sustainability,0,False,0.015533140945903235
h2_2026_03_23,h2_2026_03_23_t00261,comment,02:49:20.020,Unknown speaker,public,186,62.608000000000175,sustainability,Sustainability,0,False,0.0
h2_2026_03_23,h2_2026_03_23_t00262,comment,02:50:32.868,Unknown speaker,public,187,74.06999999999971,sustainability,Sustainability,0,False,0.0
h2_2026_03_23,h2_2026_03_23_t00263,comment,02:51:57.704,Unknown speaker,public,283,75.42100000000028,sustainability,Sustainability,0,False,0.009536431185640551
h2_2026_03_23,h2_2026_03_23_t00264,comment,02:53:21.892,Unknown speaker,public,343,111.0640000000003,sustainability,Sustainability,0,False,0.0
h2_2026_03_23,h2_2026_03_23_t00265,comment,02:55:23.755,Unknown speaker,public,65,27.19300000000112,sustainability,Sustainability,0,False,0.0
h2_2026_03_23,h2_2026_03_23_t00266,comment,02:55:54.448,Unknown speaker,public,131,52.93499999999949,sustainability,Sustainability,0,False,0.0
h2_2026_03_23,h2_2026_03_23_t00267,comment,02:56:54.089,Unknown speaker,public,104,34.29700000000048,sustainability,Sustainability,0,False,0.0
h2_2026_03_23,h2_2026_03_23_t00268,comment,02:57:37.689,Unknown speaker,public,138,41.586999999999534,sustainability,Sustainability,0,False,0.0
h2_2026_03_23,h2_2026_03_23_t00269,comment,02:58:24.739,Unknown speaker,public,118,40.13500000000022,sustainability,Sustainability,0,False,0.01212210729832264
h2_2026_03_23,h2_2026_03_23_t00270,comment,02:59:16.462,Unknown speaker,public,65,16.060999999999694,sustainability,Sustainability,0,False,0.0
h2_2026_03_23,h2_2026_03_23_t00271,comment,02:59:42.012,Unknown speaker,public,113,35.01000000000022,sustainability,Sustainability,0,False,0.0
h2_2026_03_23,h2_2026_03_23_t00272,comment,03:00:25.758,Unknown speaker,public,76,20.988999999999578,sustainability,Sustainability,0,False,0.0
h2_2026_03_23,h2_2026_03_23_t00273,comment,03:00:55.035,Unknown speaker,public,44,16.369000000000597,sustainability,Sustainability,0,False,0.0
h2_2026_03_23,h2_2026_03_23_t00274,comment,03:01:15.967,Unknown speaker,public,115,38.86999999999898,sustainability,Sustainability,0,False,0.0
h2_2026_03_23,h2_2026_03_23_t00275,comment,03:02:05.202,Unknown speaker,public,426,122.90300000000025,sustainability,Sustainability,0,False,0.011764524340190473
h2_2026_03_23,h2_2026_03_23_t00276,comment,03:04:27.320,Unknown speaker,public,122,54.853000000000975,sustainability,Sustainability,0,False,0.0
h2_2026_03_23,h2_2026_03_23_t00277,comment,03:05:25.468,Unknown speaker,public,113,51.753999999998996,sustainability,Sustainability,0,False,0.0
h2_2026_03_23,h2_2026_03_23_t00278,comment,03:06:27.980,Unknown speaker,public,245,98.92799999999988,sustainability,Sustainability,0,False,0.0
h2_2026_03_23,h2_2026_03_23_t00280,comment,03:08:20.218,Unknown speaker,public,75,22.93499999999949,sustainability,Sustainability,0,False,0.0
h2_2026_03_23,h2_2026_03_23_t00282,comment,03:08:46.773,Unknown speaker,public,84,18.19300000000112,sustainability,Sustainability,0,False,0.0
h2_2026_03_23,h2_2026_03_23_t00284,comment,03:09:09.909,Unknown speaker,official,29,6.05199999999968,sustainability,Sustainability,0,False,0.0
h2_2026_03_23,h2_2026_03_23_t00286,comment,03:09:20.402,Unknown speaker,public,276,84.71999999999935,sustainability,Sustainability,0,False,0.00937043352253775
h2_2026_03_23,h2_2026_03_23_t00287,comment,03:10:45.703,Unknown speaker,official,77,30.488999999999578,sustainability,Sustainability,0,False,0.0
h2_2026_03_23,h2_2026_03_23_t00289,comment,03:11:26.566,Unknown speaker,public,166,62.30699999999888,sustainability,Sustainability,0,False,0.0
h2_2026_03_23,h2_2026_03_23_t00292,comment,03:12:36.996,Unknown speaker,public,187,48.82800000000134,sustainability,Sustainability,0,False,0.0
h2_2026_03_23,h2_2026_03_23_t00293,comment,03:13:33.590,Unknown speaker,public,130,47.623999999999796,sustainability,Sustainability,0,False,0.0
h2_2026_03_23,h2_2026_03_23_t00294,comment,03:14:30.085,Unknown speaker,public,22,5.802000000001499,sustainability,Sustainability,0,False,0.0
h2_2026_03_23,h2_2026_03_23_t00296,comment,03:14:38.348,Unknown speaker,public,127,40.81500000000051,sustainability,Sustainability,0,False,0.0
h2_2026_03_23,h2_2026_03_23_t00297,comment,03:15:23.862,Unknown speaker,official,24,9.229000000001179,sustainability,Sustainability,0,False,0.0
h2_2026_03_23,h2_2026_03_23_t00300,comment,03:15:47.123,Unknown speaker,public,58,22.48700000000099,sustainability,Sustainability,0,False,0.0
h2_2026_03_23,h2_2026_03_23_t00301,comment,03:16:14.271,Unknown speaker,official,22,8.568999999999505,sustainability,Sustainability,0,False,0.0
h2_2026_03_23,h2_2026_03_23_t00302,comment,03:16:34.048,Unknown speaker,public,89,32.34099999999853,sustainability,Sustainability,0,False,0.01535478762522093
h2_2026_03_23,h2_2026_03_23_t00303,comment,03:17:11.853,Unknown speaker,official,28,10.467000000000553,sustainability,Sustainability,0,False,0.0
h2_2026_03_23,h2_2026_03_23_t00305,comment,03:17:28.156,Unknown speaker,public,28,9.36199999999917,sustainability,Sustainability,0,False,0.0
h2_2026_03_23,h2_2026_03_23_t00307,comment,03:17:39.879,Unknown speaker,public,43,13.062999999998283,sustainability,Sustainability,0,False,0.0
h2_2026_03_23,h2_2026_03_23_t00308,comment,03:17:55.183,Unknown speaker,official,27,14.006999999999607,sustainability,Sustainability,0,False,0.0
h2_2026_03_23,h2_2026_03_23_t00309,comment,03:18:13.304,Unknown speaker,public,54,20.04199999999946,sustainability,Sustainability,0,False,0.0
h2_2026_03_23,h2_2026_03_23_t00310,comment,03:18:36.561,Unknown speaker,official,45,17.868000000000393,sustainability,Sustainability,0,False,0.0
h2_2026_03_23,h2_2026_03_23_t00311,comment,03:19:02.232,Unknown speaker,public,464,216.47500000000036,sustainability,Sustainability,0,False,0.014416116372909642
h2_2026_03_23,h2_2026_03_23_t00312,comment,03:22:47.208,Unknown speaker,public,71,32.149999999999636,sustainability,Sustainability,0,False,0.0
h2_2026_03_23,h2_2026_03_23_t00313,comment,03:23:24.306,Unknown speaker,public,46,24.23199999999997,sustainability,Sustainability,0,False,0.0
h2_2026_03_23,h2_2026_03_23_t00315,comment,03:24:08.390,Unknown speaker,developer,815,280.96600000000035,sustainability,Sustainability,0,False,0.0023352385421007253
h2_2026_03_23,h2_2026_03_23_t00316,comment,03:28:50.956,Unknown speaker,official,45,19.593000000000757,sustainability,Sustainability,0,False,0.0
h2_2026_03_23,h2_2026_03_23_t00319,comment,03:29:15.852,Unknown speaker,official,33,14.023999999999432,sustainability,Sustainability,0,False,0.0
h2_2026_03_23,h2_2026_03_23_t00320,comment,03:29:33.319,Unknown speaker,official,117,47.02599999999984,sustainability,Sustainability,0,False,0.0
h2_2026_03_23,h2_2026_03_23_t00321,comment,03:30:23.838,Unknown speaker,official,26,10.825000000000728,sustainability,Sustainability,0,False,0.0
h2_2026_03_23,h2_2026_03_23_t00322,comment,03:30:39.365,Unknown speaker,official,22,5.802999999999884,sustainability,Sustainability,0,False,0.0
h2_2026_03_23,h2_2026_03_23_t00365,comment,03:33:22.654,Unknown speaker,official,22,10.688000000000102,sustainability,Sustainability,0,False,0.0
h2_2026_03_23,h2_2026_03_23_t00368,comment,03:33:40.608,Unknown speaker,staff,61,18.85399999999936,sustainability,Sustainability,0,False,0.0
h2_2026_03_23,h2_2026_03_23_t00371,comment,03:34:22.417,Unknown speaker,official,23,6.663000000000466,sustainability,Sustainability,0,False,0.0
h2_2026_03_23,h2_2026_03_23_t00372,comment,03:34:29.160,Unknown speaker,staff,22,6.163000000000466,sustainability,Sustainability,0,False,0.0
h2_2026_03_23,h2_2026_03_23_t00373,comment,03:34:49.098,Unknown speaker,official,26,7.826000000000931,sustainability,Sustainability,0,False,0.0
h2_2026_03_23,h2_2026_03_23_t00377,comment,03:35:14.967,Unknown speaker,staff,100,37.8169999999991,sustainability,Sustainability,0,False,0.0
h2_2026_03_23,h2_2026_03_23_t00381,comment,03:36:37.529,Unknown speaker,staff,37,13.02599999999984,sustainability,Sustainability,0,False,0.0
h2_2026_03_23,h2_2026_03_23_t00382,comment,03:36:52.396,Unknown speaker,official,35,11.737999999999374,sustainability,Sustainability,0,False,0.0
h2_2026_03_23,h2_2026_03_23_t00385,comment,03:37:16.497,Unknown speaker,staff,42,16.403000000000247,sustainability,Sustainability,0,False,0.0
h2_2026_03_23,h2_2026_03_23_t00387,comment,03:37:41.510,Unknown speaker,official,30,9.806000000000495,sustainability,Sustainability,0,False,0.0
h2_2026_03_23,h2_2026_03_23_t00390,comment,03:38:32.187,Unknown speaker,official,31,10.566000000000713,sustainability,Sustainability,0,False,0.0
h2_2026_03_23,h2_2026_03_23_t00395,comment,03:40:38.890,Unknown speaker,official,22,8.98700000000099,sustainability,Sustainability,0,False,0.0
h2_2026_03_23,h2_2026_03_23_t00407,comment,03:42:08.243,Unknown speaker,public,28,11.147999999999229,sustainability,Sustainability,0,False,0.0
h2_2026_03_23,h2_2026_03_23_t00409,comment,03:42:24.595,Unknown speaker,public,282,97.53900000000067,sustainability,Sustainability,0,False,0.0
h2_2026_03_23,h2_2026_03_23_t00411,comment,03:44:03.527,Unknown speaker,public,334,123.48300000000017,sustainability,Sustainability,0,False,0.0
h2_2026_03_23,h2_2026_03_23_t00412,comment,03:46:07.171,Unknown speaker,official,31,14.46600000000035,sustainability,Sustainability,0,False,0.0
h2_2026_03_23,h2_2026_03_23_t00413,comment,03:46:24.660,Unknown speaker,official,34,15.583000000000538,sustainability,Sustainability,0,False,0.0
h2_2026_03_23,h2_2026_03_23_t00418,comment,03:47:24.181,Unknown speaker,public,809,242.83299999999872,sustainability,Sustainability,0,False,0.0
h2_2026_03_23,h2_2026_03_23_t00421,comment,03:51:30.276,Unknown speaker,official,35,22.181000000000495,sustainability,Sustainability,0,False,0.0
h2_2026_03_23,h2_2026_03_23_t00425,comment,03:52:22.763,Unknown speaker,public,95,31.821999999998297,sustainability,Sustainability,0,False,0.0
h2_2026_03_23,h2_2026_03_23_t00426,comment,03:52:58.588,Unknown speaker,official,22,8.706000000000131,sustainability,Sustainability,0,False,0.0
h2_2026_03_23,h2_2026_03_23_t00429,comment,03:53:22.715,Unknown speaker,official,20,9.851999999998952,sustainability,Sustainability,0,False,0.0
h2_2026_03_23,h2_2026_03_23_t00430,comment,03:53:48.318,Unknown speaker,public,27,7.6270000000004075,sustainability,Sustainability,0,False,0.0
h2_2026_03_23,h2_2026_03_23_t00435,comment,03:54:29.882,Unknown speaker,official,22,10.509000000000015,sustainability,Sustainability,0,False,0.0
h1_2025_12_03,h1_2025_12_03_t00003,comment,00:00:15.605,Unknown speaker,official,72,24.328999999999997,safety,Safety,0,False,0.0
h1_2025_12_03,h1_2025_12_03_t00004,comment,00:00:39.954,Unknown speaker,unknown,31,15.271,safety,Safety,0,False,0.0
h1_2025_12_03,h1_2025_12_03_t00005,comment,00:01:00.770,Unknown speaker,official,58,25.275,safety,Safety,0,False,0.0
h1_2025_12_03,h1_2025_12_03_t00006,comment,00:01:29.200,Unknown speaker,staff,23,19.180999999999997,safety,Safety,0,False,0.0
h1_2025_12_03,h1_2025_12_03_t00014,comment,00:02:13.178,Unknown speaker,official,78,25.02600000000001,safety,Safety,0,False,0.0
h1_2025_12_03,h1_2025_12_03_t00015,comment,00:02:43.150,Unknown speaker,official,32,9.730999999999995,safety,Safety,0,False,0.0
h1_2025_12_03,h1_2025_12_03_t00019,comment,00:03:07.437,Unknown speaker,official,18,7.304000000000002,safety,Safety,0,False,0.0
h1_2025_12_03,h1_2025_12_03_t00022,comment,00:04:05.616,Unknown speaker,official,804,287.985,safety,Safety,0,False,0.0
h1_2025_12_03,h1_2025_12_03_t00029,comment,00:10:38.713,Unknown speaker,developer,247,83.51800000000003,safety,Safety,0,False,0.0
h1_2025_12_03,h1_2025_12_03_t00030,comment,00:12:13.198,Unknown speaker,developer,53,14.513000000000034,safety,Safety,0,False,0.0
h1_2025_12_03,h1_2025_12_03_t00031,comment,00:12:35.055,Unknown speaker,developer,84,31.01800000000003,safety,Safety,0,False,0.0
h1_2025_12_03,h1_2025_12_03_t00034,comment,00:13:20.818,Unknown speaker,developer,1139,344.1289999999999,safety,Safety,5,True,0.010875890030922122
h1_2025_12_03,h1_2025_12_03_t00035,comment,00:19:08.195,Unknown speaker,developer,797,253.43000000000006,safety,Safety,1,True,0.01162293527535501
h1_2025_12_03,h1_2025_12_03_t00036,comment,00:23:25.968,Unknown speaker,developer,314,92.52199999999993,safety,Safety,0,False,0.0
h1_2025_12_03,h1_2025_12_03_t00037,comment,00:25:08.446,Unknown speaker,developer,409,130.86800000000017,safety,Safety,0,False,0.0
h1_2025_12_03,h1_2025_12_03_t00038,comment,00:27:25.706,Unknown speaker,developer,216,60.846000000000004,safety,Safety,0,False,0.0
h1_2025_12_03,h1_2025_12_03_t00039,comment,00:28:30.338,Unknown speaker,developer,169,54.519000000000005,safety,Safety,2,True,0.04919984406922142
h1_2025_12_03,h1_2025_12_03_t00040,comment,00:29:25.842,Unknown speaker,official,101,26.652999999999793,safety,Safety,0,False,0.0
h1_2025_12_03,h1_2025_12_03_t00041,comment,00:29:52.759,Unknown speaker,developer,38,11.242999999999938,safety,Safety,0,False,0.0
h1_2025_12_03,h1_2025_12_03_t00045,comment,00:30:19.326,Unknown speaker,public,836,246.4380000000001,safety,Safety,0,False,0.0
h1_2025_12_03,h1_2025_12_03_t00048,comment,00:34:36.842,Unknown speaker,public,213,79.37599999999975,safety,Safety,1,True,0.0085849539014411
h1_2025_12_03,h1_2025_12_03_t00049,comment,00:36:01.937,Unknown speaker,public,254,94.46300000000019,safety,Safety,1,True,0.006488670514310379
h1_2025_12_03,h1_2025_12_03_t00050,comment,00:37:43.546,Unknown speaker,consultant,310,113.25500000000011,safety,Safety,0,False,0.007064930804627793
h1_2025_12_03,h1_2025_12_03_t00052,comment,00:39:50.806,Unknown speaker,consultant,493,179.346,safety,Safety,0,False,0.0
h1_2025_12_03,h1_2025_12_03_t00053,comment,00:43:00.822,Unknown speaker,consultant,24,6.826999999999771,safety,Safety,0,False,0.0
h1_2025_12_03,h1_2025_12_03_t00062,comment,00:45:21.576,Unknown speaker,official,20,7.706000000000131,safety,Safety,0,False,0.0
h1_2025_12_03,h1_2025_12_03_t00065,comment,00:46:21.059,Unknown speaker,official,155,61.19599999999991,safety,Safety,0,False,0.0
h1_2025_12_03,h1_2025_12_03_t00066,comment,00:47:22.655,Unknown speaker,official,64,26.927999999999884,safety,Safety,0,False,0.0
h1_2025_12_03,h1_2025_12_03_t00067,comment,00:47:50.090,Unknown speaker,developer,197,57.88599999999997,safety,Safety,0,False,0.0
h1_2025_12_03,h1_2025_12_03_t00068,comment,00:48:48.376,Unknown speaker,official,145,58.13099999999986,safety,Safety,0,False,0.0
h1_2025_12_03,h1_2025_12_03_t00069,comment,00:49:49.970,Unknown speaker,official,25,11.202999999999975,safety,Safety,0,False,0.0
h1_2025_12_03,h1_2025_12_03_t00070,comment,00:50:01.193,Unknown speaker,official,119,39.06700000000001,safety,Safety,1,True,0.012440993474651774
h1_2025_12_03,h1_2025_12_03_t00071,comment,00:50:40.871,Unknown speaker,developer,330,101.94299999999976,safety,Safety,11,True,0.027958082536348197
h1_2025_12_03,h1_2025_12_03_t00072,comment,00:52:22.834,Unknown speaker,official,30,9.595000000000255,safety,Safety,0,False,0.0
h1_2025_12_03,h1_2025_12_03_t00073,comment,00:52:32.669,Unknown speaker,developer,59,12.889000000000124,safety,Safety,1,True,0.0
h1_2025_12_03,h1_2025_12_03_t00076,comment,00:52:53.965,Unknown speaker,official,18,8.38799999999992,safety,Safety,0,False,0.0
h1_2025_12_03,h1_2025_12_03_t00077,comment,00:53:03.254,Unknown speaker,official,84,30.184000000000196,safety,Safety,0,False,0.0
h1_2025_12_03,h1_2025_12_03_t00078,comment,00:53:36.293,Unknown speaker,developer,72,23.06999999999971,safety,Safety,1,True,0.0
h1_2025_12_03,h1_2025_12_03_t00079,comment,00:54:00.303,Unknown speaker,official,32,7.829999999999927,safety,Safety,0,False,0.0
h1_2025_12_03,h1_2025_12_03_t00081,comment,00:54:09.693,Unknown speaker,official,18,8.361999999999625,safety,Safety,0,False,0.0
h1_2025_12_03,h1_2025_12_03_t00083,comment,00:54:18.895,Unknown speaker,official,68,22.876000000000204,safety,Safety,0,False,0.0
h1_2025_12_03,h1_2025_12_03_t00084,comment,00:54:42.251,Unknown speaker,developer,132,40.80799999999999,safety,Safety,1,True,0.0
h1_2025_12_03,h1_2025_12_03_t00085,comment,00:55:23.459,Unknown speaker,official,22,5.1030000000000655,safety,Safety,0,False,0.0
h1_2025_12_03,h1_2025_12_03_t00086,comment,00:55:29.398,Unknown speaker,developer,89,27.284999999999854,safety,Safety,0,False,0.0
h1_2025_12_03,h1_2025_12_03_t00087,comment,00:55:57.742,Unknown speaker,official,35,10.298999999999978,safety,Safety,0,False,0.0
h1_2025_12_03,h1_2025_12_03_t00088,comment,00:56:09.181,Unknown speaker,developer,48,16.88299999999981,safety,Safety,1,True,0.0
h1_2025_12_03,h1_2025_12_03_t00091,comment,00:56:34.855,Unknown speaker,official,41,16.153999999999996,safety,Safety,0,False,0.0
h1_2025_12_03,h1_2025_12_03_t00093,comment,00:57:02.553,Unknown speaker,developer,87,44.572000000000116,safety,Safety,0,False,0.0
h1_2025_12_03,h1_2025_12_03_t00094,comment,00:57:48.495,Unknown speaker,official,20,8.564000000000306,safety,Safety,0,False,0.0
h1_2025_12_03,h1_2025_12_03_t00095,comment,00:57:59.080,Unknown speaker,developer,18,3.8020000000001346,safety,Safety,0,False,0.0
h1_2025_12_03,h1_2025_12_03_t00096,comment,00:58:04.423,Unknown speaker,official,18,6.703000000000429,safety,Safety,0,False,0.0
h1_2025_12_03,h1_2025_12_03_t00103,comment,00:58:28.073,Unknown speaker,official,19,12.48700000000008,safety,Safety,0,False,0.0
h1_2025_12_03,h1_2025_12_03_t00104,comment,00:58:45.661,Unknown speaker,official,32,11.143999999999778,safety,Safety,1,True,0.03128801102571995
h1_2025_12_03,h1_2025_12_03_t00105,comment,00:58:58.047,Unknown speaker,developer,199,71.346,safety,Safety,0,False,0.0
h1_2025_12_03,h1_2025_12_03_t00107,comment,01:00:14.270,Unknown speaker,developer,48,17.690999999999804,safety,Safety,0,False,0.0
h1_2025_12_03,h1_2025_12_03_t00111,comment,01:00:52.184,Unknown speaker,official,49,15.084999999999582,safety,Safety,0,False,0.0
h1_2025_12_03,h1_2025_12_03_t00112,comment,01:01:08.148,Unknown speaker,developer,268,86.94499999999971,safety,Safety,1,True,0.017736594936651744
h1_2025_12_03,h1_2025_12_03_t00115,comment,01:02:58.546,Unknown speaker,official,162,52.345000000000255,safety,Safety,0,False,0.0
h1_2025_12_03,h1_2025_12_03_t00116,comment,01:03:53.913,Unknown speaker,developer,76,26.235000000000127,safety,Safety,0,False,0.0
h1_2025_12_03,h1_2025_12_03_t00117,comment,01:04:20.608,Unknown speaker,official,51,14.94399999999996,safety,Safety,0,False,0.0
h1_2025_12_03,h1_2025_12_03_t00119,comment,01:04:53.297,Unknown speaker,official,59,17.126999999999953,safety,Safety,0,False,0.0
h1_2025_12_03,h1_2025_12_03_t00120,comment,01:05:12.026,Unknown speaker,public,155,46.008000000000266,safety,Safety,0,False,0.0
h1_2025_12_03,h1_2025_12_03_t00121,comment,01:06:01.281,Unknown speaker,official,73,26.02500000000009,safety,Safety,0,False,0.0
h1_2025_12_03,h1_2025_12_03_t00122,comment,01:06:27.727,Unknown speaker,public,103,35.846000000000004,safety,Safety,0,False,0.0
h1_2025_12_03,h1_2025_12_03_t00123,comment,01:07:03.713,Unknown speaker,official,18,5.3419999999996435,safety,Safety,0,False,0.0
h1_2025_12_03,h1_2025_12_03_t00124,comment,01:07:12.476,Unknown speaker,official,314,103.20800000000008,safety,Safety,0,False,0.0
h1_2025_12_03,h1_2025_12_03_t00125,comment,01:08:57.705,Unknown speaker,official,18,4.8419999999996435,safety,Safety,0,False,0.0
h1_2025_12_03,h1_2025_12_03_t00128,comment,01:09:05.608,Unknown speaker,official,21,8.804000000000087,safety,Safety,0,False,0.0
h1_2025_12_03,h1_2025_12_03_t00131,comment,01:09:21.783,Unknown speaker,official,19,5.0239999999994325,safety,Safety,0,False,0.0
h1_2025_12_03,h1_2025_12_03_t00132,comment,01:09:27.608,Unknown speaker,official,49,15.992999999999483,safety,Safety,0,False,0.0
h1_2025_12_03,h1_2025_12_03_t00135,comment,01:09:50.018,Unknown speaker,official,60,17.54399999999987,safety,Safety,0,False,0.0
h1_2025_12_03,h1_2025_12_03_t00136,comment,01:10:07.742,Unknown speaker,developer,70,22.425999999999476,safety,Safety,0,False,0.0
h1_2025_12_03,h1_2025_12_03_t00139,comment,01:10:40.610,Unknown speaker,official,31,14.639000000000124,safety,Safety,0,False,0.0
h1_2025_12_03,h1_2025_12_03_t00140,comment,01:10:58.312,Unknown speaker,official,22,11.488000000000284,safety,Safety,0,False,0.0
h1_2025_12_03,h1_2025_12_03_t00141,comment,01:11:12.082,Unknown speaker,official,408,164.66799999999967,safety,Safety,0,False,0.0
h1_2025_12_03,h1_2025_12_03_t00142,comment,01:14:02.713,Unknown speaker,official,364,118.8710000000001,safety,Safety,0,False,0.0
h1_2025_12_03,h1_2025_12_03_t00144,comment,01:16:02.985,Unknown speaker,official,26,10.677999999999884,safety,Safety,0,False,0.0
h1_2025_12_03,h1_2025_12_03_t00146,comment,01:16:16.785,Unknown speaker,official,31,8.404999999999745,safety,Safety,0,False,0.0
h1_2025_12_03,h1_2025_12_03_t00148,comment,01:17:15.471,Unknown speaker,official,49,13.82800000000043,safety,Safety,0,False,0.0
h1_2025_12_03,h1_2025_12_03_t00152,comment,01:18:40.363,Unknown speaker,public,99,29.721999999999753,safety,Safety,0,False,0.0
h1_2025_12_03,h1_2025_12_03_t00153,comment,01:19:18.370,Unknown speaker,public,46,12.306999999999789,safety,Safety,0,False,0.0
h1_2025_12_03,h1_2025_12_03_t00154,comment,01:19:41.797,Unknown speaker,public,306,110.47900000000027,safety,Safety,0,False,0.0
h1_2025_12_03,h1_2025_12_03_t00155,comment,01:21:37.955,Unknown speaker,public,196,75.75,safety,Safety,1,True,0.013165841878103216
h1_2025_12_03,h1_2025_12_03_t00156,comment,01:23:01.011,Unknown speaker,public,558,212.52199999999993,safety,Safety,4,True,0.007837136414447391
h1_2025_12_03,h1_2025_12_03_t00157,comment,01:26:42.316,Unknown speaker,public,81,29.93199999999979,safety,Safety,0,False,0.0
h1_2025_12_03,h1_2025_12_03_t00158,comment,01:27:16.117,Unknown speaker,public,87,35.15700000000015,safety,Safety,0,False,0.0
h1_2025_12_03,h1_2025_12_03_t00159,comment,01:27:58.241,Unknown speaker,public,252,99.33700000000044,safety,Safety,0,False,0.0
h1_2025_12_03,h1_2025_12_03_t00160,comment,01:29:46.419,Unknown speaker,public,283,95.46399999999994,safety,Safety,0,False,0.0
h1_2025_12_03,h1_2025_12_03_t00161,comment,01:31:25.306,Unknown speaker,public,19,5.926000000000386,safety,Safety,0,False,0.0
h1_2025_12_03,h1_2025_12_03_t00162,comment,01:31:38.543,Unknown speaker,public,37,13.631000000000313,safety,Safety,0,False,0.0
h1_2025_12_03,h1_2025_12_03_t00163,comment,01:32:00.200,Unknown speaker,public,55,20.67200000000048,safety,Safety,0,False,0.0
h1_2025_12_03,h1_2025_12_03_t00165,comment,01:32:37.707,Unknown speaker,public,134,51.826999999999316,safety,Safety,0,False,0.0
h1_2025_12_03,h1_2025_12_03_t00166,comment,01:33:34.077,Unknown speaker,public,153,74.8710000000001,safety,Safety,0,False,0.0
h1_2025_12_03,h1_2025_12_03_t00167,comment,01:34:53.908,Unknown speaker,public,261,103.8149999999996,safety,Safety,0,False,0.006698755146597925
h1_2025_12_03,h1_2025_12_03_t00168,comment,01:36:41.504,Unknown speaker,public,487,232.0659999999998,safety,Safety,0,False,0.005654555593955592
h1_2025_12_03,h1_2025_12_03_t00169,comment,01:40:38.152,Unknown speaker,public,98,51.19800000000032,safety,Safety,0,False,0.0
h1_2025_12_03,h1_2025_12_03_t00170,comment,01:41:32.597,Unknown speaker,public,332,138.4930000000004,safety,Safety,1,True,0.011867247533956338
h1_2025_12_03,h1_2025_12_03_t00172,comment,01:43:54.812,Unknown speaker,public,161,61.850000000000364,safety,Safety,0,False,0.0
h1_2025_12_03,h1_2025_12_03_t00173,comment,01:45:00.618,Unknown speaker,public,187,71.53699999999935,safety,Safety,0,False,0.0
h1_2025_12_03,h1_2025_12_03_t00174,comment,01:46:24.416,Unknown speaker,public,343,111.5590000000002,safety,Safety,1,True,0.010924775103254491
h1_2025_12_03,h1_2025_12_03_t00175,comment,01:48:24.482,Unknown speaker,official,109,49.39300000000003,safety,Safety,0,False,0.0
h1_2025_12_03,h1_2025_12_03_t00176,comment,01:49:20.628,Unknown speaker,official,201,80.82600000000002,safety,Safety,0,False,0.0
h1_2025_12_03,h1_2025_12_03_t00177,comment,01:50:41.654,Unknown speaker,official,27,10.695999999999913,safety,Safety,0,False,0.0
h1_2025_12_03,h1_2025_12_03_t00185,comment,01:52:36.715,Unknown speaker,official,25,11.590000000000146,safety,Safety,0,False,0.0
h1_2025_12_03,h1_2025_12_03_t00190,comment,01:53:01.555,Unknown speaker,official,74,28.305999999999585,safety,Safety,0,False,0.0
h1_2025_12_03,h1_2025_12_03_t00191,comment,01:53:30.622,Unknown speaker,public,106,29.59099999999944,safety,Safety,1,True,0.0
h1_2025_12_03,h1_2025_12_03_t00192,comment,01:54:00.592,Unknown speaker,official,162,61.44000000000051,safety,Safety,0,False,0.0
h1_2025_12_03,h1_2025_12_03_t00193,comment,01:55:03.472,Unknown speaker,public,41,19.54399999999987,safety,Safety,0,False,0.0
h1_2025_12_03,h1_2025_12_03_t00194,comment,01:55:29.248,Unknown speaker,public,88,27.347999999999956,safety,Safety,1,True,0.0172616313351516
h1_2025_12_03,h1_2025_12_03_t00195,comment,01:55:59.386,Unknown speaker,public,69,21.14799999999923,safety,Safety,0,False,0.0
h1_2025_12_03,h1_2025_12_03_t00198,comment,01:56:34.759,Unknown speaker,official,57,19.01000000000022,safety,Safety,0,False,0.0
h1_2025_12_03,h1_2025_12_03_t00200,comment,01:56:56.668,Unknown speaker,public,116,45.98000000000047,safety,Safety,0,False,0.0
h1_2025_12_03,h1_2025_12_03_t00202,comment,01:57:47.329,Unknown speaker,official,19,6.082000000000335,safety,Safety,0,False,0.0
h1_2025_12_03,h1_2025_12_03_t00203,comment,01:57:56.748,Unknown speaker,official,18,4.863000000000284,safety,Safety,0,False,0.0
h1_2025_12_03,h1_2025_12_03_t00205,comment,01:58:05.254,Unknown speaker,official,22,10.886999999999716,safety,Safety,0,False,0.0
h1_2025_12_03,h1_2025_12_03_t00206,comment,01:58:18.202,Unknown speaker,public,22,10.20299999999952,safety,Safety,0,False,0.0
h1_2025_12_03,h1_2025_12_03_t00210,comment,01:58:42.514,Unknown speaker,public,47,14.963999999999942,safety,Safety,0,False,0.0
h1_2025_12_03,h1_2025_12_03_t00211,comment,01:58:58.418,Unknown speaker,official,27,9.846000000000458,safety,Safety,0,False,0.0
h1_2025_12_03,h1_2025_12_03_t00212,comment,01:59:09.284,Unknown speaker,public,21,6.444000000000415,safety,Safety,0,False,0.0
h1_2025_12_03,h1_2025_12_03_t00214,comment,01:59:21.152,Unknown speaker,public,41,18.853000000000065,safety,Safety,0,False,0.0
h1_2025_12_03,h1_2025_12_03_t00216,comment,01:59:42.847,Unknown speaker,official,28,14.083000000000538,safety,Safety,0,False,0.0
h1_2025_12_03,h1_2025_12_03_t00220,comment,02:00:09.900,Unknown speaker,official,252,87.60400000000027,safety,Safety,0,False,0.0
h1_2025_12_03,h1_2025_12_03_t00223,comment,02:01:41.682,Unknown speaker,public,18,5.525000000000546,safety,Safety,0,False,0.0
h1_2025_12_03,h1_2025_12_03_t00227,comment,02:01:59.276,Unknown speaker,official,22,3.7830000000003565,safety,Safety,0,False,0.0
h1_2025_12_03,h1_2025_12_03_t00228,comment,02:02:03.119,Unknown speaker,public,152,53.35400000000027,safety,Safety,0,False,0.0
h1_2025_12_03,h1_2025_12_03_t00230,comment,02:02:58.213,Unknown speaker,public,43,14.076000000000022,safety,Safety,0,False,0.0
h1_2025_12_03,h1_2025_12_03_t00231,comment,02:03:12.309,Unknown speaker,official,32,7.645999999999731,safety,Safety,0,False,0.0
h1_2025_12_03,h1_2025_12_03_t00232,comment,02:03:20.295,Unknown speaker,public,61,18.960000000000036,safety,Safety,2,True,0.0334633173682883
h1_2025_12_03,h1_2025_12_03_t00233,comment,02:03:39.275,Unknown speaker,official,66,25.10699999999997,safety,Safety,0,False,0.0
h1_2025_12_03,h1_2025_12_03_t00235,comment,02:04:12.726,Unknown speaker,official,19,6.983000000000175,safety,Safety,0,False,0.0
h1_2025_12_03,h1_2025_12_03_t00238,comment,02:04:28.213,Unknown speaker,official,32,22.105000000000473,safety,Safety,0,False,0.0
h1_2025_12_03,h1_2025_12_03_t00239,comment,02:04:56.046,Unknown speaker,official,21,6.184999999999491,safety,Safety,0,False,0.0
h1_2025_12_03,h1_2025_12_03_t00244,comment,02:05:15.741,Unknown speaker,official,28,14.041000000000167,safety,Safety,0,False,0.0
h1_2025_12_03,h1_2025_12_03_t00246,comment,02:05:48.647,Unknown speaker,official,417,124.26699999999983,safety,Safety,0,False,0.0
h1_2025_12_03,h1_2025_12_03_t00247,comment,02:07:54.235,Unknown speaker,public,22,6.927000000000589,safety,Safety,0,False,0.0
h1_2025_12_03,h1_2025_12_03_t00248,comment,02:08:01.957,Unknown speaker,official,353,100.3149999999996,safety,Safety,0,False,0.0
h1_2025_12_03,h1_2025_12_03_t00251,comment,02:09:53.807,Unknown speaker,official,20,7.655000000000655,safety,Safety,0,False,0.0
h1_2025_12_03,h1_2025_12_03_t00252,comment,02:10:01.502,Unknown speaker,public,361,113.3189999999995,safety,Safety,1,True,0.0
h1_2025_12_03,h1_2025_12_03_t00255,comment,02:11:57.903,Unknown speaker,official,24,6.824999999999818,safety,Safety,0,False,0.0
h1_2025_12_03,h1_2025_12_03_t00261,comment,02:12:18.265,Unknown speaker,public,270,79.59299999999985,safety,Safety,0,False,0.0
h1_2025_12_03,h1_2025_12_03_t00263,comment,02:13:42.609,Unknown speaker,official,237,84.20599999999922,safety,Safety,0,False,0.0
h1_2025_12_03,h1_2025_12_03_t00264,comment,02:15:07.555,Unknown speaker,public,51,23.456999999999425,safety,Safety,0,False,0.0
h1_2025_12_03,h1_2025_12_03_t00265,comment,02:15:31.452,Unknown speaker,public,194,66.26600000000053,safety,Safety,0,False,0.0
h1_2025_12_03,h1_2025_12_03_t00266,comment,02:16:38.759,Unknown speaker,official,37,12.647999999999229,safety,Safety,0,False,0.0
h1_2025_12_03,h1_2025_12_03_t00268,comment,02:16:53.488,Unknown speaker,official,57,20.8020000000015,safety,Safety,0,False,0.0
h1_2025_12_03,h1_2025_12_03_t00269,comment,02:17:17.372,Unknown speaker,official,55,18.153000000000247,safety,Safety,0,False,0.0
h1_2025_12_03,h1_2025_12_03_t00270,comment,02:17:37.322,Unknown speaker,public,127,36.80400000000009,safety,Safety,0,False,0.0
h1_2025_12_03,h1_2025_12_03_t00273,comment,02:18:17.849,Unknown speaker,official,29,8.0049999999992,safety,Safety,0,False,0.0
h1_2025_12_03,h1_2025_12_03_t00275,comment,02:18:26.891,Unknown speaker,official,142,47.452000000001135,safety,Safety,0,False,0.0
h1_2025_12_03,h1_2025_12_03_t00277,comment,02:19:21.536,Unknown speaker,staff,141,53.64400000000023,safety,Safety,0,False,0.0
h1_2025_12_03,h1_2025_12_03_t00278,comment,02:20:18.741,Unknown speaker,staff,112,47.638999999999214,safety,Safety,0,False,0.0
h1_2025_12_03,h1_2025_12_03_t00281,comment,02:21:09.237,Unknown speaker,staff,22,7.483000000000175,safety,Safety,0,False,0.0
h1_2025_12_03,h1_2025_12_03_t00282,comment,02:21:19.861,Unknown speaker,staff,20,5.34099999999853,safety,Safety,0,False,0.0
h1_2025_12_03,h1_2025_12_03_t00283,comment,02:21:34.898,Unknown speaker,staff,117,51.699000000000524,safety,Safety,1,True,0.010626170480449827
h1_2025_12_03,h1_2025_12_03_t00284,comment,02:22:34.085,Unknown speaker,staff,241,115.44000000000051,safety,Safety,1,True,0.007567948868263843
h1_2025_12_03,h1_2025_12_03_t00286,comment,02:24:40.305,Unknown speaker,official,33,9.066999999999098,safety,Safety,0,False,0.0
h1_2025_12_03,h1_2025_12_03_t00287,comment,02:24:52.095,Unknown speaker,staff,471,210.58300000000054,safety,Safety,0,False,0.0
h1_2025_12_03,h1_2025_12_03_t00288,comment,02:28:25.720,Unknown speaker,staff,124,47.85200000000077,safety,Safety,0,False,0.0
h1_2025_12_03,h1_2025_12_03_t00289,comment,02:29:16.689,Unknown speaker,staff,25,12.265999999999622,safety,Safety,0,False,0.0
h1_2025_12_03,h1_2025_12_03_t00297,comment,02:30:12.103,Unknown speaker,consultant,32,15.031000000000859,safety,Safety,0,False,0.0
h1_2025_12_03,h1_2025_12_03_t00298,comment,02:30:30.295,Unknown speaker,consultant,598,218.59900000000016,safety,Safety,1,True,0.005563503629360422
h1_2025_12_03,h1_2025_12_03_t00300,comment,02:34:12.775,Unknown speaker,consultant,607,210.19900000000052,safety,Safety,0,False,0.0
h1_2025_12_03,h1_2025_12_03_t00301,comment,02:37:47.512,Unknown speaker,consultant,775,290.66399999999885,safety,Safety,1,True,0.004811969934421996
h1_2025_12_03,h1_2025_12_03_t00303,comment,02:42:39.237,Unknown speaker,consultant,380,126.00300000000061,safety,Safety,0,False,0.0
h1_2025_12_03,h1_2025_12_03_t00305,comment,02:44:46.400,Unknown speaker,consultant,532,183.47400000000016,safety,Safety,0,False,0.005814140259239116
h1_2025_12_03,h1_2025_12_03_t00306,comment,02:47:49.914,Unknown speaker,official,81,28.02599999999984,safety,Safety,0,False,0.0
h1_2025_12_03,h1_2025_12_03_t00307,comment,02:48:18.709,Unknown speaker,unknown,114,28.9479999999985,safety,Safety,0,False,0.0
h1_2025_12_03,h1_2025_12_03_t00308,comment,02:48:48.247,Unknown speaker,official,108,41.73999999999978,safety,Safety,0,False,0.0
h1_2025_12_03,h1_2025_12_03_t00309,comment,02:49:33.028,Unknown speaker,official,20,9.16399999999885,safety,Safety,0,False,0.0
h1_2025_12_03,h1_2025_12_03_t00311,comment,02:49:46.417,Unknown speaker,official,78,39.70800000000054,safety,Safety,0,False,0.0
h1_2025_12_03,h1_2025_12_03_t00313,comment,02:50:27.825,Unknown speaker,official,30,14.167999999999665,safety,Safety,0,False,0.0
h1_2025_12_03,h1_2025_12_03_t00314,comment,02:50:44.580,Unknown speaker,staff,212,98.42900000000009,safety,Safety,0,False,0.0
h1_2025_12_03,h1_2025_12_03_t00315,comment,02:52:23.249,Unknown speaker,official,77,31.99699999999939,safety,Safety,0,False,0.0
h1_2025_12_03,h1_2025_12_03_t00318,comment,02:53:04.913,Unknown speaker,staff,66,27.462999999999738,safety,Safety,0,False,0.0
h1_2025_12_03,h1_2025_12_03_t00321,comment,02:53:45.206,Unknown speaker,staff,91,36.55799999999908,safety,Safety,0,False,0.0
h1_2025_12_03,h1_2025_12_03_t00326,comment,02:54:35.691,Unknown speaker,official,28,6.222999999999956,safety,Safety,0,False,0.0
h1_2025_12_03,h1_2025_12_03_t00327,comment,02:54:42.414,Unknown speaker,official,26,12.417999999999665,safety,Safety,0,False,0.0
h1_2025_12_03,h1_2025_12_03_t00330,comment,02:55:06.161,Unknown speaker,official,105,33.48899999999958,safety,Safety,0,False,0.0
h1_2025_12_03,h1_2025_12_03_t00331,comment,02:55:39.670,Unknown speaker,staff,26,11.962999999999738,safety,Safety,0,False,0.0
h1_2025_12_03,h1_2025_12_03_t00334,comment,02:56:04.983,Unknown speaker,official,139,54.615999999999985,safety,Safety,0,False,0.0
h1_2025_12_03,h1_2025_12_03_t00335,comment,02:56:59.759,Unknown speaker,consultant,20,4.743000000000393,safety,Safety,0,False,0.0
h1_2025_12_03,h1_2025_12_03_t00338,comment,02:57:13.788,Unknown speaker,official,20,5.502999999998792,safety,Safety,0,False,0.0
h1_2025_12_03,h1_2025_12_03_t00339,comment,02:57:19.731,Unknown speaker,consultant,18,8.585000000000946,safety,Safety,0,False,0.0
h1_2025_12_03,h1_2025_12_03_t00341,comment,02:57:35.020,Unknown speaker,consultant,337,131.6279999999988,safety,Safety,0,False,0.0
h1_2025_12_03,h1_2025_12_03_t00342,comment,02:59:46.668,Unknown speaker,official,56,22.02100000000064,safety,Safety,0,False,0.0
h1_2025_12_03,h1_2025_12_03_t00343,comment,03:00:09.710,Unknown speaker,consultant,122,39.27000000000044,safety,Safety,0,False,0.0
h1_2025_12_03,h1_2025_12_03_t00344,comment,03:00:49.000,Unknown speaker,official,57,17.222999999999956,safety,Safety,0,False,0.0
h1_2025_12_03,h1_2025_12_03_t00345,comment,03:01:07.363,Unknown speaker,consultant,71,21.394000000000233,safety,Safety,0,False,0.0
h1_2025_12_03,h1_2025_12_03_t00348,comment,03:01:43.332,Unknown speaker,official,74,35.02000000000044,safety,Safety,0,False,0.0
h1_2025_12_03,h1_2025_12_03_t00349,comment,03:02:19.298,Unknown speaker,staff,193,64.02899999999863,safety,Safety,0,False,0.0
h1_2025_12_03,h1_2025_12_03_t00350,comment,03:03:23.647,Unknown speaker,official,27,14.766999999999825,safety,Safety,0,False,0.0
h1_2025_12_03,h1_2025_12_03_t00351,comment,03:03:39.434,Unknown speaker,staff,62,18.585000000000946,safety,Safety,0,False,0.0
h1_2025_12_03,h1_2025_12_03_t00352,comment,03:03:58.399,Unknown speaker,official,22,6.023000000001048,safety,Safety,0,False,0.0
h1_2025_12_03,h1_2025_12_03_t00359,comment,03:04:22.820,Unknown speaker,official,53,23.971999999999753,safety,Safety,0,False,0.0
h1_2025_12_03,h1_2025_12_03_t00361,comment,03:04:51.313,Unknown speaker,official,64,24.913000000000466,safety,Safety,0,False,0.0
h1_2025_12_03,h1_2025_12_03_t00362,comment,03:05:16.466,Unknown speaker,consultant,60,20.41899999999987,safety,Safety,0,False,0.0
h1_2025_12_03,h1_2025_12_03_t00366,comment,03:05:45.281,Unknown speaker,consultant,26,9.02599999999984,safety,Safety,0,False,0.0
h1_2025_12_03,h1_2025_12_03_t00367,comment,03:05:54.707,Unknown speaker,official,140,58.11800000000039,safety,Safety,0,False,0.0
h1_2025_12_03,h1_2025_12_03_t00368,comment,03:06:53.445,Unknown speaker,consultant,410,153.02900000000045,safety,Safety,1,True,0.00688242116102357
h1_2025_12_03,h1_2025_12_03_t00369,comment,03:09:26.594,Unknown speaker,official,59,17.10699999999997,safety,Safety,0,False,0.0
h1_2025_12_03,h1_2025_12_03_t00372,comment,03:10:28.331,Unknown speaker,official,50,13.825000000000728,safety,Safety,0,False,0.0
h1_2025_12_03,h1_2025_12_03_t00373,comment,03:10:47.359,Unknown speaker,official,22,6.403000000000247,safety,Safety,0,False,0.0
h1_2025_12_03,h1_2025_12_03_t00375,comment,03:11:46.983,Unknown speaker,official,18,9.604999999999563,safety,Safety,0,False,0.0
h1_2025_12_03,h1_2025_12_03_t00378,comment,03:12:00.191,Unknown speaker,unknown,513,193.80099999999948,safety,Safety,0,False,0.0
h1_2025_12_03,h1_2025_12_03_t00383,comment,03:16:06.004,Unknown speaker,public,185,65.33699999999953,safety,Safety,0,False,0.0
h1_2025_12_03,h1_2025_12_03_t00386,comment,03:17:31.262,Unknown speaker,public,389,127.04399999999987,safety,Safety,0,False,0.010738485414739672
h1_2025_12_03,h1_2025_12_03_t00392,comment,03:20:49.879,Unknown speaker,official,101,46.93499999999949,safety,Safety,0,False,0.0
h1_2025_12_03,h1_2025_12_03_t00393,comment,03:21:37.214,Unknown speaker,developer,51,20.046000000000276,safety,Safety,1,True,0.022215030909520702
h1_2025_12_03,h1_2025_12_03_t00394,comment,03:21:57.280,Unknown speaker,official,60,30.307999999999083,safety,Safety,0,False,0.0
h1_2025_12_03,h1_2025_12_03_t00395,comment,03:22:27.868,Unknown speaker,developer,70,24.066999999999098,safety,Safety,0,False,0.0
h1_2025_12_03,h1_2025_12_03_t00397,comment,03:22:53.277,Unknown speaker,developer,19,4.962999999999738,safety,Safety,0,False,0.0
h1_2025_12_03,h1_2025_12_03_t00398,comment,03:22:58.261,Unknown speaker,official,183,56.23400000000038,safety,Safety,0,False,0.0
h1_2025_12_03,h1_2025_12_03_t00399,comment,03:23:55.744,Unknown speaker,developer,100,27.995999999999185,safety,Safety,0,False,0.0
h1_2025_12_03,h1_2025_12_03_t00400,comment,03:24:24.260,Unknown speaker,official,54,20.050999999999476,safety,Safety,0,False,0.0
h1_2025_12_03,h1_2025_12_03_t00404,comment,03:25:06.229,Unknown speaker,official,147,53.71600000000035,safety,Safety,0,False,0.0
h1_2025_12_03,h1_2025_12_03_t00406,comment,03:26:11.069,Unknown speaker,official,121,43.65099999999984,safety,Safety,0,False,0.0
h1_2025_12_03,h1_2025_12_03_t00408,comment,03:26:59.193,Unknown speaker,official,40,12.268000000000029,safety,Safety,0,False,0.0
h1_2025_12_03,h1_2025_12_03_t00410,comment,03:27:21.227,Unknown speaker,official,46,17.282999999999447,safety,Safety,0,False,0.0
h1_2025_12_03,h1_2025_12_03_t00412,comment,03:27:41.072,Unknown speaker,official,81,39.215000000000146,safety,Safety,0,False,0.0
h1_2025_12_03,h1_2025_12_03_t00413,comment,03:28:22.826,Unknown speaker,developer,34,14.911000000000058,safety,Safety,0,False,0.0
h1_2025_12_03,h1_2025_12_03_t00414,comment,03:28:37.757,Unknown speaker,developer,125,54.54500000000007,safety,Safety,0,False,0.0
h1_2025_12_03,h1_2025_12_03_t00415,comment,03:29:32.785,Unknown speaker,official,30,13.668999999999869,safety,Safety,0,False,0.0
h1_2025_12_03,h1_2025_12_03_t00416,comment,03:29:46.474,Unknown speaker,developer,50,19.674999999999272,safety,Safety,0,False,0.0
h1_2025_12_03,h1_2025_12_03_t00418,comment,03:30:12.153,Unknown speaker,developer,48,17.064000000000306,safety,Safety,0,False,0.0
h1_2025_12_03,h1_2025_12_03_t00419,comment,03:30:29.237,Unknown speaker,official,27,8.782000000001062,safety,Safety,0,False,0.0
h1_2025_12_03,h1_2025_12_03_t00420,comment,03:30:40.060,Unknown speaker,developer,30,9.125,safety,Safety,0,False,0.0
h1_2025_12_03,h1_2025_12_03_t00421,comment,03:30:49.905,Unknown speaker,official,109,43.862999999999374,safety,Safety,0,False,0.0
h1_2025_12_03,h1_2025_12_03_t00422,comment,03:31:42.322,Unknown speaker,public,294,107.9989999999998,safety,Safety,0,False,0.0068547306877604
h1_2025_12_03,h1_2025_12_03_t00425,comment,03:33:42.785,Unknown speaker,official,54,17.82600000000093,safety,Safety,0,False,0.0
h1_2025_12_03,h1_2025_12_03_t00426,comment,03:34:00.651,Unknown speaker,developer,23,7.143000000000029,safety,Safety,0,False,0.0
h1_2025_12_03,h1_2025_12_03_t00431,comment,03:34:34.392,Unknown speaker,public,627,186.8099999999995,safety,Safety,1,True,0.004547297739502771
h1_2025_12_03,h1_2025_12_03_t00435,comment,03:38:10.771,Unknown speaker,public,438,162.40200000000004,safety,Safety,1,True,0.004980198475132475
h1_2025_12_03,h1_2025_12_03_t00438,comment,03:41:08.792,Unknown speaker,official,34,15.713999999999942,safety,Safety,0,False,0.0
h1_2025_12_03,h1_2025_12_03_t00439,comment,03:41:28.451,Unknown speaker,developer,44,17.355000000001382,safety,Safety,0,False,0.0
h1_2025_12_03,h1_2025_12_03_t00440,comment,03:41:47.047,Unknown speaker,official,25,9.028000000000247,safety,Safety,0,False,0.0
h1_2025_12_03,h1_2025_12_03_t00442,comment,03:42:05.138,Unknown speaker,official,40,17.531999999999243,safety,Safety,0,False,0.0
h1_2025_12_03,h1_2025_12_03_t00443,comment,03:42:24.871,Unknown speaker,developer,57,21.822000000000116,safety,Safety,0,False,0.0
h1_2025_12_03,h1_2025_12_03_t00444,comment,03:42:52.558,Unknown speaker,official,81,29.738999999999578,safety,Safety,0,False,0.0
h1_2025_12_03,h1_2025_12_03_t00445,comment,03:43:23.057,Unknown speaker,official,25,12.682999999999083,safety,Safety,0,False,0.0
h1_2025_12_03,h1_2025_12_03_t00449,comment,03:43:44.222,Unknown speaker,official,20,7.541000000001077,safety,Safety,0,False,0.0
h1_2025_12_03,h1_2025_12_03_t00453,comment,03:44:05.656,Unknown speaker,public,595,188.4399999999987,safety,Safety,0,False,0.0
h1_2025_12_03,h1_2025_12_03_t00457,comment,03:47:25.241,Unknown speaker,official,24,7.543999999999869,safety,Safety,0,False,0.0
h1_2025_12_03,h1_2025_12_03_t00459,comment,03:48:00.917,Unknown speaker,public,480,154.53100000000086,safety,Safety,1,True,0.008264977195156545
h1_2025_12_03,h1_2025_12_03_t00461,comment,03:50:48.656,Unknown speaker,official,32,30.894999999998618,safety,Safety,0,False,0.0
h1_2025_12_03,h1_2025_12_03_t00462,comment,03:51:25.678,Unknown speaker,public,78,25.391999999999825,safety,Safety,0,False,0.0
h1_2025_12_03,h1_2025_12_03_t00464,comment,03:51:55.905,Unknown speaker,public,391,122.66399999999885,safety,Safety,0,False,0.0
h1_2025_12_03,h1_2025_12_03_t00468,comment,03:54:18.801,Unknown speaker,official,73,30.632000000001426,safety,Safety,0,False,0.0
h1_2025_12_03,h1_2025_12_03_t00469,comment,03:54:52.615,Unknown speaker,official,216,92.44000000000051,safety,Safety,0,False,0.0
h1_2025_12_03,h1_2025_12_03_t00470,comment,03:56:25.875,Unknown speaker,developer,111,35.2549999999992,safety,Safety,0,False,0.0
h1_2025_12_03,h1_2025_12_03_t00471,comment,03:57:01.565,Unknown speaker,official,109,40.052999999999884,safety,Safety,0,False,0.0
h1_2025_12_03,h1_2025_12_03_t00472,comment,03:57:41.958,Unknown speaker,developer,391,115.35399999999936,safety,Safety,0,False,0.0
h1_2025_12_03,h1_2025_12_03_t00473,comment,03:59:37.832,Unknown speaker,official,44,17.93499999999949,safety,Safety,0,False,0.0
h1_2025_12_03,h1_2025_12_03_t00474,comment,03:59:56.528,Unknown speaker,developer,170,57.065999999998894,safety,Safety,0,False,0.0
h1_2025_12_03,h1_2025_12_03_t00475,comment,04:00:54.395,Unknown speaker,official,60,21.610999999998967,safety,Safety,0,False,0.0
h1_2025_12_03,h1_2025_12_03_t00476,comment,04:01:19.133,Unknown speaker,official,77,30.550999999999476,safety,Safety,0,False,0.0
h1_2025_12_03,h1_2025_12_03_t00477,comment,04:01:50.344,Unknown speaker,official,22,10.743000000000393,safety,Safety,0,False,0.0
h1_2025_12_03,h1_2025_12_03_t00479,comment,04:02:05.389,Unknown speaker,official,44,19.53900000000067,safety,Safety,0,False,0.0
h1_2025_12_03,h1_2025_12_03_t00482,comment,04:02:39.710,Unknown speaker,public,453,125.11599999999999,safety,Safety,0,False,0.0
h1_2025_12_03,h1_2025_12_03_t00485,comment,04:05:17.484,Unknown speaker,public,26,16.549999999999272,safety,Safety,0,False,0.0
h1_2025_12_03,h1_2025_12_03_t00486,comment,04:05:45.966,Unknown speaker,public,63,17.495999999999185,safety,Safety,0,False,0.0
h1_2025_12_03,h1_2025_12_03_t00488,comment,04:06:12.598,Unknown speaker,public,181,87.03900000000067,safety,Safety,0,False,0.0
h1_2025_12_03,h1_2025_12_03_t00492,comment,04:08:08.178,Unknown speaker,official,114,45.42200000000048,safety,Safety,0,False,0.0
h1_2025_12_03,h1_2025_12_03_t00493,comment,04:08:53.997,Unknown speaker,developer,207,71.6200000000008,safety,Safety,0,False,0.0
h1_2025_12_03,h1_2025_12_03_t00498,comment,04:11:04.352,Unknown speaker,public,394,165.39699999999903,safety,Safety,0,False,0.0
h1_2025_12_03,h1_2025_12_03_t00503,comment,04:14:27.511,Unknown speaker,public,347,154.72899999999936,safety,Safety,1,True,0.007668023942621239
h1_2025_12_03,h1_2025_12_03_t00504,comment,04:17:05.289,Unknown speaker,public,95,34.22599999999875,safety,Safety,0,False,0.0
h1_2025_12_03,h1_2025_12_03_t00506,comment,04:17:41.796,Unknown speaker,public,21,9.324999999998909,safety,Safety,0,False,0.0
h1_2025_12_03,h1_2025_12_03_t00512,comment,04:18:21.087,Unknown speaker,official,67,26.298000000000684,safety,Safety,0,False,0.0
h1_2025_12_03,h1_2025_12_03_t00513,comment,04:18:49.786,Unknown speaker,consultant,127,50.04899999999907,safety,Safety,0,False,0.0
h1_2025_12_03,h1_2025_12_03_t00517,comment,04:20:10.053,Unknown speaker,public,207,81.13400000000001,safety,Safety,0,False,0.0
h1_2025_12_03,h1_2025_12_03_t00518,comment,04:21:38.792,Unknown speaker,public,244,77.89600000000064,safety,Safety,0,False,0.0
h1_2025_12_03,h1_2025_12_03_t00519,comment,04:22:59.949,Unknown speaker,public,110,38.42699999999968,safety,Safety,0,False,0.0
h1_2025_12_03,h1_2025_12_03_t00521,comment,04:23:41.077,Unknown speaker,public,336,103.55400000000009,safety,Safety,0,False,0.0
h1_2025_12_03,h1_2025_12_03_t00522,comment,04:25:30.514,Unknown speaker,official,129,50.5580000000009,safety,Safety,0,False,0.0
h1_2025_12_03,h1_2025_12_03_t00523,comment,04:26:23.031,Unknown speaker,official,64,25.540999999999258,safety,Safety,0,False,0.0
h1_2025_12_03,h1_2025_12_03_t00524,comment,04:26:50.842,Unknown speaker,developer,49,14.506999999999607,safety,Safety,0,False,0.0
h1_2025_12_03,h1_2025_12_03_t00525,comment,04:27:08.710,Unknown speaker,developer,59,24.106000000001586,safety,Safety,0,False,0.0
h1_2025_12_03,h1_2025_12_03_t00528,comment,04:27:43.189,Unknown speaker,official,70,28.11199999999917,safety,Safety,1,True,0.06875141781645522
h1_2025_12_03,h1_2025_12_03_t00529,comment,04:28:12.882,Unknown speaker,developer,100,35.486000000000786,safety,Safety,2,True,0.02178973301826371
h1_2025_12_03,h1_2025_12_03_t00530,comment,04:28:52.905,Unknown speaker,official,23,9.646999999999025,safety,Safety,0,False,0.0
h1_2025_12_03,h1_2025_12_03_t00531,comment,04:29:06.515,Unknown speaker,official,52,11.708000000000538,safety,Safety,0,False,0.0
h1_2025_12_03,h1_2025_12_03_t00532,comment,04:29:19.122,Unknown speaker,official,67,23.51300000000083,safety,Safety,0,False,0.0
h1_2025_12_03,h1_2025_12_03_t00533,comment,04:29:55.933,Unknown speaker,official,96,23.789999999999054,safety,Safety,0,False,0.0
h1_2025_12_03,h1_2025_12_03_t00534,comment,04:30:19.983,Unknown speaker,official,64,18.88500000000022,safety,Safety,0,False,0.0
h1_2025_12_03,h1_2025_12_03_t00537,comment,04:30:43.454,Unknown speaker,public,74,21.754000000000815,safety,Safety,0,False,0.0
h1_2025_12_03,h1_2025_12_03_t00538,comment,04:31:08.452,Unknown speaker,public,516,162.8720000000012,safety,Safety,0,False,0.0
h1_2025_12_03,h1_2025_12_03_t00539,comment,04:33:55.655,Unknown speaker,public,43,13.488000000001193,safety,Safety,0,False,0.0
h1_2025_12_03,h1_2025_12_03_t00540,comment,04:34:09.443,Unknown speaker,official,59,18.114000000001397,safety,Safety,0,False,0.0
h1_2025_12_03,h1_2025_12_03_t00545,comment,04:34:48.586,Unknown speaker,public,225,80.22400000000198,safety,Safety,1,True,0.014697681726503587
h1_2025_12_03,h1_2025_12_03_t00546,comment,04:36:08.830,Unknown speaker,official,29,10.568999999999505,safety,Safety,0,False,0.0
h1_2025_12_03,h1_2025_12_03_t00547,comment,04:36:19.599,Unknown speaker,public,168,57.21700000000055,safety,Safety,1,True,0.01341638016793517
h1_2025_12_03,h1_2025_12_03_t00548,comment,04:37:17.497,Unknown speaker,official,18,4.843000000000757,safety,Safety,0,False,0.0
h1_2025_12_03,h1_2025_12_03_t00550,comment,04:37:23.061,Unknown speaker,official,39,13.309999999997672,safety,Safety,0,False,0.0
h1_2025_12_03,h1_2025_12_03_t00551,comment,04:37:39.034,Unknown speaker,official,23,5.564000000002125,safety,Safety,0,False,0.0
h1_2025_12_03,h1_2025_12_03_t00553,comment,04:37:46.980,Unknown speaker,developer,201,67.63200000000143,safety,Safety,0,False,0.0
h1_2025_12_03,h1_2025_12_03_t00554,comment,04:38:55.645,Unknown speaker,official,45,18.955999999998312,safety,Safety,0,False,0.0
h1_2025_12_03,h1_2025_12_03_t00555,comment,04:39:14.781,Unknown speaker,developer,210,75.52700000000186,safety,Safety,1,True,0.013828987919699071
h1_2025_12_03,h1_2025_12_03_t00557,comment,04:40:41.472,Unknown speaker,official,55,21.534999999999854,safety,Safety,0,False,0.0
h1_2025_12_03,h1_2025_12_03_t00563,comment,04:41:14.780,Unknown speaker,official,20,5.3840000000018335,safety,Safety,0,False,0.0
h1_2025_12_03,h1_2025_12_03_t00564,comment,04:41:23.827,Unknown speaker,official,21,7.024999999997817,safety,Safety,0,False,0.0
h1_2025_12_03,h1_2025_12_03_t00566,comment,04:44:28.206,Unknown speaker,official,32,23.51800000000003,safety,Safety,0,False,0.0
h1_2025_12_03,h1_2025_12_03_t00568,comment,04:45:01.564,Unknown speaker,public,415,132.34800000000178,safety,Safety,1,True,0.005714270194282048
h2_2026_03_23,h2_2026_03_23_t00001,comment,00:00:00.945,Unknown speaker,public,67,19.407,safety,Safety,0,False,0.0
h2_2026_03_23,h2_2026_03_23_t00003,comment,00:00:29.619,Unknown speaker,official,30,6.783000000000001,safety,Safety,0,False,0.0
h2_2026_03_23,h2_2026_03_23_t00005,comment,00:00:37.823,Unknown speaker,official,40,17.109,safety,Safety,0,False,0.0
h2_2026_03_23,h2_2026_03_23_t00008,comment,00:01:14.507,Unknown speaker,staff,34,21.808999999999997,safety,Safety,0,False,0.0
h2_2026_03_23,h2_2026_03_23_t00016,comment,00:01:44.715,Unknown speaker,staff,20,17.230999999999995,safety,Safety,0,False,0.0
h2_2026_03_23,h2_2026_03_23_t00025,comment,00:03:57.985,Unknown speaker,staff,22,13.044999999999987,safety,Safety,0,False,0.0
h2_2026_03_23,h2_2026_03_23_t00038,comment,00:04:35.603,Unknown speaker,official,54,17.882000000000005,safety,Safety,0,False,0.0
h2_2026_03_23,h2_2026_03_23_t00041,comment,00:05:05.654,Unknown speaker,official,257,80.565,safety,Safety,0,False,0.0
h2_2026_03_23,h2_2026_03_23_t00043,comment,00:07:25.742,Unknown speaker,official,23,13.988,safety,Safety,0,False,0.0
h2_2026_03_23,h2_2026_03_23_t00044,comment,00:07:53.333,Unknown speaker,official,65,22.984999999999957,safety,Safety,0,False,0.0
h2_2026_03_23,h2_2026_03_23_t00045,comment,00:08:19.765,Unknown speaker,official,201,73.79700000000003,safety,Safety,0,False,0.0
h2_2026_03_23,h2_2026_03_23_t00047,comment,00:11:30.417,Unknown speaker,official,187,65.553,safety,Safety,0,False,0.0
h2_2026_03_23,h2_2026_03_23_t00076,comment,00:14:50.074,Unknown speaker,official,29,9.605999999999995,safety,Safety,0,False,0.0
h2_2026_03_23,h2_2026_03_23_t00077,comment,00:15:07.426,Unknown speaker,developer,32,6.846000000000004,safety,Safety,0,False,0.0
h2_2026_03_23,h2_2026_03_23_t00078,comment,00:15:21.198,Unknown speaker,developer,1388,451.5079999999999,safety,Safety,0,False,0.0
h2_2026_03_23,h2_2026_03_23_t00079,comment,00:23:06.831,Unknown speaker,developer,388,131.16600000000017,safety,Safety,6,True,0.01906805379533553
h2_2026_03_23,h2_2026_03_23_t00082,comment,00:25:32.668,Unknown speaker,official,21,8.125,safety,Safety,0,False,0.0
h2_2026_03_23,h2_2026_03_23_t00083,comment,00:25:43.034,Unknown speaker,public,679,317.49599999999987,safety,Safety,6,True,0.026199613570376413
h2_2026_03_23,h2_2026_03_23_t00084,comment,00:31:13.089,Unknown speaker,official,43,17.923999999999978,safety,Safety,0,False,0.0
h2_2026_03_23,h2_2026_03_23_t00085,comment,00:31:33.554,Unknown speaker,public,696,264.3489999999997,safety,Safety,4,True,0.015933304542081316
h2_2026_03_23,h2_2026_03_23_t00086,comment,00:36:05.439,Unknown speaker,official,22,11.62900000000036,safety,Safety,0,False,0.0
h2_2026_03_23,h2_2026_03_23_t00087,comment,00:36:17.128,Unknown speaker,consultant,544,196.06399999999985,safety,Safety,0,False,0.0
h2_2026_03_23,h2_2026_03_23_t00090,comment,00:39:52.808,Unknown speaker,developer,564,225.8470000000002,safety,Safety,3,True,0.018661550911792182
h2_2026_03_23,h2_2026_03_23_t00091,comment,00:43:44.657,Unknown speaker,developer,18,4.40099999999984,safety,Safety,0,False,0.0
h2_2026_03_23,h2_2026_03_23_t00092,comment,00:43:49.518,Unknown speaker,official,19,7.201999999999771,safety,Safety,0,False,0.0
h2_2026_03_23,h2_2026_03_23_t00093,comment,00:44:08.182,Unknown speaker,public,204,90.89100000000008,safety,Safety,2,True,0.012447896019451994
h2_2026_03_23,h2_2026_03_23_t00094,comment,00:45:42.797,Unknown speaker,public,251,105.60300000000007,safety,Safety,0,False,0.0
h2_2026_03_23,h2_2026_03_23_t00095,comment,00:47:31.903,Unknown speaker,public,261,112.9050000000002,safety,Safety,0,False,0.0
h2_2026_03_23,h2_2026_03_23_t00096,comment,00:49:39.329,Unknown speaker,public,19,12.385999999999967,safety,Safety,0,False,0.0
h2_2026_03_23,h2_2026_03_23_t00098,comment,00:49:54.116,Unknown speaker,public,27,8.123999999999796,safety,Safety,0,False,0.0
h2_2026_03_23,h2_2026_03_23_t00102,comment,00:50:22.043,Unknown speaker,public,42,17.20699999999988,safety,Safety,0,False,0.0
h2_2026_03_23,h2_2026_03_23_t00103,comment,00:50:43.231,Unknown speaker,public,354,116.6859999999997,safety,Safety,2,True,0.0
h2_2026_03_23,h2_2026_03_23_t00104,comment,00:52:44.451,Unknown speaker,public,72,30.286000000000058,safety,Safety,0,False,0.0
h2_2026_03_23,h2_2026_03_23_t00106,comment,00:53:28.809,Unknown speaker,public,103,36.8149999999996,safety,Safety,0,False,0.0
h2_2026_03_23,h2_2026_03_23_t00108,comment,00:54:51.299,Unknown speaker,developer,112,37.84400000000005,safety,Safety,0,False,0.0
h2_2026_03_23,h2_2026_03_23_t00109,comment,00:55:36.913,Unknown speaker,public,531,203.13499999999976,safety,Safety,0,False,0.0
h2_2026_03_23,h2_2026_03_23_t00110,comment,00:59:09.083,Unknown speaker,official,20,9.324999999999818,safety,Safety,0,False,0.0
h2_2026_03_23,h2_2026_03_23_t00112,comment,00:59:22.791,Unknown speaker,public,192,78.27700000000004,safety,Safety,0,False,0.0
h2_2026_03_23,h2_2026_03_23_t00113,comment,01:00:45.550,Unknown speaker,public,38,20.143999999999778,safety,Safety,0,False,0.0
h2_2026_03_23,h2_2026_03_23_t00114,comment,01:01:07.516,Unknown speaker,official,29,10.88799999999992,safety,Safety,0,False,0.0
h2_2026_03_23,h2_2026_03_23_t00115,comment,01:01:19.545,Unknown speaker,public,41,16.02500000000009,safety,Safety,0,False,0.0
h2_2026_03_23,h2_2026_03_23_t00116,comment,01:01:47.333,Unknown speaker,public,367,129.9670000000001,safety,Safety,0,False,0.0
h2_2026_03_23,h2_2026_03_23_t00117,comment,01:04:05.896,Unknown speaker,developer,25,5.9669999999996435,safety,Safety,0,False,0.0
h2_2026_03_23,h2_2026_03_23_t00119,comment,01:04:22.234,Unknown speaker,public,571,233.50199999999995,safety,Safety,0,False,0.0
h2_2026_03_23,h2_2026_03_23_t00120,comment,01:08:19.138,Unknown speaker,public,319,98.90599999999995,safety,Safety,0,False,0.0
h2_2026_03_23,h2_2026_03_23_t00121,comment,01:10:06.860,Unknown speaker,public,339,151.1230000000005,safety,Safety,4,True,0.013468561130890547
h2_2026_03_23,h2_2026_03_23_t00122,comment,01:12:41.145,Unknown speaker,public,25,11.359999999999673,safety,Safety,0,False,0.0
h2_2026_03_23,h2_2026_03_23_t00124,comment,01:12:54.747,Unknown speaker,public,78,34.764000000000124,safety,Safety,0,False,0.0
h2_2026_03_23,h2_2026_03_23_t00125,comment,01:13:39.600,Unknown speaker,public,107,52.714999999999236,safety,Safety,0,False,0.0
h2_2026_03_23,h2_2026_03_23_t00126,comment,01:14:34.777,Unknown speaker,official,31,19.141999999999825,safety,Safety,0,False,0.0
h2_2026_03_23,h2_2026_03_23_t00127,comment,01:15:02.172,Unknown speaker,official,394,182.53100000000086,safety,Safety,0,False,0.0
h2_2026_03_23,h2_2026_03_23_t00129,comment,01:18:10.546,Unknown speaker,official,133,47.32799999999952,safety,Safety,0,False,0.0
h2_2026_03_23,h2_2026_03_23_t00130,comment,01:18:58.534,Unknown speaker,official,141,55.48400000000038,safety,Safety,0,False,0.0
h2_2026_03_23,h2_2026_03_23_t00132,comment,01:20:10.149,Unknown speaker,official,88,41.20299999999952,safety,Safety,0,False,0.0
h2_2026_03_23,h2_2026_03_23_t00134,comment,01:21:06.512,Unknown speaker,official,21,7.806000000000495,safety,Safety,0,False,0.0
h2_2026_03_23,h2_2026_03_23_t00135,comment,01:21:18.461,Unknown speaker,public,334,122.83500000000004,safety,Safety,2,True,0.008695631090490801
h2_2026_03_23,h2_2026_03_23_t00137,comment,01:23:31.700,Unknown speaker,public,139,53.738000000000284,safety,Safety,0,False,0.0
h2_2026_03_23,h2_2026_03_23_t00141,comment,01:24:29.760,Unknown speaker,public,91,36.259000000000015,safety,Safety,0,False,0.0
h2_2026_03_23,h2_2026_03_23_t00142,comment,01:25:09.881,Unknown speaker,public,58,23.829999999999927,safety,Safety,0,False,0.0
h2_2026_03_23,h2_2026_03_23_t00145,comment,01:25:52.996,Unknown speaker,public,323,126.17799999999988,safety,Safety,0,False,0.0
h2_2026_03_23,h2_2026_03_23_t00147,comment,01:28:12.341,Unknown speaker,public,160,84.5630000000001,safety,Safety,4,True,0.03952228618651928
h2_2026_03_23,h2_2026_03_23_t00151,comment,01:29:51.221,Unknown speaker,public,285,122.87800000000061,safety,Safety,1,True,0.008448906003791534
h2_2026_03_23,h2_2026_03_23_t00153,comment,01:32:02.783,Unknown speaker,public,103,38.107999999999265,safety,Safety,0,False,0.0
h2_2026_03_23,h2_2026_03_23_t00154,comment,01:32:44.894,Unknown speaker,public,188,67.29599999999937,safety,Safety,0,False,0.00803887246917014
h2_2026_03_23,h2_2026_03_23_t00156,comment,01:34:03.098,Unknown speaker,public,213,67.63799999999992,safety,Safety,0,False,0.008486996861693206
h2_2026_03_23,h2_2026_03_23_t00158,comment,01:35:13.668,Unknown speaker,public,256,85.51600000000053,safety,Safety,0,False,0.0
h2_2026_03_23,h2_2026_03_23_t00159,comment,01:36:42.583,Unknown speaker,public,110,29.105000000000473,safety,Safety,0,False,0.0
h2_2026_03_23,h2_2026_03_23_t00161,comment,01:37:28.177,Unknown speaker,public,329,121.25,safety,Safety,2,True,0.0
h2_2026_03_23,h2_2026_03_23_t00163,comment,01:39:38.434,Unknown speaker,official,111,43.64499999999953,safety,Safety,5,True,0.025088901166868908
h2_2026_03_23,h2_2026_03_23_t00165,comment,01:40:30.186,Unknown speaker,public,267,80.5590000000002,safety,Safety,0,False,0.0
h2_2026_03_23,h2_2026_03_23_t00167,comment,01:41:56.843,Unknown speaker,public,130,32.284999999999854,safety,Safety,0,False,0.0
h2_2026_03_23,h2_2026_03_23_t00170,comment,01:42:36.670,Unknown speaker,public,318,122.0010000000002,safety,Safety,0,False,0.0
h2_2026_03_23,h2_2026_03_23_t00173,comment,01:44:52.200,Unknown speaker,public,397,121.54700000000048,safety,Safety,0,False,0.0
h2_2026_03_23,h2_2026_03_23_t00175,comment,01:47:02.408,Unknown speaker,public,148,45.978000000000065,safety,Safety,0,False,0.0
h2_2026_03_23,h2_2026_03_23_t00177,comment,01:47:49.946,Unknown speaker,public,53,16.34900000000016,safety,Safety,0,False,0.0
h2_2026_03_23,h2_2026_03_23_t00179,comment,01:48:12.995,Unknown speaker,public,203,52.228000000000065,safety,Safety,0,False,0.012771861040562653
h2_2026_03_23,h2_2026_03_23_t00182,comment,01:50:38.532,Unknown speaker,official,21,6.023000000000138,safety,Safety,0,False,0.0
h2_2026_03_23,h2_2026_03_23_t00185,comment,01:50:50.479,Unknown speaker,public,125,45.55000000000018,safety,Safety,0,False,0.0
h2_2026_03_23,h2_2026_03_23_t00186,comment,01:51:39.385,Unknown speaker,public,100,33.246000000000095,safety,Safety,0,False,0.0
h2_2026_03_23,h2_2026_03_23_t00188,comment,01:52:26.139,Unknown speaker,public,366,122.92100000000028,safety,Safety,0,False,0.0
h2_2026_03_23,h2_2026_03_23_t00192,comment,01:54:49.540,Unknown speaker,public,331,106.53099999999995,safety,Safety,0,False,0.0
h2_2026_03_23,h2_2026_03_23_t00194,comment,01:56:38.013,Unknown speaker,public,320,111.95399999999972,safety,Safety,0,False,0.015027347770571915
h2_2026_03_23,h2_2026_03_23_t00195,comment,01:58:33.629,Unknown speaker,public,50,12.54700000000048,safety,Safety,0,False,0.0
h2_2026_03_23,h2_2026_03_23_t00197,comment,01:58:59.124,Unknown speaker,public,202,76.80000000000018,safety,Safety,0,False,0.0
h2_2026_03_23,h2_2026_03_23_t00199,comment,02:00:18.885,Unknown speaker,public,345,125.11200000000008,safety,Safety,0,False,0.00604419968413817
h2_2026_03_23,h2_2026_03_23_t00203,comment,02:02:33.318,Unknown speaker,public,276,94.4960000000001,safety,Safety,0,False,0.0
h2_2026_03_23,h2_2026_03_23_t00205,comment,02:04:17.465,Unknown speaker,public,367,117.6239999999998,safety,Safety,1,True,0.007344613220334957
h2_2026_03_23,h2_2026_03_23_t00206,comment,02:06:24.118,Unknown speaker,public,344,123.44499999999971,safety,Safety,0,False,0.006415080346333959
h2_2026_03_23,h2_2026_03_23_t00208,comment,02:08:34.233,Unknown speaker,public,271,107.03899999999976,safety,Safety,0,False,0.0
h2_2026_03_23,h2_2026_03_23_t00210,comment,02:10:25.802,Unknown speaker,public,438,124.88600000000042,safety,Safety,0,False,0.0
h2_2026_03_23,h2_2026_03_23_t00216,comment,02:12:48.117,Unknown speaker,official,198,60.05400000000009,safety,Safety,0,False,0.0
h2_2026_03_23,h2_2026_03_23_t00218,comment,02:13:57.440,Unknown speaker,public,244,121.01700000000073,safety,Safety,0,False,0.0
h2_2026_03_23,h2_2026_03_23_t00220,comment,02:16:07.642,Unknown speaker,public,164,56.746000000001004,safety,Safety,0,False,0.0
h2_2026_03_23,h2_2026_03_23_t00221,comment,02:17:08.732,Unknown speaker,public,152,63.59900000000016,safety,Safety,0,False,0.0
h2_2026_03_23,h2_2026_03_23_t00224,comment,02:18:36.810,Unknown speaker,public,39,11.483000000000175,safety,Safety,0,False,0.0
h2_2026_03_23,h2_2026_03_23_t00225,comment,02:18:52.414,Unknown speaker,public,117,42.96299999999974,safety,Safety,0,False,0.0
h2_2026_03_23,h2_2026_03_23_t00227,comment,02:19:44.883,Unknown speaker,public,358,118.59499999999935,safety,Safety,0,False,0.0
h2_2026_03_23,h2_2026_03_23_t00229,comment,02:21:51.622,Unknown speaker,public,364,120.67100000000028,safety,Safety,4,True,0.015379335321270627
h2_2026_03_23,h2_2026_03_23_t00231,comment,02:24:03.483,Unknown speaker,public,343,128.45899999999892,safety,Safety,0,False,0.0
h2_2026_03_23,h2_2026_03_23_t00232,comment,02:26:22.468,Unknown speaker,public,262,108.42099999999846,safety,Safety,0,False,0.0
h2_2026_03_23,h2_2026_03_23_t00233,comment,02:28:20.397,Unknown speaker,public,29,7.586999999999534,safety,Safety,0,False,0.0
h2_2026_03_23,h2_2026_03_23_t00236,comment,02:28:45.546,Unknown speaker,public,122,47.190999999998894,safety,Safety,0,False,0.0
h2_2026_03_23,h2_2026_03_23_t00240,comment,02:30:03.124,Unknown speaker,public,39,18.028000000000247,safety,Safety,0,False,0.0
h2_2026_03_23,h2_2026_03_23_t00241,comment,02:30:24.554,Unknown speaker,public,67,20.771999999999025,safety,Safety,0,False,0.0
h2_2026_03_23,h2_2026_03_23_t00242,comment,02:30:48.708,Unknown speaker,public,69,22.47599999999875,safety,Safety,0,False,0.0
h2_2026_03_23,h2_2026_03_23_t00243,comment,02:31:16.906,Unknown speaker,public,54,19.797999999998865,safety,Safety,0,False,0.0
h2_2026_03_23,h2_2026_03_23_t00244,comment,02:31:40.205,Unknown speaker,public,106,45.486000000000786,safety,Safety,0,False,0.0
h2_2026_03_23,h2_2026_03_23_t00245,comment,02:32:28.792,Unknown speaker,public,155,56.12300000000141,safety,Safety,0,False,0.0
h2_2026_03_23,h2_2026_03_23_t00246,comment,02:33:35.039,Unknown speaker,public,119,38.753999999998996,safety,Safety,0,False,0.0
h2_2026_03_23,h2_2026_03_23_t00247,comment,02:34:22.410,Unknown speaker,public,188,60.52000000000044,safety,Safety,0,False,0.0
h2_2026_03_23,h2_2026_03_23_t00248,comment,02:35:24.291,Unknown speaker,official,32,11.703000000001339,safety,Safety,0,False,0.0
h2_2026_03_23,h2_2026_03_23_t00249,comment,02:35:36.314,Unknown speaker,public,47,13.395000000000437,safety,Safety,0,False,0.0
h2_2026_03_23,h2_2026_03_23_t00251,comment,02:35:58.776,Unknown speaker,public,336,96.7569999999996,safety,Safety,3,True,0.012544221572842061
h2_2026_03_23,h2_2026_03_23_t00252,comment,02:37:46.420,Unknown speaker,public,394,124.3130000000001,safety,Safety,0,False,0.0
h2_2026_03_23,h2_2026_03_23_t00254,comment,02:40:07.442,Unknown speaker,public,296,97.35000000000036,safety,Safety,0,False,0.0
h2_2026_03_23,h2_2026_03_23_t00255,comment,02:41:56.973,Unknown speaker,public,293,121.45299999999952,safety,Safety,0,False,0.0
h2_2026_03_23,h2_2026_03_23_t00256,comment,02:44:11.429,Unknown speaker,public,361,125.53199999999924,safety,Safety,1,True,0.009628107701298811
h2_2026_03_23,h2_2026_03_23_t00259,comment,02:46:27.462,Unknown speaker,public,118,39.10699999999997,safety,Safety,0,False,0.0
h2_2026_03_23,h2_2026_03_23_t00260,comment,02:47:15.502,Unknown speaker,public,375,115.27499999999964,safety,Safety,0,False,0.0
h2_2026_03_23,h2_2026_03_23_t00261,comment,02:49:20.020,Unknown speaker,public,186,62.608000000000175,safety,Safety,0,False,0.0
h2_2026_03_23,h2_2026_03_23_t00262,comment,02:50:32.868,Unknown speaker,public,187,74.06999999999971,safety,Safety,0,False,0.0
h2_2026_03_23,h2_2026_03_23_t00263,comment,02:51:57.704,Unknown speaker,public,283,75.42100000000028,safety,Safety,0,False,0.0
h2_2026_03_23,h2_2026_03_23_t00264,comment,02:53:21.892,Unknown speaker,public,343,111.0640000000003,safety,Safety,0,False,0.0
h2_2026_03_23,h2_2026_03_23_t00265,comment,02:55:23.755,Unknown speaker,public,65,27.19300000000112,safety,Safety,0,False,0.0
h2_2026_03_23,h2_2026_03_23_t00266,comment,02:55:54.448,Unknown speaker,public,131,52.93499999999949,safety,Safety,0,False,0.0
h2_2026_03_23,h2_2026_03_23_t00267,comment,02:56:54.089,Unknown speaker,public,104,34.29700000000048,safety,Safety,0,False,0.0
h2_2026_03_23,h2_2026_03_23_t00268,comment,02:57:37.689,Unknown speaker,public,138,41.586999999999534,safety,Safety,0,False,0.0
h2_2026_03_23,h2_2026_03_23_t00269,comment,02:58:24.739,Unknown speaker,public,118,40.13500000000022,safety,Safety,0,False,0.0
h2_2026_03_23,h2_2026_03_23_t00270,comment,02:59:16.462,Unknown speaker,public,65,16.060999999999694,safety,Safety,0,False,0.0
h2_2026_03_23,h2_2026_03_23_t00271,comment,02:59:42.012,Unknown speaker,public,113,35.01000000000022,safety,Safety,0,False,0.0
h2_2026_03_23,h2_2026_03_23_t00272,comment,03:00:25.758,Unknown speaker,public,76,20.988999999999578,safety,Safety,0,False,0.0
h2_2026_03_23,h2_2026_03_23_t00273,comment,03:00:55.035,Unknown speaker,public,44,16.369000000000597,safety,Safety,0,False,0.0
h2_2026_03_23,h2_2026_03_23_t00274,comment,03:01:15.967,Unknown speaker,public,115,38.86999999999898,safety,Safety,0,False,0.0
h2_2026_03_23,h2_2026_03_23_t00275,comment,03:02:05.202,Unknown speaker,public,426,122.90300000000025,safety,Safety,0,False,0.0
h2_2026_03_23,h2_2026_03_23_t00276,comment,03:04:27.320,Unknown speaker,public,122,54.853000000000975,safety,Safety,0,False,0.0
h2_2026_03_23,h2_2026_03_23_t00277,comment,03:05:25.468,Unknown speaker,public,113,51.753999999998996,safety,Safety,0,False,0.0
h2_2026_03_23,h2_2026_03_23_t00278,comment,03:06:27.980,Unknown speaker,public,245,98.92799999999988,safety,Safety,1,True,0.007905733548652668
h2_2026_03_23,h2_2026_03_23_t00280,comment,03:08:20.218,Unknown speaker,public,75,22.93499999999949,safety,Safety,1,True,0.0
h2_2026_03_23,h2_2026_03_23_t00282,comment,03:08:46.773,Unknown speaker,public,84,18.19300000000112,safety,Safety,0,False,0.0
h2_2026_03_23,h2_2026_03_23_t00284,comment,03:09:09.909,Unknown speaker,official,29,6.05199999999968,safety,Safety,0,False,0.0
h2_2026_03_23,h2_2026_03_23_t00286,comment,03:09:20.402,Unknown speaker,public,276,84.71999999999935,safety,Safety,0,False,0.0
h2_2026_03_23,h2_2026_03_23_t00287,comment,03:10:45.703,Unknown speaker,official,77,30.488999999999578,safety,Safety,0,False,0.0
h2_2026_03_23,h2_2026_03_23_t00289,comment,03:11:26.566,Unknown speaker,public,166,62.30699999999888,safety,Safety,0,False,0.0
h2_2026_03_23,h2_2026_03_23_t00292,comment,03:12:36.996,Unknown speaker,public,187,48.82800000000134,safety,Safety,0,False,0.0
h2_2026_03_23,h2_2026_03_23_t00293,comment,03:13:33.590,Unknown speaker,public,130,47.623999999999796,safety,Safety,0,False,0.0
h2_2026_03_23,h2_2026_03_23_t00294,comment,03:14:30.085,Unknown speaker,public,22,5.802000000001499,safety,Safety,0,False,0.0
h2_2026_03_23,h2_2026_03_23_t00296,comment,03:14:38.348,Unknown speaker,public,127,40.81500000000051,safety,Safety,0,False,0.0
h2_2026_03_23,h2_2026_03_23_t00297,comment,03:15:23.862,Unknown speaker,official,24,9.229000000001179,safety,Safety,0,False,0.0
h2_2026_03_23,h2_2026_03_23_t00300,comment,03:15:47.123,Unknown speaker,public,58,22.48700000000099,safety,Safety,0,False,0.0
h2_2026_03_23,h2_2026_03_23_t00301,comment,03:16:14.271,Unknown speaker,official,22,8.568999999999505,safety,Safety,0,False,0.0
h2_2026_03_23,h2_2026_03_23_t00302,comment,03:16:34.048,Unknown speaker,public,89,32.34099999999853,safety,Safety,0,False,0.0
h2_2026_03_23,h2_2026_03_23_t00303,comment,03:17:11.853,Unknown speaker,official,28,10.467000000000553,safety,Safety,0,False,0.0
h2_2026_03_23,h2_2026_03_23_t00305,comment,03:17:28.156,Unknown speaker,public,28,9.36199999999917,safety,Safety,0,False,0.0
h2_2026_03_23,h2_2026_03_23_t00307,comment,03:17:39.879,Unknown speaker,public,43,13.062999999998283,safety,Safety,0,False,0.0
h2_2026_03_23,h2_2026_03_23_t00308,comment,03:17:55.183,Unknown speaker,official,27,14.006999999999607,safety,Safety,0,False,0.0
h2_2026_03_23,h2_2026_03_23_t00309,comment,03:18:13.304,Unknown speaker,public,54,20.04199999999946,safety,Safety,0,False,0.0
h2_2026_03_23,h2_2026_03_23_t00310,comment,03:18:36.561,Unknown speaker,official,45,17.868000000000393,safety,Safety,0,False,0.0
h2_2026_03_23,h2_2026_03_23_t00311,comment,03:19:02.232,Unknown speaker,public,464,216.47500000000036,safety,Safety,0,False,0.0
h2_2026_03_23,h2_2026_03_23_t00312,comment,03:22:47.208,Unknown speaker,public,71,32.149999999999636,safety,Safety,0,False,0.0
h2_2026_03_23,h2_2026_03_23_t00313,comment,03:23:24.306,Unknown speaker,public,46,24.23199999999997,safety,Safety,1,True,0.015272581494841383
h2_2026_03_23,h2_2026_03_23_t00315,comment,03:24:08.390,Unknown speaker,developer,815,280.96600000000035,safety,Safety,2,True,0.0
h2_2026_03_23,h2_2026_03_23_t00316,comment,03:28:50.956,Unknown speaker,official,45,19.593000000000757,safety,Safety,0,False,0.0
h2_2026_03_23,h2_2026_03_23_t00319,comment,03:29:15.852,Unknown speaker,official,33,14.023999999999432,safety,Safety,0,False,0.0
h2_2026_03_23,h2_2026_03_23_t00320,comment,03:29:33.319,Unknown speaker,official,117,47.02599999999984,safety,Safety,1,True,0.0
h2_2026_03_23,h2_2026_03_23_t00321,comment,03:30:23.838,Unknown speaker,official,26,10.825000000000728,safety,Safety,0,False,0.0
h2_2026_03_23,h2_2026_03_23_t00322,comment,03:30:39.365,Unknown speaker,official,22,5.802999999999884,safety,Safety,0,False,0.0
h2_2026_03_23,h2_2026_03_23_t00365,comment,03:33:22.654,Unknown speaker,official,22,10.688000000000102,safety,Safety,0,False,0.0
h2_2026_03_23,h2_2026_03_23_t00368,comment,03:33:40.608,Unknown speaker,staff,61,18.85399999999936,safety,Safety,0,False,0.014528042283081225
h2_2026_03_23,h2_2026_03_23_t00371,comment,03:34:22.417,Unknown speaker,official,23,6.663000000000466,safety,Safety,0,False,0.0
h2_2026_03_23,h2_2026_03_23_t00372,comment,03:34:29.160,Unknown speaker,staff,22,6.163000000000466,safety,Safety,0,False,0.0
h2_2026_03_23,h2_2026_03_23_t00373,comment,03:34:49.098,Unknown speaker,official,26,7.826000000000931,safety,Safety,0,False,0.0
h2_2026_03_23,h2_2026_03_23_t00377,comment,03:35:14.967,Unknown speaker,staff,100,37.8169999999991,safety,Safety,0,False,0.035016400241303224
h2_2026_03_23,h2_2026_03_23_t00381,comment,03:36:37.529,Unknown speaker,staff,37,13.02599999999984,safety,Safety,1,True,0.041715432833477825
h2_2026_03_23,h2_2026_03_23_t00382,comment,03:36:52.396,Unknown speaker,official,35,11.737999999999374,safety,Safety,0,False,0.0
h2_2026_03_23,h2_2026_03_23_t00385,comment,03:37:16.497,Unknown speaker,staff,42,16.403000000000247,safety,Safety,0,False,0.0
h2_2026_03_23,h2_2026_03_23_t00387,comment,03:37:41.510,Unknown speaker,official,30,9.806000000000495,safety,Safety,0,False,0.0
h2_2026_03_23,h2_2026_03_23_t00390,comment,03:38:32.187,Unknown speaker,official,31,10.566000000000713,safety,Safety,0,False,0.0
h2_2026_03_23,h2_2026_03_23_t00395,comment,03:40:38.890,Unknown speaker,official,22,8.98700000000099,safety,Safety,0,False,0.0
h2_2026_03_23,h2_2026_03_23_t00407,comment,03:42:08.243,Unknown speaker,public,28,11.147999999999229,safety,Safety,0,False,0.0
h2_2026_03_23,h2_2026_03_23_t00409,comment,03:42:24.595,Unknown speaker,public,282,97.53900000000067,safety,Safety,0,False,0.0
h2_2026_03_23,h2_2026_03_23_t00411,comment,03:44:03.527,Unknown speaker,public,334,123.48300000000017,safety,Safety,0,False,0.0
h2_2026_03_23,h2_2026_03_23_t00412,comment,03:46:07.171,Unknown speaker,official,31,14.46600000000035,safety,Safety,0,False,0.0
h2_2026_03_23,h2_2026_03_23_t00413,comment,03:46:24.660,Unknown speaker,official,34,15.583000000000538,safety,Safety,0,False,0.0
h2_2026_03_23,h2_2026_03_23_t00418,comment,03:47:24.181,Unknown speaker,public,809,242.83299999999872,safety,Safety,0,False,0.0
h2_2026_03_23,h2_2026_03_23_t00421,comment,03:51:30.276,Unknown speaker,official,35,22.181000000000495,safety,Safety,0,False,0.0
h2_2026_03_23,h2_2026_03_23_t00425,comment,03:52:22.763,Unknown speaker,public,95,31.821999999998297,safety,Safety,0,False,0.0
h2_2026_03_23,h2_2026_03_23_t00426,comment,03:52:58.588,Unknown speaker,official,22,8.706000000000131,safety,Safety,0,False,0.0
h2_2026_03_23,h2_2026_03_23_t00429,comment,03:53:22.715,Unknown speaker,official,20,9.851999999998952,safety,Safety,0,False,0.0
h2_2026_03_23,h2_2026_03_23_t00430,comment,03:53:48.318,Unknown speaker,public,27,7.6270000000004075,safety,Safety,0,False,0.0
h2_2026_03_23,h2_2026_03_23_t00435,comment,03:54:29.882,Unknown speaker,official,22,10.509000000000015,safety,Safety,0,False,0.0
h1_2025_12_03,h1_2025_12_03_t00003,comment,00:00:15.605,Unknown speaker,official,72,24.328999999999997,noise,Noise,0,False,0.0
h1_2025_12_03,h1_2025_12_03_t00004,comment,00:00:39.954,Unknown speaker,unknown,31,15.271,noise,Noise,0,False,0.0
h1_2025_12_03,h1_2025_12_03_t00005,comment,00:01:00.770,Unknown speaker,official,58,25.275,noise,Noise,0,False,0.0
h1_2025_12_03,h1_2025_12_03_t00006,comment,00:01:29.200,Unknown speaker,staff,23,19.180999999999997,noise,Noise,0,False,0.0
h1_2025_12_03,h1_2025_12_03_t00014,comment,00:02:13.178,Unknown speaker,official,78,25.02600000000001,noise,Noise,0,False,0.0
h1_2025_12_03,h1_2025_12_03_t00015,comment,00:02:43.150,Unknown speaker,official,32,9.730999999999995,noise,Noise,0,False,0.0
h1_2025_12_03,h1_2025_12_03_t00019,comment,00:03:07.437,Unknown speaker,official,18,7.304000000000002,noise,Noise,0,False,0.0
h1_2025_12_03,h1_2025_12_03_t00022,comment,00:04:05.616,Unknown speaker,official,804,287.985,noise,Noise,0,False,0.0
h1_2025_12_03,h1_2025_12_03_t00029,comment,00:10:38.713,Unknown speaker,developer,247,83.51800000000003,noise,Noise,0,False,0.0
h1_2025_12_03,h1_2025_12_03_t00030,comment,00:12:13.198,Unknown speaker,developer,53,14.513000000000034,noise,Noise,0,False,0.0
h1_2025_12_03,h1_2025_12_03_t00031,comment,00:12:35.055,Unknown speaker,developer,84,31.01800000000003,noise,Noise,0,False,0.0
h1_2025_12_03,h1_2025_12_03_t00034,comment,00:13:20.818,Unknown speaker,developer,1139,344.1289999999999,noise,Noise,1,True,0.0044706835805669465
h1_2025_12_03,h1_2025_12_03_t00035,comment,00:19:08.195,Unknown speaker,developer,797,253.43000000000006,noise,Noise,19,True,0.08863887020218648
h1_2025_12_03,h1_2025_12_03_t00036,comment,00:23:25.968,Unknown speaker,developer,314,92.52199999999993,noise,Noise,0,False,0.0
h1_2025_12_03,h1_2025_12_03_t00037,comment,00:25:08.446,Unknown speaker,developer,409,130.86800000000017,noise,Noise,0,False,0.0
h1_2025_12_03,h1_2025_12_03_t00038,comment,00:27:25.706,Unknown speaker,developer,216,60.846000000000004,noise,Noise,1,True,0.010079987102437595
h1_2025_12_03,h1_2025_12_03_t00039,comment,00:28:30.338,Unknown speaker,developer,169,54.519000000000005,noise,Noise,0,False,0.0
h1_2025_12_03,h1_2025_12_03_t00040,comment,00:29:25.842,Unknown speaker,official,101,26.652999999999793,noise,Noise,0,False,0.0
h1_2025_12_03,h1_2025_12_03_t00041,comment,00:29:52.759,Unknown speaker,developer,38,11.242999999999938,noise,Noise,0,False,0.0
h1_2025_12_03,h1_2025_12_03_t00045,comment,00:30:19.326,Unknown speaker,public,836,246.4380000000001,noise,Noise,0,False,0.004363534203048847
h1_2025_12_03,h1_2025_12_03_t00048,comment,00:34:36.842,Unknown speaker,public,213,79.37599999999975,noise,Noise,0,False,0.0
h1_2025_12_03,h1_2025_12_03_t00049,comment,00:36:01.937,Unknown speaker,public,254,94.46300000000019,noise,Noise,0,False,0.0
h1_2025_12_03,h1_2025_12_03_t00050,comment,00:37:43.546,Unknown speaker,consultant,310,113.25500000000011,noise,Noise,0,False,0.0
h1_2025_12_03,h1_2025_12_03_t00052,comment,00:39:50.806,Unknown speaker,consultant,493,179.346,noise,Noise,0,False,0.0
h1_2025_12_03,h1_2025_12_03_t00053,comment,00:43:00.822,Unknown speaker,consultant,24,6.826999999999771,noise,Noise,0,False,0.0
h1_2025_12_03,h1_2025_12_03_t00062,comment,00:45:21.576,Unknown speaker,official,20,7.706000000000131,noise,Noise,0,False,0.0
h1_2025_12_03,h1_2025_12_03_t00065,comment,00:46:21.059,Unknown speaker,official,155,61.19599999999991,noise,Noise,0,False,0.0
h1_2025_12_03,h1_2025_12_03_t00066,comment,00:47:22.655,Unknown speaker,official,64,26.927999999999884,noise,Noise,0,False,0.0
h1_2025_12_03,h1_2025_12_03_t00067,comment,00:47:50.090,Unknown speaker,developer,197,57.88599999999997,noise,Noise,0,False,0.0
h1_2025_12_03,h1_2025_12_03_t00068,comment,00:48:48.376,Unknown speaker,official,145,58.13099999999986,noise,Noise,0,False,0.0
h1_2025_12_03,h1_2025_12_03_t00069,comment,00:49:49.970,Unknown speaker,official,25,11.202999999999975,noise,Noise,0,False,0.0
h1_2025_12_03,h1_2025_12_03_t00070,comment,00:50:01.193,Unknown speaker,official,119,39.06700000000001,noise,Noise,0,False,0.0
h1_2025_12_03,h1_2025_12_03_t00071,comment,00:50:40.871,Unknown speaker,developer,330,101.94299999999976,noise,Noise,0,False,0.0
h1_2025_12_03,h1_2025_12_03_t00072,comment,00:52:22.834,Unknown speaker,official,30,9.595000000000255,noise,Noise,0,False,0.0
h1_2025_12_03,h1_2025_12_03_t00073,comment,00:52:32.669,Unknown speaker,developer,59,12.889000000000124,noise,Noise,0,False,0.0
h1_2025_12_03,h1_2025_12_03_t00076,comment,00:52:53.965,Unknown speaker,official,18,8.38799999999992,noise,Noise,0,False,0.0
h1_2025_12_03,h1_2025_12_03_t00077,comment,00:53:03.254,Unknown speaker,official,84,30.184000000000196,noise,Noise,0,False,0.0
h1_2025_12_03,h1_2025_12_03_t00078,comment,00:53:36.293,Unknown speaker,developer,72,23.06999999999971,noise,Noise,0,False,0.0
h1_2025_12_03,h1_2025_12_03_t00079,comment,00:54:00.303,Unknown speaker,official,32,7.829999999999927,noise,Noise,0,False,0.0
h1_2025_12_03,h1_2025_12_03_t00081,comment,00:54:09.693,Unknown speaker,official,18,8.361999999999625,noise,Noise,0,False,0.0
h1_2025_12_03,h1_2025_12_03_t00083,comment,00:54:18.895,Unknown speaker,official,68,22.876000000000204,noise,Noise,0,False,0.0
h1_2025_12_03,h1_2025_12_03_t00084,comment,00:54:42.251,Unknown speaker,developer,132,40.80799999999999,noise,Noise,0,False,0.0
h1_2025_12_03,h1_2025_12_03_t00085,comment,00:55:23.459,Unknown speaker,official,22,5.1030000000000655,noise,Noise,0,False,0.0
h1_2025_12_03,h1_2025_12_03_t00086,comment,00:55:29.398,Unknown speaker,developer,89,27.284999999999854,noise,Noise,0,False,0.0
h1_2025_12_03,h1_2025_12_03_t00087,comment,00:55:57.742,Unknown speaker,official,35,10.298999999999978,noise,Noise,0,False,0.0
h1_2025_12_03,h1_2025_12_03_t00088,comment,00:56:09.181,Unknown speaker,developer,48,16.88299999999981,noise,Noise,0,False,0.0
h1_2025_12_03,h1_2025_12_03_t00091,comment,00:56:34.855,Unknown speaker,official,41,16.153999999999996,noise,Noise,0,False,0.0
h1_2025_12_03,h1_2025_12_03_t00093,comment,00:57:02.553,Unknown speaker,developer,87,44.572000000000116,noise,Noise,0,False,0.0
h1_2025_12_03,h1_2025_12_03_t00094,comment,00:57:48.495,Unknown speaker,official,20,8.564000000000306,noise,Noise,0,False,0.0
h1_2025_12_03,h1_2025_12_03_t00095,comment,00:57:59.080,Unknown speaker,developer,18,3.8020000000001346,noise,Noise,0,False,0.0
h1_2025_12_03,h1_2025_12_03_t00096,comment,00:58:04.423,Unknown speaker,official,18,6.703000000000429,noise,Noise,0,False,0.0
h1_2025_12_03,h1_2025_12_03_t00103,comment,00:58:28.073,Unknown speaker,official,19,12.48700000000008,noise,Noise,0,False,0.0
h1_2025_12_03,h1_2025_12_03_t00104,comment,00:58:45.661,Unknown speaker,official,32,11.143999999999778,noise,Noise,0,False,0.0
h1_2025_12_03,h1_2025_12_03_t00105,comment,00:58:58.047,Unknown speaker,developer,199,71.346,noise,Noise,0,False,0.0
h1_2025_12_03,h1_2025_12_03_t00107,comment,01:00:14.270,Unknown speaker,developer,48,17.690999999999804,noise,Noise,0,False,0.0
h1_2025_12_03,h1_2025_12_03_t00111,comment,01:00:52.184,Unknown speaker,official,49,15.084999999999582,noise,Noise,2,True,0.06744680675661721
h1_2025_12_03,h1_2025_12_03_t00112,comment,01:01:08.148,Unknown speaker,developer,268,86.94499999999971,noise,Noise,0,False,0.0224511745093449
h1_2025_12_03,h1_2025_12_03_t00115,comment,01:02:58.546,Unknown speaker,official,162,52.345000000000255,noise,Noise,0,False,0.0
h1_2025_12_03,h1_2025_12_03_t00116,comment,01:03:53.913,Unknown speaker,developer,76,26.235000000000127,noise,Noise,0,False,0.0
h1_2025_12_03,h1_2025_12_03_t00117,comment,01:04:20.608,Unknown speaker,official,51,14.94399999999996,noise,Noise,0,False,0.0
h1_2025_12_03,h1_2025_12_03_t00119,comment,01:04:53.297,Unknown speaker,official,59,17.126999999999953,noise,Noise,0,False,0.0
h1_2025_12_03,h1_2025_12_03_t00120,comment,01:05:12.026,Unknown speaker,public,155,46.008000000000266,noise,Noise,0,False,0.0
h1_2025_12_03,h1_2025_12_03_t00121,comment,01:06:01.281,Unknown speaker,official,73,26.02500000000009,noise,Noise,0,False,0.015990784020089504
h1_2025_12_03,h1_2025_12_03_t00122,comment,01:06:27.727,Unknown speaker,public,103,35.846000000000004,noise,Noise,0,False,0.0
h1_2025_12_03,h1_2025_12_03_t00123,comment,01:07:03.713,Unknown speaker,official,18,5.3419999999996435,noise,Noise,0,False,0.0
h1_2025_12_03,h1_2025_12_03_t00124,comment,01:07:12.476,Unknown speaker,official,314,103.20800000000008,noise,Noise,0,False,0.0
h1_2025_12_03,h1_2025_12_03_t00125,comment,01:08:57.705,Unknown speaker,official,18,4.8419999999996435,noise,Noise,0,False,0.0
h1_2025_12_03,h1_2025_12_03_t00128,comment,01:09:05.608,Unknown speaker,official,21,8.804000000000087,noise,Noise,0,False,0.0
h1_2025_12_03,h1_2025_12_03_t00131,comment,01:09:21.783,Unknown speaker,official,19,5.0239999999994325,noise,Noise,0,False,0.0
h1_2025_12_03,h1_2025_12_03_t00132,comment,01:09:27.608,Unknown speaker,official,49,15.992999999999483,noise,Noise,0,False,0.0
h1_2025_12_03,h1_2025_12_03_t00135,comment,01:09:50.018,Unknown speaker,official,60,17.54399999999987,noise,Noise,0,False,0.0
h1_2025_12_03,h1_2025_12_03_t00136,comment,01:10:07.742,Unknown speaker,developer,70,22.425999999999476,noise,Noise,0,False,0.0
h1_2025_12_03,h1_2025_12_03_t00139,comment,01:10:40.610,Unknown speaker,official,31,14.639000000000124,noise,Noise,0,False,0.0
h1_2025_12_03,h1_2025_12_03_t00140,comment,01:10:58.312,Unknown speaker,official,22,11.488000000000284,noise,Noise,0,False,0.0
h1_2025_12_03,h1_2025_12_03_t00141,comment,01:11:12.082,Unknown speaker,official,408,164.66799999999967,noise,Noise,0,False,0.0
h1_2025_12_03,h1_2025_12_03_t00142,comment,01:14:02.713,Unknown speaker,official,364,118.8710000000001,noise,Noise,5,True,0.03679016433060731
h1_2025_12_03,h1_2025_12_03_t00144,comment,01:16:02.985,Unknown speaker,official,26,10.677999999999884,noise,Noise,0,False,0.0
h1_2025_12_03,h1_2025_12_03_t00146,comment,01:16:16.785,Unknown speaker,official,31,8.404999999999745,noise,Noise,0,False,0.0
h1_2025_12_03,h1_2025_12_03_t00148,comment,01:17:15.471,Unknown speaker,official,49,13.82800000000043,noise,Noise,0,False,0.0
h1_2025_12_03,h1_2025_12_03_t00152,comment,01:18:40.363,Unknown speaker,public,99,29.721999999999753,noise,Noise,0,False,0.0
h1_2025_12_03,h1_2025_12_03_t00153,comment,01:19:18.370,Unknown speaker,public,46,12.306999999999789,noise,Noise,0,False,0.0
h1_2025_12_03,h1_2025_12_03_t00154,comment,01:19:41.797,Unknown speaker,public,306,110.47900000000027,noise,Noise,0,False,0.0
h1_2025_12_03,h1_2025_12_03_t00155,comment,01:21:37.955,Unknown speaker,public,196,75.75,noise,Noise,0,False,0.0
h1_2025_12_03,h1_2025_12_03_t00156,comment,01:23:01.011,Unknown speaker,public,558,212.52199999999993,noise,Noise,2,True,0.01271188740687392
h1_2025_12_03,h1_2025_12_03_t00157,comment,01:26:42.316,Unknown speaker,public,81,29.93199999999979,noise,Noise,1,True,0.02451410559973001
h1_2025_12_03,h1_2025_12_03_t00158,comment,01:27:16.117,Unknown speaker,public,87,35.15700000000015,noise,Noise,0,False,0.0
h1_2025_12_03,h1_2025_12_03_t00159,comment,01:27:58.241,Unknown speaker,public,252,99.33700000000044,noise,Noise,1,True,0.0079176644468373
h1_2025_12_03,h1_2025_12_03_t00160,comment,01:29:46.419,Unknown speaker,public,283,95.46399999999994,noise,Noise,0,False,0.0
h1_2025_12_03,h1_2025_12_03_t00161,comment,01:31:25.306,Unknown speaker,public,19,5.926000000000386,noise,Noise,0,False,0.0
h1_2025_12_03,h1_2025_12_03_t00162,comment,01:31:38.543,Unknown speaker,public,37,13.631000000000313,noise,Noise,0,False,0.0
h1_2025_12_03,h1_2025_12_03_t00163,comment,01:32:00.200,Unknown speaker,public,55,20.67200000000048,noise,Noise,0,False,0.0
h1_2025_12_03,h1_2025_12_03_t00165,comment,01:32:37.707,Unknown speaker,public,134,51.826999999999316,noise,Noise,0,False,0.0
h1_2025_12_03,h1_2025_12_03_t00166,comment,01:33:34.077,Unknown speaker,public,153,74.8710000000001,noise,Noise,0,False,0.0
h1_2025_12_03,h1_2025_12_03_t00167,comment,01:34:53.908,Unknown speaker,public,261,103.8149999999996,noise,Noise,0,False,0.0
h1_2025_12_03,h1_2025_12_03_t00168,comment,01:36:41.504,Unknown speaker,public,487,232.0659999999998,noise,Noise,0,False,0.0
h1_2025_12_03,h1_2025_12_03_t00169,comment,01:40:38.152,Unknown speaker,public,98,51.19800000000032,noise,Noise,0,False,0.0
h1_2025_12_03,h1_2025_12_03_t00170,comment,01:41:32.597,Unknown speaker,public,332,138.4930000000004,noise,Noise,1,True,0.013975600338890967
h1_2025_12_03,h1_2025_12_03_t00172,comment,01:43:54.812,Unknown speaker,public,161,61.850000000000364,noise,Noise,0,False,0.0
h1_2025_12_03,h1_2025_12_03_t00173,comment,01:45:00.618,Unknown speaker,public,187,71.53699999999935,noise,Noise,0,False,0.0
h1_2025_12_03,h1_2025_12_03_t00174,comment,01:46:24.416,Unknown speaker,public,343,111.5590000000002,noise,Noise,0,False,0.0
h1_2025_12_03,h1_2025_12_03_t00175,comment,01:48:24.482,Unknown speaker,official,109,49.39300000000003,noise,Noise,0,False,0.0
h1_2025_12_03,h1_2025_12_03_t00176,comment,01:49:20.628,Unknown speaker,official,201,80.82600000000002,noise,Noise,0,False,0.0
h1_2025_12_03,h1_2025_12_03_t00177,comment,01:50:41.654,Unknown speaker,official,27,10.695999999999913,noise,Noise,0,False,0.0
h1_2025_12_03,h1_2025_12_03_t00185,comment,01:52:36.715,Unknown speaker,official,25,11.590000000000146,noise,Noise,0,False,0.0
h1_2025_12_03,h1_2025_12_03_t00190,comment,01:53:01.555,Unknown speaker,official,74,28.305999999999585,noise,Noise,0,False,0.0
h1_2025_12_03,h1_2025_12_03_t00191,comment,01:53:30.622,Unknown speaker,public,106,29.59099999999944,noise,Noise,0,False,0.0
h1_2025_12_03,h1_2025_12_03_t00192,comment,01:54:00.592,Unknown speaker,official,162,61.44000000000051,noise,Noise,0,False,0.0
h1_2025_12_03,h1_2025_12_03_t00193,comment,01:55:03.472,Unknown speaker,public,41,19.54399999999987,noise,Noise,0,False,0.0
h1_2025_12_03,h1_2025_12_03_t00194,comment,01:55:29.248,Unknown speaker,public,88,27.347999999999956,noise,Noise,0,False,0.0
h1_2025_12_03,h1_2025_12_03_t00195,comment,01:55:59.386,Unknown speaker,public,69,21.14799999999923,noise,Noise,0,False,0.0
h1_2025_12_03,h1_2025_12_03_t00198,comment,01:56:34.759,Unknown speaker,official,57,19.01000000000022,noise,Noise,0,False,0.0
h1_2025_12_03,h1_2025_12_03_t00200,comment,01:56:56.668,Unknown speaker,public,116,45.98000000000047,noise,Noise,0,False,0.0
h1_2025_12_03,h1_2025_12_03_t00202,comment,01:57:47.329,Unknown speaker,official,19,6.082000000000335,noise,Noise,0,False,0.0
h1_2025_12_03,h1_2025_12_03_t00203,comment,01:57:56.748,Unknown speaker,official,18,4.863000000000284,noise,Noise,0,False,0.0
h1_2025_12_03,h1_2025_12_03_t00205,comment,01:58:05.254,Unknown speaker,official,22,10.886999999999716,noise,Noise,0,False,0.0
h1_2025_12_03,h1_2025_12_03_t00206,comment,01:58:18.202,Unknown speaker,public,22,10.20299999999952,noise,Noise,0,False,0.0
h1_2025_12_03,h1_2025_12_03_t00210,comment,01:58:42.514,Unknown speaker,public,47,14.963999999999942,noise,Noise,0,False,0.0
h1_2025_12_03,h1_2025_12_03_t00211,comment,01:58:58.418,Unknown speaker,official,27,9.846000000000458,noise,Noise,0,False,0.0
h1_2025_12_03,h1_2025_12_03_t00212,comment,01:59:09.284,Unknown speaker,public,21,6.444000000000415,noise,Noise,0,False,0.0
h1_2025_12_03,h1_2025_12_03_t00214,comment,01:59:21.152,Unknown speaker,public,41,18.853000000000065,noise,Noise,0,False,0.0
h1_2025_12_03,h1_2025_12_03_t00216,comment,01:59:42.847,Unknown speaker,official,28,14.083000000000538,noise,Noise,0,False,0.0
h1_2025_12_03,h1_2025_12_03_t00220,comment,02:00:09.900,Unknown speaker,official,252,87.60400000000027,noise,Noise,0,False,0.0
h1_2025_12_03,h1_2025_12_03_t00223,comment,02:01:41.682,Unknown speaker,public,18,5.525000000000546,noise,Noise,0,False,0.0
h1_2025_12_03,h1_2025_12_03_t00227,comment,02:01:59.276,Unknown speaker,official,22,3.7830000000003565,noise,Noise,0,False,0.0
h1_2025_12_03,h1_2025_12_03_t00228,comment,02:02:03.119,Unknown speaker,public,152,53.35400000000027,noise,Noise,0,False,0.0
h1_2025_12_03,h1_2025_12_03_t00230,comment,02:02:58.213,Unknown speaker,public,43,14.076000000000022,noise,Noise,0,False,0.0
h1_2025_12_03,h1_2025_12_03_t00231,comment,02:03:12.309,Unknown speaker,official,32,7.645999999999731,noise,Noise,0,False,0.0
h1_2025_12_03,h1_2025_12_03_t00232,comment,02:03:20.295,Unknown speaker,public,61,18.960000000000036,noise,Noise,0,False,0.0
h1_2025_12_03,h1_2025_12_03_t00233,comment,02:03:39.275,Unknown speaker,official,66,25.10699999999997,noise,Noise,0,False,0.0
h1_2025_12_03,h1_2025_12_03_t00235,comment,02:04:12.726,Unknown speaker,official,19,6.983000000000175,noise,Noise,0,False,0.0
h1_2025_12_03,h1_2025_12_03_t00238,comment,02:04:28.213,Unknown speaker,official,32,22.105000000000473,noise,Noise,0,False,0.0
h1_2025_12_03,h1_2025_12_03_t00239,comment,02:04:56.046,Unknown speaker,official,21,6.184999999999491,noise,Noise,0,False,0.0
h1_2025_12_03,h1_2025_12_03_t00244,comment,02:05:15.741,Unknown speaker,official,28,14.041000000000167,noise,Noise,0,False,0.0
h1_2025_12_03,h1_2025_12_03_t00246,comment,02:05:48.647,Unknown speaker,official,417,124.26699999999983,noise,Noise,0,False,0.0
h1_2025_12_03,h1_2025_12_03_t00247,comment,02:07:54.235,Unknown speaker,public,22,6.927000000000589,noise,Noise,0,False,0.0
h1_2025_12_03,h1_2025_12_03_t00248,comment,02:08:01.957,Unknown speaker,official,353,100.3149999999996,noise,Noise,0,False,0.0
h1_2025_12_03,h1_2025_12_03_t00251,comment,02:09:53.807,Unknown speaker,official,20,7.655000000000655,noise,Noise,0,False,0.0
h1_2025_12_03,h1_2025_12_03_t00252,comment,02:10:01.502,Unknown speaker,public,361,113.3189999999995,noise,Noise,0,False,0.0
h1_2025_12_03,h1_2025_12_03_t00255,comment,02:11:57.903,Unknown speaker,official,24,6.824999999999818,noise,Noise,0,False,0.0
h1_2025_12_03,h1_2025_12_03_t00261,comment,02:12:18.265,Unknown speaker,public,270,79.59299999999985,noise,Noise,0,False,0.0
h1_2025_12_03,h1_2025_12_03_t00263,comment,02:13:42.609,Unknown speaker,official,237,84.20599999999922,noise,Noise,1,True,0.017099264747089844
h1_2025_12_03,h1_2025_12_03_t00264,comment,02:15:07.555,Unknown speaker,public,51,23.456999999999425,noise,Noise,0,False,0.0
h1_2025_12_03,h1_2025_12_03_t00265,comment,02:15:31.452,Unknown speaker,public,194,66.26600000000053,noise,Noise,0,False,0.0
h1_2025_12_03,h1_2025_12_03_t00266,comment,02:16:38.759,Unknown speaker,official,37,12.647999999999229,noise,Noise,0,False,0.0
h1_2025_12_03,h1_2025_12_03_t00268,comment,02:16:53.488,Unknown speaker,official,57,20.8020000000015,noise,Noise,0,False,0.0
h1_2025_12_03,h1_2025_12_03_t00269,comment,02:17:17.372,Unknown speaker,official,55,18.153000000000247,noise,Noise,0,False,0.0
h1_2025_12_03,h1_2025_12_03_t00270,comment,02:17:37.322,Unknown speaker,public,127,36.80400000000009,noise,Noise,0,False,0.0
h1_2025_12_03,h1_2025_12_03_t00273,comment,02:18:17.849,Unknown speaker,official,29,8.0049999999992,noise,Noise,0,False,0.0
h1_2025_12_03,h1_2025_12_03_t00275,comment,02:18:26.891,Unknown speaker,official,142,47.452000000001135,noise,Noise,0,False,0.0
h1_2025_12_03,h1_2025_12_03_t00277,comment,02:19:21.536,Unknown speaker,staff,141,53.64400000000023,noise,Noise,0,False,0.0
h1_2025_12_03,h1_2025_12_03_t00278,comment,02:20:18.741,Unknown speaker,staff,112,47.638999999999214,noise,Noise,0,False,0.0
h1_2025_12_03,h1_2025_12_03_t00281,comment,02:21:09.237,Unknown speaker,staff,22,7.483000000000175,noise,Noise,0,False,0.0
h1_2025_12_03,h1_2025_12_03_t00282,comment,02:21:19.861,Unknown speaker,staff,20,5.34099999999853,noise,Noise,0,False,0.0
h1_2025_12_03,h1_2025_12_03_t00283,comment,02:21:34.898,Unknown speaker,staff,117,51.699000000000524,noise,Noise,0,False,0.0
h1_2025_12_03,h1_2025_12_03_t00284,comment,02:22:34.085,Unknown speaker,staff,241,115.44000000000051,noise,Noise,0,False,0.0
h1_2025_12_03,h1_2025_12_03_t00286,comment,02:24:40.305,Unknown speaker,official,33,9.066999999999098,noise,Noise,0,False,0.0
h1_2025_12_03,h1_2025_12_03_t00287,comment,02:24:52.095,Unknown speaker,staff,471,210.58300000000054,noise,Noise,0,False,0.0
h1_2025_12_03,h1_2025_12_03_t00288,comment,02:28:25.720,Unknown speaker,staff,124,47.85200000000077,noise,Noise,0,False,0.0
h1_2025_12_03,h1_2025_12_03_t00289,comment,02:29:16.689,Unknown speaker,staff,25,12.265999999999622,noise,Noise,0,False,0.0
h1_2025_12_03,h1_2025_12_03_t00297,comment,02:30:12.103,Unknown speaker,consultant,32,15.031000000000859,noise,Noise,0,False,0.0
h1_2025_12_03,h1_2025_12_03_t00298,comment,02:30:30.295,Unknown speaker,consultant,598,218.59900000000016,noise,Noise,0,False,0.0
h1_2025_12_03,h1_2025_12_03_t00300,comment,02:34:12.775,Unknown speaker,consultant,607,210.19900000000052,noise,Noise,0,False,0.0
h1_2025_12_03,h1_2025_12_03_t00301,comment,02:37:47.512,Unknown speaker,consultant,775,290.66399999999885,noise,Noise,0,False,0.004452229452147759
h1_2025_12_03,h1_2025_12_03_t00303,comment,02:42:39.237,Unknown speaker,consultant,380,126.00300000000061,noise,Noise,0,False,0.0
h1_2025_12_03,h1_2025_12_03_t00305,comment,02:44:46.400,Unknown speaker,consultant,532,183.47400000000016,noise,Noise,0,False,0.0
h1_2025_12_03,h1_2025_12_03_t00306,comment,02:47:49.914,Unknown speaker,official,81,28.02599999999984,noise,Noise,0,False,0.0
h1_2025_12_03,h1_2025_12_03_t00307,comment,02:48:18.709,Unknown speaker,unknown,114,28.9479999999985,noise,Noise,0,False,0.0
h1_2025_12_03,h1_2025_12_03_t00308,comment,02:48:48.247,Unknown speaker,official,108,41.73999999999978,noise,Noise,0,False,0.0
h1_2025_12_03,h1_2025_12_03_t00309,comment,02:49:33.028,Unknown speaker,official,20,9.16399999999885,noise,Noise,0,False,0.0
h1_2025_12_03,h1_2025_12_03_t00311,comment,02:49:46.417,Unknown speaker,official,78,39.70800000000054,noise,Noise,0,False,0.0
h1_2025_12_03,h1_2025_12_03_t00313,comment,02:50:27.825,Unknown speaker,official,30,14.167999999999665,noise,Noise,0,False,0.0
h1_2025_12_03,h1_2025_12_03_t00314,comment,02:50:44.580,Unknown speaker,staff,212,98.42900000000009,noise,Noise,0,False,0.0
h1_2025_12_03,h1_2025_12_03_t00315,comment,02:52:23.249,Unknown speaker,official,77,31.99699999999939,noise,Noise,0,False,0.0
h1_2025_12_03,h1_2025_12_03_t00318,comment,02:53:04.913,Unknown speaker,staff,66,27.462999999999738,noise,Noise,0,False,0.0
h1_2025_12_03,h1_2025_12_03_t00321,comment,02:53:45.206,Unknown speaker,staff,91,36.55799999999908,noise,Noise,0,False,0.0
h1_2025_12_03,h1_2025_12_03_t00326,comment,02:54:35.691,Unknown speaker,official,28,6.222999999999956,noise,Noise,0,False,0.0
h1_2025_12_03,h1_2025_12_03_t00327,comment,02:54:42.414,Unknown speaker,official,26,12.417999999999665,noise,Noise,0,False,0.0
h1_2025_12_03,h1_2025_12_03_t00330,comment,02:55:06.161,Unknown speaker,official,105,33.48899999999958,noise,Noise,0,False,0.0
h1_2025_12_03,h1_2025_12_03_t00331,comment,02:55:39.670,Unknown speaker,staff,26,11.962999999999738,noise,Noise,0,False,0.0
h1_2025_12_03,h1_2025_12_03_t00334,comment,02:56:04.983,Unknown speaker,official,139,54.615999999999985,noise,Noise,0,False,0.0
h1_2025_12_03,h1_2025_12_03_t00335,comment,02:56:59.759,Unknown speaker,consultant,20,4.743000000000393,noise,Noise,0,False,0.0
h1_2025_12_03,h1_2025_12_03_t00338,comment,02:57:13.788,Unknown speaker,official,20,5.502999999998792,noise,Noise,0,False,0.0
h1_2025_12_03,h1_2025_12_03_t00339,comment,02:57:19.731,Unknown speaker,consultant,18,8.585000000000946,noise,Noise,0,False,0.0
h1_2025_12_03,h1_2025_12_03_t00341,comment,02:57:35.020,Unknown speaker,consultant,337,131.6279999999988,noise,Noise,0,False,0.0
h1_2025_12_03,h1_2025_12_03_t00342,comment,02:59:46.668,Unknown speaker,official,56,22.02100000000064,noise,Noise,0,False,0.0
h1_2025_12_03,h1_2025_12_03_t00343,comment,03:00:09.710,Unknown speaker,consultant,122,39.27000000000044,noise,Noise,0,False,0.0
h1_2025_12_03,h1_2025_12_03_t00344,comment,03:00:49.000,Unknown speaker,official,57,17.222999999999956,noise,Noise,0,False,0.0
h1_2025_12_03,h1_2025_12_03_t00345,comment,03:01:07.363,Unknown speaker,consultant,71,21.394000000000233,noise,Noise,0,False,0.0
h1_2025_12_03,h1_2025_12_03_t00348,comment,03:01:43.332,Unknown speaker,official,74,35.02000000000044,noise,Noise,0,False,0.0
h1_2025_12_03,h1_2025_12_03_t00349,comment,03:02:19.298,Unknown speaker,staff,193,64.02899999999863,noise,Noise,0,False,0.0
h1_2025_12_03,h1_2025_12_03_t00350,comment,03:03:23.647,Unknown speaker,official,27,14.766999999999825,noise,Noise,0,False,0.0
h1_2025_12_03,h1_2025_12_03_t00351,comment,03:03:39.434,Unknown speaker,staff,62,18.585000000000946,noise,Noise,0,False,0.0
h1_2025_12_03,h1_2025_12_03_t00352,comment,03:03:58.399,Unknown speaker,official,22,6.023000000001048,noise,Noise,0,False,0.0
h1_2025_12_03,h1_2025_12_03_t00359,comment,03:04:22.820,Unknown speaker,official,53,23.971999999999753,noise,Noise,0,False,0.0
h1_2025_12_03,h1_2025_12_03_t00361,comment,03:04:51.313,Unknown speaker,official,64,24.913000000000466,noise,Noise,0,False,0.0
h1_2025_12_03,h1_2025_12_03_t00362,comment,03:05:16.466,Unknown speaker,consultant,60,20.41899999999987,noise,Noise,0,False,0.0
h1_2025_12_03,h1_2025_12_03_t00366,comment,03:05:45.281,Unknown speaker,consultant,26,9.02599999999984,noise,Noise,0,False,0.0
h1_2025_12_03,h1_2025_12_03_t00367,comment,03:05:54.707,Unknown speaker,official,140,58.11800000000039,noise,Noise,0,False,0.0
h1_2025_12_03,h1_2025_12_03_t00368,comment,03:06:53.445,Unknown speaker,consultant,410,153.02900000000045,noise,Noise,0,False,0.0
h1_2025_12_03,h1_2025_12_03_t00369,comment,03:09:26.594,Unknown speaker,official,59,17.10699999999997,noise,Noise,0,False,0.0
h1_2025_12_03,h1_2025_12_03_t00372,comment,03:10:28.331,Unknown speaker,official,50,13.825000000000728,noise,Noise,0,False,0.0
h1_2025_12_03,h1_2025_12_03_t00373,comment,03:10:47.359,Unknown speaker,official,22,6.403000000000247,noise,Noise,0,False,0.0
h1_2025_12_03,h1_2025_12_03_t00375,comment,03:11:46.983,Unknown speaker,official,18,9.604999999999563,noise,Noise,0,False,0.0
h1_2025_12_03,h1_2025_12_03_t00378,comment,03:12:00.191,Unknown speaker,unknown,513,193.80099999999948,noise,Noise,0,False,0.0
h1_2025_12_03,h1_2025_12_03_t00383,comment,03:16:06.004,Unknown speaker,public,185,65.33699999999953,noise,Noise,0,False,0.0
h1_2025_12_03,h1_2025_12_03_t00386,comment,03:17:31.262,Unknown speaker,public,389,127.04399999999987,noise,Noise,0,False,0.006412092755074807
h1_2025_12_03,h1_2025_12_03_t00392,comment,03:20:49.879,Unknown speaker,official,101,46.93499999999949,noise,Noise,0,False,0.0
h1_2025_12_03,h1_2025_12_03_t00393,comment,03:21:37.214,Unknown speaker,developer,51,20.046000000000276,noise,Noise,0,False,0.0
h1_2025_12_03,h1_2025_12_03_t00394,comment,03:21:57.280,Unknown speaker,official,60,30.307999999999083,noise,Noise,0,False,0.0
h1_2025_12_03,h1_2025_12_03_t00395,comment,03:22:27.868,Unknown speaker,developer,70,24.066999999999098,noise,Noise,0,False,0.0
h1_2025_12_03,h1_2025_12_03_t00397,comment,03:22:53.277,Unknown speaker,developer,19,4.962999999999738,noise,Noise,0,False,0.0
h1_2025_12_03,h1_2025_12_03_t00398,comment,03:22:58.261,Unknown speaker,official,183,56.23400000000038,noise,Noise,0,False,0.0
h1_2025_12_03,h1_2025_12_03_t00399,comment,03:23:55.744,Unknown speaker,developer,100,27.995999999999185,noise,Noise,0,False,0.0
h1_2025_12_03,h1_2025_12_03_t00400,comment,03:24:24.260,Unknown speaker,official,54,20.050999999999476,noise,Noise,0,False,0.0
h1_2025_12_03,h1_2025_12_03_t00404,comment,03:25:06.229,Unknown speaker,official,147,53.71600000000035,noise,Noise,0,False,0.0
h1_2025_12_03,h1_2025_12_03_t00406,comment,03:26:11.069,Unknown speaker,official,121,43.65099999999984,noise,Noise,0,False,0.0
h1_2025_12_03,h1_2025_12_03_t00408,comment,03:26:59.193,Unknown speaker,official,40,12.268000000000029,noise,Noise,0,False,0.0
h1_2025_12_03,h1_2025_12_03_t00410,comment,03:27:21.227,Unknown speaker,official,46,17.282999999999447,noise,Noise,0,False,0.0
h1_2025_12_03,h1_2025_12_03_t00412,comment,03:27:41.072,Unknown speaker,official,81,39.215000000000146,noise,Noise,0,False,0.0
h1_2025_12_03,h1_2025_12_03_t00413,comment,03:28:22.826,Unknown speaker,developer,34,14.911000000000058,noise,Noise,0,False,0.0
h1_2025_12_03,h1_2025_12_03_t00414,comment,03:28:37.757,Unknown speaker,developer,125,54.54500000000007,noise,Noise,5,True,0.05987478123635209
h1_2025_12_03,h1_2025_12_03_t00415,comment,03:29:32.785,Unknown speaker,official,30,13.668999999999869,noise,Noise,0,False,0.0
h1_2025_12_03,h1_2025_12_03_t00416,comment,03:29:46.474,Unknown speaker,developer,50,19.674999999999272,noise,Noise,0,False,0.0
h1_2025_12_03,h1_2025_12_03_t00418,comment,03:30:12.153,Unknown speaker,developer,48,17.064000000000306,noise,Noise,0,False,0.0
h1_2025_12_03,h1_2025_12_03_t00419,comment,03:30:29.237,Unknown speaker,official,27,8.782000000001062,noise,Noise,0,False,0.0
h1_2025_12_03,h1_2025_12_03_t00420,comment,03:30:40.060,Unknown speaker,developer,30,9.125,noise,Noise,0,False,0.0
h1_2025_12_03,h1_2025_12_03_t00421,comment,03:30:49.905,Unknown speaker,official,109,43.862999999999374,noise,Noise,0,False,0.0
h1_2025_12_03,h1_2025_12_03_t00422,comment,03:31:42.322,Unknown speaker,public,294,107.9989999999998,noise,Noise,0,False,0.0
h1_2025_12_03,h1_2025_12_03_t00425,comment,03:33:42.785,Unknown speaker,official,54,17.82600000000093,noise,Noise,0,False,0.0
h1_2025_12_03,h1_2025_12_03_t00426,comment,03:34:00.651,Unknown speaker,developer,23,7.143000000000029,noise,Noise,0,False,0.0
h1_2025_12_03,h1_2025_12_03_t00431,comment,03:34:34.392,Unknown speaker,public,627,186.8099999999995,noise,Noise,0,False,0.0
h1_2025_12_03,h1_2025_12_03_t00435,comment,03:38:10.771,Unknown speaker,public,438,162.40200000000004,noise,Noise,0,False,0.0058006602751518675
h1_2025_12_03,h1_2025_12_03_t00438,comment,03:41:08.792,Unknown speaker,official,34,15.713999999999942,noise,Noise,0,False,0.0
h1_2025_12_03,h1_2025_12_03_t00439,comment,03:41:28.451,Unknown speaker,developer,44,17.355000000001382,noise,Noise,0,False,0.0
h1_2025_12_03,h1_2025_12_03_t00440,comment,03:41:47.047,Unknown speaker,official,25,9.028000000000247,noise,Noise,0,False,0.0
h1_2025_12_03,h1_2025_12_03_t00442,comment,03:42:05.138,Unknown speaker,official,40,17.531999999999243,noise,Noise,0,False,0.0
h1_2025_12_03,h1_2025_12_03_t00443,comment,03:42:24.871,Unknown speaker,developer,57,21.822000000000116,noise,Noise,0,False,0.023220610019722133
h1_2025_12_03,h1_2025_12_03_t00444,comment,03:42:52.558,Unknown speaker,official,81,29.738999999999578,noise,Noise,0,False,0.0
h1_2025_12_03,h1_2025_12_03_t00445,comment,03:43:23.057,Unknown speaker,official,25,12.682999999999083,noise,Noise,0,False,0.0
h1_2025_12_03,h1_2025_12_03_t00449,comment,03:43:44.222,Unknown speaker,official,20,7.541000000001077,noise,Noise,0,False,0.0
h1_2025_12_03,h1_2025_12_03_t00453,comment,03:44:05.656,Unknown speaker,public,595,188.4399999999987,noise,Noise,0,False,0.0
h1_2025_12_03,h1_2025_12_03_t00457,comment,03:47:25.241,Unknown speaker,official,24,7.543999999999869,noise,Noise,0,False,0.0
h1_2025_12_03,h1_2025_12_03_t00459,comment,03:48:00.917,Unknown speaker,public,480,154.53100000000086,noise,Noise,0,False,0.0
h1_2025_12_03,h1_2025_12_03_t00461,comment,03:50:48.656,Unknown speaker,official,32,30.894999999998618,noise,Noise,0,False,0.0
h1_2025_12_03,h1_2025_12_03_t00462,comment,03:51:25.678,Unknown speaker,public,78,25.391999999999825,noise,Noise,0,False,0.0
h1_2025_12_03,h1_2025_12_03_t00464,comment,03:51:55.905,Unknown speaker,public,391,122.66399999999885,noise,Noise,0,False,0.0
h1_2025_12_03,h1_2025_12_03_t00468,comment,03:54:18.801,Unknown speaker,official,73,30.632000000001426,noise,Noise,0,False,0.0
h1_2025_12_03,h1_2025_12_03_t00469,comment,03:54:52.615,Unknown speaker,official,216,92.44000000000051,noise,Noise,0,False,0.0
h1_2025_12_03,h1_2025_12_03_t00470,comment,03:56:25.875,Unknown speaker,developer,111,35.2549999999992,noise,Noise,0,False,0.0
h1_2025_12_03,h1_2025_12_03_t00471,comment,03:57:01.565,Unknown speaker,official,109,40.052999999999884,noise,Noise,0,False,0.0
h1_2025_12_03,h1_2025_12_03_t00472,comment,03:57:41.958,Unknown speaker,developer,391,115.35399999999936,noise,Noise,0,False,0.0
h1_2025_12_03,h1_2025_12_03_t00473,comment,03:59:37.832,Unknown speaker,official,44,17.93499999999949,noise,Noise,0,False,0.0
h1_2025_12_03,h1_2025_12_03_t00474,comment,03:59:56.528,Unknown speaker,developer,170,57.065999999998894,noise,Noise,0,False,0.0
h1_2025_12_03,h1_2025_12_03_t00475,comment,04:00:54.395,Unknown speaker,official,60,21.610999999998967,noise,Noise,0,False,0.0
h1_2025_12_03,h1_2025_12_03_t00476,comment,04:01:19.133,Unknown speaker,official,77,30.550999999999476,noise,Noise,0,False,0.0
h1_2025_12_03,h1_2025_12_03_t00477,comment,04:01:50.344,Unknown speaker,official,22,10.743000000000393,noise,Noise,0,False,0.0
h1_2025_12_03,h1_2025_12_03_t00479,comment,04:02:05.389,Unknown speaker,official,44,19.53900000000067,noise,Noise,0,False,0.0
h1_2025_12_03,h1_2025_12_03_t00482,comment,04:02:39.710,Unknown speaker,public,453,125.11599999999999,noise,Noise,0,False,0.0
h1_2025_12_03,h1_2025_12_03_t00485,comment,04:05:17.484,Unknown speaker,public,26,16.549999999999272,noise,Noise,0,False,0.0
h1_2025_12_03,h1_2025_12_03_t00486,comment,04:05:45.966,Unknown speaker,public,63,17.495999999999185,noise,Noise,0,False,0.0
h1_2025_12_03,h1_2025_12_03_t00488,comment,04:06:12.598,Unknown speaker,public,181,87.03900000000067,noise,Noise,4,True,0.040725250616026935
h1_2025_12_03,h1_2025_12_03_t00492,comment,04:08:08.178,Unknown speaker,official,114,45.42200000000048,noise,Noise,1,True,0.01489686920941935
h1_2025_12_03,h1_2025_12_03_t00493,comment,04:08:53.997,Unknown speaker,developer,207,71.6200000000008,noise,Noise,2,True,0.030820902353083456
h1_2025_12_03,h1_2025_12_03_t00498,comment,04:11:04.352,Unknown speaker,public,394,165.39699999999903,noise,Noise,0,False,0.0
h1_2025_12_03,h1_2025_12_03_t00503,comment,04:14:27.511,Unknown speaker,public,347,154.72899999999936,noise,Noise,0,False,0.0
h1_2025_12_03,h1_2025_12_03_t00504,comment,04:17:05.289,Unknown speaker,public,95,34.22599999999875,noise,Noise,1,True,0.05057991860957317
h1_2025_12_03,h1_2025_12_03_t00506,comment,04:17:41.796,Unknown speaker,public,21,9.324999999998909,noise,Noise,0,False,0.0
h1_2025_12_03,h1_2025_12_03_t00512,comment,04:18:21.087,Unknown speaker,official,67,26.298000000000684,noise,Noise,0,False,0.0
h1_2025_12_03,h1_2025_12_03_t00513,comment,04:18:49.786,Unknown speaker,consultant,127,50.04899999999907,noise,Noise,0,False,0.0
h1_2025_12_03,h1_2025_12_03_t00517,comment,04:20:10.053,Unknown speaker,public,207,81.13400000000001,noise,Noise,0,False,0.0
h1_2025_12_03,h1_2025_12_03_t00518,comment,04:21:38.792,Unknown speaker,public,244,77.89600000000064,noise,Noise,0,False,0.0
h1_2025_12_03,h1_2025_12_03_t00519,comment,04:22:59.949,Unknown speaker,public,110,38.42699999999968,noise,Noise,0,False,0.0
h1_2025_12_03,h1_2025_12_03_t00521,comment,04:23:41.077,Unknown speaker,public,336,103.55400000000009,noise,Noise,1,True,0.015430325923852769
h1_2025_12_03,h1_2025_12_03_t00522,comment,04:25:30.514,Unknown speaker,official,129,50.5580000000009,noise,Noise,0,False,0.0
h1_2025_12_03,h1_2025_12_03_t00523,comment,04:26:23.031,Unknown speaker,official,64,25.540999999999258,noise,Noise,0,False,0.0
h1_2025_12_03,h1_2025_12_03_t00524,comment,04:26:50.842,Unknown speaker,developer,49,14.506999999999607,noise,Noise,0,False,0.0
h1_2025_12_03,h1_2025_12_03_t00525,comment,04:27:08.710,Unknown speaker,developer,59,24.106000000001586,noise,Noise,0,False,0.0
h1_2025_12_03,h1_2025_12_03_t00528,comment,04:27:43.189,Unknown speaker,official,70,28.11199999999917,noise,Noise,0,False,0.0
h1_2025_12_03,h1_2025_12_03_t00529,comment,04:28:12.882,Unknown speaker,developer,100,35.486000000000786,noise,Noise,0,False,0.0
h1_2025_12_03,h1_2025_12_03_t00530,comment,04:28:52.905,Unknown speaker,official,23,9.646999999999025,noise,Noise,0,False,0.0
h1_2025_12_03,h1_2025_12_03_t00531,comment,04:29:06.515,Unknown speaker,official,52,11.708000000000538,noise,Noise,0,False,0.0
h1_2025_12_03,h1_2025_12_03_t00532,comment,04:29:19.122,Unknown speaker,official,67,23.51300000000083,noise,Noise,0,False,0.0
h1_2025_12_03,h1_2025_12_03_t00533,comment,04:29:55.933,Unknown speaker,official,96,23.789999999999054,noise,Noise,0,False,0.0
h1_2025_12_03,h1_2025_12_03_t00534,comment,04:30:19.983,Unknown speaker,official,64,18.88500000000022,noise,Noise,0,False,0.0
h1_2025_12_03,h1_2025_12_03_t00537,comment,04:30:43.454,Unknown speaker,public,74,21.754000000000815,noise,Noise,0,False,0.0
h1_2025_12_03,h1_2025_12_03_t00538,comment,04:31:08.452,Unknown speaker,public,516,162.8720000000012,noise,Noise,0,False,0.0
h1_2025_12_03,h1_2025_12_03_t00539,comment,04:33:55.655,Unknown speaker,public,43,13.488000000001193,noise,Noise,0,False,0.0
h1_2025_12_03,h1_2025_12_03_t00540,comment,04:34:09.443,Unknown speaker,official,59,18.114000000001397,noise,Noise,0,False,0.0
h1_2025_12_03,h1_2025_12_03_t00545,comment,04:34:48.586,Unknown speaker,public,225,80.22400000000198,noise,Noise,2,True,0.024529928538350038
h1_2025_12_03,h1_2025_12_03_t00546,comment,04:36:08.830,Unknown speaker,official,29,10.568999999999505,noise,Noise,0,False,0.0
h1_2025_12_03,h1_2025_12_03_t00547,comment,04:36:19.599,Unknown speaker,public,168,57.21700000000055,noise,Noise,0,False,0.0
h1_2025_12_03,h1_2025_12_03_t00548,comment,04:37:17.497,Unknown speaker,official,18,4.843000000000757,noise,Noise,0,False,0.0
h1_2025_12_03,h1_2025_12_03_t00550,comment,04:37:23.061,Unknown speaker,official,39,13.309999999997672,noise,Noise,0,False,0.0
h1_2025_12_03,h1_2025_12_03_t00551,comment,04:37:39.034,Unknown speaker,official,23,5.564000000002125,noise,Noise,0,False,0.0
h1_2025_12_03,h1_2025_12_03_t00553,comment,04:37:46.980,Unknown speaker,developer,201,67.63200000000143,noise,Noise,0,False,0.0
h1_2025_12_03,h1_2025_12_03_t00554,comment,04:38:55.645,Unknown speaker,official,45,18.955999999998312,noise,Noise,0,False,0.0
h1_2025_12_03,h1_2025_12_03_t00555,comment,04:39:14.781,Unknown speaker,developer,210,75.52700000000186,noise,Noise,0,False,0.007047081618686777
h1_2025_12_03,h1_2025_12_03_t00557,comment,04:40:41.472,Unknown speaker,official,55,21.534999999999854,noise,Noise,0,False,0.0
h1_2025_12_03,h1_2025_12_03_t00563,comment,04:41:14.780,Unknown speaker,official,20,5.3840000000018335,noise,Noise,0,False,0.0
h1_2025_12_03,h1_2025_12_03_t00564,comment,04:41:23.827,Unknown speaker,official,21,7.024999999997817,noise,Noise,0,False,0.0
h1_2025_12_03,h1_2025_12_03_t00566,comment,04:44:28.206,Unknown speaker,official,32,23.51800000000003,noise,Noise,0,False,0.0
h1_2025_12_03,h1_2025_12_03_t00568,comment,04:45:01.564,Unknown speaker,public,415,132.34800000000178,noise,Noise,0,False,0.0
h2_2026_03_23,h2_2026_03_23_t00001,comment,00:00:00.945,Unknown speaker,public,67,19.407,noise,Noise,1,True,0.033237074662105744
h2_2026_03_23,h2_2026_03_23_t00003,comment,00:00:29.619,Unknown speaker,official,30,6.783000000000001,noise,Noise,0,False,0.0
h2_2026_03_23,h2_2026_03_23_t00005,comment,00:00:37.823,Unknown speaker,official,40,17.109,noise,Noise,0,False,0.0
h2_2026_03_23,h2_2026_03_23_t00008,comment,00:01:14.507,Unknown speaker,staff,34,21.808999999999997,noise,Noise,0,False,0.0
h2_2026_03_23,h2_2026_03_23_t00016,comment,00:01:44.715,Unknown speaker,staff,20,17.230999999999995,noise,Noise,0,False,0.0
h2_2026_03_23,h2_2026_03_23_t00025,comment,00:03:57.985,Unknown speaker,staff,22,13.044999999999987,noise,Noise,0,False,0.0
h2_2026_03_23,h2_2026_03_23_t00038,comment,00:04:35.603,Unknown speaker,official,54,17.882000000000005,noise,Noise,0,False,0.0
h2_2026_03_23,h2_2026_03_23_t00041,comment,00:05:05.654,Unknown speaker,official,257,80.565,noise,Noise,0,False,0.0
h2_2026_03_23,h2_2026_03_23_t00043,comment,00:07:25.742,Unknown speaker,official,23,13.988,noise,Noise,0,False,0.0
h2_2026_03_23,h2_2026_03_23_t00044,comment,00:07:53.333,Unknown speaker,official,65,22.984999999999957,noise,Noise,0,False,0.0
h2_2026_03_23,h2_2026_03_23_t00045,comment,00:08:19.765,Unknown speaker,official,201,73.79700000000003,noise,Noise,0,False,0.0
h2_2026_03_23,h2_2026_03_23_t00047,comment,00:11:30.417,Unknown speaker,official,187,65.553,noise,Noise,0,False,0.0
h2_2026_03_23,h2_2026_03_23_t00076,comment,00:14:50.074,Unknown speaker,official,29,9.605999999999995,noise,Noise,0,False,0.0
h2_2026_03_23,h2_2026_03_23_t00077,comment,00:15:07.426,Unknown speaker,developer,32,6.846000000000004,noise,Noise,0,False,0.0
h2_2026_03_23,h2_2026_03_23_t00078,comment,00:15:21.198,Unknown speaker,developer,1388,451.5079999999999,noise,Noise,7,True,0.023326904134534383
h2_2026_03_23,h2_2026_03_23_t00079,comment,00:23:06.831,Unknown speaker,developer,388,131.16600000000017,noise,Noise,0,False,0.0
h2_2026_03_23,h2_2026_03_23_t00082,comment,00:25:32.668,Unknown speaker,official,21,8.125,noise,Noise,0,False,0.0
h2_2026_03_23,h2_2026_03_23_t00083,comment,00:25:43.034,Unknown speaker,public,679,317.49599999999987,noise,Noise,0,False,0.0
h2_2026_03_23,h2_2026_03_23_t00084,comment,00:31:13.089,Unknown speaker,official,43,17.923999999999978,noise,Noise,0,False,0.0
h2_2026_03_23,h2_2026_03_23_t00085,comment,00:31:33.554,Unknown speaker,public,696,264.3489999999997,noise,Noise,0,False,0.0
h2_2026_03_23,h2_2026_03_23_t00086,comment,00:36:05.439,Unknown speaker,official,22,11.62900000000036,noise,Noise,0,False,0.0
h2_2026_03_23,h2_2026_03_23_t00087,comment,00:36:17.128,Unknown speaker,consultant,544,196.06399999999985,noise,Noise,0,False,0.0
h2_2026_03_23,h2_2026_03_23_t00090,comment,00:39:52.808,Unknown speaker,developer,564,225.8470000000002,noise,Noise,0,False,0.006760811638197377
h2_2026_03_23,h2_2026_03_23_t00091,comment,00:43:44.657,Unknown speaker,developer,18,4.40099999999984,noise,Noise,0,False,0.0
h2_2026_03_23,h2_2026_03_23_t00092,comment,00:43:49.518,Unknown speaker,official,19,7.201999999999771,noise,Noise,0,False,0.0
h2_2026_03_23,h2_2026_03_23_t00093,comment,00:44:08.182,Unknown speaker,public,204,90.89100000000008,noise,Noise,1,True,0.009689512931029183
h2_2026_03_23,h2_2026_03_23_t00094,comment,00:45:42.797,Unknown speaker,public,251,105.60300000000007,noise,Noise,3,True,0.03903669347111823
h2_2026_03_23,h2_2026_03_23_t00095,comment,00:47:31.903,Unknown speaker,public,261,112.9050000000002,noise,Noise,0,False,0.0
h2_2026_03_23,h2_2026_03_23_t00096,comment,00:49:39.329,Unknown speaker,public,19,12.385999999999967,noise,Noise,0,False,0.0
h2_2026_03_23,h2_2026_03_23_t00098,comment,00:49:54.116,Unknown speaker,public,27,8.123999999999796,noise,Noise,0,False,0.0
h2_2026_03_23,h2_2026_03_23_t00102,comment,00:50:22.043,Unknown speaker,public,42,17.20699999999988,noise,Noise,1,True,0.021462787727530883
h2_2026_03_23,h2_2026_03_23_t00103,comment,00:50:43.231,Unknown speaker,public,354,116.6859999999997,noise,Noise,1,True,0.010203832108282206
h2_2026_03_23,h2_2026_03_23_t00104,comment,00:52:44.451,Unknown speaker,public,72,30.286000000000058,noise,Noise,0,False,0.0
h2_2026_03_23,h2_2026_03_23_t00106,comment,00:53:28.809,Unknown speaker,public,103,36.8149999999996,noise,Noise,0,False,0.0
h2_2026_03_23,h2_2026_03_23_t00108,comment,00:54:51.299,Unknown speaker,developer,112,37.84400000000005,noise,Noise,0,False,0.0
h2_2026_03_23,h2_2026_03_23_t00109,comment,00:55:36.913,Unknown speaker,public,531,203.13499999999976,noise,Noise,0,False,0.0
h2_2026_03_23,h2_2026_03_23_t00110,comment,00:59:09.083,Unknown speaker,official,20,9.324999999999818,noise,Noise,0,False,0.0
h2_2026_03_23,h2_2026_03_23_t00112,comment,00:59:22.791,Unknown speaker,public,192,78.27700000000004,noise,Noise,0,False,0.0
h2_2026_03_23,h2_2026_03_23_t00113,comment,01:00:45.550,Unknown speaker,public,38,20.143999999999778,noise,Noise,0,False,0.0
h2_2026_03_23,h2_2026_03_23_t00114,comment,01:01:07.516,Unknown speaker,official,29,10.88799999999992,noise,Noise,0,False,0.0
h2_2026_03_23,h2_2026_03_23_t00115,comment,01:01:19.545,Unknown speaker,public,41,16.02500000000009,noise,Noise,0,False,0.0
h2_2026_03_23,h2_2026_03_23_t00116,comment,01:01:47.333,Unknown speaker,public,367,129.9670000000001,noise,Noise,0,False,0.006530446268291046
h2_2026_03_23,h2_2026_03_23_t00117,comment,01:04:05.896,Unknown speaker,developer,25,5.9669999999996435,noise,Noise,0,False,0.0
h2_2026_03_23,h2_2026_03_23_t00119,comment,01:04:22.234,Unknown speaker,public,571,233.50199999999995,noise,Noise,11,True,0.029804224499833686
h2_2026_03_23,h2_2026_03_23_t00120,comment,01:08:19.138,Unknown speaker,public,319,98.90599999999995,noise,Noise,7,True,0.04278197020106669
h2_2026_03_23,h2_2026_03_23_t00121,comment,01:10:06.860,Unknown speaker,public,339,151.1230000000005,noise,Noise,1,True,0.00743871454497137
h2_2026_03_23,h2_2026_03_23_t00122,comment,01:12:41.145,Unknown speaker,public,25,11.359999999999673,noise,Noise,0,False,0.0
h2_2026_03_23,h2_2026_03_23_t00124,comment,01:12:54.747,Unknown speaker,public,78,34.764000000000124,noise,Noise,0,False,0.0
h2_2026_03_23,h2_2026_03_23_t00125,comment,01:13:39.600,Unknown speaker,public,107,52.714999999999236,noise,Noise,1,True,0.013444077317848569
h2_2026_03_23,h2_2026_03_23_t00126,comment,01:14:34.777,Unknown speaker,official,31,19.141999999999825,noise,Noise,0,False,0.0
h2_2026_03_23,h2_2026_03_23_t00127,comment,01:15:02.172,Unknown speaker,official,394,182.53100000000086,noise,Noise,1,True,0.006935078971917523
h2_2026_03_23,h2_2026_03_23_t00129,comment,01:18:10.546,Unknown speaker,official,133,47.32799999999952,noise,Noise,2,True,0.03314236064421121
h2_2026_03_23,h2_2026_03_23_t00130,comment,01:18:58.534,Unknown speaker,official,141,55.48400000000038,noise,Noise,0,False,0.013790257214863337
h2_2026_03_23,h2_2026_03_23_t00132,comment,01:20:10.149,Unknown speaker,official,88,41.20299999999952,noise,Noise,0,False,0.0
h2_2026_03_23,h2_2026_03_23_t00134,comment,01:21:06.512,Unknown speaker,official,21,7.806000000000495,noise,Noise,1,True,0.0332018494200904
h2_2026_03_23,h2_2026_03_23_t00135,comment,01:21:18.461,Unknown speaker,public,334,122.83500000000004,noise,Noise,0,False,0.0
h2_2026_03_23,h2_2026_03_23_t00137,comment,01:23:31.700,Unknown speaker,public,139,53.738000000000284,noise,Noise,0,False,0.0
h2_2026_03_23,h2_2026_03_23_t00141,comment,01:24:29.760,Unknown speaker,public,91,36.259000000000015,noise,Noise,0,False,0.0
h2_2026_03_23,h2_2026_03_23_t00142,comment,01:25:09.881,Unknown speaker,public,58,23.829999999999927,noise,Noise,0,False,0.0
h2_2026_03_23,h2_2026_03_23_t00145,comment,01:25:52.996,Unknown speaker,public,323,126.17799999999988,noise,Noise,0,False,0.0
h2_2026_03_23,h2_2026_03_23_t00147,comment,01:28:12.341,Unknown speaker,public,160,84.5630000000001,noise,Noise,0,False,0.0
h2_2026_03_23,h2_2026_03_23_t00151,comment,01:29:51.221,Unknown speaker,public,285,122.87800000000061,noise,Noise,0,False,0.0
h2_2026_03_23,h2_2026_03_23_t00153,comment,01:32:02.783,Unknown speaker,public,103,38.107999999999265,noise,Noise,0,False,0.0
h2_2026_03_23,h2_2026_03_23_t00154,comment,01:32:44.894,Unknown speaker,public,188,67.29599999999937,noise,Noise,0,False,0.0
h2_2026_03_23,h2_2026_03_23_t00156,comment,01:34:03.098,Unknown speaker,public,213,67.63799999999992,noise,Noise,0,False,0.0
h2_2026_03_23,h2_2026_03_23_t00158,comment,01:35:13.668,Unknown speaker,public,256,85.51600000000053,noise,Noise,0,False,0.0
h2_2026_03_23,h2_2026_03_23_t00159,comment,01:36:42.583,Unknown speaker,public,110,29.105000000000473,noise,Noise,0,False,0.0
h2_2026_03_23,h2_2026_03_23_t00161,comment,01:37:28.177,Unknown speaker,public,329,121.25,noise,Noise,0,False,0.0
h2_2026_03_23,h2_2026_03_23_t00163,comment,01:39:38.434,Unknown speaker,official,111,43.64499999999953,noise,Noise,0,False,0.0
h2_2026_03_23,h2_2026_03_23_t00165,comment,01:40:30.186,Unknown speaker,public,267,80.5590000000002,noise,Noise,0,False,0.0
h2_2026_03_23,h2_2026_03_23_t00167,comment,01:41:56.843,Unknown speaker,public,130,32.284999999999854,noise,Noise,0,False,0.0
h2_2026_03_23,h2_2026_03_23_t00170,comment,01:42:36.670,Unknown speaker,public,318,122.0010000000002,noise,Noise,0,False,0.0
h2_2026_03_23,h2_2026_03_23_t00173,comment,01:44:52.200,Unknown speaker,public,397,121.54700000000048,noise,Noise,0,False,0.0
h2_2026_03_23,h2_2026_03_23_t00175,comment,01:47:02.408,Unknown speaker,public,148,45.978000000000065,noise,Noise,0,False,0.0
h2_2026_03_23,h2_2026_03_23_t00177,comment,01:47:49.946,Unknown speaker,public,53,16.34900000000016,noise,Noise,0,False,0.0
h2_2026_03_23,h2_2026_03_23_t00179,comment,01:48:12.995,Unknown speaker,public,203,52.228000000000065,noise,Noise,1,True,0.009305786718881402
h2_2026_03_23,h2_2026_03_23_t00182,comment,01:50:38.532,Unknown speaker,official,21,6.023000000000138,noise,Noise,0,False,0.0
h2_2026_03_23,h2_2026_03_23_t00185,comment,01:50:50.479,Unknown speaker,public,125,45.55000000000018,noise,Noise,0,False,0.0
h2_2026_03_23,h2_2026_03_23_t00186,comment,01:51:39.385,Unknown speaker,public,100,33.246000000000095,noise,Noise,0,False,0.0
h2_2026_03_23,h2_2026_03_23_t00188,comment,01:52:26.139,Unknown speaker,public,366,122.92100000000028,noise,Noise,1,True,0.007642277459985118
h2_2026_03_23,h2_2026_03_23_t00192,comment,01:54:49.540,Unknown speaker,public,331,106.53099999999995,noise,Noise,1,True,0.008163253317413048
h2_2026_03_23,h2_2026_03_23_t00194,comment,01:56:38.013,Unknown speaker,public,320,111.95399999999972,noise,Noise,0,False,0.0
h2_2026_03_23,h2_2026_03_23_t00195,comment,01:58:33.629,Unknown speaker,public,50,12.54700000000048,noise,Noise,0,False,0.0
h2_2026_03_23,h2_2026_03_23_t00197,comment,01:58:59.124,Unknown speaker,public,202,76.80000000000018,noise,Noise,0,False,0.0
h2_2026_03_23,h2_2026_03_23_t00199,comment,02:00:18.885,Unknown speaker,public,345,125.11200000000008,noise,Noise,1,True,0.0071901482741156784
h2_2026_03_23,h2_2026_03_23_t00203,comment,02:02:33.318,Unknown speaker,public,276,94.4960000000001,noise,Noise,0,False,0.0
h2_2026_03_23,h2_2026_03_23_t00205,comment,02:04:17.465,Unknown speaker,public,367,117.6239999999998,noise,Noise,0,False,0.0
h2_2026_03_23,h2_2026_03_23_t00206,comment,02:06:24.118,Unknown speaker,public,344,123.44499999999971,noise,Noise,0,False,0.0
h2_2026_03_23,h2_2026_03_23_t00208,comment,02:08:34.233,Unknown speaker,public,271,107.03899999999976,noise,Noise,0,False,0.0
h2_2026_03_23,h2_2026_03_23_t00210,comment,02:10:25.802,Unknown speaker,public,438,124.88600000000042,noise,Noise,2,True,0.011926126432561098
h2_2026_03_23,h2_2026_03_23_t00216,comment,02:12:48.117,Unknown speaker,official,198,60.05400000000009,noise,Noise,0,False,0.0
h2_2026_03_23,h2_2026_03_23_t00218,comment,02:13:57.440,Unknown speaker,public,244,121.01700000000073,noise,Noise,0,False,0.0
h2_2026_03_23,h2_2026_03_23_t00220,comment,02:16:07.642,Unknown speaker,public,164,56.746000000001004,noise,Noise,0,False,0.0
h2_2026_03_23,h2_2026_03_23_t00221,comment,02:17:08.732,Unknown speaker,public,152,63.59900000000016,noise,Noise,0,False,0.0
h2_2026_03_23,h2_2026_03_23_t00224,comment,02:18:36.810,Unknown speaker,public,39,11.483000000000175,noise,Noise,0,False,0.0
h2_2026_03_23,h2_2026_03_23_t00225,comment,02:18:52.414,Unknown speaker,public,117,42.96299999999974,noise,Noise,0,False,0.0
h2_2026_03_23,h2_2026_03_23_t00227,comment,02:19:44.883,Unknown speaker,public,358,118.59499999999935,noise,Noise,0,False,0.012382197219451763
h2_2026_03_23,h2_2026_03_23_t00229,comment,02:21:51.622,Unknown speaker,public,364,120.67100000000028,noise,Noise,0,False,0.0
h2_2026_03_23,h2_2026_03_23_t00231,comment,02:24:03.483,Unknown speaker,public,343,128.45899999999892,noise,Noise,1,True,0.007507342577953774
h2_2026_03_23,h2_2026_03_23_t00232,comment,02:26:22.468,Unknown speaker,public,262,108.42099999999846,noise,Noise,9,True,0.04084618348481756
h2_2026_03_23,h2_2026_03_23_t00233,comment,02:28:20.397,Unknown speaker,public,29,7.586999999999534,noise,Noise,0,False,0.0
h2_2026_03_23,h2_2026_03_23_t00236,comment,02:28:45.546,Unknown speaker,public,122,47.190999999998894,noise,Noise,1,True,0.013548943484452366
h2_2026_03_23,h2_2026_03_23_t00240,comment,02:30:03.124,Unknown speaker,public,39,18.028000000000247,noise,Noise,0,False,0.0
h2_2026_03_23,h2_2026_03_23_t00241,comment,02:30:24.554,Unknown speaker,public,67,20.771999999999025,noise,Noise,1,True,0.020650885791906774
h2_2026_03_23,h2_2026_03_23_t00242,comment,02:30:48.708,Unknown speaker,public,69,22.47599999999875,noise,Noise,0,False,0.0
h2_2026_03_23,h2_2026_03_23_t00243,comment,02:31:16.906,Unknown speaker,public,54,19.797999999998865,noise,Noise,0,False,0.0
h2_2026_03_23,h2_2026_03_23_t00244,comment,02:31:40.205,Unknown speaker,public,106,45.486000000000786,noise,Noise,0,False,0.0
h2_2026_03_23,h2_2026_03_23_t00245,comment,02:32:28.792,Unknown speaker,public,155,56.12300000000141,noise,Noise,2,True,0.019199343021672182
h2_2026_03_23,h2_2026_03_23_t00246,comment,02:33:35.039,Unknown speaker,public,119,38.753999999998996,noise,Noise,0,False,0.0
h2_2026_03_23,h2_2026_03_23_t00247,comment,02:34:22.410,Unknown speaker,public,188,60.52000000000044,noise,Noise,0,False,0.0
h2_2026_03_23,h2_2026_03_23_t00248,comment,02:35:24.291,Unknown speaker,official,32,11.703000000001339,noise,Noise,0,False,0.0
h2_2026_03_23,h2_2026_03_23_t00249,comment,02:35:36.314,Unknown speaker,public,47,13.395000000000437,noise,Noise,0,False,0.0
h2_2026_03_23,h2_2026_03_23_t00251,comment,02:35:58.776,Unknown speaker,public,336,96.7569999999996,noise,Noise,0,False,0.0
h2_2026_03_23,h2_2026_03_23_t00252,comment,02:37:46.420,Unknown speaker,public,394,124.3130000000001,noise,Noise,1,True,0.007459892035809841
h2_2026_03_23,h2_2026_03_23_t00254,comment,02:40:07.442,Unknown speaker,public,296,97.35000000000036,noise,Noise,0,False,0.0
h2_2026_03_23,h2_2026_03_23_t00255,comment,02:41:56.973,Unknown speaker,public,293,121.45299999999952,noise,Noise,0,False,0.0
h2_2026_03_23,h2_2026_03_23_t00256,comment,02:44:11.429,Unknown speaker,public,361,125.53199999999924,noise,Noise,0,False,0.0
h2_2026_03_23,h2_2026_03_23_t00259,comment,02:46:27.462,Unknown speaker,public,118,39.10699999999997,noise,Noise,0,False,0.0
h2_2026_03_23,h2_2026_03_23_t00260,comment,02:47:15.502,Unknown speaker,public,375,115.27499999999964,noise,Noise,2,True,0.02137288409136344
h2_2026_03_23,h2_2026_03_23_t00261,comment,02:49:20.020,Unknown speaker,public,186,62.608000000000175,noise,Noise,0,False,0.0
h2_2026_03_23,h2_2026_03_23_t00262,comment,02:50:32.868,Unknown speaker,public,187,74.06999999999971,noise,Noise,0,False,0.0
h2_2026_03_23,h2_2026_03_23_t00263,comment,02:51:57.704,Unknown speaker,public,283,75.42100000000028,noise,Noise,0,False,0.0
h2_2026_03_23,h2_2026_03_23_t00264,comment,02:53:21.892,Unknown speaker,public,343,111.0640000000003,noise,Noise,0,False,0.0
h2_2026_03_23,h2_2026_03_23_t00265,comment,02:55:23.755,Unknown speaker,public,65,27.19300000000112,noise,Noise,0,False,0.0
h2_2026_03_23,h2_2026_03_23_t00266,comment,02:55:54.448,Unknown speaker,public,131,52.93499999999949,noise,Noise,3,True,0.02612300622708322
h2_2026_03_23,h2_2026_03_23_t00267,comment,02:56:54.089,Unknown speaker,public,104,34.29700000000048,noise,Noise,0,False,0.0
h2_2026_03_23,h2_2026_03_23_t00268,comment,02:57:37.689,Unknown speaker,public,138,41.586999999999534,noise,Noise,0,False,0.0
h2_2026_03_23,h2_2026_03_23_t00269,comment,02:58:24.739,Unknown speaker,public,118,40.13500000000022,noise,Noise,0,False,0.0
h2_2026_03_23,h2_2026_03_23_t00270,comment,02:59:16.462,Unknown speaker,public,65,16.060999999999694,noise,Noise,0,False,0.0
h2_2026_03_23,h2_2026_03_23_t00271,comment,02:59:42.012,Unknown speaker,public,113,35.01000000000022,noise,Noise,0,False,0.0
h2_2026_03_23,h2_2026_03_23_t00272,comment,03:00:25.758,Unknown speaker,public,76,20.988999999999578,noise,Noise,0,False,0.0
h2_2026_03_23,h2_2026_03_23_t00273,comment,03:00:55.035,Unknown speaker,public,44,16.369000000000597,noise,Noise,0,False,0.0
h2_2026_03_23,h2_2026_03_23_t00274,comment,03:01:15.967,Unknown speaker,public,115,38.86999999999898,noise,Noise,0,False,0.0
h2_2026_03_23,h2_2026_03_23_t00275,comment,03:02:05.202,Unknown speaker,public,426,122.90300000000025,noise,Noise,0,False,0.0
h2_2026_03_23,h2_2026_03_23_t00276,comment,03:04:27.320,Unknown speaker,public,122,54.853000000000975,noise,Noise,0,False,0.0
h2_2026_03_23,h2_2026_03_23_t00277,comment,03:05:25.468,Unknown speaker,public,113,51.753999999998996,noise,Noise,0,False,0.0
h2_2026_03_23,h2_2026_03_23_t00278,comment,03:06:27.980,Unknown speaker,public,245,98.92799999999988,noise,Noise,1,True,0.011217831080524193
h2_2026_03_23,h2_2026_03_23_t00280,comment,03:08:20.218,Unknown speaker,public,75,22.93499999999949,noise,Noise,0,False,0.0
h2_2026_03_23,h2_2026_03_23_t00282,comment,03:08:46.773,Unknown speaker,public,84,18.19300000000112,noise,Noise,0,False,0.0
h2_2026_03_23,h2_2026_03_23_t00284,comment,03:09:09.909,Unknown speaker,official,29,6.05199999999968,noise,Noise,0,False,0.0
h2_2026_03_23,h2_2026_03_23_t00286,comment,03:09:20.402,Unknown speaker,public,276,84.71999999999935,noise,Noise,0,False,0.0
h2_2026_03_23,h2_2026_03_23_t00287,comment,03:10:45.703,Unknown speaker,official,77,30.488999999999578,noise,Noise,0,False,0.0
h2_2026_03_23,h2_2026_03_23_t00289,comment,03:11:26.566,Unknown speaker,public,166,62.30699999999888,noise,Noise,0,False,0.0
h2_2026_03_23,h2_2026_03_23_t00292,comment,03:12:36.996,Unknown speaker,public,187,48.82800000000134,noise,Noise,2,True,0.02486156462980486
h2_2026_03_23,h2_2026_03_23_t00293,comment,03:13:33.590,Unknown speaker,public,130,47.623999999999796,noise,Noise,0,False,0.0
h2_2026_03_23,h2_2026_03_23_t00294,comment,03:14:30.085,Unknown speaker,public,22,5.802000000001499,noise,Noise,0,False,0.0
h2_2026_03_23,h2_2026_03_23_t00296,comment,03:14:38.348,Unknown speaker,public,127,40.81500000000051,noise,Noise,1,True,0.013790928484412249
h2_2026_03_23,h2_2026_03_23_t00297,comment,03:15:23.862,Unknown speaker,official,24,9.229000000001179,noise,Noise,0,False,0.0
h2_2026_03_23,h2_2026_03_23_t00300,comment,03:15:47.123,Unknown speaker,public,58,22.48700000000099,noise,Noise,0,False,0.0
h2_2026_03_23,h2_2026_03_23_t00301,comment,03:16:14.271,Unknown speaker,official,22,8.568999999999505,noise,Noise,0,False,0.0
h2_2026_03_23,h2_2026_03_23_t00302,comment,03:16:34.048,Unknown speaker,public,89,32.34099999999853,noise,Noise,0,False,0.0
h2_2026_03_23,h2_2026_03_23_t00303,comment,03:17:11.853,Unknown speaker,official,28,10.467000000000553,noise,Noise,0,False,0.0
h2_2026_03_23,h2_2026_03_23_t00305,comment,03:17:28.156,Unknown speaker,public,28,9.36199999999917,noise,Noise,0,False,0.0
h2_2026_03_23,h2_2026_03_23_t00307,comment,03:17:39.879,Unknown speaker,public,43,13.062999999998283,noise,Noise,0,False,0.0
h2_2026_03_23,h2_2026_03_23_t00308,comment,03:17:55.183,Unknown speaker,official,27,14.006999999999607,noise,Noise,0,False,0.0
h2_2026_03_23,h2_2026_03_23_t00309,comment,03:18:13.304,Unknown speaker,public,54,20.04199999999946,noise,Noise,0,False,0.0
h2_2026_03_23,h2_2026_03_23_t00310,comment,03:18:36.561,Unknown speaker,official,45,17.868000000000393,noise,Noise,0,False,0.0
h2_2026_03_23,h2_2026_03_23_t00311,comment,03:19:02.232,Unknown speaker,public,464,216.47500000000036,noise,Noise,1,True,0.00644489380634054
h2_2026_03_23,h2_2026_03_23_t00312,comment,03:22:47.208,Unknown speaker,public,71,32.149999999999636,noise,Noise,1,True,0.018683046178904945
h2_2026_03_23,h2_2026_03_23_t00313,comment,03:23:24.306,Unknown speaker,public,46,24.23199999999997,noise,Noise,0,False,0.0
h2_2026_03_23,h2_2026_03_23_t00315,comment,03:24:08.390,Unknown speaker,developer,815,280.96600000000035,noise,Noise,0,False,0.0
h2_2026_03_23,h2_2026_03_23_t00316,comment,03:28:50.956,Unknown speaker,official,45,19.593000000000757,noise,Noise,0,False,0.0
h2_2026_03_23,h2_2026_03_23_t00319,comment,03:29:15.852,Unknown speaker,official,33,14.023999999999432,noise,Noise,0,False,0.0
h2_2026_03_23,h2_2026_03_23_t00320,comment,03:29:33.319,Unknown speaker,official,117,47.02599999999984,noise,Noise,0,False,0.0
h2_2026_03_23,h2_2026_03_23_t00321,comment,03:30:23.838,Unknown speaker,official,26,10.825000000000728,noise,Noise,0,False,0.0
h2_2026_03_23,h2_2026_03_23_t00322,comment,03:30:39.365,Unknown speaker,official,22,5.802999999999884,noise,Noise,0,False,0.0
h2_2026_03_23,h2_2026_03_23_t00365,comment,03:33:22.654,Unknown speaker,official,22,10.688000000000102,noise,Noise,0,False,0.0
h2_2026_03_23,h2_2026_03_23_t00368,comment,03:33:40.608,Unknown speaker,staff,61,18.85399999999936,noise,Noise,0,False,0.0
h2_2026_03_23,h2_2026_03_23_t00371,comment,03:34:22.417,Unknown speaker,official,23,6.663000000000466,noise,Noise,0,False,0.0
h2_2026_03_23,h2_2026_03_23_t00372,comment,03:34:29.160,Unknown speaker,staff,22,6.163000000000466,noise,Noise,0,False,0.0
h2_2026_03_23,h2_2026_03_23_t00373,comment,03:34:49.098,Unknown speaker,official,26,7.826000000000931,noise,Noise,0,False,0.0
h2_2026_03_23,h2_2026_03_23_t00377,comment,03:35:14.967,Unknown speaker,staff,100,37.8169999999991,noise,Noise,0,False,0.0
h2_2026_03_23,h2_2026_03_23_t00381,comment,03:36:37.529,Unknown speaker,staff,37,13.02599999999984,noise,Noise,0,False,0.0
h2_2026_03_23,h2_2026_03_23_t00382,comment,03:36:52.396,Unknown speaker,official,35,11.737999999999374,noise,Noise,0,False,0.0
h2_2026_03_23,h2_2026_03_23_t00385,comment,03:37:16.497,Unknown speaker,staff,42,16.403000000000247,noise,Noise,0,False,0.0
h2_2026_03_23,h2_2026_03_23_t00387,comment,03:37:41.510,Unknown speaker,official,30,9.806000000000495,noise,Noise,0,False,0.0
h2_2026_03_23,h2_2026_03_23_t00390,comment,03:38:32.187,Unknown speaker,official,31,10.566000000000713,noise,Noise,0,False,0.0
h2_2026_03_23,h2_2026_03_23_t00395,comment,03:40:38.890,Unknown speaker,official,22,8.98700000000099,noise,Noise,0,False,0.0
h2_2026_03_23,h2_2026_03_23_t00407,comment,03:42:08.243,Unknown speaker,public,28,11.147999999999229,noise,Noise,0,False,0.0
h2_2026_03_23,h2_2026_03_23_t00409,comment,03:42:24.595,Unknown speaker,public,282,97.53900000000067,noise,Noise,1,True,0.01071352112926139
h2_2026_03_23,h2_2026_03_23_t00411,comment,03:44:03.527,Unknown speaker,public,334,123.48300000000017,noise,Noise,0,False,0.0
h2_2026_03_23,h2_2026_03_23_t00412,comment,03:46:07.171,Unknown speaker,official,31,14.46600000000035,noise,Noise,0,False,0.0
h2_2026_03_23,h2_2026_03_23_t00413,comment,03:46:24.660,Unknown speaker,official,34,15.583000000000538,noise,Noise,0,False,0.0
h2_2026_03_23,h2_2026_03_23_t00418,comment,03:47:24.181,Unknown speaker,public,809,242.83299999999872,noise,Noise,0,False,0.0
h2_2026_03_23,h2_2026_03_23_t00421,comment,03:51:30.276,Unknown speaker,official,35,22.181000000000495,noise,Noise,0,False,0.0
h2_2026_03_23,h2_2026_03_23_t00425,comment,03:52:22.763,Unknown speaker,public,95,31.821999999998297,noise,Noise,0,False,0.0
h2_2026_03_23,h2_2026_03_23_t00426,comment,03:52:58.588,Unknown speaker,official,22,8.706000000000131,noise,Noise,0,False,0.0
h2_2026_03_23,h2_2026_03_23_t00429,comment,03:53:22.715,Unknown speaker,official,20,9.851999999998952,noise,Noise,0,False,0.0
h2_2026_03_23,h2_2026_03_23_t00430,comment,03:53:48.318,Unknown speaker,public,27,7.6270000000004075,noise,Noise,0,False,0.0
h2_2026_03_23,h2_2026_03_23_t00435,comment,03:54:29.882,Unknown speaker,official,22,10.509000000000015,noise,Noise,0,False,0.0
h1_2025_12_03,h1_2025_12_03_t00003,comment,00:00:15.605,Unknown speaker,official,72,24.328999999999997,traffic,Traffic,0,False,0.0
h1_2025_12_03,h1_2025_12_03_t00004,comment,00:00:39.954,Unknown speaker,unknown,31,15.271,traffic,Traffic,0,False,0.0
h1_2025_12_03,h1_2025_12_03_t00005,comment,00:01:00.770,Unknown speaker,official,58,25.275,traffic,Traffic,0,False,0.0
h1_2025_12_03,h1_2025_12_03_t00006,comment,00:01:29.200,Unknown speaker,staff,23,19.180999999999997,traffic,Traffic,0,False,0.0
h1_2025_12_03,h1_2025_12_03_t00014,comment,00:02:13.178,Unknown speaker,official,78,25.02600000000001,traffic,Traffic,0,False,0.0
h1_2025_12_03,h1_2025_12_03_t00015,comment,00:02:43.150,Unknown speaker,official,32,9.730999999999995,traffic,Traffic,0,False,0.0
h1_2025_12_03,h1_2025_12_03_t00019,comment,00:03:07.437,Unknown speaker,official,18,7.304000000000002,traffic,Traffic,0,False,0.0
h1_2025_12_03,h1_2025_12_03_t00022,comment,00:04:05.616,Unknown speaker,official,804,287.985,traffic,Traffic,0,False,0.0
h1_2025_12_03,h1_2025_12_03_t00029,comment,00:10:38.713,Unknown speaker,developer,247,83.51800000000003,traffic,Traffic,0,False,0.0
h1_2025_12_03,h1_2025_12_03_t00030,comment,00:12:13.198,Unknown speaker,developer,53,14.513000000000034,traffic,Traffic,0,False,0.0
h1_2025_12_03,h1_2025_12_03_t00031,comment,00:12:35.055,Unknown speaker,developer,84,31.01800000000003,traffic,Traffic,0,False,0.0
h1_2025_12_03,h1_2025_12_03_t00034,comment,00:13:20.818,Unknown speaker,developer,1139,344.1289999999999,traffic,Traffic,0,False,0.0021135642359926387
h1_2025_12_03,h1_2025_12_03_t00035,comment,00:19:08.195,Unknown speaker,developer,797,253.43000000000006,traffic,Traffic,0,False,0.0
h1_2025_12_03,h1_2025_12_03_t00036,comment,00:23:25.968,Unknown speaker,developer,314,92.52199999999993,traffic,Traffic,1,True,0.007945743232452595
h1_2025_12_03,h1_2025_12_03_t00037,comment,00:25:08.446,Unknown speaker,developer,409,130.86800000000017,traffic,Traffic,0,False,0.003249327876907861
h1_2025_12_03,h1_2025_12_03_t00038,comment,00:27:25.706,Unknown speaker,developer,216,60.846000000000004,traffic,Traffic,0,False,0.004765423420164625
h1_2025_12_03,h1_2025_12_03_t00039,comment,00:28:30.338,Unknown speaker,developer,169,54.519000000000005,traffic,Traffic,0,False,0.0
h1_2025_12_03,h1_2025_12_03_t00040,comment,00:29:25.842,Unknown speaker,official,101,26.652999999999793,traffic,Traffic,0,False,0.0
h1_2025_12_03,h1_2025_12_03_t00041,comment,00:29:52.759,Unknown speaker,developer,38,11.242999999999938,traffic,Traffic,0,False,0.0
h1_2025_12_03,h1_2025_12_03_t00045,comment,00:30:19.326,Unknown speaker,public,836,246.4380000000001,traffic,Traffic,1,True,0.010324217264021522
h1_2025_12_03,h1_2025_12_03_t00048,comment,00:34:36.842,Unknown speaker,public,213,79.37599999999975,traffic,Traffic,0,False,0.004719264518217212
h1_2025_12_03,h1_2025_12_03_t00049,comment,00:36:01.937,Unknown speaker,public,254,94.46300000000019,traffic,Traffic,0,False,0.0041093334070092715
h1_2025_12_03,h1_2025_12_03_t00050,comment,00:37:43.546,Unknown speaker,consultant,310,113.25500000000011,traffic,Traffic,1,True,0.009320890463982887
h1_2025_12_03,h1_2025_12_03_t00052,comment,00:39:50.806,Unknown speaker,consultant,493,179.346,traffic,Traffic,1,True,0.007228414184722562
h1_2025_12_03,h1_2025_12_03_t00053,comment,00:43:00.822,Unknown speaker,consultant,24,6.826999999999771,traffic,Traffic,0,False,0.0
h1_2025_12_03,h1_2025_12_03_t00062,comment,00:45:21.576,Unknown speaker,official,20,7.706000000000131,traffic,Traffic,0,False,0.0
h1_2025_12_03,h1_2025_12_03_t00065,comment,00:46:21.059,Unknown speaker,official,155,61.19599999999991,traffic,Traffic,0,False,0.0
h1_2025_12_03,h1_2025_12_03_t00066,comment,00:47:22.655,Unknown speaker,official,64,26.927999999999884,traffic,Traffic,0,False,0.0
h1_2025_12_03,h1_2025_12_03_t00067,comment,00:47:50.090,Unknown speaker,developer,197,57.88599999999997,traffic,Traffic,0,False,0.0
h1_2025_12_03,h1_2025_12_03_t00068,comment,00:48:48.376,Unknown speaker,official,145,58.13099999999986,traffic,Traffic,0,False,0.0
h1_2025_12_03,h1_2025_12_03_t00069,comment,00:49:49.970,Unknown speaker,official,25,11.202999999999975,traffic,Traffic,0,False,0.0
h1_2025_12_03,h1_2025_12_03_t00070,comment,00:50:01.193,Unknown speaker,official,119,39.06700000000001,traffic,Traffic,0,False,0.0
h1_2025_12_03,h1_2025_12_03_t00071,comment,00:50:40.871,Unknown speaker,developer,330,101.94299999999976,traffic,Traffic,0,False,0.0
h1_2025_12_03,h1_2025_12_03_t00072,comment,00:52:22.834,Unknown speaker,official,30,9.595000000000255,traffic,Traffic,0,False,0.0
h1_2025_12_03,h1_2025_12_03_t00073,comment,00:52:32.669,Unknown speaker,developer,59,12.889000000000124,traffic,Traffic,1,True,0.03577423475029032
h1_2025_12_03,h1_2025_12_03_t00076,comment,00:52:53.965,Unknown speaker,official,18,8.38799999999992,traffic,Traffic,0,False,0.0
h1_2025_12_03,h1_2025_12_03_t00077,comment,00:53:03.254,Unknown speaker,official,84,30.184000000000196,traffic,Traffic,0,False,0.0
h1_2025_12_03,h1_2025_12_03_t00078,comment,00:53:36.293,Unknown speaker,developer,72,23.06999999999971,traffic,Traffic,0,False,0.0
h1_2025_12_03,h1_2025_12_03_t00079,comment,00:54:00.303,Unknown speaker,official,32,7.829999999999927,traffic,Traffic,0,False,0.0
h1_2025_12_03,h1_2025_12_03_t00081,comment,00:54:09.693,Unknown speaker,official,18,8.361999999999625,traffic,Traffic,0,False,0.0
h1_2025_12_03,h1_2025_12_03_t00083,comment,00:54:18.895,Unknown speaker,official,68,22.876000000000204,traffic,Traffic,0,False,0.0
h1_2025_12_03,h1_2025_12_03_t00084,comment,00:54:42.251,Unknown speaker,developer,132,40.80799999999999,traffic,Traffic,0,False,0.0
h1_2025_12_03,h1_2025_12_03_t00085,comment,00:55:23.459,Unknown speaker,official,22,5.1030000000000655,traffic,Traffic,0,False,0.0
h1_2025_12_03,h1_2025_12_03_t00086,comment,00:55:29.398,Unknown speaker,developer,89,27.284999999999854,traffic,Traffic,0,False,0.0
h1_2025_12_03,h1_2025_12_03_t00087,comment,00:55:57.742,Unknown speaker,official,35,10.298999999999978,traffic,Traffic,0,False,0.012566458817870042
h1_2025_12_03,h1_2025_12_03_t00088,comment,00:56:09.181,Unknown speaker,developer,48,16.88299999999981,traffic,Traffic,0,False,0.00928792506496647
h1_2025_12_03,h1_2025_12_03_t00091,comment,00:56:34.855,Unknown speaker,official,41,16.153999999999996,traffic,Traffic,0,False,0.0
h1_2025_12_03,h1_2025_12_03_t00093,comment,00:57:02.553,Unknown speaker,developer,87,44.572000000000116,traffic,Traffic,0,False,0.0
h1_2025_12_03,h1_2025_12_03_t00094,comment,00:57:48.495,Unknown speaker,official,20,8.564000000000306,traffic,Traffic,0,False,0.0
h1_2025_12_03,h1_2025_12_03_t00095,comment,00:57:59.080,Unknown speaker,developer,18,3.8020000000001346,traffic,Traffic,0,False,0.0
h1_2025_12_03,h1_2025_12_03_t00096,comment,00:58:04.423,Unknown speaker,official,18,6.703000000000429,traffic,Traffic,0,False,0.0
h1_2025_12_03,h1_2025_12_03_t00103,comment,00:58:28.073,Unknown speaker,official,19,12.48700000000008,traffic,Traffic,0,False,0.0
h1_2025_12_03,h1_2025_12_03_t00104,comment,00:58:45.661,Unknown speaker,official,32,11.143999999999778,traffic,Traffic,0,False,0.0
h1_2025_12_03,h1_2025_12_03_t00105,comment,00:58:58.047,Unknown speaker,developer,199,71.346,traffic,Traffic,0,False,0.0
h1_2025_12_03,h1_2025_12_03_t00107,comment,01:00:14.270,Unknown speaker,developer,48,17.690999999999804,traffic,Traffic,0,False,0.0
h1_2025_12_03,h1_2025_12_03_t00111,comment,01:00:52.184,Unknown speaker,official,49,15.084999999999582,traffic,Traffic,0,False,0.0
h1_2025_12_03,h1_2025_12_03_t00112,comment,01:01:08.148,Unknown speaker,developer,268,86.94499999999971,traffic,Traffic,0,False,0.0
h1_2025_12_03,h1_2025_12_03_t00115,comment,01:02:58.546,Unknown speaker,official,162,52.345000000000255,traffic,Traffic,0,False,0.0
h1_2025_12_03,h1_2025_12_03_t00116,comment,01:03:53.913,Unknown speaker,developer,76,26.235000000000127,traffic,Traffic,0,False,0.01429896615550068
h1_2025_12_03,h1_2025_12_03_t00117,comment,01:04:20.608,Unknown speaker,official,51,14.94399999999996,traffic,Traffic,0,False,0.0
h1_2025_12_03,h1_2025_12_03_t00119,comment,01:04:53.297,Unknown speaker,official,59,17.126999999999953,traffic,Traffic,0,False,0.0
h1_2025_12_03,h1_2025_12_03_t00120,comment,01:05:12.026,Unknown speaker,public,155,46.008000000000266,traffic,Traffic,0,False,0.0
h1_2025_12_03,h1_2025_12_03_t00121,comment,01:06:01.281,Unknown speaker,official,73,26.02500000000009,traffic,Traffic,0,False,0.0
h1_2025_12_03,h1_2025_12_03_t00122,comment,01:06:27.727,Unknown speaker,public,103,35.846000000000004,traffic,Traffic,0,False,0.0
h1_2025_12_03,h1_2025_12_03_t00123,comment,01:07:03.713,Unknown speaker,official,18,5.3419999999996435,traffic,Traffic,0,False,0.0
h1_2025_12_03,h1_2025_12_03_t00124,comment,01:07:12.476,Unknown speaker,official,314,103.20800000000008,traffic,Traffic,0,False,0.0
h1_2025_12_03,h1_2025_12_03_t00125,comment,01:08:57.705,Unknown speaker,official,18,4.8419999999996435,traffic,Traffic,0,False,0.0
h1_2025_12_03,h1_2025_12_03_t00128,comment,01:09:05.608,Unknown speaker,official,21,8.804000000000087,traffic,Traffic,0,False,0.0
h1_2025_12_03,h1_2025_12_03_t00131,comment,01:09:21.783,Unknown speaker,official,19,5.0239999999994325,traffic,Traffic,0,False,0.0
h1_2025_12_03,h1_2025_12_03_t00132,comment,01:09:27.608,Unknown speaker,official,49,15.992999999999483,traffic,Traffic,0,False,0.0
h1_2025_12_03,h1_2025_12_03_t00135,comment,01:09:50.018,Unknown speaker,official,60,17.54399999999987,traffic,Traffic,0,False,0.0
h1_2025_12_03,h1_2025_12_03_t00136,comment,01:10:07.742,Unknown speaker,developer,70,22.425999999999476,traffic,Traffic,0,False,0.0
h1_2025_12_03,h1_2025_12_03_t00139,comment,01:10:40.610,Unknown speaker,official,31,14.639000000000124,traffic,Traffic,0,False,0.0
h1_2025_12_03,h1_2025_12_03_t00140,comment,01:10:58.312,Unknown speaker,official,22,11.488000000000284,traffic,Traffic,0,False,0.0
h1_2025_12_03,h1_2025_12_03_t00141,comment,01:11:12.082,Unknown speaker,official,408,164.66799999999967,traffic,Traffic,0,False,0.0
h1_2025_12_03,h1_2025_12_03_t00142,comment,01:14:02.713,Unknown speaker,official,364,118.8710000000001,traffic,Traffic,9,True,0.07698442321276638
h1_2025_12_03,h1_2025_12_03_t00144,comment,01:16:02.985,Unknown speaker,official,26,10.677999999999884,traffic,Traffic,0,False,0.0
h1_2025_12_03,h1_2025_12_03_t00146,comment,01:16:16.785,Unknown speaker,official,31,8.404999999999745,traffic,Traffic,0,False,0.0
h1_2025_12_03,h1_2025_12_03_t00148,comment,01:17:15.471,Unknown speaker,official,49,13.82800000000043,traffic,Traffic,0,False,0.0
h1_2025_12_03,h1_2025_12_03_t00152,comment,01:18:40.363,Unknown speaker,public,99,29.721999999999753,traffic,Traffic,0,False,0.0
h1_2025_12_03,h1_2025_12_03_t00153,comment,01:19:18.370,Unknown speaker,public,46,12.306999999999789,traffic,Traffic,0,False,0.0
h1_2025_12_03,h1_2025_12_03_t00154,comment,01:19:41.797,Unknown speaker,public,306,110.47900000000027,traffic,Traffic,0,False,0.0
h1_2025_12_03,h1_2025_12_03_t00155,comment,01:21:37.955,Unknown speaker,public,196,75.75,traffic,Traffic,0,False,0.0
h1_2025_12_03,h1_2025_12_03_t00156,comment,01:23:01.011,Unknown speaker,public,558,212.52199999999993,traffic,Traffic,0,False,0.0
h1_2025_12_03,h1_2025_12_03_t00157,comment,01:26:42.316,Unknown speaker,public,81,29.93199999999979,traffic,Traffic,0,False,0.0
h1_2025_12_03,h1_2025_12_03_t00158,comment,01:27:16.117,Unknown speaker,public,87,35.15700000000015,traffic,Traffic,0,False,0.0
h1_2025_12_03,h1_2025_12_03_t00159,comment,01:27:58.241,Unknown speaker,public,252,99.33700000000044,traffic,Traffic,0,False,0.003804626623990151
h1_2025_12_03,h1_2025_12_03_t00160,comment,01:29:46.419,Unknown speaker,public,283,95.46399999999994,traffic,Traffic,0,False,0.0
h1_2025_12_03,h1_2025_12_03_t00161,comment,01:31:25.306,Unknown speaker,public,19,5.926000000000386,traffic,Traffic,0,False,0.0
h1_2025_12_03,h1_2025_12_03_t00162,comment,01:31:38.543,Unknown speaker,public,37,13.631000000000313,traffic,Traffic,0,False,0.0
h1_2025_12_03,h1_2025_12_03_t00163,comment,01:32:00.200,Unknown speaker,public,55,20.67200000000048,traffic,Traffic,0,False,0.0
h1_2025_12_03,h1_2025_12_03_t00165,comment,01:32:37.707,Unknown speaker,public,134,51.826999999999316,traffic,Traffic,0,False,0.0
h1_2025_12_03,h1_2025_12_03_t00166,comment,01:33:34.077,Unknown speaker,public,153,74.8710000000001,traffic,Traffic,0,False,0.0
h1_2025_12_03,h1_2025_12_03_t00167,comment,01:34:53.908,Unknown speaker,public,261,103.8149999999996,traffic,Traffic,0,False,0.0
h1_2025_12_03,h1_2025_12_03_t00168,comment,01:36:41.504,Unknown speaker,public,487,232.0659999999998,traffic,Traffic,0,False,0.005671836257869912
h1_2025_12_03,h1_2025_12_03_t00169,comment,01:40:38.152,Unknown speaker,public,98,51.19800000000032,traffic,Traffic,0,False,0.0
h1_2025_12_03,h1_2025_12_03_t00170,comment,01:41:32.597,Unknown speaker,public,332,138.4930000000004,traffic,Traffic,0,False,0.008204340793144603
h1_2025_12_03,h1_2025_12_03_t00172,comment,01:43:54.812,Unknown speaker,public,161,61.850000000000364,traffic,Traffic,0,False,0.0
h1_2025_12_03,h1_2025_12_03_t00173,comment,01:45:00.618,Unknown speaker,public,187,71.53699999999935,traffic,Traffic,0,False,0.0
h1_2025_12_03,h1_2025_12_03_t00174,comment,01:46:24.416,Unknown speaker,public,343,111.5590000000002,traffic,Traffic,0,False,0.00387748039112184
h1_2025_12_03,h1_2025_12_03_t00175,comment,01:48:24.482,Unknown speaker,official,109,49.39300000000003,traffic,Traffic,0,False,0.0
h1_2025_12_03,h1_2025_12_03_t00176,comment,01:49:20.628,Unknown speaker,official,201,80.82600000000002,traffic,Traffic,0,False,0.0
h1_2025_12_03,h1_2025_12_03_t00177,comment,01:50:41.654,Unknown speaker,official,27,10.695999999999913,traffic,Traffic,0,False,0.0
h1_2025_12_03,h1_2025_12_03_t00185,comment,01:52:36.715,Unknown speaker,official,25,11.590000000000146,traffic,Traffic,0,False,0.0
h1_2025_12_03,h1_2025_12_03_t00190,comment,01:53:01.555,Unknown speaker,official,74,28.305999999999585,traffic,Traffic,0,False,0.0
h1_2025_12_03,h1_2025_12_03_t00191,comment,01:53:30.622,Unknown speaker,public,106,29.59099999999944,traffic,Traffic,0,False,0.0
h1_2025_12_03,h1_2025_12_03_t00192,comment,01:54:00.592,Unknown speaker,official,162,61.44000000000051,traffic,Traffic,0,False,0.0
h1_2025_12_03,h1_2025_12_03_t00193,comment,01:55:03.472,Unknown speaker,public,41,19.54399999999987,traffic,Traffic,0,False,0.0
h1_2025_12_03,h1_2025_12_03_t00194,comment,01:55:29.248,Unknown speaker,public,88,27.347999999999956,traffic,Traffic,0,False,0.0
h1_2025_12_03,h1_2025_12_03_t00195,comment,01:55:59.386,Unknown speaker,public,69,21.14799999999923,traffic,Traffic,0,False,0.0
h1_2025_12_03,h1_2025_12_03_t00198,comment,01:56:34.759,Unknown speaker,official,57,19.01000000000022,traffic,Traffic,0,False,0.0
h1_2025_12_03,h1_2025_12_03_t00200,comment,01:56:56.668,Unknown speaker,public,116,45.98000000000047,traffic,Traffic,0,False,0.0
h1_2025_12_03,h1_2025_12_03_t00202,comment,01:57:47.329,Unknown speaker,official,19,6.082000000000335,traffic,Traffic,0,False,0.0
h1_2025_12_03,h1_2025_12_03_t00203,comment,01:57:56.748,Unknown speaker,official,18,4.863000000000284,traffic,Traffic,0,False,0.0
h1_2025_12_03,h1_2025_12_03_t00205,comment,01:58:05.254,Unknown speaker,official,22,10.886999999999716,traffic,Traffic,0,False,0.0
h1_2025_12_03,h1_2025_12_03_t00206,comment,01:58:18.202,Unknown speaker,public,22,10.20299999999952,traffic,Traffic,0,False,0.0
h1_2025_12_03,h1_2025_12_03_t00210,comment,01:58:42.514,Unknown speaker,public,47,14.963999999999942,traffic,Traffic,0,False,0.0
h1_2025_12_03,h1_2025_12_03_t00211,comment,01:58:58.418,Unknown speaker,official,27,9.846000000000458,traffic,Traffic,0,False,0.0
h1_2025_12_03,h1_2025_12_03_t00212,comment,01:59:09.284,Unknown speaker,public,21,6.444000000000415,traffic,Traffic,0,False,0.0
h1_2025_12_03,h1_2025_12_03_t00214,comment,01:59:21.152,Unknown speaker,public,41,18.853000000000065,traffic,Traffic,0,False,0.0
h1_2025_12_03,h1_2025_12_03_t00216,comment,01:59:42.847,Unknown speaker,official,28,14.083000000000538,traffic,Traffic,0,False,0.0
h1_2025_12_03,h1_2025_12_03_t00220,comment,02:00:09.900,Unknown speaker,official,252,87.60400000000027,traffic,Traffic,0,False,0.0
h1_2025_12_03,h1_2025_12_03_t00223,comment,02:01:41.682,Unknown speaker,public,18,5.525000000000546,traffic,Traffic,0,False,0.0
h1_2025_12_03,h1_2025_12_03_t00227,comment,02:01:59.276,Unknown speaker,official,22,3.7830000000003565,traffic,Traffic,0,False,0.0
h1_2025_12_03,h1_2025_12_03_t00228,comment,02:02:03.119,Unknown speaker,public,152,53.35400000000027,traffic,Traffic,1,True,0.02752911810864557
h1_2025_12_03,h1_2025_12_03_t00230,comment,02:02:58.213,Unknown speaker,public,43,14.076000000000022,traffic,Traffic,0,False,0.0
h1_2025_12_03,h1_2025_12_03_t00231,comment,02:03:12.309,Unknown speaker,official,32,7.645999999999731,traffic,Traffic,0,False,0.0
h1_2025_12_03,h1_2025_12_03_t00232,comment,02:03:20.295,Unknown speaker,public,61,18.960000000000036,traffic,Traffic,0,False,0.0
h1_2025_12_03,h1_2025_12_03_t00233,comment,02:03:39.275,Unknown speaker,official,66,25.10699999999997,traffic,Traffic,0,False,0.0
h1_2025_12_03,h1_2025_12_03_t00235,comment,02:04:12.726,Unknown speaker,official,19,6.983000000000175,traffic,Traffic,0,False,0.0
h1_2025_12_03,h1_2025_12_03_t00238,comment,02:04:28.213,Unknown speaker,official,32,22.105000000000473,traffic,Traffic,0,False,0.0
h1_2025_12_03,h1_2025_12_03_t00239,comment,02:04:56.046,Unknown speaker,official,21,6.184999999999491,traffic,Traffic,0,False,0.0
h1_2025_12_03,h1_2025_12_03_t00244,comment,02:05:15.741,Unknown speaker,official,28,14.041000000000167,traffic,Traffic,0,False,0.0
h1_2025_12_03,h1_2025_12_03_t00246,comment,02:05:48.647,Unknown speaker,official,417,124.26699999999983,traffic,Traffic,0,False,0.0
h1_2025_12_03,h1_2025_12_03_t00247,comment,02:07:54.235,Unknown speaker,public,22,6.927000000000589,traffic,Traffic,0,False,0.0
h1_2025_12_03,h1_2025_12_03_t00248,comment,02:08:01.957,Unknown speaker,official,353,100.3149999999996,traffic,Traffic,2,True,0.029230433235206972
h1_2025_12_03,h1_2025_12_03_t00251,comment,02:09:53.807,Unknown speaker,official,20,7.655000000000655,traffic,Traffic,0,False,0.0
h1_2025_12_03,h1_2025_12_03_t00252,comment,02:10:01.502,Unknown speaker,public,361,113.3189999999995,traffic,Traffic,0,False,0.0
h1_2025_12_03,h1_2025_12_03_t00255,comment,02:11:57.903,Unknown speaker,official,24,6.824999999999818,traffic,Traffic,0,False,0.0
h1_2025_12_03,h1_2025_12_03_t00261,comment,02:12:18.265,Unknown speaker,public,270,79.59299999999985,traffic,Traffic,0,False,0.0
h1_2025_12_03,h1_2025_12_03_t00263,comment,02:13:42.609,Unknown speaker,official,237,84.20599999999922,traffic,Traffic,0,False,0.0
h1_2025_12_03,h1_2025_12_03_t00264,comment,02:15:07.555,Unknown speaker,public,51,23.456999999999425,traffic,Traffic,0,False,0.0
h1_2025_12_03,h1_2025_12_03_t00265,comment,02:15:31.452,Unknown speaker,public,194,66.26600000000053,traffic,Traffic,0,False,0.0083572001280835
h1_2025_12_03,h1_2025_12_03_t00266,comment,02:16:38.759,Unknown speaker,official,37,12.647999999999229,traffic,Traffic,0,False,0.0
h1_2025_12_03,h1_2025_12_03_t00268,comment,02:16:53.488,Unknown speaker,official,57,20.8020000000015,traffic,Traffic,0,False,0.0
h1_2025_12_03,h1_2025_12_03_t00269,comment,02:17:17.372,Unknown speaker,official,55,18.153000000000247,traffic,Traffic,0,False,0.0
h1_2025_12_03,h1_2025_12_03_t00270,comment,02:17:37.322,Unknown speaker,public,127,36.80400000000009,traffic,Traffic,0,False,0.0
h1_2025_12_03,h1_2025_12_03_t00273,comment,02:18:17.849,Unknown speaker,official,29,8.0049999999992,traffic,Traffic,0,False,0.0
h1_2025_12_03,h1_2025_12_03_t00275,comment,02:18:26.891,Unknown speaker,official,142,47.452000000001135,traffic,Traffic,0,False,0.0
h1_2025_12_03,h1_2025_12_03_t00277,comment,02:19:21.536,Unknown speaker,staff,141,53.64400000000023,traffic,Traffic,0,False,0.0
h1_2025_12_03,h1_2025_12_03_t00278,comment,02:20:18.741,Unknown speaker,staff,112,47.638999999999214,traffic,Traffic,0,False,0.010021449564449954
h1_2025_12_03,h1_2025_12_03_t00281,comment,02:21:09.237,Unknown speaker,staff,22,7.483000000000175,traffic,Traffic,0,False,0.0
h1_2025_12_03,h1_2025_12_03_t00282,comment,02:21:19.861,Unknown speaker,staff,20,5.34099999999853,traffic,Traffic,0,False,0.0
h1_2025_12_03,h1_2025_12_03_t00283,comment,02:21:34.898,Unknown speaker,staff,117,51.699000000000524,traffic,Traffic,0,False,0.0
h1_2025_12_03,h1_2025_12_03_t00284,comment,02:22:34.085,Unknown speaker,staff,241,115.44000000000051,traffic,Traffic,0,False,0.0
h1_2025_12_03,h1_2025_12_03_t00286,comment,02:24:40.305,Unknown speaker,official,33,9.066999999999098,traffic,Traffic,0,False,0.0
h1_2025_12_03,h1_2025_12_03_t00287,comment,02:24:52.095,Unknown speaker,staff,471,210.58300000000054,traffic,Traffic,0,False,0.0
h1_2025_12_03,h1_2025_12_03_t00288,comment,02:28:25.720,Unknown speaker,staff,124,47.85200000000077,traffic,Traffic,0,False,0.0
h1_2025_12_03,h1_2025_12_03_t00289,comment,02:29:16.689,Unknown speaker,staff,25,12.265999999999622,traffic,Traffic,0,False,0.0
h1_2025_12_03,h1_2025_12_03_t00297,comment,02:30:12.103,Unknown speaker,consultant,32,15.031000000000859,traffic,Traffic,0,False,0.0
h1_2025_12_03,h1_2025_12_03_t00298,comment,02:30:30.295,Unknown speaker,consultant,598,218.59900000000016,traffic,Traffic,0,False,0.0
h1_2025_12_03,h1_2025_12_03_t00300,comment,02:34:12.775,Unknown speaker,consultant,607,210.19900000000052,traffic,Traffic,0,False,0.0
h1_2025_12_03,h1_2025_12_03_t00301,comment,02:37:47.512,Unknown speaker,consultant,775,290.66399999999885,traffic,Traffic,0,False,0.0024208195339587703
h1_2025_12_03,h1_2025_12_03_t00303,comment,02:42:39.237,Unknown speaker,consultant,380,126.00300000000061,traffic,Traffic,0,False,0.0
h1_2025_12_03,h1_2025_12_03_t00305,comment,02:44:46.400,Unknown speaker,consultant,532,183.47400000000016,traffic,Traffic,0,False,0.005614992676102333
h1_2025_12_03,h1_2025_12_03_t00306,comment,02:47:49.914,Unknown speaker,official,81,28.02599999999984,traffic,Traffic,0,False,0.0
h1_2025_12_03,h1_2025_12_03_t00307,comment,02:48:18.709,Unknown speaker,unknown,114,28.9479999999985,traffic,Traffic,0,False,0.0
h1_2025_12_03,h1_2025_12_03_t00308,comment,02:48:48.247,Unknown speaker,official,108,41.73999999999978,traffic,Traffic,0,False,0.0
h1_2025_12_03,h1_2025_12_03_t00309,comment,02:49:33.028,Unknown speaker,official,20,9.16399999999885,traffic,Traffic,0,False,0.0
h1_2025_12_03,h1_2025_12_03_t00311,comment,02:49:46.417,Unknown speaker,official,78,39.70800000000054,traffic,Traffic,0,False,0.0
h1_2025_12_03,h1_2025_12_03_t00313,comment,02:50:27.825,Unknown speaker,official,30,14.167999999999665,traffic,Traffic,0,False,0.0
h1_2025_12_03,h1_2025_12_03_t00314,comment,02:50:44.580,Unknown speaker,staff,212,98.42900000000009,traffic,Traffic,0,False,0.00727517754389675
h1_2025_12_03,h1_2025_12_03_t00315,comment,02:52:23.249,Unknown speaker,official,77,31.99699999999939,traffic,Traffic,0,False,0.0
h1_2025_12_03,h1_2025_12_03_t00318,comment,02:53:04.913,Unknown speaker,staff,66,27.462999999999738,traffic,Traffic,0,False,0.0
h1_2025_12_03,h1_2025_12_03_t00321,comment,02:53:45.206,Unknown speaker,staff,91,36.55799999999908,traffic,Traffic,0,False,0.00712824965052574
h1_2025_12_03,h1_2025_12_03_t00326,comment,02:54:35.691,Unknown speaker,official,28,6.222999999999956,traffic,Traffic,0,False,0.0
h1_2025_12_03,h1_2025_12_03_t00327,comment,02:54:42.414,Unknown speaker,official,26,12.417999999999665,traffic,Traffic,0,False,0.0
h1_2025_12_03,h1_2025_12_03_t00330,comment,02:55:06.161,Unknown speaker,official,105,33.48899999999958,traffic,Traffic,0,False,0.0
h1_2025_12_03,h1_2025_12_03_t00331,comment,02:55:39.670,Unknown speaker,staff,26,11.962999999999738,traffic,Traffic,0,False,0.0
h1_2025_12_03,h1_2025_12_03_t00334,comment,02:56:04.983,Unknown speaker,official,139,54.615999999999985,traffic,Traffic,0,False,0.0
h1_2025_12_03,h1_2025_12_03_t00335,comment,02:56:59.759,Unknown speaker,consultant,20,4.743000000000393,traffic,Traffic,0,False,0.0
h1_2025_12_03,h1_2025_12_03_t00338,comment,02:57:13.788,Unknown speaker,official,20,5.502999999998792,traffic,Traffic,0,False,0.0
h1_2025_12_03,h1_2025_12_03_t00339,comment,02:57:19.731,Unknown speaker,consultant,18,8.585000000000946,traffic,Traffic,0,False,0.0
h1_2025_12_03,h1_2025_12_03_t00341,comment,02:57:35.020,Unknown speaker,consultant,337,131.6279999999988,traffic,Traffic,0,False,0.0
h1_2025_12_03,h1_2025_12_03_t00342,comment,02:59:46.668,Unknown speaker,official,56,22.02100000000064,traffic,Traffic,0,False,0.0
h1_2025_12_03,h1_2025_12_03_t00343,comment,03:00:09.710,Unknown speaker,consultant,122,39.27000000000044,traffic,Traffic,0,False,0.0
h1_2025_12_03,h1_2025_12_03_t00344,comment,03:00:49.000,Unknown speaker,official,57,17.222999999999956,traffic,Traffic,0,False,0.0
h1_2025_12_03,h1_2025_12_03_t00345,comment,03:01:07.363,Unknown speaker,consultant,71,21.394000000000233,traffic,Traffic,0,False,0.0
h1_2025_12_03,h1_2025_12_03_t00348,comment,03:01:43.332,Unknown speaker,official,74,35.02000000000044,traffic,Traffic,0,False,0.0
h1_2025_12_03,h1_2025_12_03_t00349,comment,03:02:19.298,Unknown speaker,staff,193,64.02899999999863,traffic,Traffic,0,False,0.0
h1_2025_12_03,h1_2025_12_03_t00350,comment,03:03:23.647,Unknown speaker,official,27,14.766999999999825,traffic,Traffic,0,False,0.0
h1_2025_12_03,h1_2025_12_03_t00351,comment,03:03:39.434,Unknown speaker,staff,62,18.585000000000946,traffic,Traffic,0,False,0.0
h1_2025_12_03,h1_2025_12_03_t00352,comment,03:03:58.399,Unknown speaker,official,22,6.023000000001048,traffic,Traffic,0,False,0.0
h1_2025_12_03,h1_2025_12_03_t00359,comment,03:04:22.820,Unknown speaker,official,53,23.971999999999753,traffic,Traffic,0,False,0.0
h1_2025_12_03,h1_2025_12_03_t00361,comment,03:04:51.313,Unknown speaker,official,64,24.913000000000466,traffic,Traffic,0,False,0.0
h1_2025_12_03,h1_2025_12_03_t00362,comment,03:05:16.466,Unknown speaker,consultant,60,20.41899999999987,traffic,Traffic,0,False,0.0
h1_2025_12_03,h1_2025_12_03_t00366,comment,03:05:45.281,Unknown speaker,consultant,26,9.02599999999984,traffic,Traffic,0,False,0.0
h1_2025_12_03,h1_2025_12_03_t00367,comment,03:05:54.707,Unknown speaker,official,140,58.11800000000039,traffic,Traffic,0,False,0.0
h1_2025_12_03,h1_2025_12_03_t00368,comment,03:06:53.445,Unknown speaker,consultant,410,153.02900000000045,traffic,Traffic,0,False,0.0
h1_2025_12_03,h1_2025_12_03_t00369,comment,03:09:26.594,Unknown speaker,official,59,17.10699999999997,traffic,Traffic,0,False,0.0
h1_2025_12_03,h1_2025_12_03_t00372,comment,03:10:28.331,Unknown speaker,official,50,13.825000000000728,traffic,Traffic,0,False,0.0
h1_2025_12_03,h1_2025_12_03_t00373,comment,03:10:47.359,Unknown speaker,official,22,6.403000000000247,traffic,Traffic,0,False,0.0
h1_2025_12_03,h1_2025_12_03_t00375,comment,03:11:46.983,Unknown speaker,official,18,9.604999999999563,traffic,Traffic,0,False,0.0
h1_2025_12_03,h1_2025_12_03_t00378,comment,03:12:00.191,Unknown speaker,unknown,513,193.80099999999948,traffic,Traffic,0,False,0.0
h1_2025_12_03,h1_2025_12_03_t00383,comment,03:16:06.004,Unknown speaker,public,185,65.33699999999953,traffic,Traffic,0,False,0.0
h1_2025_12_03,h1_2025_12_03_t00386,comment,03:17:31.262,Unknown speaker,public,389,127.04399999999987,traffic,Traffic,0,False,0.0
h1_2025_12_03,h1_2025_12_03_t00392,comment,03:20:49.879,Unknown speaker,official,101,46.93499999999949,traffic,Traffic,0,False,0.0
h1_2025_12_03,h1_2025_12_03_t00393,comment,03:21:37.214,Unknown speaker,developer,51,20.046000000000276,traffic,Traffic,0,False,0.0
h1_2025_12_03,h1_2025_12_03_t00394,comment,03:21:57.280,Unknown speaker,official,60,30.307999999999083,traffic,Traffic,0,False,0.0
h1_2025_12_03,h1_2025_12_03_t00395,comment,03:22:27.868,Unknown speaker,developer,70,24.066999999999098,traffic,Traffic,0,False,0.0
h1_2025_12_03,h1_2025_12_03_t00397,comment,03:22:53.277,Unknown speaker,developer,19,4.962999999999738,traffic,Traffic,0,False,0.0
h1_2025_12_03,h1_2025_12_03_t00398,comment,03:22:58.261,Unknown speaker,official,183,56.23400000000038,traffic,Traffic,0,False,0.0
h1_2025_12_03,h1_2025_12_03_t00399,comment,03:23:55.744,Unknown speaker,developer,100,27.995999999999185,traffic,Traffic,0,False,0.0
h1_2025_12_03,h1_2025_12_03_t00400,comment,03:24:24.260,Unknown speaker,official,54,20.050999999999476,traffic,Traffic,0,False,0.0
h1_2025_12_03,h1_2025_12_03_t00404,comment,03:25:06.229,Unknown speaker,official,147,53.71600000000035,traffic,Traffic,0,False,0.0
h1_2025_12_03,h1_2025_12_03_t00406,comment,03:26:11.069,Unknown speaker,official,121,43.65099999999984,traffic,Traffic,0,False,0.0
h1_2025_12_03,h1_2025_12_03_t00408,comment,03:26:59.193,Unknown speaker,official,40,12.268000000000029,traffic,Traffic,0,False,0.0
h1_2025_12_03,h1_2025_12_03_t00410,comment,03:27:21.227,Unknown speaker,official,46,17.282999999999447,traffic,Traffic,0,False,0.0
h1_2025_12_03,h1_2025_12_03_t00412,comment,03:27:41.072,Unknown speaker,official,81,39.215000000000146,traffic,Traffic,0,False,0.0
h1_2025_12_03,h1_2025_12_03_t00413,comment,03:28:22.826,Unknown speaker,developer,34,14.911000000000058,traffic,Traffic,0,False,0.0
h1_2025_12_03,h1_2025_12_03_t00414,comment,03:28:37.757,Unknown speaker,developer,125,54.54500000000007,traffic,Traffic,0,False,0.0
h1_2025_12_03,h1_2025_12_03_t00415,comment,03:29:32.785,Unknown speaker,official,30,13.668999999999869,traffic,Traffic,0,False,0.0
h1_2025_12_03,h1_2025_12_03_t00416,comment,03:29:46.474,Unknown speaker,developer,50,19.674999999999272,traffic,Traffic,0,False,0.0
h1_2025_12_03,h1_2025_12_03_t00418,comment,03:30:12.153,Unknown speaker,developer,48,17.064000000000306,traffic,Traffic,0,False,0.0
h1_2025_12_03,h1_2025_12_03_t00419,comment,03:30:29.237,Unknown speaker,official,27,8.782000000001062,traffic,Traffic,0,False,0.0
h1_2025_12_03,h1_2025_12_03_t00420,comment,03:30:40.060,Unknown speaker,developer,30,9.125,traffic,Traffic,0,False,0.0
h1_2025_12_03,h1_2025_12_03_t00421,comment,03:30:49.905,Unknown speaker,official,109,43.862999999999374,traffic,Traffic,0,False,0.0
h1_2025_12_03,h1_2025_12_03_t00422,comment,03:31:42.322,Unknown speaker,public,294,107.9989999999998,traffic,Traffic,0,False,0.003768137568129756
h1_2025_12_03,h1_2025_12_03_t00425,comment,03:33:42.785,Unknown speaker,official,54,17.82600000000093,traffic,Traffic,0,False,0.0
h1_2025_12_03,h1_2025_12_03_t00426,comment,03:34:00.651,Unknown speaker,developer,23,7.143000000000029,traffic,Traffic,0,False,0.0
h1_2025_12_03,h1_2025_12_03_t00431,comment,03:34:34.392,Unknown speaker,public,627,186.8099999999995,traffic,Traffic,0,False,0.0
h1_2025_12_03,h1_2025_12_03_t00435,comment,03:38:10.771,Unknown speaker,public,438,162.40200000000004,traffic,Traffic,0,False,0.0
h1_2025_12_03,h1_2025_12_03_t00438,comment,03:41:08.792,Unknown speaker,official,34,15.713999999999942,traffic,Traffic,0,False,0.0
h1_2025_12_03,h1_2025_12_03_t00439,comment,03:41:28.451,Unknown speaker,developer,44,17.355000000001382,traffic,Traffic,0,False,0.0
h1_2025_12_03,h1_2025_12_03_t00440,comment,03:41:47.047,Unknown speaker,official,25,9.028000000000247,traffic,Traffic,0,False,0.0
h1_2025_12_03,h1_2025_12_03_t00442,comment,03:42:05.138,Unknown speaker,official,40,17.531999999999243,traffic,Traffic,0,False,0.0
h1_2025_12_03,h1_2025_12_03_t00443,comment,03:42:24.871,Unknown speaker,developer,57,21.822000000000116,traffic,Traffic,0,False,0.0
h1_2025_12_03,h1_2025_12_03_t00444,comment,03:42:52.558,Unknown speaker,official,81,29.738999999999578,traffic,Traffic,0,False,0.0
h1_2025_12_03,h1_2025_12_03_t00445,comment,03:43:23.057,Unknown speaker,official,25,12.682999999999083,traffic,Traffic,0,False,0.0
h1_2025_12_03,h1_2025_12_03_t00449,comment,03:43:44.222,Unknown speaker,official,20,7.541000000001077,traffic,Traffic,0,False,0.0
h1_2025_12_03,h1_2025_12_03_t00453,comment,03:44:05.656,Unknown speaker,public,595,188.4399999999987,traffic,Traffic,0,False,0.0
h1_2025_12_03,h1_2025_12_03_t00457,comment,03:47:25.241,Unknown speaker,official,24,7.543999999999869,traffic,Traffic,0,False,0.0
h1_2025_12_03,h1_2025_12_03_t00459,comment,03:48:00.917,Unknown speaker,public,480,154.53100000000086,traffic,Traffic,0,False,0.0
h1_2025_12_03,h1_2025_12_03_t00461,comment,03:50:48.656,Unknown speaker,official,32,30.894999999998618,traffic,Traffic,0,False,0.0
h1_2025_12_03,h1_2025_12_03_t00462,comment,03:51:25.678,Unknown speaker,public,78,25.391999999999825,traffic,Traffic,0,False,0.0
h1_2025_12_03,h1_2025_12_03_t00464,comment,03:51:55.905,Unknown speaker,public,391,122.66399999999885,traffic,Traffic,0,False,0.0
h1_2025_12_03,h1_2025_12_03_t00468,comment,03:54:18.801,Unknown speaker,official,73,30.632000000001426,traffic,Traffic,0,False,0.0
h1_2025_12_03,h1_2025_12_03_t00469,comment,03:54:52.615,Unknown speaker,official,216,92.44000000000051,traffic,Traffic,0,False,0.008409089332225075
h1_2025_12_03,h1_2025_12_03_t00470,comment,03:56:25.875,Unknown speaker,developer,111,35.2549999999992,traffic,Traffic,0,False,0.0
h1_2025_12_03,h1_2025_12_03_t00471,comment,03:57:01.565,Unknown speaker,official,109,40.052999999999884,traffic,Traffic,0,False,0.0
h1_2025_12_03,h1_2025_12_03_t00472,comment,03:57:41.958,Unknown speaker,developer,391,115.35399999999936,traffic,Traffic,0,False,0.0
h1_2025_12_03,h1_2025_12_03_t00473,comment,03:59:37.832,Unknown speaker,official,44,17.93499999999949,traffic,Traffic,0,False,0.0
h1_2025_12_03,h1_2025_12_03_t00474,comment,03:59:56.528,Unknown speaker,developer,170,57.065999999998894,traffic,Traffic,0,False,0.0
h1_2025_12_03,h1_2025_12_03_t00475,comment,04:00:54.395,Unknown speaker,official,60,21.610999999998967,traffic,Traffic,0,False,0.0
h1_2025_12_03,h1_2025_12_03_t00476,comment,04:01:19.133,Unknown speaker,official,77,30.550999999999476,traffic,Traffic,0,False,0.0
h1_2025_12_03,h1_2025_12_03_t00477,comment,04:01:50.344,Unknown speaker,official,22,10.743000000000393,traffic,Traffic,0,False,0.0
h1_2025_12_03,h1_2025_12_03_t00479,comment,04:02:05.389,Unknown speaker,official,44,19.53900000000067,traffic,Traffic,0,False,0.0
h1_2025_12_03,h1_2025_12_03_t00482,comment,04:02:39.710,Unknown speaker,public,453,125.11599999999999,traffic,Traffic,0,False,0.0
h1_2025_12_03,h1_2025_12_03_t00485,comment,04:05:17.484,Unknown speaker,public,26,16.549999999999272,traffic,Traffic,0,False,0.0
h1_2025_12_03,h1_2025_12_03_t00486,comment,04:05:45.966,Unknown speaker,public,63,17.495999999999185,traffic,Traffic,0,False,0.0
h1_2025_12_03,h1_2025_12_03_t00488,comment,04:06:12.598,Unknown speaker,public,181,87.03900000000067,traffic,Traffic,0,False,0.0
h1_2025_12_03,h1_2025_12_03_t00492,comment,04:08:08.178,Unknown speaker,official,114,45.42200000000048,traffic,Traffic,0,False,0.0
h1_2025_12_03,h1_2025_12_03_t00493,comment,04:08:53.997,Unknown speaker,developer,207,71.6200000000008,traffic,Traffic,0,False,0.0
h1_2025_12_03,h1_2025_12_03_t00498,comment,04:11:04.352,Unknown speaker,public,394,165.39699999999903,traffic,Traffic,0,False,0.0
h1_2025_12_03,h1_2025_12_03_t00503,comment,04:14:27.511,Unknown speaker,public,347,154.72899999999936,traffic,Traffic,0,False,0.0067772000725103655
h1_2025_12_03,h1_2025_12_03_t00504,comment,04:17:05.289,Unknown speaker,public,95,34.22599999999875,traffic,Traffic,0,False,0.01364461956372135
h1_2025_12_03,h1_2025_12_03_t00506,comment,04:17:41.796,Unknown speaker,public,21,9.324999999998909,traffic,Traffic,0,False,0.0
h1_2025_12_03,h1_2025_12_03_t00512,comment,04:18:21.087,Unknown speaker,official,67,26.298000000000684,traffic,Traffic,0,False,0.0
h1_2025_12_03,h1_2025_12_03_t00513,comment,04:18:49.786,Unknown speaker,consultant,127,50.04899999999907,traffic,Traffic,0,False,0.0
h1_2025_12_03,h1_2025_12_03_t00517,comment,04:20:10.053,Unknown speaker,public,207,81.13400000000001,traffic,Traffic,0,False,0.0
h1_2025_12_03,h1_2025_12_03_t00518,comment,04:21:38.792,Unknown speaker,public,244,77.89600000000064,traffic,Traffic,0,False,0.0
h1_2025_12_03,h1_2025_12_03_t00519,comment,04:22:59.949,Unknown speaker,public,110,38.42699999999968,traffic,Traffic,0,False,0.0
h1_2025_12_03,h1_2025_12_03_t00521,comment,04:23:41.077,Unknown speaker,public,336,103.55400000000009,traffic,Traffic,0,False,0.0
h1_2025_12_03,h1_2025_12_03_t00522,comment,04:25:30.514,Unknown speaker,official,129,50.5580000000009,traffic,Traffic,0,False,0.0
h1_2025_12_03,h1_2025_12_03_t00523,comment,04:26:23.031,Unknown speaker,official,64,25.540999999999258,traffic,Traffic,0,False,0.009621453264338478
h1_2025_12_03,h1_2025_12_03_t00524,comment,04:26:50.842,Unknown speaker,developer,49,14.506999999999607,traffic,Traffic,0,False,0.0
h1_2025_12_03,h1_2025_12_03_t00525,comment,04:27:08.710,Unknown speaker,developer,59,24.106000000001586,traffic,Traffic,0,False,0.008650136723731473
h1_2025_12_03,h1_2025_12_03_t00528,comment,04:27:43.189,Unknown speaker,official,70,28.11199999999917,traffic,Traffic,0,False,0.0
h1_2025_12_03,h1_2025_12_03_t00529,comment,04:28:12.882,Unknown speaker,developer,100,35.486000000000786,traffic,Traffic,0,False,0.0
h1_2025_12_03,h1_2025_12_03_t00530,comment,04:28:52.905,Unknown speaker,official,23,9.646999999999025,traffic,Traffic,0,False,0.0
h1_2025_12_03,h1_2025_12_03_t00531,comment,04:29:06.515,Unknown speaker,official,52,11.708000000000538,traffic,Traffic,0,False,0.0
h1_2025_12_03,h1_2025_12_03_t00532,comment,04:29:19.122,Unknown speaker,official,67,23.51300000000083,traffic,Traffic,0,False,0.0
h1_2025_12_03,h1_2025_12_03_t00533,comment,04:29:55.933,Unknown speaker,official,96,23.789999999999054,traffic,Traffic,0,False,0.0
h1_2025_12_03,h1_2025_12_03_t00534,comment,04:30:19.983,Unknown speaker,official,64,18.88500000000022,traffic,Traffic,0,False,0.0
h1_2025_12_03,h1_2025_12_03_t00537,comment,04:30:43.454,Unknown speaker,public,74,21.754000000000815,traffic,Traffic,0,False,0.0
h1_2025_12_03,h1_2025_12_03_t00538,comment,04:31:08.452,Unknown speaker,public,516,162.8720000000012,traffic,Traffic,0,False,0.0
h1_2025_12_03,h1_2025_12_03_t00539,comment,04:33:55.655,Unknown speaker,public,43,13.488000000001193,traffic,Traffic,0,False,0.0
h1_2025_12_03,h1_2025_12_03_t00540,comment,04:34:09.443,Unknown speaker,official,59,18.114000000001397,traffic,Traffic,0,False,0.0
h1_2025_12_03,h1_2025_12_03_t00545,comment,04:34:48.586,Unknown speaker,public,225,80.22400000000198,traffic,Traffic,0,False,0.0
h1_2025_12_03,h1_2025_12_03_t00546,comment,04:36:08.830,Unknown speaker,official,29,10.568999999999505,traffic,Traffic,0,False,0.0
h1_2025_12_03,h1_2025_12_03_t00547,comment,04:36:19.599,Unknown speaker,public,168,57.21700000000055,traffic,Traffic,0,False,0.0
h1_2025_12_03,h1_2025_12_03_t00548,comment,04:37:17.497,Unknown speaker,official,18,4.843000000000757,traffic,Traffic,0,False,0.0
h1_2025_12_03,h1_2025_12_03_t00550,comment,04:37:23.061,Unknown speaker,official,39,13.309999999997672,traffic,Traffic,0,False,0.0
h1_2025_12_03,h1_2025_12_03_t00551,comment,04:37:39.034,Unknown speaker,official,23,5.564000000002125,traffic,Traffic,0,False,0.0
h1_2025_12_03,h1_2025_12_03_t00553,comment,04:37:46.980,Unknown speaker,developer,201,67.63200000000143,traffic,Traffic,0,False,0.0
h1_2025_12_03,h1_2025_12_03_t00554,comment,04:38:55.645,Unknown speaker,official,45,18.955999999998312,traffic,Traffic,0,False,0.0
h1_2025_12_03,h1_2025_12_03_t00555,comment,04:39:14.781,Unknown speaker,developer,210,75.52700000000186,traffic,Traffic,0,False,0.0
h1_2025_12_03,h1_2025_12_03_t00557,comment,04:40:41.472,Unknown speaker,official,55,21.534999999999854,traffic,Traffic,0,False,0.0
h1_2025_12_03,h1_2025_12_03_t00563,comment,04:41:14.780,Unknown speaker,official,20,5.3840000000018335,traffic,Traffic,0,False,0.0
h1_2025_12_03,h1_2025_12_03_t00564,comment,04:41:23.827,Unknown speaker,official,21,7.024999999997817,traffic,Traffic,0,False,0.0
h1_2025_12_03,h1_2025_12_03_t00566,comment,04:44:28.206,Unknown speaker,official,32,23.51800000000003,traffic,Traffic,0,False,0.0
h1_2025_12_03,h1_2025_12_03_t00568,comment,04:45:01.564,Unknown speaker,public,415,132.34800000000178,traffic,Traffic,0,False,0.0
h2_2026_03_23,h2_2026_03_23_t00001,comment,00:00:00.945,Unknown speaker,public,67,19.407,traffic,Traffic,0,False,0.0
h2_2026_03_23,h2_2026_03_23_t00003,comment,00:00:29.619,Unknown speaker,official,30,6.783000000000001,traffic,Traffic,0,False,0.0
h2_2026_03_23,h2_2026_03_23_t00005,comment,00:00:37.823,Unknown speaker,official,40,17.109,traffic,Traffic,0,False,0.0
h2_2026_03_23,h2_2026_03_23_t00008,comment,00:01:14.507,Unknown speaker,staff,34,21.808999999999997,traffic,Traffic,0,False,0.0
h2_2026_03_23,h2_2026_03_23_t00016,comment,00:01:44.715,Unknown speaker,staff,20,17.230999999999995,traffic,Traffic,0,False,0.0
h2_2026_03_23,h2_2026_03_23_t00025,comment,00:03:57.985,Unknown speaker,staff,22,13.044999999999987,traffic,Traffic,0,False,0.0
h2_2026_03_23,h2_2026_03_23_t00038,comment,00:04:35.603,Unknown speaker,official,54,17.882000000000005,traffic,Traffic,0,False,0.0
h2_2026_03_23,h2_2026_03_23_t00041,comment,00:05:05.654,Unknown speaker,official,257,80.565,traffic,Traffic,0,False,0.0
h2_2026_03_23,h2_2026_03_23_t00043,comment,00:07:25.742,Unknown speaker,official,23,13.988,traffic,Traffic,0,False,0.0
h2_2026_03_23,h2_2026_03_23_t00044,comment,00:07:53.333,Unknown speaker,official,65,22.984999999999957,traffic,Traffic,0,False,0.0
h2_2026_03_23,h2_2026_03_23_t00045,comment,00:08:19.765,Unknown speaker,official,201,73.79700000000003,traffic,Traffic,0,False,0.0
h2_2026_03_23,h2_2026_03_23_t00047,comment,00:11:30.417,Unknown speaker,official,187,65.553,traffic,Traffic,0,False,0.0
h2_2026_03_23,h2_2026_03_23_t00076,comment,00:14:50.074,Unknown speaker,official,29,9.605999999999995,traffic,Traffic,0,False,0.0
h2_2026_03_23,h2_2026_03_23_t00077,comment,00:15:07.426,Unknown speaker,developer,32,6.846000000000004,traffic,Traffic,0,False,0.0
h2_2026_03_23,h2_2026_03_23_t00078,comment,00:15:21.198,Unknown speaker,developer,1388,451.5079999999999,traffic,Traffic,1,True,0.012041794152888788
h2_2026_03_23,h2_2026_03_23_t00079,comment,00:23:06.831,Unknown speaker,developer,388,131.16600000000017,traffic,Traffic,2,True,0.0127318151340876
h2_2026_03_23,h2_2026_03_23_t00082,comment,00:25:32.668,Unknown speaker,official,21,8.125,traffic,Traffic,0,False,0.0
h2_2026_03_23,h2_2026_03_23_t00083,comment,00:25:43.034,Unknown speaker,public,679,317.49599999999987,traffic,Traffic,0,False,0.0
h2_2026_03_23,h2_2026_03_23_t00084,comment,00:31:13.089,Unknown speaker,official,43,17.923999999999978,traffic,Traffic,0,False,0.0
h2_2026_03_23,h2_2026_03_23_t00085,comment,00:31:33.554,Unknown speaker,public,696,264.3489999999997,traffic,Traffic,2,True,0.01004967154827466
h2_2026_03_23,h2_2026_03_23_t00086,comment,00:36:05.439,Unknown speaker,official,22,11.62900000000036,traffic,Traffic,0,False,0.0
h2_2026_03_23,h2_2026_03_23_t00087,comment,00:36:17.128,Unknown speaker,consultant,544,196.06399999999985,traffic,Traffic,0,False,0.0
h2_2026_03_23,h2_2026_03_23_t00090,comment,00:39:52.808,Unknown speaker,developer,564,225.8470000000002,traffic,Traffic,0,False,0.0
h2_2026_03_23,h2_2026_03_23_t00091,comment,00:43:44.657,Unknown speaker,developer,18,4.40099999999984,traffic,Traffic,0,False,0.0
h2_2026_03_23,h2_2026_03_23_t00092,comment,00:43:49.518,Unknown speaker,official,19,7.201999999999771,traffic,Traffic,0,False,0.0
h2_2026_03_23,h2_2026_03_23_t00093,comment,00:44:08.182,Unknown speaker,public,204,90.89100000000008,traffic,Traffic,0,False,0.0
h2_2026_03_23,h2_2026_03_23_t00094,comment,00:45:42.797,Unknown speaker,public,251,105.60300000000007,traffic,Traffic,1,True,0.012942563937306051
h2_2026_03_23,h2_2026_03_23_t00095,comment,00:47:31.903,Unknown speaker,public,261,112.9050000000002,traffic,Traffic,0,False,0.004105432068253055
h2_2026_03_23,h2_2026_03_23_t00096,comment,00:49:39.329,Unknown speaker,public,19,12.385999999999967,traffic,Traffic,0,False,0.0
h2_2026_03_23,h2_2026_03_23_t00098,comment,00:49:54.116,Unknown speaker,public,27,8.123999999999796,traffic,Traffic,0,False,0.0
h2_2026_03_23,h2_2026_03_23_t00102,comment,00:50:22.043,Unknown speaker,public,42,17.20699999999988,traffic,Traffic,0,False,0.0
h2_2026_03_23,h2_2026_03_23_t00103,comment,00:50:43.231,Unknown speaker,public,354,116.6859999999997,traffic,Traffic,0,False,0.0082863320126286
h2_2026_03_23,h2_2026_03_23_t00104,comment,00:52:44.451,Unknown speaker,public,72,30.286000000000058,traffic,Traffic,0,False,0.0
h2_2026_03_23,h2_2026_03_23_t00106,comment,00:53:28.809,Unknown speaker,public,103,36.8149999999996,traffic,Traffic,0,False,0.0
h2_2026_03_23,h2_2026_03_23_t00108,comment,00:54:51.299,Unknown speaker,developer,112,37.84400000000005,traffic,Traffic,0,False,0.0
h2_2026_03_23,h2_2026_03_23_t00109,comment,00:55:36.913,Unknown speaker,public,531,203.13499999999976,traffic,Traffic,0,False,0.0
h2_2026_03_23,h2_2026_03_23_t00110,comment,00:59:09.083,Unknown speaker,official,20,9.324999999999818,traffic,Traffic,0,False,0.0
h2_2026_03_23,h2_2026_03_23_t00112,comment,00:59:22.791,Unknown speaker,public,192,78.27700000000004,traffic,Traffic,0,False,0.004847311776627946
h2_2026_03_23,h2_2026_03_23_t00113,comment,01:00:45.550,Unknown speaker,public,38,20.143999999999778,traffic,Traffic,0,False,0.0
h2_2026_03_23,h2_2026_03_23_t00114,comment,01:01:07.516,Unknown speaker,official,29,10.88799999999992,traffic,Traffic,0,False,0.0
h2_2026_03_23,h2_2026_03_23_t00115,comment,01:01:19.545,Unknown speaker,public,41,16.02500000000009,traffic,Traffic,0,False,0.0
h2_2026_03_23,h2_2026_03_23_t00116,comment,01:01:47.333,Unknown speaker,public,367,129.9670000000001,traffic,Traffic,0,False,0.0
h2_2026_03_23,h2_2026_03_23_t00117,comment,01:04:05.896,Unknown speaker,developer,25,5.9669999999996435,traffic,Traffic,0,False,0.0
h2_2026_03_23,h2_2026_03_23_t00119,comment,01:04:22.234,Unknown speaker,public,571,233.50199999999995,traffic,Traffic,0,False,0.0
h2_2026_03_23,h2_2026_03_23_t00120,comment,01:08:19.138,Unknown speaker,public,319,98.90599999999995,traffic,Traffic,0,False,0.0
h2_2026_03_23,h2_2026_03_23_t00121,comment,01:10:06.860,Unknown speaker,public,339,151.1230000000005,traffic,Traffic,0,False,0.0
h2_2026_03_23,h2_2026_03_23_t00122,comment,01:12:41.145,Unknown speaker,public,25,11.359999999999673,traffic,Traffic,0,False,0.0
h2_2026_03_23,h2_2026_03_23_t00124,comment,01:12:54.747,Unknown speaker,public,78,34.764000000000124,traffic,Traffic,0,False,0.0
h2_2026_03_23,h2_2026_03_23_t00125,comment,01:13:39.600,Unknown speaker,public,107,52.714999999999236,traffic,Traffic,0,False,0.0
h2_2026_03_23,h2_2026_03_23_t00126,comment,01:14:34.777,Unknown speaker,official,31,19.141999999999825,traffic,Traffic,0,False,0.0
h2_2026_03_23,h2_2026_03_23_t00127,comment,01:15:02.172,Unknown speaker,official,394,182.53100000000086,traffic,Traffic,0,False,0.0
h2_2026_03_23,h2_2026_03_23_t00129,comment,01:18:10.546,Unknown speaker,official,133,47.32799999999952,traffic,Traffic,0,False,0.00618017932922075
h2_2026_03_23,h2_2026_03_23_t00130,comment,01:18:58.534,Unknown speaker,official,141,55.48400000000038,traffic,Traffic,0,False,0.0
h2_2026_03_23,h2_2026_03_23_t00132,comment,01:20:10.149,Unknown speaker,official,88,41.20299999999952,traffic,Traffic,0,False,0.0
h2_2026_03_23,h2_2026_03_23_t00134,comment,01:21:06.512,Unknown speaker,official,21,7.806000000000495,traffic,Traffic,0,False,0.0
h2_2026_03_23,h2_2026_03_23_t00135,comment,01:21:18.461,Unknown speaker,public,334,122.83500000000004,traffic,Traffic,0,False,0.0032525355482054675
h2_2026_03_23,h2_2026_03_23_t00137,comment,01:23:31.700,Unknown speaker,public,139,53.738000000000284,traffic,Traffic,0,False,0.0
h2_2026_03_23,h2_2026_03_23_t00141,comment,01:24:29.760,Unknown speaker,public,91,36.259000000000015,traffic,Traffic,0,False,0.0
h2_2026_03_23,h2_2026_03_23_t00142,comment,01:25:09.881,Unknown speaker,public,58,23.829999999999927,traffic,Traffic,0,False,0.0
h2_2026_03_23,h2_2026_03_23_t00145,comment,01:25:52.996,Unknown speaker,public,323,126.17799999999988,traffic,Traffic,0,False,0.004118992446209
h2_2026_03_23,h2_2026_03_23_t00147,comment,01:28:12.341,Unknown speaker,public,160,84.5630000000001,traffic,Traffic,0,False,0.0
h2_2026_03_23,h2_2026_03_23_t00151,comment,01:29:51.221,Unknown speaker,public,285,122.87800000000061,traffic,Traffic,0,False,0.0
h2_2026_03_23,h2_2026_03_23_t00153,comment,01:32:02.783,Unknown speaker,public,103,38.107999999999265,traffic,Traffic,0,False,0.0
h2_2026_03_23,h2_2026_03_23_t00154,comment,01:32:44.894,Unknown speaker,public,188,67.29599999999937,traffic,Traffic,0,False,0.004595249875639611
h2_2026_03_23,h2_2026_03_23_t00156,comment,01:34:03.098,Unknown speaker,public,213,67.63799999999992,traffic,Traffic,0,False,0.0
h2_2026_03_23,h2_2026_03_23_t00158,comment,01:35:13.668,Unknown speaker,public,256,85.51600000000053,traffic,Traffic,0,False,0.0
h2_2026_03_23,h2_2026_03_23_t00159,comment,01:36:42.583,Unknown speaker,public,110,29.105000000000473,traffic,Traffic,1,True,0.015181497695791744
h2_2026_03_23,h2_2026_03_23_t00161,comment,01:37:28.177,Unknown speaker,public,329,121.25,traffic,Traffic,0,False,0.0040692167276265455
h2_2026_03_23,h2_2026_03_23_t00163,comment,01:39:38.434,Unknown speaker,official,111,43.64499999999953,traffic,Traffic,1,True,0.011454238495722663
h2_2026_03_23,h2_2026_03_23_t00165,comment,01:40:30.186,Unknown speaker,public,267,80.5590000000002,traffic,Traffic,0,False,0.0
h2_2026_03_23,h2_2026_03_23_t00167,comment,01:41:56.843,Unknown speaker,public,130,32.284999999999854,traffic,Traffic,0,False,0.0
h2_2026_03_23,h2_2026_03_23_t00170,comment,01:42:36.670,Unknown speaker,public,318,122.0010000000002,traffic,Traffic,0,False,0.0
h2_2026_03_23,h2_2026_03_23_t00173,comment,01:44:52.200,Unknown speaker,public,397,121.54700000000048,traffic,Traffic,0,False,0.0033831549908864642
h2_2026_03_23,h2_2026_03_23_t00175,comment,01:47:02.408,Unknown speaker,public,148,45.978000000000065,traffic,Traffic,0,False,0.0
h2_2026_03_23,h2_2026_03_23_t00177,comment,01:47:49.946,Unknown speaker,public,53,16.34900000000016,traffic,Traffic,0,False,0.0
h2_2026_03_23,h2_2026_03_23_t00179,comment,01:48:12.995,Unknown speaker,public,203,52.228000000000065,traffic,Traffic,0,False,0.0
h2_2026_03_23,h2_2026_03_23_t00182,comment,01:50:38.532,Unknown speaker,official,21,6.023000000000138,traffic,Traffic,0,False,0.0
h2_2026_03_23,h2_2026_03_23_t00185,comment,01:50:50.479,Unknown speaker,public,125,45.55000000000018,traffic,Traffic,0,False,0.010447743923419961
h2_2026_03_23,h2_2026_03_23_t00186,comment,01:51:39.385,Unknown speaker,public,100,33.246000000000095,traffic,Traffic,1,True,0.046646400726520286
h2_2026_03_23,h2_2026_03_23_t00188,comment,01:52:26.139,Unknown speaker,public,366,122.92100000000028,traffic,Traffic,0,False,0.0
h2_2026_03_23,h2_2026_03_23_t00192,comment,01:54:49.540,Unknown speaker,public,331,106.53099999999995,traffic,Traffic,0,False,0.0
h2_2026_03_23,h2_2026_03_23_t00194,comment,01:56:38.013,Unknown speaker,public,320,111.95399999999972,traffic,Traffic,0,False,0.0
h2_2026_03_23,h2_2026_03_23_t00195,comment,01:58:33.629,Unknown speaker,public,50,12.54700000000048,traffic,Traffic,0,False,0.0
h2_2026_03_23,h2_2026_03_23_t00197,comment,01:58:59.124,Unknown speaker,public,202,76.80000000000018,traffic,Traffic,0,False,0.0
h2_2026_03_23,h2_2026_03_23_t00199,comment,02:00:18.885,Unknown speaker,public,345,125.11200000000008,traffic,Traffic,0,False,0.0
h2_2026_03_23,h2_2026_03_23_t00203,comment,02:02:33.318,Unknown speaker,public,276,94.4960000000001,traffic,Traffic,0,False,0.004620231534902158
h2_2026_03_23,h2_2026_03_23_t00205,comment,02:04:17.465,Unknown speaker,public,367,117.6239999999998,traffic,Traffic,1,True,0.007375819152541686
h2_2026_03_23,h2_2026_03_23_t00206,comment,02:06:24.118,Unknown speaker,public,344,123.44499999999971,traffic,Traffic,0,False,0.0
h2_2026_03_23,h2_2026_03_23_t00208,comment,02:08:34.233,Unknown speaker,public,271,107.03899999999976,traffic,Traffic,0,False,0.0
h2_2026_03_23,h2_2026_03_23_t00210,comment,02:10:25.802,Unknown speaker,public,438,124.88600000000042,traffic,Traffic,1,True,0.015393531532702778
h2_2026_03_23,h2_2026_03_23_t00216,comment,02:12:48.117,Unknown speaker,official,198,60.05400000000009,traffic,Traffic,0,False,0.0
h2_2026_03_23,h2_2026_03_23_t00218,comment,02:13:57.440,Unknown speaker,public,244,121.01700000000073,traffic,Traffic,0,False,0.0
h2_2026_03_23,h2_2026_03_23_t00220,comment,02:16:07.642,Unknown speaker,public,164,56.746000000001004,traffic,Traffic,0,False,0.0
h2_2026_03_23,h2_2026_03_23_t00221,comment,02:17:08.732,Unknown speaker,public,152,63.59900000000016,traffic,Traffic,0,False,0.0
h2_2026_03_23,h2_2026_03_23_t00224,comment,02:18:36.810,Unknown speaker,public,39,11.483000000000175,traffic,Traffic,0,False,0.0
h2_2026_03_23,h2_2026_03_23_t00225,comment,02:18:52.414,Unknown speaker,public,117,42.96299999999974,traffic,Traffic,0,False,0.0
h2_2026_03_23,h2_2026_03_23_t00227,comment,02:19:44.883,Unknown speaker,public,358,118.59499999999935,traffic,Traffic,0,False,0.0
h2_2026_03_23,h2_2026_03_23_t00229,comment,02:21:51.622,Unknown speaker,public,364,120.67100000000028,traffic,Traffic,0,False,0.005215563742792653
h2_2026_03_23,h2_2026_03_23_t00231,comment,02:24:03.483,Unknown speaker,public,343,128.45899999999892,traffic,Traffic,0,False,0.01391731035480441
h2_2026_03_23,h2_2026_03_23_t00232,comment,02:26:22.468,Unknown speaker,public,262,108.42099999999846,traffic,Traffic,0,False,0.007036778857882807
h2_2026_03_23,h2_2026_03_23_t00233,comment,02:28:20.397,Unknown speaker,public,29,7.586999999999534,traffic,Traffic,0,False,0.0
h2_2026_03_23,h2_2026_03_23_t00236,comment,02:28:45.546,Unknown speaker,public,122,47.190999999998894,traffic,Traffic,0,False,0.0
h2_2026_03_23,h2_2026_03_23_t00240,comment,02:30:03.124,Unknown speaker,public,39,18.028000000000247,traffic,Traffic,0,False,0.0
h2_2026_03_23,h2_2026_03_23_t00241,comment,02:30:24.554,Unknown speaker,public,67,20.771999999999025,traffic,Traffic,0,False,0.0
h2_2026_03_23,h2_2026_03_23_t00242,comment,02:30:48.708,Unknown speaker,public,69,22.47599999999875,traffic,Traffic,0,False,0.0
h2_2026_03_23,h2_2026_03_23_t00243,comment,02:31:16.906,Unknown speaker,public,54,19.797999999998865,traffic,Traffic,0,False,0.0
h2_2026_03_23,h2_2026_03_23_t00244,comment,02:31:40.205,Unknown speaker,public,106,45.486000000000786,traffic,Traffic,0,False,0.0
h2_2026_03_23,h2_2026_03_23_t00245,comment,02:32:28.792,Unknown speaker,public,155,56.12300000000141,traffic,Traffic,1,True,0.015417389038518052
h2_2026_03_23,h2_2026_03_23_t00246,comment,02:33:35.039,Unknown speaker,public,119,38.753999999998996,traffic,Traffic,0,False,0.0
h2_2026_03_23,h2_2026_03_23_t00247,comment,02:34:22.410,Unknown speaker,public,188,60.52000000000044,traffic,Traffic,0,False,0.0
h2_2026_03_23,h2_2026_03_23_t00248,comment,02:35:24.291,Unknown speaker,official,32,11.703000000001339,traffic,Traffic,0,False,0.0
h2_2026_03_23,h2_2026_03_23_t00249,comment,02:35:36.314,Unknown speaker,public,47,13.395000000000437,traffic,Traffic,0,False,0.0
h2_2026_03_23,h2_2026_03_23_t00251,comment,02:35:58.776,Unknown speaker,public,336,96.7569999999996,traffic,Traffic,0,False,0.007953815209346848
h2_2026_03_23,h2_2026_03_23_t00252,comment,02:37:46.420,Unknown speaker,public,394,124.3130000000001,traffic,Traffic,0,False,0.0
h2_2026_03_23,h2_2026_03_23_t00254,comment,02:40:07.442,Unknown speaker,public,296,97.35000000000036,traffic,Traffic,0,False,0.0
h2_2026_03_23,h2_2026_03_23_t00255,comment,02:41:56.973,Unknown speaker,public,293,121.45299999999952,traffic,Traffic,0,False,0.0
h2_2026_03_23,h2_2026_03_23_t00256,comment,02:44:11.429,Unknown speaker,public,361,125.53199999999924,traffic,Traffic,0,False,0.0
h2_2026_03_23,h2_2026_03_23_t00259,comment,02:46:27.462,Unknown speaker,public,118,39.10699999999997,traffic,Traffic,0,False,0.0
h2_2026_03_23,h2_2026_03_23_t00260,comment,02:47:15.502,Unknown speaker,public,375,115.27499999999964,traffic,Traffic,1,True,0.025107042832509398
h2_2026_03_23,h2_2026_03_23_t00261,comment,02:49:20.020,Unknown speaker,public,186,62.608000000000175,traffic,Traffic,0,False,0.0
h2_2026_03_23,h2_2026_03_23_t00262,comment,02:50:32.868,Unknown speaker,public,187,74.06999999999971,traffic,Traffic,0,False,0.0
h2_2026_03_23,h2_2026_03_23_t00263,comment,02:51:57.704,Unknown speaker,public,283,75.42100000000028,traffic,Traffic,0,False,0.0
h2_2026_03_23,h2_2026_03_23_t00264,comment,02:53:21.892,Unknown speaker,public,343,111.0640000000003,traffic,Traffic,0,False,0.0
h2_2026_03_23,h2_2026_03_23_t00265,comment,02:55:23.755,Unknown speaker,public,65,27.19300000000112,traffic,Traffic,2,True,0.06943683877912712
h2_2026_03_23,h2_2026_03_23_t00266,comment,02:55:54.448,Unknown speaker,public,131,52.93499999999949,traffic,Traffic,0,False,0.0
h2_2026_03_23,h2_2026_03_23_t00267,comment,02:56:54.089,Unknown speaker,public,104,34.29700000000048,traffic,Traffic,0,False,0.0
h2_2026_03_23,h2_2026_03_23_t00268,comment,02:57:37.689,Unknown speaker,public,138,41.586999999999534,traffic,Traffic,0,False,0.0
h2_2026_03_23,h2_2026_03_23_t00269,comment,02:58:24.739,Unknown speaker,public,118,40.13500000000022,traffic,Traffic,0,False,0.006836582106713023
h2_2026_03_23,h2_2026_03_23_t00270,comment,02:59:16.462,Unknown speaker,public,65,16.060999999999694,traffic,Traffic,0,False,0.0
h2_2026_03_23,h2_2026_03_23_t00271,comment,02:59:42.012,Unknown speaker,public,113,35.01000000000022,traffic,Traffic,0,False,0.0
h2_2026_03_23,h2_2026_03_23_t00272,comment,03:00:25.758,Unknown speaker,public,76,20.988999999999578,traffic,Traffic,0,False,0.0
h2_2026_03_23,h2_2026_03_23_t00273,comment,03:00:55.035,Unknown speaker,public,44,16.369000000000597,traffic,Traffic,0,False,0.0
h2_2026_03_23,h2_2026_03_23_t00274,comment,03:01:15.967,Unknown speaker,public,115,38.86999999999898,traffic,Traffic,0,False,0.0
h2_2026_03_23,h2_2026_03_23_t00275,comment,03:02:05.202,Unknown speaker,public,426,122.90300000000025,traffic,Traffic,0,False,0.0
h2_2026_03_23,h2_2026_03_23_t00276,comment,03:04:27.320,Unknown speaker,public,122,54.853000000000975,traffic,Traffic,0,False,0.0
h2_2026_03_23,h2_2026_03_23_t00277,comment,03:05:25.468,Unknown speaker,public,113,51.753999999998996,traffic,Traffic,0,False,0.0
h2_2026_03_23,h2_2026_03_23_t00278,comment,03:06:27.980,Unknown speaker,public,245,98.92799999999988,traffic,Traffic,0,False,0.0
h2_2026_03_23,h2_2026_03_23_t00280,comment,03:08:20.218,Unknown speaker,public,75,22.93499999999949,traffic,Traffic,0,False,0.0
h2_2026_03_23,h2_2026_03_23_t00282,comment,03:08:46.773,Unknown speaker,public,84,18.19300000000112,traffic,Traffic,0,False,0.0
h2_2026_03_23,h2_2026_03_23_t00284,comment,03:09:09.909,Unknown speaker,official,29,6.05199999999968,traffic,Traffic,0,False,0.0
h2_2026_03_23,h2_2026_03_23_t00286,comment,03:09:20.402,Unknown speaker,public,276,84.71999999999935,traffic,Traffic,0,False,0.0
h2_2026_03_23,h2_2026_03_23_t00287,comment,03:10:45.703,Unknown speaker,official,77,30.488999999999578,traffic,Traffic,0,False,0.0
h2_2026_03_23,h2_2026_03_23_t00289,comment,03:11:26.566,Unknown speaker,public,166,62.30699999999888,traffic,Traffic,0,False,0.0
h2_2026_03_23,h2_2026_03_23_t00292,comment,03:12:36.996,Unknown speaker,public,187,48.82800000000134,traffic,Traffic,0,False,0.0
h2_2026_03_23,h2_2026_03_23_t00293,comment,03:13:33.590,Unknown speaker,public,130,47.623999999999796,traffic,Traffic,0,False,0.0
h2_2026_03_23,h2_2026_03_23_t00294,comment,03:14:30.085,Unknown speaker,public,22,5.802000000001499,traffic,Traffic,0,False,0.0
h2_2026_03_23,h2_2026_03_23_t00296,comment,03:14:38.348,Unknown speaker,public,127,40.81500000000051,traffic,Traffic,0,False,0.0
h2_2026_03_23,h2_2026_03_23_t00297,comment,03:15:23.862,Unknown speaker,official,24,9.229000000001179,traffic,Traffic,0,False,0.0
h2_2026_03_23,h2_2026_03_23_t00300,comment,03:15:47.123,Unknown speaker,public,58,22.48700000000099,traffic,Traffic,0,False,0.0
h2_2026_03_23,h2_2026_03_23_t00301,comment,03:16:14.271,Unknown speaker,official,22,8.568999999999505,traffic,Traffic,0,False,0.0
h2_2026_03_23,h2_2026_03_23_t00302,comment,03:16:34.048,Unknown speaker,public,89,32.34099999999853,traffic,Traffic,0,False,0.0
h2_2026_03_23,h2_2026_03_23_t00303,comment,03:17:11.853,Unknown speaker,official,28,10.467000000000553,traffic,Traffic,0,False,0.0
h2_2026_03_23,h2_2026_03_23_t00305,comment,03:17:28.156,Unknown speaker,public,28,9.36199999999917,traffic,Traffic,0,False,0.0
h2_2026_03_23,h2_2026_03_23_t00307,comment,03:17:39.879,Unknown speaker,public,43,13.062999999998283,traffic,Traffic,0,False,0.0
h2_2026_03_23,h2_2026_03_23_t00308,comment,03:17:55.183,Unknown speaker,official,27,14.006999999999607,traffic,Traffic,0,False,0.0
h2_2026_03_23,h2_2026_03_23_t00309,comment,03:18:13.304,Unknown speaker,public,54,20.04199999999946,traffic,Traffic,0,False,0.0
h2_2026_03_23,h2_2026_03_23_t00310,comment,03:18:36.561,Unknown speaker,official,45,17.868000000000393,traffic,Traffic,0,False,0.0
h2_2026_03_23,h2_2026_03_23_t00311,comment,03:19:02.232,Unknown speaker,public,464,216.47500000000036,traffic,Traffic,0,False,0.0
h2_2026_03_23,h2_2026_03_23_t00312,comment,03:22:47.208,Unknown speaker,public,71,32.149999999999636,traffic,Traffic,0,False,0.0
h2_2026_03_23,h2_2026_03_23_t00313,comment,03:23:24.306,Unknown speaker,public,46,24.23199999999997,traffic,Traffic,0,False,0.0
h2_2026_03_23,h2_2026_03_23_t00315,comment,03:24:08.390,Unknown speaker,developer,815,280.96600000000035,traffic,Traffic,1,True,0.011457385508760253
h2_2026_03_23,h2_2026_03_23_t00316,comment,03:28:50.956,Unknown speaker,official,45,19.593000000000757,traffic,Traffic,0,False,0.0
h2_2026_03_23,h2_2026_03_23_t00319,comment,03:29:15.852,Unknown speaker,official,33,14.023999999999432,traffic,Traffic,0,False,0.0
h2_2026_03_23,h2_2026_03_23_t00320,comment,03:29:33.319,Unknown speaker,official,117,47.02599999999984,traffic,Traffic,0,False,0.0
h2_2026_03_23,h2_2026_03_23_t00321,comment,03:30:23.838,Unknown speaker,official,26,10.825000000000728,traffic,Traffic,0,False,0.0
h2_2026_03_23,h2_2026_03_23_t00322,comment,03:30:39.365,Unknown speaker,official,22,5.802999999999884,traffic,Traffic,0,False,0.0
h2_2026_03_23,h2_2026_03_23_t00365,comment,03:33:22.654,Unknown speaker,official,22,10.688000000000102,traffic,Traffic,0,False,0.0
h2_2026_03_23,h2_2026_03_23_t00368,comment,03:33:40.608,Unknown speaker,staff,61,18.85399999999936,traffic,Traffic,0,False,0.0
h2_2026_03_23,h2_2026_03_23_t00371,comment,03:34:22.417,Unknown speaker,official,23,6.663000000000466,traffic,Traffic,0,False,0.0
h2_2026_03_23,h2_2026_03_23_t00372,comment,03:34:29.160,Unknown speaker,staff,22,6.163000000000466,traffic,Traffic,0,False,0.0
h2_2026_03_23,h2_2026_03_23_t00373,comment,03:34:49.098,Unknown speaker,official,26,7.826000000000931,traffic,Traffic,0,False,0.0
h2_2026_03_23,h2_2026_03_23_t00377,comment,03:35:14.967,Unknown speaker,staff,100,37.8169999999991,traffic,Traffic,0,False,0.0
h2_2026_03_23,h2_2026_03_23_t00381,comment,03:36:37.529,Unknown speaker,staff,37,13.02599999999984,traffic,Traffic,0,False,0.0
h2_2026_03_23,h2_2026_03_23_t00382,comment,03:36:52.396,Unknown speaker,official,35,11.737999999999374,traffic,Traffic,0,False,0.0
h2_2026_03_23,h2_2026_03_23_t00385,comment,03:37:16.497,Unknown speaker,staff,42,16.403000000000247,traffic,Traffic,0,False,0.0
h2_2026_03_23,h2_2026_03_23_t00387,comment,03:37:41.510,Unknown speaker,official,30,9.806000000000495,traffic,Traffic,0,False,0.0
h2_2026_03_23,h2_2026_03_23_t00390,comment,03:38:32.187,Unknown speaker,official,31,10.566000000000713,traffic,Traffic,0,False,0.0
h2_2026_03_23,h2_2026_03_23_t00395,comment,03:40:38.890,Unknown speaker,official,22,8.98700000000099,traffic,Traffic,0,False,0.0
h2_2026_03_23,h2_2026_03_23_t00407,comment,03:42:08.243,Unknown speaker,public,28,11.147999999999229,traffic,Traffic,0,False,0.0
h2_2026_03_23,h2_2026_03_23_t00409,comment,03:42:24.595,Unknown speaker,public,282,97.53900000000067,traffic,Traffic,0,False,0.0
h2_2026_03_23,h2_2026_03_23_t00411,comment,03:44:03.527,Unknown speaker,public,334,123.48300000000017,traffic,Traffic,0,False,0.0
h2_2026_03_23,h2_2026_03_23_t00412,comment,03:46:07.171,Unknown speaker,official,31,14.46600000000035,traffic,Traffic,0,False,0.0
h2_2026_03_23,h2_2026_03_23_t00413,comment,03:46:24.660,Unknown speaker,official,34,15.583000000000538,traffic,Traffic,0,False,0.0
h2_2026_03_23,h2_2026_03_23_t00418,comment,03:47:24.181,Unknown speaker,public,809,242.83299999999872,traffic,Traffic,0,False,0.0
h2_2026_03_23,h2_2026_03_23_t00421,comment,03:51:30.276,Unknown speaker,official,35,22.181000000000495,traffic,Traffic,0,False,0.0
h2_2026_03_23,h2_2026_03_23_t00425,comment,03:52:22.763,Unknown speaker,public,95,31.821999999998297,traffic,Traffic,0,False,0.0
h2_2026_03_23,h2_2026_03_23_t00426,comment,03:52:58.588,Unknown speaker,official,22,8.706000000000131,traffic,Traffic,0,False,0.0
h2_2026_03_23,h2_2026_03_23_t00429,comment,03:53:22.715,Unknown speaker,official,20,9.851999999998952,traffic,Traffic,0,False,0.0
h2_2026_03_23,h2_2026_03_23_t00430,comment,03:53:48.318,Unknown speaker,public,27,7.6270000000004075,traffic,Traffic,0,False,0.0
h2_2026_03_23,h2_2026_03_23_t00435,comment,03:54:29.882,Unknown speaker,official,22,10.509000000000015,traffic,Traffic,0,False,0.0
h1_2025_12_03,h1_2025_12_03_t00003,comment,00:00:15.605,Unknown speaker,official,72,24.328999999999997,air_quality,Air quality,0,False,0.0
h1_2025_12_03,h1_2025_12_03_t00004,comment,00:00:39.954,Unknown speaker,unknown,31,15.271,air_quality,Air quality,0,False,0.0
h1_2025_12_03,h1_2025_12_03_t00005,comment,00:01:00.770,Unknown speaker,official,58,25.275,air_quality,Air quality,0,False,0.0
h1_2025_12_03,h1_2025_12_03_t00006,comment,00:01:29.200,Unknown speaker,staff,23,19.180999999999997,air_quality,Air quality,0,False,0.0
h1_2025_12_03,h1_2025_12_03_t00014,comment,00:02:13.178,Unknown speaker,official,78,25.02600000000001,air_quality,Air quality,0,False,0.0
h1_2025_12_03,h1_2025_12_03_t00015,comment,00:02:43.150,Unknown speaker,official,32,9.730999999999995,air_quality,Air quality,0,False,0.0
h1_2025_12_03,h1_2025_12_03_t00019,comment,00:03:07.437,Unknown speaker,official,18,7.304000000000002,air_quality,Air quality,0,False,0.0
h1_2025_12_03,h1_2025_12_03_t00022,comment,00:04:05.616,Unknown speaker,official,804,287.985,air_quality,Air quality,0,False,0.0
h1_2025_12_03,h1_2025_12_03_t00029,comment,00:10:38.713,Unknown speaker,developer,247,83.51800000000003,air_quality,Air quality,0,False,0.0
h1_2025_12_03,h1_2025_12_03_t00030,comment,00:12:13.198,Unknown speaker,developer,53,14.513000000000034,air_quality,Air quality,0,False,0.0
h1_2025_12_03,h1_2025_12_03_t00031,comment,00:12:35.055,Unknown speaker,developer,84,31.01800000000003,air_quality,Air quality,0,False,0.0
h1_2025_12_03,h1_2025_12_03_t00034,comment,00:13:20.818,Unknown speaker,developer,1139,344.1289999999999,air_quality,Air quality,0,False,0.003118785871161409
h1_2025_12_03,h1_2025_12_03_t00035,comment,00:19:08.195,Unknown speaker,developer,797,253.43000000000006,air_quality,Air quality,0,False,0.013639919828686243
h1_2025_12_03,h1_2025_12_03_t00036,comment,00:23:25.968,Unknown speaker,developer,314,92.52199999999993,air_quality,Air quality,0,False,0.0
h1_2025_12_03,h1_2025_12_03_t00037,comment,00:25:08.446,Unknown speaker,developer,409,130.86800000000017,air_quality,Air quality,0,False,0.0
h1_2025_12_03,h1_2025_12_03_t00038,comment,00:27:25.706,Unknown speaker,developer,216,60.846000000000004,air_quality,Air quality,0,False,0.0
h1_2025_12_03,h1_2025_12_03_t00039,comment,00:28:30.338,Unknown speaker,developer,169,54.519000000000005,air_quality,Air quality,0,False,0.0
h1_2025_12_03,h1_2025_12_03_t00040,comment,00:29:25.842,Unknown speaker,official,101,26.652999999999793,air_quality,Air quality,0,False,0.0
h1_2025_12_03,h1_2025_12_03_t00041,comment,00:29:52.759,Unknown speaker,developer,38,11.242999999999938,air_quality,Air quality,0,False,0.0
h1_2025_12_03,h1_2025_12_03_t00045,comment,00:30:19.326,Unknown speaker,public,836,246.4380000000001,air_quality,Air quality,0,False,0.0
h1_2025_12_03,h1_2025_12_03_t00048,comment,00:34:36.842,Unknown speaker,public,213,79.37599999999975,air_quality,Air quality,0,False,0.0
h1_2025_12_03,h1_2025_12_03_t00049,comment,00:36:01.937,Unknown speaker,public,254,94.46300000000019,air_quality,Air quality,0,False,0.0
h1_2025_12_03,h1_2025_12_03_t00050,comment,00:37:43.546,Unknown speaker,consultant,310,113.25500000000011,air_quality,Air quality,0,False,0.0
h1_2025_12_03,h1_2025_12_03_t00052,comment,00:39:50.806,Unknown speaker,consultant,493,179.346,air_quality,Air quality,0,False,0.0
h1_2025_12_03,h1_2025_12_03_t00053,comment,00:43:00.822,Unknown speaker,consultant,24,6.826999999999771,air_quality,Air quality,0,False,0.0
h1_2025_12_03,h1_2025_12_03_t00062,comment,00:45:21.576,Unknown speaker,official,20,7.706000000000131,air_quality,Air quality,0,False,0.0
h1_2025_12_03,h1_2025_12_03_t00065,comment,00:46:21.059,Unknown speaker,official,155,61.19599999999991,air_quality,Air quality,0,False,0.0
h1_2025_12_03,h1_2025_12_03_t00066,comment,00:47:22.655,Unknown speaker,official,64,26.927999999999884,air_quality,Air quality,0,False,0.0
h1_2025_12_03,h1_2025_12_03_t00067,comment,00:47:50.090,Unknown speaker,developer,197,57.88599999999997,air_quality,Air quality,0,False,0.0
h1_2025_12_03,h1_2025_12_03_t00068,comment,00:48:48.376,Unknown speaker,official,145,58.13099999999986,air_quality,Air quality,0,False,0.0
h1_2025_12_03,h1_2025_12_03_t00069,comment,00:49:49.970,Unknown speaker,official,25,11.202999999999975,air_quality,Air quality,0,False,0.0
h1_2025_12_03,h1_2025_12_03_t00070,comment,00:50:01.193,Unknown speaker,official,119,39.06700000000001,air_quality,Air quality,0,False,0.0
h1_2025_12_03,h1_2025_12_03_t00071,comment,00:50:40.871,Unknown speaker,developer,330,101.94299999999976,air_quality,Air quality,2,True,0.018103888908591634
h1_2025_12_03,h1_2025_12_03_t00072,comment,00:52:22.834,Unknown speaker,official,30,9.595000000000255,air_quality,Air quality,0,False,0.0
h1_2025_12_03,h1_2025_12_03_t00073,comment,00:52:32.669,Unknown speaker,developer,59,12.889000000000124,air_quality,Air quality,0,False,0.0
h1_2025_12_03,h1_2025_12_03_t00076,comment,00:52:53.965,Unknown speaker,official,18,8.38799999999992,air_quality,Air quality,0,False,0.0
h1_2025_12_03,h1_2025_12_03_t00077,comment,00:53:03.254,Unknown speaker,official,84,30.184000000000196,air_quality,Air quality,0,False,0.0
h1_2025_12_03,h1_2025_12_03_t00078,comment,00:53:36.293,Unknown speaker,developer,72,23.06999999999971,air_quality,Air quality,0,False,0.0
h1_2025_12_03,h1_2025_12_03_t00079,comment,00:54:00.303,Unknown speaker,official,32,7.829999999999927,air_quality,Air quality,0,False,0.0
h1_2025_12_03,h1_2025_12_03_t00081,comment,00:54:09.693,Unknown speaker,official,18,8.361999999999625,air_quality,Air quality,0,False,0.0
h1_2025_12_03,h1_2025_12_03_t00083,comment,00:54:18.895,Unknown speaker,official,68,22.876000000000204,air_quality,Air quality,0,False,0.0
h1_2025_12_03,h1_2025_12_03_t00084,comment,00:54:42.251,Unknown speaker,developer,132,40.80799999999999,air_quality,Air quality,0,False,0.0
h1_2025_12_03,h1_2025_12_03_t00085,comment,00:55:23.459,Unknown speaker,official,22,5.1030000000000655,air_quality,Air quality,0,False,0.0
h1_2025_12_03,h1_2025_12_03_t00086,comment,00:55:29.398,Unknown speaker,developer,89,27.284999999999854,air_quality,Air quality,0,False,0.0
h1_2025_12_03,h1_2025_12_03_t00087,comment,00:55:57.742,Unknown speaker,official,35,10.298999999999978,air_quality,Air quality,0,False,0.0
h1_2025_12_03,h1_2025_12_03_t00088,comment,00:56:09.181,Unknown speaker,developer,48,16.88299999999981,air_quality,Air quality,0,False,0.0
h1_2025_12_03,h1_2025_12_03_t00091,comment,00:56:34.855,Unknown speaker,official,41,16.153999999999996,air_quality,Air quality,0,False,0.0
h1_2025_12_03,h1_2025_12_03_t00093,comment,00:57:02.553,Unknown speaker,developer,87,44.572000000000116,air_quality,Air quality,0,False,0.0
h1_2025_12_03,h1_2025_12_03_t00094,comment,00:57:48.495,Unknown speaker,official,20,8.564000000000306,air_quality,Air quality,0,False,0.0
h1_2025_12_03,h1_2025_12_03_t00095,comment,00:57:59.080,Unknown speaker,developer,18,3.8020000000001346,air_quality,Air quality,0,False,0.0
h1_2025_12_03,h1_2025_12_03_t00096,comment,00:58:04.423,Unknown speaker,official,18,6.703000000000429,air_quality,Air quality,0,False,0.0
h1_2025_12_03,h1_2025_12_03_t00103,comment,00:58:28.073,Unknown speaker,official,19,12.48700000000008,air_quality,Air quality,0,False,0.0
h1_2025_12_03,h1_2025_12_03_t00104,comment,00:58:45.661,Unknown speaker,official,32,11.143999999999778,air_quality,Air quality,0,False,0.0
h1_2025_12_03,h1_2025_12_03_t00105,comment,00:58:58.047,Unknown speaker,developer,199,71.346,air_quality,Air quality,0,False,0.0
h1_2025_12_03,h1_2025_12_03_t00107,comment,01:00:14.270,Unknown speaker,developer,48,17.690999999999804,air_quality,Air quality,0,False,0.0
h1_2025_12_03,h1_2025_12_03_t00111,comment,01:00:52.184,Unknown speaker,official,49,15.084999999999582,air_quality,Air quality,3,True,0.07866575863310525
h1_2025_12_03,h1_2025_12_03_t00112,comment,01:01:08.148,Unknown speaker,developer,268,86.94499999999971,air_quality,Air quality,3,True,0.04422926566188184
h1_2025_12_03,h1_2025_12_03_t00115,comment,01:02:58.546,Unknown speaker,official,162,52.345000000000255,air_quality,Air quality,0,False,0.0
h1_2025_12_03,h1_2025_12_03_t00116,comment,01:03:53.913,Unknown speaker,developer,76,26.235000000000127,air_quality,Air quality,0,False,0.0
h1_2025_12_03,h1_2025_12_03_t00117,comment,01:04:20.608,Unknown speaker,official,51,14.94399999999996,air_quality,Air quality,0,False,0.0
h1_2025_12_03,h1_2025_12_03_t00119,comment,01:04:53.297,Unknown speaker,official,59,17.126999999999953,air_quality,Air quality,0,False,0.0
h1_2025_12_03,h1_2025_12_03_t00120,comment,01:05:12.026,Unknown speaker,public,155,46.008000000000266,air_quality,Air quality,0,False,0.0
h1_2025_12_03,h1_2025_12_03_t00121,comment,01:06:01.281,Unknown speaker,official,73,26.02500000000009,air_quality,Air quality,0,False,0.0
h1_2025_12_03,h1_2025_12_03_t00122,comment,01:06:27.727,Unknown speaker,public,103,35.846000000000004,air_quality,Air quality,0,False,0.0
h1_2025_12_03,h1_2025_12_03_t00123,comment,01:07:03.713,Unknown speaker,official,18,5.3419999999996435,air_quality,Air quality,0,False,0.0
h1_2025_12_03,h1_2025_12_03_t00124,comment,01:07:12.476,Unknown speaker,official,314,103.20800000000008,air_quality,Air quality,0,False,0.0
h1_2025_12_03,h1_2025_12_03_t00125,comment,01:08:57.705,Unknown speaker,official,18,4.8419999999996435,air_quality,Air quality,0,False,0.0
h1_2025_12_03,h1_2025_12_03_t00128,comment,01:09:05.608,Unknown speaker,official,21,8.804000000000087,air_quality,Air quality,0,False,0.0
h1_2025_12_03,h1_2025_12_03_t00131,comment,01:09:21.783,Unknown speaker,official,19,5.0239999999994325,air_quality,Air quality,0,False,0.0
h1_2025_12_03,h1_2025_12_03_t00132,comment,01:09:27.608,Unknown speaker,official,49,15.992999999999483,air_quality,Air quality,0,False,0.0
h1_2025_12_03,h1_2025_12_03_t00135,comment,01:09:50.018,Unknown speaker,official,60,17.54399999999987,air_quality,Air quality,0,False,0.0
h1_2025_12_03,h1_2025_12_03_t00136,comment,01:10:07.742,Unknown speaker,developer,70,22.425999999999476,air_quality,Air quality,0,False,0.0
h1_2025_12_03,h1_2025_12_03_t00139,comment,01:10:40.610,Unknown speaker,official,31,14.639000000000124,air_quality,Air quality,0,False,0.0
h1_2025_12_03,h1_2025_12_03_t00140,comment,01:10:58.312,Unknown speaker,official,22,11.488000000000284,air_quality,Air quality,0,False,0.0
h1_2025_12_03,h1_2025_12_03_t00141,comment,01:11:12.082,Unknown speaker,official,408,164.66799999999967,air_quality,Air quality,0,False,0.0
h1_2025_12_03,h1_2025_12_03_t00142,comment,01:14:02.713,Unknown speaker,official,364,118.8710000000001,air_quality,Air quality,0,False,0.0
h1_2025_12_03,h1_2025_12_03_t00144,comment,01:16:02.985,Unknown speaker,official,26,10.677999999999884,air_quality,Air quality,0,False,0.0
h1_2025_12_03,h1_2025_12_03_t00146,comment,01:16:16.785,Unknown speaker,official,31,8.404999999999745,air_quality,Air quality,0,False,0.0
h1_2025_12_03,h1_2025_12_03_t00148,comment,01:17:15.471,Unknown speaker,official,49,13.82800000000043,air_quality,Air quality,0,False,0.0
h1_2025_12_03,h1_2025_12_03_t00152,comment,01:18:40.363,Unknown speaker,public,99,29.721999999999753,air_quality,Air quality,0,False,0.0
h1_2025_12_03,h1_2025_12_03_t00153,comment,01:19:18.370,Unknown speaker,public,46,12.306999999999789,air_quality,Air quality,0,False,0.0
h1_2025_12_03,h1_2025_12_03_t00154,comment,01:19:41.797,Unknown speaker,public,306,110.47900000000027,air_quality,Air quality,1,True,0.01981579762028806
h1_2025_12_03,h1_2025_12_03_t00155,comment,01:21:37.955,Unknown speaker,public,196,75.75,air_quality,Air quality,0,False,0.0
h1_2025_12_03,h1_2025_12_03_t00156,comment,01:23:01.011,Unknown speaker,public,558,212.52199999999993,air_quality,Air quality,6,True,0.03972321594044778
h1_2025_12_03,h1_2025_12_03_t00157,comment,01:26:42.316,Unknown speaker,public,81,29.93199999999979,air_quality,Air quality,0,False,0.017848415871284443
h1_2025_12_03,h1_2025_12_03_t00158,comment,01:27:16.117,Unknown speaker,public,87,35.15700000000015,air_quality,Air quality,0,False,0.0
h1_2025_12_03,h1_2025_12_03_t00159,comment,01:27:58.241,Unknown speaker,public,252,99.33700000000044,air_quality,Air quality,0,False,0.0
h1_2025_12_03,h1_2025_12_03_t00160,comment,01:29:46.419,Unknown speaker,public,283,95.46399999999994,air_quality,Air quality,0,False,0.0
h1_2025_12_03,h1_2025_12_03_t00161,comment,01:31:25.306,Unknown speaker,public,19,5.926000000000386,air_quality,Air quality,0,False,0.0
h1_2025_12_03,h1_2025_12_03_t00162,comment,01:31:38.543,Unknown speaker,public,37,13.631000000000313,air_quality,Air quality,0,False,0.0
h1_2025_12_03,h1_2025_12_03_t00163,comment,01:32:00.200,Unknown speaker,public,55,20.67200000000048,air_quality,Air quality,0,False,0.012017584883811917
h1_2025_12_03,h1_2025_12_03_t00165,comment,01:32:37.707,Unknown speaker,public,134,51.826999999999316,air_quality,Air quality,0,False,0.0
h1_2025_12_03,h1_2025_12_03_t00166,comment,01:33:34.077,Unknown speaker,public,153,74.8710000000001,air_quality,Air quality,0,False,0.0
h1_2025_12_03,h1_2025_12_03_t00167,comment,01:34:53.908,Unknown speaker,public,261,103.8149999999996,air_quality,Air quality,0,False,0.0
h1_2025_12_03,h1_2025_12_03_t00168,comment,01:36:41.504,Unknown speaker,public,487,232.0659999999998,air_quality,Air quality,0,False,0.0
h1_2025_12_03,h1_2025_12_03_t00169,comment,01:40:38.152,Unknown speaker,public,98,51.19800000000032,air_quality,Air quality,0,False,0.0
h1_2025_12_03,h1_2025_12_03_t00170,comment,01:41:32.597,Unknown speaker,public,332,138.4930000000004,air_quality,Air quality,2,True,0.026971921098689948
h1_2025_12_03,h1_2025_12_03_t00172,comment,01:43:54.812,Unknown speaker,public,161,61.850000000000364,air_quality,Air quality,0,False,0.0
h1_2025_12_03,h1_2025_12_03_t00173,comment,01:45:00.618,Unknown speaker,public,187,71.53699999999935,air_quality,Air quality,0,False,0.012973738850059395
h1_2025_12_03,h1_2025_12_03_t00174,comment,01:46:24.416,Unknown speaker,public,343,111.5590000000002,air_quality,Air quality,0,False,0.006441707937642848
h1_2025_12_03,h1_2025_12_03_t00175,comment,01:48:24.482,Unknown speaker,official,109,49.39300000000003,air_quality,Air quality,0,False,0.0
h1_2025_12_03,h1_2025_12_03_t00176,comment,01:49:20.628,Unknown speaker,official,201,80.82600000000002,air_quality,Air quality,0,False,0.0
h1_2025_12_03,h1_2025_12_03_t00177,comment,01:50:41.654,Unknown speaker,official,27,10.695999999999913,air_quality,Air quality,0,False,0.0
h1_2025_12_03,h1_2025_12_03_t00185,comment,01:52:36.715,Unknown speaker,official,25,11.590000000000146,air_quality,Air quality,0,False,0.0
h1_2025_12_03,h1_2025_12_03_t00190,comment,01:53:01.555,Unknown speaker,official,74,28.305999999999585,air_quality,Air quality,0,False,0.0
h1_2025_12_03,h1_2025_12_03_t00191,comment,01:53:30.622,Unknown speaker,public,106,29.59099999999944,air_quality,Air quality,0,False,0.0
h1_2025_12_03,h1_2025_12_03_t00192,comment,01:54:00.592,Unknown speaker,official,162,61.44000000000051,air_quality,Air quality,0,False,0.0
h1_2025_12_03,h1_2025_12_03_t00193,comment,01:55:03.472,Unknown speaker,public,41,19.54399999999987,air_quality,Air quality,0,False,0.0
h1_2025_12_03,h1_2025_12_03_t00194,comment,01:55:29.248,Unknown speaker,public,88,27.347999999999956,air_quality,Air quality,0,False,0.0
h1_2025_12_03,h1_2025_12_03_t00195,comment,01:55:59.386,Unknown speaker,public,69,21.14799999999923,air_quality,Air quality,0,False,0.0
h1_2025_12_03,h1_2025_12_03_t00198,comment,01:56:34.759,Unknown speaker,official,57,19.01000000000022,air_quality,Air quality,0,False,0.0
h1_2025_12_03,h1_2025_12_03_t00200,comment,01:56:56.668,Unknown speaker,public,116,45.98000000000047,air_quality,Air quality,0,False,0.0
h1_2025_12_03,h1_2025_12_03_t00202,comment,01:57:47.329,Unknown speaker,official,19,6.082000000000335,air_quality,Air quality,0,False,0.0
h1_2025_12_03,h1_2025_12_03_t00203,comment,01:57:56.748,Unknown speaker,official,18,4.863000000000284,air_quality,Air quality,0,False,0.0
h1_2025_12_03,h1_2025_12_03_t00205,comment,01:58:05.254,Unknown speaker,official,22,10.886999999999716,air_quality,Air quality,0,False,0.0
h1_2025_12_03,h1_2025_12_03_t00206,comment,01:58:18.202,Unknown speaker,public,22,10.20299999999952,air_quality,Air quality,0,False,0.0
h1_2025_12_03,h1_2025_12_03_t00210,comment,01:58:42.514,Unknown speaker,public,47,14.963999999999942,air_quality,Air quality,0,False,0.0
h1_2025_12_03,h1_2025_12_03_t00211,comment,01:58:58.418,Unknown speaker,official,27,9.846000000000458,air_quality,Air quality,0,False,0.0
h1_2025_12_03,h1_2025_12_03_t00212,comment,01:59:09.284,Unknown speaker,public,21,6.444000000000415,air_quality,Air quality,0,False,0.02311425216397131
h1_2025_12_03,h1_2025_12_03_t00214,comment,01:59:21.152,Unknown speaker,public,41,18.853000000000065,air_quality,Air quality,0,False,0.0
h1_2025_12_03,h1_2025_12_03_t00216,comment,01:59:42.847,Unknown speaker,official,28,14.083000000000538,air_quality,Air quality,0,False,0.0
h1_2025_12_03,h1_2025_12_03_t00220,comment,02:00:09.900,Unknown speaker,official,252,87.60400000000027,air_quality,Air quality,0,False,0.006282507252751109
h1_2025_12_03,h1_2025_12_03_t00223,comment,02:01:41.682,Unknown speaker,public,18,5.525000000000546,air_quality,Air quality,0,False,0.0
h1_2025_12_03,h1_2025_12_03_t00227,comment,02:01:59.276,Unknown speaker,official,22,3.7830000000003565,air_quality,Air quality,0,False,0.0
h1_2025_12_03,h1_2025_12_03_t00228,comment,02:02:03.119,Unknown speaker,public,152,53.35400000000027,air_quality,Air quality,0,False,0.0
h1_2025_12_03,h1_2025_12_03_t00230,comment,02:02:58.213,Unknown speaker,public,43,14.076000000000022,air_quality,Air quality,0,False,0.0
h1_2025_12_03,h1_2025_12_03_t00231,comment,02:03:12.309,Unknown speaker,official,32,7.645999999999731,air_quality,Air quality,0,False,0.0
h1_2025_12_03,h1_2025_12_03_t00232,comment,02:03:20.295,Unknown speaker,public,61,18.960000000000036,air_quality,Air quality,0,False,0.03164608939186952
h1_2025_12_03,h1_2025_12_03_t00233,comment,02:03:39.275,Unknown speaker,official,66,25.10699999999997,air_quality,Air quality,0,False,0.0
h1_2025_12_03,h1_2025_12_03_t00235,comment,02:04:12.726,Unknown speaker,official,19,6.983000000000175,air_quality,Air quality,0,False,0.0
h1_2025_12_03,h1_2025_12_03_t00238,comment,02:04:28.213,Unknown speaker,official,32,22.105000000000473,air_quality,Air quality,0,False,0.0
h1_2025_12_03,h1_2025_12_03_t00239,comment,02:04:56.046,Unknown speaker,official,21,6.184999999999491,air_quality,Air quality,2,True,0.05733963604530714
h1_2025_12_03,h1_2025_12_03_t00244,comment,02:05:15.741,Unknown speaker,official,28,14.041000000000167,air_quality,Air quality,2,True,0.049149279224384466
h1_2025_12_03,h1_2025_12_03_t00246,comment,02:05:48.647,Unknown speaker,official,417,124.26699999999983,air_quality,Air quality,0,False,0.0
h1_2025_12_03,h1_2025_12_03_t00247,comment,02:07:54.235,Unknown speaker,public,22,6.927000000000589,air_quality,Air quality,0,False,0.0
h1_2025_12_03,h1_2025_12_03_t00248,comment,02:08:01.957,Unknown speaker,official,353,100.3149999999996,air_quality,Air quality,0,False,0.0056013412139051776
h1_2025_12_03,h1_2025_12_03_t00251,comment,02:09:53.807,Unknown speaker,official,20,7.655000000000655,air_quality,Air quality,0,False,0.0
h1_2025_12_03,h1_2025_12_03_t00252,comment,02:10:01.502,Unknown speaker,public,361,113.3189999999995,air_quality,Air quality,0,False,0.0
h1_2025_12_03,h1_2025_12_03_t00255,comment,02:11:57.903,Unknown speaker,official,24,6.824999999999818,air_quality,Air quality,0,False,0.0
h1_2025_12_03,h1_2025_12_03_t00261,comment,02:12:18.265,Unknown speaker,public,270,79.59299999999985,air_quality,Air quality,0,False,0.0
h1_2025_12_03,h1_2025_12_03_t00263,comment,02:13:42.609,Unknown speaker,official,237,84.20599999999922,air_quality,Air quality,2,True,0.018742236435156125
h1_2025_12_03,h1_2025_12_03_t00264,comment,02:15:07.555,Unknown speaker,public,51,23.456999999999425,air_quality,Air quality,1,True,0.021610182657573772
h1_2025_12_03,h1_2025_12_03_t00265,comment,02:15:31.452,Unknown speaker,public,194,66.26600000000053,air_quality,Air quality,2,True,0.0334931651404912
h1_2025_12_03,h1_2025_12_03_t00266,comment,02:16:38.759,Unknown speaker,official,37,12.647999999999229,air_quality,Air quality,0,False,0.0
h1_2025_12_03,h1_2025_12_03_t00268,comment,02:16:53.488,Unknown speaker,official,57,20.8020000000015,air_quality,Air quality,0,False,0.0
h1_2025_12_03,h1_2025_12_03_t00269,comment,02:17:17.372,Unknown speaker,official,55,18.153000000000247,air_quality,Air quality,0,False,0.0
h1_2025_12_03,h1_2025_12_03_t00270,comment,02:17:37.322,Unknown speaker,public,127,36.80400000000009,air_quality,Air quality,0,False,0.0
h1_2025_12_03,h1_2025_12_03_t00273,comment,02:18:17.849,Unknown speaker,official,29,8.0049999999992,air_quality,Air quality,0,False,0.0
h1_2025_12_03,h1_2025_12_03_t00275,comment,02:18:26.891,Unknown speaker,official,142,47.452000000001135,air_quality,Air quality,0,False,0.0
h1_2025_12_03,h1_2025_12_03_t00277,comment,02:19:21.536,Unknown speaker,staff,141,53.64400000000023,air_quality,Air quality,0,False,0.0
h1_2025_12_03,h1_2025_12_03_t00278,comment,02:20:18.741,Unknown speaker,staff,112,47.638999999999214,air_quality,Air quality,0,False,0.0
h1_2025_12_03,h1_2025_12_03_t00281,comment,02:21:09.237,Unknown speaker,staff,22,7.483000000000175,air_quality,Air quality,0,False,0.0
h1_2025_12_03,h1_2025_12_03_t00282,comment,02:21:19.861,Unknown speaker,staff,20,5.34099999999853,air_quality,Air quality,0,False,0.0
h1_2025_12_03,h1_2025_12_03_t00283,comment,02:21:34.898,Unknown speaker,staff,117,51.699000000000524,air_quality,Air quality,0,False,0.0
h1_2025_12_03,h1_2025_12_03_t00284,comment,02:22:34.085,Unknown speaker,staff,241,115.44000000000051,air_quality,Air quality,0,False,0.0
h1_2025_12_03,h1_2025_12_03_t00286,comment,02:24:40.305,Unknown speaker,official,33,9.066999999999098,air_quality,Air quality,0,False,0.0
h1_2025_12_03,h1_2025_12_03_t00287,comment,02:24:52.095,Unknown speaker,staff,471,210.58300000000054,air_quality,Air quality,0,False,0.0
h1_2025_12_03,h1_2025_12_03_t00288,comment,02:28:25.720,Unknown speaker,staff,124,47.85200000000077,air_quality,Air quality,0,False,0.0
h1_2025_12_03,h1_2025_12_03_t00289,comment,02:29:16.689,Unknown speaker,staff,25,12.265999999999622,air_quality,Air quality,0,False,0.0
h1_2025_12_03,h1_2025_12_03_t00297,comment,02:30:12.103,Unknown speaker,consultant,32,15.031000000000859,air_quality,Air quality,0,False,0.0
h1_2025_12_03,h1_2025_12_03_t00298,comment,02:30:30.295,Unknown speaker,consultant,598,218.59900000000016,air_quality,Air quality,0,False,0.003923600683648539
h1_2025_12_03,h1_2025_12_03_t00300,comment,02:34:12.775,Unknown speaker,consultant,607,210.19900000000052,air_quality,Air quality,0,False,0.0
h1_2025_12_03,h1_2025_12_03_t00301,comment,02:37:47.512,Unknown speaker,consultant,775,290.66399999999885,air_quality,Air quality,0,False,0.0
h1_2025_12_03,h1_2025_12_03_t00303,comment,02:42:39.237,Unknown speaker,consultant,380,126.00300000000061,air_quality,Air quality,0,False,0.0
h1_2025_12_03,h1_2025_12_03_t00305,comment,02:44:46.400,Unknown speaker,consultant,532,183.47400000000016,air_quality,Air quality,0,False,0.0
h1_2025_12_03,h1_2025_12_03_t00306,comment,02:47:49.914,Unknown speaker,official,81,28.02599999999984,air_quality,Air quality,0,False,0.0
h1_2025_12_03,h1_2025_12_03_t00307,comment,02:48:18.709,Unknown speaker,unknown,114,28.9479999999985,air_quality,Air quality,0,False,0.0
h1_2025_12_03,h1_2025_12_03_t00308,comment,02:48:48.247,Unknown speaker,official,108,41.73999999999978,air_quality,Air quality,0,False,0.0
h1_2025_12_03,h1_2025_12_03_t00309,comment,02:49:33.028,Unknown speaker,official,20,9.16399999999885,air_quality,Air quality,0,False,0.0
h1_2025_12_03,h1_2025_12_03_t00311,comment,02:49:46.417,Unknown speaker,official,78,39.70800000000054,air_quality,Air quality,0,False,0.0
h1_2025_12_03,h1_2025_12_03_t00313,comment,02:50:27.825,Unknown speaker,official,30,14.167999999999665,air_quality,Air quality,0,False,0.0
h1_2025_12_03,h1_2025_12_03_t00314,comment,02:50:44.580,Unknown speaker,staff,212,98.42900000000009,air_quality,Air quality,0,False,0.0
h1_2025_12_03,h1_2025_12_03_t00315,comment,02:52:23.249,Unknown speaker,official,77,31.99699999999939,air_quality,Air quality,0,False,0.0
h1_2025_12_03,h1_2025_12_03_t00318,comment,02:53:04.913,Unknown speaker,staff,66,27.462999999999738,air_quality,Air quality,0,False,0.0
h1_2025_12_03,h1_2025_12_03_t00321,comment,02:53:45.206,Unknown speaker,staff,91,36.55799999999908,air_quality,Air quality,0,False,0.0
h1_2025_12_03,h1_2025_12_03_t00326,comment,02:54:35.691,Unknown speaker,official,28,6.222999999999956,air_quality,Air quality,0,False,0.0
h1_2025_12_03,h1_2025_12_03_t00327,comment,02:54:42.414,Unknown speaker,official,26,12.417999999999665,air_quality,Air quality,0,False,0.0
h1_2025_12_03,h1_2025_12_03_t00330,comment,02:55:06.161,Unknown speaker,official,105,33.48899999999958,air_quality,Air quality,0,False,0.0
h1_2025_12_03,h1_2025_12_03_t00331,comment,02:55:39.670,Unknown speaker,staff,26,11.962999999999738,air_quality,Air quality,0,False,0.0
h1_2025_12_03,h1_2025_12_03_t00334,comment,02:56:04.983,Unknown speaker,official,139,54.615999999999985,air_quality,Air quality,0,False,0.0
h1_2025_12_03,h1_2025_12_03_t00335,comment,02:56:59.759,Unknown speaker,consultant,20,4.743000000000393,air_quality,Air quality,0,False,0.0
h1_2025_12_03,h1_2025_12_03_t00338,comment,02:57:13.788,Unknown speaker,official,20,5.502999999998792,air_quality,Air quality,0,False,0.0
h1_2025_12_03,h1_2025_12_03_t00339,comment,02:57:19.731,Unknown speaker,consultant,18,8.585000000000946,air_quality,Air quality,0,False,0.0
h1_2025_12_03,h1_2025_12_03_t00341,comment,02:57:35.020,Unknown speaker,consultant,337,131.6279999999988,air_quality,Air quality,0,False,0.0
h1_2025_12_03,h1_2025_12_03_t00342,comment,02:59:46.668,Unknown speaker,official,56,22.02100000000064,air_quality,Air quality,0,False,0.0
h1_2025_12_03,h1_2025_12_03_t00343,comment,03:00:09.710,Unknown speaker,consultant,122,39.27000000000044,air_quality,Air quality,1,True,0.010022577261283248
h1_2025_12_03,h1_2025_12_03_t00344,comment,03:00:49.000,Unknown speaker,official,57,17.222999999999956,air_quality,Air quality,0,False,0.0
h1_2025_12_03,h1_2025_12_03_t00345,comment,03:01:07.363,Unknown speaker,consultant,71,21.394000000000233,air_quality,Air quality,0,False,0.013286201559906837
h1_2025_12_03,h1_2025_12_03_t00348,comment,03:01:43.332,Unknown speaker,official,74,35.02000000000044,air_quality,Air quality,0,False,0.0
h1_2025_12_03,h1_2025_12_03_t00349,comment,03:02:19.298,Unknown speaker,staff,193,64.02899999999863,air_quality,Air quality,0,False,0.0
h1_2025_12_03,h1_2025_12_03_t00350,comment,03:03:23.647,Unknown speaker,official,27,14.766999999999825,air_quality,Air quality,0,False,0.0
h1_2025_12_03,h1_2025_12_03_t00351,comment,03:03:39.434,Unknown speaker,staff,62,18.585000000000946,air_quality,Air quality,0,False,0.0
h1_2025_12_03,h1_2025_12_03_t00352,comment,03:03:58.399,Unknown speaker,official,22,6.023000000001048,air_quality,Air quality,0,False,0.0
h1_2025_12_03,h1_2025_12_03_t00359,comment,03:04:22.820,Unknown speaker,official,53,23.971999999999753,air_quality,Air quality,0,False,0.0
h1_2025_12_03,h1_2025_12_03_t00361,comment,03:04:51.313,Unknown speaker,official,64,24.913000000000466,air_quality,Air quality,0,False,0.0
h1_2025_12_03,h1_2025_12_03_t00362,comment,03:05:16.466,Unknown speaker,consultant,60,20.41899999999987,air_quality,Air quality,0,False,0.0
h1_2025_12_03,h1_2025_12_03_t00366,comment,03:05:45.281,Unknown speaker,consultant,26,9.02599999999984,air_quality,Air quality,0,False,0.0
h1_2025_12_03,h1_2025_12_03_t00367,comment,03:05:54.707,Unknown speaker,official,140,58.11800000000039,air_quality,Air quality,0,False,0.0
h1_2025_12_03,h1_2025_12_03_t00368,comment,03:06:53.445,Unknown speaker,consultant,410,153.02900000000045,air_quality,Air quality,0,False,0.0
h1_2025_12_03,h1_2025_12_03_t00369,comment,03:09:26.594,Unknown speaker,official,59,17.10699999999997,air_quality,Air quality,0,False,0.0
h1_2025_12_03,h1_2025_12_03_t00372,comment,03:10:28.331,Unknown speaker,official,50,13.825000000000728,air_quality,Air quality,0,False,0.0
h1_2025_12_03,h1_2025_12_03_t00373,comment,03:10:47.359,Unknown speaker,official,22,6.403000000000247,air_quality,Air quality,0,False,0.0
h1_2025_12_03,h1_2025_12_03_t00375,comment,03:11:46.983,Unknown speaker,official,18,9.604999999999563,air_quality,Air quality,0,False,0.0
h1_2025_12_03,h1_2025_12_03_t00378,comment,03:12:00.191,Unknown speaker,unknown,513,193.80099999999948,air_quality,Air quality,1,True,0.011376266524210761
h1_2025_12_03,h1_2025_12_03_t00383,comment,03:16:06.004,Unknown speaker,public,185,65.33699999999953,air_quality,Air quality,0,False,0.0
h1_2025_12_03,h1_2025_12_03_t00386,comment,03:17:31.262,Unknown speaker,public,389,127.04399999999987,air_quality,Air quality,0,False,0.004887441687672577
h1_2025_12_03,h1_2025_12_03_t00392,comment,03:20:49.879,Unknown speaker,official,101,46.93499999999949,air_quality,Air quality,0,False,0.0
h1_2025_12_03,h1_2025_12_03_t00393,comment,03:21:37.214,Unknown speaker,developer,51,20.046000000000276,air_quality,Air quality,0,False,0.0
h1_2025_12_03,h1_2025_12_03_t00394,comment,03:21:57.280,Unknown speaker,official,60,30.307999999999083,air_quality,Air quality,0,False,0.0
h1_2025_12_03,h1_2025_12_03_t00395,comment,03:22:27.868,Unknown speaker,developer,70,24.066999999999098,air_quality,Air quality,0,False,0.0
h1_2025_12_03,h1_2025_12_03_t00397,comment,03:22:53.277,Unknown speaker,developer,19,4.962999999999738,air_quality,Air quality,0,False,0.0
h1_2025_12_03,h1_2025_12_03_t00398,comment,03:22:58.261,Unknown speaker,official,183,56.23400000000038,air_quality,Air quality,0,False,0.0
h1_2025_12_03,h1_2025_12_03_t00399,comment,03:23:55.744,Unknown speaker,developer,100,27.995999999999185,air_quality,Air quality,0,False,0.0
h1_2025_12_03,h1_2025_12_03_t00400,comment,03:24:24.260,Unknown speaker,official,54,20.050999999999476,air_quality,Air quality,0,False,0.0
h1_2025_12_03,h1_2025_12_03_t00404,comment,03:25:06.229,Unknown speaker,official,147,53.71600000000035,air_quality,Air quality,0,False,0.0
h1_2025_12_03,h1_2025_12_03_t00406,comment,03:26:11.069,Unknown speaker,official,121,43.65099999999984,air_quality,Air quality,0,False,0.0
h1_2025_12_03,h1_2025_12_03_t00408,comment,03:26:59.193,Unknown speaker,official,40,12.268000000000029,air_quality,Air quality,0,False,0.0
h1_2025_12_03,h1_2025_12_03_t00410,comment,03:27:21.227,Unknown speaker,official,46,17.282999999999447,air_quality,Air quality,4,True,0.07301452962933089
h1_2025_12_03,h1_2025_12_03_t00412,comment,03:27:41.072,Unknown speaker,official,81,39.215000000000146,air_quality,Air quality,3,True,0.04975204740029595
h1_2025_12_03,h1_2025_12_03_t00413,comment,03:28:22.826,Unknown speaker,developer,34,14.911000000000058,air_quality,Air quality,1,True,0.02867987492883881
h1_2025_12_03,h1_2025_12_03_t00414,comment,03:28:37.757,Unknown speaker,developer,125,54.54500000000007,air_quality,Air quality,4,True,0.0718264420898469
h1_2025_12_03,h1_2025_12_03_t00415,comment,03:29:32.785,Unknown speaker,official,30,13.668999999999869,air_quality,Air quality,1,True,0.02833141550674718
h1_2025_12_03,h1_2025_12_03_t00416,comment,03:29:46.474,Unknown speaker,developer,50,19.674999999999272,air_quality,Air quality,1,True,0.017286394287823435
h1_2025_12_03,h1_2025_12_03_t00418,comment,03:30:12.153,Unknown speaker,developer,48,17.064000000000306,air_quality,Air quality,0,False,0.0
h1_2025_12_03,h1_2025_12_03_t00419,comment,03:30:29.237,Unknown speaker,official,27,8.782000000001062,air_quality,Air quality,1,True,0.03039314285559491
h1_2025_12_03,h1_2025_12_03_t00420,comment,03:30:40.060,Unknown speaker,developer,30,9.125,air_quality,Air quality,1,True,0.05925955568030063
h1_2025_12_03,h1_2025_12_03_t00421,comment,03:30:49.905,Unknown speaker,official,109,43.862999999999374,air_quality,Air quality,0,False,0.0
h1_2025_12_03,h1_2025_12_03_t00422,comment,03:31:42.322,Unknown speaker,public,294,107.9989999999998,air_quality,Air quality,0,False,0.0
h1_2025_12_03,h1_2025_12_03_t00425,comment,03:33:42.785,Unknown speaker,official,54,17.82600000000093,air_quality,Air quality,0,False,0.0
h1_2025_12_03,h1_2025_12_03_t00426,comment,03:34:00.651,Unknown speaker,developer,23,7.143000000000029,air_quality,Air quality,0,False,0.0
h1_2025_12_03,h1_2025_12_03_t00431,comment,03:34:34.392,Unknown speaker,public,627,186.8099999999995,air_quality,Air quality,0,False,0.008100562550368822
h1_2025_12_03,h1_2025_12_03_t00435,comment,03:38:10.771,Unknown speaker,public,438,162.40200000000004,air_quality,Air quality,0,False,0.009075458742207667
h1_2025_12_03,h1_2025_12_03_t00438,comment,03:41:08.792,Unknown speaker,official,34,15.713999999999942,air_quality,Air quality,0,False,0.0
h1_2025_12_03,h1_2025_12_03_t00439,comment,03:41:28.451,Unknown speaker,developer,44,17.355000000001382,air_quality,Air quality,0,False,0.0
h1_2025_12_03,h1_2025_12_03_t00440,comment,03:41:47.047,Unknown speaker,official,25,9.028000000000247,air_quality,Air quality,0,False,0.0
h1_2025_12_03,h1_2025_12_03_t00442,comment,03:42:05.138,Unknown speaker,official,40,17.531999999999243,air_quality,Air quality,0,False,0.0
h1_2025_12_03,h1_2025_12_03_t00443,comment,03:42:24.871,Unknown speaker,developer,57,21.822000000000116,air_quality,Air quality,0,False,0.015292999175960501
h1_2025_12_03,h1_2025_12_03_t00444,comment,03:42:52.558,Unknown speaker,official,81,29.738999999999578,air_quality,Air quality,0,False,0.0
h1_2025_12_03,h1_2025_12_03_t00445,comment,03:43:23.057,Unknown speaker,official,25,12.682999999999083,air_quality,Air quality,0,False,0.0
h1_2025_12_03,h1_2025_12_03_t00449,comment,03:43:44.222,Unknown speaker,official,20,7.541000000001077,air_quality,Air quality,0,False,0.0
h1_2025_12_03,h1_2025_12_03_t00453,comment,03:44:05.656,Unknown speaker,public,595,188.4399999999987,air_quality,Air quality,0,False,0.006625808511235546
h1_2025_12_03,h1_2025_12_03_t00457,comment,03:47:25.241,Unknown speaker,official,24,7.543999999999869,air_quality,Air quality,0,False,0.0
h1_2025_12_03,h1_2025_12_03_t00459,comment,03:48:00.917,Unknown speaker,public,480,154.53100000000086,air_quality,Air quality,0,False,0.0
h1_2025_12_03,h1_2025_12_03_t00461,comment,03:50:48.656,Unknown speaker,official,32,30.894999999998618,air_quality,Air quality,0,False,0.0
h1_2025_12_03,h1_2025_12_03_t00462,comment,03:51:25.678,Unknown speaker,public,78,25.391999999999825,air_quality,Air quality,0,False,0.0
h1_2025_12_03,h1_2025_12_03_t00464,comment,03:51:55.905,Unknown speaker,public,391,122.66399999999885,air_quality,Air quality,0,False,0.0
h1_2025_12_03,h1_2025_12_03_t00468,comment,03:54:18.801,Unknown speaker,official,73,30.632000000001426,air_quality,Air quality,0,False,0.0
h1_2025_12_03,h1_2025_12_03_t00469,comment,03:54:52.615,Unknown speaker,official,216,92.44000000000051,air_quality,Air quality,0,False,0.0
h1_2025_12_03,h1_2025_12_03_t00470,comment,03:56:25.875,Unknown speaker,developer,111,35.2549999999992,air_quality,Air quality,0,False,0.0
h1_2025_12_03,h1_2025_12_03_t00471,comment,03:57:01.565,Unknown speaker,official,109,40.052999999999884,air_quality,Air quality,0,False,0.0
h1_2025_12_03,h1_2025_12_03_t00472,comment,03:57:41.958,Unknown speaker,developer,391,115.35399999999936,air_quality,Air quality,0,False,0.0
h1_2025_12_03,h1_2025_12_03_t00473,comment,03:59:37.832,Unknown speaker,official,44,17.93499999999949,air_quality,Air quality,0,False,0.0
h1_2025_12_03,h1_2025_12_03_t00474,comment,03:59:56.528,Unknown speaker,developer,170,57.065999999998894,air_quality,Air quality,0,False,0.0
h1_2025_12_03,h1_2025_12_03_t00475,comment,04:00:54.395,Unknown speaker,official,60,21.610999999998967,air_quality,Air quality,0,False,0.0
h1_2025_12_03,h1_2025_12_03_t00476,comment,04:01:19.133,Unknown speaker,official,77,30.550999999999476,air_quality,Air quality,0,False,0.0
h1_2025_12_03,h1_2025_12_03_t00477,comment,04:01:50.344,Unknown speaker,official,22,10.743000000000393,air_quality,Air quality,0,False,0.0
h1_2025_12_03,h1_2025_12_03_t00479,comment,04:02:05.389,Unknown speaker,official,44,19.53900000000067,air_quality,Air quality,0,False,0.0
h1_2025_12_03,h1_2025_12_03_t00482,comment,04:02:39.710,Unknown speaker,public,453,125.11599999999999,air_quality,Air quality,0,False,0.0
h1_2025_12_03,h1_2025_12_03_t00485,comment,04:05:17.484,Unknown speaker,public,26,16.549999999999272,air_quality,Air quality,0,False,0.0
h1_2025_12_03,h1_2025_12_03_t00486,comment,04:05:45.966,Unknown speaker,public,63,17.495999999999185,air_quality,Air quality,0,False,0.0
h1_2025_12_03,h1_2025_12_03_t00488,comment,04:06:12.598,Unknown speaker,public,181,87.03900000000067,air_quality,Air quality,4,True,0.05902034217495618
h1_2025_12_03,h1_2025_12_03_t00492,comment,04:08:08.178,Unknown speaker,official,114,45.42200000000048,air_quality,Air quality,0,False,0.0
h1_2025_12_03,h1_2025_12_03_t00493,comment,04:08:53.997,Unknown speaker,developer,207,71.6200000000008,air_quality,Air quality,0,False,0.0
h1_2025_12_03,h1_2025_12_03_t00498,comment,04:11:04.352,Unknown speaker,public,394,165.39699999999903,air_quality,Air quality,0,False,0.0
h1_2025_12_03,h1_2025_12_03_t00503,comment,04:14:27.511,Unknown speaker,public,347,154.72899999999936,air_quality,Air quality,0,False,0.011100160260528147
h1_2025_12_03,h1_2025_12_03_t00504,comment,04:17:05.289,Unknown speaker,public,95,34.22599999999875,air_quality,Air quality,0,False,0.020525727198193934
h1_2025_12_03,h1_2025_12_03_t00506,comment,04:17:41.796,Unknown speaker,public,21,9.324999999998909,air_quality,Air quality,0,False,0.0
h1_2025_12_03,h1_2025_12_03_t00512,comment,04:18:21.087,Unknown speaker,official,67,26.298000000000684,air_quality,Air quality,0,False,0.0
h1_2025_12_03,h1_2025_12_03_t00513,comment,04:18:49.786,Unknown speaker,consultant,127,50.04899999999907,air_quality,Air quality,0,False,0.0
h1_2025_12_03,h1_2025_12_03_t00517,comment,04:20:10.053,Unknown speaker,public,207,81.13400000000001,air_quality,Air quality,0,False,0.0
h1_2025_12_03,h1_2025_12_03_t00518,comment,04:21:38.792,Unknown speaker,public,244,77.89600000000064,air_quality,Air quality,0,False,0.0
h1_2025_12_03,h1_2025_12_03_t00519,comment,04:22:59.949,Unknown speaker,public,110,38.42699999999968,air_quality,Air quality,0,False,0.0
h1_2025_12_03,h1_2025_12_03_t00521,comment,04:23:41.077,Unknown speaker,public,336,103.55400000000009,air_quality,Air quality,0,False,0.0
h1_2025_12_03,h1_2025_12_03_t00522,comment,04:25:30.514,Unknown speaker,official,129,50.5580000000009,air_quality,Air quality,0,False,0.0
h1_2025_12_03,h1_2025_12_03_t00523,comment,04:26:23.031,Unknown speaker,official,64,25.540999999999258,air_quality,Air quality,0,False,0.0
h1_2025_12_03,h1_2025_12_03_t00524,comment,04:26:50.842,Unknown speaker,developer,49,14.506999999999607,air_quality,Air quality,0,False,0.0
h1_2025_12_03,h1_2025_12_03_t00525,comment,04:27:08.710,Unknown speaker,developer,59,24.106000000001586,air_quality,Air quality,0,False,0.0
h1_2025_12_03,h1_2025_12_03_t00528,comment,04:27:43.189,Unknown speaker,official,70,28.11199999999917,air_quality,Air quality,0,False,0.0
h1_2025_12_03,h1_2025_12_03_t00529,comment,04:28:12.882,Unknown speaker,developer,100,35.486000000000786,air_quality,Air quality,0,False,0.0
h1_2025_12_03,h1_2025_12_03_t00530,comment,04:28:52.905,Unknown speaker,official,23,9.646999999999025,air_quality,Air quality,0,False,0.0
h1_2025_12_03,h1_2025_12_03_t00531,comment,04:29:06.515,Unknown speaker,official,52,11.708000000000538,air_quality,Air quality,0,False,0.0
h1_2025_12_03,h1_2025_12_03_t00532,comment,04:29:19.122,Unknown speaker,official,67,23.51300000000083,air_quality,Air quality,0,False,0.0
h1_2025_12_03,h1_2025_12_03_t00533,comment,04:29:55.933,Unknown speaker,official,96,23.789999999999054,air_quality,Air quality,0,False,0.0
h1_2025_12_03,h1_2025_12_03_t00534,comment,04:30:19.983,Unknown speaker,official,64,18.88500000000022,air_quality,Air quality,0,False,0.0
h1_2025_12_03,h1_2025_12_03_t00537,comment,04:30:43.454,Unknown speaker,public,74,21.754000000000815,air_quality,Air quality,0,False,0.0
h1_2025_12_03,h1_2025_12_03_t00538,comment,04:31:08.452,Unknown speaker,public,516,162.8720000000012,air_quality,Air quality,0,False,0.0
h1_2025_12_03,h1_2025_12_03_t00539,comment,04:33:55.655,Unknown speaker,public,43,13.488000000001193,air_quality,Air quality,0,False,0.0
h1_2025_12_03,h1_2025_12_03_t00540,comment,04:34:09.443,Unknown speaker,official,59,18.114000000001397,air_quality,Air quality,0,False,0.0
h1_2025_12_03,h1_2025_12_03_t00545,comment,04:34:48.586,Unknown speaker,public,225,80.22400000000198,air_quality,Air quality,3,True,0.060759687450017065
h1_2025_12_03,h1_2025_12_03_t00546,comment,04:36:08.830,Unknown speaker,official,29,10.568999999999505,air_quality,Air quality,0,False,0.0
h1_2025_12_03,h1_2025_12_03_t00547,comment,04:36:19.599,Unknown speaker,public,168,57.21700000000055,air_quality,Air quality,0,False,0.0
h1_2025_12_03,h1_2025_12_03_t00548,comment,04:37:17.497,Unknown speaker,official,18,4.843000000000757,air_quality,Air quality,0,False,0.0
h1_2025_12_03,h1_2025_12_03_t00550,comment,04:37:23.061,Unknown speaker,official,39,13.309999999997672,air_quality,Air quality,0,False,0.0
h1_2025_12_03,h1_2025_12_03_t00551,comment,04:37:39.034,Unknown speaker,official,23,5.564000000002125,air_quality,Air quality,0,False,0.0
h1_2025_12_03,h1_2025_12_03_t00553,comment,04:37:46.980,Unknown speaker,developer,201,67.63200000000143,air_quality,Air quality,0,False,0.0
h1_2025_12_03,h1_2025_12_03_t00554,comment,04:38:55.645,Unknown speaker,official,45,18.955999999998312,air_quality,Air quality,0,False,0.0
h1_2025_12_03,h1_2025_12_03_t00555,comment,04:39:14.781,Unknown speaker,developer,210,75.52700000000186,air_quality,Air quality,2,True,0.025267906155550263
h1_2025_12_03,h1_2025_12_03_t00557,comment,04:40:41.472,Unknown speaker,official,55,21.534999999999854,air_quality,Air quality,0,False,0.0
h1_2025_12_03,h1_2025_12_03_t00563,comment,04:41:14.780,Unknown speaker,official,20,5.3840000000018335,air_quality,Air quality,0,False,0.0
h1_2025_12_03,h1_2025_12_03_t00564,comment,04:41:23.827,Unknown speaker,official,21,7.024999999997817,air_quality,Air quality,0,False,0.0
h1_2025_12_03,h1_2025_12_03_t00566,comment,04:44:28.206,Unknown speaker,official,32,23.51800000000003,air_quality,Air quality,0,False,0.0
h1_2025_12_03,h1_2025_12_03_t00568,comment,04:45:01.564,Unknown speaker,public,415,132.34800000000178,air_quality,Air quality,0,False,0.0
h2_2026_03_23,h2_2026_03_23_t00001,comment,00:00:00.945,Unknown speaker,public,67,19.407,air_quality,Air quality,0,False,0.0
h2_2026_03_23,h2_2026_03_23_t00003,comment,00:00:29.619,Unknown speaker,official,30,6.783000000000001,air_quality,Air quality,0,False,0.0
h2_2026_03_23,h2_2026_03_23_t00005,comment,00:00:37.823,Unknown speaker,official,40,17.109,air_quality,Air quality,0,False,0.0
h2_2026_03_23,h2_2026_03_23_t00008,comment,00:01:14.507,Unknown speaker,staff,34,21.808999999999997,air_quality,Air quality,0,False,0.0
h2_2026_03_23,h2_2026_03_23_t00016,comment,00:01:44.715,Unknown speaker,staff,20,17.230999999999995,air_quality,Air quality,0,False,0.0
h2_2026_03_23,h2_2026_03_23_t00025,comment,00:03:57.985,Unknown speaker,staff,22,13.044999999999987,air_quality,Air quality,0,False,0.0
h2_2026_03_23,h2_2026_03_23_t00038,comment,00:04:35.603,Unknown speaker,official,54,17.882000000000005,air_quality,Air quality,0,False,0.0
h2_2026_03_23,h2_2026_03_23_t00041,comment,00:05:05.654,Unknown speaker,official,257,80.565,air_quality,Air quality,0,False,0.0
h2_2026_03_23,h2_2026_03_23_t00043,comment,00:07:25.742,Unknown speaker,official,23,13.988,air_quality,Air quality,0,False,0.0
h2_2026_03_23,h2_2026_03_23_t00044,comment,00:07:53.333,Unknown speaker,official,65,22.984999999999957,air_quality,Air quality,0,False,0.0
h2_2026_03_23,h2_2026_03_23_t00045,comment,00:08:19.765,Unknown speaker,official,201,73.79700000000003,air_quality,Air quality,0,False,0.0
h2_2026_03_23,h2_2026_03_23_t00047,comment,00:11:30.417,Unknown speaker,official,187,65.553,air_quality,Air quality,0,False,0.0
h2_2026_03_23,h2_2026_03_23_t00076,comment,00:14:50.074,Unknown speaker,official,29,9.605999999999995,air_quality,Air quality,0,False,0.0
h2_2026_03_23,h2_2026_03_23_t00077,comment,00:15:07.426,Unknown speaker,developer,32,6.846000000000004,air_quality,Air quality,0,False,0.0
h2_2026_03_23,h2_2026_03_23_t00078,comment,00:15:21.198,Unknown speaker,developer,1388,451.5079999999999,air_quality,Air quality,0,False,0.008106833998748873
h2_2026_03_23,h2_2026_03_23_t00079,comment,00:23:06.831,Unknown speaker,developer,388,131.16600000000017,air_quality,Air quality,0,False,0.0
h2_2026_03_23,h2_2026_03_23_t00082,comment,00:25:32.668,Unknown speaker,official,21,8.125,air_quality,Air quality,0,False,0.0
h2_2026_03_23,h2_2026_03_23_t00083,comment,00:25:43.034,Unknown speaker,public,679,317.49599999999987,air_quality,Air quality,0,False,0.0039038975338650116
h2_2026_03_23,h2_2026_03_23_t00084,comment,00:31:13.089,Unknown speaker,official,43,17.923999999999978,air_quality,Air quality,0,False,0.0
h2_2026_03_23,h2_2026_03_23_t00085,comment,00:31:33.554,Unknown speaker,public,696,264.3489999999997,air_quality,Air quality,9,True,0.04186397277520209
h2_2026_03_23,h2_2026_03_23_t00086,comment,00:36:05.439,Unknown speaker,official,22,11.62900000000036,air_quality,Air quality,0,False,0.0
h2_2026_03_23,h2_2026_03_23_t00087,comment,00:36:17.128,Unknown speaker,consultant,544,196.06399999999985,air_quality,Air quality,0,False,0.0
h2_2026_03_23,h2_2026_03_23_t00090,comment,00:39:52.808,Unknown speaker,developer,564,225.8470000000002,air_quality,Air quality,23,True,0.1565663047166864
h2_2026_03_23,h2_2026_03_23_t00091,comment,00:43:44.657,Unknown speaker,developer,18,4.40099999999984,air_quality,Air quality,0,False,0.0
h2_2026_03_23,h2_2026_03_23_t00092,comment,00:43:49.518,Unknown speaker,official,19,7.201999999999771,air_quality,Air quality,0,False,0.0
h2_2026_03_23,h2_2026_03_23_t00093,comment,00:44:08.182,Unknown speaker,public,204,90.89100000000008,air_quality,Air quality,2,True,0.022636781071219258
h2_2026_03_23,h2_2026_03_23_t00094,comment,00:45:42.797,Unknown speaker,public,251,105.60300000000007,air_quality,Air quality,3,True,0.04831404952078467
h2_2026_03_23,h2_2026_03_23_t00095,comment,00:47:31.903,Unknown speaker,public,261,112.9050000000002,air_quality,Air quality,0,False,0.01306667623704362
h2_2026_03_23,h2_2026_03_23_t00096,comment,00:49:39.329,Unknown speaker,public,19,12.385999999999967,air_quality,Air quality,0,False,0.0
h2_2026_03_23,h2_2026_03_23_t00098,comment,00:49:54.116,Unknown speaker,public,27,8.123999999999796,air_quality,Air quality,0,False,0.0
h2_2026_03_23,h2_2026_03_23_t00102,comment,00:50:22.043,Unknown speaker,public,42,17.20699999999988,air_quality,Air quality,1,True,0.08361466499475768
h2_2026_03_23,h2_2026_03_23_t00103,comment,00:50:43.231,Unknown speaker,public,354,116.6859999999997,air_quality,Air quality,0,False,0.0
h2_2026_03_23,h2_2026_03_23_t00104,comment,00:52:44.451,Unknown speaker,public,72,30.286000000000058,air_quality,Air quality,0,False,0.0
h2_2026_03_23,h2_2026_03_23_t00106,comment,00:53:28.809,Unknown speaker,public,103,36.8149999999996,air_quality,Air quality,0,False,0.0
h2_2026_03_23,h2_2026_03_23_t00108,comment,00:54:51.299,Unknown speaker,developer,112,37.84400000000005,air_quality,Air quality,0,False,0.0
h2_2026_03_23,h2_2026_03_23_t00109,comment,00:55:36.913,Unknown speaker,public,531,203.13499999999976,air_quality,Air quality,0,False,0.0
h2_2026_03_23,h2_2026_03_23_t00110,comment,00:59:09.083,Unknown speaker,official,20,9.324999999999818,air_quality,Air quality,0,False,0.0
h2_2026_03_23,h2_2026_03_23_t00112,comment,00:59:22.791,Unknown speaker,public,192,78.27700000000004,air_quality,Air quality,0,False,0.0
h2_2026_03_23,h2_2026_03_23_t00113,comment,01:00:45.550,Unknown speaker,public,38,20.143999999999778,air_quality,Air quality,0,False,0.0
h2_2026_03_23,h2_2026_03_23_t00114,comment,01:01:07.516,Unknown speaker,official,29,10.88799999999992,air_quality,Air quality,0,False,0.0
h2_2026_03_23,h2_2026_03_23_t00115,comment,01:01:19.545,Unknown speaker,public,41,16.02500000000009,air_quality,Air quality,0,False,0.0
h2_2026_03_23,h2_2026_03_23_t00116,comment,01:01:47.333,Unknown speaker,public,367,129.9670000000001,air_quality,Air quality,0,False,0.0
h2_2026_03_23,h2_2026_03_23_t00117,comment,01:04:05.896,Unknown speaker,developer,25,5.9669999999996435,air_quality,Air quality,0,False,0.0
h2_2026_03_23,h2_2026_03_23_t00119,comment,01:04:22.234,Unknown speaker,public,571,233.50199999999995,air_quality,Air quality,1,True,0.020815821840099304
h2_2026_03_23,h2_2026_03_23_t00120,comment,01:08:19.138,Unknown speaker,public,319,98.90599999999995,air_quality,Air quality,0,False,0.0
h2_2026_03_23,h2_2026_03_23_t00121,comment,01:10:06.860,Unknown speaker,public,339,151.1230000000005,air_quality,Air quality,1,True,0.007148766033683564
h2_2026_03_23,h2_2026_03_23_t00122,comment,01:12:41.145,Unknown speaker,public,25,11.359999999999673,air_quality,Air quality,0,False,0.0
h2_2026_03_23,h2_2026_03_23_t00124,comment,01:12:54.747,Unknown speaker,public,78,34.764000000000124,air_quality,Air quality,0,False,0.0
h2_2026_03_23,h2_2026_03_23_t00125,comment,01:13:39.600,Unknown speaker,public,107,52.714999999999236,air_quality,Air quality,0,False,0.0
h2_2026_03_23,h2_2026_03_23_t00126,comment,01:14:34.777,Unknown speaker,official,31,19.141999999999825,air_quality,Air quality,0,False,0.0
h2_2026_03_23,h2_2026_03_23_t00127,comment,01:15:02.172,Unknown speaker,official,394,182.53100000000086,air_quality,Air quality,0,False,0.0
h2_2026_03_23,h2_2026_03_23_t00129,comment,01:18:10.546,Unknown speaker,official,133,47.32799999999952,air_quality,Air quality,1,True,0.014319420967508848
h2_2026_03_23,h2_2026_03_23_t00130,comment,01:18:58.534,Unknown speaker,official,141,55.48400000000038,air_quality,Air quality,0,False,0.0
h2_2026_03_23,h2_2026_03_23_t00132,comment,01:20:10.149,Unknown speaker,official,88,41.20299999999952,air_quality,Air quality,0,False,0.0
h2_2026_03_23,h2_2026_03_23_t00134,comment,01:21:06.512,Unknown speaker,official,21,7.806000000000495,air_quality,Air quality,0,False,0.0
h2_2026_03_23,h2_2026_03_23_t00135,comment,01:21:18.461,Unknown speaker,public,334,122.83500000000004,air_quality,Air quality,0,False,0.0
h2_2026_03_23,h2_2026_03_23_t00137,comment,01:23:31.700,Unknown speaker,public,139,53.738000000000284,air_quality,Air quality,0,False,0.0
h2_2026_03_23,h2_2026_03_23_t00141,comment,01:24:29.760,Unknown speaker,public,91,36.259000000000015,air_quality,Air quality,0,False,0.0
h2_2026_03_23,h2_2026_03_23_t00142,comment,01:25:09.881,Unknown speaker,public,58,23.829999999999927,air_quality,Air quality,0,False,0.0
h2_2026_03_23,h2_2026_03_23_t00145,comment,01:25:52.996,Unknown speaker,public,323,126.17799999999988,air_quality,Air quality,0,False,0.0
h2_2026_03_23,h2_2026_03_23_t00147,comment,01:28:12.341,Unknown speaker,public,160,84.5630000000001,air_quality,Air quality,0,False,0.0
h2_2026_03_23,h2_2026_03_23_t00151,comment,01:29:51.221,Unknown speaker,public,285,122.87800000000061,air_quality,Air quality,3,True,0.0471469862142907
h2_2026_03_23,h2_2026_03_23_t00153,comment,01:32:02.783,Unknown speaker,public,103,38.107999999999265,air_quality,Air quality,0,False,0.0
h2_2026_03_23,h2_2026_03_23_t00154,comment,01:32:44.894,Unknown speaker,public,188,67.29599999999937,air_quality,Air quality,0,False,0.0
h2_2026_03_23,h2_2026_03_23_t00156,comment,01:34:03.098,Unknown speaker,public,213,67.63799999999992,air_quality,Air quality,0,False,0.0
h2_2026_03_23,h2_2026_03_23_t00158,comment,01:35:13.668,Unknown speaker,public,256,85.51600000000053,air_quality,Air quality,0,False,0.0
h2_2026_03_23,h2_2026_03_23_t00159,comment,01:36:42.583,Unknown speaker,public,110,29.105000000000473,air_quality,Air quality,0,False,0.011332484103456487
h2_2026_03_23,h2_2026_03_23_t00161,comment,01:37:28.177,Unknown speaker,public,329,121.25,air_quality,Air quality,0,False,0.0
h2_2026_03_23,h2_2026_03_23_t00163,comment,01:39:38.434,Unknown speaker,official,111,43.64499999999953,air_quality,Air quality,0,False,0.0
h2_2026_03_23,h2_2026_03_23_t00165,comment,01:40:30.186,Unknown speaker,public,267,80.5590000000002,air_quality,Air quality,0,False,0.0
h2_2026_03_23,h2_2026_03_23_t00167,comment,01:41:56.843,Unknown speaker,public,130,32.284999999999854,air_quality,Air quality,0,False,0.0
h2_2026_03_23,h2_2026_03_23_t00170,comment,01:42:36.670,Unknown speaker,public,318,122.0010000000002,air_quality,Air quality,0,False,0.0
h2_2026_03_23,h2_2026_03_23_t00173,comment,01:44:52.200,Unknown speaker,public,397,121.54700000000048,air_quality,Air quality,0,False,0.004742625262205279
h2_2026_03_23,h2_2026_03_23_t00175,comment,01:47:02.408,Unknown speaker,public,148,45.978000000000065,air_quality,Air quality,0,False,0.0
h2_2026_03_23,h2_2026_03_23_t00177,comment,01:47:49.946,Unknown speaker,public,53,16.34900000000016,air_quality,Air quality,0,False,0.0
h2_2026_03_23,h2_2026_03_23_t00179,comment,01:48:12.995,Unknown speaker,public,203,52.228000000000065,air_quality,Air quality,0,False,0.0
h2_2026_03_23,h2_2026_03_23_t00182,comment,01:50:38.532,Unknown speaker,official,21,6.023000000000138,air_quality,Air quality,0,False,0.0
h2_2026_03_23,h2_2026_03_23_t00185,comment,01:50:50.479,Unknown speaker,public,125,45.55000000000018,air_quality,Air quality,0,False,0.0
h2_2026_03_23,h2_2026_03_23_t00186,comment,01:51:39.385,Unknown speaker,public,100,33.246000000000095,air_quality,Air quality,0,False,0.0
h2_2026_03_23,h2_2026_03_23_t00188,comment,01:52:26.139,Unknown speaker,public,366,122.92100000000028,air_quality,Air quality,1,True,0.008508678834007454
h2_2026_03_23,h2_2026_03_23_t00192,comment,01:54:49.540,Unknown speaker,public,331,106.53099999999995,air_quality,Air quality,2,True,0.02664984323451186
h2_2026_03_23,h2_2026_03_23_t00194,comment,01:56:38.013,Unknown speaker,public,320,111.95399999999972,air_quality,Air quality,0,False,0.005574267786732463
h2_2026_03_23,h2_2026_03_23_t00195,comment,01:58:33.629,Unknown speaker,public,50,12.54700000000048,air_quality,Air quality,0,False,0.0
h2_2026_03_23,h2_2026_03_23_t00197,comment,01:58:59.124,Unknown speaker,public,202,76.80000000000018,air_quality,Air quality,3,True,0.08586874794306508
h2_2026_03_23,h2_2026_03_23_t00199,comment,02:00:18.885,Unknown speaker,public,345,125.11200000000008,air_quality,Air quality,1,True,0.01701474246984916
h2_2026_03_23,h2_2026_03_23_t00203,comment,02:02:33.318,Unknown speaker,public,276,94.4960000000001,air_quality,Air quality,0,False,0.0
h2_2026_03_23,h2_2026_03_23_t00205,comment,02:04:17.465,Unknown speaker,public,367,117.6239999999998,air_quality,Air quality,0,False,0.0
h2_2026_03_23,h2_2026_03_23_t00206,comment,02:06:24.118,Unknown speaker,public,344,123.44499999999971,air_quality,Air quality,1,True,0.029937443325912992
h2_2026_03_23,h2_2026_03_23_t00208,comment,02:08:34.233,Unknown speaker,public,271,107.03899999999976,air_quality,Air quality,0,False,0.0
h2_2026_03_23,h2_2026_03_23_t00210,comment,02:10:25.802,Unknown speaker,public,438,124.88600000000042,air_quality,Air quality,1,True,0.01754194173802192
h2_2026_03_23,h2_2026_03_23_t00216,comment,02:12:48.117,Unknown speaker,official,198,60.05400000000009,air_quality,Air quality,0,False,0.0
h2_2026_03_23,h2_2026_03_23_t00218,comment,02:13:57.440,Unknown speaker,public,244,121.01700000000073,air_quality,Air quality,0,False,0.0
h2_2026_03_23,h2_2026_03_23_t00220,comment,02:16:07.642,Unknown speaker,public,164,56.746000000001004,air_quality,Air quality,0,False,0.0
h2_2026_03_23,h2_2026_03_23_t00221,comment,02:17:08.732,Unknown speaker,public,152,63.59900000000016,air_quality,Air quality,0,False,0.0
h2_2026_03_23,h2_2026_03_23_t00224,comment,02:18:36.810,Unknown speaker,public,39,11.483000000000175,air_quality,Air quality,0,False,0.0
h2_2026_03_23,h2_2026_03_23_t00225,comment,02:18:52.414,Unknown speaker,public,117,42.96299999999974,air_quality,Air quality,0,False,0.029912674510230334
h2_2026_03_23,h2_2026_03_23_t00227,comment,02:19:44.883,Unknown speaker,public,358,118.59499999999935,air_quality,Air quality,0,False,0.0
h2_2026_03_23,h2_2026_03_23_t00229,comment,02:21:51.622,Unknown speaker,public,364,120.67100000000028,air_quality,Air quality,3,True,0.05339944572999608
h2_2026_03_23,h2_2026_03_23_t00231,comment,02:24:03.483,Unknown speaker,public,343,128.45899999999892,air_quality,Air quality,1,True,0.019840179481498486
h2_2026_03_23,h2_2026_03_23_t00232,comment,02:26:22.468,Unknown speaker,public,262,108.42099999999846,air_quality,Air quality,1,True,0.036005406430930795
h2_2026_03_23,h2_2026_03_23_t00233,comment,02:28:20.397,Unknown speaker,public,29,7.586999999999534,air_quality,Air quality,0,False,0.0
h2_2026_03_23,h2_2026_03_23_t00236,comment,02:28:45.546,Unknown speaker,public,122,47.190999999998894,air_quality,Air quality,0,False,0.0
h2_2026_03_23,h2_2026_03_23_t00240,comment,02:30:03.124,Unknown speaker,public,39,18.028000000000247,air_quality,Air quality,0,False,0.0
h2_2026_03_23,h2_2026_03_23_t00241,comment,02:30:24.554,Unknown speaker,public,67,20.771999999999025,air_quality,Air quality,1,True,0.025876119113396354
h2_2026_03_23,h2_2026_03_23_t00242,comment,02:30:48.708,Unknown speaker,public,69,22.47599999999875,air_quality,Air quality,0,False,0.0
h2_2026_03_23,h2_2026_03_23_t00243,comment,02:31:16.906,Unknown speaker,public,54,19.797999999998865,air_quality,Air quality,0,False,0.0
h2_2026_03_23,h2_2026_03_23_t00244,comment,02:31:40.205,Unknown speaker,public,106,45.486000000000786,air_quality,Air quality,0,False,0.0
h2_2026_03_23,h2_2026_03_23_t00245,comment,02:32:28.792,Unknown speaker,public,155,56.12300000000141,air_quality,Air quality,0,False,0.0
h2_2026_03_23,h2_2026_03_23_t00246,comment,02:33:35.039,Unknown speaker,public,119,38.753999999998996,air_quality,Air quality,0,False,0.0
h2_2026_03_23,h2_2026_03_23_t00247,comment,02:34:22.410,Unknown speaker,public,188,60.52000000000044,air_quality,Air quality,0,False,0.0
h2_2026_03_23,h2_2026_03_23_t00248,comment,02:35:24.291,Unknown speaker,official,32,11.703000000001339,air_quality,Air quality,0,False,0.0
h2_2026_03_23,h2_2026_03_23_t00249,comment,02:35:36.314,Unknown speaker,public,47,13.395000000000437,air_quality,Air quality,0,False,0.0
h2_2026_03_23,h2_2026_03_23_t00251,comment,02:35:58.776,Unknown speaker,public,336,96.7569999999996,air_quality,Air quality,0,False,0.0
h2_2026_03_23,h2_2026_03_23_t00252,comment,02:37:46.420,Unknown speaker,public,394,124.3130000000001,air_quality,Air quality,1,True,0.0168138444765228
h2_2026_03_23,h2_2026_03_23_t00254,comment,02:40:07.442,Unknown speaker,public,296,97.35000000000036,air_quality,Air quality,0,False,0.0
h2_2026_03_23,h2_2026_03_23_t00255,comment,02:41:56.973,Unknown speaker,public,293,121.45299999999952,air_quality,Air quality,0,False,0.0
h2_2026_03_23,h2_2026_03_23_t00256,comment,02:44:11.429,Unknown speaker,public,361,125.53199999999924,air_quality,Air quality,0,False,0.0
h2_2026_03_23,h2_2026_03_23_t00259,comment,02:46:27.462,Unknown speaker,public,118,39.10699999999997,air_quality,Air quality,0,False,0.0
h2_2026_03_23,h2_2026_03_23_t00260,comment,02:47:15.502,Unknown speaker,public,375,115.27499999999964,air_quality,Air quality,2,True,0.016300809097506825
h2_2026_03_23,h2_2026_03_23_t00261,comment,02:49:20.020,Unknown speaker,public,186,62.608000000000175,air_quality,Air quality,0,False,0.0
h2_2026_03_23,h2_2026_03_23_t00262,comment,02:50:32.868,Unknown speaker,public,187,74.06999999999971,air_quality,Air quality,0,False,0.0
h2_2026_03_23,h2_2026_03_23_t00263,comment,02:51:57.704,Unknown speaker,public,283,75.42100000000028,air_quality,Air quality,0,False,0.0
h2_2026_03_23,h2_2026_03_23_t00264,comment,02:53:21.892,Unknown speaker,public,343,111.0640000000003,air_quality,Air quality,0,False,0.0
h2_2026_03_23,h2_2026_03_23_t00265,comment,02:55:23.755,Unknown speaker,public,65,27.19300000000112,air_quality,Air quality,0,False,0.0
h2_2026_03_23,h2_2026_03_23_t00266,comment,02:55:54.448,Unknown speaker,public,131,52.93499999999949,air_quality,Air quality,1,True,0.011962560099251106
h2_2026_03_23,h2_2026_03_23_t00267,comment,02:56:54.089,Unknown speaker,public,104,34.29700000000048,air_quality,Air quality,0,False,0.0
h2_2026_03_23,h2_2026_03_23_t00268,comment,02:57:37.689,Unknown speaker,public,138,41.586999999999534,air_quality,Air quality,0,False,0.0
h2_2026_03_23,h2_2026_03_23_t00269,comment,02:58:24.739,Unknown speaker,public,118,40.13500000000022,air_quality,Air quality,0,False,0.0
h2_2026_03_23,h2_2026_03_23_t00270,comment,02:59:16.462,Unknown speaker,public,65,16.060999999999694,air_quality,Air quality,0,False,0.0
h2_2026_03_23,h2_2026_03_23_t00271,comment,02:59:42.012,Unknown speaker,public,113,35.01000000000022,air_quality,Air quality,0,False,0.0
h2_2026_03_23,h2_2026_03_23_t00272,comment,03:00:25.758,Unknown speaker,public,76,20.988999999999578,air_quality,Air quality,0,False,0.0
h2_2026_03_23,h2_2026_03_23_t00273,comment,03:00:55.035,Unknown speaker,public,44,16.369000000000597,air_quality,Air quality,0,False,0.0
h2_2026_03_23,h2_2026_03_23_t00274,comment,03:01:15.967,Unknown speaker,public,115,38.86999999999898,air_quality,Air quality,0,False,0.0
h2_2026_03_23,h2_2026_03_23_t00275,comment,03:02:05.202,Unknown speaker,public,426,122.90300000000025,air_quality,Air quality,0,False,0.0
h2_2026_03_23,h2_2026_03_23_t00276,comment,03:04:27.320,Unknown speaker,public,122,54.853000000000975,air_quality,Air quality,0,False,0.0
h2_2026_03_23,h2_2026_03_23_t00277,comment,03:05:25.468,Unknown speaker,public,113,51.753999999998996,air_quality,Air quality,0,False,0.0
h2_2026_03_23,h2_2026_03_23_t00278,comment,03:06:27.980,Unknown speaker,public,245,98.92799999999988,air_quality,Air quality,1,True,0.010013273298751686
h2_2026_03_23,h2_2026_03_23_t00280,comment,03:08:20.218,Unknown speaker,public,75,22.93499999999949,air_quality,Air quality,0,False,0.0
h2_2026_03_23,h2_2026_03_23_t00282,comment,03:08:46.773,Unknown speaker,public,84,18.19300000000112,air_quality,Air quality,0,False,0.0
h2_2026_03_23,h2_2026_03_23_t00284,comment,03:09:09.909,Unknown speaker,official,29,6.05199999999968,air_quality,Air quality,0,False,0.0
h2_2026_03_23,h2_2026_03_23_t00286,comment,03:09:20.402,Unknown speaker,public,276,84.71999999999935,air_quality,Air quality,0,False,0.0
h2_2026_03_23,h2_2026_03_23_t00287,comment,03:10:45.703,Unknown speaker,official,77,30.488999999999578,air_quality,Air quality,0,False,0.0
h2_2026_03_23,h2_2026_03_23_t00289,comment,03:11:26.566,Unknown speaker,public,166,62.30699999999888,air_quality,Air quality,0,False,0.0
h2_2026_03_23,h2_2026_03_23_t00292,comment,03:12:36.996,Unknown speaker,public,187,48.82800000000134,air_quality,Air quality,0,False,0.0
h2_2026_03_23,h2_2026_03_23_t00293,comment,03:13:33.590,Unknown speaker,public,130,47.623999999999796,air_quality,Air quality,0,False,0.0
h2_2026_03_23,h2_2026_03_23_t00294,comment,03:14:30.085,Unknown speaker,public,22,5.802000000001499,air_quality,Air quality,0,False,0.0
h2_2026_03_23,h2_2026_03_23_t00296,comment,03:14:38.348,Unknown speaker,public,127,40.81500000000051,air_quality,Air quality,0,False,0.0
h2_2026_03_23,h2_2026_03_23_t00297,comment,03:15:23.862,Unknown speaker,official,24,9.229000000001179,air_quality,Air quality,0,False,0.0
h2_2026_03_23,h2_2026_03_23_t00300,comment,03:15:47.123,Unknown speaker,public,58,22.48700000000099,air_quality,Air quality,0,False,0.0
h2_2026_03_23,h2_2026_03_23_t00301,comment,03:16:14.271,Unknown speaker,official,22,8.568999999999505,air_quality,Air quality,0,False,0.0
h2_2026_03_23,h2_2026_03_23_t00302,comment,03:16:34.048,Unknown speaker,public,89,32.34099999999853,air_quality,Air quality,0,False,0.0
h2_2026_03_23,h2_2026_03_23_t00303,comment,03:17:11.853,Unknown speaker,official,28,10.467000000000553,air_quality,Air quality,0,False,0.0
h2_2026_03_23,h2_2026_03_23_t00305,comment,03:17:28.156,Unknown speaker,public,28,9.36199999999917,air_quality,Air quality,0,False,0.0
h2_2026_03_23,h2_2026_03_23_t00307,comment,03:17:39.879,Unknown speaker,public,43,13.062999999998283,air_quality,Air quality,0,False,0.0
h2_2026_03_23,h2_2026_03_23_t00308,comment,03:17:55.183,Unknown speaker,official,27,14.006999999999607,air_quality,Air quality,0,False,0.0
h2_2026_03_23,h2_2026_03_23_t00309,comment,03:18:13.304,Unknown speaker,public,54,20.04199999999946,air_quality,Air quality,0,False,0.0
h2_2026_03_23,h2_2026_03_23_t00310,comment,03:18:36.561,Unknown speaker,official,45,17.868000000000393,air_quality,Air quality,0,False,0.0
h2_2026_03_23,h2_2026_03_23_t00311,comment,03:19:02.232,Unknown speaker,public,464,216.47500000000036,air_quality,Air quality,0,False,0.004341378310049133
h2_2026_03_23,h2_2026_03_23_t00312,comment,03:22:47.208,Unknown speaker,public,71,32.149999999999636,air_quality,Air quality,0,False,0.0
h2_2026_03_23,h2_2026_03_23_t00313,comment,03:23:24.306,Unknown speaker,public,46,24.23199999999997,air_quality,Air quality,0,False,0.0
h2_2026_03_23,h2_2026_03_23_t00315,comment,03:24:08.390,Unknown speaker,developer,815,280.96600000000035,air_quality,Air quality,0,False,0.0
h2_2026_03_23,h2_2026_03_23_t00316,comment,03:28:50.956,Unknown speaker,official,45,19.593000000000757,air_quality,Air quality,0,False,0.0
h2_2026_03_23,h2_2026_03_23_t00319,comment,03:29:15.852,Unknown speaker,official,33,14.023999999999432,air_quality,Air quality,0,False,0.0
h2_2026_03_23,h2_2026_03_23_t00320,comment,03:29:33.319,Unknown speaker,official,117,47.02599999999984,air_quality,Air quality,0,False,0.0
h2_2026_03_23,h2_2026_03_23_t00321,comment,03:30:23.838,Unknown speaker,official,26,10.825000000000728,air_quality,Air quality,0,False,0.0
h2_2026_03_23,h2_2026_03_23_t00322,comment,03:30:39.365,Unknown speaker,official,22,5.802999999999884,air_quality,Air quality,0,False,0.0
h2_2026_03_23,h2_2026_03_23_t00365,comment,03:33:22.654,Unknown speaker,official,22,10.688000000000102,air_quality,Air quality,0,False,0.0
h2_2026_03_23,h2_2026_03_23_t00368,comment,03:33:40.608,Unknown speaker,staff,61,18.85399999999936,air_quality,Air quality,0,False,0.0
h2_2026_03_23,h2_2026_03_23_t00371,comment,03:34:22.417,Unknown speaker,official,23,6.663000000000466,air_quality,Air quality,0,False,0.0
h2_2026_03_23,h2_2026_03_23_t00372,comment,03:34:29.160,Unknown speaker,staff,22,6.163000000000466,air_quality,Air quality,0,False,0.0
h2_2026_03_23,h2_2026_03_23_t00373,comment,03:34:49.098,Unknown speaker,official,26,7.826000000000931,air_quality,Air quality,0,False,0.0
h2_2026_03_23,h2_2026_03_23_t00377,comment,03:35:14.967,Unknown speaker,staff,100,37.8169999999991,air_quality,Air quality,0,False,0.0
h2_2026_03_23,h2_2026_03_23_t00381,comment,03:36:37.529,Unknown speaker,staff,37,13.02599999999984,air_quality,Air quality,0,False,0.0
h2_2026_03_23,h2_2026_03_23_t00382,comment,03:36:52.396,Unknown speaker,official,35,11.737999999999374,air_quality,Air quality,0,False,0.0
h2_2026_03_23,h2_2026_03_23_t00385,comment,03:37:16.497,Unknown speaker,staff,42,16.403000000000247,air_quality,Air quality,0,False,0.0
h2_2026_03_23,h2_2026_03_23_t00387,comment,03:37:41.510,Unknown speaker,official,30,9.806000000000495,air_quality,Air quality,0,False,0.0
h2_2026_03_23,h2_2026_03_23_t00390,comment,03:38:32.187,Unknown speaker,official,31,10.566000000000713,air_quality,Air quality,0,False,0.0
h2_2026_03_23,h2_2026_03_23_t00395,comment,03:40:38.890,Unknown speaker,official,22,8.98700000000099,air_quality,Air quality,0,False,0.0
h2_2026_03_23,h2_2026_03_23_t00407,comment,03:42:08.243,Unknown speaker,public,28,11.147999999999229,air_quality,Air quality,0,False,0.0
h2_2026_03_23,h2_2026_03_23_t00409,comment,03:42:24.595,Unknown speaker,public,282,97.53900000000067,air_quality,Air quality,0,False,0.0
h2_2026_03_23,h2_2026_03_23_t00411,comment,03:44:03.527,Unknown speaker,public,334,123.48300000000017,air_quality,Air quality,0,False,0.0
h2_2026_03_23,h2_2026_03_23_t00412,comment,03:46:07.171,Unknown speaker,official,31,14.46600000000035,air_quality,Air quality,0,False,0.0
h2_2026_03_23,h2_2026_03_23_t00413,comment,03:46:24.660,Unknown speaker,official,34,15.583000000000538,air_quality,Air quality,0,False,0.0
h2_2026_03_23,h2_2026_03_23_t00418,comment,03:47:24.181,Unknown speaker,public,809,242.83299999999872,air_quality,Air quality,0,False,0.0
h2_2026_03_23,h2_2026_03_23_t00421,comment,03:51:30.276,Unknown speaker,official,35,22.181000000000495,air_quality,Air quality,0,False,0.0
h2_2026_03_23,h2_2026_03_23_t00425,comment,03:52:22.763,Unknown speaker,public,95,31.821999999998297,air_quality,Air quality,0,False,0.0
h2_2026_03_23,h2_2026_03_23_t00426,comment,03:52:58.588,Unknown speaker,official,22,8.706000000000131,air_quality,Air quality,0,False,0.0
h2_2026_03_23,h2_2026_03_23_t00429,comment,03:53:22.715,Unknown speaker,official,20,9.851999999998952,air_quality,Air quality,0,False,0.0
h2_2026_03_23,h2_2026_03_23_t00430,comment,03:53:48.318,Unknown speaker,public,27,7.6270000000004075,air_quality,Air quality,0,False,0.0
h2_2026_03_23,h2_2026_03_23_t00435,comment,03:54:29.882,Unknown speaker,official,22,10.509000000000015,air_quality,Air quality,0,False,0.0
