hearing_id,document_id,unit_type,start_timestamp,speaker_name,speaker_role,n_words,duration_seconds,land_use__seed_hit_count,land_use__seed_hit_any,land_use__tfidf_similarity,electricity_infrastructure__seed_hit_count,electricity_infrastructure__seed_hit_any,electricity_infrastructure__tfidf_similarity,utilities__seed_hit_count,utilities__seed_hit_any,utilities__tfidf_similarity,economic_development__seed_hit_count,economic_development__seed_hit_any,economic_development__tfidf_similarity,water__seed_hit_count,water__seed_hit_any,water__tfidf_similarity,other_cities__seed_hit_count,other_cities__seed_hit_any,other_cities__tfidf_similarity,taxes_agreements_deals__seed_hit_count,taxes_agreements_deals__seed_hit_any,taxes_agreements_deals__tfidf_similarity,aesthetics__seed_hit_count,aesthetics__seed_hit_any,aesthetics__tfidf_similarity,sustainability__seed_hit_count,sustainability__seed_hit_any,sustainability__tfidf_similarity,safety__seed_hit_count,safety__seed_hit_any,safety__tfidf_similarity,noise__seed_hit_count,noise__seed_hit_any,noise__tfidf_similarity,traffic__seed_hit_count,traffic__seed_hit_any,traffic__tfidf_similarity,air_quality__seed_hit_count,air_quality__seed_hit_any,air_quality__tfidf_similarity
h1_2025_12_03,h1_2025_12_03_t00003,comment,00:00:15.605,Unknown speaker,official,72,24.328999999999997,0,False,0.0,0,False,0.0,0,False,0.0,0,False,0.0,0,False,0.0,0,False,0.007559668461734337,0,False,0.007324529461123391,0,False,0.0,0,False,0.0,0,False,0.0,0,False,0.0,0,False,0.0,0,False,0.0
h1_2025_12_03,h1_2025_12_03_t00004,comment,00:00:39.954,Unknown speaker,unknown,31,15.271,0,False,0.0,0,False,0.0,0,False,0.0,0,False,0.0,0,False,0.0,0,False,0.0,0,False,0.0,0,False,0.0,0,False,0.0,0,False,0.0,0,False,0.0,0,False,0.0,0,False,0.0
h1_2025_12_03,h1_2025_12_03_t00005,comment,00:01:00.770,Unknown speaker,official,58,25.275,0,False,0.013257868298751321,0,False,0.0,0,False,0.005484241731533864,0,False,0.0,0,False,0.0,0,False,0.0,0,False,0.0,0,False,0.0,0,False,0.0,0,False,0.0,0,False,0.0,0,False,0.0,0,False,0.0
h1_2025_12_03,h1_2025_12_03_t00006,comment,00:01:29.200,Unknown speaker,staff,23,19.180999999999997,0,False,0.0,0,False,0.0,0,False,0.0,0,False,0.0,0,False,0.0,0,False,0.0,0,False,0.0,0,False,0.0,0,False,0.0,0,False,0.0,0,False,0.0,0,False,0.0,0,False,0.0
h1_2025_12_03,h1_2025_12_03_t00014,comment,00:02:13.178,Unknown speaker,official,78,25.02600000000001,0,False,0.0029071620659866246,0,False,0.0,0,False,0.0,0,False,0.0,0,False,0.0,0,False,0.0,0,False,0.0,0,False,0.0,0,False,0.0,0,False,0.0,0,False,0.0,0,False,0.0,0,False,0.0
h1_2025_12_03,h1_2025_12_03_t00015,comment,00:02:43.150,Unknown speaker,official,32,9.730999999999995,0,False,0.0,0,False,0.0,0,False,0.008652079958301024,0,False,0.0,0,False,0.0,0,False,0.0,0,False,0.0,0,False,0.0,0,False,0.0,0,False,0.0,0,False,0.0,0,False,0.0,0,False,0.0
h1_2025_12_03,h1_2025_12_03_t00019,comment,00:03:07.437,Unknown speaker,official,18,7.304000000000002,0,False,0.005212197588062609,0,False,0.0,0,False,0.0,0,False,0.0,0,False,0.0,0,False,0.0,0,False,0.0,0,False,0.0,0,False,0.0,0,False,0.0,0,False,0.0,0,False,0.0,0,False,0.0
h1_2025_12_03,h1_2025_12_03_t00022,comment,00:04:05.616,Unknown speaker,official,804,287.985,4,True,0.02210232455694857,0,False,0.0028586940548657722,1,True,0.011488449361449904,0,False,0.0,3,True,0.0,0,False,0.007578357528137233,0,False,0.005382627119115415,0,False,0.0031689736939006737,3,True,0.044279548836903306,0,False,0.0,0,False,0.0,0,False,0.0,0,False,0.0
h1_2025_12_03,h1_2025_12_03_t00029,comment,00:10:38.713,Unknown speaker,developer,247,83.51800000000003,0,False,0.0016571878782612258,0,False,0.0,0,False,0.0,3,True,0.04135991699563164,1,True,0.0,1,True,0.014066557014150079,0,False,0.008835920929543915,0,False,0.0,0,False,0.004219524387960962,0,False,0.0,0,False,0.0,0,False,0.0,0,False,0.0
h1_2025_12_03,h1_2025_12_03_t00030,comment,00:12:13.198,Unknown speaker,developer,53,14.513000000000034,0,False,0.0,0,False,0.013404913207665554,0,False,0.006294338552602671,0,False,0.0,0,False,0.0,0,False,0.0,0,False,0.0,0,False,0.0,0,False,0.0,0,False,0.0,0,False,0.0,0,False,0.0,0,False,0.0
h1_2025_12_03,h1_2025_12_03_t00031,comment,00:12:35.055,Unknown speaker,developer,84,31.01800000000003,2,True,0.012594746712839614,0,False,0.02491590369546395,0,False,0.004729130734007952,0,False,0.0,0,False,0.0,0,False,0.0,0,False,0.0,0,False,0.0,0,False,0.0,0,False,0.0,0,False,0.0,0,False,0.0,0,False,0.0
h1_2025_12_03,h1_2025_12_03_t00034,comment,00:13:20.818,Unknown speaker,developer,1139,344.1289999999999,1,True,0.009549681592548584,1,True,0.020546816313661783,0,False,0.0189749808631696,5,True,0.02733206574948576,27,True,0.08507675241057969,0,False,0.0013229466373395292,0,False,0.0030825877460433754,0,False,0.009001296053296044,0,False,0.0,5,True,0.010875890030922122,1,True,0.0044706835805669465,0,False,0.0021135642359926387,0,False,0.003118785871161409
h1_2025_12_03,h1_2025_12_03_t00035,comment,00:19:08.195,Unknown speaker,developer,797,253.43000000000006,0,False,0.006464659742682354,8,True,0.054685990430049965,2,True,0.01755516851491454,0,False,0.004222925602447647,0,False,0.0,1,True,0.003531422048470937,2,True,0.011582139621615776,0,False,0.006574732505678558,0,False,0.0,1,True,0.01162293527535501,19,True,0.08863887020218648,0,False,0.0,0,False,0.013639919828686243
h1_2025_12_03,h1_2025_12_03_t00036,comment,00:23:25.968,Unknown speaker,developer,314,92.52199999999993,0,False,0.015872929958763857,0,False,0.0,0,False,0.016634790789884227,0,False,0.0,0,False,0.0032592248217708114,0,False,0.0,0,False,0.0,3,True,0.02672989710773329,0,False,0.0,0,False,0.0,0,False,0.0,1,True,0.007945743232452595,0,False,0.0
h1_2025_12_03,h1_2025_12_03_t00037,comment,00:25:08.446,Unknown speaker,developer,409,130.86800000000017,0,False,0.008997529483763313,0,False,0.017532551633412816,0,False,0.021344984394389723,3,True,0.035665569620619376,8,True,0.023405106770754795,1,True,0.0,0,False,0.009881696517336022,1,True,0.007289478939545262,6,True,0.043490756331865485,0,False,0.0,0,False,0.0,0,False,0.003249327876907861,0,False,0.0
h1_2025_12_03,h1_2025_12_03_t00038,comment,00:27:25.706,Unknown speaker,developer,216,60.846000000000004,0,False,0.0,0,False,0.0,0,False,0.0,3,True,0.08579515816805268,0,False,0.0,1,True,0.008546392825285416,0,False,0.002534369678111355,0,False,0.0,0,False,0.0045288123934603955,0,False,0.0,1,True,0.010079987102437595,0,False,0.004765423420164625,0,False,0.0
h1_2025_12_03,h1_2025_12_03_t00039,comment,00:28:30.338,Unknown speaker,developer,169,54.519000000000005,0,False,0.0,0,False,0.0,0,False,0.0,4,True,0.0531122830455784,1,True,0.0,0,False,0.005974734217716438,2,True,0.0308022006526753,0,False,0.00828742549132446,0,False,0.004833109359152389,2,True,0.04919984406922142,0,False,0.0,0,False,0.0,0,False,0.0
h1_2025_12_03,h1_2025_12_03_t00040,comment,00:29:25.842,Unknown speaker,official,101,26.652999999999793,0,False,0.0,0,False,0.0,0,False,0.0,0,False,0.0,0,False,0.0,0,False,0.0,1,True,0.014340524625313532,0,False,0.0,0,False,0.0,0,False,0.0,0,False,0.0,0,False,0.0,0,False,0.0
h1_2025_12_03,h1_2025_12_03_t00041,comment,00:29:52.759,Unknown speaker,developer,38,11.242999999999938,0,False,0.0,0,False,0.0,0,False,0.0,1,True,0.015362820851127184,0,False,0.0,0,False,0.0063042035747492555,1,True,0.02623808592544262,0,False,0.0,0,False,0.0,0,False,0.0,0,False,0.0,0,False,0.0,0,False,0.0
h1_2025_12_03,h1_2025_12_03_t00045,comment,00:30:19.326,Unknown speaker,public,836,246.4380000000001,0,False,0.004293447388943573,7,True,0.06395205119878601,4,True,0.040835950098988036,0,False,0.009425254456574977,0,False,0.0,2,True,0.014334672828903423,1,True,0.002765121816483162,0,False,0.0,2,True,0.030221138404012075,0,False,0.0,0,False,0.004363534203048847,1,True,0.010324217264021522,0,False,0.0
h1_2025_12_03,h1_2025_12_03_t00048,comment,00:34:36.842,Unknown speaker,public,213,79.37599999999975,0,False,0.0017614300559559964,0,False,0.005739725084070739,1,True,0.041786827606084105,0,False,0.026055023488244573,0,False,0.0,2,True,0.03723568212530294,1,True,0.020684126212449673,0,False,0.009545644622962963,0,False,0.0,1,True,0.0085849539014411,0,False,0.0,0,False,0.004719264518217212,0,False,0.0
h1_2025_12_03,h1_2025_12_03_t00049,comment,00:36:01.937,Unknown speaker,public,254,94.46300000000019,0,False,0.0,0,False,0.0,0,False,0.0,1,True,0.028301172439096214,0,False,0.0204356502557808,0,False,0.004827765678576775,0,False,0.01862749007790855,0,False,0.0049091647638369075,0,False,0.0,1,True,0.006488670514310379,0,False,0.0,0,False,0.0041093334070092715,0,False,0.0
h1_2025_12_03,h1_2025_12_03_t00050,comment,00:37:43.546,Unknown speaker,consultant,310,113.25500000000011,0,False,0.010724381556100948,0,False,0.005235247252698825,0,False,0.0,1,True,0.034591122543996856,1,True,0.0,0,False,0.010732806615288845,1,True,0.011111620541742997,0,False,0.0,0,False,0.0,0,False,0.007064930804627793,0,False,0.0,1,True,0.009320890463982887,0,False,0.0
h1_2025_12_03,h1_2025_12_03_t00052,comment,00:39:50.806,Unknown speaker,consultant,493,179.346,0,False,0.0012122527889353743,0,False,0.0,0,False,0.0,3,True,0.034132475830881547,0,False,0.0,0,False,0.007522874974625698,0,False,0.005319153741038616,0,False,0.0,0,False,0.005702395304943529,0,False,0.0,0,False,0.0,1,True,0.007228414184722562,0,False,0.0
h1_2025_12_03,h1_2025_12_03_t00053,comment,00:43:00.822,Unknown speaker,consultant,24,6.826999999999771,0,False,0.0,0,False,0.0,0,False,0.0,0,False,0.0,0,False,0.0,0,False,0.0,0,False,0.0,0,False,0.0,0,False,0.0,0,False,0.0,0,False,0.0,0,False,0.0,0,False,0.0
h1_2025_12_03,h1_2025_12_03_t00062,comment,00:45:21.576,Unknown speaker,official,20,7.706000000000131,0,False,0.0,0,False,0.0,0,False,0.0,0,False,0.0,0,False,0.0,0,False,0.0,0,False,0.0,0,False,0.0,0,False,0.0,0,False,0.0,0,False,0.0,0,False,0.0,0,False,0.0
h1_2025_12_03,h1_2025_12_03_t00065,comment,00:46:21.059,Unknown speaker,official,155,61.19599999999991,0,False,0.003936492053987703,0,False,0.0,0,False,0.0,0,False,0.0,0,False,0.0,0,False,0.006601538680063986,0,False,0.0,0,False,0.0,0,False,0.0,0,False,0.0,0,False,0.0,0,False,0.0,0,False,0.0
h1_2025_12_03,h1_2025_12_03_t00066,comment,00:47:22.655,Unknown speaker,official,64,26.927999999999884,1,True,0.033255114508386,0,False,0.0,0,False,0.0,0,False,0.0,0,False,0.0,0,False,0.0,0,False,0.0,0,False,0.0,0,False,0.0,0,False,0.0,0,False,0.0,0,False,0.0,0,False,0.0
h1_2025_12_03,h1_2025_12_03_t00067,comment,00:47:50.090,Unknown speaker,developer,197,57.88599999999997,0,False,0.0,0,False,0.0,0,False,0.0,0,False,0.0,0,False,0.0,0,False,0.0,0,False,0.0,0,False,0.0,0,False,0.0,0,False,0.0,0,False,0.0,0,False,0.0,0,False,0.0
h1_2025_12_03,h1_2025_12_03_t00068,comment,00:48:48.376,Unknown speaker,official,145,58.13099999999986,1,True,0.013679557848476348,0,False,0.0,0,False,0.0,0,False,0.0,0,False,0.0,0,False,0.0037483281869487525,0,False,0.0,0,False,0.0,0,False,0.0,0,False,0.0,0,False,0.0,0,False,0.0,0,False,0.0
h1_2025_12_03,h1_2025_12_03_t00069,comment,00:49:49.970,Unknown speaker,official,25,11.202999999999975,0,False,0.0050336777033794106,0,False,0.0,0,False,0.0,0,False,0.0,0,False,0.0,0,False,0.0,0,False,0.0,0,False,0.0,0,False,0.0,0,False,0.0,0,False,0.0,0,False,0.0,0,False,0.0
h1_2025_12_03,h1_2025_12_03_t00070,comment,00:50:01.193,Unknown speaker,official,119,39.06700000000001,1,True,0.014094418936259658,0,False,0.0,0,False,0.0,0,False,0.0,0,False,0.0,0,False,0.0,0,False,0.0,0,False,0.0,0,False,0.0,1,True,0.012440993474651774,0,False,0.0,0,False,0.0,0,False,0.0
h1_2025_12_03,h1_2025_12_03_t00071,comment,00:50:40.871,Unknown speaker,developer,330,101.94299999999976,0,False,0.0,0,False,0.0,0,False,0.009939097498552613,4,True,0.022900191556941656,2,True,0.014284013537806091,0,False,0.0,0,False,0.003463336460585674,0,False,0.008293972655847116,0,False,0.0,11,True,0.027958082536348197,0,False,0.0,0,False,0.0,2,True,0.018103888908591634
h1_2025_12_03,h1_2025_12_03_t00072,comment,00:52:22.834,Unknown speaker,official,30,9.595000000000255,0,False,0.0,0,False,0.0,0,False,0.0,0,False,0.0,0,False,0.0,0,False,0.0,0,False,0.0,0,False,0.019305940933993397,0,False,0.0,0,False,0.0,0,False,0.0,0,False,0.0,0,False,0.0
h1_2025_12_03,h1_2025_12_03_t00073,comment,00:52:32.669,Unknown speaker,developer,59,12.889000000000124,0,False,0.0,0,False,0.0,0,False,0.0,0,False,0.0,0,False,0.0,0,False,0.0,0,False,0.0,1,True,0.03431859601069912,0,False,0.0,1,True,0.0,0,False,0.0,1,True,0.03577423475029032,0,False,0.0
h1_2025_12_03,h1_2025_12_03_t00076,comment,00:52:53.965,Unknown speaker,official,18,8.38799999999992,0,False,0.006635023614929987,0,False,0.0,0,False,0.0,0,False,0.0,0,False,0.0,0,False,0.0,0,False,0.0,0,False,0.0,0,False,0.0,0,False,0.0,0,False,0.0,0,False,0.0,0,False,0.0
h1_2025_12_03,h1_2025_12_03_t00077,comment,00:53:03.254,Unknown speaker,official,84,30.184000000000196,0,False,0.0,0,False,0.0,0,False,0.0,0,False,0.0,0,False,0.0,0,False,0.0,0,False,0.0,0,False,0.0,0,False,0.0,0,False,0.0,0,False,0.0,0,False,0.0,0,False,0.0
h1_2025_12_03,h1_2025_12_03_t00078,comment,00:53:36.293,Unknown speaker,developer,72,23.06999999999971,0,False,0.01870951236235594,0,False,0.00950724572723746,0,False,0.0,0,False,0.0,0,False,0.0,0,False,0.0,0,False,0.0,0,False,0.013045658010027123,0,False,0.0,1,True,0.0,0,False,0.0,0,False,0.0,0,False,0.0
h1_2025_12_03,h1_2025_12_03_t00079,comment,00:54:00.303,Unknown speaker,official,32,7.829999999999927,0,False,0.01024730093809924,0,False,0.02384537463829186,0,False,0.011196705160405326,0,False,0.0,1,True,0.0,0,False,0.017184831718532263,0,False,0.0,0,False,0.0,0,False,0.0,0,False,0.0,0,False,0.0,0,False,0.0,0,False,0.0
h1_2025_12_03,h1_2025_12_03_t00081,comment,00:54:09.693,Unknown speaker,official,18,8.361999999999625,1,True,0.036449559672132634,0,False,0.0,0,False,0.0,0,False,0.0,0,False,0.0,0,False,0.0,0,False,0.0,0,False,0.0,0,False,0.0,0,False,0.0,0,False,0.0,0,False,0.0,0,False,0.0
h1_2025_12_03,h1_2025_12_03_t00083,comment,00:54:18.895,Unknown speaker,official,68,22.876000000000204,0,False,0.009154034222900509,0,False,0.0,0,False,0.0,0,False,0.0,0,False,0.0,0,False,0.0,0,False,0.0,1,True,0.034856541386840946,0,False,0.0,0,False,0.0,0,False,0.0,0,False,0.0,0,False,0.0
h1_2025_12_03,h1_2025_12_03_t00084,comment,00:54:42.251,Unknown speaker,developer,132,40.80799999999999,0,False,0.0,0,False,0.0,0,False,0.009238263689796697,1,True,0.013481345298068062,1,True,0.01327680743951804,0,False,0.0,0,False,0.006194967442117834,0,False,0.00770914124163056,0,False,0.0,1,True,0.0,0,False,0.0,0,False,0.0,0,False,0.0
h1_2025_12_03,h1_2025_12_03_t00085,comment,00:55:23.459,Unknown speaker,official,22,5.1030000000000655,0,False,0.0,0,False,0.0,0,False,0.0,0,False,0.0,1,True,0.0,0,False,0.0,0,False,0.0,0,False,0.0,0,False,0.0,0,False,0.0,0,False,0.0,0,False,0.0,0,False,0.0
h1_2025_12_03,h1_2025_12_03_t00086,comment,00:55:29.398,Unknown speaker,developer,89,27.284999999999854,0,False,0.0,0,False,0.0,0,False,0.0,0,False,0.0,0,False,0.0,0,False,0.0,0,False,0.0,0,False,0.012617622168552767,0,False,0.0,0,False,0.0,0,False,0.0,0,False,0.0,0,False,0.0
h1_2025_12_03,h1_2025_12_03_t00087,comment,00:55:57.742,Unknown speaker,official,35,10.298999999999978,0,False,0.0,0,False,0.0,0,False,0.0,0,False,0.010373228764432202,0,False,0.0,0,False,0.0,0,False,0.0,0,False,0.0,0,False,0.0,0,False,0.0,0,False,0.0,0,False,0.012566458817870042,0,False,0.0
h1_2025_12_03,h1_2025_12_03_t00088,comment,00:56:09.181,Unknown speaker,developer,48,16.88299999999981,0,False,0.0,0,False,0.0,0,False,0.0,0,False,0.007666899071741133,0,False,0.0,0,False,0.0,0,False,0.00891636745690658,0,False,0.0,0,False,0.0,1,True,0.0,0,False,0.0,0,False,0.00928792506496647,0,False,0.0
h1_2025_12_03,h1_2025_12_03_t00091,comment,00:56:34.855,Unknown speaker,official,41,16.153999999999996,0,False,0.0,0,False,0.025582750754034392,0,False,0.0,0,False,0.0,0,False,0.0,0,False,0.0,0,False,0.0,0,False,0.0,2,True,0.06361044655739383,0,False,0.0,0,False,0.0,0,False,0.0,0,False,0.0
h1_2025_12_03,h1_2025_12_03_t00093,comment,00:57:02.553,Unknown speaker,developer,87,44.572000000000116,0,False,0.0,0,False,0.052144535227510336,0,False,0.012651799311505021,0,False,0.0,0,False,0.0,1,True,0.00531611115861577,0,False,0.0,0,False,0.0,6,True,0.09231406416603845,0,False,0.0,0,False,0.0,0,False,0.0,0,False,0.0
h1_2025_12_03,h1_2025_12_03_t00094,comment,00:57:48.495,Unknown speaker,official,20,8.564000000000306,0,False,0.028110293950474447,1,True,0.10718221269905996,1,True,0.08315052386636898,0,False,0.0,0,False,0.01481352737471675,0,False,0.0,0,False,0.0,0,False,0.0,0,False,0.0,0,False,0.0,0,False,0.0,0,False,0.0,0,False,0.0
h1_2025_12_03,h1_2025_12_03_t00095,comment,00:57:59.080,Unknown speaker,developer,18,3.8020000000001346,0,False,0.0,0,False,0.021107649163451425,0,False,0.0,0,False,0.0,0,False,0.0,0,False,0.0,0,False,0.0,0,False,0.0,0,False,0.0,0,False,0.0,0,False,0.0,0,False,0.0,0,False,0.0
h1_2025_12_03,h1_2025_12_03_t00096,comment,00:58:04.423,Unknown speaker,official,18,6.703000000000429,0,False,0.02948403123115299,1,True,0.03976265341305925,0,False,0.0,0,False,0.0,1,True,0.015537457720263959,0,False,0.0,0,False,0.0,0,False,0.0,0,False,0.0,0,False,0.0,0,False,0.0,0,False,0.0,0,False,0.0
h1_2025_12_03,h1_2025_12_03_t00103,comment,00:58:28.073,Unknown speaker,official,19,12.48700000000008,0,False,0.006503249248916627,0,False,0.0,0,False,0.0,0,False,0.0,0,False,0.0,0,False,0.0,0,False,0.0,0,False,0.0,0,False,0.0,0,False,0.0,0,False,0.0,0,False,0.0,0,False,0.0
h1_2025_12_03,h1_2025_12_03_t00104,comment,00:58:45.661,Unknown speaker,official,32,11.143999999999778,0,False,0.0,0,False,0.0,0,False,0.021408760902742116,0,False,0.0,1,True,0.05409022801113098,0,False,0.0,0,False,0.0,0,False,0.0,0,False,0.0,1,True,0.03128801102571995,0,False,0.0,0,False,0.0,0,False,0.0
h1_2025_12_03,h1_2025_12_03_t00105,comment,00:58:58.047,Unknown speaker,developer,199,71.346,0,False,0.0,0,False,0.0,0,False,0.011608585958596991,0,False,0.004784366323961819,3,True,0.036798743028030316,0,False,0.011032073839411132,0,False,0.0,0,False,0.0,0,False,0.0,0,False,0.0,0,False,0.0,0,False,0.0,0,False,0.0
h1_2025_12_03,h1_2025_12_03_t00107,comment,01:00:14.270,Unknown speaker,developer,48,17.690999999999804,0,False,0.014799757678530073,0,False,0.0,0,False,0.0,0,False,0.0,1,True,0.02582809437455483,0,False,0.0,0,False,0.0,0,False,0.01978443535534148,0,False,0.0,0,False,0.0,0,False,0.0,0,False,0.0,0,False,0.0
h1_2025_12_03,h1_2025_12_03_t00111,comment,01:00:52.184,Unknown speaker,official,49,15.084999999999582,0,False,0.0,0,False,0.0,0,False,0.0,0,False,0.0,0,False,0.0,0,False,0.0,0,False,0.0,0,False,0.0,0,False,0.013828513468447528,0,False,0.0,2,True,0.06744680675661721,0,False,0.0,3,True,0.07866575863310525
h1_2025_12_03,h1_2025_12_03_t00112,comment,01:01:08.148,Unknown speaker,developer,268,86.94499999999971,0,False,0.0,2,True,0.030624097954970595,0,False,0.005397823842512105,0,False,0.0,1,True,0.0,0,False,0.0,0,False,0.0,0,False,0.011575130372415521,0,False,0.0072052792203724575,1,True,0.017736594936651744,0,False,0.0224511745093449,0,False,0.0,3,True,0.04422926566188184
h1_2025_12_03,h1_2025_12_03_t00115,comment,01:02:58.546,Unknown speaker,official,162,52.345000000000255,1,True,0.016357381261667202,0,False,0.0,0,False,0.0,1,True,0.026944630795486223,0,False,0.0,0,False,0.0034346794323153523,0,False,0.0,0,False,0.0,0,False,0.0,0,False,0.0,0,False,0.0,0,False,0.0,0,False,0.0
h1_2025_12_03,h1_2025_12_03_t00116,comment,01:03:53.913,Unknown speaker,developer,76,26.235000000000127,0,False,0.0,1,True,0.011530896331602961,0,False,0.0,0,False,0.0,0,False,0.0,0,False,0.0,0,False,0.0,0,False,0.0,0,False,0.0,0,False,0.0,0,False,0.0,0,False,0.01429896615550068,0,False,0.0
h1_2025_12_03,h1_2025_12_03_t00117,comment,01:04:20.608,Unknown speaker,official,51,14.94399999999996,0,False,0.0,0,False,0.0,0,False,0.0,0,False,0.012103136802899964,0,False,0.0,0,False,0.0075834079780839544,0,False,0.0,0,False,0.0,0,False,0.0,0,False,0.0,0,False,0.0,0,False,0.0,0,False,0.0
h1_2025_12_03,h1_2025_12_03_t00119,comment,01:04:53.297,Unknown speaker,official,59,17.126999999999953,0,False,0.0,1,True,0.011474666373733254,0,False,0.0,0,False,0.0,0,False,0.0,0,False,0.0,0,False,0.0,0,False,0.0,0,False,0.0,0,False,0.0,0,False,0.0,0,False,0.0,0,False,0.0
h1_2025_12_03,h1_2025_12_03_t00120,comment,01:05:12.026,Unknown speaker,public,155,46.008000000000266,0,False,0.017272768123441112,3,True,0.0574673275337643,1,True,0.02143170383493051,0,False,0.0,0,False,0.009102381635870842,0,False,0.0,0,False,0.0,0,False,0.0,0,False,0.01106041164522227,0,False,0.0,0,False,0.0,0,False,0.0,0,False,0.0
h1_2025_12_03,h1_2025_12_03_t00121,comment,01:06:01.281,Unknown speaker,official,73,26.02500000000009,0,False,0.0,0,False,0.0,0,False,0.0,0,False,0.0,0,False,0.0,0,False,0.0,0,False,0.0,0,False,0.0,0,False,0.01541678174585552,0,False,0.0,0,False,0.015990784020089504,0,False,0.0,0,False,0.0
h1_2025_12_03,h1_2025_12_03_t00122,comment,01:06:27.727,Unknown speaker,public,103,35.846000000000004,0,False,0.0025214444075617477,0,False,0.0,2,True,0.014946861558170786,0,False,0.0,1,True,0.0,0,False,0.004228488857049246,0,False,0.0,0,False,0.0,0,False,0.011860787521044618,0,False,0.0,0,False,0.0,0,False,0.0,0,False,0.0
h1_2025_12_03,h1_2025_12_03_t00123,comment,01:07:03.713,Unknown speaker,official,18,5.3419999999996435,0,False,0.0,0,False,0.0,0,False,0.0,0,False,0.0,0,False,0.0,0,False,0.0,0,False,0.0,0,False,0.0,0,False,0.0,0,False,0.0,0,False,0.0,0,False,0.0,0,False,0.0
h1_2025_12_03,h1_2025_12_03_t00124,comment,01:07:12.476,Unknown speaker,official,314,103.20800000000008,2,True,0.007923311573481981,2,True,0.02705887312367623,0,False,0.012944487594694864,1,True,0.005172615855340289,4,True,0.06448463393914496,0,False,0.0,0,False,0.0,0,False,0.0,1,True,0.020499606171036546,0,False,0.0,0,False,0.0,0,False,0.0,0,False,0.0
h1_2025_12_03,h1_2025_12_03_t00125,comment,01:08:57.705,Unknown speaker,official,18,4.8419999999996435,0,False,0.0,0,False,0.0,0,False,0.0,0,False,0.0,0,False,0.0,0,False,0.0,0,False,0.0,0,False,0.0,0,False,0.0,0,False,0.0,0,False,0.0,0,False,0.0,0,False,0.0
h1_2025_12_03,h1_2025_12_03_t00128,comment,01:09:05.608,Unknown speaker,official,21,8.804000000000087,0,False,0.0,0,False,0.0,0,False,0.0,0,False,0.016986273328801475,0,False,0.02845279315209537,0,False,0.0,0,False,0.014646808257216428,0,False,0.0,0,False,0.0,0,False,0.0,0,False,0.0,0,False,0.0,0,False,0.0
h1_2025_12_03,h1_2025_12_03_t00131,comment,01:09:21.783,Unknown speaker,official,19,5.0239999999994325,0,False,0.0,0,False,0.0,0,False,0.0,0,False,0.0,0,False,0.0,0,False,0.0,0,False,0.0,0,False,0.0,0,False,0.0,0,False,0.0,0,False,0.0,0,False,0.0,0,False,0.0
h1_2025_12_03,h1_2025_12_03_t00132,comment,01:09:27.608,Unknown speaker,official,49,15.992999999999483,0,False,0.0,0,False,0.0,0,False,0.007479360334266537,0,False,0.0,0,False,0.0,0,False,0.0,0,False,0.0,0,False,0.0,0,False,0.0,0,False,0.0,0,False,0.0,0,False,0.0,0,False,0.0
h1_2025_12_03,h1_2025_12_03_t00135,comment,01:09:50.018,Unknown speaker,official,60,17.54399999999987,0,False,0.0,0,False,0.0,0,False,0.0,0,False,0.0,0,False,0.0,0,False,0.0,0,False,0.0,0,False,0.0,0,False,0.0,0,False,0.0,0,False,0.0,0,False,0.0,0,False,0.0
h1_2025_12_03,h1_2025_12_03_t00136,comment,01:10:07.742,Unknown speaker,developer,70,22.425999999999476,0,False,0.0,0,False,0.0,0,False,0.0,0,False,0.0,0,False,0.0,0,False,0.0,0,False,0.0,0,False,0.0,0,False,0.0,0,False,0.0,0,False,0.0,0,False,0.0,0,False,0.0
h1_2025_12_03,h1_2025_12_03_t00139,comment,01:10:40.610,Unknown speaker,official,31,14.639000000000124,0,False,0.0,0,False,0.017767196180699583,0,False,0.008342668554383563,0,False,0.0,0,False,0.0,0,False,0.00756249881448742,0,False,0.0,0,False,0.0,0,False,0.0,0,False,0.0,0,False,0.0,0,False,0.0,0,False,0.0
h1_2025_12_03,h1_2025_12_03_t00140,comment,01:10:58.312,Unknown speaker,official,22,11.488000000000284,0,False,0.0,0,False,0.0,0,False,0.0,0,False,0.0,0,False,0.0,0,False,0.0,0,False,0.0,0,False,0.0,0,False,0.0,0,False,0.0,0,False,0.0,0,False,0.0,0,False,0.0
h1_2025_12_03,h1_2025_12_03_t00141,comment,01:11:12.082,Unknown speaker,official,408,164.66799999999967,0,False,0.003233748779595211,0,False,0.0,0,False,0.0,0,False,0.0106499462210681,0,False,0.0,0,False,0.0,1,True,0.003810513394428327,0,False,0.0,0,False,0.0,0,False,0.0,0,False,0.0,0,False,0.0,0,False,0.0
h1_2025_12_03,h1_2025_12_03_t00142,comment,01:14:02.713,Unknown speaker,official,364,118.8710000000001,0,False,0.006442355321512297,0,False,0.01542545626258861,0,False,0.0,0,False,0.0,4,True,0.003394984310054282,0,False,0.0,0,False,0.006487914810740697,0,False,0.013471554298304022,0,False,0.0,0,False,0.0,5,True,0.03679016433060731,9,True,0.07698442321276638,0,False,0.0
h1_2025_12_03,h1_2025_12_03_t00144,comment,01:16:02.985,Unknown speaker,official,26,10.677999999999884,0,False,0.0,0,False,0.0,0,False,0.0,0,False,0.0,0,False,0.0,0,False,0.0,0,False,0.0,0,False,0.0,0,False,0.0,0,False,0.0,0,False,0.0,0,False,0.0,0,False,0.0
h1_2025_12_03,h1_2025_12_03_t00146,comment,01:16:16.785,Unknown speaker,official,31,8.404999999999745,0,False,0.0,0,False,0.0,0,False,0.0,0,False,0.0,0,False,0.0,0,False,0.0,0,False,0.0,0,False,0.0,0,False,0.0,0,False,0.0,0,False,0.0,0,False,0.0,0,False,0.0
h1_2025_12_03,h1_2025_12_03_t00148,comment,01:17:15.471,Unknown speaker,official,49,13.82800000000043,0,False,0.0,0,False,0.0,0,False,0.0,0,False,0.0,0,False,0.0,0,False,0.0,0,False,0.0,0,False,0.0,0,False,0.0,0,False,0.0,0,False,0.0,0,False,0.0,0,False,0.0
h1_2025_12_03,h1_2025_12_03_t00152,comment,01:18:40.363,Unknown speaker,public,99,29.721999999999753,0,False,0.0027677943088673003,0,False,0.007991494482237375,1,True,0.007874922848412414,0,False,0.0,0,False,0.0,0,False,0.004641620238999097,0,False,0.0,0,False,0.0,0,False,0.0,0,False,0.0,0,False,0.0,0,False,0.0,0,False,0.0
h1_2025_12_03,h1_2025_12_03_t00153,comment,01:19:18.370,Unknown speaker,public,46,12.306999999999789,0,False,0.0,0,False,0.010868789834241149,1,True,0.01071024719975723,0,False,0.0,0,False,0.0,0,False,0.0,0,False,0.0,0,False,0.0,0,False,0.0,0,False,0.0,0,False,0.0,0,False,0.0,0,False,0.0
h1_2025_12_03,h1_2025_12_03_t00154,comment,01:19:41.797,Unknown speaker,public,306,110.47900000000027,1,True,0.005375053984864385,1,True,0.013629518717271713,1,True,0.02648010646118529,0,False,0.003679412276450358,3,True,0.01590282031425243,0,False,0.008179683956596642,1,True,0.009628048259534977,0,False,0.0,0,False,0.004687801744514004,0,False,0.0,0,False,0.0,0,False,0.0,1,True,0.01981579762028806
h1_2025_12_03,h1_2025_12_03_t00155,comment,01:21:37.955,Unknown speaker,public,196,75.75,2,True,0.007966520060007476,4,True,0.06379171805593697,2,True,0.030234205278030248,1,True,0.018280501398111455,0,False,0.0,0,False,0.0,0,False,0.004158754136070414,0,False,0.0,1,True,0.015211750611785757,1,True,0.013165841878103216,0,False,0.0,0,False,0.0,0,False,0.0
h1_2025_12_03,h1_2025_12_03_t00156,comment,01:23:01.011,Unknown speaker,public,558,212.52199999999993,1,True,0.01308338537596352,0,False,0.005589204722946001,0,False,0.013683321430647015,0,False,0.0036538280727894733,13,True,0.06188943548898604,2,True,0.005150679381914154,1,True,0.002743572225514226,1,True,0.016063356436591045,0,False,0.006475027850982724,4,True,0.007837136414447391,2,True,0.01271188740687392,0,False,0.0,6,True,0.03972321594044778
h1_2025_12_03,h1_2025_12_03_t00157,comment,01:26:42.316,Unknown speaker,public,81,29.93199999999979,0,False,0.0,0,False,0.014064928683279814,0,False,0.0,0,False,0.014419218601712134,1,True,0.01529313864249258,0,False,0.0042272905018223795,2,True,0.029860831919226265,0,False,0.0,0,False,0.006418271054144991,0,False,0.0,1,True,0.02451410559973001,0,False,0.0,0,False,0.017848415871284443
h1_2025_12_03,h1_2025_12_03_t00158,comment,01:27:16.117,Unknown speaker,public,87,35.15700000000015,0,False,0.009915573881215282,1,True,0.02567243792293635,0,False,0.01654403723721966,1,True,0.04406127050517315,0,False,0.0,1,True,0.01693915699411809,3,True,0.0250871321286984,0,False,0.0,0,False,0.008142165026908413,0,False,0.0,0,False,0.0,0,False,0.0,0,False,0.0
h1_2025_12_03,h1_2025_12_03_t00159,comment,01:27:58.241,Unknown speaker,public,252,99.33700000000044,0,False,0.012407813467149795,0,False,0.00783472081634193,0,False,0.009639344975395484,0,False,0.005872790789251479,1,True,0.011106722191929487,5,True,0.05432424826875111,2,True,0.01711352833925848,0,False,0.005437770890458255,1,True,0.012922073252202253,0,False,0.0,1,True,0.0079176644468373,0,False,0.003804626623990151,0,False,0.0
h1_2025_12_03,h1_2025_12_03_t00160,comment,01:29:46.419,Unknown speaker,public,283,95.46399999999994,0,False,0.0,0,False,0.0,0,False,0.0,4,True,0.033884868929148645,0,False,0.0,0,False,0.010508961648875067,0,False,0.005749333390360745,0,False,0.004989924169805241,0,False,0.0,0,False,0.0,0,False,0.0,0,False,0.0,0,False,0.0
h1_2025_12_03,h1_2025_12_03_t00161,comment,01:31:25.306,Unknown speaker,public,19,5.926000000000386,0,False,0.0,0,False,0.0,0,False,0.0,0,False,0.0,0,False,0.0,0,False,0.0,0,False,0.0,0,False,0.023760357721126293,0,False,0.0,0,False,0.0,0,False,0.0,0,False,0.0,0,False,0.0
h1_2025_12_03,h1_2025_12_03_t00162,comment,01:31:38.543,Unknown speaker,public,37,13.631000000000313,0,False,0.0,0,False,0.0,0,False,0.0,1,True,0.01635891432545882,0,False,0.0,0,False,0.0,0,False,0.0,0,False,0.0,0,False,0.0,0,False,0.0,0,False,0.0,0,False,0.0,0,False,0.0
h1_2025_12_03,h1_2025_12_03_t00163,comment,01:32:00.200,Unknown speaker,public,55,20.67200000000048,0,False,0.0,1,True,0.045523500591973076,0,False,0.005919524575307169,1,True,0.01790951156878155,0,False,0.0,0,False,0.004705564933118952,0,False,0.004559201128769037,0,False,0.0,1,True,0.04368779742152304,0,False,0.0,0,False,0.0,0,False,0.0,0,False,0.012017584883811917
h1_2025_12_03,h1_2025_12_03_t00165,comment,01:32:37.707,Unknown speaker,public,134,51.826999999999316,0,False,0.0,0,False,0.0,0,False,0.0,0,False,0.006102044480692135,2,True,0.0,0,False,0.0,0,False,0.0,0,False,0.0,0,False,0.0,0,False,0.0,0,False,0.0,0,False,0.0,0,False,0.0
h1_2025_12_03,h1_2025_12_03_t00166,comment,01:33:34.077,Unknown speaker,public,153,74.8710000000001,0,False,0.0,0,False,0.006860771156008486,1,True,0.006760693341435416,1,True,0.007643034419559581,1,True,0.0,0,False,0.005775886434540419,0,False,0.0,0,False,0.0,0,False,0.0,0,False,0.0,0,False,0.0,0,False,0.0,0,False,0.0
h1_2025_12_03,h1_2025_12_03_t00167,comment,01:34:53.908,Unknown speaker,public,261,103.8149999999996,1,True,0.014671110715661488,0,False,0.004829692122363476,0,False,0.012434121543110438,0,False,0.003967007961361892,0,False,0.0,0,False,0.004665277482930049,0,False,0.002111889275878275,0,False,0.0,0,False,0.006389696392194874,0,False,0.006698755146597925,0,False,0.0,0,False,0.0,0,False,0.0
h1_2025_12_03,h1_2025_12_03_t00168,comment,01:36:41.504,Unknown speaker,public,487,232.0659999999998,1,True,0.012664226998307692,1,True,0.0393326201812577,4,True,0.019758376614700437,3,True,0.048855490794212975,0,False,0.003943794819945427,1,True,0.007309459495041052,8,True,0.044382032579271154,0,False,0.025350767900596864,0,False,0.004792151757403047,0,False,0.005654555593955592,0,False,0.0,0,False,0.005671836257869912,0,False,0.0
h1_2025_12_03,h1_2025_12_03_t00169,comment,01:40:38.152,Unknown speaker,public,98,51.19800000000032,1,True,0.013248634505748258,2,True,0.029856297742424858,0,False,0.004599374920621689,0,False,0.0,0,False,0.0,0,False,0.0,1,True,0.007086730266708093,0,False,0.0,0,False,0.0,0,False,0.0,0,False,0.0,0,False,0.0,0,False,0.0
h1_2025_12_03,h1_2025_12_03_t00170,comment,01:41:32.597,Unknown speaker,public,332,138.4930000000004,0,False,0.0,1,True,0.004404247223188672,0,False,0.0025414277711455035,0,False,0.0,0,False,0.0,2,True,0.008897842796536524,0,False,0.0,0,False,0.008759883005987235,0,False,0.0,1,True,0.011867247533956338,1,True,0.013975600338890967,0,False,0.008204340793144603,2,True,0.026971921098689948
h1_2025_12_03,h1_2025_12_03_t00172,comment,01:43:54.812,Unknown speaker,public,161,61.850000000000364,1,True,0.009760229910436857,0,False,0.0,0,False,0.010651486825050717,0,False,0.008638366267425255,0,False,0.0,1,True,0.042142903157383234,1,True,0.053791185075366996,0,False,0.0,0,False,0.0,0,False,0.0,0,False,0.0,0,False,0.0,0,False,0.0
h1_2025_12_03,h1_2025_12_03_t00173,comment,01:45:00.618,Unknown speaker,public,187,71.53699999999935,0,False,0.011707601480089277,0,False,0.00841586975339276,2,True,0.021195345883913492,0,False,0.0,0,False,0.0039750916601727386,0,False,0.0025316898947380997,0,False,0.0024529431831966024,0,False,0.0,0,False,0.0,0,False,0.0,0,False,0.0,0,False,0.0,0,False,0.012973738850059395
h1_2025_12_03,h1_2025_12_03_t00174,comment,01:46:24.416,Unknown speaker,public,343,111.5590000000002,3,True,0.031010458188250555,0,False,0.0,0,False,0.004272939427874424,6,True,0.08041268652131006,0,False,0.0,1,True,0.013280544570876818,0,False,0.008698297986995958,0,False,0.006318666887823058,0,False,0.0036849571805952167,1,True,0.010924775103254491,0,False,0.0,0,False,0.00387748039112184,0,False,0.006441707937642848
h1_2025_12_03,h1_2025_12_03_t00175,comment,01:48:24.482,Unknown speaker,official,109,49.39300000000003,0,False,0.005823925340809785,0,False,0.008012679640018332,1,True,0.007895798979082002,1,True,0.008926283196012292,0,False,0.0,0,False,0.00787977999810928,0,False,0.0,0,False,0.0,0,False,0.0,0,False,0.0,0,False,0.0,0,False,0.0,0,False,0.0
h1_2025_12_03,h1_2025_12_03_t00176,comment,01:49:20.628,Unknown speaker,official,201,80.82600000000002,0,False,0.0,0,False,0.01903553818488807,2,True,0.05587046609760507,0,False,0.0,1,True,0.011160523727410028,0,False,0.0,0,False,0.0,0,False,0.0,0,False,0.02144042873170435,0,False,0.0,0,False,0.0,0,False,0.0,0,False,0.0
h1_2025_12_03,h1_2025_12_03_t00177,comment,01:50:41.654,Unknown speaker,official,27,10.695999999999913,0,False,0.0,0,False,0.015191633873626329,1,True,0.014970034073356751,0,False,0.0,0,False,0.0,0,False,0.0,0,False,0.0,0,False,0.0,0,False,0.0,0,False,0.0,0,False,0.0,0,False,0.0,0,False,0.0
h1_2025_12_03,h1_2025_12_03_t00185,comment,01:52:36.715,Unknown speaker,official,25,11.590000000000146,0,False,0.0060329604460367964,0,False,0.0,0,False,0.0,0,False,0.0,0,False,0.0,0,False,0.0,0,False,0.0,0,False,0.0,0,False,0.0,0,False,0.0,0,False,0.0,0,False,0.0,0,False,0.0
h1_2025_12_03,h1_2025_12_03_t00190,comment,01:53:01.555,Unknown speaker,official,74,28.305999999999585,1,True,0.01884638976286131,0,False,0.0,0,False,0.0053696905226431075,0,False,0.0,0,False,0.0,0,False,0.005164088982468373,0,False,0.0,0,False,0.0,0,False,0.0,0,False,0.0,0,False,0.0,0,False,0.0,0,False,0.0
h1_2025_12_03,h1_2025_12_03_t00191,comment,01:53:30.622,Unknown speaker,public,106,29.59099999999944,0,False,0.0,0,False,0.0,0,False,0.005205789682316523,0,False,0.0,1,True,0.0,0,False,0.0,0,False,0.0,0,False,0.0,0,False,0.0,1,True,0.0,0,False,0.0,0,False,0.0,0,False,0.0
h1_2025_12_03,h1_2025_12_03_t00192,comment,01:54:00.592,Unknown speaker,official,162,61.44000000000051,0,False,0.0,0,False,0.0,0,False,0.0,0,False,0.0,0,False,0.0,0,False,0.0,0,False,0.0,0,False,0.0,0,False,0.0,0,False,0.0,0,False,0.0,0,False,0.0,0,False,0.0
h1_2025_12_03,h1_2025_12_03_t00193,comment,01:55:03.472,Unknown speaker,public,41,19.54399999999987,0,False,0.0,0,False,0.0,0,False,0.0,0,False,0.0,0,False,0.0,0,False,0.0,0,False,0.0,0,False,0.0,0,False,0.0,0,False,0.0,0,False,0.0,0,False,0.0,0,False,0.0
h1_2025_12_03,h1_2025_12_03_t00194,comment,01:55:29.248,Unknown speaker,public,88,27.347999999999956,0,False,0.0,0,False,0.0,0,False,0.0,0,False,0.0,0,False,0.0,1,True,0.01726342424760496,0,False,0.004387764404916202,0,False,0.0,0,False,0.0,1,True,0.0172616313351516,0,False,0.0,0,False,0.0,0,False,0.0
h1_2025_12_03,h1_2025_12_03_t00195,comment,01:55:59.386,Unknown speaker,public,69,21.14799999999923,0,False,0.0,0,False,0.0,0,False,0.006892607183358698,0,False,0.0,0,False,0.0,0,False,0.02439463055311526,0,False,0.0,0,False,0.012651363772530762,0,False,0.0,0,False,0.0,0,False,0.0,0,False,0.0,0,False,0.0
h1_2025_12_03,h1_2025_12_03_t00198,comment,01:56:34.759,Unknown speaker,official,57,19.01000000000022,1,True,0.01986840510360507,0,False,0.0,0,False,0.0,0,False,0.0,0,False,0.0,1,True,0.008421040712760093,0,False,0.0,0,False,0.0,0,False,0.0,0,False,0.0,0,False,0.0,0,False,0.0,0,False,0.0
h1_2025_12_03,h1_2025_12_03_t00200,comment,01:56:56.668,Unknown speaker,public,116,45.98000000000047,0,False,0.0,0,False,0.02006340842606751,4,True,0.05411463441934891,0,False,0.014607048464982128,0,False,0.0,0,False,0.0,0,False,0.010303146913923861,0,False,0.0,0,False,0.010795965846123771,0,False,0.0,0,False,0.0,0,False,0.0,0,False,0.0
h1_2025_12_03,h1_2025_12_03_t00202,comment,01:57:47.329,Unknown speaker,official,19,6.082000000000335,0,False,0.006873684001547784,0,False,0.0,0,False,0.0,0,False,0.0,0,False,0.0,0,False,0.0,0,False,0.0,0,False,0.0,0,False,0.0,0,False,0.0,0,False,0.0,0,False,0.0,0,False,0.0
h1_2025_12_03,h1_2025_12_03_t00203,comment,01:57:56.748,Unknown speaker,official,18,4.863000000000284,0,False,0.0,0,False,0.0,0,False,0.0,0,False,0.0,0,False,0.0,0,False,0.0,0,False,0.0,0,False,0.0,0,False,0.0,0,False,0.0,0,False,0.0,0,False,0.0,0,False,0.0
h1_2025_12_03,h1_2025_12_03_t00205,comment,01:58:05.254,Unknown speaker,official,22,10.886999999999716,0,False,0.0,0,False,0.0,0,False,0.0,0,False,0.021428369810782097,0,False,0.0,0,False,0.0,0,False,0.0,0,False,0.0,0,False,0.0,0,False,0.0,0,False,0.0,0,False,0.0,0,False,0.0
h1_2025_12_03,h1_2025_12_03_t00206,comment,01:58:18.202,Unknown speaker,public,22,10.20299999999952,0,False,0.0,0,False,0.0,0,False,0.0,0,False,0.0,0,False,0.0,0,False,0.0,0,False,0.0,0,False,0.0,1,True,0.07037810231113986,0,False,0.0,0,False,0.0,0,False,0.0,0,False,0.0
h1_2025_12_03,h1_2025_12_03_t00210,comment,01:58:42.514,Unknown speaker,public,47,14.963999999999942,0,False,0.0,0,False,0.0,0,False,0.0,0,False,0.0,0,False,0.0,1,True,0.02849740548216032,1,True,0.044762589177307036,0,False,0.0,0,False,0.0,0,False,0.0,0,False,0.0,0,False,0.0,0,False,0.0
h1_2025_12_03,h1_2025_12_03_t00211,comment,01:58:58.418,Unknown speaker,official,27,9.846000000000458,0,False,0.0,0,False,0.0,0,False,0.0,0,False,0.0,0,False,0.0,0,False,0.0,0,False,0.0,0,False,0.0,0,False,0.0,0,False,0.0,0,False,0.0,0,False,0.0,0,False,0.0
h1_2025_12_03,h1_2025_12_03_t00212,comment,01:59:09.284,Unknown speaker,public,21,6.444000000000415,0,False,0.0,0,False,0.0,0,False,0.0,0,False,0.0,0,False,0.0,0,False,0.0,0,False,0.0,0,False,0.0,2,True,0.17402367636323676,0,False,0.0,0,False,0.0,0,False,0.0,0,False,0.02311425216397131
h1_2025_12_03,h1_2025_12_03_t00214,comment,01:59:21.152,Unknown speaker,public,41,18.853000000000065,0,False,0.0,0,False,0.0,0,False,0.01472230471279651,0,False,0.0,1,True,0.021158218827807645,0,False,0.0,0,False,0.0,0,False,0.0,0,False,0.018234518961485972,0,False,0.0,0,False,0.0,0,False,0.0,0,False,0.0
h1_2025_12_03,h1_2025_12_03_t00216,comment,01:59:42.847,Unknown speaker,official,28,14.083000000000538,0,False,0.0,0,False,0.0,0,False,0.0,0,False,0.0,0,False,0.0,0,False,0.0,0,False,0.0,0,False,0.0,0,False,0.0,0,False,0.0,0,False,0.0,0,False,0.0,0,False,0.0
h1_2025_12_03,h1_2025_12_03_t00220,comment,02:00:09.900,Unknown speaker,official,252,87.60400000000027,3,True,0.010215232273253355,1,True,0.030237945753627503,0,False,0.0030945865110802036,0,False,0.0,1,True,0.0,0,False,0.0,0,False,0.0,0,False,0.0,1,True,0.0436799529636591,0,False,0.0,0,False,0.0,0,False,0.0,0,False,0.006282507252751109
h1_2025_12_03,h1_2025_12_03_t00223,comment,02:01:41.682,Unknown speaker,public,18,5.525000000000546,0,False,0.0,0,False,0.0,0,False,0.0,0,False,0.0,0,False,0.0,0,False,0.0,0,False,0.0,0,False,0.0,0,False,0.0,0,False,0.0,0,False,0.0,0,False,0.0,0,False,0.0
h1_2025_12_03,h1_2025_12_03_t00227,comment,02:01:59.276,Unknown speaker,official,22,3.7830000000003565,0,False,0.0,0,False,0.0,0,False,0.0,0,False,0.0,1,True,0.0,0,False,0.0,0,False,0.0,0,False,0.0,0,False,0.0,0,False,0.0,0,False,0.0,0,False,0.0,0,False,0.0
h1_2025_12_03,h1_2025_12_03_t00228,comment,02:02:03.119,Unknown speaker,public,152,53.35400000000027,1,True,0.00657436229113198,0,False,0.01423724599059213,0,False,0.003939635984492548,0,False,0.0,0,False,0.0,0,False,0.0033225013759116675,0,False,0.0032191569426187386,0,False,0.0,0,False,0.010627445628902405,0,False,0.0,0,False,0.0,1,True,0.02752911810864557,0,False,0.0
h1_2025_12_03,h1_2025_12_03_t00230,comment,02:02:58.213,Unknown speaker,public,43,14.076000000000022,0,False,0.0,0,False,0.025629366152333237,0,False,0.0,0,False,0.0,0,False,0.0,0,False,0.0,0,False,0.0,0,False,0.0,0,False,0.0,0,False,0.0,0,False,0.0,0,False,0.0,0,False,0.0
h1_2025_12_03,h1_2025_12_03_t00231,comment,02:03:12.309,Unknown speaker,official,32,7.645999999999731,0,False,0.0,0,False,0.0,0,False,0.0,0,False,0.0,1,True,0.0,0,False,0.0,0,False,0.0,0,False,0.0,0,False,0.0,0,False,0.0,0,False,0.0,0,False,0.0,0,False,0.0
h1_2025_12_03,h1_2025_12_03_t00232,comment,02:03:20.295,Unknown speaker,public,61,18.960000000000036,0,False,0.0,0,False,0.0,0,False,0.0,0,False,0.0,1,True,0.0,0,False,0.0,0,False,0.0,0,False,0.0,0,False,0.017630023057601613,2,True,0.0334633173682883,0,False,0.0,0,False,0.0,0,False,0.03164608939186952
h1_2025_12_03,h1_2025_12_03_t00233,comment,02:03:39.275,Unknown speaker,official,66,25.10699999999997,1,True,0.010673772649040963,3,True,0.07688862832062639,0,False,0.006785854475354547,0,False,0.0,0,False,0.0,0,False,0.0,0,False,0.0,0,False,0.0,0,False,0.012210176109474126,0,False,0.0,0,False,0.0,0,False,0.0,0,False,0.0
h1_2025_12_03,h1_2025_12_03_t00235,comment,02:04:12.726,Unknown speaker,official,19,6.983000000000175,0,False,0.0,1,True,0.07256153253755424,0,False,0.01278974391201147,0,False,0.0,0,False,0.0,0,False,0.0,0,False,0.0,0,False,0.0,1,True,0.06290938784521033,0,False,0.0,0,False,0.0,0,False,0.0,0,False,0.0
h1_2025_12_03,h1_2025_12_03_t00238,comment,02:04:28.213,Unknown speaker,official,32,22.105000000000473,0,False,0.004513534148075244,0,False,0.0,0,False,0.0,0,False,0.0,0,False,0.0,0,False,0.007569244356056678,0,False,0.0,0,False,0.0,0,False,0.0,0,False,0.0,0,False,0.0,0,False,0.0,0,False,0.0
h1_2025_12_03,h1_2025_12_03_t00239,comment,02:04:56.046,Unknown speaker,official,21,6.184999999999491,0,False,0.0,0,False,0.0,0,False,0.0,0,False,0.0,0,False,0.0,0,False,0.0,0,False,0.0,0,False,0.0,0,False,0.024062759969664758,0,False,0.0,0,False,0.0,0,False,0.0,2,True,0.05733963604530714
h1_2025_12_03,h1_2025_12_03_t00244,comment,02:05:15.741,Unknown speaker,official,28,14.041000000000167,0,False,0.0,0,False,0.0,0,False,0.0,0,False,0.0,0,False,0.0,0,False,0.0,0,False,0.0,0,False,0.0,0,False,0.03704659879882836,0,False,0.0,0,False,0.0,0,False,0.0,2,True,0.049149279224384466
h1_2025_12_03,h1_2025_12_03_t00246,comment,02:05:48.647,Unknown speaker,official,417,124.26699999999983,0,False,0.0023116251722234875,0,False,0.014416281296992663,0,False,0.0,1,True,0.014860848938175132,1,True,0.0,0,False,0.0022895940953083535,0,False,0.0,0,False,0.0,0,False,0.0,0,False,0.0,0,False,0.0,0,False,0.0,0,False,0.0
h1_2025_12_03,h1_2025_12_03_t00247,comment,02:07:54.235,Unknown speaker,public,22,6.927000000000589,0,False,0.02029694143052428,0,False,0.0,0,False,0.0,0,False,0.0,1,True,0.0,0,False,0.0,0,False,0.0,0,False,0.0,0,False,0.0,0,False,0.0,0,False,0.0,0,False,0.0,0,False,0.0
h1_2025_12_03,h1_2025_12_03_t00248,comment,02:08:01.957,Unknown speaker,official,353,100.3149999999996,0,False,0.0,0,False,0.007083013763362771,0,False,0.005434286159776214,2,True,0.011508167839715502,2,True,0.01540669589156956,0,False,0.0040229395758933995,0,False,0.0,0,False,0.0,0,False,0.0,0,False,0.0,0,False,0.0,2,True,0.029230433235206972,0,False,0.0056013412139051776
h1_2025_12_03,h1_2025_12_03_t00251,comment,02:09:53.807,Unknown speaker,official,20,7.655000000000655,0,False,0.0,0,False,0.0,0,False,0.0,0,False,0.0,0,False,0.0,0,False,0.0,0,False,0.0,0,False,0.0,0,False,0.0,0,False,0.0,0,False,0.0,0,False,0.0,0,False,0.0
h1_2025_12_03,h1_2025_12_03_t00252,comment,02:10:01.502,Unknown speaker,public,361,113.3189999999995,0,False,0.022934019701470743,0,False,0.0,0,False,0.027565881540706938,0,False,0.0,14,True,0.1127923701592381,1,True,0.011593102257779762,1,True,0.004221007760160572,0,False,0.00473956784505498,0,False,0.0,1,True,0.0,0,False,0.0,0,False,0.0,0,False,0.0
h1_2025_12_03,h1_2025_12_03_t00255,comment,02:11:57.903,Unknown speaker,official,24,6.824999999999818,0,False,0.006672714747516005,0,False,0.0,0,False,0.0,0,False,0.0,0,False,0.0,0,False,0.011190212987255253,0,False,0.0,0,False,0.0,0,False,0.0,0,False,0.0,0,False,0.0,0,False,0.0,0,False,0.0
h1_2025_12_03,h1_2025_12_03_t00261,comment,02:12:18.265,Unknown speaker,public,270,79.59299999999985,0,False,0.018772617781726883,0,False,0.01301149544747134,0,False,0.0175212164046216,0,False,0.0,10,True,0.08237341331975269,0,False,0.0,1,True,0.0046642230439130645,0,False,0.0,1,True,0.00848544488968722,0,False,0.0,0,False,0.0,0,False,0.0,0,False,0.0
h1_2025_12_03,h1_2025_12_03_t00263,comment,02:13:42.609,Unknown speaker,official,237,84.20599999999922,0,False,0.0,0,False,0.0,0,False,0.007503575139905664,0,False,0.0,1,True,0.0,1,True,0.010826613064372369,0,False,0.0025408018083142676,0,False,0.005707403146914347,0,False,0.016258655068701017,0,False,0.0,1,True,0.017099264747089844,0,False,0.0,2,True,0.018742236435156125
h1_2025_12_03,h1_2025_12_03_t00264,comment,02:15:07.555,Unknown speaker,public,51,23.456999999999425,0,False,0.0,0,False,0.0,0,False,0.014648729958949346,0,False,0.0,1,True,0.0,0,False,0.0,0,False,0.0,0,False,0.0,0,False,0.0,0,False,0.0,0,False,0.0,0,False,0.0,1,True,0.021610182657573772
h1_2025_12_03,h1_2025_12_03_t00265,comment,02:15:31.452,Unknown speaker,public,194,66.26600000000053,0,False,0.013667712424215711,0,False,0.0,0,False,0.016862062190152224,0,False,0.006898614002178061,5,True,0.05290356418282877,0,False,0.0,1,True,0.005251455942064564,0,False,0.0,0,False,0.019388781308805496,0,False,0.0,0,False,0.0,0,False,0.0083572001280835,2,True,0.0334931651404912
h1_2025_12_03,h1_2025_12_03_t00266,comment,02:16:38.759,Unknown speaker,official,37,12.647999999999229,0,False,0.0,0,False,0.0,0,False,0.0,0,False,0.0,0,False,0.0,0,False,0.0,0,False,0.0,0,False,0.0,0,False,0.0,0,False,0.0,0,False,0.0,0,False,0.0,0,False,0.0
h1_2025_12_03,h1_2025_12_03_t00268,comment,02:16:53.488,Unknown speaker,official,57,20.8020000000015,0,False,0.0,0,False,0.0,0,False,0.01470983934412553,0,False,0.0,1,True,0.05889763923053086,0,False,0.0,0,False,0.0,0,False,0.0,0,False,0.0,0,False,0.0,0,False,0.0,0,False,0.0,0,False,0.0
h1_2025_12_03,h1_2025_12_03_t00269,comment,02:17:17.372,Unknown speaker,official,55,18.153000000000247,0,False,0.0,0,False,0.0,0,False,0.0,0,False,0.0,0,False,0.0,0,False,0.0,0,False,0.0,0,False,0.0,0,False,0.0,0,False,0.0,0,False,0.0,0,False,0.0,0,False,0.0
h1_2025_12_03,h1_2025_12_03_t00270,comment,02:17:37.322,Unknown speaker,public,127,36.80400000000009,0,False,0.0,0,False,0.0,0,False,0.0,0,False,0.013364396919871053,1,True,0.0,0,False,0.0,0,False,0.0,0,False,0.007854636252130363,0,False,0.0,0,False,0.0,0,False,0.0,0,False,0.0,0,False,0.0
h1_2025_12_03,h1_2025_12_03_t00273,comment,02:18:17.849,Unknown speaker,official,29,8.0049999999992,0,False,0.005982376657350977,0,False,0.0,0,False,0.0,0,False,0.0,0,False,0.0,0,False,0.0,0,False,0.0,0,False,0.0,0,False,0.0,0,False,0.0,0,False,0.0,0,False,0.0,0,False,0.0
h1_2025_12_03,h1_2025_12_03_t00275,comment,02:18:26.891,Unknown speaker,official,142,47.452000000001135,0,False,0.0,0,False,0.0,0,False,0.0,0,False,0.0,1,True,0.0,0,False,0.007297613682476222,0,False,0.0,0,False,0.0,0,False,0.0,0,False,0.0,0,False,0.0,0,False,0.0,0,False,0.0
h1_2025_12_03,h1_2025_12_03_t00277,comment,02:19:21.536,Unknown speaker,staff,141,53.64400000000023,2,True,0.023598698752890838,0,False,0.0,0,False,0.0,0,False,0.0,0,False,0.005285914783159622,0,False,0.009161000778622728,0,False,0.0,0,False,0.0,0,False,0.0,0,False,0.0,0,False,0.0,0,False,0.0,0,False,0.0
h1_2025_12_03,h1_2025_12_03_t00278,comment,02:20:18.741,Unknown speaker,staff,112,47.638999999999214,0,False,0.0,0,False,0.0,0,False,0.0,0,False,0.018435686452117874,0,False,0.0,0,False,0.0,1,True,0.04953710725286692,0,False,0.03724657558437292,0,False,0.0,0,False,0.0,0,False,0.0,0,False,0.010021449564449954,0,False,0.0
h1_2025_12_03,h1_2025_12_03_t00281,comment,02:21:09.237,Unknown speaker,staff,22,7.483000000000175,0,False,0.0,0,False,0.0,0,False,0.0,0,False,0.011232254701165439,0,False,0.0,0,False,0.0,1,True,0.06114575449661839,0,False,0.025488503719277078,0,False,0.0,0,False,0.0,0,False,0.0,0,False,0.0,0,False,0.0
h1_2025_12_03,h1_2025_12_03_t00282,comment,02:21:19.861,Unknown speaker,staff,20,5.34099999999853,0,False,0.0,0,False,0.0,0,False,0.0,0,False,0.0,0,False,0.0,0,False,0.0,0,False,0.0,0,False,0.0,0,False,0.0,0,False,0.0,0,False,0.0,0,False,0.0,0,False,0.0
h1_2025_12_03,h1_2025_12_03_t00283,comment,02:21:34.898,Unknown speaker,staff,117,51.699000000000524,0,False,0.0,0,False,0.0,0,False,0.0,0,False,0.013453646784258966,0,False,0.0,0,False,0.0,2,True,0.04864485166541117,0,False,0.017154933677530616,0,False,0.0,1,True,0.010626170480449827,0,False,0.0,0,False,0.0,0,False,0.0
h1_2025_12_03,h1_2025_12_03_t00284,comment,02:22:34.085,Unknown speaker,staff,241,115.44000000000051,0,False,0.013139282931455628,0,False,0.008072133675445807,0,False,0.019823465190066256,0,False,0.009581674898052646,0,False,0.0,0,False,0.006461644672268536,2,True,0.013361331234619998,0,False,0.0,0,False,0.00696096947669705,1,True,0.007567948868263843,0,False,0.0,0,False,0.0,0,False,0.0
h1_2025_12_03,h1_2025_12_03_t00286,comment,02:24:40.305,Unknown speaker,official,33,9.066999999999098,0,False,0.005681357155495739,0,False,0.0,0,False,0.0,0,False,0.0,0,False,0.0,0,False,0.0,0,False,0.0,0,False,0.0,0,False,0.0,0,False,0.0,0,False,0.0,0,False,0.0,0,False,0.0
h1_2025_12_03,h1_2025_12_03_t00287,comment,02:24:52.095,Unknown speaker,staff,471,210.58300000000054,13,True,0.05298371625984612,0,False,0.0,0,False,0.0,0,False,0.00878157455847967,0,False,0.0023914554174397505,1,True,0.01773987367238778,0,False,0.004841508012401624,0,False,0.004521786071607988,0,False,0.0,0,False,0.0,0,False,0.0,0,False,0.0,0,False,0.0
h1_2025_12_03,h1_2025_12_03_t00288,comment,02:28:25.720,Unknown speaker,staff,124,47.85200000000077,4,True,0.027720022940649326,0,False,0.0,0,False,0.0,0,False,0.014345720685863903,0,False,0.0,0,False,0.0059544715701825,0,False,0.0,0,False,0.0,0,False,0.0,0,False,0.0,0,False,0.0,0,False,0.0,0,False,0.0
h1_2025_12_03,h1_2025_12_03_t00289,comment,02:29:16.689,Unknown speaker,staff,25,12.265999999999622,0,False,0.0,0,False,0.0,0,False,0.0,0,False,0.0,0,False,0.0,0,False,0.0,0,False,0.0,0,False,0.0,0,False,0.0,0,False,0.0,0,False,0.0,0,False,0.0,0,False,0.0
h1_2025_12_03,h1_2025_12_03_t00297,comment,02:30:12.103,Unknown speaker,consultant,32,15.031000000000859,0,False,0.0,0,False,0.0,0,False,0.0,0,False,0.0,0,False,0.0,0,False,0.008842430882772815,0,False,0.0,0,False,0.0,0,False,0.0,0,False,0.0,0,False,0.0,0,False,0.0,0,False,0.0
h1_2025_12_03,h1_2025_12_03_t00298,comment,02:30:30.295,Unknown speaker,consultant,598,218.59900000000016,0,False,0.005064898770840704,3,True,0.03386340151659193,4,True,0.03220411125859121,1,True,0.014536253308121517,1,True,0.00575853179516997,0,False,0.0,0,False,0.011148075703843265,0,False,0.0,2,True,0.03365636793824825,1,True,0.005563503629360422,0,False,0.0,0,False,0.0,0,False,0.003923600683648539
h1_2025_12_03,h1_2025_12_03_t00300,comment,02:34:12.775,Unknown speaker,consultant,607,210.19900000000052,0,False,0.0,13,True,0.11912900984463015,2,True,0.01736108589018682,1,True,0.007899615097206858,2,True,0.0,1,True,0.004658460924025105,0,False,0.00897551118189582,0,False,0.0,0,False,0.01192883262736657,0,False,0.0,0,False,0.0,0,False,0.0,0,False,0.0
h1_2025_12_03,h1_2025_12_03_t00301,comment,02:37:47.512,Unknown speaker,consultant,775,290.66399999999885,0,False,0.007768029665003453,6,True,0.06983188070352664,7,True,0.03817579698722026,0,False,0.005428420485018843,2,True,0.002086366220319766,0,False,0.0,4,True,0.02574741926497229,0,False,0.0,0,False,0.004292413033657351,1,True,0.004811969934421996,0,False,0.004452229452147759,0,False,0.0024208195339587703,0,False,0.0
h1_2025_12_03,h1_2025_12_03_t00303,comment,02:42:39.237,Unknown speaker,consultant,380,126.00300000000061,0,False,0.0,1,True,0.057087762414294564,0,False,0.00994310376779529,0,False,0.0,2,True,0.0,0,False,0.0036477159426040484,0,False,0.0,0,False,0.0,0,False,0.013041704344226145,0,False,0.0,0,False,0.0,0,False,0.0,0,False,0.0
h1_2025_12_03,h1_2025_12_03_t00305,comment,02:44:46.400,Unknown speaker,consultant,532,183.47400000000016,0,False,0.006889065906305361,7,True,0.09580070024073194,0,False,0.008994346133301544,1,True,0.014816837847894334,2,True,0.0,0,False,0.0,0,False,0.011929232629586466,0,False,0.007734378688397017,0,False,0.014780952163850484,0,False,0.005814140259239116,0,False,0.0,0,False,0.005614992676102333,0,False,0.0
h1_2025_12_03,h1_2025_12_03_t00306,comment,02:47:49.914,Unknown speaker,official,81,28.02599999999984,0,False,0.0031316121329788083,0,False,0.0,0,False,0.0,0,False,0.0,0,False,0.0,0,False,0.008891979891324764,0,False,0.0,0,False,0.0,0,False,0.0,0,False,0.0,0,False,0.0,0,False,0.0,0,False,0.0
h1_2025_12_03,h1_2025_12_03_t00307,comment,02:48:18.709,Unknown speaker,unknown,114,28.9479999999985,0,False,0.0,0,False,0.0,0,False,0.007424669744725367,0,False,0.0,0,False,0.0,0,False,0.004217226138667817,0,False,0.0,0,False,0.0,0,False,0.0,0,False,0.0,0,False,0.0,0,False,0.0,0,False,0.0
h1_2025_12_03,h1_2025_12_03_t00308,comment,02:48:48.247,Unknown speaker,official,108,41.73999999999978,0,False,0.005150269635422244,0,False,0.0,0,False,0.0,0,False,0.0,0,False,0.0,0,False,0.00510118469386897,1,True,0.00867077283831213,0,False,0.0,0,False,0.0,0,False,0.0,0,False,0.0,0,False,0.0,0,False,0.0
h1_2025_12_03,h1_2025_12_03_t00309,comment,02:49:33.028,Unknown speaker,official,20,9.16399999999885,0,False,0.0,0,False,0.0,0,False,0.0,0,False,0.0,0,False,0.0,0,False,0.009337795546406518,0,False,0.0,0,False,0.0,0,False,0.0,0,False,0.0,0,False,0.0,0,False,0.0,0,False,0.0
h1_2025_12_03,h1_2025_12_03_t00311,comment,02:49:46.417,Unknown speaker,official,78,39.70800000000054,0,False,0.0,0,False,0.0,0,False,0.0,0,False,0.0,0,False,0.0,0,False,0.0,0,False,0.0,0,False,0.02032535103678144,0,False,0.0,0,False,0.0,0,False,0.0,0,False,0.0,0,False,0.0
h1_2025_12_03,h1_2025_12_03_t00313,comment,02:50:27.825,Unknown speaker,official,30,14.167999999999665,0,False,0.0,0,False,0.0,0,False,0.0,0,False,0.0,0,False,0.0,0,False,0.0,0,False,0.0,0,False,0.0,0,False,0.0,0,False,0.0,0,False,0.0,0,False,0.0,0,False,0.0
h1_2025_12_03,h1_2025_12_03_t00314,comment,02:50:44.580,Unknown speaker,staff,212,98.42900000000009,0,False,0.0,0,False,0.0,0,False,0.0,0,False,0.006005437335885234,0,False,0.0,0,False,0.009321856739676613,0,False,0.01520609235465108,0,False,0.021656905363682574,0,False,0.0,0,False,0.0,0,False,0.0,0,False,0.00727517754389675,0,False,0.0
h1_2025_12_03,h1_2025_12_03_t00315,comment,02:52:23.249,Unknown speaker,official,77,31.99699999999939,0,False,0.0,0,False,0.0,0,False,0.0,0,False,0.005483739254500367,0,False,0.0,0,False,0.0,1,True,0.019922644760506113,0,False,0.02335791546692502,0,False,0.0,0,False,0.0,0,False,0.0,0,False,0.0,0,False,0.0
h1_2025_12_03,h1_2025_12_03_t00318,comment,02:53:04.913,Unknown speaker,staff,66,27.462999999999738,0,False,0.0,0,False,0.0,0,False,0.0,0,False,0.0,0,False,0.0,1,True,0.02517947380793342,0,False,0.0,0,False,0.0,0,False,0.0,0,False,0.0,0,False,0.0,0,False,0.0,0,False,0.0
h1_2025_12_03,h1_2025_12_03_t00321,comment,02:53:45.206,Unknown speaker,staff,91,36.55799999999908,0,False,0.0,0,False,0.0,0,False,0.0,0,False,0.005884152837849381,0,False,0.0,0,False,0.0,0,False,0.005594305570670308,0,False,0.02603435033151814,0,False,0.0,0,False,0.0,0,False,0.0,0,False,0.00712824965052574,0,False,0.0
h1_2025_12_03,h1_2025_12_03_t00326,comment,02:54:35.691,Unknown speaker,official,28,6.222999999999956,0,False,0.0,0,False,0.0,0,False,0.0,0,False,0.009414404752781639,0,False,0.0,0,False,0.0,1,True,0.023914276741160843,0,False,0.0,0,False,0.0,0,False,0.0,0,False,0.0,0,False,0.0,0,False,0.0
h1_2025_12_03,h1_2025_12_03_t00327,comment,02:54:42.414,Unknown speaker,official,26,12.417999999999665,0,False,0.004771020752770273,0,False,0.0,0,False,0.0,0,False,0.0,0,False,0.0,0,False,0.00800105210701369,0,False,0.0,0,False,0.0,0,False,0.0,0,False,0.0,0,False,0.0,0,False,0.0,0,False,0.0
h1_2025_12_03,h1_2025_12_03_t00330,comment,02:55:06.161,Unknown speaker,official,105,33.48899999999958,0,False,0.006817705531035427,0,False,0.0,0,False,0.0,0,False,0.020770846193960166,0,False,0.0,0,False,0.004726380627049177,1,True,0.013774145140553145,0,False,0.0,0,False,0.0,0,False,0.0,0,False,0.0,0,False,0.0,0,False,0.0
h1_2025_12_03,h1_2025_12_03_t00331,comment,02:55:39.670,Unknown speaker,staff,26,11.962999999999738,0,False,0.0,0,False,0.0,0,False,0.0,0,False,0.0,0,False,0.0,0,False,0.0,0,False,0.0,0,False,0.0,0,False,0.0,0,False,0.0,0,False,0.0,0,False,0.0,0,False,0.0
h1_2025_12_03,h1_2025_12_03_t00334,comment,02:56:04.983,Unknown speaker,official,139,54.615999999999985,0,False,0.0,0,False,0.0,1,True,0.008039195556143729,0,False,0.0,0,False,0.0,0,False,0.006402853578350731,0,False,0.0,0,False,0.0,0,False,0.0,0,False,0.0,0,False,0.0,0,False,0.0,0,False,0.0
h1_2025_12_03,h1_2025_12_03_t00335,comment,02:56:59.759,Unknown speaker,consultant,20,4.743000000000393,0,False,0.0,0,False,0.0,0,False,0.0,0,False,0.0,0,False,0.0,0,False,0.0,0,False,0.0,0,False,0.0,0,False,0.0,0,False,0.0,0,False,0.0,0,False,0.0,0,False,0.0
h1_2025_12_03,h1_2025_12_03_t00338,comment,02:57:13.788,Unknown speaker,official,20,5.502999999998792,0,False,0.0,0,False,0.0,1,True,0.021416930337652122,0,False,0.0,0,False,0.0,0,False,0.0,0,False,0.0,0,False,0.0,0,False,0.015575538641791634,0,False,0.0,0,False,0.0,0,False,0.0,0,False,0.0
h1_2025_12_03,h1_2025_12_03_t00339,comment,02:57:19.731,Unknown speaker,consultant,18,8.585000000000946,0,False,0.0,0,False,0.0,0,False,0.0,0,False,0.0,1,True,0.0,0,False,0.0,0,False,0.0,0,False,0.0,0,False,0.015911749775479933,0,False,0.0,0,False,0.0,0,False,0.0,0,False,0.0
h1_2025_12_03,h1_2025_12_03_t00341,comment,02:57:35.020,Unknown speaker,consultant,337,131.6279999999988,0,False,0.0,2,True,0.04332278500993194,0,False,0.0,0,False,0.0,2,True,0.0,0,False,0.00985140071740137,1,True,0.010544254768622871,0,False,0.0,0,False,0.015363481874279838,0,False,0.0,0,False,0.0,0,False,0.0,0,False,0.0
h1_2025_12_03,h1_2025_12_03_t00342,comment,02:59:46.668,Unknown speaker,official,56,22.02100000000064,0,False,0.0,0,False,0.04753950104214645,0,False,0.006181669710313237,0,False,0.0,0,False,0.0,0,False,0.0,0,False,0.0,0,False,0.0,0,False,0.0,0,False,0.0,0,False,0.0,0,False,0.0,0,False,0.0
h1_2025_12_03,h1_2025_12_03_t00343,comment,03:00:09.710,Unknown speaker,consultant,122,39.27000000000044,0,False,0.007303627626975872,0,False,0.03310011265404736,0,False,0.009607953036164242,0,False,0.0,0,False,0.0,0,False,0.0,0,False,0.0,0,False,0.0,0,False,0.01634460232244317,0,False,0.0,0,False,0.0,0,False,0.0,1,True,0.010022577261283248
h1_2025_12_03,h1_2025_12_03_t00344,comment,03:00:49.000,Unknown speaker,official,57,17.222999999999956,0,False,0.0,0,False,0.015716376464996906,0,False,0.007379696739422219,0,False,0.0,0,False,0.0,0,False,0.0,0,False,0.0,0,False,0.0,0,False,0.0,0,False,0.0,0,False,0.0,0,False,0.0,0,False,0.0
h1_2025_12_03,h1_2025_12_03_t00345,comment,03:01:07.363,Unknown speaker,consultant,71,21.394000000000233,0,False,0.0,0,False,0.022418466148556408,0,False,0.02747085506076605,0,False,0.0,1,True,0.0,0,False,0.0,0,False,0.0,0,False,0.0,0,False,0.0,0,False,0.0,0,False,0.0,0,False,0.0,0,False,0.013286201559906837
h1_2025_12_03,h1_2025_12_03_t00348,comment,03:01:43.332,Unknown speaker,official,74,35.02000000000044,4,True,0.06309981876911956,0,False,0.0,0,False,0.0,0,False,0.0,0,False,0.0,0,False,0.0,0,False,0.0,0,False,0.0,0,False,0.0,0,False,0.0,0,False,0.0,0,False,0.0,0,False,0.0
h1_2025_12_03,h1_2025_12_03_t00349,comment,03:02:19.298,Unknown speaker,staff,193,64.02899999999863,3,True,0.030220438908038872,1,True,0.0217257903487311,0,False,0.003829402234613925,0,False,0.0,1,True,0.0,0,False,0.0034712933482472655,0,False,0.0,1,True,0.019486080325466375,0,False,0.0,0,False,0.0,0,False,0.0,0,False,0.0,0,False,0.0
h1_2025_12_03,h1_2025_12_03_t00350,comment,03:03:23.647,Unknown speaker,official,27,14.766999999999825,1,True,0.022740343152987123,0,False,0.0,0,False,0.0,0,False,0.0,0,False,0.0,0,False,0.0,0,False,0.0,0,False,0.0,0,False,0.0,0,False,0.0,0,False,0.0,0,False,0.0,0,False,0.0
h1_2025_12_03,h1_2025_12_03_t00351,comment,03:03:39.434,Unknown speaker,staff,62,18.585000000000946,1,True,0.017596646025467795,0,False,0.0,0,False,0.0,0,False,0.0,1,True,0.0,0,False,0.0,0,False,0.0,0,False,0.01862418587733274,0,False,0.0,0,False,0.0,0,False,0.0,0,False,0.0,0,False,0.0
h1_2025_12_03,h1_2025_12_03_t00352,comment,03:03:58.399,Unknown speaker,official,22,6.023000000001048,1,True,0.035898734330784166,0,False,0.0,0,False,0.0,0,False,0.0,0,False,0.0,0,False,0.0,0,False,0.0,0,False,0.0,0,False,0.0,0,False,0.0,0,False,0.0,0,False,0.0,0,False,0.0
h1_2025_12_03,h1_2025_12_03_t00359,comment,03:04:22.820,Unknown speaker,official,53,23.971999999999753,0,False,0.0,0,False,0.01886377009139847,1,True,0.013262202683277815,0,False,0.0,0,False,0.0,0,False,0.0,0,False,0.0,0,False,0.0,0,False,0.01138153775862325,0,False,0.0,0,False,0.0,0,False,0.0,0,False,0.0
h1_2025_12_03,h1_2025_12_03_t00361,comment,03:04:51.313,Unknown speaker,official,64,24.913000000000466,0,False,0.0,0,False,0.0,0,False,0.0,0,False,0.0,0,False,0.0,0,False,0.0,0,False,0.0,0,False,0.0,0,False,0.0,0,False,0.0,0,False,0.0,0,False,0.0,0,False,0.0
h1_2025_12_03,h1_2025_12_03_t00362,comment,03:05:16.466,Unknown speaker,consultant,60,20.41899999999987,0,False,0.0,1,True,0.031240580532949522,0,False,0.0,0,False,0.0,0,False,0.0,0,False,0.0,0,False,0.0,0,False,0.0,0,False,0.019943227017341664,0,False,0.0,0,False,0.0,0,False,0.0,0,False,0.0
h1_2025_12_03,h1_2025_12_03_t00366,comment,03:05:45.281,Unknown speaker,consultant,26,9.02599999999984,0,False,0.0,0,False,0.029236699440086868,0,False,0.0,0,False,0.0,0,False,0.0,0,False,0.0,0,False,0.0,0,False,0.0,0,False,0.0,0,False,0.0,0,False,0.0,0,False,0.0,0,False,0.0
h1_2025_12_03,h1_2025_12_03_t00367,comment,03:05:54.707,Unknown speaker,official,140,58.11800000000039,0,False,0.0,0,False,0.028063230709527483,0,False,0.0,0,False,0.0,1,True,0.017327324628706887,0,False,0.0,0,False,0.0,0,False,0.0,2,True,0.0290242161566398,0,False,0.0,0,False,0.0,0,False,0.0,0,False,0.0
h1_2025_12_03,h1_2025_12_03_t00368,comment,03:06:53.445,Unknown speaker,consultant,410,153.02900000000045,0,False,0.0,1,True,0.03353729633372719,1,True,0.0050127887626930205,3,True,0.01960726651032614,1,True,0.0,1,True,0.007197040234663651,0,False,0.0,0,False,0.0,3,True,0.05667019138854254,1,True,0.00688242116102357,0,False,0.0,0,False,0.0,0,False,0.0
h1_2025_12_03,h1_2025_12_03_t00369,comment,03:09:26.594,Unknown speaker,official,59,17.10699999999997,0,False,0.0,0,False,0.0,0,False,0.0,0,False,0.0,0,False,0.0,0,False,0.0,0,False,0.0,0,False,0.0,0,False,0.0,0,False,0.0,0,False,0.0,0,False,0.0,0,False,0.0
h1_2025_12_03,h1_2025_12_03_t00372,comment,03:10:28.331,Unknown speaker,official,50,13.825000000000728,0,False,0.007388699618145132,0,False,0.0,0,False,0.007609649114271806,0,False,0.0,0,False,0.0,0,False,0.015358234838623112,0,False,0.0,0,False,0.0,0,False,0.0,0,False,0.0,0,False,0.0,0,False,0.0,0,False,0.0
h1_2025_12_03,h1_2025_12_03_t00373,comment,03:10:47.359,Unknown speaker,official,22,6.403000000000247,0,False,0.0066436427903652775,0,False,0.0,0,False,0.0,0,False,0.0,0,False,0.0,0,False,0.0,0,False,0.0,0,False,0.0,0,False,0.0,0,False,0.0,0,False,0.0,0,False,0.0,0,False,0.0
h1_2025_12_03,h1_2025_12_03_t00375,comment,03:11:46.983,Unknown speaker,official,18,9.604999999999563,0,False,0.0,0,False,0.0,0,False,0.0,0,False,0.0,0,False,0.0,0,False,0.0,0,False,0.0,0,False,0.0,0,False,0.0,0,False,0.0,0,False,0.0,0,False,0.0,0,False,0.0
h1_2025_12_03,h1_2025_12_03_t00378,comment,03:12:00.191,Unknown speaker,unknown,513,193.80099999999948,0,False,0.0,0,False,0.003779080235564598,1,True,0.02839750130258346,6,True,0.04600159254906699,6,True,0.02886813512043004,2,True,0.03365191600469457,1,True,0.022912466498423115,0,False,0.008573139763647082,0,False,0.0,0,False,0.0,0,False,0.0,0,False,0.0,1,True,0.011376266524210761
h1_2025_12_03,h1_2025_12_03_t00383,comment,03:16:06.004,Unknown speaker,public,185,65.33699999999953,0,False,0.0,0,False,0.0,0,False,0.0038038581464740046,2,True,0.020792165975282446,0,False,0.0,0,False,0.007677166953308053,0,False,0.0,0,False,0.0,0,False,0.0,0,False,0.0,0,False,0.0,0,False,0.0,0,False,0.0
h1_2025_12_03,h1_2025_12_03_t00386,comment,03:17:31.262,Unknown speaker,public,389,127.04399999999987,0,False,0.008432815041070553,0,False,0.0,0,False,0.00476210864033207,6,True,0.03715089089618394,0,False,0.003004780833856538,0,False,0.00781996391959969,4,True,0.037050383058418644,0,False,0.02762992324149963,0,False,0.004437474316424483,0,False,0.010738485414739672,0,False,0.006412092755074807,0,False,0.0,0,False,0.004887441687672577
h1_2025_12_03,h1_2025_12_03_t00392,comment,03:20:49.879,Unknown speaker,official,101,46.93499999999949,0,False,0.0,0,False,0.0,0,False,0.0,8,True,0.10224728191366128,0,False,0.0,0,False,0.0,0,False,0.0,0,False,0.0,0,False,0.0,0,False,0.0,0,False,0.0,0,False,0.0,0,False,0.0
h1_2025_12_03,h1_2025_12_03_t00393,comment,03:21:37.214,Unknown speaker,developer,51,20.046000000000276,0,False,0.0,0,False,0.0,0,False,0.0,2,True,0.06428404527055641,1,True,0.0,0,False,0.0,0,False,0.0,0,False,0.0,0,False,0.0,1,True,0.022215030909520702,0,False,0.0,0,False,0.0,0,False,0.0
h1_2025_12_03,h1_2025_12_03_t00394,comment,03:21:57.280,Unknown speaker,official,60,30.307999999999083,0,False,0.0,0,False,0.0,0,False,0.0,2,True,0.06866896171044436,0,False,0.0,0,False,0.0,1,True,0.010931792244291649,0,False,0.0,0,False,0.0,0,False,0.0,0,False,0.0,0,False,0.0,0,False,0.0
h1_2025_12_03,h1_2025_12_03_t00395,comment,03:22:27.868,Unknown speaker,developer,70,24.066999999999098,0,False,0.0,0,False,0.0,0,False,0.0,0,False,0.01376353756648266,0,False,0.0,0,False,0.0,0,False,0.0,0,False,0.0,0,False,0.0,0,False,0.0,0,False,0.0,0,False,0.0,0,False,0.0
h1_2025_12_03,h1_2025_12_03_t00397,comment,03:22:53.277,Unknown speaker,developer,19,4.962999999999738,0,False,0.03208269003043121,0,False,0.0,0,False,0.0,0,False,0.04565068752829,0,False,0.01690689566810181,0,False,0.0,0,False,0.0,0,False,0.0,0,False,0.0,0,False,0.0,0,False,0.0,0,False,0.0,0,False,0.0
h1_2025_12_03,h1_2025_12_03_t00398,comment,03:22:58.261,Unknown speaker,official,183,56.23400000000038,0,False,0.0,0,False,0.0,0,False,0.0,0,False,0.0237953795078911,0,False,0.0,0,False,0.0,0,False,0.0,0,False,0.0,0,False,0.0,0,False,0.0,0,False,0.0,0,False,0.0,0,False,0.0
h1_2025_12_03,h1_2025_12_03_t00399,comment,03:23:55.744,Unknown speaker,developer,100,27.995999999999185,0,False,0.002826177237648983,0,False,0.0,0,False,0.0,1,True,0.030457068714849093,0,False,0.0,0,False,0.0,0,False,0.0,0,False,0.0,0,False,0.0,0,False,0.0,0,False,0.0,0,False,0.0,0,False,0.0
h1_2025_12_03,h1_2025_12_03_t00400,comment,03:24:24.260,Unknown speaker,official,54,20.050999999999476,0,False,0.0,0,False,0.0,0,False,0.0,0,False,0.009586518797360851,0,False,0.0,0,False,0.0,0,False,0.0,0,False,0.0,0,False,0.0,0,False,0.0,0,False,0.0,0,False,0.0,0,False,0.0
h1_2025_12_03,h1_2025_12_03_t00404,comment,03:25:06.229,Unknown speaker,official,147,53.71600000000035,0,False,0.004023003779529988,0,False,0.0,0,False,0.0,0,False,0.0,0,False,0.0,0,False,0.006746619755959447,0,False,0.0,0,False,0.0,0,False,0.0,0,False,0.0,0,False,0.0,0,False,0.0,0,False,0.0
h1_2025_12_03,h1_2025_12_03_t00406,comment,03:26:11.069,Unknown speaker,official,121,43.65099999999984,0,False,0.004077768438618237,0,False,0.0,0,False,0.004199708824396181,0,False,0.0,0,False,0.0,0,False,0.0,0,False,0.0,0,False,0.0,0,False,0.0,0,False,0.0,0,False,0.0,0,False,0.0,0,False,0.0
h1_2025_12_03,h1_2025_12_03_t00408,comment,03:26:59.193,Unknown speaker,official,40,12.268000000000029,0,False,0.0,0,False,0.0,0,False,0.008647498474838746,0,False,0.0,1,True,0.0,0,False,0.0,0,False,0.0,0,False,0.0,0,False,0.0,0,False,0.0,0,False,0.0,0,False,0.0,0,False,0.0
h1_2025_12_03,h1_2025_12_03_t00410,comment,03:27:21.227,Unknown speaker,official,46,17.282999999999447,0,False,0.0,0,False,0.0,0,False,0.0,0,False,0.0,0,False,0.0,0,False,0.0,0,False,0.0,0,False,0.013390320045897856,0,False,0.0,0,False,0.0,0,False,0.0,0,False,0.0,4,True,0.07301452962933089
h1_2025_12_03,h1_2025_12_03_t00412,comment,03:27:41.072,Unknown speaker,official,81,39.215000000000146,0,False,0.0,1,True,0.056325006191144694,0,False,0.029972110178962928,0,False,0.0,0,False,0.0,0,False,0.0,0,False,0.0,0,False,0.0,0,False,0.0,0,False,0.0,0,False,0.0,0,False,0.0,3,True,0.04975204740029595
h1_2025_12_03,h1_2025_12_03_t00413,comment,03:28:22.826,Unknown speaker,developer,34,14.911000000000058,0,False,0.0,0,False,0.0,0,False,0.0,0,False,0.0,0,False,0.0,0,False,0.0,0,False,0.0,0,False,0.0,0,False,0.027040216152332364,0,False,0.0,0,False,0.0,0,False,0.0,1,True,0.02867987492883881
h1_2025_12_03,h1_2025_12_03_t00414,comment,03:28:37.757,Unknown speaker,developer,125,54.54500000000007,0,False,0.0,0,False,0.0,0,False,0.0,0,False,0.0,0,False,0.0,0,False,0.0,0,False,0.0,0,False,0.00792848611964424,0,False,0.02833637816024077,0,False,0.0,5,True,0.05987478123635209,0,False,0.0,4,True,0.0718264420898469
h1_2025_12_03,h1_2025_12_03_t00415,comment,03:29:32.785,Unknown speaker,official,30,13.668999999999869,0,False,0.0,0,False,0.0,0,False,0.0,0,False,0.0,0,False,0.0,0,False,0.0,0,False,0.0,0,False,0.0,0,False,0.025723054451215224,0,False,0.0,0,False,0.0,0,False,0.0,1,True,0.02833141550674718
h1_2025_12_03,h1_2025_12_03_t00416,comment,03:29:46.474,Unknown speaker,developer,50,19.674999999999272,0,False,0.0,0,False,0.0,0,False,0.0,0,False,0.0,0,False,0.0,0,False,0.0,0,False,0.0,0,False,0.0,0,False,0.01818296982658581,0,False,0.0,0,False,0.0,0,False,0.0,1,True,0.017286394287823435
h1_2025_12_03,h1_2025_12_03_t00418,comment,03:30:12.153,Unknown speaker,developer,48,17.064000000000306,0,False,0.0,0,False,0.035426349793717005,0,False,0.006724052302131992,0,False,0.0,0,False,0.0,0,False,0.0,0,False,0.0,0,False,0.0,0,False,0.012098971924100518,0,False,0.0,0,False,0.0,0,False,0.0,0,False,0.0
h1_2025_12_03,h1_2025_12_03_t00419,comment,03:30:29.237,Unknown speaker,official,27,8.782000000001062,0,False,0.0,0,False,0.0,0,False,0.0,0,False,0.0,0,False,0.0,0,False,0.0,0,False,0.0,0,False,0.0,0,False,0.018881709125635377,0,False,0.0,0,False,0.0,0,False,0.0,1,True,0.03039314285559491
h1_2025_12_03,h1_2025_12_03_t00420,comment,03:30:40.060,Unknown speaker,developer,30,9.125,0,False,0.0,0,False,0.0,0,False,0.0,0,False,0.0,0,False,0.0,0,False,0.0,0,False,0.0,0,False,0.0,0,False,0.016367709078027738,0,False,0.0,0,False,0.0,0,False,0.0,1,True,0.05925955568030063
h1_2025_12_03,h1_2025_12_03_t00421,comment,03:30:49.905,Unknown speaker,official,109,43.862999999999374,0,False,0.00280332104137331,0,False,0.0,0,False,0.010258795692475887,0,False,0.0,0,False,0.0,0,False,0.0,0,False,0.0,0,False,0.0,1,True,0.05974070258730279,0,False,0.0,0,False,0.0,0,False,0.0,0,False,0.0
h1_2025_12_03,h1_2025_12_03_t00422,comment,03:31:42.322,Unknown speaker,public,294,107.9989999999998,0,False,0.0,0,False,0.0,0,False,0.014002110200798154,3,True,0.04866508854359032,0,False,0.0,1,True,0.004340606831769625,1,True,0.024318932191689062,0,False,0.0,0,False,0.0,0,False,0.0068547306877604,0,False,0.0,0,False,0.003768137568129756,0,False,0.0
h1_2025_12_03,h1_2025_12_03_t00425,comment,03:33:42.785,Unknown speaker,official,54,17.82600000000093,0,False,0.0,0,False,0.0,0,False,0.0,0,False,0.0,0,False,0.0,1,True,0.009434800403043663,0,False,0.0,0,False,0.0,0,False,0.0,0,False,0.0,0,False,0.0,0,False,0.0,0,False,0.0
h1_2025_12_03,h1_2025_12_03_t00426,comment,03:34:00.651,Unknown speaker,developer,23,7.143000000000029,0,False,0.0,0,False,0.0,0,False,0.0,0,False,0.0,0,False,0.0,0,False,0.0,0,False,0.0,0,False,0.0,0,False,0.0,0,False,0.0,0,False,0.0,0,False,0.0,0,False,0.0
h1_2025_12_03,h1_2025_12_03_t00431,comment,03:34:34.392,Unknown speaker,public,627,186.8099999999995,0,False,0.00787631846995408,0,False,0.01242512709606854,3,True,0.02157450558679868,0,False,0.009834371487111134,2,True,0.016011501641302123,2,True,0.011467661037750808,0,False,0.005245338681289401,0,False,0.005976327433779603,1,True,0.019943655356029943,1,True,0.004547297739502771,0,False,0.0,0,False,0.0,0,False,0.008100562550368822
h1_2025_12_03,h1_2025_12_03_t00435,comment,03:38:10.771,Unknown speaker,public,438,162.40200000000004,0,False,0.009910783416170807,0,False,0.0127212808641658,0,False,0.012605523518475003,0,False,0.008721905450132017,11,True,0.06631264277643525,2,True,0.015343103640298346,0,False,0.0056917760223767384,0,False,0.0,1,True,0.02628900353200972,1,True,0.004980198475132475,0,False,0.0058006602751518675,0,False,0.0,0,False,0.009075458742207667
h1_2025_12_03,h1_2025_12_03_t00438,comment,03:41:08.792,Unknown speaker,official,34,15.713999999999942,0,False,0.0,0,False,0.0,0,False,0.0,0,False,0.0,0,False,0.0,1,True,0.025068218129950456,0,False,0.0,0,False,0.0,0,False,0.0,0,False,0.0,0,False,0.0,0,False,0.0,0,False,0.0
h1_2025_12_03,h1_2025_12_03_t00439,comment,03:41:28.451,Unknown speaker,developer,44,17.355000000001382,0,False,0.0,0,False,0.0,0,False,0.0,0,False,0.0,1,True,0.03281382713820393,0,False,0.0,0,False,0.0,0,False,0.0,0,False,0.0,0,False,0.0,0,False,0.0,0,False,0.0,0,False,0.0
h1_2025_12_03,h1_2025_12_03_t00440,comment,03:41:47.047,Unknown speaker,official,25,9.028000000000247,0,False,0.0,0,False,0.0,0,False,0.0,0,False,0.0,0,False,0.0,0,False,0.0,0,False,0.0,0,False,0.0,0,False,0.0,0,False,0.0,0,False,0.0,0,False,0.0,0,False,0.0
h1_2025_12_03,h1_2025_12_03_t00442,comment,03:42:05.138,Unknown speaker,official,40,17.531999999999243,0,False,0.0,0,False,0.0,0,False,0.0,0,False,0.0,0,False,0.0,0,False,0.0,0,False,0.0,0,False,0.03015528713238525,0,False,0.0,0,False,0.0,0,False,0.0,0,False,0.0,0,False,0.0
h1_2025_12_03,h1_2025_12_03_t00443,comment,03:42:24.871,Unknown speaker,developer,57,21.822000000000116,0,False,0.0,0,False,0.0,0,False,0.0,0,False,0.0,0,False,0.0,0,False,0.0,0,False,0.0,0,False,0.0,0,False,0.0,0,False,0.0,0,False,0.023220610019722133,0,False,0.0,0,False,0.015292999175960501
h1_2025_12_03,h1_2025_12_03_t00444,comment,03:42:52.558,Unknown speaker,official,81,29.738999999999578,0,False,0.0,0,False,0.0,0,False,0.0,0,False,0.0,0,False,0.0,0,False,0.0,0,False,0.0,0,False,0.0,0,False,0.0,0,False,0.0,0,False,0.0,0,False,0.0,0,False,0.0
h1_2025_12_03,h1_2025_12_03_t00445,comment,03:43:23.057,Unknown speaker,official,25,12.682999999999083,0,False,0.0,1,True,0.04884856068635968,0,False,0.008610079746118186,0,False,0.0,0,False,0.0,0,False,0.0,1,True,0.014532209022119697,0,False,0.0,0,False,0.0,0,False,0.0,0,False,0.0,0,False,0.0,0,False,0.0
h1_2025_12_03,h1_2025_12_03_t00449,comment,03:43:44.222,Unknown speaker,official,20,7.541000000001077,0,False,0.007665265784967779,0,False,0.0,0,False,0.0,0,False,0.0,0,False,0.0,0,False,0.0,0,False,0.0,0,False,0.0,0,False,0.0,0,False,0.0,0,False,0.0,0,False,0.0,0,False,0.0
h1_2025_12_03,h1_2025_12_03_t00453,comment,03:44:05.656,Unknown speaker,public,595,188.4399999999987,1,True,0.010942321169337898,2,True,0.06617911945629526,2,True,0.03805936178799664,0,False,0.018995498994558838,0,False,0.002405887857364598,3,True,0.006430435466233361,10,True,0.0658150697095935,0,False,0.004549075062803718,1,True,0.0246552833586362,0,False,0.0,0,False,0.0,0,False,0.0,0,False,0.006625808511235546
h1_2025_12_03,h1_2025_12_03_t00457,comment,03:47:25.241,Unknown speaker,official,24,7.543999999999869,0,False,0.0065181318106223175,0,False,0.0,0,False,0.0,0,False,0.0,0,False,0.0,0,False,0.0,0,False,0.0,0,False,0.0,0,False,0.0,0,False,0.0,0,False,0.0,0,False,0.0,0,False,0.0
h1_2025_12_03,h1_2025_12_03_t00459,comment,03:48:00.917,Unknown speaker,public,480,154.53100000000086,0,False,0.00204093710248591,0,False,0.0034803995275501467,1,True,0.018993164223223225,0,False,0.012110043443969376,0,False,0.0,2,True,0.018840564030301734,1,True,0.02479041372992067,0,False,0.0,0,False,0.0,1,True,0.008264977195156545,0,False,0.0,0,False,0.0,0,False,0.0
h1_2025_12_03,h1_2025_12_03_t00461,comment,03:50:48.656,Unknown speaker,official,32,30.894999999998618,0,False,0.0,0,False,0.0,0,False,0.0,0,False,0.0,0,False,0.0,0,False,0.0,0,False,0.0,0,False,0.0,0,False,0.0,0,False,0.0,0,False,0.0,0,False,0.0,0,False,0.0
h1_2025_12_03,h1_2025_12_03_t00462,comment,03:51:25.678,Unknown speaker,public,78,25.391999999999825,0,False,0.003081370697700169,0,False,0.0,0,False,0.0,0,False,0.0,1,True,0.0,0,False,0.005167491149353902,0,False,0.0,0,False,0.0,0,False,0.0,0,False,0.0,0,False,0.0,0,False,0.0,0,False,0.0
h1_2025_12_03,h1_2025_12_03_t00464,comment,03:51:55.905,Unknown speaker,public,391,122.66399999999885,0,False,0.0171616687639591,0,False,0.004451983422328118,0,False,0.0,0,False,0.010797125246832904,2,True,0.0,0,False,0.01166837163753145,0,False,0.004942518034483204,0,False,0.004254701096850976,0,False,0.0,0,False,0.0,0,False,0.0,0,False,0.0,0,False,0.0
h1_2025_12_03,h1_2025_12_03_t00468,comment,03:54:18.801,Unknown speaker,official,73,30.632000000001426,3,True,0.041898804315259865,0,False,0.0,0,False,0.0,0,False,0.0,0,False,0.0,0,False,0.0,0,False,0.0,0,False,0.0,0,False,0.0,0,False,0.0,0,False,0.0,0,False,0.0,0,False,0.0
h1_2025_12_03,h1_2025_12_03_t00469,comment,03:54:52.615,Unknown speaker,official,216,92.44000000000051,1,True,0.019855933676720918,0,False,0.0,0,False,0.0,2,True,0.04411597571707578,0,False,0.0,0,False,0.007444487135907264,0,False,0.004310074829998305,0,False,0.00571818048539986,0,False,0.0,0,False,0.0,0,False,0.0,0,False,0.008409089332225075,0,False,0.0
h1_2025_12_03,h1_2025_12_03_t00470,comment,03:56:25.875,Unknown speaker,developer,111,35.2549999999992,1,True,0.011241051838431524,0,False,0.0,0,False,0.0,0,False,0.004917861009464296,0,False,0.0,0,False,0.0,1,True,0.030015159607692812,0,False,0.0,0,False,0.006508196155470807,0,False,0.0,0,False,0.0,0,False,0.0,0,False,0.0
h1_2025_12_03,h1_2025_12_03_t00471,comment,03:57:01.565,Unknown speaker,official,109,40.052999999999884,0,False,0.015036814989974738,0,False,0.0,0,False,0.0,1,True,0.02343339663823062,0,False,0.0,0,False,0.017480968904585434,2,True,0.04227455927745991,0,False,0.0,0,False,0.0,0,False,0.0,0,False,0.0,0,False,0.0,0,False,0.0
h1_2025_12_03,h1_2025_12_03_t00472,comment,03:57:41.958,Unknown speaker,developer,391,115.35399999999936,0,False,0.0,0,False,0.004666629227167697,0,False,0.0,1,True,0.012964176862100739,0,False,0.0,0,False,0.00742595135175483,1,True,0.01753833706143073,0,False,0.0,0,False,0.0,0,False,0.0,0,False,0.0,0,False,0.0,0,False,0.0
h1_2025_12_03,h1_2025_12_03_t00473,comment,03:59:37.832,Unknown speaker,official,44,17.93499999999949,0,False,0.0,0,False,0.0,0,False,0.0,0,False,0.011133441210457822,0,False,0.0,0,False,0.0,0,False,0.0,0,False,0.0,0,False,0.0,0,False,0.0,0,False,0.0,0,False,0.0,0,False,0.0
h1_2025_12_03,h1_2025_12_03_t00474,comment,03:59:56.528,Unknown speaker,developer,170,57.065999999998894,0,False,0.0,0,False,0.0,0,False,0.0,0,False,0.0,0,False,0.0,1,True,0.004376356759543149,0,False,0.0,0,False,0.0,0,False,0.0,0,False,0.0,0,False,0.0,0,False,0.0,0,False,0.0
h1_2025_12_03,h1_2025_12_03_t00475,comment,04:00:54.395,Unknown speaker,official,60,21.610999999998967,0,False,0.006394300619504799,0,False,0.0,0,False,0.0,0,False,0.0,0,False,0.0,0,False,0.0,0,False,0.0,0,False,0.0,0,False,0.0,0,False,0.0,0,False,0.0,0,False,0.0,0,False,0.0
h1_2025_12_03,h1_2025_12_03_t00476,comment,04:01:19.133,Unknown speaker,official,77,30.550999999999476,0,False,0.0,0,False,0.0,0,False,0.0,0,False,0.0,0,False,0.0,0,False,0.004544951684385879,0,False,0.004403583659808998,0,False,0.0,0,False,0.0,0,False,0.0,0,False,0.0,0,False,0.0,0,False,0.0
h1_2025_12_03,h1_2025_12_03_t00477,comment,04:01:50.344,Unknown speaker,official,22,10.743000000000393,0,False,0.007048747727698263,0,False,0.0,0,False,0.0,0,False,0.0,0,False,0.0,0,False,0.0,0,False,0.0,0,False,0.0,0,False,0.0,0,False,0.0,0,False,0.0,0,False,0.0,0,False,0.0
h1_2025_12_03,h1_2025_12_03_t00479,comment,04:02:05.389,Unknown speaker,official,44,19.53900000000067,0,False,0.004564231063458378,0,False,0.0,0,False,0.0,0,False,0.0,0,False,0.0,0,False,0.0,0,False,0.0,0,False,0.0,0,False,0.0,0,False,0.0,0,False,0.0,0,False,0.0,0,False,0.0
h1_2025_12_03,h1_2025_12_03_t00482,comment,04:02:39.710,Unknown speaker,public,453,125.11599999999999,0,False,0.0,0,False,0.0,0,False,0.0,4,True,0.026497889279088,0,False,0.0,0,False,0.002182474182520618,3,True,0.007785169761193776,0,False,0.0,0,False,0.0,0,False,0.0,0,False,0.0,0,False,0.0,0,False,0.0
h1_2025_12_03,h1_2025_12_03_t00485,comment,04:05:17.484,Unknown speaker,public,26,16.549999999999272,0,False,0.0,0,False,0.0,0,False,0.0,0,False,0.01208575962277724,0,False,0.0,0,False,0.0,0,False,0.0,0,False,0.0,0,False,0.0,0,False,0.0,0,False,0.0,0,False,0.0,0,False,0.0
h1_2025_12_03,h1_2025_12_03_t00486,comment,04:05:45.966,Unknown speaker,public,63,17.495999999999185,0,False,0.00825936497793826,0,False,0.01112569135513447,0,False,0.0407357067858165,0,False,0.0,2,True,0.03186609393750493,0,False,0.008299295399821724,0,False,0.0,0,False,0.0,0,False,0.01621994311035247,0,False,0.0,0,False,0.0,0,False,0.0,0,False,0.0
h1_2025_12_03,h1_2025_12_03_t00488,comment,04:06:12.598,Unknown speaker,public,181,87.03900000000067,0,False,0.0,0,False,0.0,0,False,0.00807975193295608,0,False,0.0,1,True,0.03811726344738598,0,False,0.0,0,False,0.0,0,False,0.0,0,False,0.0,0,False,0.0,4,True,0.040725250616026935,0,False,0.0,4,True,0.05902034217495618
h1_2025_12_03,h1_2025_12_03_t00492,comment,04:08:08.178,Unknown speaker,official,114,45.42200000000048,1,True,0.013720989247469844,0,False,0.0,0,False,0.0,0,False,0.0,0,False,0.0,3,True,0.012168259675982836,0,False,0.005617890090824268,0,False,0.011665028535077665,0,False,0.012567970880074239,0,False,0.0,1,True,0.01489686920941935,0,False,0.0,0,False,0.0
h1_2025_12_03,h1_2025_12_03_t00493,comment,04:08:53.997,Unknown speaker,developer,207,71.6200000000008,2,True,0.016506146774866497,0,False,0.0,0,False,0.0,0,False,0.0,1,True,0.0,1,True,0.004119664265843491,0,False,0.0,0,False,0.0,0,False,0.0,0,False,0.0,2,True,0.030820902353083456,0,False,0.0,0,False,0.0
h1_2025_12_03,h1_2025_12_03_t00498,comment,04:11:04.352,Unknown speaker,public,394,165.39699999999903,0,False,0.008090879573218164,0,False,0.0,0,False,0.007683453578352781,2,True,0.016006555703499032,0,False,0.0,0,False,0.005755104648177557,0,False,0.0,0,False,0.0,0,False,0.0,0,False,0.0,0,False,0.0,0,False,0.0,0,False,0.0
h1_2025_12_03,h1_2025_12_03_t00503,comment,04:14:27.511,Unknown speaker,public,347,154.72899999999936,0,False,0.007748802685333013,3,True,0.047809387450302734,0,False,0.007259593748010541,0,False,0.0,0,False,0.0033246895447217356,1,True,0.004800922312771592,0,False,0.0,0,False,0.0,2,True,0.05038101829213964,1,True,0.007668023942621239,0,False,0.0,0,False,0.0067772000725103655,0,False,0.011100160260528147
h1_2025_12_03,h1_2025_12_03_t00504,comment,04:17:05.289,Unknown speaker,public,95,34.22599999999875,0,False,0.0,0,False,0.01617470655642444,0,False,0.0,0,False,0.0,0,False,0.0,0,False,0.0,0,False,0.0,0,False,0.0,1,True,0.04661677388455337,0,False,0.0,1,True,0.05057991860957317,0,False,0.01364461956372135,0,False,0.020525727198193934
h1_2025_12_03,h1_2025_12_03_t00506,comment,04:17:41.796,Unknown speaker,public,21,9.324999999998909,0,False,0.0,0,False,0.0,0,False,0.0,0,False,0.012130576749003676,0,False,0.0,0,False,0.0,0,False,0.0,0,False,0.0,0,False,0.0,0,False,0.0,0,False,0.0,0,False,0.0,0,False,0.0
h1_2025_12_03,h1_2025_12_03_t00512,comment,04:18:21.087,Unknown speaker,official,67,26.298000000000684,0,False,0.0,0,False,0.03516765027692591,0,False,0.0,0,False,0.00957330247471927,0,False,0.0,0,False,0.0,0,False,0.008254802158269653,0,False,0.0,0,False,0.0,0,False,0.0,0,False,0.0,0,False,0.0,0,False,0.0
h1_2025_12_03,h1_2025_12_03_t00513,comment,04:18:49.786,Unknown speaker,consultant,127,50.04899999999907,0,False,0.0,0,False,0.026945893211617843,0,False,0.0,0,False,0.0,1,True,0.0,0,False,0.0,0,False,0.0,0,False,0.0,0,False,0.0,0,False,0.0,0,False,0.0,0,False,0.0,0,False,0.0
h1_2025_12_03,h1_2025_12_03_t00517,comment,04:20:10.053,Unknown speaker,public,207,81.13400000000001,0,False,0.003353999803106556,0,False,0.0,0,False,0.0,0,False,0.0,0,False,0.0,0,False,0.005624693033663137,0,False,0.0,0,False,0.0,0,False,0.0,0,False,0.0,0,False,0.0,0,False,0.0,0,False,0.0
h1_2025_12_03,h1_2025_12_03_t00518,comment,04:21:38.792,Unknown speaker,public,244,77.89600000000064,0,False,0.0,0,False,0.0,0,False,0.006333720819530001,0,False,0.0,0,False,0.0,0,False,0.008864653926928432,0,False,0.0,0,False,0.0,0,False,0.0,0,False,0.0,0,False,0.0,0,False,0.0,0,False,0.0
h1_2025_12_03,h1_2025_12_03_t00519,comment,04:22:59.949,Unknown speaker,public,110,38.42699999999968,0,False,0.0,0,False,0.0,0,False,0.0,0,False,0.01497460500987093,0,False,0.0,0,False,0.0,0,False,0.0,0,False,0.0,0,False,0.014807558024184979,0,False,0.0,0,False,0.0,0,False,0.0,0,False,0.0
h1_2025_12_03,h1_2025_12_03_t00521,comment,04:23:41.077,Unknown speaker,public,336,103.55400000000009,0,False,0.005260457842202817,0,False,0.0,0,False,0.025909821836858853,0,False,0.009204633291072963,2,True,0.01501822404594713,0,False,0.0,2,True,0.019392218656764052,0,False,0.0,0,False,0.0,0,False,0.0,1,True,0.015430325923852769,0,False,0.0,0,False,0.0
h1_2025_12_03,h1_2025_12_03_t00522,comment,04:25:30.514,Unknown speaker,official,129,50.5580000000009,0,False,0.004379553584286994,0,False,0.0,0,False,0.01755219421457497,0,False,0.0,0,False,0.0,0,False,0.0,0,False,0.0,0,False,0.0,0,False,0.0,0,False,0.0,0,False,0.0,0,False,0.0,0,False,0.0
h1_2025_12_03,h1_2025_12_03_t00523,comment,04:26:23.031,Unknown speaker,official,64,25.540999999999258,0,False,0.0,0,False,0.0,0,False,0.0,0,False,0.007942216435337237,0,False,0.0,0,False,0.0,0,False,0.0,0,False,0.011494151158829903,0,False,0.0,0,False,0.0,0,False,0.0,0,False,0.009621453264338478,0,False,0.0
h1_2025_12_03,h1_2025_12_03_t00524,comment,04:26:50.842,Unknown speaker,developer,49,14.506999999999607,0,False,0.0,0,False,0.0,0,False,0.0,0,False,0.0,0,False,0.0,0,False,0.0,0,False,0.0,0,False,0.02439019213747588,0,False,0.0,0,False,0.0,0,False,0.0,0,False,0.0,0,False,0.0
h1_2025_12_03,h1_2025_12_03_t00525,comment,04:27:08.710,Unknown speaker,developer,59,24.106000000001586,0,False,0.0,0,False,0.012720477827632318,0,False,0.005972958776951091,0,False,0.007140424234015947,0,False,0.0,0,False,0.0,0,False,0.0,0,False,0.010333779764397292,0,False,0.0,0,False,0.0,0,False,0.0,0,False,0.008650136723731473,0,False,0.0
h1_2025_12_03,h1_2025_12_03_t00528,comment,04:27:43.189,Unknown speaker,official,70,28.11199999999917,0,False,0.0,0,False,0.0,0,False,0.0,0,False,0.0,0,False,0.0,0,False,0.005002605777013536,0,False,0.004847002693516983,0,False,0.01088782223609763,0,False,0.0,1,True,0.06875141781645522,0,False,0.0,0,False,0.0,0,False,0.0
h1_2025_12_03,h1_2025_12_03_t00529,comment,04:28:12.882,Unknown speaker,developer,100,35.486000000000786,0,False,0.0,0,False,0.0,0,False,0.0,0,False,0.010158804694780026,0,False,0.0,0,False,0.0,0,False,0.0,0,False,0.0,0,False,0.0,2,True,0.02178973301826371,0,False,0.0,0,False,0.0,0,False,0.0
h1_2025_12_03,h1_2025_12_03_t00530,comment,04:28:52.905,Unknown speaker,official,23,9.646999999999025,0,False,0.0055077525177128425,0,False,0.0,0,False,0.0,0,False,0.0,0,False,0.0,0,False,0.0,0,False,0.0,0,False,0.0,0,False,0.0,0,False,0.0,0,False,0.0,0,False,0.0,0,False,0.0
h1_2025_12_03,h1_2025_12_03_t00531,comment,04:29:06.515,Unknown speaker,official,52,11.708000000000538,0,False,0.0,0,False,0.0,0,False,0.007738371727037209,0,False,0.0,0,False,0.0,0,False,0.0,0,False,0.0,0,False,0.0,0,False,0.0,0,False,0.0,0,False,0.0,0,False,0.0,0,False,0.0
h1_2025_12_03,h1_2025_12_03_t00532,comment,04:29:19.122,Unknown speaker,official,67,23.51300000000083,0,False,0.004543843945995301,0,False,0.0,0,False,0.0,0,False,0.0,0,False,0.0,0,False,0.0076200742067486105,0,False,0.0,0,False,0.0,0,False,0.0,0,False,0.0,0,False,0.0,0,False,0.0,0,False,0.0
h1_2025_12_03,h1_2025_12_03_t00533,comment,04:29:55.933,Unknown speaker,official,96,23.789999999999054,0,False,0.0030404188404391354,0,False,0.0,0,False,0.0,0,False,0.0,0,False,0.0,0,False,0.005098814452939563,0,False,0.0,0,False,0.0,0,False,0.0,0,False,0.0,0,False,0.0,0,False,0.0,0,False,0.0
h1_2025_12_03,h1_2025_12_03_t00534,comment,04:30:19.983,Unknown speaker,official,64,18.88500000000022,0,False,0.008075223926544276,0,False,0.0,0,False,0.008316703043288763,0,False,0.0,0,False,0.0,0,False,0.01354223566824117,0,False,0.0,0,False,0.0,0,False,0.0,0,False,0.0,0,False,0.0,0,False,0.0,0,False,0.0
h1_2025_12_03,h1_2025_12_03_t00537,comment,04:30:43.454,Unknown speaker,public,74,21.754000000000815,0,False,0.0,0,False,0.0,0,False,0.0,0,False,0.0,0,False,0.0,0,False,0.005069781767916398,0,False,0.004912089215093789,0,False,0.0,0,False,0.0,0,False,0.0,0,False,0.0,0,False,0.0,0,False,0.0
h1_2025_12_03,h1_2025_12_03_t00538,comment,04:31:08.452,Unknown speaker,public,516,162.8720000000012,0,False,0.0,0,False,0.0,0,False,0.005534489282418944,3,True,0.02396680039468847,0,False,0.0,0,False,0.0,2,True,0.016608519537623264,0,False,0.0,0,False,0.0,0,False,0.0,0,False,0.0,0,False,0.0,0,False,0.0
h1_2025_12_03,h1_2025_12_03_t00539,comment,04:33:55.655,Unknown speaker,public,43,13.488000000001193,0,False,0.0,0,False,0.0,0,False,0.0,0,False,0.0,0,False,0.016642501923972368,0,False,0.0,0,False,0.0,0,False,0.0,0,False,0.0,0,False,0.0,0,False,0.0,0,False,0.0,0,False,0.0
h1_2025_12_03,h1_2025_12_03_t00540,comment,04:34:09.443,Unknown speaker,official,59,18.114000000001397,0,False,0.0,0,False,0.0,0,False,0.017428686543673792,0,False,0.0,1,True,0.0,0,False,0.0,0,False,0.0,0,False,0.0,0,False,0.0,0,False,0.0,0,False,0.0,0,False,0.0,0,False,0.0
h1_2025_12_03,h1_2025_12_03_t00545,comment,04:34:48.586,Unknown speaker,public,225,80.22400000000198,0,False,0.005900893208232915,0,False,0.007111719970746227,0,False,0.0033393407695906916,0,False,0.0,0,False,0.016386911156410493,0,False,0.0,0,False,0.0,0,False,0.0,0,False,0.0,1,True,0.014697681726503587,2,True,0.024529928538350038,0,False,0.0,3,True,0.060759687450017065
h1_2025_12_03,h1_2025_12_03_t00546,comment,04:36:08.830,Unknown speaker,official,29,10.568999999999505,0,False,0.006182783382325121,0,False,0.0,0,False,0.010781405071824934,0,False,0.0,0,False,0.0,0,False,0.0,0,False,0.0,0,False,0.0,0,False,0.0,0,False,0.0,0,False,0.0,0,False,0.0,0,False,0.0
h1_2025_12_03,h1_2025_12_03_t00547,comment,04:36:19.599,Unknown speaker,public,168,57.21700000000055,0,False,0.0023934228489228032,0,False,0.0,0,False,0.0,3,True,0.028758666707832392,1,True,0.01693276950125565,0,False,0.0,0,False,0.0,0,False,0.0,0,False,0.0,1,True,0.01341638016793517,0,False,0.0,0,False,0.0,0,False,0.0
h1_2025_12_03,h1_2025_12_03_t00548,comment,04:37:17.497,Unknown speaker,official,18,4.843000000000757,0,False,0.0,0,False,0.0,0,False,0.0,0,False,0.0,0,False,0.0,0,False,0.0,0,False,0.0,0,False,0.0,0,False,0.0,0,False,0.0,0,False,0.0,0,False,0.0,0,False,0.0
h1_2025_12_03,h1_2025_12_03_t00550,comment,04:37:23.061,Unknown speaker,official,39,13.309999999997672,0,False,0.00461858343576057,0,False,0.0,0,False,0.0,0,False,0.0,0,False,0.0,0,False,0.007745413119122092,0,False,0.0,0,False,0.0,0,False,0.0,0,False,0.0,0,False,0.0,0,False,0.0,0,False,0.0
h1_2025_12_03,h1_2025_12_03_t00551,comment,04:37:39.034,Unknown speaker,official,23,5.564000000002125,0,False,0.0,0,False,0.0,0,False,0.0,1,True,0.027533241151349797,0,False,0.0,0,False,0.0,0,False,0.0,0,False,0.0,0,False,0.0,0,False,0.0,0,False,0.0,0,False,0.0,0,False,0.0
h1_2025_12_03,h1_2025_12_03_t00553,comment,04:37:46.980,Unknown speaker,developer,201,67.63200000000143,0,False,0.0,0,False,0.00931703622840153,0,False,0.0,2,True,0.011308592596375027,1,True,0.0,0,False,0.0,0,False,0.0,0,False,0.0,0,False,0.0,0,False,0.0,0,False,0.0,0,False,0.0,0,False,0.0
h1_2025_12_03,h1_2025_12_03_t00554,comment,04:38:55.645,Unknown speaker,official,45,18.955999999998312,0,False,0.0,0,False,0.0,0,False,0.0,0,False,0.0,0,False,0.0,0,False,0.0,0,False,0.0,0,False,0.0,0,False,0.0,0,False,0.0,0,False,0.0,0,False,0.0,0,False,0.0
h1_2025_12_03,h1_2025_12_03_t00555,comment,04:39:14.781,Unknown speaker,developer,210,75.52700000000186,0,False,0.0,0,False,0.0,0,False,0.0,0,False,0.0,0,False,0.0,0,False,0.00249762504806933,0,False,0.0024199379033649506,0,False,0.005435906555090935,0,False,0.01202330405181796,1,True,0.013828987919699071,0,False,0.007047081618686777,0,False,0.0,2,True,0.025267906155550263
h1_2025_12_03,h1_2025_12_03_t00557,comment,04:40:41.472,Unknown speaker,official,55,21.534999999999854,0,False,0.0,0,False,0.0,0,False,0.0,1,True,0.013646346713155661,0,False,0.0,0,False,0.0,0,False,0.0,0,False,0.0,0,False,0.0,0,False,0.0,0,False,0.0,0,False,0.0,0,False,0.0
h1_2025_12_03,h1_2025_12_03_t00563,comment,04:41:14.780,Unknown speaker,official,20,5.3840000000018335,0,False,0.0,0,False,0.0,0,False,0.013915944894126975,0,False,0.0,0,False,0.0,0,False,0.0,0,False,0.0,0,False,0.0,0,False,0.0,0,False,0.0,0,False,0.0,0,False,0.0,0,False,0.0
h1_2025_12_03,h1_2025_12_03_t00564,comment,04:41:23.827,Unknown speaker,official,21,7.024999999997817,0,False,0.0,0,False,0.0,0,False,0.0,0,False,0.0,0,False,0.0,0,False,0.0,0,False,0.0,0,False,0.0,0,False,0.0,0,False,0.0,0,False,0.0,0,False,0.0,0,False,0.0
h1_2025_12_03,h1_2025_12_03_t00566,comment,04:44:28.206,Unknown speaker,official,32,23.51800000000003,0,False,0.006041478572537685,0,False,0.0,0,False,0.0,0,False,0.0,0,False,0.0,0,False,0.0,0,False,0.0,0,False,0.0,0,False,0.0,0,False,0.0,0,False,0.0,0,False,0.0,0,False,0.0
h1_2025_12_03,h1_2025_12_03_t00568,comment,04:45:01.564,Unknown speaker,public,415,132.34800000000178,0,False,0.0,0,False,0.0,0,False,0.0,0,False,0.0,0,False,0.0,0,False,0.003766468944420364,0,False,0.0,0,False,0.0,0,False,0.0,1,True,0.005714270194282048,0,False,0.0,0,False,0.0,0,False,0.0
h2_2026_03_23,h2_2026_03_23_t00001,comment,00:00:00.945,Unknown speaker,public,67,19.407,0,False,0.0,0,False,0.0,0,False,0.0,0,False,0.0,0,False,0.0,0,False,0.010909942987579859,0,False,0.004938739802770005,0,False,0.0,0,False,0.0,0,False,0.0,1,True,0.033237074662105744,0,False,0.0,0,False,0.0
h2_2026_03_23,h2_2026_03_23_t00003,comment,00:00:29.619,Unknown speaker,official,30,6.783000000000001,0,False,0.0,0,False,0.0,0,False,0.0,0,False,0.0,0,False,0.0,0,False,0.0,0,False,0.0,0,False,0.0,0,False,0.0,0,False,0.0,0,False,0.0,0,False,0.0,0,False,0.0
h2_2026_03_23,h2_2026_03_23_t00005,comment,00:00:37.823,Unknown speaker,official,40,17.109,0,False,0.0,0,False,0.0,0,False,0.0,0,False,0.0,0,False,0.0,0,False,0.0,0,False,0.0,0,False,0.0,0,False,0.0,0,False,0.0,0,False,0.0,0,False,0.0,0,False,0.0
h2_2026_03_23,h2_2026_03_23_t00008,comment,00:01:14.507,Unknown speaker,staff,34,21.808999999999997,0,False,0.0,0,False,0.0,0,False,0.0,0,False,0.0,0,False,0.0,0,False,0.0,0,False,0.0,0,False,0.0,0,False,0.0,0,False,0.0,0,False,0.0,0,False,0.0,0,False,0.0
h2_2026_03_23,h2_2026_03_23_t00016,comment,00:01:44.715,Unknown speaker,staff,20,17.230999999999995,0,False,0.005178784705849513,0,False,0.0,0,False,0.0,0,False,0.0,0,False,0.0,0,False,0.0,0,False,0.0,0,False,0.0,0,False,0.0,0,False,0.0,0,False,0.0,0,False,0.0,0,False,0.0
h2_2026_03_23,h2_2026_03_23_t00025,comment,00:03:57.985,Unknown speaker,staff,22,13.044999999999987,0,False,0.0,0,False,0.0,0,False,0.0,0,False,0.0,0,False,0.0,0,False,0.0,0,False,0.0,0,False,0.0,0,False,0.0,0,False,0.0,0,False,0.0,0,False,0.0,0,False,0.0
h2_2026_03_23,h2_2026_03_23_t00038,comment,00:04:35.603,Unknown speaker,official,54,17.882000000000005,1,True,0.017162766153348993,0,False,0.0,0,False,0.0,0,False,0.0,0,False,0.0,0,False,0.0,0,False,0.0,0,False,0.0,0,False,0.0,0,False,0.0,0,False,0.0,0,False,0.0,0,False,0.0
h2_2026_03_23,h2_2026_03_23_t00041,comment,00:05:05.654,Unknown speaker,official,257,80.565,6,True,0.02599115709688635,0,False,0.0,0,False,0.010557569247754327,0,False,0.0,2,True,0.015172852674320688,0,False,0.0,0,False,0.0,0,False,0.0,0,False,0.0,0,False,0.0,0,False,0.0,0,False,0.0,0,False,0.0
h2_2026_03_23,h2_2026_03_23_t00043,comment,00:07:25.742,Unknown speaker,official,23,13.988,0,False,0.0,0,False,0.0,0,False,0.0,0,False,0.0,0,False,0.0,0,False,0.0,0,False,0.0,0,False,0.0,0,False,0.0,0,False,0.0,0,False,0.0,0,False,0.0,0,False,0.0
h2_2026_03_23,h2_2026_03_23_t00044,comment,00:07:53.333,Unknown speaker,official,65,22.984999999999957,1,True,0.024652382346216813,0,False,0.0,0,False,0.0,0,False,0.0,0,False,0.0,0,False,0.0,0,False,0.0,0,False,0.0,0,False,0.0,0,False,0.0,0,False,0.0,0,False,0.0,0,False,0.0
h2_2026_03_23,h2_2026_03_23_t00045,comment,00:08:19.765,Unknown speaker,official,201,73.79700000000003,3,True,0.020912503927261898,0,False,0.004701081400619285,1,True,0.007471699874633177,0,False,0.0044470864893143116,0,False,0.0,0,False,0.0,0,False,0.0,0,False,0.0,0,False,0.0,0,False,0.0,0,False,0.0,0,False,0.0,0,False,0.0
h2_2026_03_23,h2_2026_03_23_t00047,comment,00:11:30.417,Unknown speaker,official,187,65.553,0,False,0.015679153156881648,0,False,0.0,0,False,0.003247576120007897,0,False,0.0,0,False,0.00728114641251947,0,False,0.0,0,False,0.0,0,False,0.0,0,False,0.0,0,False,0.0,0,False,0.0,0,False,0.0,0,False,0.0
h2_2026_03_23,h2_2026_03_23_t00076,comment,00:14:50.074,Unknown speaker,official,29,9.605999999999995,0,False,0.004747770223543334,0,False,0.0,0,False,0.0,0,False,0.0,0,False,0.0,0,False,0.0,0,False,0.0,0,False,0.0,0,False,0.0,0,False,0.0,0,False,0.0,0,False,0.0,0,False,0.0
h2_2026_03_23,h2_2026_03_23_t00077,comment,00:15:07.426,Unknown speaker,developer,32,6.846000000000004,0,False,0.0,0,False,0.0,0,False,0.0,0,False,0.0,0,False,0.0,0,False,0.0,0,False,0.013767036573653649,0,False,0.0,0,False,0.0,0,False,0.0,0,False,0.0,0,False,0.0,0,False,0.0
h2_2026_03_23,h2_2026_03_23_t00078,comment,00:15:21.198,Unknown speaker,developer,1388,451.5079999999999,9,True,0.05019474596018421,1,True,0.00256671634720939,0,False,0.008764488884416796,3,True,0.02736559170587166,11,True,0.01953657825337377,3,True,0.01062269778783125,2,True,0.03450944554007204,0,False,0.020348160569225872,2,True,0.00971738020850037,0,False,0.0,7,True,0.023326904134534383,1,True,0.012041794152888788,0,False,0.008106833998748873
h2_2026_03_23,h2_2026_03_23_t00079,comment,00:23:06.831,Unknown speaker,developer,388,131.16600000000017,0,False,0.0,0,False,0.00592882892063506,0,False,0.030400228125768397,3,True,0.013096691808021461,5,True,0.017058608694778522,0,False,0.005477906829557505,1,True,0.0037030857009148275,0,False,0.0,0,False,0.0,6,True,0.01906805379533553,0,False,0.0,2,True,0.0127318151340876,0,False,0.0
h2_2026_03_23,h2_2026_03_23_t00082,comment,00:25:32.668,Unknown speaker,official,21,8.125,0,False,0.0,0,False,0.0,0,False,0.0,0,False,0.0,0,False,0.0,0,False,0.0,0,False,0.0,0,False,0.0,0,False,0.0,0,False,0.0,0,False,0.0,0,False,0.0,0,False,0.0
h2_2026_03_23,h2_2026_03_23_t00083,comment,00:25:43.034,Unknown speaker,public,679,317.49599999999987,2,True,0.03389317087674402,0,False,0.006313641764153285,0,False,0.011100840802002765,0,False,0.01256393687331648,2,True,0.004250180057040898,0,False,0.010668710444569802,1,True,0.018309799531992674,2,True,0.04773040717092088,0,False,0.002233211345342032,6,True,0.026199613570376413,0,False,0.0,0,False,0.0,0,False,0.0039038975338650116
h2_2026_03_23,h2_2026_03_23_t00084,comment,00:31:13.089,Unknown speaker,official,43,17.923999999999978,0,False,0.0,0,False,0.0,0,False,0.0,0,False,0.0,0,False,0.0,0,False,0.0,0,False,0.0,0,False,0.0,0,False,0.0,0,False,0.0,0,False,0.0,0,False,0.0,0,False,0.0
h2_2026_03_23,h2_2026_03_23_t00085,comment,00:31:33.554,Unknown speaker,public,696,264.3489999999997,0,False,0.007880975496015076,0,False,0.00368820245832906,0,False,0.0017318124006941908,0,False,0.0030494917534263605,2,True,0.008023942821776838,3,True,0.014794314198134883,4,True,0.020640023757840405,0,False,0.006919980357198251,0,False,0.007949696370146872,4,True,0.015933304542081316,0,False,0.0,2,True,0.01004967154827466,9,True,0.04186397277520209
h2_2026_03_23,h2_2026_03_23_t00086,comment,00:36:05.439,Unknown speaker,official,22,11.62900000000036,0,False,0.0,0,False,0.0,0,False,0.0,0,False,0.0,0,False,0.0,0,False,0.0,0,False,0.0,0,False,0.0,0,False,0.0,0,False,0.0,0,False,0.0,0,False,0.0,0,False,0.0
h2_2026_03_23,h2_2026_03_23_t00087,comment,00:36:17.128,Unknown speaker,consultant,544,196.06399999999985,8,True,0.07001343290025036,0,False,0.0,0,False,0.003161053786179147,0,False,0.0,2,True,0.0041857915661773345,0,False,0.006490414101717605,0,False,0.0,0,False,0.0,1,True,0.017217214081512652,0,False,0.0,0,False,0.0,0,False,0.0,0,False,0.0
h2_2026_03_23,h2_2026_03_23_t00090,comment,00:39:52.808,Unknown speaker,developer,564,225.8470000000002,0,False,0.0,0,False,0.0027785348603050325,1,True,0.0027380044752781407,0,False,0.0,0,False,0.0,0,False,0.010293377012444946,0,False,0.002877605511340912,0,False,0.0038126515918938536,0,False,0.026849574806955854,3,True,0.018661550911792182,0,False,0.006760811638197377,0,False,0.0,23,True,0.1565663047166864
h2_2026_03_23,h2_2026_03_23_t00091,comment,00:43:44.657,Unknown speaker,developer,18,4.40099999999984,0,False,0.0,0,False,0.0,0,False,0.0,0,False,0.0,0,False,0.0,0,False,0.0,0,False,0.0,0,False,0.0,0,False,0.0,0,False,0.0,0,False,0.0,0,False,0.0,0,False,0.0
h2_2026_03_23,h2_2026_03_23_t00092,comment,00:43:49.518,Unknown speaker,official,19,7.201999999999771,0,False,0.0,0,False,0.0,0,False,0.0,0,False,0.0,0,False,0.0,0,False,0.0,0,False,0.0,0,False,0.0,0,False,0.0,0,False,0.0,0,False,0.0,0,False,0.0,0,False,0.0
h2_2026_03_23,h2_2026_03_23_t00093,comment,00:44:08.182,Unknown speaker,public,204,90.89100000000008,2,True,0.05171932994216183,0,False,0.006846953058052084,0,False,0.003215018249914001,0,False,0.0,0,False,0.006794222047870267,0,False,0.007490138192892503,0,False,0.0024761979864337934,0,False,0.0,0,False,0.0,2,True,0.012447896019451994,1,True,0.009689512931029183,0,False,0.0,2,True,0.022636781071219258
h2_2026_03_23,h2_2026_03_23_t00094,comment,00:45:42.797,Unknown speaker,public,251,105.60300000000007,0,False,0.0,0,False,0.0,0,False,0.008381709679811082,10,True,0.03129071753980211,0,False,0.0,1,True,0.006395547697020654,1,True,0.0047386747610134484,0,False,0.005320831375258726,0,False,0.0,0,False,0.0,3,True,0.03903669347111823,1,True,0.012942563937306051,3,True,0.04831404952078467
h2_2026_03_23,h2_2026_03_23_t00095,comment,00:47:31.903,Unknown speaker,public,261,112.9050000000002,1,True,0.020081826081164416,2,True,0.028001085638535393,0,False,0.02128569276810882,0,False,0.0033889090505166836,7,True,0.049826480810496405,3,True,0.009548465527860026,0,False,0.0,0,False,0.0,0,False,0.017627764499908938,0,False,0.0,0,False,0.0,0,False,0.004105432068253055,0,False,0.01306667623704362
h2_2026_03_23,h2_2026_03_23_t00096,comment,00:49:39.329,Unknown speaker,public,19,12.385999999999967,0,False,0.0,0,False,0.0,0,False,0.0,0,False,0.0,0,False,0.0,0,False,0.0,0,False,0.0,0,False,0.0,0,False,0.0,0,False,0.0,0,False,0.0,0,False,0.0,0,False,0.0
h2_2026_03_23,h2_2026_03_23_t00098,comment,00:49:54.116,Unknown speaker,public,27,8.123999999999796,0,False,0.0,0,False,0.0,0,False,0.0,0,False,0.0,0,False,0.0,0,False,0.0,0,False,0.0,0,False,0.0,0,False,0.0,0,False,0.0,0,False,0.0,0,False,0.0,0,False,0.0
h2_2026_03_23,h2_2026_03_23_t00102,comment,00:50:22.043,Unknown speaker,public,42,17.20699999999988,0,False,0.0,0,False,0.0,0,False,0.0,0,False,0.007703186160436671,0,False,0.0,0,False,0.0,0,False,0.0,0,False,0.0,0,False,0.02072949230226763,0,False,0.0,1,True,0.021462787727530883,0,False,0.0,1,True,0.08361466499475768
h2_2026_03_23,h2_2026_03_23_t00103,comment,00:50:43.231,Unknown speaker,public,354,116.6859999999997,0,False,0.0,0,False,0.0,0,False,0.019270292288629733,1,True,0.02022031213338913,3,True,0.017028252856709808,0,False,0.0,0,False,0.0,0,False,0.0,0,False,0.0,2,True,0.0,1,True,0.010203832108282206,0,False,0.0082863320126286,0,False,0.0
h2_2026_03_23,h2_2026_03_23_t00104,comment,00:52:44.451,Unknown speaker,public,72,30.286000000000058,0,False,0.0,0,False,0.0,0,False,0.0,0,False,0.0,0,False,0.0,0,False,0.0,0,False,0.0,0,False,0.010830362075877066,0,False,0.0,0,False,0.0,0,False,0.0,0,False,0.0,0,False,0.0
h2_2026_03_23,h2_2026_03_23_t00106,comment,00:53:28.809,Unknown speaker,public,103,36.8149999999996,0,False,0.0,0,False,0.0,0,False,0.0,0,False,0.0,0,False,0.0,0,False,0.0,0,False,0.0,0,False,0.0,0,False,0.0,0,False,0.0,0,False,0.0,0,False,0.0,0,False,0.0
h2_2026_03_23,h2_2026_03_23_t00108,comment,00:54:51.299,Unknown speaker,developer,112,37.84400000000005,0,False,0.0,0,False,0.0,0,False,0.0,0,False,0.009654351504242752,0,False,0.0,0,False,0.0,0,False,0.0,0,False,0.0,0,False,0.0,0,False,0.0,0,False,0.0,0,False,0.0,0,False,0.0
h2_2026_03_23,h2_2026_03_23_t00109,comment,00:55:36.913,Unknown speaker,public,531,203.13499999999976,0,False,0.01306192475011924,6,True,0.04998319820012291,2,True,0.00638605993544652,2,True,0.036983351318989624,0,False,0.0,1,True,0.012459692729034045,1,True,0.022427076529434303,1,True,0.005989721493866972,1,True,0.011477751167221327,0,False,0.0,0,False,0.0,0,False,0.0,0,False,0.0
h2_2026_03_23,h2_2026_03_23_t00110,comment,00:59:09.083,Unknown speaker,official,20,9.324999999999818,0,False,0.0,0,False,0.0,0,False,0.0,0,False,0.0,0,False,0.0,0,False,0.0,0,False,0.0,0,False,0.0,0,False,0.0,0,False,0.0,0,False,0.0,0,False,0.0,0,False,0.0
h2_2026_03_23,h2_2026_03_23_t00112,comment,00:59:22.791,Unknown speaker,public,192,78.27700000000004,0,False,0.0018092227339626603,0,False,0.0,0,False,0.0,0,False,0.02419234561447733,0,False,0.0,0,False,0.004504920738903148,0,False,0.004364797853125934,0,False,0.005790781573615913,0,False,0.0,0,False,0.0,0,False,0.0,0,False,0.004847311776627946,0,False,0.0
h2_2026_03_23,h2_2026_03_23_t00113,comment,01:00:45.550,Unknown speaker,public,38,20.143999999999778,0,False,0.0,0,False,0.0,0,False,0.0,0,False,0.0,0,False,0.0,0,False,0.0,0,False,0.0,0,False,0.0,0,False,0.0,0,False,0.0,0,False,0.0,0,False,0.0,0,False,0.0
h2_2026_03_23,h2_2026_03_23_t00114,comment,01:01:07.516,Unknown speaker,official,29,10.88799999999992,0,False,0.0,0,False,0.0,0,False,0.0,0,False,0.0,0,False,0.0,0,False,0.0,0,False,0.0,0,False,0.0,0,False,0.0,0,False,0.0,0,False,0.0,0,False,0.0,0,False,0.0
h2_2026_03_23,h2_2026_03_23_t00115,comment,01:01:19.545,Unknown speaker,public,41,16.02500000000009,0,False,0.0,0,False,0.0,0,False,0.0,0,False,0.0,0,False,0.0,0,False,0.006959939606098441,0,False,0.00674345481558488,0,False,0.0,0,False,0.0,0,False,0.0,0,False,0.0,0,False,0.0,0,False,0.0
h2_2026_03_23,h2_2026_03_23_t00116,comment,01:01:47.333,Unknown speaker,public,367,129.9670000000001,0,False,0.006697977385551459,5,True,0.04921656646574586,2,True,0.038183976183132844,3,True,0.0311806942267257,1,True,0.0,0,False,0.0037631308897218343,0,False,0.017265993952506126,0,False,0.0,1,True,0.02468708056887901,0,False,0.0,0,False,0.006530446268291046,0,False,0.0,0,False,0.0
h2_2026_03_23,h2_2026_03_23_t00117,comment,01:04:05.896,Unknown speaker,developer,25,5.9669999999996435,0,False,0.0,0,False,0.0,0,False,0.0,0,False,0.0,0,False,0.0,0,False,0.0,0,False,0.0,0,False,0.0,0,False,0.0,0,False,0.0,0,False,0.0,0,False,0.0,0,False,0.0
h2_2026_03_23,h2_2026_03_23_t00119,comment,01:04:22.234,Unknown speaker,public,571,233.50199999999995,0,False,0.002488216883067383,0,False,0.0,0,False,0.00453340942803218,1,True,0.006061529086194851,3,True,0.007276984625976678,4,True,0.0070517063643983306,0,False,0.004536664589502971,0,False,0.004490840822599077,0,False,0.013812859438885817,0,False,0.0,11,True,0.029804224499833686,0,False,0.0,1,True,0.020815821840099304
h2_2026_03_23,h2_2026_03_23_t00120,comment,01:08:19.138,Unknown speaker,public,319,98.90599999999995,0,False,0.0,0,False,0.0,0,False,0.0,0,False,0.004300091973520927,0,False,0.0,2,True,0.005903347688821586,0,False,0.0037078540657746704,0,False,0.0,0,False,0.0,0,False,0.0,7,True,0.04278197020106669,0,False,0.0,0,False,0.0
h2_2026_03_23,h2_2026_03_23_t00121,comment,01:10:06.860,Unknown speaker,public,339,151.1230000000005,1,True,0.026404327931517788,0,False,0.0,0,False,0.003939036180954766,1,True,0.013325674018082396,0,False,0.0,0,False,0.010114055337481291,0,False,0.003989454574317036,0,False,0.0,0,False,0.0,4,True,0.013468561130890547,1,True,0.00743871454497137,0,False,0.0,1,True,0.007148766033683564
h2_2026_03_23,h2_2026_03_23_t00122,comment,01:12:41.145,Unknown speaker,public,25,11.359999999999673,0,False,0.0,0,False,0.0,0,False,0.0,0,False,0.013867376814313083,0,False,0.0,0,False,0.010190992740800594,0,False,0.009874007960259635,0,False,0.0,0,False,0.0,0,False,0.0,0,False,0.0,0,False,0.0,0,False,0.0
h2_2026_03_23,h2_2026_03_23_t00124,comment,01:12:54.747,Unknown speaker,public,78,34.764000000000124,0,False,0.0,0,False,0.0,0,False,0.0,3,True,0.025154808565727316,0,False,0.0,0,False,0.0,0,False,0.0,0,False,0.0,0,False,0.0,0,False,0.0,0,False,0.0,0,False,0.0,0,False,0.0
h2_2026_03_23,h2_2026_03_23_t00125,comment,01:13:39.600,Unknown speaker,public,107,52.714999999999236,4,True,0.049026023021144324,0,False,0.0,0,False,0.0,0,False,0.0,0,False,0.009426897634213418,0,False,0.004043643194559421,0,False,0.006201763591926268,0,False,0.009233254677428146,0,False,0.006139440395152101,0,False,0.0,1,True,0.013444077317848569,0,False,0.0,0,False,0.0
h2_2026_03_23,h2_2026_03_23_t00126,comment,01:14:34.777,Unknown speaker,official,31,19.141999999999825,0,False,0.0,0,False,0.0,0,False,0.0,0,False,0.0,0,False,0.0,0,False,0.0,0,False,0.0,0,False,0.0,0,False,0.0,0,False,0.0,0,False,0.0,0,False,0.0,0,False,0.0
h2_2026_03_23,h2_2026_03_23_t00127,comment,01:15:02.172,Unknown speaker,official,394,182.53100000000086,5,True,0.03800025076269505,0,False,0.0,0,False,0.0021689461806603688,0,False,0.0,2,True,0.005576395345933145,0,False,0.0020858988107198793,0,False,0.006960457388521849,0,False,0.010388421414736938,0,False,0.005908883821756323,0,False,0.0,1,True,0.006935078971917523,0,False,0.0,0,False,0.0
h2_2026_03_23,h2_2026_03_23_t00129,comment,01:18:10.546,Unknown speaker,official,133,47.32799999999952,2,True,0.023903258910681822,0,False,0.0,0,False,0.0,0,False,0.005101549682083633,0,False,0.0,1,True,0.013983591365672335,0,False,0.006975457247660641,0,False,0.0,0,False,0.0,0,False,0.0,2,True,0.03314236064421121,0,False,0.00618017932922075,1,True,0.014319420967508848
h2_2026_03_23,h2_2026_03_23_t00130,comment,01:18:58.534,Unknown speaker,official,141,55.48400000000038,1,True,0.011762640996602375,0,False,0.011484642045606857,0,False,0.0067826346894059465,0,False,0.0,0,False,0.0,0,False,0.0,0,False,0.0,0,False,0.0,0,False,0.0,0,False,0.0,0,False,0.013790257214863337,0,False,0.0,0,False,0.0
h2_2026_03_23,h2_2026_03_23_t00132,comment,01:20:10.149,Unknown speaker,official,88,41.20299999999952,0,False,0.003088769800714598,0,False,0.0,0,False,0.0,0,False,0.0,0,False,0.0,0,False,0.0,0,False,0.0,0,False,0.0,0,False,0.0,0,False,0.0,0,False,0.0,0,False,0.0,0,False,0.0
h2_2026_03_23,h2_2026_03_23_t00134,comment,01:21:06.512,Unknown speaker,official,21,7.806000000000495,0,False,0.0,0,False,0.0,0,False,0.0,0,False,0.0,0,False,0.0,0,False,0.0,0,False,0.0,0,False,0.0,0,False,0.0,0,False,0.0,1,True,0.0332018494200904,0,False,0.0,0,False,0.0
h2_2026_03_23,h2_2026_03_23_t00135,comment,01:21:18.461,Unknown speaker,public,334,122.83500000000004,0,False,0.0,0,False,0.0,0,False,0.014369954251011136,0,False,0.0026848689670636956,0,False,0.0,0,False,0.009028001874626533,0,False,0.0,0,False,0.0,0,False,0.0,2,True,0.008695631090490801,0,False,0.0,0,False,0.0032525355482054675,0,False,0.0
h2_2026_03_23,h2_2026_03_23_t00137,comment,01:23:31.700,Unknown speaker,public,139,53.738000000000284,0,False,0.015833047401426527,0,False,0.0,0,False,0.0071900955135756105,2,True,0.017579513678267867,0,False,0.0,0,False,0.01579968474913257,0,False,0.0031043030537111584,0,False,0.0,0,False,0.0,0,False,0.0,0,False,0.0,0,False,0.0,0,False,0.0
h2_2026_03_23,h2_2026_03_23_t00141,comment,01:24:29.760,Unknown speaker,public,91,36.259000000000015,1,True,0.017225911917055834,0,False,0.010394985825758285,0,False,0.004881013328710925,0,False,0.005279742729968922,0,False,0.0,0,False,0.003880028685661214,0,False,0.003759342696307804,0,False,0.0,0,False,0.0,0,False,0.0,0,False,0.0,0,False,0.0,0,False,0.0
h2_2026_03_23,h2_2026_03_23_t00142,comment,01:25:09.881,Unknown speaker,public,58,23.829999999999927,1,True,0.026059710946152902,0,False,0.0,0,False,0.0,2,True,0.025921064293488467,0,False,0.0,0,False,0.004282927452098849,0,False,0.004149709535747969,1,True,0.019271576414051073,0,False,0.0,0,False,0.0,0,False,0.0,0,False,0.0,0,False,0.0
h2_2026_03_23,h2_2026_03_23_t00145,comment,01:25:52.996,Unknown speaker,public,323,126.17799999999988,0,False,0.006232365019887949,0,False,0.0,0,False,0.0,3,True,0.022882774580425765,1,True,0.0,4,True,0.01869364471778853,0,False,0.0,0,False,0.0,0,False,0.0,0,False,0.0,0,False,0.0,0,False,0.004118992446209,0,False,0.0
h2_2026_03_23,h2_2026_03_23_t00147,comment,01:28:12.341,Unknown speaker,public,160,84.5630000000001,0,False,0.0,0,False,0.0,0,False,0.0,0,False,0.0,0,False,0.0,0,False,0.0,1,True,0.005809497061451277,0,False,0.0,0,False,0.0,4,True,0.03952228618651928,0,False,0.0,0,False,0.0,0,False,0.0
h2_2026_03_23,h2_2026_03_23_t00151,comment,01:29:51.221,Unknown speaker,public,285,122.87800000000061,0,False,0.0015864671010873167,0,False,0.0,0,False,0.01201895221842816,0,False,0.0031747483133203152,1,True,0.008745081714421232,1,True,0.015613067593755463,0,False,0.0,0,False,0.0,0,False,0.008543337698446583,1,True,0.008448906003791534,0,False,0.0,0,False,0.0,3,True,0.0471469862142907
h2_2026_03_23,h2_2026_03_23_t00153,comment,01:32:02.783,Unknown speaker,public,103,38.107999999999265,0,False,0.009750690992919087,0,False,0.011854036304483865,0,False,0.0,0,False,0.0,0,False,0.0,0,False,0.0039764631766266495,0,False,0.0,0,False,0.0,0,False,0.012769023165257066,0,False,0.0,0,False,0.0,0,False,0.0,0,False,0.0
h2_2026_03_23,h2_2026_03_23_t00154,comment,01:32:44.894,Unknown speaker,public,188,67.29599999999937,0,False,0.0,0,False,0.0,0,False,0.0029908287476922506,0,False,0.02526044730176049,0,False,0.0,0,False,0.0028763120927134604,5,True,0.04851024611925375,0,False,0.0,0,False,0.0,0,False,0.00803887246917014,0,False,0.0,0,False,0.004595249875639611,0,False,0.0
h2_2026_03_23,h2_2026_03_23_t00156,comment,01:34:03.098,Unknown speaker,public,213,67.63799999999992,0,False,0.008228063673722159,0,False,0.0,0,False,0.015469390796540188,0,False,0.0,4,True,0.05631897990002351,0,False,0.0,1,True,0.005863455333045195,0,False,0.0,0,False,0.0,0,False,0.008486996861693206,0,False,0.0,0,False,0.0,0,False,0.0
h2_2026_03_23,h2_2026_03_23_t00158,comment,01:35:13.668,Unknown speaker,public,256,85.51600000000053,1,True,0.004254139449603563,0,False,0.004896124841814225,0,False,0.0,6,True,0.029860547226813767,0,False,0.0,0,False,0.007222343533098457,0,False,0.0,1,True,0.012807412115423277,0,False,0.0,0,False,0.0,0,False,0.0,0,False,0.0,0,False,0.0
h2_2026_03_23,h2_2026_03_23_t00159,comment,01:36:42.583,Unknown speaker,public,110,29.105000000000473,0,False,0.0,0,False,0.0,0,False,0.011221394491041828,0,False,0.008294054065644237,0,False,0.0,0,False,0.010188836392226485,3,True,0.06116862339344077,0,False,0.011116025866812868,0,False,0.0,0,False,0.0,0,False,0.0,1,True,0.015181497695791744,0,False,0.011332484103456487
h2_2026_03_23,h2_2026_03_23_t00161,comment,01:37:28.177,Unknown speaker,public,329,121.25,0,False,0.0015188045977443977,0,False,0.0,0,False,0.0,4,True,0.04405626876297815,0,False,0.0,2,True,0.011264590360180859,0,False,0.0,0,False,0.004861239864744539,0,False,0.0,2,True,0.0,0,False,0.0,0,False,0.0040692167276265455,0,False,0.0
h2_2026_03_23,h2_2026_03_23_t00163,comment,01:39:38.434,Unknown speaker,official,111,43.64499999999953,0,False,0.002243172647948972,0,False,0.0,0,False,0.0,0,False,0.0,0,False,0.0,0,False,0.0,0,False,0.0,0,False,0.0,0,False,0.0,5,True,0.025088901166868908,0,False,0.0,1,True,0.011454238495722663,0,False,0.0
h2_2026_03_23,h2_2026_03_23_t00165,comment,01:40:30.186,Unknown speaker,public,267,80.5590000000002,0,False,0.0,0,False,0.005091232160688376,0,False,0.0,5,True,0.0518447679873123,0,False,0.0,0,False,0.0028916673090820756,0,False,0.0,0,False,0.0,1,True,0.008941912024364682,0,False,0.0,0,False,0.0,0,False,0.0,0,False,0.0
h2_2026_03_23,h2_2026_03_23_t00167,comment,01:41:56.843,Unknown speaker,public,130,32.284999999999854,0,False,0.0,0,False,0.0,0,False,0.0,0,False,0.016828014653314263,0,False,0.0,0,False,0.0,0,False,0.0,0,False,0.0082513888098519,0,False,0.0,0,False,0.0,0,False,0.0,0,False,0.0,0,False,0.0
h2_2026_03_23,h2_2026_03_23_t00170,comment,01:42:36.670,Unknown speaker,public,318,122.0010000000002,0,False,0.0014816026433986784,0,False,0.004827890740359522,0,False,0.023791624927255277,4,True,0.023927111502851713,1,True,0.008167037422927832,0,False,0.002484663254679588,0,False,0.0,0,False,0.0,0,False,0.0,0,False,0.0,0,False,0.0,0,False,0.0,0,False,0.0
h2_2026_03_23,h2_2026_03_23_t00173,comment,01:44:52.200,Unknown speaker,public,397,121.54700000000048,1,True,0.02966618654320221,1,True,0.030652999205666387,0,False,0.02456424238091664,1,True,0.01669609143752621,2,True,0.022197324920938743,1,True,0.010123177286628107,1,True,0.01062578620552943,0,False,0.005513123797152917,0,False,0.014462762388792781,0,False,0.0,0,False,0.0,0,False,0.0033831549908864642,0,False,0.004742625262205279
h2_2026_03_23,h2_2026_03_23_t00175,comment,01:47:02.408,Unknown speaker,public,148,45.978000000000065,0,False,0.0,0,False,0.0,0,False,0.0,0,False,0.011550182923805545,0,False,0.0,0,False,0.01260806474798601,0,False,0.0032159310196837264,0,False,0.0,0,False,0.0,0,False,0.0,0,False,0.0,0,False,0.0,0,False,0.0
h2_2026_03_23,h2_2026_03_23_t00177,comment,01:47:49.946,Unknown speaker,public,53,16.34900000000016,0,False,0.0,0,False,0.0,0,False,0.0,1,True,0.013660105776735248,0,False,0.0,0,False,0.0,0,False,0.0,0,False,0.0,0,False,0.0,0,False,0.0,0,False,0.0,0,False,0.0,0,False,0.0
h2_2026_03_23,h2_2026_03_23_t00179,comment,01:48:12.995,Unknown speaker,public,203,52.228000000000065,0,False,0.009760918588947499,0,False,0.0,0,False,0.0,0,False,0.0,0,False,0.0,0,False,0.007193512100571804,0,False,0.002378135051730503,0,False,0.0,0,False,0.0,0,False,0.012771861040562653,1,True,0.009305786718881402,0,False,0.0,0,False,0.0
h2_2026_03_23,h2_2026_03_23_t00182,comment,01:50:38.532,Unknown speaker,official,21,6.023000000000138,0,False,0.0,0,False,0.0,0,False,0.0,0,False,0.0,0,False,0.0,0,False,0.0,0,False,0.0,0,False,0.0,0,False,0.0,0,False,0.0,0,False,0.0,0,False,0.0,0,False,0.0
h2_2026_03_23,h2_2026_03_23_t00185,comment,01:50:50.479,Unknown speaker,public,125,45.55000000000018,0,False,0.0,0,False,0.0,0,False,0.0,3,True,0.058314380136487445,0,False,0.0,0,False,0.0,0,False,0.0,0,False,0.007371638629877028,0,False,0.010941248891474492,0,False,0.0,0,False,0.0,0,False,0.010447743923419961,0,False,0.0
h2_2026_03_23,h2_2026_03_23_t00186,comment,01:51:39.385,Unknown speaker,public,100,33.246000000000095,0,False,0.0,0,False,0.0,0,False,0.011913810815871171,1,True,0.04493064378532492,0,False,0.0,0,False,0.017504886760713975,1,True,0.011849534896410328,0,False,0.0,0,False,0.0,0,False,0.0,0,False,0.0,1,True,0.046646400726520286,0,False,0.0
h2_2026_03_23,h2_2026_03_23_t00188,comment,01:52:26.139,Unknown speaker,public,366,122.92100000000028,2,True,0.030115173562913003,0,False,0.0,0,False,0.0,0,False,0.00274288161963511,0,False,0.0,4,True,0.016928256792554296,0,False,0.0068321354158104326,0,False,0.0,1,True,0.01797912142604209,0,False,0.0,1,True,0.007642277459985118,0,False,0.0,1,True,0.008508678834007454
h2_2026_03_23,h2_2026_03_23_t00192,comment,01:54:49.540,Unknown speaker,public,331,106.53099999999995,0,False,0.0,0,False,0.0,0,False,0.0,1,True,0.010857949899694816,0,False,0.0,0,False,0.018364871446750124,0,False,0.0,0,False,0.0,0,False,0.0,0,False,0.0,1,True,0.008163253317413048,0,False,0.0,2,True,0.02664984323451186
h2_2026_03_23,h2_2026_03_23_t00194,comment,01:56:38.013,Unknown speaker,public,320,111.95399999999972,0,False,0.013647658732058953,0,False,0.0,0,False,0.025823309998273446,0,False,0.0,8,True,0.032385424762045915,0,False,0.009881986033456533,0,False,0.0,0,False,0.0,0,False,0.00506106706068485,0,False,0.015027347770571915,0,False,0.0,0,False,0.0,0,False,0.005574267786732463
h2_2026_03_23,h2_2026_03_23_t00195,comment,01:58:33.629,Unknown speaker,public,50,12.54700000000048,0,False,0.0,0,False,0.0,0,False,0.030667306625490182,0,False,0.0,1,True,0.023689956682263903,0,False,0.012643783130866738,1,True,0.01341934723003083,0,False,0.0,0,False,0.0,0,False,0.0,0,False,0.0,0,False,0.0,0,False,0.0
h2_2026_03_23,h2_2026_03_23_t00197,comment,01:58:59.124,Unknown speaker,public,202,76.80000000000018,0,False,0.0,0,False,0.0,0,False,0.0062167093328575045,2,True,0.02358502699634726,0,False,0.0,0,False,0.013331918454482488,1,True,0.00920628429702153,0,False,0.0,0,False,0.0,0,False,0.0,0,False,0.0,0,False,0.0,3,True,0.08586874794306508
h2_2026_03_23,h2_2026_03_23_t00199,comment,02:00:18.885,Unknown speaker,public,345,125.11200000000008,0,False,0.0,0,False,0.0071148259356079635,0,False,0.0,1,True,0.013181618250521552,1,True,0.007823736297352895,0,False,0.004155916598656711,0,False,0.0062350263143883386,0,False,0.0,1,True,0.013632925252348991,0,False,0.00604419968413817,1,True,0.0071901482741156784,0,False,0.0,1,True,0.01701474246984916
h2_2026_03_23,h2_2026_03_23_t00203,comment,02:02:33.318,Unknown speaker,public,276,94.4960000000001,0,False,0.00417157600803681,0,False,0.0,0,False,0.010921002878138845,1,True,0.028066531584035555,0,False,0.0,1,True,0.008641917174102592,7,True,0.04940295606416896,1,True,0.017117062945894785,0,False,0.0,0,False,0.0,0,False,0.0,0,False,0.004620231534902158,0,False,0.0
h2_2026_03_23,h2_2026_03_23_t00205,comment,02:04:17.465,Unknown speaker,public,367,117.6239999999998,0,False,0.0,0,False,0.0,0,False,0.0,1,True,0.007216560665806173,0,False,0.0,0,False,0.004124171615410908,1,True,0.011640558404004558,1,True,0.007284961493326767,0,False,0.009560594243020316,1,True,0.007344613220334957,0,False,0.0,1,True,0.007375819152541686,0,False,0.0
h2_2026_03_23,h2_2026_03_23_t00206,comment,02:06:24.118,Unknown speaker,public,344,123.44499999999971,1,True,0.008662514940169307,0,False,0.0,0,False,0.008888559544841263,0,False,0.003337601547968987,2,True,0.012774228735415607,0,False,0.0038165772335400656,1,True,0.006708125618973612,0,False,0.0,0,False,0.02038198875374669,0,False,0.006415080346333959,0,False,0.0,0,False,0.0,1,True,0.029937443325912992
h2_2026_03_23,h2_2026_03_23_t00208,comment,02:08:34.233,Unknown speaker,public,271,107.03899999999976,0,False,0.00390840376770198,0,False,0.028573254603265125,1,True,0.005656658846509609,1,True,0.011867633866905102,1,True,0.0,0,False,0.006732496813896998,0,False,0.003897859520860713,0,False,0.0,1,True,0.04020526591877432,0,False,0.0,0,False,0.0,0,False,0.0,0,False,0.0
h2_2026_03_23,h2_2026_03_23_t00210,comment,02:10:25.802,Unknown speaker,public,438,124.88600000000042,2,True,0.03094762832660786,1,True,0.014323555197614217,0,False,0.0,1,True,0.032541170912732786,0,False,0.0029170762091383223,0,False,0.002118588072826916,3,True,0.037443027362602375,0,False,0.009559120118683274,0,False,0.0060014851747158945,0,False,0.0,2,True,0.011926126432561098,1,True,0.015393531532702778,1,True,0.01754194173802192
h2_2026_03_23,h2_2026_03_23_t00216,comment,02:12:48.117,Unknown speaker,official,198,60.05400000000009,0,False,0.003382579101061641,0,False,0.0,0,False,0.0,0,False,0.0,0,False,0.0,0,False,0.008610633429718411,0,False,0.002846627473551908,0,False,0.0,0,False,0.0,0,False,0.0,0,False,0.0,0,False,0.0,0,False,0.0
h2_2026_03_23,h2_2026_03_23_t00218,comment,02:13:57.440,Unknown speaker,public,244,121.01700000000073,2,True,0.023318064261829537,0,False,0.0,0,False,0.006589903872242872,0,False,0.007945409563456615,4,True,0.042785928700553914,2,True,0.011191484204410511,0,False,0.0,0,False,0.0,0,False,0.0,0,False,0.0,0,False,0.0,0,False,0.0,0,False,0.0
h2_2026_03_23,h2_2026_03_23_t00220,comment,02:16:07.642,Unknown speaker,public,164,56.746000000001004,2,True,0.03793281495421794,0,False,0.0,0,False,0.0,0,False,0.0,0,False,0.0,0,False,0.003425352779922073,0,False,0.0,1,True,0.011356480697768682,0,False,0.0,0,False,0.0,0,False,0.0,0,False,0.0,0,False,0.0
h2_2026_03_23,h2_2026_03_23_t00221,comment,02:17:08.732,Unknown speaker,public,152,63.59900000000016,4,True,0.05346118002602388,0,False,0.0,0,False,0.012869954830300913,0,False,0.0,2,True,0.02307214729544247,0,False,0.0,0,False,0.0,0,False,0.0,0,False,0.0,0,False,0.0,0,False,0.0,0,False,0.0,0,False,0.0
h2_2026_03_23,h2_2026_03_23_t00224,comment,02:18:36.810,Unknown speaker,public,39,11.483000000000175,0,False,0.0,0,False,0.0,0,False,0.0,0,False,0.0,0,False,0.0,0,False,0.0,0,False,0.0,0,False,0.0,0,False,0.0,0,False,0.0,0,False,0.0,0,False,0.0,0,False,0.0
h2_2026_03_23,h2_2026_03_23_t00225,comment,02:18:52.414,Unknown speaker,public,117,42.96299999999974,0,False,0.0,0,False,0.0,0,False,0.0,1,True,0.033143295746884426,0,False,0.0,0,False,0.0038651815667336857,0,False,0.0,0,False,0.0,0,False,0.0,0,False,0.0,0,False,0.0,0,False,0.0,0,False,0.029912674510230334
h2_2026_03_23,h2_2026_03_23_t00227,comment,02:19:44.883,Unknown speaker,public,358,118.59499999999935,0,False,0.01101076830512052,0,False,0.0,0,False,0.021108339397716627,0,False,0.0,15,True,0.03613837484038527,0,False,0.0,0,False,0.0,0,False,0.0,1,True,0.010760355453917042,0,False,0.0,0,False,0.012382197219451763,0,False,0.0,0,False,0.0
h2_2026_03_23,h2_2026_03_23_t00229,comment,02:21:51.622,Unknown speaker,public,364,120.67100000000028,0,False,0.0038583787534752436,1,True,0.016358712963377514,0,False,0.0,11,True,0.02979033438026239,1,True,0.0,0,False,0.004790928617314313,0,False,0.002773765401004816,0,False,0.003679957265871714,0,False,0.009118924394075977,4,True,0.015379335321270627,0,False,0.0,0,False,0.005215563742792653,3,True,0.05339944572999608
h2_2026_03_23,h2_2026_03_23_t00231,comment,02:24:03.483,Unknown speaker,public,343,128.45899999999892,0,False,0.005899785400116453,0,False,0.0089820682297008,0,False,0.012961698804632023,1,True,0.019336755909274906,2,True,0.015675719028945424,0,False,0.004738711526426582,2,True,0.034786450997430614,0,False,0.004309604481995006,0,False,0.006396468631847185,0,False,0.0,1,True,0.007507342577953774,0,False,0.01391731035480441,1,True,0.019840179481498486
h2_2026_03_23,h2_2026_03_23_t00232,comment,02:26:22.468,Unknown speaker,public,262,108.42099999999846,0,False,0.008274939718402008,0,False,0.0,0,False,0.0,0,False,0.002991685103084979,0,False,0.0,0,False,0.012165199285829325,0,False,0.0,0,False,0.004785009405361232,0,False,0.008050709410830763,0,False,0.0,9,True,0.04084618348481756,0,False,0.007036778857882807,1,True,0.036005406430930795
h2_2026_03_23,h2_2026_03_23_t00233,comment,02:28:20.397,Unknown speaker,public,29,7.586999999999534,0,False,0.007672818585049235,0,False,0.0,0,False,0.0,0,False,0.0,0,False,0.0,0,False,0.012867397667678509,0,False,0.0,0,False,0.0,0,False,0.0,0,False,0.0,0,False,0.0,0,False,0.0,0,False,0.0
h2_2026_03_23,h2_2026_03_23_t00236,comment,02:28:45.546,Unknown speaker,public,122,47.190999999998894,0,False,0.0,0,False,0.0,0,False,0.0,0,False,0.0,0,False,0.0,0,False,0.010922130666583842,0,False,0.0086512403249623,0,False,0.017963499396210697,0,False,0.0061873291095733834,0,False,0.0,1,True,0.013548943484452366,0,False,0.0,0,False,0.0
h2_2026_03_23,h2_2026_03_23_t00240,comment,02:30:03.124,Unknown speaker,public,39,18.028000000000247,0,False,0.0,0,False,0.0,0,False,0.0,0,False,0.008223695461534869,0,False,0.0,0,False,0.0,0,False,0.0,0,False,0.0,0,False,0.0,0,False,0.0,0,False,0.0,0,False,0.0,0,False,0.0
h2_2026_03_23,h2_2026_03_23_t00241,comment,02:30:24.554,Unknown speaker,public,67,20.771999999999025,0,False,0.0,0,False,0.0,0,False,0.0,0,False,0.0,0,False,0.0,0,False,0.0,0,False,0.0,0,False,0.01185468080640404,0,False,0.0,0,False,0.0,1,True,0.020650885791906774,0,False,0.0,1,True,0.025876119113396354
h2_2026_03_23,h2_2026_03_23_t00242,comment,02:30:48.708,Unknown speaker,public,69,22.47599999999875,0,False,0.0035814725152736896,0,False,0.0,0,False,0.0,0,False,0.0,0,False,0.0,0,False,0.006006167170390832,0,False,0.007530673587134092,0,False,0.015636746333957913,0,False,0.0,0,False,0.0,0,False,0.0,0,False,0.0,0,False,0.0
h2_2026_03_23,h2_2026_03_23_t00243,comment,02:31:16.906,Unknown speaker,public,54,19.797999999998865,0,False,0.0,0,False,0.0,0,False,0.0,0,False,0.0,2,True,0.0,0,False,0.0,0,False,0.0,0,False,0.0,0,False,0.0,0,False,0.0,0,False,0.0,0,False,0.0,0,False,0.0
h2_2026_03_23,h2_2026_03_23_t00244,comment,02:31:40.205,Unknown speaker,public,106,45.486000000000786,0,False,0.006363733185297697,2,True,0.0618583650088499,0,False,0.01833029705502973,0,False,0.0,1,True,0.014501049164635285,0,False,0.0,0,False,0.0,0,False,0.01425628874207486,0,False,0.0,0,False,0.0,0,False,0.0,0,False,0.0,0,False,0.0
h2_2026_03_23,h2_2026_03_23_t00245,comment,02:32:28.792,Unknown speaker,public,155,56.12300000000141,0,False,0.0,1,True,0.015732407767934796,0,False,0.01697000985398214,0,False,0.013072139224968665,4,True,0.028462644722636297,0,False,0.0,0,False,0.0,0,False,0.0,0,False,0.0,0,False,0.0,2,True,0.019199343021672182,1,True,0.015417389038518052,0,False,0.0
h2_2026_03_23,h2_2026_03_23_t00246,comment,02:33:35.039,Unknown speaker,public,119,38.753999999998996,0,False,0.002177062207998855,0,False,0.0,0,False,0.0,2,True,0.034419441075382244,0,False,0.0,0,False,0.0036509562772903408,0,False,0.023338031249854528,0,False,0.008336593389281374,0,False,0.0,0,False,0.0,0,False,0.0,0,False,0.0,0,False,0.0
h2_2026_03_23,h2_2026_03_23_t00247,comment,02:34:22.410,Unknown speaker,public,188,60.52000000000044,0,False,0.0020844568791722547,0,False,0.0,0,False,0.0,2,True,0.027781361963206148,0,False,0.0,1,True,0.015287565040314737,0,False,0.0,0,False,0.006671723862583714,0,False,0.0,0,False,0.0,0,False,0.0,0,False,0.0,0,False,0.0
h2_2026_03_23,h2_2026_03_23_t00248,comment,02:35:24.291,Unknown speaker,official,32,11.703000000001339,0,False,0.0,0,False,0.0,0,False,0.0,0,False,0.0,0,False,0.0,0,False,0.0,0,False,0.0,0,False,0.0,0,False,0.0,0,False,0.0,0,False,0.0,0,False,0.0,0,False,0.0
h2_2026_03_23,h2_2026_03_23_t00249,comment,02:35:36.314,Unknown speaker,public,47,13.395000000000437,0,False,0.0,0,False,0.0,0,False,0.0,0,False,0.0,0,False,0.0,0,False,0.0,0,False,0.0,0,False,0.0,0,False,0.0,0,False,0.0,0,False,0.0,0,False,0.0,0,False,0.0
h2_2026_03_23,h2_2026_03_23_t00251,comment,02:35:58.776,Unknown speaker,public,336,96.7569999999996,1,True,0.0072345363579275086,0,False,0.0,0,False,0.002463823403884448,1,True,0.018044195876388558,0,False,0.0,0,False,0.005800916951866505,4,True,0.10229267457250664,0,False,0.0,0,False,0.0,3,True,0.012544221572842061,0,False,0.0,0,False,0.007953815209346848,0,False,0.0
h2_2026_03_23,h2_2026_03_23_t00252,comment,02:37:46.420,Unknown speaker,public,394,124.3130000000001,0,False,0.004574507837846863,0,False,0.003863071679233459,0,False,0.0,0,False,0.008668335016430823,2,True,0.008117249585103656,0,False,0.007942189262633036,1,True,0.008189189141495136,0,False,0.0,0,False,0.007724909208352615,0,False,0.0,1,True,0.007459892035809841,0,False,0.0,1,True,0.0168138444765228
h2_2026_03_23,h2_2026_03_23_t00254,comment,02:40:07.442,Unknown speaker,public,296,97.35000000000036,0,False,0.0,0,False,0.0,0,False,0.0,1,True,0.005823062833312923,0,False,0.0,1,True,0.005417774927412077,0,False,0.0,0,False,0.0,0,False,0.0,0,False,0.0,0,False,0.0,0,False,0.0,0,False,0.0
h2_2026_03_23,h2_2026_03_23_t00255,comment,02:41:56.973,Unknown speaker,public,293,121.45299999999952,0,False,0.012142709152870874,0,False,0.0,0,False,0.0,0,False,0.00613559607404829,0,False,0.0,0,False,0.002450090417542797,0,False,0.0,0,False,0.0,2,True,0.020563718776363767,0,False,0.0,0,False,0.0,0,False,0.0,0,False,0.0
h2_2026_03_23,h2_2026_03_23_t00256,comment,02:44:11.429,Unknown speaker,public,361,125.53199999999924,0,False,0.0014042168795107039,0,False,0.026342961116628025,2,True,0.013775876834740637,1,True,0.024019633404688333,0,False,0.0,0,False,0.0023548865127005843,0,False,0.004999206796014525,0,False,0.010380389965889738,1,True,0.01277801115972241,1,True,0.009628107701298811,0,False,0.0,0,False,0.0,0,False,0.0
h2_2026_03_23,h2_2026_03_23_t00259,comment,02:46:27.462,Unknown speaker,public,118,39.10699999999997,0,False,0.002404930963110733,0,False,0.0,0,False,0.0,0,False,0.0,0,False,0.0,0,False,0.0035367390702674057,0,False,0.0034267309006480767,0,False,0.0,0,False,0.0,0,False,0.0,0,False,0.0,0,False,0.0,0,False,0.0
h2_2026_03_23,h2_2026_03_23_t00260,comment,02:47:15.502,Unknown speaker,public,375,115.27499999999964,0,False,0.008008044357255056,0,False,0.0,0,False,0.013803969492261911,0,False,0.005350308115070108,5,True,0.021704390270275667,1,True,0.025283987382563818,0,False,0.0,0,False,0.0,0,False,0.015533140945903235,0,False,0.0,2,True,0.02137288409136344,1,True,0.025107042832509398,2,True,0.016300809097506825
h2_2026_03_23,h2_2026_03_23_t00261,comment,02:49:20.020,Unknown speaker,public,186,62.608000000000175,0,False,0.0,0,False,0.006443127123797073,0,False,0.0,0,False,0.0,0,False,0.0,0,False,0.0037422974296902247,0,False,0.0,0,False,0.0,0,False,0.0,0,False,0.0,0,False,0.0,0,False,0.0,0,False,0.0
h2_2026_03_23,h2_2026_03_23_t00262,comment,02:50:32.868,Unknown speaker,public,187,74.06999999999971,0,False,0.0,1,True,0.012508004361088478,0,False,0.007975083011058787,0,False,0.0,1,True,0.011461422298320366,0,False,0.0034869161675510946,0,False,0.0,0,False,0.0,0,False,0.0,0,False,0.0,0,False,0.0,0,False,0.0,0,False,0.0
h2_2026_03_23,h2_2026_03_23_t00263,comment,02:51:57.704,Unknown speaker,public,283,75.42100000000028,0,False,0.0017708809919281033,0,False,0.008853081400727443,0,False,0.0,0,False,0.0,0,False,0.0,0,False,0.0,0,False,0.0,0,False,0.0,0,False,0.009536431185640551,0,False,0.0,0,False,0.0,0,False,0.0,0,False,0.0
h2_2026_03_23,h2_2026_03_23_t00264,comment,02:53:21.892,Unknown speaker,public,343,111.0640000000003,0,False,0.0,0,False,0.010436604851893693,0,False,0.0049990671239514,2,True,0.013331995453870135,0,False,0.0,1,True,0.015649521986353727,0,False,0.0,0,False,0.0,0,False,0.0,0,False,0.0,0,False,0.0,0,False,0.0,0,False,0.0
h2_2026_03_23,h2_2026_03_23_t00265,comment,02:55:23.755,Unknown speaker,public,65,27.19300000000112,0,False,0.008141661312623524,0,False,0.0,0,False,0.0,0,False,0.0,0,False,0.0,0,False,0.0,0,False,0.0,0,False,0.0,0,False,0.0,0,False,0.0,0,False,0.0,2,True,0.06943683877912712,0,False,0.0
h2_2026_03_23,h2_2026_03_23_t00266,comment,02:55:54.448,Unknown speaker,public,131,52.93499999999949,1,True,0.022098673808597806,0,False,0.0,0,False,0.008563010449675983,0,False,0.0,3,True,0.039600207456829226,0,False,0.0,0,False,0.0,0,False,0.0,0,False,0.0,0,False,0.0,3,True,0.02612300622708322,0,False,0.0,1,True,0.011962560099251106
h2_2026_03_23,h2_2026_03_23_t00267,comment,02:56:54.089,Unknown speaker,public,104,34.29700000000048,1,True,0.007568897622778184,0,False,0.0,0,False,0.0,5,True,0.03942290338717199,0,False,0.0,0,False,0.0,0,False,0.0,0,False,0.0,0,False,0.0,0,False,0.0,0,False,0.0,0,False,0.0,0,False,0.0
h2_2026_03_23,h2_2026_03_23_t00268,comment,02:57:37.689,Unknown speaker,public,138,41.586999999999534,0,False,0.0,0,False,0.0,0,False,0.0,3,True,0.029697585662801153,0,False,0.0,0,False,0.009742498249485237,0,False,0.0,0,False,0.0,0,False,0.0,0,False,0.0,0,False,0.0,0,False,0.0,0,False,0.0
h2_2026_03_23,h2_2026_03_23_t00269,comment,02:58:24.739,Unknown speaker,public,118,40.13500000000022,0,False,0.0025517029520787334,0,False,0.01481788737282357,0,False,0.0,0,False,0.010749713923614812,0,False,0.0,0,False,0.010211508993757872,0,False,0.0,0,False,0.0,0,False,0.01212210729832264,0,False,0.0,0,False,0.0,0,False,0.006836582106713023,0,False,0.0
h2_2026_03_23,h2_2026_03_23_t00270,comment,02:59:16.462,Unknown speaker,public,65,16.060999999999694,0,False,0.0,0,False,0.0,0,False,0.0,0,False,0.0,0,False,0.0,0,False,0.0,0,False,0.0,0,False,0.0,0,False,0.0,0,False,0.0,0,False,0.0,0,False,0.0,0,False,0.0
h2_2026_03_23,h2_2026_03_23_t00271,comment,02:59:42.012,Unknown speaker,public,113,35.01000000000022,0,False,0.006655736918616345,0,False,0.0,0,False,0.0,0,False,0.0,1,True,0.0,0,False,0.0,0,False,0.0,0,False,0.014910447144814324,0,False,0.0,0,False,0.0,0,False,0.0,0,False,0.0,0,False,0.0
h2_2026_03_23,h2_2026_03_23_t00272,comment,03:00:25.758,Unknown speaker,public,76,20.988999999999578,0,False,0.003474983440837881,0,False,0.0,0,False,0.0,0,False,0.0,0,False,0.0,0,False,0.0,0,False,0.0,0,False,0.0,0,False,0.0,0,False,0.0,0,False,0.0,0,False,0.0,0,False,0.0
h2_2026_03_23,h2_2026_03_23_t00273,comment,03:00:55.035,Unknown speaker,public,44,16.369000000000597,0,False,0.0,0,False,0.0,0,False,0.0,0,False,0.010425074863961728,0,False,0.0,0,False,0.0,0,False,0.0,0,False,0.0,0,False,0.0,0,False,0.0,0,False,0.0,0,False,0.0,0,False,0.0
h2_2026_03_23,h2_2026_03_23_t00274,comment,03:01:15.967,Unknown speaker,public,115,38.86999999999898,0,False,0.0,0,False,0.0,0,False,0.0,0,False,0.0,0,False,0.0,0,False,0.0,1,True,0.012343413454463987,0,False,0.0,0,False,0.0,0,False,0.0,0,False,0.0,0,False,0.0,0,False,0.0
h2_2026_03_23,h2_2026_03_23_t00275,comment,03:02:05.202,Unknown speaker,public,426,122.90300000000025,0,False,0.004530700737041472,0,False,0.0,0,False,0.0,9,True,0.04606083958372389,0,False,0.0,0,False,0.003361655966034582,0,False,0.0032570936524553102,0,False,0.004321189329002216,0,False,0.011764524340190473,0,False,0.0,0,False,0.0,0,False,0.0,0,False,0.0
h2_2026_03_23,h2_2026_03_23_t00276,comment,03:04:27.320,Unknown speaker,public,122,54.853000000000975,0,False,0.0,0,False,0.0,0,False,0.008325227775731333,0,False,0.0,0,False,0.0,0,False,0.014455741190773029,0,False,0.0,0,False,0.0,0,False,0.0,0,False,0.0,0,False,0.0,0,False,0.0,0,False,0.0
h2_2026_03_23,h2_2026_03_23_t00277,comment,03:05:25.468,Unknown speaker,public,113,51.753999999998996,0,False,0.0,0,False,0.0,0,False,0.0,1,True,0.008944815626322083,0,False,0.0,0,False,0.0,0,False,0.0,0,False,0.0,0,False,0.0,0,False,0.0,0,False,0.0,0,False,0.0,0,False,0.0
h2_2026_03_23,h2_2026_03_23_t00278,comment,03:06:27.980,Unknown speaker,public,245,98.92799999999988,0,False,0.0,0,False,0.009342303952753378,0,False,0.0,0,False,0.010833813036794517,1,True,0.0,0,False,0.0,0,False,0.0,0,False,0.0,0,False,0.0,1,True,0.007905733548652668,1,True,0.011217831080524193,0,False,0.0,1,True,0.010013273298751686
h2_2026_03_23,h2_2026_03_23_t00280,comment,03:08:20.218,Unknown speaker,public,75,22.93499999999949,0,False,0.0,0,False,0.0,0,False,0.0,0,False,0.0,0,False,0.0,0,False,0.0,0,False,0.0,0,False,0.0,0,False,0.0,1,True,0.0,0,False,0.0,0,False,0.0,0,False,0.0
h2_2026_03_23,h2_2026_03_23_t00282,comment,03:08:46.773,Unknown speaker,public,84,18.19300000000112,0,False,0.0,0,False,0.0,0,False,0.0,0,False,0.0,0,False,0.0,0,False,0.00881714457078643,0,False,0.008542892522153425,0,False,0.0,0,False,0.0,0,False,0.0,0,False,0.0,0,False,0.0,0,False,0.0
h2_2026_03_23,h2_2026_03_23_t00284,comment,03:09:09.909,Unknown speaker,official,29,6.05199999999968,0,False,0.0,0,False,0.0,0,False,0.0,0,False,0.0,0,False,0.0,0,False,0.0,0,False,0.0,0,False,0.0,0,False,0.0,0,False,0.0,0,False,0.0,0,False,0.0,0,False,0.0
h2_2026_03_23,h2_2026_03_23_t00286,comment,03:09:20.402,Unknown speaker,public,276,84.71999999999935,0,False,0.0,0,False,0.0,0,False,0.0,4,True,0.02387748089741118,3,True,0.0,0,False,0.00678859741838661,2,True,0.011678729896393486,0,False,0.0,0,False,0.00937043352253775,0,False,0.0,0,False,0.0,0,False,0.0,0,False,0.0
h2_2026_03_23,h2_2026_03_23_t00287,comment,03:10:45.703,Unknown speaker,official,77,30.488999999999578,0,False,0.0,0,False,0.0,0,False,0.006144934947218859,0,False,0.0,0,False,0.0,0,False,0.0,0,False,0.0,0,False,0.0,0,False,0.0,0,False,0.0,0,False,0.0,0,False,0.0,0,False,0.0
h2_2026_03_23,h2_2026_03_23_t00289,comment,03:11:26.566,Unknown speaker,public,166,62.30699999999888,0,False,0.00419194990297218,0,False,0.0,0,False,0.0,0,False,0.0,0,False,0.0,0,False,0.007788729999911656,0,False,0.0,0,False,0.0,0,False,0.0,0,False,0.0,0,False,0.0,0,False,0.0,0,False,0.0
h2_2026_03_23,h2_2026_03_23_t00292,comment,03:12:36.996,Unknown speaker,public,187,48.82800000000134,3,True,0.02151772979301342,0,False,0.0,0,False,0.0,0,False,0.0,1,True,0.014167079863310573,1,True,0.0043457726125664935,0,False,0.0,0,False,0.006409393355985152,0,False,0.0,0,False,0.0,2,True,0.02486156462980486,0,False,0.0,0,False,0.0
h2_2026_03_23,h2_2026_03_23_t00293,comment,03:13:33.590,Unknown speaker,public,130,47.623999999999796,0,False,0.0,0,False,0.0348794777056733,2,True,0.02571275853525649,0,False,0.0,1,True,0.0,0,False,0.0,0,False,0.0,0,False,0.0,0,False,0.0,0,False,0.0,0,False,0.0,0,False,0.0,0,False,0.0
h2_2026_03_23,h2_2026_03_23_t00294,comment,03:14:30.085,Unknown speaker,public,22,5.802000000001499,0,False,0.0,0,False,0.0,0,False,0.0,0,False,0.0,0,False,0.0,1,True,0.017488744896553558,0,False,0.0,0,False,0.0,0,False,0.0,0,False,0.0,0,False,0.0,0,False,0.0,0,False,0.0
h2_2026_03_23,h2_2026_03_23_t00296,comment,03:14:38.348,Unknown speaker,public,127,40.81500000000051,0,False,0.0,0,False,0.0,0,False,0.0,0,False,0.0,0,False,0.0,0,False,0.017129484009464367,0,False,0.0,0,False,0.0,0,False,0.0,0,False,0.0,1,True,0.013790928484412249,0,False,0.0,0,False,0.0
h2_2026_03_23,h2_2026_03_23_t00297,comment,03:15:23.862,Unknown speaker,official,24,9.229000000001179,0,False,0.0,0,False,0.0,0,False,0.0,0,False,0.0,0,False,0.0,0,False,0.0,0,False,0.0,0,False,0.0,0,False,0.0,0,False,0.0,0,False,0.0,0,False,0.0,0,False,0.0
h2_2026_03_23,h2_2026_03_23_t00300,comment,03:15:47.123,Unknown speaker,public,58,22.48700000000099,0,False,0.0036362602214565012,0,False,0.0,0,False,0.0,0,False,0.0,0,False,0.0,0,False,0.006098046731329213,0,False,0.0,0,False,0.0,0,False,0.0,0,False,0.0,0,False,0.0,0,False,0.0,0,False,0.0
h2_2026_03_23,h2_2026_03_23_t00301,comment,03:16:14.271,Unknown speaker,official,22,8.568999999999505,0,False,0.0,0,False,0.0,0,False,0.0,0,False,0.0,0,False,0.0,0,False,0.0,0,False,0.0,0,False,0.0,0,False,0.0,0,False,0.0,0,False,0.0,0,False,0.0,0,False,0.0
h2_2026_03_23,h2_2026_03_23_t00302,comment,03:16:34.048,Unknown speaker,public,89,32.34099999999853,0,False,0.0,0,False,0.0,0,False,0.0,0,False,0.006953038339374096,0,False,0.0,0,False,0.0,0,False,0.0,0,False,0.0,0,False,0.01535478762522093,0,False,0.0,0,False,0.0,0,False,0.0,0,False,0.0
h2_2026_03_23,h2_2026_03_23_t00303,comment,03:17:11.853,Unknown speaker,official,28,10.467000000000553,0,False,0.021056803923766968,0,False,0.0,0,False,0.008710344695634458,0,False,0.0,0,False,0.0,0,False,0.0,0,False,0.0,0,False,0.0,0,False,0.0,0,False,0.0,0,False,0.0,0,False,0.0,0,False,0.0
h2_2026_03_23,h2_2026_03_23_t00305,comment,03:17:28.156,Unknown speaker,public,28,9.36199999999917,0,False,0.0,0,False,0.0,0,False,0.0,0,False,0.010703434092366135,0,False,0.0,0,False,0.0,1,True,0.0944305475057242,0,False,0.0,0,False,0.0,0,False,0.0,0,False,0.0,0,False,0.0,0,False,0.0
h2_2026_03_23,h2_2026_03_23_t00307,comment,03:17:39.879,Unknown speaker,public,43,13.062999999998283,0,False,0.0,0,False,0.0,0,False,0.0,1,True,0.05368992478442997,0,False,0.0,0,False,0.0,0,False,0.0,0,False,0.0,0,False,0.0,0,False,0.0,0,False,0.0,0,False,0.0,0,False,0.0
h2_2026_03_23,h2_2026_03_23_t00308,comment,03:17:55.183,Unknown speaker,official,27,14.006999999999607,0,False,0.0,0,False,0.0,0,False,0.008174374346796487,0,False,0.0,0,False,0.0,0,False,0.0,0,False,0.0,0,False,0.0,0,False,0.0,0,False,0.0,0,False,0.0,0,False,0.0,0,False,0.0
h2_2026_03_23,h2_2026_03_23_t00309,comment,03:18:13.304,Unknown speaker,public,54,20.04199999999946,0,False,0.0,0,False,0.0,0,False,0.0,0,False,0.008634367256415596,0,False,0.0,0,False,0.0,0,False,0.0,0,False,0.0,0,False,0.0,0,False,0.0,0,False,0.0,0,False,0.0,0,False,0.0
h2_2026_03_23,h2_2026_03_23_t00310,comment,03:18:36.561,Unknown speaker,official,45,17.868000000000393,0,False,0.0,0,False,0.0,0,False,0.006261404264839822,0,False,0.0,0,False,0.0,0,False,0.0,0,False,0.0,0,False,0.0,0,False,0.0,0,False,0.0,0,False,0.0,0,False,0.0,0,False,0.0
h2_2026_03_23,h2_2026_03_23_t00311,comment,03:19:02.232,Unknown speaker,public,464,216.47500000000036,5,True,0.05175673200039138,1,True,0.009995858480228761,0,False,0.0041540817005020795,3,True,0.007802631266701328,2,True,0.0056013286537764185,1,True,0.016725012005943427,0,False,0.010862341999534543,1,True,0.02396544463442202,0,False,0.014416116372909642,0,False,0.0,1,True,0.00644489380634054,0,False,0.0,0,False,0.004341378310049133
h2_2026_03_23,h2_2026_03_23_t00312,comment,03:22:47.208,Unknown speaker,public,71,32.149999999999636,0,False,0.003350840220787844,0,False,0.0,0,False,0.0,1,True,0.012008668692643495,0,False,0.0,1,True,0.012891311828461769,0,False,0.008618504106993038,0,False,0.0,0,False,0.0,0,False,0.0,1,True,0.018683046178904945,0,False,0.0,0,False,0.0
h2_2026_03_23,h2_2026_03_23_t00313,comment,03:23:24.306,Unknown speaker,public,46,24.23199999999997,0,False,0.0,0,False,0.0,0,False,0.006295214354413903,1,True,0.0185578481450262,0,False,0.0,0,False,0.014447044094794055,1,True,0.01764375200068012,0,False,0.0,0,False,0.0,1,True,0.015272581494841383,0,False,0.0,0,False,0.0,0,False,0.0
h2_2026_03_23,h2_2026_03_23_t00315,comment,03:24:08.390,Unknown speaker,developer,815,280.96600000000035,0,False,0.005571546988303512,0,False,0.011177067699973505,1,True,0.021818941196258518,7,True,0.03249763696866872,8,True,0.01623176496452953,0,False,0.01130162653312495,1,True,0.02224958754614764,0,False,0.0,0,False,0.0023352385421007253,2,True,0.0,0,False,0.0,1,True,0.011457385508760253,0,False,0.0
h2_2026_03_23,h2_2026_03_23_t00316,comment,03:28:50.956,Unknown speaker,official,45,19.593000000000757,0,False,0.004388191643566077,0,False,0.0,0,False,0.007652034482937228,0,False,0.0,0,False,0.0,0,False,0.0,0,False,0.0,0,False,0.0,0,False,0.0,0,False,0.0,0,False,0.0,0,False,0.0,0,False,0.0
h2_2026_03_23,h2_2026_03_23_t00319,comment,03:29:15.852,Unknown speaker,official,33,14.023999999999432,0,False,0.01820235887545498,0,False,0.0,0,False,0.0,0,False,0.0,0,False,0.0,0,False,0.0,0,False,0.0,0,False,0.0,0,False,0.0,0,False,0.0,0,False,0.0,0,False,0.0,0,False,0.0
h2_2026_03_23,h2_2026_03_23_t00320,comment,03:29:33.319,Unknown speaker,official,117,47.02599999999984,0,False,0.0026463291764447115,0,False,0.0,0,False,0.0,0,False,0.005091564324772881,1,True,0.0,0,False,0.0,1,True,0.012933486662772189,0,False,0.0,0,False,0.0,1,True,0.0,0,False,0.0,0,False,0.0,0,False,0.0
h2_2026_03_23,h2_2026_03_23_t00321,comment,03:30:23.838,Unknown speaker,official,26,10.825000000000728,0,False,0.006309682677549049,0,False,0.0,0,False,0.0,0,False,0.0,0,False,0.0,0,False,0.0,0,False,0.0,0,False,0.0,0,False,0.0,0,False,0.0,0,False,0.0,0,False,0.0,0,False,0.0
h2_2026_03_23,h2_2026_03_23_t00322,comment,03:30:39.365,Unknown speaker,official,22,5.802999999999884,0,False,0.0,0,False,0.033835809083806796,0,False,0.0,0,False,0.0,0,False,0.0,0,False,0.0,0,False,0.0,0,False,0.0,0,False,0.0,0,False,0.0,0,False,0.0,0,False,0.0,0,False,0.0
h2_2026_03_23,h2_2026_03_23_t00365,comment,03:33:22.654,Unknown speaker,official,22,10.688000000000102,0,False,0.005935826114260883,0,False,0.0,0,False,0.0,0,False,0.0,0,False,0.0,0,False,0.0,0,False,0.0,0,False,0.0,0,False,0.0,0,False,0.0,0,False,0.0,0,False,0.0,0,False,0.0
h2_2026_03_23,h2_2026_03_23_t00368,comment,03:33:40.608,Unknown speaker,staff,61,18.85399999999936,0,False,0.0029808116182572855,0,False,0.0,0,False,0.0,0,False,0.0,0,False,0.0,0,False,0.0,0,False,0.0,0,False,0.0,0,False,0.0,0,False,0.014528042283081225,0,False,0.0,0,False,0.0,0,False,0.0
h2_2026_03_23,h2_2026_03_23_t00371,comment,03:34:22.417,Unknown speaker,official,23,6.663000000000466,0,False,0.0,0,False,0.0,0,False,0.0,0,False,0.0,0,False,0.0,0,False,0.0,0,False,0.0,0,False,0.0,0,False,0.0,0,False,0.0,0,False,0.0,0,False,0.0,0,False,0.0
h2_2026_03_23,h2_2026_03_23_t00372,comment,03:34:29.160,Unknown speaker,staff,22,6.163000000000466,0,False,0.0,0,False,0.0,0,False,0.0,0,False,0.0,0,False,0.0,0,False,0.011498747478889407,0,False,0.0,0,False,0.0,0,False,0.0,0,False,0.0,0,False,0.0,0,False,0.0,0,False,0.0
h2_2026_03_23,h2_2026_03_23_t00373,comment,03:34:49.098,Unknown speaker,official,26,7.826000000000931,0,False,0.008064168978416407,0,False,0.0,0,False,0.0,0,False,0.0,0,False,0.0,0,False,0.0,0,False,0.0,0,False,0.0,0,False,0.0,0,False,0.0,0,False,0.0,0,False,0.0,0,False,0.0
h2_2026_03_23,h2_2026_03_23_t00377,comment,03:35:14.967,Unknown speaker,staff,100,37.8169999999991,0,False,0.002211489777404099,0,False,0.0,0,False,0.0,0,False,0.004254928886193263,0,False,0.0,0,False,0.0,1,True,0.010808282580831274,0,False,0.0,0,False,0.0,0,False,0.035016400241303224,0,False,0.0,0,False,0.0,0,False,0.0
h2_2026_03_23,h2_2026_03_23_t00381,comment,03:36:37.529,Unknown speaker,staff,37,13.02599999999984,0,False,0.0,0,False,0.0,0,False,0.0,0,False,0.0,0,False,0.0,0,False,0.0,0,False,0.0,0,False,0.0,0,False,0.0,1,True,0.041715432833477825,0,False,0.0,0,False,0.0,0,False,0.0
h2_2026_03_23,h2_2026_03_23_t00382,comment,03:36:52.396,Unknown speaker,official,35,11.737999999999374,0,False,0.007156242499776693,0,False,0.0,0,False,0.0,0,False,0.0,0,False,0.0,0,False,0.0,0,False,0.0,0,False,0.0,0,False,0.0,0,False,0.0,0,False,0.0,0,False,0.0,0,False,0.0
h2_2026_03_23,h2_2026_03_23_t00385,comment,03:37:16.497,Unknown speaker,staff,42,16.403000000000247,0,False,0.0,0,False,0.0,0,False,0.0,0,False,0.0,0,False,0.0,0,False,0.012445871711868447,0,False,0.0,0,False,0.0,0,False,0.0,0,False,0.0,0,False,0.0,0,False,0.0,0,False,0.0
h2_2026_03_23,h2_2026_03_23_t00387,comment,03:37:41.510,Unknown speaker,official,30,9.806000000000495,0,False,0.007277181902611395,0,False,0.0,0,False,0.0,0,False,0.0,0,False,0.0,0,False,0.0,0,False,0.0,0,False,0.0,0,False,0.0,0,False,0.0,0,False,0.0,0,False,0.0,0,False,0.0
h2_2026_03_23,h2_2026_03_23_t00390,comment,03:38:32.187,Unknown speaker,official,31,10.566000000000713,0,False,0.004873579176225283,0,False,0.0,0,False,0.0,0,False,0.0,0,False,0.0,0,False,0.023879238139819278,1,True,0.015217662618263062,0,False,0.0,0,False,0.0,0,False,0.0,0,False,0.0,0,False,0.0,0,False,0.0
h2_2026_03_23,h2_2026_03_23_t00395,comment,03:40:38.890,Unknown speaker,official,22,8.98700000000099,0,False,0.0,0,False,0.0,0,False,0.0,0,False,0.0,0,False,0.0,0,False,0.0,0,False,0.0,0,False,0.0,0,False,0.0,0,False,0.0,0,False,0.0,0,False,0.0,0,False,0.0
h2_2026_03_23,h2_2026_03_23_t00407,comment,03:42:08.243,Unknown speaker,public,28,11.147999999999229,0,False,0.0,0,False,0.0,0,False,0.0,0,False,0.0,0,False,0.0,0,False,0.0,0,False,0.0,0,False,0.0,0,False,0.0,0,False,0.0,0,False,0.0,0,False,0.0,0,False,0.0
h2_2026_03_23,h2_2026_03_23_t00409,comment,03:42:24.595,Unknown speaker,public,282,97.53900000000067,0,False,0.0,0,False,0.0,0,False,0.0,0,False,0.0,0,False,0.0,0,False,0.0049766732387417955,0,False,0.008747143633485116,0,False,0.0,0,False,0.0,0,False,0.0,1,True,0.01071352112926139,0,False,0.0,0,False,0.0
h2_2026_03_23,h2_2026_03_23_t00411,comment,03:44:03.527,Unknown speaker,public,334,123.48300000000017,0,False,0.0015125610118989202,0,False,0.004466046812771857,0,False,0.028572227811569064,0,False,0.002910182813150044,4,True,0.04207874407813179,2,True,0.02221826084131615,2,True,0.019018088814628856,0,False,0.0,0,False,0.0,0,False,0.0,0,False,0.0,0,False,0.0,0,False,0.0
h2_2026_03_23,h2_2026_03_23_t00412,comment,03:46:07.171,Unknown speaker,official,31,14.46600000000035,0,False,0.0,0,False,0.0,0,False,0.0,0,False,0.0,0,False,0.0,0,False,0.0,0,False,0.0,0,False,0.0,0,False,0.0,0,False,0.0,0,False,0.0,0,False,0.0,0,False,0.0
h2_2026_03_23,h2_2026_03_23_t00413,comment,03:46:24.660,Unknown speaker,official,34,15.583000000000538,0,False,0.0,0,False,0.0,0,False,0.0,0,False,0.0,0,False,0.0,0,False,0.0,0,False,0.0,0,False,0.0,0,False,0.0,0,False,0.0,0,False,0.0,0,False,0.0,0,False,0.0
h2_2026_03_23,h2_2026_03_23_t00418,comment,03:47:24.181,Unknown speaker,public,809,242.83299999999872,0,False,0.01710187451299161,0,False,0.0,0,False,0.00868314508081482,0,False,0.0053268534164499165,1,True,0.002062275449654989,1,True,0.017721618829048033,1,True,0.012791414359648142,0,False,0.0,0,False,0.0,0,False,0.0,0,False,0.0,0,False,0.0,0,False,0.0
h2_2026_03_23,h2_2026_03_23_t00421,comment,03:51:30.276,Unknown speaker,official,35,22.181000000000495,0,False,0.0,0,False,0.0,0,False,0.0,0,False,0.0,0,False,0.0,0,False,0.0,0,False,0.0,0,False,0.0,0,False,0.0,0,False,0.0,0,False,0.0,0,False,0.0,0,False,0.0
h2_2026_03_23,h2_2026_03_23_t00425,comment,03:52:22.763,Unknown speaker,public,95,31.821999999998297,0,False,0.0,0,False,0.0,0,False,0.0,0,False,0.0,0,False,0.0,0,False,0.0,0,False,0.0,0,False,0.0,0,False,0.0,0,False,0.0,0,False,0.0,0,False,0.0,0,False,0.0
h2_2026_03_23,h2_2026_03_23_t00426,comment,03:52:58.588,Unknown speaker,official,22,8.706000000000131,0,False,0.0,0,False,0.0,0,False,0.0,0,False,0.0,0,False,0.0,0,False,0.0,0,False,0.0,0,False,0.0,0,False,0.0,0,False,0.0,0,False,0.0,0,False,0.0,0,False,0.0
h2_2026_03_23,h2_2026_03_23_t00429,comment,03:53:22.715,Unknown speaker,official,20,9.851999999998952,0,False,0.0,0,False,0.0,0,False,0.0,0,False,0.0,0,False,0.0,0,False,0.0,0,False,0.0,0,False,0.0,0,False,0.0,0,False,0.0,0,False,0.0,0,False,0.0,0,False,0.0
h2_2026_03_23,h2_2026_03_23_t00430,comment,03:53:48.318,Unknown speaker,public,27,7.6270000000004075,0,False,0.0,0,False,0.0,0,False,0.0,0,False,0.0,0,False,0.0,0,False,0.009195773743432206,0,False,0.0,0,False,0.0,0,False,0.0,0,False,0.0,0,False,0.0,0,False,0.0,0,False,0.0
h2_2026_03_23,h2_2026_03_23_t00435,comment,03:54:29.882,Unknown speaker,official,22,10.509000000000015,0,False,0.0,0,False,0.0,0,False,0.0,0,False,0.0,0,False,0.0,0,False,0.0,0,False,0.0,0,False,0.0,0,False,0.0,0,False,0.0,0,False,0.0,0,False,0.0,0,False,0.0
