segment,label,speaker,start,end
[ 00:00:00.925 -->  00:00:20.837],CA,SPEAKER_76,0.92534375,20.83784375
[ 00:00:21.057 -->  00:00:21.799],T,SPEAKER_11,21.05721875,21.79971875
[ 00:00:23.740 -->  00:00:24.145],T,SPEAKER_11,23.74034375,24.145343750000002
[ 00:00:24.179 -->  00:00:24.229],T,SPEAKER_11,24.17909375,24.22971875
[ 00:00:24.482 -->  00:00:24.668],T,SPEAKER_11,24.48284375,24.668468750000002
[ 00:00:24.668 -->  00:00:24.702],BM,SPEAKER_61,24.668468750000002,24.70221875
[ 00:00:24.702 -->  00:00:24.735],T,SPEAKER_11,24.70221875,24.73596875
[ 00:00:24.735 -->  00:00:24.769],BM,SPEAKER_61,24.73596875,24.769718750000003
[ 00:00:24.769 -->  00:00:24.820],T,SPEAKER_11,24.769718750000003,24.820343750000003
[ 00:00:24.820 -->  00:00:24.854],BM,SPEAKER_61,24.820343750000003,24.85409375
[ 00:00:24.854 -->  00:00:24.972],T,SPEAKER_11,24.85409375,24.97221875
[ 00:00:24.972 -->  00:00:25.022],BM,SPEAKER_61,24.97221875,25.02284375
[ 00:00:25.022 -->  00:00:25.967],T,SPEAKER_11,25.02284375,25.96784375
[ 00:00:25.967 -->  00:00:26.035],BM,SPEAKER_61,25.96784375,26.035343750000003
[ 00:00:26.035 -->  00:00:29.545],T,SPEAKER_11,26.035343750000003,29.54534375
[ 00:00:29.545 -->  00:00:36.902],BS,SPEAKER_68,29.54534375,36.90284375
[ 00:00:36.329 -->  00:00:36.345],AH,SPEAKER_27,36.32909375,36.345968750000004
[ 00:00:36.345 -->  00:00:37.544],AI,SPEAKER_28,36.345968750000004,37.54409375
[ 00:00:36.902 -->  00:00:36.919],AH,SPEAKER_27,36.90284375,36.91971875
[ 00:00:37.729 -->  00:00:39.704],BS,SPEAKER_68,37.72971875,39.704093750000006
[ 00:00:39.737 -->  00:00:40.024],BS,SPEAKER_68,39.73784375,40.024718750000005
[ 00:00:41.712 -->  00:00:54.925],BS,SPEAKER_68,41.712218750000005,54.92534375
[ 00:00:43.382 -->  00:00:44.378],T,SPEAKER_11,43.38284375,44.37846875
[ 00:00:44.648 -->  00:00:44.732],T,SPEAKER_11,44.64846875,44.73284375
[ 00:00:44.817 -->  00:00:45.289],T,SPEAKER_11,44.81721875,45.289718750000006
[ 00:00:50.723 -->  00:00:51.364],T,SPEAKER_11,50.72346875,51.36471875
[ 00:00:56.410 -->  00:00:57.473],AI,SPEAKER_28,56.41034375,57.47346875
[ 00:01:06.535 -->  00:01:08.239],AI,SPEAKER_28,66.53534375000001,68.23971875000001
[ 00:01:08.948 -->  00:01:09.032],AI,SPEAKER_28,68.94846875,69.03284375
[ 00:01:09.977 -->  00:01:10.028],AI,SPEAKER_28,69.97784375,70.02846875
[ 00:01:12.036 -->  00:01:12.053],BT,SPEAKER_69,72.03659375000001,72.05346875000001
[ 00:01:12.053 -->  00:01:12.070],BR,SPEAKER_66,72.05346875000001,72.07034375
[ 00:01:12.070 -->  00:01:12.424],BT,SPEAKER_69,72.07034375,72.42471875000001
[ 00:01:12.762 -->  00:01:13.774],BR,SPEAKER_66,72.76221875,73.77471875
[ 00:01:14.449 -->  00:01:17.723],BT,SPEAKER_69,74.44971875,77.72346875000001
[ 00:01:17.841 -->  00:01:18.330],BT,SPEAKER_69,77.84159375,78.33096875000001
[ 00:01:18.735 -->  00:01:19.309],BT,SPEAKER_69,78.73596875,79.30971875
[ 00:01:20.760 -->  00:01:35.037],BT,SPEAKER_69,80.76096875,95.03721875000001
[ 00:01:21.621 -->  00:01:22.060],AQ,SPEAKER_37,81.62159375,82.06034375
[ 00:01:22.887 -->  00:01:23.224],AQ,SPEAKER_37,82.88721875,83.22471875000001
[ 00:01:23.241 -->  00:01:23.258],AQ,SPEAKER_37,83.24159375,83.25846875
[ 00:01:25.570 -->  00:01:25.620],AQ,SPEAKER_37,85.57034375,85.62096875
[ 00:01:25.620 -->  00:01:25.975],T,SPEAKER_11,85.62096875,85.97534375000001
[ 00:01:25.975 -->  00:01:25.992],AQ,SPEAKER_37,85.97534375000001,85.99221875
[ 00:01:33.974 -->  00:01:34.260],BS,SPEAKER_68,93.97409375000001,94.26096875
[ 00:01:35.037 -->  00:01:35.357],BS,SPEAKER_68,95.03721875000001,95.35784375
[ 00:01:35.948 -->  00:01:36.420],BT,SPEAKER_69,95.94846875,96.42096875
[ 00:01:37.669 -->  00:01:38.040],BS,SPEAKER_68,97.66971875,98.04096875
[ 00:01:39.475 -->  00:01:40.808],BT,SPEAKER_69,99.47534375000001,100.80846875
[ 00:01:40.808 -->  00:01:41.280],BS,SPEAKER_68,100.80846875,101.28096875
[ 00:01:41.280 -->  00:01:41.601],BT,SPEAKER_69,101.28096875,101.60159375
[ 00:01:42.040 -->  00:01:42.614],BS,SPEAKER_68,102.04034375,102.61409375000001
[ 00:01:42.614 -->  00:01:43.154],BT,SPEAKER_69,102.61409375000001,103.15409375
[ 00:01:43.154 -->  00:01:43.542],BS,SPEAKER_68,103.15409375,103.54221875
[ 00:01:44.470 -->  00:02:05.834],BT,SPEAKER_69,104.47034375000001,125.83409375000001
[ 00:01:45.229 -->  00:01:45.297],CA,SPEAKER_76,105.22971875,105.29721875000001
[ 00:01:48.216 -->  00:01:48.773],CA,SPEAKER_76,108.21659375,108.77346875
[ 00:01:49.448 -->  00:01:49.532],CA,SPEAKER_76,109.44846875,109.53284375000001
[ 00:01:49.532 -->  00:01:50.005],T,SPEAKER_11,109.53284375000001,110.00534375000001
[ 00:01:50.005 -->  00:01:50.039],CA,SPEAKER_76,110.00534375000001,110.03909375
[ 00:01:56.198 -->  00:01:56.519],T,SPEAKER_11,116.19846875,116.51909375000001
[ 00:01:57.059 -->  00:01:57.126],T,SPEAKER_11,117.05909375,117.12659375000001
[ 00:01:57.329 -->  00:01:57.362],T,SPEAKER_11,117.32909375000001,117.36284375000001
[ 00:01:57.379 -->  00:01:57.396],CA,SPEAKER_76,117.37971875000001,117.39659375000001
[ 00:01:57.396 -->  00:01:57.413],T,SPEAKER_11,117.39659375000001,117.41346875
[ 00:01:57.413 -->  00:01:57.902],CA,SPEAKER_76,117.41346875,117.90284375
[ 00:01:57.902 -->  00:01:57.919],T,SPEAKER_11,117.90284375,117.91971875
[ 00:01:57.919 -->  00:01:57.953],CA,SPEAKER_76,117.91971875,117.95346875000001
[ 00:01:58.088 -->  00:01:58.105],CA,SPEAKER_76,118.08846875,118.10534375
[ 00:01:58.122 -->  00:01:58.527],CA,SPEAKER_76,118.12221875,118.52721875
[ 00:01:58.560 -->  00:01:59.067],CA,SPEAKER_76,118.56096875,119.06721875000001
[ 00:02:06.779 -->  00:02:07.875],AI,SPEAKER_28,126.77909375,127.87596875000001
[ 00:02:08.719 -->  00:02:13.005],AI,SPEAKER_28,128.71971875,133.00596875000002
[ 00:02:13.444 -->  00:02:16.144],AI,SPEAKER_28,133.44471875000002,136.14471875
[ 00:02:16.617 -->  00:02:21.055],AI,SPEAKER_28,136.61721875,141.05534375000002
[ 00:02:21.426 -->  00:02:23.839],AI,SPEAKER_28,141.42659375,143.83971875
[ 00:02:24.244 -->  00:02:25.071],AI,SPEAKER_28,144.24471875,145.07159375
[ 00:02:25.223 -->  00:02:28.885],AI,SPEAKER_28,145.22346875,148.88534375
[ 00:02:29.239 -->  00:02:33.998],AI,SPEAKER_28,149.23971875,153.99846875
[ 00:02:34.487 -->  00:02:38.099],AI,SPEAKER_28,154.48784375,158.09909375
[ 00:02:38.487 -->  00:02:42.098],AI,SPEAKER_28,158.48721875,162.09846875000002
[ 00:02:42.317 -->  00:02:45.085],AI,SPEAKER_28,162.31784375,165.08534375000002
[ 00:02:45.962 -->  00:02:47.464],AI,SPEAKER_28,165.96284375000002,167.46471875
[ 00:02:48.730 -->  00:02:50.265],AI,SPEAKER_28,168.73034375,170.26596875
[ 00:02:51.750 -->  00:02:51.767],BY,SPEAKER_74,171.75096875,171.76784375
[ 00:02:51.767 -->  00:02:52.206],AJ,SPEAKER_29,171.76784375,172.20659375000002
[ 00:02:52.527 -->  00:02:55.395],AI,SPEAKER_28,172.52721875,175.39596875
[ 00:02:55.649 -->  00:02:59.952],AI,SPEAKER_28,175.64909375000002,179.95221875000001
[ 00:03:00.627 -->  00:03:01.032],AI,SPEAKER_28,180.62721875,181.03221875
[ 00:03:01.454 -->  00:03:07.782],AI,SPEAKER_28,181.45409375,187.78221875
[ 00:03:10.971 -->  00:03:11.899],AI,SPEAKER_28,190.97159375,191.89971875
[ 00:03:13.553 -->  00:03:14.565],AI,SPEAKER_28,193.55346875,194.56596875000002
[ 00:03:16.084 -->  00:03:22.682],AI,SPEAKER_28,196.08471875,202.68284375000002
[ 00:03:23.475 -->  00:03:31.035],AI,SPEAKER_28,203.47596875000002,211.03596875000002
[ 00:03:23.982 -->  00:03:24.454],AJ,SPEAKER_29,203.98221875000002,204.45471875
[ 00:03:31.879 -->  00:03:36.874],AI,SPEAKER_28,211.87971875000002,216.87471875000003
[ 00:03:32.149 -->  00:03:32.166],AA,SPEAKER_19,212.14971875,212.16659375
[ 00:03:32.166 -->  00:03:32.639],BT,SPEAKER_69,212.16659375,212.63909375
[ 00:03:37.212 -->  00:03:37.785],BT,SPEAKER_69,217.21221875,217.78596875000002
[ 00:03:38.089 -->  00:03:41.920],BT,SPEAKER_69,218.08971875,221.92034375
[ 00:03:43.000 -->  00:03:55.521],AI,SPEAKER_28,223.00034375,235.52159375000002
[ 00:03:55.521 -->  00:03:55.875],BT,SPEAKER_69,235.52159375000002,235.87596875000003
[ 00:03:55.875 -->  00:03:56.027],AI,SPEAKER_28,235.87596875000003,236.02784375000002
[ 00:03:56.027 -->  00:03:56.517],BT,SPEAKER_69,236.02784375000002,236.51721875
[ 00:03:56.517 -->  00:03:57.090],AI,SPEAKER_28,236.51721875,237.09096875
[ 00:03:57.090 -->  00:04:11.130],BT,SPEAKER_69,237.09096875,251.13096875000002
[ 00:04:06.389 -->  00:04:06.574],T,SPEAKER_11,246.38909375000003,246.57471875000002
[ 00:04:07.688 -->  00:04:07.739],AQ,SPEAKER_37,247.68846875000003,247.73909375000002
[ 00:04:07.739 -->  00:04:07.806],T,SPEAKER_11,247.73909375000002,247.80659375000002
[ 00:04:10.185 -->  00:04:10.574],T,SPEAKER_11,250.18596875000003,250.57409375
[ 00:04:11.384 -->  00:04:11.400],BT,SPEAKER_69,251.38409375,251.40096875
[ 00:04:11.400 -->  00:04:11.822],T,SPEAKER_11,251.40096875,251.82284375
[ 00:04:11.417 -->  00:04:11.620],BT,SPEAKER_69,251.41784375,251.62034375000002
[ 00:04:11.822 -->  00:04:11.873],BT,SPEAKER_69,251.82284375,251.87346875000003
[ 00:04:11.940 -->  00:04:12.464],BT,SPEAKER_69,251.94096875000002,252.46409375000002
[ 00:04:13.628 -->  00:04:15.214],BT,SPEAKER_69,253.62846875000002,255.21471875
[ 00:04:16.429 -->  00:04:18.370],BT,SPEAKER_69,256.42971875,258.37034375
[ 00:04:17.189 -->  00:04:17.695],T,SPEAKER_11,257.18909375000004,257.69534375
[ 00:04:19.163 -->  00:04:19.197],T,SPEAKER_11,259.16346875,259.19721875
[ 00:04:19.889 -->  00:04:20.395],BT,SPEAKER_69,259.88909375000003,260.39534375
[ 00:04:20.884 -->  00:04:21.559],T,SPEAKER_11,260.88471875,261.55971875
[ 00:04:21.559 -->  00:04:31.178],BT,SPEAKER_69,261.55971875,271.17846875000004
[ 00:04:21.644 -->  00:04:21.660],T,SPEAKER_11,261.64409375,261.66096875
[ 00:04:22.184 -->  00:04:24.040],T,SPEAKER_11,262.18409375000005,264.04034375000003
[ 00:04:31.178 -->  00:04:31.802],AI,SPEAKER_28,271.17846875000004,271.80284375
[ 00:04:31.802 -->  00:04:32.039],BT,SPEAKER_69,271.80284375,272.03909375
[ 00:04:32.039 -->  00:04:32.916],AI,SPEAKER_28,272.03909375,272.91659375
[ 00:04:33.321 -->  00:04:33.372],BT,SPEAKER_69,273.32159375000003,273.37221875
[ 00:04:33.422 -->  00:04:34.874],BT,SPEAKER_69,273.42284375,274.87409375000004
[ 00:04:35.447 -->  00:04:38.721],AI,SPEAKER_28,275.44784375,278.72159375
[ 00:04:40.358 -->  00:04:48.492],AI,SPEAKER_28,280.35846875000004,288.49221875
[ 00:04:48.728 -->  00:04:53.554],AI,SPEAKER_28,288.72846875,293.55471875
[ 00:04:54.246 -->  00:05:00.270],BT,SPEAKER_69,294.24659375000005,300.27096875
[ 00:05:00.659 -->  00:05:03.915],BT,SPEAKER_69,300.65909375,303.91596875000005
[ 00:05:03.966 -->  00:05:05.029],BT,SPEAKER_69,303.96659375,305.02971875000003
[ 00:05:05.586 -->  00:05:09.653],AI,SPEAKER_28,305.58659375,309.65346875
[ 00:05:10.362 -->  00:05:23.710],AI,SPEAKER_28,310.36221875,323.71034375
[ 00:05:25.144 -->  00:05:25.802],AI,SPEAKER_28,325.14471875000004,325.80284375
[ 00:05:27.135 -->  00:05:29.127],AI,SPEAKER_28,327.13596875,329.12721875
[ 00:05:30.224 -->  00:05:33.885],AI,SPEAKER_28,330.22409375,333.88596875
[ 00:05:34.611 -->  00:05:35.590],AI,SPEAKER_28,334.61159375,335.59034375000005
[ 00:05:36.788 -->  00:05:38.374],AI,SPEAKER_28,336.78846875000005,338.37471875
[ 00:05:39.471 -->  00:05:39.842],AI,SPEAKER_28,339.47159375,339.84284375000004
[ 00:05:40.821 -->  00:05:46.069],AI,SPEAKER_28,340.82159375000003,346.06971875000005
[ 00:05:47.284 -->  00:05:56.110],AI,SPEAKER_28,347.28471875,356.11034375
[ 00:05:52.060 -->  00:05:52.110],AE,SPEAKER_24,352.06034375,352.11096875000004
[ 00:05:52.110 -->  00:05:52.195],E,SPEAKER_34,352.11096875000004,352.19534375
[ 00:05:52.195 -->  00:05:52.262],AE,SPEAKER_24,352.19534375,352.26284375
[ 00:05:56.380 -->  00:06:02.792],AI,SPEAKER_28,356.38034375,362.79284375000003
[ 00:06:03.450 -->  00:06:12.749],AI,SPEAKER_28,363.45096875,372.74909375000004
[ 00:06:13.052 -->  00:06:17.440],AI,SPEAKER_28,373.05284375,377.44034375
[ 00:06:17.879 -->  00:06:20.376],AI,SPEAKER_28,377.87909375000004,380.37659375000004
[ 00:06:20.764 -->  00:06:22.080],AI,SPEAKER_28,380.76471875000004,382.08096875
[ 00:06:23.160 -->  00:06:26.400],AI,SPEAKER_28,383.16096875000005,386.40096875
[ 00:06:48.962 -->  00:06:51.510],T,SPEAKER_11,408.96284375000005,411.51096875
[ 00:06:52.034 -->  00:06:52.067],T,SPEAKER_11,412.03409375,412.06784375
[ 00:06:52.067 -->  00:06:52.776],AI,SPEAKER_28,412.06784375,412.77659375
[ 00:06:54.059 -->  00:07:07.120],AI,SPEAKER_28,414.05909375000005,427.12034375
[ 00:07:07.356 -->  00:07:17.144],AI,SPEAKER_28,427.35659375,437.14409375
[ 00:07:18.291 -->  00:07:28.416],AI,SPEAKER_28,438.29159375,448.41659375
[ 00:07:36.128 -->  00:07:40.296],G,SPEAKER_56,456.12846875,460.29659375000006
[ 00:07:41.376 -->  00:07:48.261],G,SPEAKER_56,461.37659375000004,468.26159375000003
[ 00:07:48.565 -->  00:07:49.527],G,SPEAKER_56,468.56534375,469.52721875000003
[ 00:07:49.982 -->  00:07:52.260],G,SPEAKER_56,469.98284375000003,472.26096875
[ 00:07:52.615 -->  00:07:52.935],G,SPEAKER_56,472.61534375,472.93596875000003
[ 00:07:53.273 -->  00:07:59.989],G,SPEAKER_56,473.27346875,479.98971875
[ 00:08:00.327 -->  00:08:01.137],G,SPEAKER_56,480.32721875000004,481.13721875000005
[ 00:08:01.305 -->  00:08:03.195],G,SPEAKER_56,481.30596875000003,483.19596875
[ 00:08:04.461 -->  00:08:06.621],G,SPEAKER_56,484.46159375,486.62159375000005
[ 00:08:07.920 -->  00:08:14.873],G,SPEAKER_56,487.92096875000004,494.87346875000003
[ 00:08:15.261 -->  00:08:17.860],G,SPEAKER_56,495.26159375000003,497.86034375
[ 00:08:19.362 -->  00:08:24.998],G,SPEAKER_56,499.36221875,504.99846875000003
[ 00:08:25.268 -->  00:08:26.618],G,SPEAKER_56,505.26846875,506.61846875000003
[ 00:08:27.293 -->  00:08:30.162],G,SPEAKER_56,507.29346875000005,510.16221875
[ 00:08:30.499 -->  00:08:34.212],G,SPEAKER_56,510.49971875000006,514.2122187499999
[ 00:08:34.617 -->  00:08:36.152],G,SPEAKER_56,514.6172187500001,516.1528437500001
[ 00:08:36.405 -->  00:08:42.312],G,SPEAKER_56,516.40596875,522.31221875
[ 00:08:43.645 -->  00:08:55.035],G,SPEAKER_56,523.6453437499999,535.0359687499999
[ 00:08:55.272 -->  00:09:06.443],G,SPEAKER_56,535.2722187500001,546.44346875
[ 00:09:07.827 -->  00:09:10.392],G,SPEAKER_56,547.8272187499999,550.39221875
[ 00:09:11.168 -->  00:09:16.399],G,SPEAKER_56,551.1684687500001,556.3997187500001
[ 00:09:11.421 -->  00:09:11.556],AD,SPEAKER_22,551.42159375,551.55659375
[ 00:09:12.079 -->  00:09:12.332],AD,SPEAKER_22,552.07971875,552.3328437499999
[ 00:09:16.652 -->  00:09:17.715],G,SPEAKER_56,556.6528437500001,557.71596875
[ 00:09:17.834 -->  00:09:23.385],G,SPEAKER_56,557.83409375,563.3859687500001
[ 00:09:17.952 -->  00:09:18.272],BR,SPEAKER_66,557.9522187499999,558.27284375
[ 00:09:18.272 -->  00:09:18.306],T,SPEAKER_11,558.27284375,558.30659375
[ 00:09:23.925 -->  00:09:25.579],G,SPEAKER_56,563.92596875,565.57971875
[ 00:09:25.647 -->  00:09:33.544],G,SPEAKER_56,565.6472187500001,573.5447187500001
[ 00:09:37.054 -->  00:09:37.071],AU,SPEAKER_41,577.0547187500001,577.0715937500001
[ 00:09:37.071 -->  00:09:42.100],G,SPEAKER_56,577.0715937500001,582.1003437500001
[ 00:09:42.252 -->  00:09:43.095],G,SPEAKER_56,582.2522187500001,583.0959687500001
[ 00:09:43.635 -->  00:09:47.770],G,SPEAKER_56,583.6359687500001,587.7703437499999
[ 00:09:48.276 -->  00:09:53.541],G,SPEAKER_56,588.2765937500001,593.54159375
[ 00:09:54.925 -->  00:09:54.942],BV,SPEAKER_71,594.9253437500001,594.9422187499999
[ 00:09:54.942 -->  00:09:55.127],G,SPEAKER_56,594.9422187499999,595.12784375
[ 00:09:55.583 -->  00:09:58.553],G,SPEAKER_56,595.5834687500001,598.5534687500001
[ 00:09:58.620 -->  00:10:01.489],G,SPEAKER_56,598.62096875,601.4897187500001
[ 00:10:02.417 -->  00:10:10.973],G,SPEAKER_56,602.41784375,610.9734687499999
[ 00:10:11.648 -->  00:10:12.019],G,SPEAKER_56,611.6484687500001,612.01971875
[ 00:10:12.255 -->  00:10:15.647],G,SPEAKER_56,612.25596875,615.64784375
[ 00:10:15.647 -->  00:10:15.749],J,SPEAKER_78,615.64784375,615.7490937499999
[ 00:10:15.765 -->  00:10:15.799],J,SPEAKER_78,615.76596875,615.79971875
[ 00:10:15.799 -->  00:10:22.094],G,SPEAKER_56,615.79971875,622.09409375
[ 00:10:22.904 -->  00:10:25.671],G,SPEAKER_56,622.9040937500001,625.67159375
[ 00:10:25.840 -->  00:10:31.594],G,SPEAKER_56,625.8403437500001,631.5947187500001
[ 00:10:32.775 -->  00:10:32.826],BK,SPEAKER_59,632.77596875,632.82659375
[ 00:10:32.826 -->  00:10:33.164],G,SPEAKER_56,632.82659375,633.1640937500001
[ 00:10:32.843 -->  00:10:33.079],BK,SPEAKER_59,632.84346875,633.07971875
[ 00:10:33.585 -->  00:10:36.758],G,SPEAKER_56,633.5859687500001,636.75846875
[ 00:10:37.146 -->  00:10:38.631],G,SPEAKER_56,637.14659375,638.6315937500001
[ 00:10:38.817 -->  00:10:43.862],G,SPEAKER_56,638.8172187499999,643.8628437500001
[ 00:10:44.639 -->  00:10:45.246],G,SPEAKER_56,644.63909375,645.2465937500001
[ 00:10:45.550 -->  00:10:53.616],G,SPEAKER_56,645.5503437500001,653.61659375
[ 00:10:54.679 -->  00:10:55.135],G,SPEAKER_56,654.6797187500001,655.13534375
[ 00:10:55.439 -->  00:11:04.635],G,SPEAKER_56,655.43909375,664.6359687500001
[ 00:11:04.905 -->  00:11:06.660],G,SPEAKER_56,664.90596875,666.6609687499999
[ 00:11:06.762 -->  00:11:09.259],G,SPEAKER_56,666.7622187500001,669.25971875
[ 00:11:09.917 -->  00:11:10.795],G,SPEAKER_56,669.91784375,670.79534375
[ 00:11:11.571 -->  00:11:16.549],G,SPEAKER_56,671.5715937500001,676.54971875
[ 00:11:16.853 -->  00:11:20.532],G,SPEAKER_56,676.85346875,680.5322187500001
[ 00:11:22.523 -->  00:11:24.447],G,SPEAKER_56,682.5234687500001,684.44721875
[ 00:11:26.067 -->  00:11:29.644],BK,SPEAKER_59,686.0672187499999,689.64471875
[ 00:11:30.370 -->  00:11:36.040],AI,SPEAKER_28,690.3703437500001,696.0403437500001
[ 00:11:37.069 -->  00:11:37.879],AI,SPEAKER_28,697.06971875,697.8797187499999
[ 00:11:37.997 -->  00:11:38.487],AI,SPEAKER_28,697.9978437500001,698.48721875
[ 00:11:38.858 -->  00:11:41.541],AI,SPEAKER_28,698.8584687500002,701.54159375
[ 00:11:42.267 -->  00:11:47.565],AI,SPEAKER_28,702.26721875,707.5659687500001
[ 00:11:48.359 -->  00:11:52.797],AI,SPEAKER_28,708.35909375,712.79721875
[ 00:11:53.674 -->  00:11:56.796],AI,SPEAKER_28,713.67471875,716.79659375
[ 00:11:57.032 -->  00:11:59.496],AI,SPEAKER_28,717.03284375,719.4965937500001
[ 00:11:59.715 -->  00:12:03.529],AI,SPEAKER_28,719.71596875,723.52971875
[ 00:12:03.917 -->  00:12:07.394],AI,SPEAKER_28,723.91784375,727.3940937500001
[ 00:12:07.647 -->  00:12:14.734],AI,SPEAKER_28,727.6472187500001,734.73471875
[ 00:12:15.257 -->  00:12:24.960],AI,SPEAKER_28,735.2578437500001,744.9609687500001
[ 00:12:25.534 -->  00:12:26.108],AI,SPEAKER_28,745.5347187500001,746.1084687500002
[ 00:12:26.378 -->  00:12:36.098],AI,SPEAKER_28,746.3784687500001,756.0984687499999
[ 00:12:38.967 -->  00:12:39.372],BM,SPEAKER_61,758.96721875,759.37221875
[ 00:12:39.439 -->  00:12:39.473],AF,SPEAKER_25,759.4397187500001,759.4734687499999
[ 00:12:39.473 -->  00:12:39.490],BM,SPEAKER_61,759.4734687499999,759.49034375
[ 00:12:39.490 -->  00:12:40.739],AF,SPEAKER_25,759.49034375,760.7390937499999
[ 00:12:40.789 -->  00:12:40.874],AF,SPEAKER_25,760.78971875,760.8740937500002
[ 00:12:40.975 -->  00:12:43.540],AF,SPEAKER_25,760.9753437500001,763.5403437500001
[ 00:12:45.025 -->  00:12:46.797],AI,SPEAKER_28,765.02534375,766.79721875
[ 00:12:47.742 -->  00:12:52.973],AF,SPEAKER_25,767.7422187500001,772.9734687499999
[ 00:12:52.973 -->  00:12:53.091],AZ,SPEAKER_47,772.9734687499999,773.0915937500001
[ 00:12:53.462 -->  00:12:55.032],AI,SPEAKER_28,773.46284375,775.0322187500001
[ 00:12:57.259 -->  00:13:01.124],AI,SPEAKER_28,777.25971875,781.1240937500002
[ 00:12:59.402 -->  00:12:59.419],T,SPEAKER_11,779.4028437500001,779.4197187500001
[ 00:12:59.419 -->  00:12:59.790],AE,SPEAKER_24,779.4197187500001,779.79096875
[ 00:12:59.790 -->  00:12:59.925],AQ,SPEAKER_37,779.79096875,779.92596875
[ 00:12:59.925 -->  00:12:59.976],AE,SPEAKER_24,779.92596875,779.9765937500001
[ 00:13:01.394 -->  00:13:03.722],AI,SPEAKER_28,781.3940937500001,783.72284375
[ 00:13:03.857 -->  00:13:05.899],AI,SPEAKER_28,783.85784375,785.8997187500001
[ 00:13:07.317 -->  00:13:14.252],AI,SPEAKER_28,787.3172187499999,794.25284375
[ 00:13:16.530 -->  00:13:17.054],BT,SPEAKER_69,796.53096875,797.05409375
[ 00:13:17.172 -->  00:13:17.627],BT,SPEAKER_69,797.17221875,797.62784375
[ 00:13:17.627 -->  00:13:17.661],T,SPEAKER_11,797.62784375,797.6615937500001
[ 00:13:17.661 -->  00:13:17.712],BT,SPEAKER_69,797.6615937500001,797.7122187500001
[ 00:13:18.015 -->  00:13:18.032],AI,SPEAKER_28,798.01596875,798.03284375
[ 00:13:18.032 -->  00:13:18.505],BT,SPEAKER_69,798.03284375,798.5053437500001
[ 00:13:18.707 -->  00:13:19.686],T,SPEAKER_11,798.7078437500002,799.6865937500002
[ 00:13:21.340 -->  00:13:22.285],BT,SPEAKER_69,801.3403437500001,802.28534375
[ 00:13:22.386 -->  00:13:23.230],T,SPEAKER_11,802.38659375,803.23034375
[ 00:13:23.399 -->  00:13:23.415],T,SPEAKER_11,803.39909375,803.41596875
[ 00:13:23.415 -->  00:13:24.057],BT,SPEAKER_69,803.41596875,804.05721875
[ 00:13:23.449 -->  00:13:23.466],T,SPEAKER_11,803.4497187500001,803.4665937500001
[ 00:13:23.483 -->  00:13:23.989],T,SPEAKER_11,803.4834687500002,803.9897187500001
[ 00:13:24.057 -->  00:13:24.090],T,SPEAKER_11,804.05721875,804.09096875
[ 00:13:24.107 -->  00:13:25.862],T,SPEAKER_11,804.10784375,805.8628437500001
[ 00:13:26.925 -->  00:13:27.482],BT,SPEAKER_69,806.92596875,807.48284375
[ 00:13:27.482 -->  00:13:28.225],T,SPEAKER_11,807.48284375,808.2253437500001
[ 00:13:30.064 -->  00:13:30.739],BT,SPEAKER_69,810.0647187500001,810.7397187500001
[ 00:13:30.824 -->  00:13:33.034],T,SPEAKER_11,810.82409375,813.0347187500001
[ 00:13:33.507 -->  00:13:34.114],BT,SPEAKER_69,813.50721875,814.1147187500001
[ 00:13:33.591 -->  00:13:38.502],T,SPEAKER_11,813.5915937500001,818.5022187500001
[ 00:13:35.869 -->  00:13:36.544],BT,SPEAKER_69,815.86971875,816.5447187500001
[ 00:13:37.641 -->  00:13:38.468],BT,SPEAKER_69,817.6415937500001,818.46846875
[ 00:13:38.721 -->  00:13:39.278],T,SPEAKER_11,818.72159375,819.27846875
[ 00:13:39.514 -->  00:13:39.784],T,SPEAKER_11,819.5147187500002,819.7847187500001
[ 00:13:39.734 -->  00:13:40.290],BT,SPEAKER_69,819.73409375,820.29096875
[ 00:13:39.902 -->  00:13:40.172],T,SPEAKER_11,819.9028437500001,820.1728437500001
[ 00:13:40.409 -->  00:13:40.830],T,SPEAKER_11,820.40909375,820.83096875
[ 00:13:43.109 -->  00:13:43.733],BT,SPEAKER_69,823.10909375,823.7334687500002
[ 00:13:43.952 -->  00:13:44.526],T,SPEAKER_11,823.95284375,824.5265937500001
[ 00:13:45.117 -->  00:13:45.640],BT,SPEAKER_69,825.1172187500001,825.64034375
[ 00:13:45.842 -->  00:13:46.349],T,SPEAKER_11,825.8428437500002,826.3490937500001
[ 00:13:47.040 -->  00:13:47.496],BT,SPEAKER_69,827.04096875,827.4965937500001
[ 00:13:47.732 -->  00:13:48.120],T,SPEAKER_11,827.73284375,828.12096875
[ 00:13:48.880 -->  00:13:49.386],BT,SPEAKER_69,828.8803437500001,829.38659375
[ 00:13:50.685 -->  00:13:50.837],W,SPEAKER_15,830.68596875,830.83784375
[ 00:13:50.837 -->  00:13:50.955],CA,SPEAKER_76,830.83784375,830.95596875
[ 00:13:50.955 -->  00:13:51.006],W,SPEAKER_15,830.95596875,831.0065937500001
[ 00:13:51.006 -->  00:13:51.023],CA,SPEAKER_76,831.0065937500001,831.0234687500001
[ 00:13:51.023 -->  00:13:51.074],W,SPEAKER_15,831.0234687500001,831.07409375
[ 00:13:51.074 -->  00:13:51.090],T,SPEAKER_11,831.07409375,831.09096875
[ 00:13:51.090 -->  00:13:51.107],W,SPEAKER_15,831.09096875,831.10784375
[ 00:13:51.107 -->  00:13:51.141],BS,SPEAKER_68,831.10784375,831.1415937500001
[ 00:13:52.221 -->  00:13:52.694],BT,SPEAKER_69,832.22159375,832.6940937500001
[ 00:13:53.132 -->  00:13:53.436],T,SPEAKER_11,833.1328437500001,833.4365937500002
[ 00:13:55.765 -->  00:13:58.397],BT,SPEAKER_69,835.76534375,838.39784375
[ 00:13:58.802 -->  00:13:59.157],T,SPEAKER_11,838.80284375,839.1572187500001
[ 00:13:59.798 -->  00:14:00.439],BT,SPEAKER_69,839.79846875,840.4397187500001
[ 00:14:00.473 -->  00:14:01.688],T,SPEAKER_11,840.4734687500002,841.6884687500001
[ 00:14:01.705 -->  00:14:02.903],T,SPEAKER_11,841.7053437500001,842.90346875
[ 00:14:01.722 -->  00:14:02.211],BT,SPEAKER_69,841.7222187500001,842.21159375
[ 00:14:02.228 -->  00:14:02.245],BT,SPEAKER_69,842.22846875,842.2453437500001
[ 00:14:03.477 -->  00:14:03.983],BT,SPEAKER_69,843.47721875,843.9834687500002
[ 00:14:04.185 -->  00:14:04.759],T,SPEAKER_11,844.18596875,844.75971875
[ 00:14:05.586 -->  00:14:06.194],BT,SPEAKER_69,845.58659375,846.1940937500001
[ 00:14:07.510 -->  00:14:08.168],BT,SPEAKER_69,847.51034375,848.1684687500001
[ 00:14:08.252 -->  00:14:09.315],T,SPEAKER_11,848.25284375,849.3159687500001
[ 00:14:09.315 -->  00:14:10.109],BT,SPEAKER_69,849.3159687500001,850.10909375
[ 00:14:09.332 -->  00:14:10.564],T,SPEAKER_11,849.3328437500002,850.5647187500001
[ 00:14:11.340 -->  00:14:11.948],BT,SPEAKER_69,851.34096875,851.9484687500001
[ 00:14:12.083 -->  00:14:12.792],T,SPEAKER_11,852.0834687500001,852.7922187500001
[ 00:14:13.163 -->  00:14:13.686],BT,SPEAKER_69,853.16346875,853.6865937500002
[ 00:14:13.889 -->  00:14:14.580],T,SPEAKER_11,853.88909375,854.58096875
[ 00:14:15.171 -->  00:14:15.829],BT,SPEAKER_69,855.17159375,855.82971875
[ 00:14:15.829 -->  00:14:16.032],T,SPEAKER_11,855.82971875,856.0322187500001
[ 00:14:16.032 -->  00:14:16.285],BU,SPEAKER_70,856.0322187500001,856.28534375
[ 00:14:16.285 -->  00:14:16.335],T,SPEAKER_11,856.28534375,856.3359687500001
[ 00:14:17.010 -->  00:14:17.719],BT,SPEAKER_69,857.0109687500001,857.7197187500001
[ 00:14:17.601 -->  00:14:18.124],BU,SPEAKER_70,857.6015937500001,858.12471875
[ 00:14:18.782 -->  00:14:19.525],BT,SPEAKER_69,858.78284375,859.52534375
[ 00:14:19.862 -->  00:14:20.470],BU,SPEAKER_70,859.8628437500001,860.47034375
[ 00:14:36.164 -->  00:14:40.247],BT,SPEAKER_69,876.1640937500001,880.2478437500001
[ 00:14:49.090 -->  00:14:59.654],AI,SPEAKER_28,889.0903437500001,899.6540937500001
[ 00:15:07.365 -->  00:15:14.234],BI,SPEAKER_57,907.3659687500001,914.23409375
[ 00:15:16.765 -->  00:15:16.900],T,SPEAKER_11,916.76534375,916.90034375
[ 00:15:16.967 -->  00:15:17.035],T,SPEAKER_11,916.9678437500002,917.03534375
[ 00:15:21.119 -->  00:15:21.473],BI,SPEAKER_57,921.11909375,921.4734687500002
[ 00:15:23.734 -->  00:15:41.639],BI,SPEAKER_57,923.73471875,941.63909375
[ 00:15:42.533 -->  00:16:08.453],BI,SPEAKER_57,942.5334687500001,968.45346875
[ 00:16:10.495 -->  00:16:41.325],BI,SPEAKER_57,970.4953437500001,1001.3259687500001
[ 00:16:43.097 -->  00:17:23.699],BI,SPEAKER_57,1003.09784375,1043.6990937500002
[ 00:17:25.690 -->  00:17:46.024],BI,SPEAKER_57,1045.6903437500002,1066.0247187500001
[ 00:17:46.379 -->  00:17:49.399],BI,SPEAKER_57,1066.37909375,1069.3997187500001
[ 00:17:49.821 -->  00:17:52.200],BI,SPEAKER_57,1069.8215937500001,1072.2009687500001
[ 00:17:52.656 -->  00:17:55.795],BI,SPEAKER_57,1072.6565937500002,1075.79534375
[ 00:17:56.588 -->  00:17:59.001],BI,SPEAKER_57,1076.5884687500002,1079.0015937500002
[ 00:17:59.727 -->  00:18:07.776],BI,SPEAKER_57,1079.72721875,1087.77659375
[ 00:18:10.088 -->  00:18:26.609],BI,SPEAKER_57,1090.0884687500002,1106.60909375
[ 00:18:26.760 -->  00:18:33.038],BI,SPEAKER_57,1106.76096875,1113.0384687500002
[ 00:18:33.629 -->  00:19:04.122],BI,SPEAKER_57,1113.62909375,1144.1222187500002
[ 00:19:04.510 -->  00:19:10.112],BI,SPEAKER_57,1144.5103437500002,1150.1128437500001
[ 00:19:10.939 -->  00:19:21.368],BI,SPEAKER_57,1150.93971875,1161.3684687500001
[ 00:19:22.330 -->  00:19:35.745],BI,SPEAKER_57,1162.33034375,1175.7459687500002
[ 00:19:36.049 -->  00:19:37.500],BI,SPEAKER_57,1176.0497187500002,1177.50096875
[ 00:19:37.821 -->  00:19:41.162],BI,SPEAKER_57,1177.8215937500001,1181.16284375
[ 00:19:41.635 -->  00:19:44.470],BI,SPEAKER_57,1181.6353437500002,1184.4703437500002
[ 00:19:44.655 -->  00:19:49.515],BI,SPEAKER_57,1184.65596875,1189.5159687500002
[ 00:19:50.190 -->  00:19:53.262],BI,SPEAKER_57,1190.1909687500001,1193.26221875
[ 00:19:53.447 -->  00:19:57.295],BI,SPEAKER_57,1193.4478437500002,1197.29534375
[ 00:19:57.632 -->  00:20:00.822],BI,SPEAKER_57,1197.6328437500001,1200.82221875
[ 00:20:01.125 -->  00:20:03.893],BI,SPEAKER_57,1201.12596875,1203.8934687500002
[ 00:20:04.045 -->  00:20:08.955],BI,SPEAKER_57,1204.04534375,1208.9559687500002
[ 00:20:10.778 -->  00:20:16.499],BI,SPEAKER_57,1210.7784687500002,1216.4990937500002
[ 00:20:16.904 -->  00:20:18.962],BI,SPEAKER_57,1216.9040937500001,1218.96284375
[ 00:20:20.110 -->  00:20:22.590],BI,SPEAKER_57,1220.11034375,1222.5909687500002
[ 00:20:22.962 -->  00:20:31.534],BI,SPEAKER_57,1222.9622187500001,1231.5347187500001
[ 00:20:33.340 -->  00:20:43.532],BI,SPEAKER_57,1233.34034375,1243.5328437500002
[ 00:20:43.937 -->  00:20:48.645],BI,SPEAKER_57,1243.9378437500002,1248.64596875
[ 00:20:48.915 -->  00:20:51.767],BI,SPEAKER_57,1248.91596875,1251.76784375
[ 00:20:52.122 -->  00:20:55.429],BI,SPEAKER_57,1252.1222187500002,1255.4297187500001
[ 00:20:55.868 -->  00:20:59.479],BI,SPEAKER_57,1255.8684687500001,1259.47971875
[ 00:21:00.154 -->  00:21:14.970],BI,SPEAKER_57,1260.15471875,1274.97096875
[ 00:21:17.114 -->  00:21:28.740],BI,SPEAKER_57,1277.1140937500002,1288.74096875
[ 00:21:29.247 -->  00:21:33.567],BI,SPEAKER_57,1289.2472187500002,1293.5672187500002
[ 00:21:34.174 -->  00:21:37.229],BI,SPEAKER_57,1294.1747187500002,1297.2290937500002
[ 00:21:37.870 -->  00:21:41.481],BI,SPEAKER_57,1297.87034375,1301.4815937500002
[ 00:21:42.375 -->  00:21:50.374],BI,SPEAKER_57,1302.37596875,1310.37471875
[ 00:21:51.302 -->  00:21:53.142],BI,SPEAKER_57,1311.3028437500002,1313.1422187500002
[ 00:21:53.445 -->  00:21:59.909],BI,SPEAKER_57,1313.4459687500002,1319.9090937500002
[ 00:22:00.314 -->  00:22:00.634],BI,SPEAKER_57,1320.3140937500002,1320.63471875
[ 00:22:00.938 -->  00:22:03.149],BI,SPEAKER_57,1320.93846875,1323.1490937500002
[ 00:22:03.520 -->  00:22:05.174],BI,SPEAKER_57,1323.5203437500002,1325.17409375
[ 00:22:05.545 -->  00:22:09.072],BI,SPEAKER_57,1325.5453437500003,1329.07221875
[ 00:22:09.814 -->  00:22:13.628],BI,SPEAKER_57,1329.81471875,1333.6284687500001
[ 00:22:15.535 -->  00:22:16.952],BI,SPEAKER_57,1335.53534375,1336.95284375
[ 00:22:18.741 -->  00:22:25.778],BI,SPEAKER_57,1338.7415937500002,1345.7784687500002
[ 00:22:26.554 -->  00:22:52.727],BI,SPEAKER_57,1346.5547187500001,1372.7278437500001
[ 00:22:55.377 -->  00:22:56.490],BI,SPEAKER_57,1375.37721875,1376.49096875
[ 00:22:58.229 -->  00:22:59.444],BI,SPEAKER_57,1378.2290937500002,1379.44409375
[ 00:23:06.767 -->  00:23:49.174],BI,SPEAKER_57,1386.76784375,1429.1747187500002
[ 00:23:50.136 -->  00:24:02.539],BI,SPEAKER_57,1430.1365937500002,1442.5397187500002
[ 00:24:04.362 -->  00:24:19.043],BI,SPEAKER_57,1444.3622187500002,1459.04346875
[ 00:24:19.229 -->  00:24:23.194],BI,SPEAKER_57,1459.2290937500002,1463.1947187500002
[ 00:24:23.616 -->  00:24:26.384],BI,SPEAKER_57,1463.6165937500002,1466.3840937500001
[ 00:24:26.552 -->  00:24:28.729],BI,SPEAKER_57,1466.5528437500002,1468.72971875
[ 00:24:29.202 -->  00:24:31.210],BI,SPEAKER_57,1469.2022187500002,1471.2103437500002
[ 00:24:31.716 -->  00:24:40.035],BI,SPEAKER_57,1471.7165937500001,1480.0359687500002
[ 00:24:42.212 -->  00:24:45.824],BI,SPEAKER_57,1482.21284375,1485.8240937500002
[ 00:24:46.718 -->  00:24:53.080],BI,SPEAKER_57,1486.71846875,1493.08034375
[ 00:24:54.244 -->  00:24:58.952],BI,SPEAKER_57,1494.2447187500002,1498.95284375
[ 00:24:59.205 -->  00:25:00.454],BI,SPEAKER_57,1499.2059687500002,1500.4547187500002
[ 00:25:01.602 -->  00:25:07.626],BI,SPEAKER_57,1501.6022187500002,1507.6265937500002
[ 00:25:08.234 -->  00:25:11.406],BI,SPEAKER_57,1508.23409375,1511.4065937500002
[ 00:25:11.558 -->  00:25:12.385],BI,SPEAKER_57,1511.5584687500002,1512.3853437500002
[ 00:25:12.638 -->  00:25:18.004],BI,SPEAKER_57,1512.6384687500001,1518.0047187500002
[ 00:25:18.595 -->  00:25:20.519],AI,SPEAKER_28,1518.5953437500002,1520.5190937500001
[ 00:25:20.654 -->  00:25:21.869],BI,SPEAKER_57,1520.6540937500001,1521.86909375
[ 00:25:24.012 -->  00:25:24.349],T,SPEAKER_11,1524.01221875,1524.3497187500002
[ 00:25:29.597 -->  00:25:32.112],T,SPEAKER_11,1529.5978437500003,1532.1122187500002
[ 00:25:32.196 -->  00:25:32.483],T,SPEAKER_11,1532.1965937500001,1532.4834687500002
[ 00:25:32.550 -->  00:25:32.601],T,SPEAKER_11,1532.5509687500003,1532.6015937500001
[ 00:25:32.601 -->  00:25:37.208],AI,SPEAKER_28,1532.6015937500001,1537.20846875
[ 00:25:37.495 -->  00:25:40.752],AI,SPEAKER_28,1537.49534375,1540.75221875
[ 00:25:42.996 -->  00:26:11.481],BQ,SPEAKER_65,1542.99659375,1571.4815937500002
[ 00:26:11.937 -->  00:26:21.184],BQ,SPEAKER_65,1571.93721875,1581.1847187500002
[ 00:26:21.572 -->  00:26:25.622],BQ,SPEAKER_65,1581.5728437500002,1585.6228437500001
[ 00:26:26.382 -->  00:26:31.124],BQ,SPEAKER_65,1586.3822187500002,1591.1240937500002
[ 00:26:31.815 -->  00:26:35.697],BQ,SPEAKER_65,1591.8159687500001,1595.6972187500003
[ 00:26:35.714 -->  00:26:37.789],BQ,SPEAKER_65,1595.71409375,1597.7897187500002
[ 00:26:37.367 -->  00:26:37.519],T,SPEAKER_11,1597.3678437500002,1597.5197187500003
[ 00:26:37.789 -->  00:26:38.144],T,SPEAKER_11,1597.7897187500002,1598.1440937500001
[ 00:26:38.279 -->  00:26:40.540],BQ,SPEAKER_65,1598.2790937500001,1600.5403437500001
[ 00:26:41.097 -->  00:26:44.404],BQ,SPEAKER_65,1601.0972187500001,1604.4047187500003
[ 00:26:44.539 -->  00:27:01.195],BQ,SPEAKER_65,1604.5397187500002,1621.1953437500001
[ 00:27:01.971 -->  00:27:09.447],BQ,SPEAKER_65,1621.9715937500002,1629.4472187500003
[ 00:27:10.240 -->  00:27:22.491],BQ,SPEAKER_65,1630.2403437500002,1642.4915937500002
[ 00:27:23.571 -->  00:27:35.519],BQ,SPEAKER_65,1643.5715937500001,1655.5190937500001
[ 00:27:36.615 -->  00:27:43.467],BQ,SPEAKER_65,1656.61596875,1663.4672187500003
[ 00:27:45.458 -->  00:27:49.694],BQ,SPEAKER_65,1665.45846875,1669.69409375
[ 00:27:50.520 -->  00:28:12.593],BQ,SPEAKER_65,1670.52096875,1692.59346875
[ 00:28:12.762 -->  00:28:18.162],BQ,SPEAKER_65,1692.76221875,1698.1622187500002
[ 00:28:18.600 -->  00:28:20.372],BQ,SPEAKER_65,1698.6009687500002,1700.3728437500001
[ 00:28:20.963 -->  00:28:22.904],BQ,SPEAKER_65,1700.9634687500002,1702.9040937500001
[ 00:28:22.937 -->  00:28:25.637],BQ,SPEAKER_65,1702.9378437500002,1705.6378437500002
[ 00:28:25.975 -->  00:28:28.135],BQ,SPEAKER_65,1705.97534375,1708.1353437500002
[ 00:28:29.046 -->  00:28:29.957],BQ,SPEAKER_65,1709.04659375,1709.9578437500002
[ 00:28:30.565 -->  00:28:31.594],BQ,SPEAKER_65,1710.5653437500002,1711.59471875
[ 00:28:32.100 -->  00:28:39.188],BQ,SPEAKER_65,1712.1009687500002,1719.18846875
[ 00:28:39.509 -->  00:28:43.440],BQ,SPEAKER_65,1719.5090937500001,1723.4409687500001
[ 00:28:44.234 -->  00:28:46.140],BQ,SPEAKER_65,1724.23409375,1726.1409687500002
[ 00:28:46.478 -->  00:28:49.077],BQ,SPEAKER_65,1726.4784687500003,1729.0772187500002
[ 00:28:50.140 -->  00:28:55.219],BQ,SPEAKER_65,1730.1403437500003,1735.21971875
[ 00:28:55.759 -->  00:28:58.341],BQ,SPEAKER_65,1735.7597187500003,1738.3415937500001
[ 00:28:58.763 -->  00:29:00.197],BQ,SPEAKER_65,1738.7634687500001,1740.1978437500002
[ 00:29:00.754 -->  00:29:01.480],BQ,SPEAKER_65,1740.7547187500002,1741.4803437500002
[ 00:29:01.598 -->  00:29:02.796],BQ,SPEAKER_65,1741.5984687500002,1742.7965937500003
[ 00:29:03.319 -->  00:29:05.445],BQ,SPEAKER_65,1743.3197187500002,1745.4459687500002
[ 00:29:05.817 -->  00:29:08.972],BQ,SPEAKER_65,1745.8172187500002,1748.9728437500003
[ 00:29:09.428 -->  00:29:10.424],BQ,SPEAKER_65,1749.42846875,1750.42409375
[ 00:29:10.879 -->  00:29:11.402],BQ,SPEAKER_65,1750.8797187500002,1751.40284375
[ 00:29:11.942 -->  00:29:12.432],BQ,SPEAKER_65,1751.94284375,1752.4322187500002
[ 00:29:12.668 -->  00:29:15.284],BQ,SPEAKER_65,1752.66846875,1755.2840937500002
[ 00:29:15.604 -->  00:29:16.920],BQ,SPEAKER_65,1755.60471875,1756.9209687500002
[ 00:29:17.342 -->  00:29:20.616],BQ,SPEAKER_65,1757.3428437500002,1760.6165937500002
[ 00:29:20.751 -->  00:29:21.932],BQ,SPEAKER_65,1760.7515937500002,1761.93284375
[ 00:29:22.219 -->  00:29:28.244],BQ,SPEAKER_65,1762.21971875,1768.2440937500003
[ 00:29:28.463 -->  00:29:35.635],BQ,SPEAKER_65,1768.4634687500002,1775.6353437500002
[ 00:29:35.972 -->  00:29:37.407],BQ,SPEAKER_65,1775.9728437500003,1777.40721875
[ 00:29:37.964 -->  00:29:42.300],BQ,SPEAKER_65,1777.96409375,1782.3009687500003
[ 00:29:43.279 -->  00:29:45.574],BQ,SPEAKER_65,1783.2797187500003,1785.57471875
[ 00:29:46.114 -->  00:29:47.684],BQ,SPEAKER_65,1786.11471875,1787.68409375
[ 00:29:48.780 -->  00:29:55.463],BQ,SPEAKER_65,1788.7809687500003,1795.4634687500002
[ 00:29:56.931 -->  00:30:06.634],BQ,SPEAKER_65,1796.9315937500003,1806.6347187500003
[ 00:30:09.115 -->  00:30:16.776],BQ,SPEAKER_65,1809.1153437500002,1816.77659375
[ 00:30:17.164 -->  00:30:21.282],BQ,SPEAKER_65,1817.1647187500002,1821.28221875
[ 00:30:21.687 -->  00:30:24.471],BQ,SPEAKER_65,1821.6872187500003,1824.4715937500002
[ 00:30:25.146 -->  00:30:29.787],BQ,SPEAKER_65,1825.1465937500002,1829.7872187500002
[ 00:30:31.086 -->  00:30:33.719],BQ,SPEAKER_65,1831.0865937500002,1833.7190937500002
[ 00:30:35.102 -->  00:30:41.025],BQ,SPEAKER_65,1835.1028437500001,1841.0259687500002
[ 00:30:41.903 -->  00:30:44.384],BQ,SPEAKER_65,1841.9034687500002,1844.3840937500001
[ 00:30:45.227 -->  00:31:00.567],BQ,SPEAKER_65,1845.2278437500001,1860.5672187500002
[ 00:31:12.852 -->  00:31:13.307],T,SPEAKER_11,1872.8522187500002,1873.30784375
[ 00:31:18.150 -->  00:31:31.043],AI,SPEAKER_28,1878.1509687500002,1891.04346875
[ 00:31:33.540 -->  00:31:39.919],BX,SPEAKER_73,1893.5409687500003,1899.9197187500001
[ 00:31:40.442 -->  00:31:47.192],BX,SPEAKER_73,1900.4428437500003,1907.1928437500003
[ 00:31:47.547 -->  00:31:51.057],BX,SPEAKER_73,1907.5472187500002,1911.0572187500002
[ 00:31:51.765 -->  00:31:54.145],BX,SPEAKER_73,1911.7659687500002,1914.1453437500002
[ 00:31:54.398 -->  00:31:57.621],BX,SPEAKER_73,1914.3984687500001,1917.62159375
[ 00:31:57.992 -->  00:32:02.346],BX,SPEAKER_73,1917.9928437500002,1922.3465937500002
[ 00:32:02.835 -->  00:32:07.172],BX,SPEAKER_73,1922.8359687500001,1927.17284375
[ 00:32:07.358 -->  00:32:09.737],BX,SPEAKER_73,1927.3584687500002,1929.7378437500001
[ 00:32:10.058 -->  00:32:13.787],BX,SPEAKER_73,1930.0584687500002,1933.78784375
[ 00:32:13.973 -->  00:32:16.369],BX,SPEAKER_73,1933.9734687500002,1936.3697187500002
[ 00:32:17.297 -->  00:32:19.407],BX,SPEAKER_73,1937.29784375,1939.40721875
[ 00:32:20.605 -->  00:32:24.975],BX,SPEAKER_73,1940.6053437500002,1944.9759687500002
[ 00:32:25.380 -->  00:32:31.253],BX,SPEAKER_73,1945.3809687500002,1951.2534687500001
[ 00:32:31.675 -->  00:32:36.417],BX,SPEAKER_73,1951.6753437500001,1956.41721875
[ 00:32:37.109 -->  00:32:41.361],BX,SPEAKER_73,1957.1090937500003,1961.36159375
[ 00:32:42.019 -->  00:32:53.089],BX,SPEAKER_73,1962.0197187500003,1973.0897187500002
[ 00:32:53.832 -->  00:33:00.936],BX,SPEAKER_73,1973.8322187500003,1980.9365937500002
[ 00:33:01.375 -->  00:33:03.754],BX,SPEAKER_73,1981.3753437500002,1983.7547187500002
[ 00:33:03.990 -->  00:33:07.500],BX,SPEAKER_73,1983.99096875,1987.50096875
[ 00:33:07.922 -->  00:33:14.014],BX,SPEAKER_73,1987.92284375,1994.0147187500002
[ 00:33:14.487 -->  00:33:17.001],BX,SPEAKER_73,1994.4872187500002,1997.0015937500002
[ 00:33:17.507 -->  00:33:21.405],BX,SPEAKER_73,1997.5078437500001,2001.4059687500003
[ 00:33:21.743 -->  00:33:22.755],BX,SPEAKER_73,2001.7434687500001,2002.7559687500002
[ 00:33:23.515 -->  00:33:24.527],BX,SPEAKER_73,2003.5153437500003,2004.52784375
[ 00:33:24.797 -->  00:33:28.122],BX,SPEAKER_73,2004.79784375,2008.1222187500002
[ 00:33:28.611 -->  00:33:30.450],BX,SPEAKER_73,2008.61159375,2010.4509687500001
[ 00:33:30.889 -->  00:33:34.956],BX,SPEAKER_73,2010.8897187500002,2014.9565937500001
[ 00:33:35.310 -->  00:33:38.095],BX,SPEAKER_73,2015.3109687500003,2018.0953437500002
[ 00:33:38.432 -->  00:33:40.913],BX,SPEAKER_73,2018.4328437500003,2020.9134687500002
[ 00:33:41.217 -->  00:33:42.972],BX,SPEAKER_73,2021.2172187500003,2022.9722187500001
[ 00:33:43.562 -->  00:33:48.962],BX,SPEAKER_73,2023.5628437500002,2028.9628437500003
[ 00:33:49.131 -->  00:33:51.966],BX,SPEAKER_73,2029.13159375,2031.9665937500001
[ 00:33:53.046 -->  00:33:56.944],BX,SPEAKER_73,2033.0465937500003,2036.9447187500002
[ 00:33:57.771 -->  00:34:05.770],BX,SPEAKER_73,2037.7715937500002,2045.7703437500002
[ 00:34:06.428 -->  00:34:11.929],BX,SPEAKER_73,2046.42846875,2051.9297187500006
[ 00:34:12.368 -->  00:34:14.325],BX,SPEAKER_73,2052.36846875,2054.3259687500004
[ 00:34:14.663 -->  00:34:16.266],BX,SPEAKER_73,2054.66346875,2056.2665937500005
[ 00:34:16.671 -->  00:34:18.494],BX,SPEAKER_73,2056.6715937500003,2058.4940937500005
[ 00:34:19.000 -->  00:34:24.029],BX,SPEAKER_73,2059.00034375,2064.0290937500004
[ 00:34:24.366 -->  00:34:29.496],BX,SPEAKER_73,2064.36659375,2069.49659375
[ 00:34:30.053 -->  00:34:33.900],BX,SPEAKER_73,2070.0534687500003,2073.90096875
[ 00:34:34.424 -->  00:34:40.988],BX,SPEAKER_73,2074.42409375,2080.98846875
[ 00:34:41.764 -->  00:34:52.227],BX,SPEAKER_73,2081.7647187500006,2092.2272187500002
[ 00:34:52.277 -->  00:34:55.517],BX,SPEAKER_73,2092.27784375,2095.51784375
[ 00:34:55.973 -->  00:34:59.348],BX,SPEAKER_73,2095.9734687500004,2099.3484687500004
[ 00:34:59.922 -->  00:35:07.515],BX,SPEAKER_73,2099.92221875,2107.51596875
[ 00:35:07.752 -->  00:35:12.443],BX,SPEAKER_73,2107.75221875,2112.4434687500006
[ 00:35:12.848 -->  00:35:14.924],BX,SPEAKER_73,2112.8484687500004,2114.92409375
[ 00:35:15.261 -->  00:35:18.299],BX,SPEAKER_73,2115.2615937500004,2118.29909375
[ 00:35:18.720 -->  00:35:22.264],BX,SPEAKER_73,2118.72096875,2122.2647187500006
[ 00:35:22.787 -->  00:35:26.027],BX,SPEAKER_73,2122.7878437500003,2126.02784375
[ 00:35:26.550 -->  00:35:32.187],BX,SPEAKER_73,2126.55096875,2132.1872187500003
[ 00:35:32.912 -->  00:35:34.127],BX,SPEAKER_73,2132.9128437500003,2134.1278437500005
[ 00:35:34.499 -->  00:35:40.067],BX,SPEAKER_73,2134.4990937500006,2140.06784375
[ 00:35:40.675 -->  00:35:45.164],BX,SPEAKER_73,2140.67534375,2145.1640937500006
[ 00:35:45.906 -->  00:35:49.163],BX,SPEAKER_73,2145.90659375,2149.16346875
[ 00:35:46.817 -->  00:35:47.425],BW,SPEAKER_72,2146.81784375,2147.42534375
[ 00:35:49.365 -->  00:35:54.580],BX,SPEAKER_73,2149.3659687500003,2154.58034375
[ 00:35:50.884 -->  00:35:50.901],BW,SPEAKER_72,2150.8847187500005,2150.90159375
[ 00:35:50.901 -->  00:35:51.222],BQ,SPEAKER_65,2150.90159375,2151.22221875
[ 00:35:54.900 -->  00:36:00.705],BX,SPEAKER_73,2154.90096875,2160.7059687500005
[ 00:35:55.289 -->  00:35:56.014],BQ,SPEAKER_65,2155.2890937500006,2156.0147187500006
[ 00:35:56.014 -->  00:35:56.031],BU,SPEAKER_70,2156.0147187500006,2156.03159375
[ 00:35:59.052 -->  00:35:59.069],AI,SPEAKER_28,2159.05221875,2159.0690937500003
[ 00:35:59.069 -->  00:35:59.744],BN,SPEAKER_62,2159.0690937500003,2159.7440937500005
[ 00:35:59.744 -->  00:35:59.794],AI,SPEAKER_28,2159.7440937500005,2159.7947187500004
[ 00:36:05.397 -->  00:36:06.949],AI,SPEAKER_28,2165.3972187500003,2166.94971875
[ 00:36:08.603 -->  00:36:17.024],AI,SPEAKER_28,2168.6034687500005,2177.0240937500002
[ 00:36:17.074 -->  00:36:23.824],BN,SPEAKER_62,2177.07471875,2183.82471875
[ 00:36:24.077 -->  00:36:31.165],BN,SPEAKER_62,2184.0778437500003,2191.16534375
[ 00:36:31.469 -->  00:36:40.598],BN,SPEAKER_62,2191.46909375,2200.5984687500004
[ 00:36:40.733 -->  00:36:45.660],BN,SPEAKER_62,2200.7334687500006,2205.6609687500004
[ 00:36:45.863 -->  00:36:47.517],BN,SPEAKER_62,2205.86346875,2207.51721875
[ 00:36:47.922 -->  00:36:50.740],BN,SPEAKER_62,2207.92221875,2210.7403437500006
[ 00:36:50.959 -->  00:36:58.047],BN,SPEAKER_62,2210.9597187500003,2218.04721875
[ 00:36:58.334 -->  00:37:03.902],BN,SPEAKER_62,2218.3340937500006,2223.90284375
[ 00:37:04.341 -->  00:37:05.151],BN,SPEAKER_62,2224.3415937500004,2225.15159375
[ 00:37:05.640 -->  00:37:07.395],BN,SPEAKER_62,2225.64096875,2227.39596875
[ 00:37:07.800 -->  00:37:10.146],BN,SPEAKER_62,2227.80096875,2230.1465937500006
[ 00:37:10.332 -->  00:37:17.807],BN,SPEAKER_62,2230.33221875,2237.80784375
[ 00:37:17.858 -->  00:37:18.044],BN,SPEAKER_62,2237.8584687500006,2238.04409375
[ 00:37:18.111 -->  00:37:21.486],BN,SPEAKER_62,2238.11159375,2241.48659375
[ 00:37:22.144 -->  00:37:23.174],BN,SPEAKER_62,2242.14471875,2243.17409375
[ 00:37:23.494 -->  00:37:27.561],BN,SPEAKER_62,2243.49471875,2247.5615937500006
[ 00:37:28.034 -->  00:37:29.940],BN,SPEAKER_62,2248.0340937500005,2249.94096875
[ 00:37:30.413 -->  00:37:46.309],BN,SPEAKER_62,2250.41346875,2266.30971875
[ 00:37:46.934 -->  00:37:54.983],BN,SPEAKER_62,2266.93409375,2274.9834687500006
[ 00:37:55.709 -->  00:37:58.240],BN,SPEAKER_62,2275.7090937500006,2278.2403437500006
[ 00:37:58.898 -->  00:37:59.708],BN,SPEAKER_62,2278.8984687500006,2279.70846875
[ 00:37:59.775 -->  00:38:11.487],BN,SPEAKER_62,2279.77596875,2291.4872187500005
[ 00:38:11.858 -->  00:38:19.890],BN,SPEAKER_62,2291.8584687500006,2299.89096875
[ 00:38:20.329 -->  00:38:31.045],BN,SPEAKER_62,2300.32971875,2311.04534375
[ 00:38:31.382 -->  00:38:37.812],BN,SPEAKER_62,2311.3828437500006,2317.8122187500003
[ 00:38:37.947 -->  00:38:41.609],BN,SPEAKER_62,2317.9472187500005,2321.6090937500003
[ 00:38:42.030 -->  00:38:42.891],BN,SPEAKER_62,2322.0309687500003,2322.8915937500005
[ 00:38:43.161 -->  00:38:47.650],BN,SPEAKER_62,2323.16159375,2327.6503437500005
[ 00:38:47.987 -->  00:38:49.776],BN,SPEAKER_62,2327.98784375,2329.77659375
[ 00:38:49.995 -->  00:39:16.371],BN,SPEAKER_62,2329.9959687500004,2356.37159375
[ 00:39:16.590 -->  00:39:17.535],BN,SPEAKER_62,2356.59096875,2357.5359687500004
[ 00:39:17.789 -->  00:39:20.657],BN,SPEAKER_62,2357.7890937500006,2360.65784375
[ 00:39:20.927 -->  00:39:22.784],BN,SPEAKER_62,2360.9278437500006,2362.7840937500005
[ 00:39:23.205 -->  00:39:26.985],BN,SPEAKER_62,2363.2059687500005,2366.98596875
[ 00:39:27.255 -->  00:39:33.195],BN,SPEAKER_62,2367.2559687500006,2373.1959687500002
[ 00:39:35.760 -->  00:39:36.857],AI,SPEAKER_28,2375.76096875,2376.85784375
[ 00:39:36.975 -->  00:39:37.026],AI,SPEAKER_28,2376.97596875,2377.02659375
[ 00:39:37.077 -->  00:39:38.106],AI,SPEAKER_28,2377.0772187500006,2378.10659375
[ 00:39:40.637 -->  00:39:44.417],BI,SPEAKER_57,2380.63784375,2384.4178437500004
[ 00:39:52.770 -->  00:39:53.749],AX,SPEAKER_44,2392.77096875,2393.7497187500003
[ 00:39:55.724 -->  00:40:01.242],AX,SPEAKER_44,2395.72409375,2401.2422187500006
[ 00:40:01.714 -->  00:40:11.012],AX,SPEAKER_44,2401.7147187500004,2411.01284375
[ 00:40:11.181 -->  00:40:43.480],AX,SPEAKER_44,2411.1815937500005,2443.4803437500004
[ 00:40:43.699 -->  00:41:09.484],AX,SPEAKER_44,2443.69971875,2469.48471875
[ 00:41:10.125 -->  00:41:17.382],AX,SPEAKER_44,2470.1259687500005,2477.38221875
[ 00:41:17.550 -->  00:41:56.987],AX,SPEAKER_44,2477.55096875,2516.98784375
[ 00:41:58.202 -->  00:42:10.268],AX,SPEAKER_44,2518.2028437500003,2530.2684687500005
[ 00:42:10.572 -->  00:42:12.512],AX,SPEAKER_44,2530.5722187500005,2532.51284375
[ 00:42:12.917 -->  00:42:28.662],AX,SPEAKER_44,2532.9178437500004,2548.6622187500006
[ 00:42:28.746 -->  00:42:45.452],AX,SPEAKER_44,2548.74659375,2565.4528437500003
[ 00:42:45.975 -->  00:42:58.649],AX,SPEAKER_44,2565.97596875,2578.6490937500002
[ 00:42:59.189 -->  00:43:03.323],AX,SPEAKER_44,2579.18909375,2583.32346875
[ 00:43:03.677 -->  00:43:35.672],AX,SPEAKER_44,2583.6778437500006,2615.6728437500005
[ 00:43:37.444 -->  00:43:38.710],AX,SPEAKER_44,2617.44471875,2618.71034375
[ 00:43:44.616 -->  00:43:49.071],BI,SPEAKER_57,2624.61659375,2629.07159375
[ 00:43:49.155 -->  00:43:49.341],AI,SPEAKER_28,2629.1559687500003,2629.3415937500004
[ 00:43:49.425 -->  00:43:49.915],AI,SPEAKER_28,2629.42596875,2629.91534375
[ 00:43:50.522 -->  00:43:56.715],AI,SPEAKER_28,2630.52284375,2636.7159687500007
[ 00:44:08.123 -->  00:44:11.937],BR,SPEAKER_66,2648.12346875,2651.9372187500003
[ 00:44:13.219 -->  00:44:18.349],BR,SPEAKER_66,2653.2197187500005,2658.3497187500006
[ 00:44:19.446 -->  00:44:45.062],BR,SPEAKER_66,2659.44659375,2685.06284375
[ 00:44:29.909 -->  00:44:30.297],R,SPEAKER_09,2669.9090937500005,2670.29721875
[ 00:44:45.974 -->  00:44:54.124],BR,SPEAKER_66,2685.97409375,2694.1247187500003
[ 00:44:54.462 -->  00:44:56.875],BR,SPEAKER_66,2694.46221875,2696.87534375
[ 00:44:57.432 -->  00:44:59.507],BR,SPEAKER_66,2697.43221875,2699.5078437500006
[ 00:44:59.727 -->  00:45:01.380],BR,SPEAKER_66,2699.7272187500002,2701.3809687500006
[ 00:45:01.549 -->  00:45:05.414],BR,SPEAKER_66,2701.5497187500005,2705.4140937500006
[ 00:45:05.700 -->  00:45:17.024],BR,SPEAKER_66,2705.7009687500004,2717.0240937500002
[ 00:45:17.479 -->  00:45:32.093],BR,SPEAKER_66,2717.47971875,2732.0934687500003
[ 00:45:32.481 -->  00:45:35.822],BR,SPEAKER_66,2732.4815937500007,2735.82284375
[ 00:45:36.396 -->  00:45:37.949],BR,SPEAKER_66,2736.3965937500006,2737.9490937500004
[ 00:45:38.252 -->  00:45:40.699],BR,SPEAKER_66,2738.2528437500005,2740.69971875
[ 00:45:41.070 -->  00:45:42.015],BR,SPEAKER_66,2741.0709687500002,2742.01596875
[ 00:45:42.640 -->  00:45:47.213],BR,SPEAKER_66,2742.6403437500003,2747.21346875
[ 00:45:47.888 -->  00:45:52.090],BR,SPEAKER_66,2747.8884687500004,2752.09034375
[ 00:45:52.562 -->  00:45:53.220],BR,SPEAKER_66,2752.56284375,2753.22096875
[ 00:45:54.689 -->  00:45:55.937],BR,SPEAKER_66,2754.68909375,2755.93784375
[ 00:45:57.135 -->  00:45:58.165],BR,SPEAKER_66,2757.13596875,2758.16534375
[ 00:46:00.190 -->  00:46:00.696],BR,SPEAKER_66,2760.1903437500005,2760.69659375
[ 00:46:01.793 -->  00:46:02.957],BR,SPEAKER_66,2761.79346875,2762.9578437500004
[ 00:46:04.679 -->  00:46:10.028],BR,SPEAKER_66,2764.67909375,2770.0284687500007
[ 00:46:10.197 -->  00:46:10.973],BR,SPEAKER_66,2770.1972187500005,2770.9734687500004
[ 00:46:11.783 -->  00:46:12.897],BR,SPEAKER_66,2771.78346875,2772.8972187500003
[ 00:46:13.099 -->  00:46:18.044],BR,SPEAKER_66,2773.0997187500006,2778.0440937500007
[ 00:46:19.022 -->  00:46:23.865],BR,SPEAKER_66,2779.02284375,2783.8659687500003
[ 00:46:25.401 -->  00:46:28.405],BR,SPEAKER_66,2785.40159375,2788.4053437500006
[ 00:46:29.114 -->  00:46:33.923],BR,SPEAKER_66,2789.1140937500004,2793.92346875
[ 00:46:34.260 -->  00:46:35.661],BR,SPEAKER_66,2794.26096875,2795.66159375
[ 00:46:36.218 -->  00:46:40.150],BR,SPEAKER_66,2796.2184687500003,2800.1503437500005
[ 00:46:41.432 -->  00:46:43.626],BR,SPEAKER_66,2801.43284375,2803.62659375
[ 00:46:44.183 -->  00:46:46.529],BR,SPEAKER_66,2804.1834687500004,2806.5290937500004
[ 00:46:46.815 -->  00:46:55.337],BR,SPEAKER_66,2806.81596875,2815.3378437500005
[ 00:46:55.759 -->  00:47:15.300],BR,SPEAKER_66,2815.7597187500005,2835.30096875
[ 00:47:15.554 -->  00:47:16.060],BR,SPEAKER_66,2835.55409375,2836.0603437500004
[ 00:47:16.650 -->  00:47:22.860],BR,SPEAKER_66,2836.65096875,2842.86096875
[ 00:47:23.316 -->  00:47:25.594],BR,SPEAKER_66,2843.31659375,2845.5947187500005
[ 00:47:26.438 -->  00:47:29.830],BR,SPEAKER_66,2846.4384687500005,2849.83034375
[ 00:47:30.927 -->  00:47:34.724],BR,SPEAKER_66,2850.92721875,2854.72409375
[ 00:47:34.926 -->  00:47:35.770],BR,SPEAKER_66,2854.9265937500004,2855.7703437500004
[ 00:47:36.242 -->  00:47:40.934],BR,SPEAKER_66,2856.2428437500002,2860.93409375
[ 00:47:41.693 -->  00:47:43.887],BR,SPEAKER_66,2861.6934687500006,2863.88721875
[ 00:47:44.241 -->  00:47:45.507],BR,SPEAKER_66,2864.24159375,2865.50721875
[ 00:47:45.659 -->  00:47:48.038],BR,SPEAKER_66,2865.6590937500005,2868.03846875
[ 00:47:48.595 -->  00:47:49.439],BR,SPEAKER_66,2868.59534375,2869.43909375
[ 00:47:49.945 -->  00:47:51.632],BR,SPEAKER_66,2869.9453437500006,2871.6328437500006
[ 00:47:52.695 -->  00:47:55.193],BR,SPEAKER_66,2872.6959687500002,2875.1934687500006
[ 00:47:55.379 -->  00:47:58.500],BR,SPEAKER_66,2875.37909375,2878.5009687500005
[ 00:47:58.720 -->  00:48:00.576],BR,SPEAKER_66,2878.72034375,2880.57659375
[ 00:48:00.964 -->  00:48:02.955],BR,SPEAKER_66,2880.9647187500004,2882.9559687500005
[ 00:48:03.259 -->  00:48:06.246],BR,SPEAKER_66,2883.2597187500005,2886.24659375
[ 00:48:06.432 -->  00:48:07.444],BR,SPEAKER_66,2886.43221875,2887.44471875
[ 00:48:07.967 -->  00:48:10.330],BR,SPEAKER_66,2887.9678437500006,2890.33034375
[ 00:48:10.735 -->  00:48:12.709],BR,SPEAKER_66,2890.7353437500005,2892.7097187500003
[ 00:48:13.485 -->  00:48:17.687],BR,SPEAKER_66,2893.48596875,2897.68784375
[ 00:48:17.772 -->  00:48:20.489],BR,SPEAKER_66,2897.7722187500003,2900.4890937500004
[ 00:48:20.843 -->  00:48:22.885],BR,SPEAKER_66,2900.8434687500003,2902.88534375
[ 00:48:23.442 -->  00:48:26.108],BR,SPEAKER_66,2903.4422187500004,2906.1084687500006
[ 00:48:26.580 -->  00:48:28.673],BR,SPEAKER_66,2906.5809687500005,2908.67346875
[ 00:48:28.994 -->  00:48:30.597],BR,SPEAKER_66,2908.9940937500005,2910.59721875
[ 00:48:30.833 -->  00:48:31.727],BR,SPEAKER_66,2910.83346875,2911.72784375
[ 00:48:32.031 -->  00:48:32.655],BR,SPEAKER_66,2912.03159375,2912.6559687500003
[ 00:48:33.364 -->  00:48:36.469],BR,SPEAKER_66,2913.36471875,2916.4697187500005
[ 00:48:38.292 -->  00:48:40.064],BR,SPEAKER_66,2918.29221875,2920.06409375
[ 00:48:40.435 -->  00:48:41.920],BR,SPEAKER_66,2920.4353437500004,2921.92034375
[ 00:48:42.240 -->  00:48:44.468],BR,SPEAKER_66,2922.2409687500003,2924.4684687500003
[ 00:48:45.177 -->  00:48:45.531],BR,SPEAKER_66,2925.17721875,2925.53159375
[ 00:48:46.004 -->  00:48:53.597],BR,SPEAKER_66,2926.00409375,2933.59784375
[ 00:48:54.576 -->  00:48:55.065],BR,SPEAKER_66,2934.57659375,2935.06596875
[ 00:48:55.589 -->  00:48:58.305],BR,SPEAKER_66,2935.58909375,2938.30596875
[ 00:48:58.559 -->  00:48:59.031],BR,SPEAKER_66,2938.55909375,2939.03159375
[ 00:48:59.554 -->  00:49:00.263],BR,SPEAKER_66,2939.5547187500006,2940.2634687500004
[ 00:49:00.364 -->  00:49:03.891],BR,SPEAKER_66,2940.36471875,2943.8915937500005
[ 00:49:04.836 -->  00:49:07.941],BR,SPEAKER_66,2944.8365937500002,2947.94159375
[ 00:49:08.785 -->  00:49:11.907],BR,SPEAKER_66,2948.78534375,2951.9072187500005
[ 00:49:12.750 -->  00:49:13.527],BR,SPEAKER_66,2952.7509687500005,2953.5272187500004
[ 00:49:13.695 -->  00:49:14.624],BR,SPEAKER_66,2953.6959687500002,2954.6240937500006
[ 00:49:15.636 -->  00:49:18.994],BR,SPEAKER_66,2955.6365937500004,2958.99471875
[ 00:49:19.214 -->  00:49:24.816],BR,SPEAKER_66,2959.21409375,2964.81659375
[ 00:49:28.140 -->  00:49:28.157],BM,SPEAKER_61,2968.14096875,2968.15784375
[ 00:49:28.157 -->  00:49:28.174],BR,SPEAKER_66,2968.15784375,2968.1747187500005
[ 00:49:28.174 -->  00:49:28.191],BM,SPEAKER_61,2968.1747187500005,2968.19159375
[ 00:49:28.191 -->  00:49:28.275],BR,SPEAKER_66,2968.19159375,2968.27596875
[ 00:49:28.275 -->  00:49:28.512],BM,SPEAKER_61,2968.27596875,2968.51221875
[ 00:49:28.512 -->  00:49:28.545],BR,SPEAKER_66,2968.51221875,2968.5459687500006
[ 00:49:38.805 -->  00:49:44.020],BR,SPEAKER_66,2978.80596875,2984.0203437500004
[ 00:49:45.640 -->  00:49:51.732],BR,SPEAKER_66,2985.6403437500003,2991.7322187500004
[ 00:49:51.495 -->  00:49:53.267],AI,SPEAKER_28,2991.4959687500004,2993.26784375
[ 00:49:53.892 -->  00:50:02.329],BR,SPEAKER_66,2993.89221875,3002.32971875
[ 00:50:03.797 -->  00:50:05.974],BT,SPEAKER_69,3003.7978437500005,3005.9747187500006
[ 00:50:05.974 -->  00:50:06.109],BW,SPEAKER_72,3005.9747187500006,3006.10971875
[ 00:50:06.919 -->  00:50:07.459],BW,SPEAKER_72,3006.9197187500004,3007.4597187500003
[ 00:50:07.459 -->  00:50:07.510],BR,SPEAKER_66,3007.4597187500003,3007.51034375
[ 00:50:12.522 -->  00:50:15.863],BR,SPEAKER_66,3012.5222187500003,3015.86346875
[ 00:50:22.039 -->  00:50:22.377],AT,SPEAKER_40,3022.0397187500002,3022.37721875
[ 00:50:23.912 -->  00:50:30.949],AT,SPEAKER_40,3023.9128437500003,3030.94971875
[ 00:50:32.400 -->  00:50:35.775],AT,SPEAKER_40,3032.40096875,3035.77596875
[ 00:50:37.125 -->  00:50:39.252],AT,SPEAKER_40,3037.1259687500005,3039.25221875
[ 00:50:41.530 -->  00:50:45.040],AT,SPEAKER_40,3041.5303437500006,3045.04034375
[ 00:50:46.187 -->  00:50:50.828],AT,SPEAKER_40,3046.18784375,3050.82846875
[ 00:50:52.043 -->  00:51:07.517],AT,SPEAKER_40,3052.04346875,3067.51784375
[ 00:51:09.255 -->  00:51:10.774],AT,SPEAKER_40,3069.2559687500006,3070.77471875
[ 00:51:11.753 -->  00:51:13.980],AT,SPEAKER_40,3071.75346875,3073.98096875
[ 00:51:15.010 -->  00:51:17.322],AT,SPEAKER_40,3075.01034375,3077.3222187500005
[ 00:51:19.043 -->  00:51:24.038],AT,SPEAKER_40,3079.04346875,3084.03846875
[ 00:51:24.325 -->  00:51:24.932],AT,SPEAKER_40,3084.3253437500007,3084.93284375
[ 00:51:26.012 -->  00:51:28.898],AT,SPEAKER_40,3086.0128437500007,3088.8984687500006
[ 00:51:30.164 -->  00:52:05.534],AT,SPEAKER_40,3090.1640937500006,3125.5340937500005
[ 00:52:08.115 -->  00:52:11.220],AT,SPEAKER_40,3128.1159687500003,3131.22096875
[ 00:52:13.617 -->  00:52:18.105],AT,SPEAKER_40,3133.6172187500006,3138.10596875
[ 00:52:19.320 -->  00:52:19.894],AT,SPEAKER_40,3139.3209687500002,3139.89471875
[ 00:52:19.962 -->  00:52:20.029],AT,SPEAKER_40,3139.96221875,3140.02971875
[ 00:52:20.063 -->  00:52:26.914],AT,SPEAKER_40,3140.0634687500005,3146.9147187500002
[ 00:52:27.539 -->  00:52:32.787],AT,SPEAKER_40,3147.5390937500006,3152.7872187500006
[ 00:52:34.592 -->  00:52:39.908],AT,SPEAKER_40,3154.5928437500006,3159.90846875
[ 00:52:41.646 -->  00:52:41.950],AT,SPEAKER_40,3161.6465937500006,3161.9503437500007
[ 00:52:44.414 -->  00:52:53.999],AT,SPEAKER_40,3164.4140937500006,3173.9990937500006
[ 00:52:55.484 -->  00:52:56.226],AT,SPEAKER_40,3175.4840937500003,3176.2265937500006
[ 00:52:57.525 -->  00:53:01.322],AT,SPEAKER_40,3177.52596875,3181.32284375
[ 00:53:02.436 -->  00:53:07.600],AT,SPEAKER_40,3182.4365937500006,3187.6003437500003
[ 00:53:08.410 -->  00:53:14.789],AT,SPEAKER_40,3188.4103437500007,3194.7890937500006
[ 00:53:19.429 -->  00:53:21.184],AT,SPEAKER_40,3199.4297187500006,3201.1847187500007
[ 00:53:23.175 -->  00:53:23.209],AL,SPEAKER_31,3203.1759687500007,3203.2097187500003
[ 00:53:23.209 -->  00:53:24.846],AT,SPEAKER_40,3203.2097187500003,3204.8465937500005
[ 00:53:28.727 -->  00:53:30.314],AT,SPEAKER_40,3208.72784375,3210.31409375
[ 00:53:30.482 -->  00:53:37.823],AT,SPEAKER_40,3210.48284375,3217.82346875
[ 00:53:39.122 -->  00:53:43.307],AT,SPEAKER_40,3219.1228437500004,3223.30784375
[ 00:53:44.759 -->  00:53:51.576],AT,SPEAKER_40,3224.75909375,3231.57659375
[ 00:53:52.555 -->  00:54:03.726],AT,SPEAKER_40,3232.5553437500002,3243.7265937500006
[ 00:54:04.688 -->  00:54:05.633],AT,SPEAKER_40,3244.6884687500005,3245.6334687500002
[ 00:54:13.007 -->  00:54:14.138],AT,SPEAKER_40,3253.0078437500006,3254.1384687500004
[ 00:54:14.138 -->  00:54:14.222],AK,SPEAKER_30,3254.1384687500004,3254.2228437500007
[ 00:54:16.382 -->  00:54:17.192],R,SPEAKER_09,3256.3828437500006,3257.19284375
[ 00:54:17.192 -->  00:54:17.209],T,SPEAKER_11,3257.19284375,3257.2097187500003
[ 00:54:21.090 -->  00:54:21.884],AI,SPEAKER_28,3261.0909687500007,3261.88409375
[ 00:54:21.968 -->  00:54:22.035],AI,SPEAKER_28,3261.9684687500003,3262.0359687500004
[ 00:54:22.727 -->  00:54:24.280],AI,SPEAKER_28,3262.72784375,3264.2803437500006
[ 00:54:25.039 -->  00:54:26.997],AI,SPEAKER_28,3265.0397187500002,3266.9972187500007
[ 00:54:27.334 -->  00:54:30.642],BR,SPEAKER_66,3267.3347187500003,3270.64221875
[ 00:54:34.169 -->  00:54:34.827],AI,SPEAKER_28,3274.1690937500007,3274.8272187500006
[ 00:54:34.962 -->  00:54:41.830],AI,SPEAKER_28,3274.96221875,3281.83034375
[ 00:54:51.212 -->  00:55:13.605],BI,SPEAKER_57,3291.2128437500005,3313.60596875
[ 00:55:14.466 -->  00:55:20.372],BI,SPEAKER_57,3314.4665937500004,3320.3728437500004
[ 00:55:20.862 -->  00:55:29.198],BI,SPEAKER_57,3320.8622187500005,3329.19846875
[ 00:55:36.910 -->  00:55:38.969],E,SPEAKER_34,3336.9103437500007,3338.96909375
[ 00:55:38.969 -->  00:55:39.002],X,SPEAKER_16,3338.96909375,3339.0028437500005
[ 00:55:39.002 -->  00:55:39.019],E,SPEAKER_34,3339.0028437500005,3339.0197187500007
[ 00:55:39.019 -->  00:55:39.053],X,SPEAKER_16,3339.0197187500007,3339.0534687500003
[ 00:55:39.053 -->  00:55:39.070],E,SPEAKER_34,3339.0534687500003,3339.0703437500006
[ 00:55:39.255 -->  00:55:45.584],E,SPEAKER_34,3339.2559687500006,3345.5840937500006
[ 00:55:46.124 -->  00:55:48.334],E,SPEAKER_34,3346.1240937500006,3348.3347187500003
[ 00:55:48.824 -->  00:55:53.937],E,SPEAKER_34,3348.8240937500004,3353.9372187500003
[ 00:55:54.392 -->  00:55:56.333],E,SPEAKER_34,3354.39284375,3356.33346875
[ 00:55:56.721 -->  00:55:59.590],E,SPEAKER_34,3356.7215937500005,3359.59034375
[ 00:56:00.231 -->  00:56:06.154],E,SPEAKER_34,3360.2315937500007,3366.15471875
[ 00:56:06.340 -->  00:56:10.356],E,SPEAKER_34,3366.34034375,3370.3565937500007
[ 00:56:10.964 -->  00:56:13.731],E,SPEAKER_34,3370.96409375,3373.7315937500007
[ 00:56:14.153 -->  00:56:16.752],E,SPEAKER_34,3374.1534687500007,3376.75221875
[ 00:56:17.697 -->  00:56:21.004],E,SPEAKER_34,3377.6972187500005,3381.0047187500004
[ 00:56:21.730 -->  00:56:27.045],E,SPEAKER_34,3381.7303437500004,3387.0459687500006
[ 00:56:28.379 -->  00:56:31.028],E,SPEAKER_34,3388.3790937500007,3391.0284687500007
[ 00:56:31.450 -->  00:56:47.110],E,SPEAKER_34,3391.4503437500007,3407.1103437500005
[ 00:56:48.392 -->  00:56:56.037],E,SPEAKER_34,3408.39284375,3416.0372187500006
[ 00:56:56.155 -->  00:57:04.710],E,SPEAKER_34,3416.1553437500006,3424.7109687500006
[ 00:57:05.723 -->  00:57:07.124],E,SPEAKER_34,3425.7234687500004,3427.1240937500006
[ 00:57:07.748 -->  00:57:09.840],E,SPEAKER_34,3427.74846875,3429.8409687500007
[ 00:57:11.089 -->  00:57:16.472],E,SPEAKER_34,3431.0897187500004,3436.4728437500007
[ 00:57:16.877 -->  00:57:21.518],E,SPEAKER_34,3436.8778437500005,3441.5184687500005
[ 00:57:22.902 -->  00:57:24.758],E,SPEAKER_34,3442.9022187500004,3444.7584687500002
[ 00:57:25.112 -->  00:57:26.209],E,SPEAKER_34,3445.11284375,3446.2097187500003
[ 00:57:26.361 -->  00:57:28.049],E,SPEAKER_34,3446.36159375,3448.04909375
[ 00:57:29.314 -->  00:57:37.583],E,SPEAKER_34,3449.31471875,3457.58346875
[ 00:57:38.039 -->  00:57:48.113],E,SPEAKER_34,3458.0390937500006,3468.1134687500007
[ 00:57:50.796 -->  00:57:55.386],E,SPEAKER_34,3470.7965937500003,3475.3865937500004
[ 00:57:56.027 -->  00:57:58.424],E,SPEAKER_34,3476.02784375,3478.42409375
[ 00:57:58.879 -->  00:58:02.322],E,SPEAKER_34,3478.8797187500004,3482.3222187500005
[ 00:58:02.642 -->  00:58:04.245],E,SPEAKER_34,3482.64284375,3484.2459687500004
[ 00:58:04.819 -->  00:58:07.536],E,SPEAKER_34,3484.81971875,3487.53659375
[ 00:58:07.941 -->  00:58:11.114],E,SPEAKER_34,3487.9415937500007,3491.1140937500004
[ 00:58:13.139 -->  00:58:16.530],E,SPEAKER_34,3493.13909375,3496.5309687500003
[ 00:58:16.800 -->  00:58:19.365],E,SPEAKER_34,3496.8009687500007,3499.3659687500003
[ 00:58:19.517 -->  00:58:21.407],E,SPEAKER_34,3499.51784375,3501.40784375
[ 00:58:21.762 -->  00:58:24.664],E,SPEAKER_34,3501.76221875,3504.6647187500002
[ 00:58:25.052 -->  00:58:30.604],E,SPEAKER_34,3505.0528437500006,3510.60471875
[ 00:58:32.528 -->  00:58:36.814],E,SPEAKER_34,3512.5284687500007,3516.81471875
[ 00:58:36.966 -->  00:58:36.983],E,SPEAKER_34,3516.9665937500004,3516.9834687500006
[ 00:58:37.320 -->  00:58:43.564],E,SPEAKER_34,3517.3209687500002,3523.56471875
[ 00:58:43.986 -->  00:58:47.648],E,SPEAKER_34,3523.98659375,3527.6484687500006
[ 00:58:46.770 -->  00:58:46.821],AQ,SPEAKER_37,3526.77096875,3526.82159375
[ 00:58:48.289 -->  00:58:49.335],E,SPEAKER_34,3528.2897187500002,3529.3359687500006
[ 00:58:49.926 -->  00:58:53.858],E,SPEAKER_34,3529.9265937500004,3533.8584687500006
[ 00:58:54.364 -->  00:58:56.305],E,SPEAKER_34,3534.36471875,3536.3053437500002
[ 00:58:56.642 -->  00:59:00.051],E,SPEAKER_34,3536.64284375,3540.0515937500004
[ 00:59:05.974 -->  00:59:05.991],T,SPEAKER_11,3545.9747187500006,3545.99159375
[ 00:59:05.991 -->  00:59:07.054],AI,SPEAKER_28,3545.99159375,3547.0547187500006
[ 00:59:07.054 -->  00:59:07.510],T,SPEAKER_11,3547.0547187500006,3547.51034375
[ 00:59:07.510 -->  00:59:08.100],AI,SPEAKER_28,3547.51034375,3548.10096875
[ 00:59:09.029 -->  00:59:17.044],AI,SPEAKER_28,3549.0290937500004,3557.0447187500004
[ 00:59:12.032 -->  00:59:12.353],BI,SPEAKER_57,3552.03284375,3552.3534687500005
[ 00:59:18.158 -->  00:59:23.018],BI,SPEAKER_57,3558.15846875,3563.0184687500005
[ 00:59:26.258 -->  00:59:26.275],BV,SPEAKER_71,3566.2584687500002,3566.2753437500005
[ 00:59:26.275 -->  00:59:26.342],AQ,SPEAKER_37,3566.2753437500005,3566.3428437500006
[ 00:59:26.342 -->  00:59:26.798],BV,SPEAKER_71,3566.3428437500006,3566.79846875
[ 00:59:26.798 -->  00:59:26.815],AQ,SPEAKER_37,3566.79846875,3566.8153437500005
[ 00:59:28.890 -->  00:59:29.549],BV,SPEAKER_71,3568.89096875,3569.54909375
[ 00:59:31.776 -->  00:59:41.918],BV,SPEAKER_71,3571.77659375,3581.91846875
[ 00:59:42.779 -->  00:59:52.971],BV,SPEAKER_71,3582.7790937500004,3592.9715937500005
[ 00:59:54.321 -->  01:00:05.526],BV,SPEAKER_71,3594.32159375,3605.52659375
[ 01:00:05.745 -->  01:00:07.332],BV,SPEAKER_71,3605.7459687500004,3607.3322187500007
[ 01:00:08.310 -->  01:00:11.770],BV,SPEAKER_71,3608.31096875,3611.7703437500004
[ 01:00:12.850 -->  01:00:15.094],BV,SPEAKER_71,3612.8503437500003,3615.0947187500005
[ 01:00:15.499 -->  01:00:17.440],BV,SPEAKER_71,3615.4997187500003,3617.4403437500005
[ 01:00:17.777 -->  01:00:19.853],BV,SPEAKER_71,3617.77784375,3619.8534687500005
[ 01:00:20.730 -->  01:00:22.097],BV,SPEAKER_71,3620.73096875,3622.0978437500007
[ 01:00:23.211 -->  01:00:27.413],BV,SPEAKER_71,3623.2115937500002,3627.41346875
[ 01:00:28.425 -->  01:00:32.577],BV,SPEAKER_71,3628.4259687500007,3632.5772187500006
[ 01:00:34.939 -->  01:00:37.251],BV,SPEAKER_71,3634.93971875,3637.25159375
[ 01:00:37.673 -->  01:00:41.065],BV,SPEAKER_71,3637.67346875,3641.0653437500005
[ 01:00:45.486 -->  01:00:53.316],BV,SPEAKER_71,3645.48659375,3653.3165937500007
[ 01:00:53.704 -->  01:00:58.750],BV,SPEAKER_71,3653.70471875,3658.75034375
[ 01:01:00.134 -->  01:01:00.640],BV,SPEAKER_71,3660.13409375,3660.6403437500003
[ 01:01:00.842 -->  01:01:02.867],BV,SPEAKER_71,3660.8428437500006,3662.8678437500002
[ 01:01:04.133 -->  01:01:05.804],BV,SPEAKER_71,3664.1334687500002,3665.80409375
[ 01:01:04.200 -->  01:01:04.622],AI,SPEAKER_28,3664.2009687500004,3664.6228437500004
[ 01:01:07.457 -->  01:01:13.617],AI,SPEAKER_28,3667.4578437500004,3673.6172187500006
[ 01:01:13.785 -->  01:01:17.059],AI,SPEAKER_28,3673.7859687500004,3677.0597187500007
[ 01:01:17.650 -->  01:01:18.392],AI,SPEAKER_28,3677.6503437500005,3678.39284375
[ 01:01:18.392 -->  01:01:18.409],BV,SPEAKER_71,3678.39284375,3678.40971875
[ 01:01:19.506 -->  01:01:21.126],BV,SPEAKER_71,3679.5065937500003,3681.12659375
[ 01:01:22.206 -->  01:01:23.337],BV,SPEAKER_71,3682.20659375,3683.33721875
[ 01:01:24.164 -->  01:01:25.514],BV,SPEAKER_71,3684.1640937500006,3685.51409375
[ 01:01:26.307 -->  01:01:27.910],BV,SPEAKER_71,3686.30721875,3687.9103437500007
[ 01:01:28.551 -->  01:01:32.061],BV,SPEAKER_71,3688.5515937500004,3692.0615937500006
[ 01:01:32.534 -->  01:01:33.732],BV,SPEAKER_71,3692.5340937500005,3693.7322187500004
[ 01:01:33.900 -->  01:01:35.655],BV,SPEAKER_71,3693.90096875,3695.6559687500003
[ 01:01:47.232 -->  01:01:53.880],AS,SPEAKER_39,3707.2322187500004,3713.8809687500006
[ 01:01:47.400 -->  01:01:47.890],BK,SPEAKER_59,3707.40096875,3707.8903437500003
[ 01:01:54.539 -->  01:02:00.394],AS,SPEAKER_39,3714.5390937500006,3720.3947187500007
[ 01:02:00.630 -->  01:02:02.132],AS,SPEAKER_39,3720.6309687500006,3722.1328437500006
[ 01:02:02.790 -->  01:02:05.541],AS,SPEAKER_39,3722.7909687500005,3725.54159375
[ 01:02:05.879 -->  01:02:08.629],AS,SPEAKER_39,3725.8790937500007,3728.6297187500004
[ 01:02:09.000 -->  01:02:10.097],AS,SPEAKER_39,3729.0009687500005,3730.0978437500007
[ 01:02:10.367 -->  01:02:13.185],AS,SPEAKER_39,3730.3678437500002,3733.18596875
[ 01:02:13.422 -->  01:02:17.219],AS,SPEAKER_39,3733.42221875,3737.21909375
[ 01:02:17.742 -->  01:02:20.290],AS,SPEAKER_39,3737.7422187500006,3740.29034375
[ 01:02:21.235 -->  01:02:22.838],AS,SPEAKER_39,3741.2353437500005,3742.83846875
[ 01:02:23.243 -->  01:02:24.897],AS,SPEAKER_39,3743.24346875,3744.8972187500003
[ 01:02:25.200 -->  01:02:27.428],AS,SPEAKER_39,3745.2009687500004,3747.4284687500003
[ 01:02:28.052 -->  01:02:34.701],AS,SPEAKER_39,3748.0528437500006,3754.70159375
[ 01:02:35.646 -->  01:02:36.085],AS,SPEAKER_39,3755.6465937500006,3756.08534375
[ 01:02:36.304 -->  01:02:41.097],AS,SPEAKER_39,3756.3047187500006,3761.09721875
[ 01:02:41.350 -->  01:02:43.240],AS,SPEAKER_39,3761.3503437500003,3763.2403437500006
[ 01:02:43.763 -->  01:02:53.837],AS,SPEAKER_39,3763.7634687500004,3773.8378437500005
[ 01:02:54.495 -->  01:02:59.119],AS,SPEAKER_39,3774.4959687500004,3779.11971875
[ 01:02:59.406 -->  01:03:05.667],AS,SPEAKER_39,3779.40659375,3785.6672187500008
[ 01:03:05.886 -->  01:03:11.894],AS,SPEAKER_39,3785.8865937500004,3791.89409375
[ 01:03:11.978 -->  01:03:13.733],AS,SPEAKER_39,3791.9784687500005,3793.7334687500006
[ 01:03:13.800 -->  01:03:22.508],AS,SPEAKER_39,3793.8009687500007,3802.5084687500002
[ 01:03:23.166 -->  01:03:25.039],AS,SPEAKER_39,3803.16659375,3805.0397187500002
[ 01:03:25.630 -->  01:03:29.697],AS,SPEAKER_39,3805.63034375,3809.6972187500005
[ 01:03:30.186 -->  01:03:33.882],AS,SPEAKER_39,3810.1865937500006,3813.88221875
[ 01:03:34.742 -->  01:03:46.065],AS,SPEAKER_39,3814.7428437500002,3826.06596875
[ 01:03:46.740 -->  01:03:57.355],AS,SPEAKER_39,3826.7409687500003,3837.3553437500004
[ 01:04:05.792 -->  01:04:11.901],BI,SPEAKER_57,3845.7928437500004,3851.9015937500008
[ 01:04:07.092 -->  01:04:08.459],T,SPEAKER_11,3847.09221875,3848.4590937500006
[ 01:04:11.935 -->  01:04:12.779],AI,SPEAKER_28,3851.9353437500004,3852.7790937500004
[ 01:04:13.994 -->  01:04:14.483],AI,SPEAKER_28,3853.9940937500005,3854.4834687500006
[ 01:04:14.972 -->  01:04:17.807],AI,SPEAKER_28,3854.9728437500007,3857.8078437500008
[ 01:04:22.195 -->  01:04:36.319],AA,SPEAKER_19,3862.1953437500006,3876.31971875
[ 01:04:36.707 -->  01:04:38.614],AA,SPEAKER_19,3876.7078437500004,3878.61471875
[ 01:04:40.167 -->  01:04:47.507],AA,SPEAKER_19,3880.1672187500008,3887.5078437500006
[ 01:04:47.946 -->  01:05:00.535],AA,SPEAKER_19,3887.94659375,3900.5353437500007
[ 01:05:01.800 -->  01:05:06.525],AA,SPEAKER_19,3901.8009687500007,3906.52596875
[ 01:05:07.386 -->  01:05:09.428],AA,SPEAKER_19,3907.3865937500004,3909.4284687500003
[ 01:05:10.407 -->  01:05:13.073],AA,SPEAKER_19,3910.4072187500005,3913.0734687500008
[ 01:05:14.372 -->  01:05:21.780],AA,SPEAKER_19,3914.3728437500004,3921.7809687500003
[ 01:05:22.253 -->  01:05:28.969],AA,SPEAKER_19,3922.25346875,3928.9697187500005
[ 01:05:30.505 -->  01:05:35.297],AA,SPEAKER_19,3930.50534375,3935.2978437500005
[ 01:05:36.344 -->  01:05:48.325],AA,SPEAKER_19,3936.34409375,3948.3253437500007
[ 01:05:49.709 -->  01:06:00.289],AA,SPEAKER_19,3949.7090937500006,3960.2897187500002
[ 01:06:00.897 -->  01:06:04.035],AA,SPEAKER_19,3960.8972187500003,3964.0359687500004
[ 01:06:04.440 -->  01:06:07.225],AA,SPEAKER_19,3964.44096875,3967.2253437500003
[ 01:06:08.102 -->  01:06:14.194],AA,SPEAKER_19,3968.10284375,3974.19471875
[ 01:06:14.633 -->  01:06:20.539],AA,SPEAKER_19,3974.6334687500002,3980.5397187500002
[ 01:06:21.535 -->  01:06:25.619],AA,SPEAKER_19,3981.5353437500007,3985.6190937500005
[ 01:06:25.686 -->  01:06:27.677],AA,SPEAKER_19,3985.6865937500006,3987.6778437500006
[ 01:06:28.420 -->  01:06:43.320],AA,SPEAKER_19,3988.42034375,4003.3209687500002
[ 01:06:45.295 -->  01:07:01.613],AA,SPEAKER_19,4005.29534375,4021.6134687500007
[ 01:07:02.220 -->  01:07:15.771],AA,SPEAKER_19,4022.22096875,4035.7715937500006
[ 01:07:16.176 -->  01:07:21.374],AA,SPEAKER_19,4036.1765937500004,4041.3740937500006
[ 01:07:21.711 -->  01:07:24.782],AA,SPEAKER_19,4041.7115937500002,4044.78284375
[ 01:07:25.474 -->  01:07:27.229],AA,SPEAKER_19,4045.4747187500006,4047.2297187500008
[ 01:07:28.242 -->  01:07:30.756],AA,SPEAKER_19,4048.2422187500006,4050.7565937500003
[ 01:07:31.144 -->  01:07:44.999],AA,SPEAKER_19,4051.1447187500007,4064.9990937500006
[ 01:07:46.095 -->  01:07:58.465],AA,SPEAKER_19,4066.09596875,4078.46534375
[ 01:07:58.920 -->  01:08:00.675],AA,SPEAKER_19,4078.9209687500006,4080.6759687500007
[ 01:08:01.232 -->  01:08:04.506],AA,SPEAKER_19,4081.23284375,4084.5065937500003
[ 01:08:04.911 -->  01:08:15.812],AA,SPEAKER_19,4084.91159375,4095.81284375
[ 01:08:19.086 -->  01:08:26.545],AA,SPEAKER_19,4099.08659375,4106.54534375
[ 01:08:27.372 -->  01:08:40.821],AA,SPEAKER_19,4107.372218750001,4120.821593750001
[ 01:08:41.749 -->  01:08:45.242],AA,SPEAKER_19,4121.749718749999,4125.24284375
[ 01:08:46.508 -->  01:08:55.350],AA,SPEAKER_19,4126.50846875,4135.350968750001
[ 01:08:56.211 -->  01:08:58.304],AA,SPEAKER_19,4136.21159375,4138.304093750001
[ 01:09:00.801 -->  01:09:58.193],AA,SPEAKER_19,4140.80159375,4198.19346875
[ 01:10:06.816 -->  01:10:13.077],BR,SPEAKER_66,4206.81659375,4213.077218750001
[ 01:10:13.330 -->  01:10:14.359],BR,SPEAKER_66,4213.33034375,4214.35971875
[ 01:10:14.579 -->  01:10:17.009],BR,SPEAKER_66,4214.5790937500005,4217.009093750001
[ 01:10:17.312 -->  01:10:29.344],BR,SPEAKER_66,4217.31284375,4229.3447187500005
[ 01:10:29.918 -->  01:10:35.605],BR,SPEAKER_66,4229.91846875,4235.6053437499995
[ 01:10:36.195 -->  01:10:38.997],BR,SPEAKER_66,4236.19596875,4238.997218750001
[ 01:10:39.351 -->  01:10:43.384],BR,SPEAKER_66,4239.35159375,4243.38471875
[ 01:10:43.620 -->  01:10:46.017],BR,SPEAKER_66,4243.6209687499995,4246.017218749999
[ 01:10:46.692 -->  01:10:47.772],BR,SPEAKER_66,4246.69221875,4247.77221875
[ 01:10:48.784 -->  01:10:55.281],BR,SPEAKER_66,4248.784718749999,4255.28159375
[ 01:10:55.467 -->  01:10:57.745],BR,SPEAKER_66,4255.46721875,4257.745343750001
[ 01:10:58.184 -->  01:11:02.014],BR,SPEAKER_66,4258.18409375,4262.014718750001
[ 01:11:02.571 -->  01:11:03.803],BR,SPEAKER_66,4262.571593750001,4263.80346875
[ 01:11:04.326 -->  01:11:05.929],BR,SPEAKER_66,4264.32659375,4265.92971875
[ 01:11:06.149 -->  01:11:08.545],BR,SPEAKER_66,4266.14909375,4268.54534375
[ 01:11:09.119 -->  01:11:14.080],BR,SPEAKER_66,4269.11909375,4274.08034375
[ 01:11:14.940 -->  01:11:15.396],BR,SPEAKER_66,4274.940968749999,4275.39659375
[ 01:11:15.818 -->  01:11:18.113],BR,SPEAKER_66,4275.81846875,4278.11346875
[ 01:11:18.535 -->  01:11:19.024],AI,SPEAKER_28,4278.53534375,4279.024718750001
[ 01:11:20.695 -->  01:11:24.593],BR,SPEAKER_66,4280.69534375,4284.593468749999
[ 01:11:24.863 -->  01:11:27.276],BR,SPEAKER_66,4284.86346875,4287.276593750001
[ 01:11:27.630 -->  01:11:30.702],BR,SPEAKER_66,4287.63096875,4290.702218750001
[ 01:11:30.972 -->  01:11:41.856],BR,SPEAKER_66,4290.972218749999,4301.856593750001
[ 01:11:42.835 -->  01:11:52.319],BR,SPEAKER_66,4302.835343750001,4312.31909375
[ 01:11:53.820 -->  01:11:56.909],BR,SPEAKER_66,4313.82096875,4316.9090937500005
[ 01:11:59.052 -->  01:12:05.279],BR,SPEAKER_66,4319.052218750001,4325.279093749999
[ 01:12:05.903 -->  01:12:17.327],BR,SPEAKER_66,4325.903468750001,4337.327843749999
[ 01:12:17.648 -->  01:12:18.239],BR,SPEAKER_66,4337.64846875,4338.23909375
[ 01:12:18.779 -->  01:12:22.154],BR,SPEAKER_66,4338.779093749999,4342.154093749999
[ 01:12:22.913 -->  01:12:39.282],BR,SPEAKER_66,4342.913468750001,4359.2822187500005
[ 01:12:41.003 -->  01:12:43.315],BR,SPEAKER_66,4361.003468749999,4363.3153437500005
[ 01:12:45.053 -->  01:12:46.521],BR,SPEAKER_66,4365.05346875,4366.52159375
[ 01:12:47.230 -->  01:12:52.562],BR,SPEAKER_66,4367.2303437499995,4372.56284375
[ 01:12:53.119 -->  01:12:53.136],BR,SPEAKER_66,4373.11971875,4373.1365937499995
[ 01:12:53.136 -->  01:12:53.187],BW,SPEAKER_72,4373.1365937499995,4373.187218749999
[ 01:12:53.187 -->  01:12:53.355],BR,SPEAKER_66,4373.187218749999,4373.35596875
[ 01:12:53.355 -->  01:12:54.300],BW,SPEAKER_72,4373.35596875,4374.30096875
[ 01:12:54.300 -->  01:12:54.351],BR,SPEAKER_66,4374.30096875,4374.35159375
[ 01:12:54.621 -->  01:13:01.911],BR,SPEAKER_66,4374.62159375,4381.911593750001
[ 01:13:02.603 -->  01:13:04.544],BR,SPEAKER_66,4382.60346875,4384.544093750001
[ 01:13:04.932 -->  01:13:06.889],BR,SPEAKER_66,4384.93221875,4386.889718750001
[ 01:13:08.475 -->  01:13:09.252],BR,SPEAKER_66,4388.475968750001,4389.25221875
[ 01:13:10.011 -->  01:13:11.125],BR,SPEAKER_66,4390.0115937499995,4391.12534375
[ 01:13:11.597 -->  01:13:13.538],BR,SPEAKER_66,4391.59784375,4393.538468750001
[ 01:13:14.129 -->  01:13:16.744],BR,SPEAKER_66,4394.12909375,4396.74471875
[ 01:13:16.980 -->  01:13:19.225],BR,SPEAKER_66,4396.98096875,4399.22534375
[ 01:13:19.664 -->  01:13:29.519],BR,SPEAKER_66,4399.66409375,4409.519093749999
[ 01:13:36.876 -->  01:13:37.315],BR,SPEAKER_66,4416.876593749999,4417.3153437500005
[ 01:13:39.542 -->  01:13:42.344],BR,SPEAKER_66,4419.5428437499995,4422.34409375
[ 01:13:43.002 -->  01:13:49.954],BR,SPEAKER_66,4423.00221875,4429.954718749999
[ 01:13:50.224 -->  01:13:51.135],BR,SPEAKER_66,4430.22471875,4431.135968750001
[ 01:13:51.540 -->  01:13:53.025],BR,SPEAKER_66,4431.54096875,4433.02596875
[ 01:13:53.414 -->  01:13:53.835],BR,SPEAKER_66,4433.41409375,4433.83596875
[ 01:13:54.375 -->  01:13:55.135],BR,SPEAKER_66,4434.3759687500005,4435.13534375
[ 01:13:55.405 -->  01:13:59.472],BR,SPEAKER_66,4435.405343750001,4439.472218749999
[ 01:13:59.759 -->  01:14:01.294],BR,SPEAKER_66,4439.759093750001,4441.294718749999
[ 01:14:02.020 -->  01:14:04.619],BR,SPEAKER_66,4442.02034375,4444.61909375
[ 01:14:05.327 -->  01:14:07.032],BR,SPEAKER_66,4445.327843749999,4447.0322187500005
[ 01:14:07.487 -->  01:14:10.187],BR,SPEAKER_66,4447.487843749999,4450.18784375
[ 01:14:10.575 -->  01:14:11.774],BR,SPEAKER_66,4450.575968749999,4451.77409375
[ 01:14:12.094 -->  01:14:14.322],BR,SPEAKER_66,4452.0947187500005,4454.32221875
[ 01:14:15.638 -->  01:14:18.119],BR,SPEAKER_66,4455.638468749999,4458.11909375
[ 01:14:19.097 -->  01:14:25.324],BR,SPEAKER_66,4459.09784375,4465.32471875
[ 01:14:25.814 -->  01:14:27.619],BR,SPEAKER_66,4465.814093749999,4467.61971875
[ 01:14:27.720 -->  01:14:32.310],BR,SPEAKER_66,4467.72096875,4472.31096875
[ 01:14:34.740 -->  01:14:34.977],BR,SPEAKER_66,4474.74096875,4474.97721875
[ 01:14:34.977 -->  01:14:41.069],AI,SPEAKER_28,4474.97721875,4481.06909375
[ 01:14:42.233 -->  01:14:43.178],AI,SPEAKER_28,4482.233468750001,4483.17846875
[ 01:14:45.591 -->  01:14:52.206],AI,SPEAKER_28,4485.591593749999,4492.206593749999
[ 01:14:53.337 -->  01:14:53.995],AI,SPEAKER_28,4493.337218750001,4493.995343750001
[ 01:14:56.678 -->  01:14:57.167],AO,SPEAKER_35,4496.67846875,4497.1678437499995
[ 01:15:02.145 -->  01:15:05.031],AO,SPEAKER_35,4502.145968750001,4505.03159375
[ 01:15:05.571 -->  01:15:06.533],AO,SPEAKER_35,4505.571593750001,4506.53346875
[ 01:15:07.410 -->  01:15:14.312],AO,SPEAKER_35,4507.41096875,4514.31284375
[ 01:15:14.430 -->  01:15:16.557],AO,SPEAKER_35,4514.430968750001,4516.55721875
[ 01:15:17.114 -->  01:15:18.059],AO,SPEAKER_35,4517.11409375,4518.05909375
[ 01:15:18.649 -->  01:15:21.315],AO,SPEAKER_35,4518.649718750001,4521.315968749999
[ 01:15:21.805 -->  01:15:27.154],AO,SPEAKER_35,4521.80534375,4527.15471875
[ 01:15:27.745 -->  01:15:29.179],AO,SPEAKER_35,4527.745343750001,4529.17971875
[ 01:15:29.854 -->  01:15:30.512],AO,SPEAKER_35,4529.854718750001,4530.512843750001
[ 01:15:30.715 -->  01:15:32.959],AO,SPEAKER_35,4530.71534375,4532.95971875
[ 01:15:33.060 -->  01:15:35.119],AO,SPEAKER_35,4533.06096875,4535.11971875
[ 01:15:35.423 -->  01:15:36.655],AO,SPEAKER_35,4535.423468749999,4536.655343750001
[ 01:15:37.465 -->  01:15:39.135],AO,SPEAKER_35,4537.46534375,4539.135968750001
[ 01:15:39.895 -->  01:15:41.565],AO,SPEAKER_35,4539.89534375,4541.565968749999
[ 01:15:41.920 -->  01:15:45.717],AO,SPEAKER_35,4541.92034375,4545.71721875
[ 01:15:45.970 -->  01:15:47.742],AO,SPEAKER_35,4545.970343749999,4547.74221875
[ 01:15:49.142 -->  01:15:50.577],AO,SPEAKER_35,4549.14284375,4550.577218750001
[ 01:15:51.724 -->  01:15:54.036],AO,SPEAKER_35,4551.72471875,4554.036593750001
[ 01:15:55.470 -->  01:16:01.849],AO,SPEAKER_35,4555.47096875,4561.84971875
[ 01:16:02.794 -->  01:16:03.199],AO,SPEAKER_35,4562.794718749999,4563.19971875
[ 01:16:03.773 -->  01:16:07.249],AO,SPEAKER_35,4563.77346875,4567.249718749999
[ 01:16:07.553 -->  01:16:13.240],AO,SPEAKER_35,4567.55346875,4573.24034375
[ 01:16:13.881 -->  01:16:19.197],AO,SPEAKER_35,4573.88159375,4579.19721875
[ 01:16:19.703 -->  01:16:20.243],AO,SPEAKER_35,4579.70346875,4580.243468750001
[ 01:16:20.715 -->  01:16:25.255],AO,SPEAKER_35,4580.715968750001,4585.255343750001
[ 01:16:25.643 -->  01:16:26.453],AO,SPEAKER_35,4585.6434687500005,4586.45346875
[ 01:16:26.774 -->  01:16:29.305],AO,SPEAKER_35,4586.77409375,4589.30534375
[ 01:16:29.777 -->  01:16:33.709],AO,SPEAKER_35,4589.77784375,4593.70971875
[ 01:16:33.979 -->  01:16:34.317],AO,SPEAKER_35,4593.979718750001,4594.31721875
[ 01:16:34.452 -->  01:16:35.819],AO,SPEAKER_35,4594.452218750001,4595.81909375
[ 01:16:36.055 -->  01:16:36.814],AO,SPEAKER_35,4596.05534375,4596.81471875
[ 01:16:37.304 -->  01:16:38.147],AO,SPEAKER_35,4597.304093750001,4598.147843750001
[ 01:16:38.907 -->  01:16:43.615],AO,SPEAKER_35,4598.9072187500005,4603.61534375
[ 01:16:43.817 -->  01:16:48.914],AO,SPEAKER_35,4603.817843750001,4608.91409375
[ 01:16:49.369 -->  01:16:52.829],AO,SPEAKER_35,4609.36971875,4612.8290937500005
[ 01:16:53.115 -->  01:16:58.245],AO,SPEAKER_35,4613.11596875,4618.2459687499995
[ 01:16:58.600 -->  01:16:59.174],AO,SPEAKER_35,4618.60034375,4619.17409375
[ 01:16:59.376 -->  01:16:59.865],AO,SPEAKER_35,4619.376593749999,4619.86596875
[ 01:17:00.473 -->  01:17:05.282],AO,SPEAKER_35,4620.47346875,4625.282843749999
[ 01:17:05.704 -->  01:17:07.139],AO,SPEAKER_35,4625.704718749999,4627.13909375
[ 01:17:07.442 -->  01:17:08.674],AO,SPEAKER_35,4627.442843750001,4628.6747187500005
[ 01:17:09.012 -->  01:17:09.872],AO,SPEAKER_35,4629.01221875,4629.872843749999
[ 01:17:10.176 -->  01:17:11.695],AO,SPEAKER_35,4630.17659375,4631.69534375
[ 01:17:12.336 -->  01:17:13.214],AO,SPEAKER_35,4632.33659375,4633.214093750001
[ 01:17:13.602 -->  01:17:14.969],AO,SPEAKER_35,4633.60221875,4634.96909375
[ 01:17:15.762 -->  01:17:16.099],AO,SPEAKER_35,4635.76221875,4636.09971875
[ 01:17:16.487 -->  01:17:20.301],AO,SPEAKER_35,4636.487843749999,4640.30159375
[ 01:17:20.672 -->  01:17:24.132],AO,SPEAKER_35,4640.6728437500005,4644.132218750001
[ 01:17:24.604 -->  01:17:26.224],AO,SPEAKER_35,4644.604718750001,4646.22471875
[ 01:17:26.460 -->  01:17:26.882],AO,SPEAKER_35,4646.46096875,4646.88284375
[ 01:17:27.203 -->  01:17:28.418],AO,SPEAKER_35,4647.20346875,4648.41846875
[ 01:17:28.975 -->  01:17:29.717],AO,SPEAKER_35,4648.97534375,4649.717843750001
[ 01:17:30.274 -->  01:17:31.641],AO,SPEAKER_35,4650.274718750001,4651.6415937500005
[ 01:17:32.181 -->  01:17:33.717],AO,SPEAKER_35,4652.18159375,4653.71721875
[ 01:17:34.425 -->  01:17:39.741],AO,SPEAKER_35,4654.42596875,4659.741593750001
[ 01:17:40.180 -->  01:17:41.800],AO,SPEAKER_35,4660.18034375,4661.800343749999
[ 01:17:41.952 -->  01:17:44.365],AO,SPEAKER_35,4661.952218750001,4664.36534375
[ 01:17:44.854 -->  01:17:45.411],AO,SPEAKER_35,4664.854718750001,4665.411593750001
[ 01:17:45.765 -->  01:17:46.677],AO,SPEAKER_35,4665.76596875,4666.677218750001
[ 01:17:46.980 -->  01:17:50.524],AO,SPEAKER_35,4666.98096875,4670.524718750001
[ 01:17:51.030 -->  01:17:52.549],AO,SPEAKER_35,4671.030968749999,4672.5497187500005
[ 01:17:52.870 -->  01:17:54.203],AO,SPEAKER_35,4672.870343750001,4674.20346875
[ 01:17:54.675 -->  01:17:56.447],AO,SPEAKER_35,4674.67596875,4676.44784375
[ 01:17:57.173 -->  01:17:57.629],AO,SPEAKER_35,4677.173468749999,4677.62909375
[ 01:17:59.063 -->  01:18:04.581],AO,SPEAKER_35,4679.0634687500005,4684.581593749999
[ 01:18:07.197 -->  01:18:07.264],AH,SPEAKER_27,4687.19721875,4687.264718750001
[ 01:18:07.264 -->  01:18:09.542],AI,SPEAKER_28,4687.264718750001,4689.5428437499995
[ 01:18:09.070 -->  01:18:09.762],AH,SPEAKER_27,4689.07034375,4689.76221875
[ 01:18:09.880 -->  01:18:09.914],AH,SPEAKER_27,4689.880343750001,4689.91409375
[ 01:18:09.947 -->  01:18:09.998],AH,SPEAKER_27,4689.94784375,4689.99846875
[ 01:18:10.234 -->  01:18:14.639],AH,SPEAKER_27,4690.23471875,4694.63909375
[ 01:18:15.904 -->  01:18:20.275],AH,SPEAKER_27,4695.90471875,4700.27534375
[ 01:18:21.034 -->  01:18:22.975],AH,SPEAKER_27,4701.034718750001,4702.97534375
[ 01:18:23.599 -->  01:18:24.730],AH,SPEAKER_27,4703.59971875,4704.7303437499995
[ 01:18:25.084 -->  01:18:27.092],AH,SPEAKER_27,4705.08471875,4707.092843750001
[ 01:18:27.801 -->  01:18:32.712],AH,SPEAKER_27,4707.80159375,4712.712218750001
[ 01:18:33.049 -->  01:18:34.079],AH,SPEAKER_27,4713.0497187500005,4714.0790937500005
[ 01:18:35.091 -->  01:18:37.319],AH,SPEAKER_27,4715.091593749999,4717.31909375
[ 01:18:37.842 -->  01:18:43.917],AH,SPEAKER_27,4717.84221875,4723.917218750001
[ 01:18:44.271 -->  01:18:55.746],AH,SPEAKER_27,4724.27159375,4735.74659375
[ 01:18:56.792 -->  01:18:57.906],AH,SPEAKER_27,4736.7928437499995,4737.90659375
[ 01:18:58.497 -->  01:18:59.965],AI,SPEAKER_28,4738.497218750001,4739.96534375
[ 01:19:00.927 -->  01:19:08.301],AI,SPEAKER_28,4740.927218750001,4748.30159375
[ 01:19:08.807 -->  01:19:09.617],AI,SPEAKER_28,4748.807843750001,4749.61784375
[ 01:19:10.174 -->  01:19:12.638],AI,SPEAKER_28,4750.1747187500005,4752.638468749999
[ 01:19:13.431 -->  01:19:14.207],AI,SPEAKER_28,4753.43159375,4754.20784375
[ 01:19:14.663 -->  01:19:15.777],AI,SPEAKER_28,4754.663468750001,4755.7772187499995
[ 01:19:16.536 -->  01:19:17.549],AI,SPEAKER_28,4756.536593750001,4757.54909375
[ 01:19:17.970 -->  01:19:18.426],AI,SPEAKER_28,4757.97096875,4758.42659375
[ 01:19:18.494 -->  01:19:22.240],AI,SPEAKER_28,4758.49409375,4762.24034375
[ 01:19:22.780 -->  01:19:24.788],AI,SPEAKER_28,4762.780343750001,4764.788468750001
[ 01:19:25.429 -->  01:19:26.104],AI,SPEAKER_28,4765.42971875,4766.104718750001
[ 01:19:26.745 -->  01:19:30.188],AI,SPEAKER_28,4766.7459687499995,4770.1884687500005
[ 01:19:30.711 -->  01:19:32.230],AI,SPEAKER_28,4770.71159375,4772.2303437499995
[ 01:19:32.820 -->  01:19:33.394],AI,SPEAKER_28,4772.82096875,4773.39471875
[ 01:19:33.816 -->  01:19:35.436],AI,SPEAKER_28,4773.81659375,4775.436593750001
[ 01:19:36.786 -->  01:19:37.495],AI,SPEAKER_28,4776.786593750001,4777.495343750001
[ 01:19:39.452 -->  01:19:40.988],AI,SPEAKER_28,4779.452843749999,4780.98846875
[ 01:19:41.325 -->  01:19:41.680],AI,SPEAKER_28,4781.325968749999,4781.68034375
[ 01:19:42.034 -->  01:19:43.941],AI,SPEAKER_28,4782.034718750001,4783.94159375
[ 01:19:44.700 -->  01:19:47.772],AI,SPEAKER_28,4784.700968749999,4787.77221875
[ 01:19:49.122 -->  01:19:54.184],AI,SPEAKER_28,4789.122218750001,4794.184718750001
[ 01:19:57.222 -->  01:19:57.914],AI,SPEAKER_28,4797.222218750001,4797.91409375
[ 01:20:03.229 -->  01:20:03.904],AI,SPEAKER_28,4803.229718750001,4803.90471875
[ 01:20:05.507 -->  01:20:06.824],AI,SPEAKER_28,4805.50784375,4806.8240937499995
[ 01:20:10.080 -->  01:20:13.118],AI,SPEAKER_28,4810.0809687500005,4813.118468750001
[ 01:20:14.502 -->  01:20:15.818],AI,SPEAKER_28,4814.50221875,4815.81846875
[ 01:20:17.455 -->  01:20:21.758],AI,SPEAKER_28,4817.45534375,4821.75846875
[ 01:20:17.708 -->  01:20:17.843],AD,SPEAKER_22,4817.708468750001,4817.843468749999
[ 01:20:24.070 -->  01:20:30.280],AI,SPEAKER_28,4824.07034375,4830.280343750001
[ 01:20:33.047 -->  01:20:34.077],AI,SPEAKER_28,4833.0478437500005,4834.077218750001
[ 01:20:35.882 -->  01:20:40.152],AI,SPEAKER_28,4835.88284375,4840.1522187499995
[ 01:20:42.767 -->  01:20:47.610],AI,SPEAKER_28,4842.76784375,4847.610968749999
[ 01:20:48.370 -->  01:20:51.323],AI,SPEAKER_28,4848.370343750001,4851.323468750001
[ 01:20:54.327 -->  01:20:54.816],AI,SPEAKER_28,4854.327218750001,4854.81659375
[ 01:20:56.757 -->  01:20:57.027],AI,SPEAKER_28,4856.757218750001,4857.0272187499995
[ 01:20:58.815 -->  01:21:00.250],AI,SPEAKER_28,4858.815968750001,4860.25034375
[ 01:21:06.426 -->  01:21:09.025],AI,SPEAKER_28,4866.42659375,4869.02534375
[ 01:21:10.257 -->  01:21:14.357],AI,SPEAKER_28,4870.257218750001,4874.35784375
[ 01:21:18.458 -->  01:21:23.385],BH,SPEAKER_55,4878.458468750001,4883.385968750001
[ 01:21:24.280 -->  01:21:30.945],BH,SPEAKER_55,4884.280343750001,4890.94596875
[ 01:21:31.232 -->  01:21:47.061],BH,SPEAKER_55,4891.23284375,4907.061593750001
[ 01:21:47.702 -->  01:21:53.119],BH,SPEAKER_55,4907.702843749999,4913.11971875
[ 01:21:53.389 -->  01:22:00.122],BH,SPEAKER_55,4913.389718750001,4920.122843749999
[ 01:22:00.257 -->  01:22:06.113],BH,SPEAKER_55,4920.25784375,4926.11346875
[ 01:22:06.450 -->  01:22:23.916],BH,SPEAKER_55,4926.450968749999,4943.91659375
[ 01:22:24.422 -->  01:22:34.075],BH,SPEAKER_55,4944.4228437500005,4954.075343750001
[ 01:22:34.395 -->  01:22:49.769],BH,SPEAKER_55,4954.395968750001,4969.769093750001
[ 01:22:49.785 -->  01:22:55.860],BH,SPEAKER_55,4969.78596875,4975.860968749999
[ 01:22:56.147 -->  01:23:02.357],BH,SPEAKER_55,4976.147843750001,4982.35784375
[ 01:23:02.779 -->  01:23:16.752],BH,SPEAKER_55,4982.77971875,4996.75221875
[ 01:23:17.477 -->  01:23:21.359],BH,SPEAKER_55,4997.477843750001,5001.359093749999
[ 01:23:20.549 -->  01:23:25.797],AI,SPEAKER_28,5000.54909375,5005.79721875
[ 01:23:24.734 -->  01:23:25.645],BH,SPEAKER_55,5004.734093749999,5005.64534375
[ 01:23:25.797 -->  01:23:25.830],P,SPEAKER_07,5005.79721875,5005.8309687500005
[ 01:23:25.830 -->  01:23:25.847],AI,SPEAKER_28,5005.8309687500005,5005.84784375
[ 01:23:25.965 -->  01:23:26.033],BH,SPEAKER_55,5005.965968750001,5006.03346875
[ 01:23:26.033 -->  01:23:27.585],T,SPEAKER_11,5006.03346875,5007.58596875
[ 01:23:27.974 -->  01:23:28.024],T,SPEAKER_11,5007.974093750001,5008.024718750001
[ 01:23:31.652 -->  01:23:37.761],P,SPEAKER_07,5011.65284375,5017.7615937499995
[ 01:23:38.301 -->  01:23:43.667],P,SPEAKER_07,5018.30159375,5023.6678437499995
[ 01:23:44.106 -->  01:24:01.825],P,SPEAKER_07,5024.106593750001,5041.825343750001
[ 01:24:02.989 -->  01:24:14.211],P,SPEAKER_07,5042.989718750001,5054.21159375
[ 01:24:15.105 -->  01:24:18.717],P,SPEAKER_07,5055.10596875,5058.71721875
[ 01:24:20.016 -->  01:24:25.551],P,SPEAKER_07,5060.0165937500005,5065.55159375
[ 01:24:23.914 -->  01:24:27.407],AI,SPEAKER_28,5063.91471875,5067.407843749999
[ 01:24:26.969 -->  01:24:29.213],P,SPEAKER_07,5066.96909375,5069.21346875
[ 01:24:28.420 -->  01:24:29.179],AI,SPEAKER_28,5068.42034375,5069.17971875
[ 01:24:29.213 -->  01:24:29.584],AI,SPEAKER_28,5069.21346875,5069.58471875
[ 01:24:29.669 -->  01:24:30.529],P,SPEAKER_07,5069.669093750001,5070.52971875
[ 01:24:30.816 -->  01:24:58.035],P,SPEAKER_07,5070.81659375,5098.03596875
[ 01:24:58.474 -->  01:25:02.912],P,SPEAKER_07,5098.47471875,5102.91284375
[ 01:25:03.081 -->  01:25:06.034],P,SPEAKER_07,5103.081593750001,5106.034718750001
[ 01:25:08.397 -->  01:25:08.616],P,SPEAKER_07,5108.39721875,5108.616593750001
[ 01:25:09.780 -->  01:25:33.777],P,SPEAKER_07,5109.780968749999,5133.7772187499995
[ 01:25:33.996 -->  01:25:37.202],AI,SPEAKER_28,5133.99659375,5137.202843749999
[ 01:25:41.387 -->  01:25:42.265],AI,SPEAKER_28,5141.387843750001,5142.265343749999
[ 01:25:48.964 -->  01:25:52.964],BQ,SPEAKER_65,5148.9647187499995,5152.964093750001
[ 01:25:52.964 -->  01:25:56.102],AR,SPEAKER_38,5152.964093750001,5156.102843750001
[ 01:25:56.609 -->  01:25:57.014],AR,SPEAKER_38,5156.609093749999,5157.01409375
[ 01:25:57.520 -->  01:25:57.554],AR,SPEAKER_38,5157.52034375,5157.554093750001
[ 01:25:58.110 -->  01:26:01.249],AR,SPEAKER_38,5158.110968749999,5161.249718749999
[ 01:26:01.739 -->  01:26:02.380],AR,SPEAKER_38,5161.73909375,5162.380343750001
[ 01:26:03.443 -->  01:26:12.201],AR,SPEAKER_38,5163.44346875,5172.20159375
[ 01:26:12.741 -->  01:26:13.534],AR,SPEAKER_38,5172.741593750001,5173.534718750001
[ 01:26:14.108 -->  01:26:26.747],AR,SPEAKER_38,5174.108468750001,5186.747843749999
[ 01:26:26.832 -->  01:26:27.220],AR,SPEAKER_38,5186.83221875,5187.220343749999
[ 01:26:27.220 -->  01:26:27.726],BQ,SPEAKER_65,5187.220343749999,5187.72659375
[ 01:26:28.469 -->  01:26:29.329],AR,SPEAKER_38,5188.46909375,5189.329718749999
[ 01:26:29.852 -->  01:26:30.949],AR,SPEAKER_38,5189.852843750001,5190.94971875
[ 01:26:31.084 -->  01:26:40.264],AR,SPEAKER_38,5191.08471875,5200.264718750001
[ 01:26:40.754 -->  01:26:44.567],AR,SPEAKER_38,5200.75409375,5204.567843750001
[ 01:26:45.057 -->  01:26:50.035],AR,SPEAKER_38,5205.05721875,5210.03534375
[ 01:26:50.777 -->  01:26:51.435],AR,SPEAKER_38,5210.77784375,5211.43596875
[ 01:26:52.127 -->  01:26:53.545],AR,SPEAKER_38,5212.1278437500005,5213.54534375
[ 01:26:53.967 -->  01:26:56.211],AR,SPEAKER_38,5213.96721875,5216.21159375
[ 01:26:56.245 -->  01:26:59.738],AR,SPEAKER_38,5216.245343750001,5219.73846875
[ 01:27:00.227 -->  01:27:09.492],AR,SPEAKER_38,5220.227843750001,5229.49221875
[ 01:27:10.622 -->  01:27:11.669],AR,SPEAKER_38,5230.622843749999,5231.669093750001
[ 01:27:12.749 -->  01:27:20.494],AR,SPEAKER_38,5232.749093750001,5240.49471875
[ 01:27:21.321 -->  01:27:24.055],AR,SPEAKER_38,5241.321593750001,5244.05534375
[ 01:27:24.561 -->  01:27:26.282],AR,SPEAKER_38,5244.561593750001,5246.282843749999
[ 01:27:26.974 -->  01:27:47.815],AR,SPEAKER_38,5246.97471875,5267.8153437500005
[ 01:27:48.000 -->  01:27:49.755],AR,SPEAKER_38,5268.0009687500005,5269.75596875
[ 01:27:50.346 -->  01:27:59.172],AR,SPEAKER_38,5270.3465937500005,5279.17221875
[ 01:27:59.340 -->  01:27:59.982],AI,SPEAKER_28,5279.340968750001,5279.982218749999
[ 01:28:00.285 -->  01:28:01.281],AI,SPEAKER_28,5280.28596875,5281.28159375
[ 01:28:01.686 -->  01:28:01.720],AI,SPEAKER_28,5281.686593750001,5281.720343749999
[ 01:28:01.720 -->  01:28:01.990],AR,SPEAKER_38,5281.720343749999,5281.99034375
[ 01:28:01.990 -->  01:28:03.019],AI,SPEAKER_28,5281.99034375,5283.01971875
[ 01:28:04.977 -->  01:28:05.331],T,SPEAKER_11,5284.97721875,5285.331593750001
[ 01:28:06.681 -->  01:28:08.504],T,SPEAKER_11,5286.68159375,5288.50409375
[ 01:28:10.680 -->  01:28:10.967],T,SPEAKER_11,5290.680968750001,5290.967843750001
[ 01:28:12.267 -->  01:28:14.764],AF,SPEAKER_25,5292.267218749999,5294.764718750001
[ 01:28:15.405 -->  01:28:17.532],AF,SPEAKER_25,5295.405968749999,5297.5322187500005
[ 01:28:18.055 -->  01:28:19.219],AF,SPEAKER_25,5298.05534375,5299.2197187500005
[ 01:28:19.371 -->  01:28:20.519],AF,SPEAKER_25,5299.37159375,5300.519093750001
[ 01:28:21.059 -->  01:28:23.303],AF,SPEAKER_25,5301.05909375,5303.30346875
[ 01:28:23.438 -->  01:28:24.248],AF,SPEAKER_25,5303.4384687500005,5304.24846875
[ 01:28:24.602 -->  01:28:26.965],AF,SPEAKER_25,5304.602843750001,5306.96534375
[ 01:28:27.707 -->  01:28:29.125],AF,SPEAKER_25,5307.70784375,5309.12534375
[ 01:28:30.087 -->  01:28:31.707],AF,SPEAKER_25,5310.087218750001,5311.70721875
[ 01:28:32.280 -->  01:28:34.137],AF,SPEAKER_25,5312.280968749999,5314.13721875
[ 01:28:34.356 -->  01:28:35.655],AF,SPEAKER_25,5314.356593750001,5315.655968749999
[ 01:28:36.027 -->  01:28:36.280],AF,SPEAKER_25,5316.0272187499995,5316.280343750001
[ 01:28:36.685 -->  01:28:41.494],AF,SPEAKER_25,5316.685343749999,5321.49471875
[ 01:28:42.085 -->  01:28:43.570],AF,SPEAKER_25,5322.085343750001,5323.57034375
[ 01:28:43.975 -->  01:28:45.392],AF,SPEAKER_25,5323.97534375,5325.39284375
[ 01:28:46.320 -->  01:28:48.413],AF,SPEAKER_25,5326.32096875,5328.413468750001
[ 01:28:49.425 -->  01:28:52.800],AF,SPEAKER_25,5329.42596875,5332.80096875
[ 01:28:53.037 -->  01:28:54.083],AF,SPEAKER_25,5333.03721875,5334.083468750001
[ 01:28:54.555 -->  01:28:57.863],AF,SPEAKER_25,5334.555968750001,5337.86346875
[ 01:28:58.791 -->  01:28:59.567],AF,SPEAKER_25,5338.79159375,5339.567843750001
[ 01:29:00.479 -->  01:29:01.137],AF,SPEAKER_25,5340.47909375,5341.13721875
[ 01:29:01.643 -->  01:29:02.352],AF,SPEAKER_25,5341.6434687500005,5342.35221875
[ 01:29:03.128 -->  01:29:03.584],AF,SPEAKER_25,5343.128468750001,5343.58409375
[ 01:29:04.461 -->  01:29:06.300],AF,SPEAKER_25,5344.46159375,5346.30096875
[ 01:29:06.655 -->  01:29:09.692],AF,SPEAKER_25,5346.655343750001,5349.692843750001
[ 01:29:09.912 -->  01:29:12.426],AF,SPEAKER_25,5349.91221875,5352.42659375
[ 01:29:12.527 -->  01:29:15.885],AF,SPEAKER_25,5352.52784375,5355.885968750001
[ 01:29:16.071 -->  01:29:17.725],AF,SPEAKER_25,5356.071593750001,5357.72534375
[ 01:29:18.299 -->  01:29:19.716],AF,SPEAKER_25,5358.29909375,5359.716593749999
[ 01:29:20.037 -->  01:29:22.872],AF,SPEAKER_25,5360.03721875,5362.872218750001
[ 01:29:23.395 -->  01:29:24.880],AF,SPEAKER_25,5363.39534375,5364.880343750001
[ 01:29:25.403 -->  01:29:26.652],AF,SPEAKER_25,5365.403468750001,5366.6522187499995
[ 01:29:27.495 -->  01:29:29.537],AF,SPEAKER_25,5367.4959687499995,5369.53784375
[ 01:29:29.757 -->  01:29:33.030],AF,SPEAKER_25,5369.757218750001,5373.030968749999
[ 01:29:33.385 -->  01:29:36.962],AF,SPEAKER_25,5373.38534375,5376.96284375
[ 01:29:38.363 -->  01:29:38.920],AI,SPEAKER_28,5378.36346875,5378.92034375
[ 01:29:39.477 -->  01:29:40.894],AF,SPEAKER_25,5379.47721875,5380.89471875
[ 01:29:43.999 -->  01:29:44.590],AI,SPEAKER_28,5383.999718749999,5384.59034375
[ 01:29:45.113 -->  01:29:45.197],AI,SPEAKER_28,5385.11346875,5385.19784375
[ 01:29:45.737 -->  01:29:47.374],AI,SPEAKER_28,5385.737843750001,5387.374718749999
[ 01:29:51.171 -->  01:29:59.609],AV,SPEAKER_42,5391.171593749999,5399.609093749999
[ 01:29:59.946 -->  01:30:02.022],AV,SPEAKER_42,5399.946593750001,5402.02221875
[ 01:30:02.292 -->  01:30:02.798],AV,SPEAKER_42,5402.292218750001,5402.798468749999
[ 01:30:03.220 -->  01:30:15.876],AV,SPEAKER_42,5403.220343749999,5415.876593749999
[ 01:30:15.910 -->  01:30:19.352],AV,SPEAKER_42,5415.91034375,5419.352843750001
[ 01:30:19.639 -->  01:30:23.436],AV,SPEAKER_42,5419.639718750001,5423.436593750001
[ 01:30:23.740 -->  01:30:26.288],AV,SPEAKER_42,5423.74034375,5426.288468750001
[ 01:30:27.469 -->  01:30:38.404],AV,SPEAKER_42,5427.4697187500005,5438.40471875
[ 01:30:38.725 -->  01:30:39.282],AV,SPEAKER_42,5438.72534375,5439.2822187500005
[ 01:30:40.294 -->  01:30:40.919],AV,SPEAKER_42,5440.294718749999,5440.919093750001
[ 01:30:41.256 -->  01:30:58.334],AV,SPEAKER_42,5441.25659375,5458.33409375
[ 01:30:58.755 -->  01:30:59.734],AV,SPEAKER_42,5458.75596875,5459.73471875
[ 01:31:00.460 -->  01:31:13.724],AV,SPEAKER_42,5460.460343750001,5473.724093750001
[ 01:31:15.934 -->  01:31:21.030],AV,SPEAKER_42,5475.934718750001,5481.030968749999
[ 01:31:21.469 -->  01:31:23.241],AV,SPEAKER_42,5481.4697187500005,5483.241593750001
[ 01:31:23.849 -->  01:31:27.240],AV,SPEAKER_42,5483.849093750001,5487.24096875
[ 01:31:27.510 -->  01:31:28.945],AV,SPEAKER_42,5487.510968750001,5488.94534375
[ 01:31:29.114 -->  01:31:45.060],AV,SPEAKER_42,5489.11409375,5505.06096875
[ 01:31:45.330 -->  01:31:46.714],AV,SPEAKER_42,5505.3309687500005,5506.7147187499995
[ 01:31:46.748 -->  01:31:50.730],AV,SPEAKER_42,5506.74846875,5510.73096875
[ 01:31:51.254 -->  01:31:54.105],AV,SPEAKER_42,5511.25409375,5514.10596875
[ 01:31:52.553 -->  01:31:56.164],AI,SPEAKER_28,5512.55346875,5516.16471875
[ 01:31:55.050 -->  01:31:55.101],AV,SPEAKER_42,5515.05096875,5515.10159375
[ 01:32:02.745 -->  01:32:15.030],AM,SPEAKER_32,5522.7459687499995,5535.030968749999
[ 01:32:15.554 -->  01:32:21.257],AM,SPEAKER_32,5535.554093750001,5541.25784375
[ 01:32:21.612 -->  01:32:27.720],AM,SPEAKER_32,5541.6122187500005,5547.72096875
[ 01:32:28.277 -->  01:32:42.570],AM,SPEAKER_32,5548.27784375,5562.57096875
[ 01:32:43.988 -->  01:32:44.393],AM,SPEAKER_32,5563.98846875,5564.3934687500005
[ 01:32:44.511 -->  01:32:44.545],AM,SPEAKER_32,5564.5115937499995,5564.54534375
[ 01:32:44.612 -->  01:33:02.247],AM,SPEAKER_32,5564.612843750001,5582.247218750001
[ 01:33:02.601 -->  01:33:10.752],AM,SPEAKER_32,5582.60159375,5590.75221875
[ 01:33:12.068 -->  01:33:36.942],AM,SPEAKER_32,5592.06846875,5616.94221875
[ 01:33:37.313 -->  01:33:41.869],AM,SPEAKER_32,5617.3134687500005,5621.86971875
[ 01:33:42.882 -->  01:33:48.282],AM,SPEAKER_32,5622.882218750001,5628.2822187500005
[ 01:33:48.704 -->  01:33:52.298],AM,SPEAKER_32,5628.7040937500005,5632.298468749999
[ 01:33:54.390 -->  01:33:55.639],AI,SPEAKER_28,5634.39096875,5635.639718750001
[ 01:33:56.922 -->  01:34:02.575],AI,SPEAKER_28,5636.92221875,5642.575343750001
[ 01:34:03.030 -->  01:34:03.739],AD,SPEAKER_22,5643.030968749999,5643.739718750001
[ 01:34:03.891 -->  01:34:04.549],AD,SPEAKER_22,5643.8915937500005,5644.5497187500005
[ 01:34:04.819 -->  01:34:05.511],AD,SPEAKER_22,5644.819718750001,5645.5115937499995
[ 01:34:06.000 -->  01:34:09.122],AD,SPEAKER_22,5646.0009687500005,5649.122843749999
[ 01:34:09.730 -->  01:34:12.244],AD,SPEAKER_22,5649.7303437499995,5652.24471875
[ 01:34:12.666 -->  01:34:13.510],AD,SPEAKER_22,5652.66659375,5653.51034375
[ 01:34:13.864 -->  01:34:16.210],AD,SPEAKER_22,5653.864718750001,5656.210343750001
[ 01:34:16.362 -->  01:34:23.719],AD,SPEAKER_22,5656.3622187500005,5663.7197187500005
[ 01:34:23.787 -->  01:34:26.250],AD,SPEAKER_22,5663.78721875,5666.2509687500005
[ 01:34:26.487 -->  01:34:28.140],AD,SPEAKER_22,5666.4872187500005,5668.14096875
[ 01:34:28.157 -->  01:34:33.794],AD,SPEAKER_22,5668.157843749999,5673.794093750001
[ 01:34:34.080 -->  01:34:34.654],BZ,SPEAKER_75,5674.0809687500005,5674.65471875
[ 01:34:34.654 -->  01:34:36.966],AD,SPEAKER_22,5674.65471875,5676.966593749999
[ 01:34:37.810 -->  01:34:41.438],AD,SPEAKER_22,5677.810343749999,5681.4384687500005
[ 01:34:42.383 -->  01:34:43.649],AD,SPEAKER_22,5682.38346875,5683.64909375
[ 01:34:44.492 -->  01:35:02.549],AD,SPEAKER_22,5684.49284375,5702.54909375
[ 01:35:03.156 -->  01:35:04.641],AD,SPEAKER_22,5703.15659375,5704.6415937500005
[ 01:35:04.877 -->  01:35:06.480],AD,SPEAKER_22,5704.8778437500005,5706.48096875
[ 01:35:06.801 -->  01:35:07.425],AD,SPEAKER_22,5706.80159375,5707.42596875
[ 01:35:07.982 -->  01:35:08.033],T,SPEAKER_11,5707.98284375,5708.03346875
[ 01:35:10.682 -->  01:35:10.767],AD,SPEAKER_22,5710.682843750001,5710.767218749999
[ 01:35:10.767 -->  01:35:10.969],AI,SPEAKER_28,5710.767218749999,5710.9697187500005
[ 01:35:10.969 -->  01:35:11.256],AQ,SPEAKER_37,5710.9697187500005,5711.25659375
[ 01:35:11.256 -->  01:35:11.442],AI,SPEAKER_28,5711.25659375,5711.44221875
[ 01:35:11.442 -->  01:35:11.459],AD,SPEAKER_22,5711.44221875,5711.45909375
[ 01:35:13.585 -->  01:35:25.566],AQ,SPEAKER_37,5713.585343750001,5725.56659375
[ 01:35:25.701 -->  01:35:33.649],AQ,SPEAKER_37,5725.70159375,5733.649718750001
[ 01:35:35.370 -->  01:35:40.011],AQ,SPEAKER_37,5735.3709687499995,5740.0115937499995
[ 01:35:40.095 -->  01:35:42.340],AQ,SPEAKER_37,5740.09596875,5742.34034375
[ 01:35:42.340 -->  01:35:42.357],BU,SPEAKER_70,5742.34034375,5742.357218749999
[ 01:35:43.926 -->  01:35:48.364],AQ,SPEAKER_37,5743.92659375,5748.364718750001
[ 01:35:48.550 -->  01:36:02.674],AQ,SPEAKER_37,5748.550343750001,5762.6747187500005
[ 01:36:03.737 -->  01:36:05.155],AQ,SPEAKER_37,5763.737843750001,5765.155343750001
[ 01:36:05.627 -->  01:36:14.706],AQ,SPEAKER_37,5765.6278437500005,5774.706593750001
[ 01:36:15.280 -->  01:36:35.665],AQ,SPEAKER_37,5775.280343750001,5795.665343750001
[ 01:36:35.850 -->  01:36:39.259],AQ,SPEAKER_37,5795.850968750001,5799.25971875
[ 01:36:42.499 -->  01:37:11.794],AQ,SPEAKER_37,5802.499718749999,5831.794718749999
[ 01:37:13.667 -->  01:37:13.769],AQ,SPEAKER_37,5833.6678437499995,5833.769093750001
[ 01:37:13.769 -->  01:37:14.039],AP,SPEAKER_36,5833.769093750001,5834.03909375
[ 01:37:14.039 -->  01:37:19.962],AI,SPEAKER_28,5834.03909375,5839.962218750001
[ 01:37:14.865 -->  01:37:18.949],AQ,SPEAKER_37,5834.86596875,5838.94971875
[ 01:37:24.974 -->  01:37:26.037],T,SPEAKER_11,5844.974093750001,5846.03721875
[ 01:37:28.095 -->  01:37:35.655],O,SPEAKER_06,5848.09596875,5855.655968749999
[ 01:37:36.314 -->  01:37:44.954],O,SPEAKER_06,5856.314093750001,5864.9540937500005
[ 01:37:45.156 -->  01:37:46.287],O,SPEAKER_06,5865.15659375,5866.28721875
[ 01:37:47.063 -->  01:37:53.796],O,SPEAKER_06,5867.0634687500005,5873.796593749999
[ 01:37:53.965 -->  01:37:59.061],O,SPEAKER_06,5873.96534375,5879.061593750001
[ 01:37:59.399 -->  01:38:08.072],O,SPEAKER_06,5879.39909375,5888.07284375
[ 01:38:08.140 -->  01:38:09.372],O,SPEAKER_06,5888.140343749999,5889.372218750001
[ 01:38:10.182 -->  01:38:11.565],O,SPEAKER_06,5890.18221875,5891.565968750001
[ 01:38:11.684 -->  01:38:14.519],O,SPEAKER_06,5891.68409375,5894.519093750001
[ 01:38:14.839 -->  01:38:24.036],O,SPEAKER_06,5894.8397187499995,5904.036593750001
[ 01:38:24.407 -->  01:38:29.200],O,SPEAKER_06,5904.407843750001,5909.200343750001
[ 01:38:29.554 -->  01:38:30.381],O,SPEAKER_06,5909.55471875,5910.38159375
[ 01:38:31.613 -->  01:38:33.165],O,SPEAKER_06,5911.61346875,5913.16596875
[ 01:38:33.705 -->  01:38:35.477],O,SPEAKER_06,5913.7059687500005,5915.477843750001
[ 01:38:36.119 -->  01:38:43.712],O,SPEAKER_06,5916.11909375,5923.71284375
[ 01:38:44.269 -->  01:38:44.286],BE,SPEAKER_52,5924.26971875,5924.286593750001
[ 01:38:44.286 -->  01:38:50.850],O,SPEAKER_06,5924.286593750001,5930.850968750001
[ 01:38:44.303 -->  01:38:45.889],BE,SPEAKER_52,5924.30346875,5925.889718750001
[ 01:38:51.340 -->  01:39:02.039],O,SPEAKER_06,5931.34034375,5942.03909375
[ 01:39:02.629 -->  01:39:10.324],O,SPEAKER_06,5942.62971875,5950.32471875
[ 01:39:10.898 -->  01:39:22.626],O,SPEAKER_06,5950.89846875,5962.626593750001
[ 01:39:24.769 -->  01:39:29.444],O,SPEAKER_06,5964.76971875,5969.44409375
[ 01:39:26.828 -->  01:39:31.215],AI,SPEAKER_28,5966.82846875,5971.215968750001
[ 01:39:31.536 -->  01:39:32.430],AI,SPEAKER_28,5971.536593750001,5972.430968750001
[ 01:39:38.370 -->  01:39:42.505],BP,SPEAKER_64,5978.3709687499995,5982.505343750001
[ 01:39:43.517 -->  01:39:48.394],BP,SPEAKER_64,5983.51784375,5988.39471875
[ 01:39:48.917 -->  01:39:50.824],BP,SPEAKER_64,5988.9178437499995,5990.82471875
[ 01:39:51.229 -->  01:40:01.135],BP,SPEAKER_64,5991.229718750001,6001.13534375
[ 01:40:01.489 -->  01:40:03.447],BP,SPEAKER_64,6001.489718750001,6003.44721875
[ 01:40:04.037 -->  01:40:05.438],BP,SPEAKER_64,6004.03784375,6005.4384687500005
[ 01:40:05.674 -->  01:40:07.547],BP,SPEAKER_64,6005.6747187500005,6007.5478437500005
[ 01:40:07.969 -->  01:40:12.576],BP,SPEAKER_64,6007.9697187500005,6012.57659375
[ 01:40:13.133 -->  01:40:22.094],BP,SPEAKER_64,6013.13346875,6022.09409375
[ 01:40:24.760 -->  01:40:26.667],AI,SPEAKER_28,6024.76034375,6026.667218750001
[ 01:40:30.143 -->  01:40:36.100],W,SPEAKER_15,6030.1434687500005,6036.10034375
[ 01:40:37.365 -->  01:40:50.511],W,SPEAKER_15,6037.36596875,6050.5115937499995
[ 01:40:50.899 -->  01:41:01.345],W,SPEAKER_15,6050.899718750001,6061.345343750001
[ 01:41:01.581 -->  01:41:04.045],W,SPEAKER_15,6061.581593750001,6064.04534375
[ 01:41:04.399 -->  01:41:49.067],W,SPEAKER_15,6064.399718750001,6109.067843750001
[ 01:41:50.316 -->  01:41:51.160],W,SPEAKER_15,6110.31659375,6111.16034375
[ 01:41:51.160 -->  01:41:54.720],AI,SPEAKER_28,6111.16034375,6114.72096875
[ 01:41:56.745 -->  01:42:06.010],CA,SPEAKER_76,6116.7459687499995,6126.01034375
[ 01:42:06.989 -->  01:42:08.946],CA,SPEAKER_76,6126.98909375,6128.946593750001
[ 01:42:09.334 -->  01:42:18.531],CA,SPEAKER_76,6129.33471875,6138.53159375
[ 01:42:18.700 -->  01:42:23.526],CA,SPEAKER_76,6138.700343750001,6143.526593750001
[ 01:42:23.796 -->  01:42:24.252],CA,SPEAKER_76,6143.796593749999,6144.25221875
[ 01:42:24.488 -->  01:42:26.125],CA,SPEAKER_76,6144.48846875,6146.12534375
[ 01:42:26.665 -->  01:42:29.179],CA,SPEAKER_76,6146.665343750001,6149.17971875
[ 01:42:29.753 -->  01:42:30.310],AI,SPEAKER_28,6149.753468750001,6150.310343749999
[ 01:42:30.664 -->  01:42:31.086],AI,SPEAKER_28,6150.66471875,6151.08659375
[ 01:42:35.001 -->  01:42:35.777],AI,SPEAKER_28,6155.001593750001,6155.77784375
[ 01:42:36.655 -->  01:42:43.894],AZ,SPEAKER_47,6156.655343750001,6163.89471875
[ 01:42:44.535 -->  01:42:56.162],AZ,SPEAKER_47,6164.53596875,6176.16284375
[ 01:42:56.719 -->  01:43:02.609],AZ,SPEAKER_47,6176.7197187500005,6182.609093749999
[ 01:43:02.862 -->  01:43:09.882],AZ,SPEAKER_47,6182.8622187500005,6189.882218750001
[ 01:43:09.949 -->  01:43:14.235],AZ,SPEAKER_47,6189.94971875,6194.235968750001
[ 01:43:14.539 -->  01:43:17.391],AZ,SPEAKER_47,6194.53971875,6197.3915937500005
[ 01:43:18.049 -->  01:43:23.770],AZ,SPEAKER_47,6198.0497187500005,6203.77034375
[ 01:43:24.040 -->  01:43:27.432],AZ,SPEAKER_47,6204.040343750001,6207.43221875
[ 01:43:28.394 -->  01:43:32.055],AZ,SPEAKER_47,6208.394093750001,6212.055968750001
[ 01:43:32.545 -->  01:43:33.304],AZ,SPEAKER_47,6212.54534375,6213.30471875
[ 01:43:33.743 -->  01:43:37.658],AZ,SPEAKER_47,6213.743468750001,6217.65846875
[ 01:43:38.012 -->  01:43:38.924],AZ,SPEAKER_47,6218.012843750001,6218.92409375
[ 01:43:39.548 -->  01:43:44.627],AZ,SPEAKER_47,6219.548468750001,6224.6278437500005
[ 01:43:45.032 -->  01:43:58.026],AZ,SPEAKER_47,6225.032843750001,6238.026593750001
[ 01:43:58.279 -->  01:44:00.439],AZ,SPEAKER_47,6238.27971875,6240.43971875
[ 01:44:01.401 -->  01:44:08.033],AZ,SPEAKER_47,6241.401593750001,6248.03346875
[ 01:44:08.489 -->  01:44:20.537],AZ,SPEAKER_47,6248.48909375,6260.53784375
[ 01:44:22.022 -->  01:44:28.047],AZ,SPEAKER_47,6262.022843750001,6268.04721875
[ 01:44:28.435 -->  01:44:30.274],AZ,SPEAKER_47,6268.435343749999,6270.274718750001
[ 01:44:30.713 -->  01:44:32.299],AZ,SPEAKER_47,6270.71346875,6272.2997187500005
[ 01:44:33.109 -->  01:44:36.383],AZ,SPEAKER_47,6273.10971875,6276.38346875
[ 01:44:36.636 -->  01:44:38.745],AZ,SPEAKER_47,6276.6365937499995,6278.7459687499995
[ 01:44:37.784 -->  01:44:42.762],AI,SPEAKER_28,6277.7840937500005,6282.76221875
[ 01:44:40.551 -->  01:44:40.889],AZ,SPEAKER_47,6280.55159375,6280.88909375
[ 01:44:49.107 -->  01:44:51.992],AI,SPEAKER_28,6289.107218749999,6291.99284375
[ 01:44:52.144 -->  01:44:56.869],AW,SPEAKER_43,6292.14471875,6296.86971875
[ 01:44:57.325 -->  01:45:05.745],AW,SPEAKER_43,6297.325343750001,6305.7459687499995
[ 01:45:05.830 -->  01:45:10.791],AW,SPEAKER_43,6305.83034375,6310.79159375
[ 01:45:11.483 -->  01:45:13.896],AW,SPEAKER_43,6311.483468750001,6313.89659375
[ 01:45:14.065 -->  01:45:18.874],AW,SPEAKER_43,6314.0653437500005,6318.874718749999
[ 01:45:19.161 -->  01:45:24.392],AW,SPEAKER_43,6319.161593750001,6324.39284375
[ 01:45:24.932 -->  01:45:30.197],AW,SPEAKER_43,6324.932843750001,6330.19784375
[ 01:45:31.092 -->  01:45:36.593],AW,SPEAKER_43,6331.09221875,6336.593468749999
[ 01:45:37.099 -->  01:45:42.398],AW,SPEAKER_43,6337.09971875,6342.39846875
[ 01:45:42.769 -->  01:45:48.102],AW,SPEAKER_43,6342.76971875,6348.10221875
[ 01:45:48.372 -->  01:45:53.147],AW,SPEAKER_43,6348.372218750001,6353.147843750001
[ 01:45:53.704 -->  01:45:58.446],AW,SPEAKER_43,6353.704718750001,6358.446593750001
[ 01:45:58.969 -->  01:46:04.268],AW,SPEAKER_43,6358.9697187500005,6364.2684687500005
[ 01:46:04.774 -->  01:46:09.870],AW,SPEAKER_43,6364.774718750001,6369.8709687499995
[ 01:46:10.225 -->  01:46:17.279],AW,SPEAKER_43,6370.22534375,6377.279093749999
[ 01:46:17.599 -->  01:46:22.763],AW,SPEAKER_43,6377.59971875,6382.763468749999
[ 01:46:22.864 -->  01:46:23.522],AW,SPEAKER_43,6382.864718750001,6383.522843750001
[ 01:46:24.315 -->  01:46:34.508],AW,SPEAKER_43,6384.315968750001,6394.50846875
[ 01:46:35.099 -->  01:46:41.460],AW,SPEAKER_43,6395.099093750001,6401.46096875
[ 01:46:41.967 -->  01:46:47.704],AW,SPEAKER_43,6401.96721875,6407.704718750001
[ 01:46:48.379 -->  01:46:53.830],AW,SPEAKER_43,6408.37971875,6413.83034375
[ 01:46:52.767 -->  01:46:56.429],AI,SPEAKER_28,6412.767218750001,6416.429093750001
[ 01:47:02.385 -->  01:47:09.338],BK,SPEAKER_59,6422.385968750001,6429.33846875
[ 01:47:09.794 -->  01:47:10.890],BK,SPEAKER_59,6429.794093750001,6430.89096875
[ 01:47:11.363 -->  01:47:22.467],BK,SPEAKER_59,6431.36346875,6442.46721875
[ 01:47:22.956 -->  01:47:30.145],BK,SPEAKER_59,6442.956593750001,6450.14534375
[ 01:47:30.449 -->  01:47:32.339],BK,SPEAKER_59,6450.4490937499995,6452.339093750001
[ 01:47:32.693 -->  01:47:34.229],BK,SPEAKER_59,6452.69346875,6454.22909375
[ 01:47:34.566 -->  01:47:37.823],BK,SPEAKER_59,6454.56659375,6457.823468750001
[ 01:47:39.274 -->  01:47:41.434],BK,SPEAKER_59,6459.274718750001,6461.434718750001
[ 01:47:41.687 -->  01:47:47.965],BK,SPEAKER_59,6461.68784375,6467.96534375
[ 01:47:47.965 -->  01:47:49.602],BU,SPEAKER_70,6467.96534375,6469.60221875
[ 01:47:49.905 -->  01:47:52.167],BK,SPEAKER_59,6469.905968749999,6472.167218750001
[ 01:47:53.483 -->  01:47:54.833],BK,SPEAKER_59,6473.483468750001,6474.833468750001
[ 01:47:55.339 -->  01:47:56.048],BK,SPEAKER_59,6475.3397187499995,6476.048468750001
[ 01:47:56.250 -->  01:47:57.415],BK,SPEAKER_59,6476.2509687500005,6477.415343750001
[ 01:47:58.022 -->  01:48:04.148],BK,SPEAKER_59,6478.022843750001,6484.14846875
[ 01:48:04.367 -->  01:48:05.025],BK,SPEAKER_59,6484.36784375,6485.02596875
[ 01:48:05.515 -->  01:48:06.426],BK,SPEAKER_59,6485.515343749999,6486.42659375
[ 01:48:09.194 -->  01:48:10.274],AI,SPEAKER_28,6489.19409375,6490.27409375
[ 01:48:10.915 -->  01:48:11.505],AI,SPEAKER_28,6490.915343750001,6491.50596875
[ 01:48:12.957 -->  01:48:26.069],M,SPEAKER_04,6492.95721875,6506.06909375
[ 01:48:26.541 -->  01:48:27.520],M,SPEAKER_04,6506.54159375,6507.52034375
[ 01:48:27.807 -->  01:48:35.265],M,SPEAKER_04,6507.80721875,6515.26596875
[ 01:48:35.603 -->  01:48:39.434],M,SPEAKER_04,6515.60346875,6519.43409375
[ 01:48:39.771 -->  01:48:42.167],M,SPEAKER_04,6519.77159375,6522.1678437499995
[ 01:48:42.589 -->  01:48:44.327],M,SPEAKER_04,6522.5897187499995,6524.327843749999
[ 01:48:44.715 -->  01:48:55.212],M,SPEAKER_04,6524.715968750001,6535.212218750001
[ 01:48:55.330 -->  01:48:59.886],M,SPEAKER_04,6535.33034375,6539.8865937499995
[ 01:48:59.903 -->  01:49:05.286],M,SPEAKER_04,6539.903468750001,6545.286593750001
[ 01:49:09.285 -->  01:49:09.302],AI,SPEAKER_28,6549.28596875,6549.30284375
[ 01:49:09.302 -->  01:49:09.370],U,SPEAKER_13,6549.30284375,6549.370343750001
[ 01:49:09.370 -->  01:49:09.505],AI,SPEAKER_28,6549.370343750001,6549.505343750001
[ 01:49:09.893 -->  01:49:10.416],U,SPEAKER_13,6549.8934687500005,6550.41659375
[ 01:49:13.032 -->  01:49:22.904],U,SPEAKER_13,6553.0322187500005,6562.904093749999
[ 01:49:23.730 -->  01:49:28.557],U,SPEAKER_13,6563.73096875,6568.55721875
[ 01:49:28.776 -->  01:49:29.687],U,SPEAKER_13,6568.776593750001,6569.68784375
[ 01:49:29.974 -->  01:49:30.700],U,SPEAKER_13,6569.97471875,6570.700343750001
[ 01:49:30.936 -->  01:49:31.965],U,SPEAKER_13,6570.936593750001,6571.965968750001
[ 01:49:32.674 -->  01:49:36.792],U,SPEAKER_13,6572.6747187500005,6576.792218750001
[ 01:49:36.944 -->  01:49:40.538],U,SPEAKER_13,6576.94409375,6580.538468750001
[ 01:49:40.673 -->  01:49:42.867],U,SPEAKER_13,6580.673468750001,6582.86721875
[ 01:49:43.542 -->  01:49:45.955],U,SPEAKER_13,6583.542218750001,6585.95534375
[ 01:49:46.259 -->  01:49:48.621],U,SPEAKER_13,6586.259093750001,6588.62159375
[ 01:49:49.077 -->  01:49:52.857],U,SPEAKER_13,6589.077218750001,6592.857218749999
[ 01:49:53.076 -->  01:50:08.534],U,SPEAKER_13,6593.07659375,6608.5340937500005
[ 01:50:08.972 -->  01:50:11.369],U,SPEAKER_13,6608.97284375,6611.36909375
[ 01:50:11.385 -->  01:50:15.621],U,SPEAKER_13,6611.385968750001,6615.62159375
[ 01:50:16.043 -->  01:50:17.579],U,SPEAKER_13,6616.04346875,6617.5790937500005
[ 01:50:17.764 -->  01:50:26.016],U,SPEAKER_13,6617.764718750001,6626.0165937500005
[ 01:50:28.142 -->  01:50:34.319],U,SPEAKER_13,6628.14284375,6634.31909375
[ 01:50:28.277 -->  01:50:28.294],BP,SPEAKER_64,6628.27784375,6628.294718749999
[ 01:50:28.294 -->  01:50:28.632],BR,SPEAKER_66,6628.294718749999,6628.632218750001
[ 01:50:28.632 -->  01:50:28.699],BP,SPEAKER_64,6628.632218750001,6628.69971875
[ 01:50:34.994 -->  01:50:36.242],U,SPEAKER_13,6634.99409375,6636.24284375
[ 01:50:37.407 -->  01:50:44.595],AI,SPEAKER_28,6637.4072187500005,6644.59596875
[ 01:50:44.393 -->  01:50:46.030],BQ,SPEAKER_65,6644.3934687500005,6646.030343750001
[ 01:50:46.030 -->  01:50:46.131],AI,SPEAKER_28,6646.030343750001,6646.13159375
[ 01:50:46.131 -->  01:50:46.215],BQ,SPEAKER_65,6646.13159375,6646.215968750001
[ 01:50:47.009 -->  01:50:48.949],AI,SPEAKER_28,6647.009093750001,6648.94971875
[ 01:50:49.590 -->  01:50:49.641],BQ,SPEAKER_65,6649.590968750001,6649.6415937500005
[ 01:50:49.641 -->  01:50:50.181],AE,SPEAKER_24,6649.6415937500005,6650.18159375
[ 01:50:50.384 -->  01:50:51.683],AE,SPEAKER_24,6650.384093750001,6651.6834687499995
[ 01:50:53.337 -->  01:50:57.741],AE,SPEAKER_24,6653.337218750001,6657.741593750001
[ 01:50:58.112 -->  01:51:11.781],AE,SPEAKER_24,6658.112843750001,6671.78159375
[ 01:51:12.186 -->  01:51:21.248],AE,SPEAKER_24,6672.186593750001,6681.24846875
[ 01:51:22.480 -->  01:51:23.104],AE,SPEAKER_24,6682.4803437499995,6683.104718750001
[ 01:51:23.864 -->  01:51:27.306],AE,SPEAKER_24,6683.86409375,6687.30659375
[ 01:51:24.083 -->  01:51:24.572],AC,SPEAKER_21,6684.083468750001,6684.57284375
[ 01:51:27.897 -->  01:51:36.081],AE,SPEAKER_24,6687.89721875,6696.081593750001
[ 01:51:35.035 -->  01:51:38.899],T,SPEAKER_11,6695.03534375,6698.899718750001
[ 01:51:39.270 -->  01:51:45.295],AE,SPEAKER_24,6699.270968750001,6705.29534375
[ 01:51:45.666 -->  01:51:56.432],AE,SPEAKER_24,6705.66659375,6716.432843750001
[ 01:51:56.669 -->  01:51:58.255],AE,SPEAKER_24,6716.669093750001,6718.255343750001
[ 01:51:58.457 -->  01:52:04.043],AE,SPEAKER_24,6718.45784375,6724.04346875
[ 01:52:05.984 -->  01:52:12.734],AE,SPEAKER_24,6725.984093749999,6732.734093749999
[ 01:52:15.180 -->  01:52:16.429],AI,SPEAKER_28,6735.180968750001,6736.42971875
[ 01:52:16.581 -->  01:52:16.598],AI,SPEAKER_28,6736.581593750001,6736.59846875
[ 01:52:16.868 -->  01:52:18.252],AI,SPEAKER_28,6736.868468750001,6738.25221875
[ 01:52:26.082 -->  01:52:32.258],D,SPEAKER_23,6746.08221875,6752.25846875
[ 01:52:32.410 -->  01:52:55.326],D,SPEAKER_23,6752.41034375,6775.32659375
[ 01:52:55.815 -->  01:53:39.134],D,SPEAKER_23,6775.815968750001,6819.134093750001
[ 01:53:39.454 -->  01:53:47.622],D,SPEAKER_23,6819.454718750001,6827.622218750001
[ 01:53:47.959 -->  01:54:09.340],D,SPEAKER_23,6827.95971875,6849.34034375
[ 01:54:09.694 -->  01:54:29.185],D,SPEAKER_23,6849.694718750001,6869.185343749999
[ 01:54:28.020 -->  01:54:29.759],AI,SPEAKER_28,6868.020968750001,6869.759093750001
[ 01:54:29.573 -->  01:54:30.872],D,SPEAKER_23,6869.573468750001,6870.872843749999
[ 01:54:30.720 -->  01:54:31.598],AI,SPEAKER_28,6870.72096875,6871.59846875
[ 01:54:32.965 -->  01:54:34.416],AI,SPEAKER_28,6872.96534375,6874.41659375
[ 01:54:35.412 -->  01:54:46.465],AI,SPEAKER_28,6875.41221875,6886.46534375
[ 01:54:44.018 -->  01:54:44.862],AJ,SPEAKER_29,6884.0184687500005,6884.8622187500005
[ 01:54:45.891 -->  01:54:45.959],AJ,SPEAKER_29,6885.8915937500005,6885.95909375
[ 01:54:49.469 -->  01:54:51.460],F,SPEAKER_45,6889.46909375,6891.460343750001
[ 01:54:50.245 -->  01:54:50.734],AI,SPEAKER_28,6890.245343750001,6890.73471875
[ 01:54:50.734 -->  01:54:50.937],M,SPEAKER_04,6890.73471875,6890.937218749999
[ 01:54:52.101 -->  01:54:54.565],F,SPEAKER_45,6892.10159375,6894.5653437500005
[ 01:54:54.869 -->  01:55:03.070],F,SPEAKER_45,6894.86909375,6903.07034375
[ 01:55:03.509 -->  01:55:07.964],F,SPEAKER_45,6903.509093750001,6907.964093750001
[ 01:55:08.706 -->  01:55:09.347],F,SPEAKER_45,6908.706593750001,6909.34784375
[ 01:55:09.668 -->  01:55:15.524],F,SPEAKER_45,6909.66846875,6915.52409375
[ 01:55:15.777 -->  01:55:27.927],F,SPEAKER_45,6915.7772187499995,6927.927218750001
[ 01:55:28.332 -->  01:55:30.137],F,SPEAKER_45,6928.33221875,6930.137843750001
[ 01:55:31.150 -->  01:55:35.284],F,SPEAKER_45,6931.15034375,6935.284718750001
[ 01:55:36.229 -->  01:55:41.005],F,SPEAKER_45,6936.229718750001,6941.005343750001
[ 01:55:41.072 -->  01:55:49.814],F,SPEAKER_45,6941.07284375,6949.814093750001
[ 01:55:50.084 -->  01:55:54.420],F,SPEAKER_45,6950.08409375,6954.420968750001
[ 01:55:54.724 -->  01:56:09.254],F,SPEAKER_45,6954.72471875,6969.25409375
[ 01:56:09.979 -->  01:56:15.109],F,SPEAKER_45,6969.979718750001,6975.10971875
[ 01:56:15.987 -->  01:56:24.542],F,SPEAKER_45,6975.9872187500005,6984.5428437499995
[ 01:56:24.897 -->  01:56:28.154],F,SPEAKER_45,6984.89721875,6988.154093749999
[ 01:56:28.609 -->  01:56:34.920],F,SPEAKER_45,6988.60971875,6994.920968750001
[ 01:56:35.747 -->  01:56:36.355],AI,SPEAKER_28,6995.747843749999,6996.3553437499995
[ 01:56:36.962 -->  01:56:37.030],AI,SPEAKER_28,6996.96284375,6997.030343750001
[ 01:56:37.148 -->  01:56:38.160],AI,SPEAKER_28,6997.14846875,6998.16096875
[ 01:56:41.822 -->  01:56:45.045],S,SPEAKER_10,7001.82284375,7005.045968750001
[ 01:56:45.636 -->  01:56:46.277],S,SPEAKER_10,7005.6365937499995,7006.27784375
[ 01:56:46.530 -->  01:56:50.783],S,SPEAKER_10,7006.530968750001,7010.78346875
[ 01:56:51.340 -->  01:56:51.795],S,SPEAKER_10,7011.34034375,7011.795968750001
[ 01:56:52.184 -->  01:56:56.031],S,SPEAKER_10,7012.18409375,7016.03159375
[ 01:56:56.689 -->  01:57:03.996],S,SPEAKER_10,7016.68971875,7023.99659375
[ 01:57:04.924 -->  01:57:09.244],S,SPEAKER_10,7024.9247187500005,7029.24471875
[ 01:57:10.122 -->  01:57:12.923],S,SPEAKER_10,7030.122218750001,7032.923468750001
[ 01:57:13.463 -->  01:57:21.630],S,SPEAKER_10,7033.46346875,7041.63096875
[ 01:57:22.069 -->  01:57:29.359],S,SPEAKER_10,7042.069718750001,7049.35971875
[ 01:57:29.545 -->  01:57:30.355],S,SPEAKER_10,7049.54534375,7050.3553437499995
[ 01:57:30.810 -->  01:57:31.705],S,SPEAKER_10,7050.81096875,7051.70534375
[ 01:57:32.042 -->  01:57:34.979],S,SPEAKER_10,7052.0428437499995,7054.97909375
[ 01:57:35.367 -->  01:57:39.450],S,SPEAKER_10,7055.36721875,7059.450968749999
[ 01:57:39.889 -->  01:57:42.336],S,SPEAKER_10,7059.889718750001,7062.33659375
[ 01:57:42.809 -->  01:57:49.052],S,SPEAKER_10,7062.80909375,7069.05284375
[ 01:57:49.305 -->  01:57:51.803],S,SPEAKER_10,7069.305968750001,7071.80346875
[ 01:57:52.090 -->  01:57:59.717],S,SPEAKER_10,7072.09034375,7079.717843750001
[ 01:58:00.139 -->  01:58:00.932],S,SPEAKER_10,7080.139718750001,7080.932843750001
[ 01:58:01.506 -->  01:58:03.835],S,SPEAKER_10,7081.50659375,7083.835343750001
[ 01:58:04.442 -->  01:58:06.332],S,SPEAKER_10,7084.442843750001,7086.33284375
[ 01:58:06.957 -->  01:58:07.682],S,SPEAKER_10,7086.95721875,7087.682843750001
[ 01:58:08.678 -->  01:58:10.703],S,SPEAKER_10,7088.67846875,7090.70346875
[ 01:58:10.889 -->  01:58:13.555],S,SPEAKER_10,7090.88909375,7093.55534375
[ 01:58:13.859 -->  01:58:16.356],S,SPEAKER_10,7093.859093750001,7096.356593750001
[ 01:58:16.390 -->  01:58:17.082],S,SPEAKER_10,7096.390343750001,7097.08221875
[ 01:58:17.385 -->  01:58:19.731],S,SPEAKER_10,7097.385968750001,7099.731593750001
[ 01:58:19.967 -->  01:58:21.014],S,SPEAKER_10,7099.967843750001,7101.01409375
[ 01:58:21.604 -->  01:58:22.600],S,SPEAKER_10,7101.604718750001,7102.60034375
[ 01:58:22.988 -->  01:58:25.840],S,SPEAKER_10,7102.98846875,7105.84034375
[ 01:58:26.211 -->  01:58:27.291],S,SPEAKER_10,7106.21159375,7107.29159375
[ 01:58:28.034 -->  01:58:31.695],S,SPEAKER_10,7108.0340937500005,7111.69596875
[ 01:58:33.602 -->  01:58:33.974],S,SPEAKER_10,7113.602843750001,7113.974093750001
[ 01:58:34.075 -->  01:58:39.930],S,SPEAKER_10,7114.075343750001,7119.930968750001
[ 01:58:40.437 -->  01:58:40.808],S,SPEAKER_10,7120.437218750001,7120.8084687499995
[ 01:58:41.179 -->  01:58:46.326],S,SPEAKER_10,7121.17971875,7126.32659375
[ 01:58:44.031 -->  01:58:44.352],AI,SPEAKER_28,7124.03159375,7124.35221875
[ 01:58:46.326 -->  01:58:46.765],AI,SPEAKER_28,7126.32659375,7126.765343750001
[ 01:58:46.765 -->  01:58:46.984],S,SPEAKER_10,7126.765343750001,7126.98471875
[ 01:58:46.984 -->  01:58:47.541],AI,SPEAKER_28,7126.98471875,7127.54159375
[ 01:58:48.402 -->  01:58:52.722],AI,SPEAKER_28,7128.4022187499995,7132.722218750001
[ 01:58:48.739 -->  01:58:50.292],S,SPEAKER_10,7128.739718750001,7130.292218750001
[ 01:58:50.292 -->  01:58:50.309],AF,SPEAKER_25,7130.292218750001,7130.30909375
[ 01:58:59.033 -->  01:59:01.497],B,SPEAKER_01,7139.03346875,7141.497218750001
[ 01:59:02.121 -->  01:59:03.960],B,SPEAKER_01,7142.12159375,7143.96096875
[ 01:59:04.416 -->  01:59:06.998],B,SPEAKER_01,7144.41659375,7146.99846875
[ 01:59:08.365 -->  01:59:12.229],B,SPEAKER_01,7148.36534375,7152.229718750001
[ 01:59:12.870 -->  01:59:15.435],B,SPEAKER_01,7152.8709687499995,7155.43596875
[ 01:59:16.262 -->  01:59:18.490],B,SPEAKER_01,7156.262843750001,7158.49034375
[ 01:59:18.540 -->  01:59:20.447],B,SPEAKER_01,7158.54096875,7160.44784375
[ 01:59:20.734 -->  01:59:22.388],B,SPEAKER_01,7160.73471875,7162.388468749999
[ 01:59:23.805 -->  01:59:26.084],B,SPEAKER_01,7163.805968750001,7166.08409375
[ 01:59:26.759 -->  01:59:30.049],B,SPEAKER_01,7166.759093750001,7170.0497187500005
[ 01:59:30.792 -->  01:59:32.867],B,SPEAKER_01,7170.792218750001,7172.86784375
[ 01:59:33.205 -->  01:59:34.589],B,SPEAKER_01,7173.20534375,7174.589093750001
[ 01:59:35.061 -->  01:59:38.706],B,SPEAKER_01,7175.061593750001,7178.706593750001
[ 01:59:39.060 -->  01:59:41.187],B,SPEAKER_01,7179.06096875,7181.187218750001
[ 01:59:41.946 -->  01:59:43.904],B,SPEAKER_01,7181.946593750001,7183.904093749999
[ 01:59:45.000 -->  01:59:48.730],B,SPEAKER_01,7185.0009687500005,7188.7303437499995
[ 01:59:49.810 -->  01:59:52.695],B,SPEAKER_01,7189.810343749999,7192.69596875
[ 01:59:53.370 -->  01:59:55.497],B,SPEAKER_01,7193.3709687499995,7195.497218750001
[ 01:59:56.290 -->  01:59:56.931],B,SPEAKER_01,7196.290343750001,7196.93159375
[ 01:59:57.184 -->  01:59:58.652],B,SPEAKER_01,7197.184718750001,7198.65284375
[ 01:59:59.277 -->  02:00:00.458],B,SPEAKER_01,7199.2772187499995,7200.458468750001
[ 02:00:01.133 -->  02:00:02.955],B,SPEAKER_01,7201.13346875,7202.9559687500005
[ 02:00:03.445 -->  02:00:04.221],B,SPEAKER_01,7203.44534375,7204.2215937500005
[ 02:00:04.879 -->  02:00:05.267],B,SPEAKER_01,7204.87971875,7205.26784375
[ 02:00:05.740 -->  02:00:07.140],B,SPEAKER_01,7205.74034375,7207.14096875
[ 02:00:07.410 -->  02:00:09.604],B,SPEAKER_01,7207.41096875,7209.604718750001
[ 02:00:09.891 -->  02:00:14.549],B,SPEAKER_01,7209.8915937500005,7214.54909375
[ 02:00:15.359 -->  02:00:16.658],B,SPEAKER_01,7215.359093750001,7216.65846875
[ 02:00:16.658 -->  02:00:16.827],AI,SPEAKER_28,7216.65846875,7216.827218750001
[ 02:00:16.827 -->  02:00:17.097],B,SPEAKER_01,7216.827218750001,7217.097218750001
[ 02:00:18.143 -->  02:00:18.227],B,SPEAKER_01,7218.1434687500005,7218.227843750001
[ 02:00:18.227 -->  02:00:18.582],AI,SPEAKER_28,7218.227843750001,7218.58221875
[ 02:00:18.582 -->  02:00:18.666],N,SPEAKER_05,7218.58221875,7218.66659375
[ 02:00:18.666 -->  02:00:18.683],AI,SPEAKER_28,7218.66659375,7218.6834687499995
[ 02:00:18.683 -->  02:00:18.717],N,SPEAKER_05,7218.6834687499995,7218.71721875
[ 02:00:18.717 -->  02:00:18.750],AI,SPEAKER_28,7218.71721875,7218.7509687500005
[ 02:00:18.750 -->  02:00:18.885],N,SPEAKER_05,7218.7509687500005,7218.885968750001
[ 02:00:18.885 -->  02:00:18.919],AI,SPEAKER_28,7218.885968750001,7218.919718749999
[ 02:00:18.919 -->  02:00:18.970],B,SPEAKER_01,7218.919718749999,7218.970343750001
[ 02:00:22.497 -->  02:00:25.568],N,SPEAKER_05,7222.497218750001,7225.56846875
[ 02:00:25.922 -->  02:00:36.402],N,SPEAKER_05,7225.9228437500005,7236.4022187499995
[ 02:00:36.773 -->  02:00:40.064],N,SPEAKER_05,7236.77346875,7240.064093750001
[ 02:00:40.570 -->  02:00:44.535],N,SPEAKER_05,7240.57034375,7244.53596875
[ 02:00:44.755 -->  02:00:57.040],N,SPEAKER_05,7244.755343750001,7257.040343750001
[ 02:00:57.310 -->  02:00:58.677],N,SPEAKER_05,7257.310343749999,7258.677218750001
[ 02:00:59.200 -->  02:01:00.381],N,SPEAKER_05,7259.200343750001,7260.38159375
[ 02:01:00.702 -->  02:01:16.092],N,SPEAKER_05,7260.702218750001,7276.09221875
[ 02:01:09.240 -->  02:01:09.696],AV,SPEAKER_42,7269.24096875,7269.696593750001
[ 02:01:09.696 -->  02:01:09.713],AA,SPEAKER_19,7269.696593750001,7269.71346875
[ 02:01:13.139 -->  02:01:13.915],AV,SPEAKER_42,7273.13909375,7273.915343750001
[ 02:01:17.644 -->  02:01:20.918],N,SPEAKER_05,7277.64471875,7280.91846875
[ 02:01:23.534 -->  02:01:30.435],N,SPEAKER_05,7283.5340937500005,7290.43596875
[ 02:01:30.520 -->  02:01:33.405],N,SPEAKER_05,7290.52034375,7293.405968750001
[ 02:01:33.895 -->  02:01:37.084],N,SPEAKER_05,7293.89534375,7297.08471875
[ 02:01:37.894 -->  02:01:42.332],N,SPEAKER_05,7297.89471875,7302.33284375
[ 02:01:42.653 -->  02:01:46.619],N,SPEAKER_05,7302.653468750001,7306.61909375
[ 02:01:47.665 -->  02:02:03.021],N,SPEAKER_05,7307.665343750001,7323.02159375
[ 02:02:03.257 -->  02:02:04.979],N,SPEAKER_05,7323.25784375,7324.97909375
[ 02:02:05.957 -->  02:02:07.392],N,SPEAKER_05,7325.95784375,7327.392218750001
[ 02:02:07.797 -->  02:02:09.720],N,SPEAKER_05,7327.79721875,7329.72096875
[ 02:02:09.957 -->  02:02:16.082],N,SPEAKER_05,7329.95721875,7336.08284375
[ 02:02:16.673 -->  02:02:24.030],N,SPEAKER_05,7336.673468750001,7344.030968750001
[ 02:02:24.317 -->  02:02:25.954],AI,SPEAKER_28,7344.317843750001,7345.954718750001
[ 02:02:26.376 -->  02:02:27.237],AI,SPEAKER_28,7346.376593750001,7347.2372187500005
[ 02:02:26.444 -->  02:02:27.338],N,SPEAKER_05,7346.44409375,7347.33846875
[ 02:02:29.835 -->  02:02:30.561],AI,SPEAKER_28,7349.83596875,7350.561593750001
[ 02:02:30.561 -->  02:02:30.578],AU,SPEAKER_41,7350.561593750001,7350.57846875
[ 02:02:33.244 -->  02:02:49.259],AU,SPEAKER_41,7353.24471875,7369.259093750001
[ 02:02:49.782 -->  02:02:58.860],AU,SPEAKER_41,7369.7822187500005,7378.860968750001
[ 02:02:59.299 -->  02:02:59.637],T,SPEAKER_11,7379.2997187500005,7379.63721875
[ 02:03:00.750 -->  02:03:06.640],AU,SPEAKER_41,7380.7509687500005,7386.640343750001
[ 02:03:07.264 -->  02:03:28.442],AU,SPEAKER_41,7387.264718750001,7408.442843750001
[ 02:03:29.505 -->  02:03:33.235],AU,SPEAKER_41,7409.50596875,7413.2353437500005
[ 02:03:34.112 -->  02:03:37.285],AU,SPEAKER_41,7414.112843750001,7417.28534375
[ 02:03:37.808 -->  02:03:38.922],AU,SPEAKER_41,7417.8084687499995,7418.92221875
[ 02:03:39.259 -->  02:03:45.790],AU,SPEAKER_41,7419.25971875,7425.790343750001
[ 02:03:46.313 -->  02:03:46.785],AU,SPEAKER_41,7426.3134687500005,7426.78596875
[ 02:03:47.309 -->  02:03:54.767],AU,SPEAKER_41,7427.30909375,7434.76784375
[ 02:03:55.662 -->  02:03:59.121],AU,SPEAKER_41,7435.66221875,7439.12159375
[ 02:03:59.965 -->  02:04:02.547],AU,SPEAKER_41,7439.96534375,7442.54721875
[ 02:04:02.715 -->  02:04:07.812],AU,SPEAKER_41,7442.715968750001,7447.812218750001
[ 02:04:09.330 -->  02:04:11.744],AI,SPEAKER_28,7449.3309687500005,7451.74409375
[ 02:04:15.962 -->  02:04:16.030],T,SPEAKER_11,7455.96284375,7456.030343750001
[ 02:04:17.363 -->  02:04:24.062],BF,SPEAKER_53,7457.36346875,7464.06284375
[ 02:04:24.299 -->  02:04:26.442],BF,SPEAKER_53,7464.29909375,7466.44221875
[ 02:04:26.594 -->  02:04:29.243],BF,SPEAKER_53,7466.59409375,7469.243468750001
[ 02:04:30.053 -->  02:04:35.774],BF,SPEAKER_53,7470.05346875,7475.77409375
[ 02:04:36.330 -->  02:04:45.038],BF,SPEAKER_53,7476.3309687500005,7485.038468750001
[ 02:04:45.224 -->  02:04:55.619],BF,SPEAKER_53,7485.224093750001,7495.61909375
[ 02:04:55.737 -->  02:05:18.805],BF,SPEAKER_53,7495.7372187500005,7518.80534375
[ 02:05:18.940 -->  02:05:26.129],BF,SPEAKER_53,7518.9403437500005,7526.12909375
[ 02:05:26.550 -->  02:05:30.887],BF,SPEAKER_53,7526.55096875,7530.887843750001
[ 02:05:31.275 -->  02:05:33.300],BF,SPEAKER_53,7531.27596875,7533.30096875
[ 02:05:33.942 -->  02:05:36.017],BF,SPEAKER_53,7533.94221875,7536.01784375
[ 02:05:36.844 -->  02:05:38.970],BF,SPEAKER_53,7536.8447187500005,7538.97096875
[ 02:05:39.510 -->  02:05:41.789],BF,SPEAKER_53,7539.510968750001,7541.78909375
[ 02:05:42.278 -->  02:05:44.387],BF,SPEAKER_53,7542.278468750001,7544.387843750001
[ 02:05:44.995 -->  02:05:49.214],BF,SPEAKER_53,7544.995343750001,7549.214093750001
[ 02:05:49.568 -->  02:05:53.112],BF,SPEAKER_53,7549.56846875,7553.1122187500005
[ 02:05:53.584 -->  02:05:56.790],BF,SPEAKER_53,7553.58471875,7556.79096875
[ 02:05:57.195 -->  02:05:59.828],BF,SPEAKER_53,7557.19596875,7559.82846875
[ 02:06:00.149 -->  02:06:03.743],BF,SPEAKER_53,7560.14909375,7563.743468750001
[ 02:06:04.030 -->  02:06:06.983],BF,SPEAKER_53,7564.030343750001,7566.983468750001
[ 02:06:07.287 -->  02:06:15.201],BF,SPEAKER_53,7567.28721875,7575.20159375
[ 02:06:17.091 -->  02:06:17.395],T,SPEAKER_11,7577.091593749999,7577.39534375
[ 02:06:17.952 -->  02:06:18.745],T,SPEAKER_11,7577.952218750001,7578.745343750001
[ 02:06:18.964 -->  02:06:19.032],T,SPEAKER_11,7578.9647187499995,7579.0322187500005
[ 02:06:19.977 -->  02:06:20.027],T,SPEAKER_11,7579.97721875,7580.02784375
[ 02:06:23.858 -->  02:06:42.724],AP,SPEAKER_36,7583.858468750001,7602.72471875
[ 02:06:43.281 -->  02:06:48.057],AP,SPEAKER_36,7603.28159375,7608.05721875
[ 02:06:48.512 -->  02:06:54.689],AP,SPEAKER_36,7608.512843750001,7614.689093750001
[ 02:06:55.094 -->  02:07:03.953],AP,SPEAKER_36,7615.09409375,7623.95346875
[ 02:07:04.442 -->  02:07:12.070],AP,SPEAKER_36,7624.442843750001,7632.07034375
[ 02:07:12.897 -->  02:07:18.668],AP,SPEAKER_36,7632.89721875,7638.66846875
[ 02:07:19.664 -->  02:07:22.009],AP,SPEAKER_36,7639.66409375,7642.00971875
[ 02:07:22.279 -->  02:07:22.887],AP,SPEAKER_36,7642.27971875,7642.88721875
[ 02:07:23.933 -->  02:07:26.464],AP,SPEAKER_36,7643.9334687499995,7646.4647187499995
[ 02:07:26.970 -->  02:07:28.101],AP,SPEAKER_36,7646.97096875,7648.10159375
[ 02:07:28.590 -->  02:07:29.451],AP,SPEAKER_36,7648.590968750001,7649.45159375
[ 02:07:30.025 -->  02:07:33.045],AP,SPEAKER_36,7650.02534375,7653.045968750001
[ 02:07:33.518 -->  02:07:37.079],AP,SPEAKER_36,7653.5184687500005,7657.0790937500005
[ 02:07:39.475 -->  02:07:41.567],AP,SPEAKER_36,7659.47534375,7661.567843750001
[ 02:07:42.192 -->  02:07:47.811],AP,SPEAKER_36,7662.19221875,7667.811593750001
[ 02:07:48.435 -->  02:07:50.629],AP,SPEAKER_36,7668.43596875,7670.62971875
[ 02:07:51.085 -->  02:07:54.629],AP,SPEAKER_36,7671.085343750001,7674.62909375
[ 02:07:54.966 -->  02:07:56.384],AP,SPEAKER_36,7674.966593749999,7676.384093750001
[ 02:07:57.345 -->  02:08:05.850],AP,SPEAKER_36,7677.34596875,7685.850968750001
[ 02:08:05.985 -->  02:08:06.745],T,SPEAKER_11,7685.985968750001,7686.745343750001
[ 02:08:07.437 -->  02:08:11.048],AP,SPEAKER_36,7687.437218750001,7691.048468750001
[ 02:08:11.335 -->  02:08:13.377],AP,SPEAKER_36,7691.335343750001,7693.37721875
[ 02:08:13.647 -->  02:08:15.435],AP,SPEAKER_36,7693.64721875,7695.43596875
[ 02:08:15.587 -->  02:08:19.485],AP,SPEAKER_36,7695.58784375,7699.485968750001
[ 02:08:19.772 -->  02:08:23.130],AP,SPEAKER_36,7699.772843750001,7703.13096875
[ 02:08:23.603 -->  02:08:27.619],AP,SPEAKER_36,7703.60346875,7707.61971875
[ 02:08:25.982 -->  02:08:26.590],AI,SPEAKER_28,7705.98284375,7706.59034375
[ 02:08:27.552 -->  02:08:28.750],AI,SPEAKER_28,7707.552218750001,7708.75034375
[ 02:08:34.150 -->  02:08:50.974],V,SPEAKER_14,7714.15034375,7730.97471875
[ 02:08:51.615 -->  02:08:52.695],V,SPEAKER_14,7731.61596875,7732.69596875
[ 02:08:53.016 -->  02:08:55.497],V,SPEAKER_14,7733.0165937500005,7735.497218750001
[ 02:08:55.733 -->  02:08:59.260],V,SPEAKER_14,7735.733468750001,7739.26034375
[ 02:08:59.496 -->  02:09:01.065],V,SPEAKER_14,7739.49659375,7741.065968750001
[ 02:09:01.504 -->  02:09:05.858],V,SPEAKER_14,7741.50471875,7745.858468750001
[ 02:09:07.309 -->  02:09:12.355],V,SPEAKER_14,7747.309718750001,7752.3553437499995
[ 02:09:12.810 -->  02:09:14.127],V,SPEAKER_14,7752.81096875,7754.12721875
[ 02:09:14.835 -->  02:09:15.308],V,SPEAKER_14,7754.83596875,7755.3084687499995
[ 02:09:15.882 -->  02:09:21.569],V,SPEAKER_14,7755.882218750001,7761.56909375
[ 02:09:22.041 -->  02:09:28.082],V,SPEAKER_14,7762.04159375,7768.08284375
[ 02:09:30.850 -->  02:09:39.726],V,SPEAKER_14,7770.85034375,7779.72659375
[ 02:09:41.076 -->  02:09:42.764],V,SPEAKER_14,7781.07659375,7782.76409375
[ 02:09:42.831 -->  02:09:45.835],V,SPEAKER_14,7782.831593750001,7785.835343750001
[ 02:09:46.510 -->  02:09:47.421],V,SPEAKER_14,7786.51034375,7787.421593750001
[ 02:09:47.556 -->  02:09:51.032],V,SPEAKER_14,7787.55659375,7791.032843750001
[ 02:09:51.319 -->  02:09:53.496],V,SPEAKER_14,7791.319718750001,7793.49659375
[ 02:09:53.918 -->  02:09:54.947],V,SPEAKER_14,7793.91846875,7794.94784375
[ 02:09:55.133 -->  02:09:56.753],V,SPEAKER_14,7795.13346875,7796.753468750001
[ 02:09:57.850 -->  02:09:58.238],V,SPEAKER_14,7797.85034375,7798.23846875
[ 02:09:58.592 -->  02:09:59.115],V,SPEAKER_14,7798.592843750001,7799.11596875
[ 02:09:59.402 -->  02:10:00.769],V,SPEAKER_14,7799.40284375,7800.76971875
[ 02:10:00.972 -->  02:10:03.554],V,SPEAKER_14,7800.972218750001,7803.554093750001
[ 02:10:03.942 -->  02:10:04.735],V,SPEAKER_14,7803.94221875,7804.7353437500005
[ 02:10:05.055 -->  02:10:08.599],V,SPEAKER_14,7805.055968750001,7808.59971875
[ 02:10:08.819 -->  02:10:15.214],V,SPEAKER_14,7808.81909375,7815.2147187499995
[ 02:10:15.214 -->  02:10:16.902],T,SPEAKER_11,7815.2147187499995,7816.9022187499995
[ 02:10:16.969 -->  02:10:17.037],T,SPEAKER_11,7816.9697187500005,7817.03721875
[ 02:10:17.965 -->  02:10:18.032],T,SPEAKER_11,7817.96534375,7818.032843750001
[ 02:10:18.977 -->  02:10:19.028],T,SPEAKER_11,7818.977843750001,7819.028468750001
[ 02:10:20.935 -->  02:10:22.740],AI,SPEAKER_28,7820.935343749999,7822.74096875
[ 02:10:25.761 -->  02:10:37.084],BA,SPEAKER_48,7825.7615937499995,7837.08471875
[ 02:10:37.489 -->  02:10:39.042],BA,SPEAKER_48,7837.489718750001,7839.042218750001
[ 02:10:39.143 -->  02:10:43.446],BA,SPEAKER_48,7839.1434687500005,7843.446593750001
[ 02:10:43.902 -->  02:10:54.145],BA,SPEAKER_48,7843.9022187499995,7854.14534375
[ 02:10:54.550 -->  02:11:04.641],BA,SPEAKER_48,7854.550343750001,7864.6415937500005
[ 02:11:04.945 -->  02:11:13.990],BA,SPEAKER_48,7864.94534375,7873.99034375
[ 02:11:14.513 -->  02:11:34.797],BA,SPEAKER_48,7874.513468749999,7894.79721875
[ 02:11:35.303 -->  02:11:35.961],BA,SPEAKER_48,7895.30346875,7895.96159375
[ 02:11:36.282 -->  02:11:52.853],BA,SPEAKER_48,7896.2822187500005,7912.85346875
[ 02:11:53.224 -->  02:12:00.025],BA,SPEAKER_48,7913.22471875,7920.02534375
[ 02:12:00.885 -->  02:12:10.454],BA,SPEAKER_48,7920.885968750001,7930.4540937500005
[ 02:12:10.622 -->  02:12:16.495],BA,SPEAKER_48,7930.622843749999,7936.495343750001
[ 02:12:16.917 -->  02:12:20.376],BA,SPEAKER_48,7936.917218750001,7940.376593750001
[ 02:12:20.781 -->  02:12:30.771],BA,SPEAKER_48,7940.78159375,7950.77159375
[ 02:12:27.599 -->  02:12:27.615],T,SPEAKER_11,7947.599093750001,7947.61596875
[ 02:12:27.615 -->  02:12:27.801],AZ,SPEAKER_47,7947.61596875,7947.80159375
[ 02:12:27.801 -->  02:12:27.818],T,SPEAKER_11,7947.80159375,7947.81846875
[ 02:12:27.818 -->  02:12:28.645],AZ,SPEAKER_47,7947.81846875,7948.64534375
[ 02:12:28.645 -->  02:12:28.797],T,SPEAKER_11,7948.64534375,7948.79721875
[ 02:12:28.797 -->  02:12:28.898],AI,SPEAKER_28,7948.79721875,7948.89846875
[ 02:12:28.898 -->  02:12:29.067],T,SPEAKER_11,7948.89846875,7949.06721875
[ 02:12:29.067 -->  02:12:29.978],AZ,SPEAKER_47,7949.06721875,7949.97846875
[ 02:12:29.978 -->  02:12:30.231],O,SPEAKER_06,7949.97846875,7950.231593750001
[ 02:12:32.796 -->  02:12:32.965],T,SPEAKER_11,7952.796593750001,7952.96534375
[ 02:12:32.965 -->  02:12:32.999],BO,SPEAKER_63,7952.96534375,7952.999093750001
[ 02:12:32.999 -->  02:12:33.032],CA,SPEAKER_76,7952.999093750001,7953.032843750001
[ 02:12:36.239 -->  02:12:37.099],BO,SPEAKER_63,7956.23909375,7957.09971875
[ 02:12:37.521 -->  02:12:37.977],CA,SPEAKER_76,7957.52159375,7957.97721875
[ 02:12:39.462 -->  02:12:42.887],BO,SPEAKER_63,7959.462218750001,7962.887843750001
[ 02:12:43.292 -->  02:12:47.359],CA,SPEAKER_76,7963.2928437499995,7967.35971875
[ 02:12:47.359 -->  02:12:53.181],BO,SPEAKER_63,7967.35971875,7973.18159375
[ 02:12:53.400 -->  02:12:59.594],BO,SPEAKER_63,7973.40096875,7979.59409375
[ 02:13:00.167 -->  02:13:01.669],BO,SPEAKER_63,7980.1678437499995,7981.669718749999
[ 02:13:01.939 -->  02:13:02.884],BO,SPEAKER_63,7981.93971875,7982.88471875
[ 02:13:03.036 -->  02:13:07.137],BO,SPEAKER_63,7983.036593750001,7987.13721875
[ 02:13:07.812 -->  02:13:14.190],BO,SPEAKER_63,7987.812218750001,7994.190968750001
[ 02:13:14.714 -->  02:13:15.810],BO,SPEAKER_63,7994.714093750001,7995.81096875
[ 02:13:16.418 -->  02:13:22.037],BO,SPEAKER_63,7996.41846875,8002.03784375
[ 02:13:22.611 -->  02:13:25.868],BO,SPEAKER_63,8002.61159375,8005.868468750001
[ 02:13:26.256 -->  02:13:29.412],BO,SPEAKER_63,8006.25659375,8009.41221875
[ 02:13:29.766 -->  02:13:32.280],BO,SPEAKER_63,8009.7665937500005,8012.280968750001
[ 02:13:32.685 -->  02:13:35.554],BO,SPEAKER_63,8012.68596875,8015.55471875
[ 02:13:35.976 -->  02:13:40.684],BO,SPEAKER_63,8015.97659375,8020.684718750001
[ 02:13:41.224 -->  02:13:43.452],BO,SPEAKER_63,8021.22471875,8023.452218750001
[ 02:13:43.924 -->  02:13:48.194],BO,SPEAKER_63,8023.9247187500005,8028.19409375
[ 02:13:50.455 -->  02:13:51.872],AI,SPEAKER_28,8030.45534375,8031.872843750001
[ 02:13:57.340 -->  02:14:27.327],BY,SPEAKER_74,8037.34034375,8067.327218750001
[ 02:14:28.137 -->  02:14:28.997],BY,SPEAKER_74,8068.13721875,8068.997843750001
[ 02:14:29.571 -->  02:14:31.934],BY,SPEAKER_74,8069.571593750001,8071.93409375
[ 02:14:31.377 -->  02:14:31.562],BZ,SPEAKER_75,8071.37721875,8071.56284375
[ 02:14:32.507 -->  02:14:34.262],BY,SPEAKER_74,8072.50784375,8074.262843750001
[ 02:14:34.566 -->  02:14:35.292],BY,SPEAKER_74,8074.56659375,8075.292218750001
[ 02:14:35.781 -->  02:14:37.705],BY,SPEAKER_74,8075.78159375,8077.70534375
[ 02:14:38.009 -->  02:14:39.645],BY,SPEAKER_74,8078.009093750001,8079.645968750001
[ 02:14:40.101 -->  02:14:43.324],BY,SPEAKER_74,8080.10159375,8083.32471875
[ 02:14:43.729 -->  02:14:44.691],BY,SPEAKER_74,8083.729718750001,8084.69159375
[ 02:14:45.417 -->  02:14:48.049],BY,SPEAKER_74,8085.417218750001,8088.0497187500005
[ 02:14:48.690 -->  02:14:52.994],BY,SPEAKER_74,8088.690968750001,8092.99409375
[ 02:14:53.314 -->  02:14:54.344],BY,SPEAKER_74,8093.31471875,8094.34409375
[ 02:14:54.647 -->  02:15:04.570],BY,SPEAKER_74,8094.647843750001,8104.57034375
[ 02:15:05.970 -->  02:15:07.304],BY,SPEAKER_74,8105.97096875,8107.304093750001
[ 02:15:07.624 -->  02:15:08.485],BY,SPEAKER_74,8107.624718750001,8108.4853437500005
[ 02:15:08.721 -->  02:15:10.645],BY,SPEAKER_74,8108.7215937500005,8110.64534375
[ 02:15:11.252 -->  02:15:12.265],BY,SPEAKER_74,8111.2528437500005,8112.265343750001
[ 02:15:13.277 -->  02:15:14.560],BY,SPEAKER_74,8113.27784375,8114.560343750001
[ 02:15:15.488 -->  02:15:16.517],BY,SPEAKER_74,8115.48846875,8116.51784375
[ 02:15:17.209 -->  02:15:19.251],BY,SPEAKER_74,8117.20971875,8119.251593750001
[ 02:15:19.319 -->  02:15:20.348],BY,SPEAKER_74,8119.31909375,8120.34846875
[ 02:15:21.377 -->  02:15:22.390],BY,SPEAKER_74,8121.3778437500005,8122.390343750001
[ 02:15:22.829 -->  02:15:23.318],BY,SPEAKER_74,8122.8290937500005,8123.31846875
[ 02:15:23.875 -->  02:15:26.946],BY,SPEAKER_74,8123.87534375,8126.946593750001
[ 02:15:27.756 -->  02:15:28.229],BY,SPEAKER_74,8127.75659375,8128.22909375
[ 02:15:29.224 -->  02:15:30.355],BY,SPEAKER_74,8129.22471875,8130.3553437499995
[ 02:15:30.861 -->  02:15:32.481],BY,SPEAKER_74,8130.86159375,8132.481593750001
[ 02:15:32.954 -->  02:15:39.029],BY,SPEAKER_74,8132.9540937500005,8139.029093750001
[ 02:15:39.822 -->  02:15:42.944],BY,SPEAKER_74,8139.82221875,8142.94409375
[ 02:15:43.467 -->  02:15:44.344],BY,SPEAKER_74,8143.46721875,8144.3447187500005
[ 02:15:44.631 -->  02:15:45.644],BY,SPEAKER_74,8144.63159375,8145.644093750001
[ 02:15:46.133 -->  02:15:46.943],BY,SPEAKER_74,8146.13346875,8146.94346875
[ 02:15:47.584 -->  02:15:48.698],BY,SPEAKER_74,8147.58471875,8148.698468750001
[ 02:15:49.221 -->  02:15:50.858],BY,SPEAKER_74,8149.2215937500005,8150.858468750001
[ 02:15:51.735 -->  02:15:58.671],BY,SPEAKER_74,8151.735968750001,8158.671593750001
[ 02:15:58.671 -->  02:16:00.899],AI,SPEAKER_28,8158.671593750001,8160.89909375
[ 02:15:59.228 -->  02:15:59.768],BY,SPEAKER_74,8159.22846875,8159.7684687500005
[ 02:16:07.598 -->  02:16:11.530],R,SPEAKER_09,8167.59846875,8171.530343750001
[ 02:16:12.104 -->  02:16:15.107],R,SPEAKER_09,8172.10409375,8175.10784375
[ 02:16:15.782 -->  02:16:16.204],R,SPEAKER_09,8175.782843750001,8176.204718750001
[ 02:16:16.322 -->  02:16:17.959],R,SPEAKER_09,8176.32284375,8177.95971875
[ 02:16:18.162 -->  02:16:20.069],R,SPEAKER_09,8178.16221875,8180.06909375
[ 02:16:20.946 -->  02:16:24.878],R,SPEAKER_09,8180.946593750001,8184.878468750001
[ 02:16:25.367 -->  02:16:29.519],R,SPEAKER_09,8185.36784375,8189.519093750001
[ 02:16:30.177 -->  02:16:30.565],R,SPEAKER_09,8190.177218750001,8190.5653437500005
[ 02:16:31.054 -->  02:16:31.982],R,SPEAKER_09,8191.05471875,8191.982843750001
[ 02:16:32.826 -->  02:16:37.821],R,SPEAKER_09,8192.82659375,8197.821593749999
[ 02:16:38.395 -->  02:16:41.955],R,SPEAKER_09,8198.395343750002,8201.95596875
[ 02:16:42.360 -->  02:16:43.626],R,SPEAKER_09,8202.36096875,8203.62659375
[ 02:16:45.449 -->  02:16:46.140],R,SPEAKER_09,8205.449093750001,8206.140968750002
[ 02:16:46.191 -->  02:16:52.739],R,SPEAKER_09,8206.191593750002,8212.739093750002
[ 02:16:52.941 -->  02:16:54.038],R,SPEAKER_09,8212.941593750002,8214.03846875
[ 02:16:54.915 -->  02:16:57.362],R,SPEAKER_09,8214.91596875,8217.362843750001
[ 02:16:57.497 -->  02:17:04.467],R,SPEAKER_09,8217.49784375,8224.46721875
[ 02:17:06.104 -->  02:17:06.947],R,SPEAKER_09,8226.10409375,8226.94784375
[ 02:17:08.618 -->  02:17:13.326],R,SPEAKER_09,8228.618468749999,8233.32659375
[ 02:17:14.204 -->  02:17:17.562],R,SPEAKER_09,8234.204093750002,8237.562218750001
[ 02:17:18.355 -->  02:17:19.435],R,SPEAKER_09,8238.355343750001,8239.43534375
[ 02:17:20.042 -->  02:17:30.825],R,SPEAKER_09,8240.042843750001,8250.82596875
[ 02:17:31.095 -->  02:17:31.855],R,SPEAKER_09,8251.09596875,8251.855343750001
[ 02:17:32.142 -->  02:17:33.745],R,SPEAKER_09,8252.14221875,8253.74534375
[ 02:17:34.707 -->  02:17:39.398],R,SPEAKER_09,8254.707218750002,8259.398468750001
[ 02:17:40.360 -->  02:17:41.372],R,SPEAKER_09,8260.360343750002,8261.37284375
[ 02:17:41.794 -->  02:17:43.144],R,SPEAKER_09,8261.79471875,8263.144718750002
[ 02:17:43.515 -->  02:17:46.114],R,SPEAKER_09,8263.515968750002,8266.11471875
[ 02:17:47.009 -->  02:17:50.130],R,SPEAKER_09,8267.009093749999,8270.13096875
[ 02:17:51.430 -->  02:17:54.855],R,SPEAKER_09,8271.430343750002,8274.855968750002
[ 02:17:55.429 -->  02:17:58.230],R,SPEAKER_09,8275.429718750001,8278.230968750002
[ 02:17:58.382 -->  02:18:01.116],R,SPEAKER_09,8278.382843750001,8281.11659375
[ 02:18:02.348 -->  02:18:02.854],R,SPEAKER_09,8282.348468750002,8282.85471875
[ 02:18:04.710 -->  02:18:07.124],R,SPEAKER_09,8284.710968750001,8287.12409375
[ 02:18:07.613 -->  02:18:12.372],R,SPEAKER_09,8287.613468750002,8292.372218750003
[ 02:18:10.178 -->  02:18:12.490],AI,SPEAKER_28,8290.17846875,8292.49034375
[ 02:18:12.372 -->  02:18:12.389],BZ,SPEAKER_75,8292.372218750003,8292.38909375
[ 02:18:12.709 -->  02:18:12.743],AI,SPEAKER_28,8292.70971875,8292.743468749999
[ 02:18:12.743 -->  02:18:12.777],BZ,SPEAKER_75,8292.743468749999,8292.777218750001
[ 02:18:12.777 -->  02:18:20.252],AI,SPEAKER_28,8292.777218750001,8300.25284375
[ 02:18:13.620 -->  02:18:14.144],R,SPEAKER_09,8293.620968750001,8294.144093750001
[ 02:18:16.692 -->  02:18:17.265],T,SPEAKER_11,8296.692218750002,8297.265968750002
[ 02:18:17.265 -->  02:18:18.025],AA,SPEAKER_19,8297.265968750002,8298.02534375
[ 02:18:18.025 -->  02:18:19.257],AH,SPEAKER_27,8298.02534375,8299.25721875
[ 02:18:21.872 -->  02:18:22.935],AI,SPEAKER_28,8301.87284375,8302.93596875
[ 02:18:26.834 -->  02:18:27.964],AI,SPEAKER_28,8306.83409375,8307.964718750001
[ 02:18:33.735 -->  02:18:36.165],T,SPEAKER_11,8313.73596875,8316.16596875
[ 02:18:36.773 -->  02:18:40.334],L,SPEAKER_03,8316.773468750001,8320.33409375
[ 02:18:40.688 -->  02:18:43.304],L,SPEAKER_03,8320.688468750002,8323.30409375
[ 02:18:43.540 -->  02:18:46.071],L,SPEAKER_03,8323.540343750003,8326.071593750003
[ 02:18:46.375 -->  02:18:48.248],L,SPEAKER_03,8326.375343750002,8328.24846875
[ 02:18:50.307 -->  02:18:51.049],L,SPEAKER_03,8330.30721875,8331.04971875
[ 02:18:52.298 -->  02:18:57.850],L,SPEAKER_03,8332.29846875,8337.85034375
[ 02:18:58.069 -->  02:18:59.166],L,SPEAKER_03,8338.06971875,8339.16659375
[ 02:18:59.554 -->  02:19:02.018],L,SPEAKER_03,8339.554718750001,8342.01846875
[ 02:19:02.069 -->  02:19:02.963],L,SPEAKER_03,8342.06909375,8342.96346875
[ 02:19:03.300 -->  02:19:09.308],L,SPEAKER_03,8343.300968750002,8349.308468750001
[ 02:19:11.114 -->  02:19:16.581],L,SPEAKER_03,8351.114093750002,8356.581593750001
[ 02:19:16.935 -->  02:19:20.952],L,SPEAKER_03,8356.93596875,8360.95221875
[ 02:19:21.340 -->  02:19:25.103],L,SPEAKER_03,8361.340343750002,8365.10346875
[ 02:19:25.424 -->  02:19:28.900],L,SPEAKER_03,8365.42409375,8368.90034375
[ 02:19:29.676 -->  02:19:35.447],L,SPEAKER_03,8369.676593750002,8375.44784375
[ 02:19:37.034 -->  02:19:37.050],T,SPEAKER_11,8377.03409375,8377.050968750002
[ 02:19:37.050 -->  02:19:37.894],AI,SPEAKER_28,8377.050968750002,8377.894718750002
[ 02:19:42.974 -->  02:19:43.024],T,SPEAKER_11,8382.97409375,8383.024718750003
[ 02:19:43.969 -->  02:19:44.037],T,SPEAKER_11,8383.969718750002,8384.03721875
[ 02:19:44.729 -->  02:19:56.305],Z,SPEAKER_18,8384.72909375,8396.305343750002
[ 02:19:57.233 -->  02:20:06.531],Z,SPEAKER_18,8397.23346875,8406.531593750002
[ 02:20:04.202 -->  02:20:04.219],H,SPEAKER_67,8404.202843750001,8404.219718750002
[ 02:20:04.219 -->  02:20:04.236],M,SPEAKER_04,8404.219718750002,8404.23659375
[ 02:20:04.236 -->  02:20:04.320],H,SPEAKER_67,8404.23659375,8404.320968750002
[ 02:20:04.320 -->  02:20:04.371],M,SPEAKER_04,8404.320968750002,8404.371593750002
[ 02:20:04.371 -->  02:20:04.405],H,SPEAKER_67,8404.371593750002,8404.40534375
[ 02:20:07.324 -->  02:20:17.685],Z,SPEAKER_18,8407.324718750002,8417.68596875
[ 02:20:18.209 -->  02:20:23.153],Z,SPEAKER_18,8418.20909375,8423.153468750003
[ 02:20:23.541 -->  02:20:29.430],Z,SPEAKER_18,8423.54159375,8429.430968750003
[ 02:20:30.156 -->  02:20:34.409],Z,SPEAKER_18,8430.156593750002,8434.40909375
[ 02:20:34.797 -->  02:20:39.201],Z,SPEAKER_18,8434.797218750002,8439.20159375
[ 02:20:39.269 -->  02:20:43.065],Z,SPEAKER_18,8439.269093750001,8443.065968750001
[ 02:20:43.639 -->  02:20:46.373],Z,SPEAKER_18,8443.63971875,8446.37346875
[ 02:20:46.694 -->  02:20:47.959],Z,SPEAKER_18,8446.69409375,8447.95971875
[ 02:20:48.668 -->  02:21:03.400],Z,SPEAKER_18,8448.668468750002,8463.40034375
[ 02:21:03.737 -->  02:21:11.517],Z,SPEAKER_18,8463.737843750001,8471.51721875
[ 02:21:11.837 -->  02:21:43.512],Z,SPEAKER_18,8471.83784375,8503.512218750002
[ 02:21:44.490 -->  02:21:45.030],AI,SPEAKER_28,8504.49096875,8505.030968750001
[ 02:21:45.030 -->  02:21:45.047],BC,SPEAKER_50,8505.030968750001,8505.047843750002
[ 02:21:45.047 -->  02:21:45.199],AI,SPEAKER_28,8505.047843750002,8505.199718750002
[ 02:21:45.199 -->  02:21:45.250],BC,SPEAKER_50,8505.199718750002,8505.250343750002
[ 02:21:45.250 -->  02:21:45.284],AI,SPEAKER_28,8505.250343750002,8505.28409375
[ 02:21:45.284 -->  02:21:45.486],BC,SPEAKER_50,8505.28409375,8505.48659375
[ 02:21:45.824 -->  02:21:46.026],Z,SPEAKER_18,8505.824093750001,8506.02659375
[ 02:21:51.527 -->  02:22:05.804],BC,SPEAKER_50,8511.527843750002,8525.80409375
[ 02:22:06.175 -->  02:22:11.474],BC,SPEAKER_50,8526.175343750001,8531.47409375
[ 02:22:11.777 -->  02:22:14.342],BC,SPEAKER_50,8531.777843750002,8534.34284375
[ 02:22:14.747 -->  02:22:16.266],BC,SPEAKER_50,8534.74784375,8536.266593750002
[ 02:22:16.604 -->  02:22:17.160],BC,SPEAKER_50,8536.60409375,8537.160968750002
[ 02:22:17.599 -->  02:22:19.810],BC,SPEAKER_50,8537.59971875,8539.81034375
[ 02:22:20.046 -->  02:22:23.607],BC,SPEAKER_50,8540.046593750001,8543.60721875
[ 02:22:23.809 -->  02:22:35.065],BC,SPEAKER_50,8543.809718750003,8555.06534375
[ 02:22:35.554 -->  02:22:44.076],BC,SPEAKER_50,8555.554718750001,8564.07659375
[ 02:22:45.055 -->  02:22:48.025],BC,SPEAKER_50,8565.055343750002,8568.02534375
[ 02:22:48.312 -->  02:22:53.543],BC,SPEAKER_50,8568.312218750001,8573.543468750002
[ 02:22:54.032 -->  02:22:55.112],BC,SPEAKER_50,8574.03284375,8575.112843750001
[ 02:22:55.247 -->  02:22:59.939],BC,SPEAKER_50,8575.24784375,8579.93909375
[ 02:23:00.394 -->  02:23:05.558],BC,SPEAKER_50,8580.394718750002,8585.558468750001
[ 02:23:06.081 -->  02:23:07.819],BC,SPEAKER_50,8586.081593750001,8587.81971875
[ 02:23:08.039 -->  02:23:11.160],BC,SPEAKER_50,8588.039093750001,8591.160968750002
[ 02:23:11.835 -->  02:23:20.560],BC,SPEAKER_50,8591.835968750001,8600.56034375
[ 02:23:21.083 -->  02:23:24.137],BC,SPEAKER_50,8601.08346875,8604.137843750003
[ 02:23:24.441 -->  02:23:30.077],BC,SPEAKER_50,8604.441593750002,8610.077843750001
[ 02:23:30.786 -->  02:23:34.043],BC,SPEAKER_50,8610.78659375,8614.043468750002
[ 02:23:34.279 -->  02:23:41.603],BC,SPEAKER_50,8614.27971875,8621.60346875
[ 02:23:41.974 -->  02:23:44.370],BC,SPEAKER_50,8621.97471875,8624.370968750001
[ 02:23:44.759 -->  02:23:52.403],BC,SPEAKER_50,8624.759093750003,8632.403468750003
[ 02:24:00.773 -->  02:24:02.106],BS,SPEAKER_68,8640.773468750001,8642.106593750003
[ 02:24:02.663 -->  02:24:27.587],BL,SPEAKER_60,8642.66346875,8667.58784375
[ 02:24:28.549 -->  02:24:31.823],BL,SPEAKER_60,8668.54971875,8671.82346875
[ 02:24:28.802 -->  02:24:29.207],BU,SPEAKER_70,8668.80284375,8669.207843750002
[ 02:24:32.194 -->  02:24:39.788],BL,SPEAKER_60,8672.19471875,8679.78846875
[ 02:24:40.530 -->  02:24:44.749],BL,SPEAKER_60,8680.530968750001,8684.749718750001
[ 02:24:45.120 -->  02:24:47.905],BL,SPEAKER_60,8685.120968750001,8687.90534375
[ 02:24:48.225 -->  02:24:53.288],BL,SPEAKER_60,8688.22596875,8693.28846875
[ 02:24:53.963 -->  02:24:59.076],BL,SPEAKER_60,8693.96346875,8699.07659375
[ 02:24:59.515 -->  02:25:05.640],BL,SPEAKER_60,8699.515343750001,8705.640968750002
[ 02:25:05.894 -->  02:25:08.762],BL,SPEAKER_60,8705.894093750001,8708.762843750003
[ 02:25:09.117 -->  02:25:11.192],BL,SPEAKER_60,8709.117218750001,8711.19284375
[ 02:25:11.395 -->  02:25:13.133],BL,SPEAKER_60,8711.395343750002,8713.133468750002
[ 02:25:13.673 -->  02:25:14.669],BL,SPEAKER_60,8713.67346875,8714.669093750003
[ 02:25:14.854 -->  02:25:17.419],BL,SPEAKER_60,8714.85471875,8717.41971875
[ 02:25:18.634 -->  02:25:23.427],BL,SPEAKER_60,8718.63471875,8723.42721875
[ 02:25:23.629 -->  02:25:30.059],BL,SPEAKER_60,8723.629718750002,8730.059093750002
[ 02:25:30.210 -->  02:25:33.670],BL,SPEAKER_60,8730.210968750001,8733.67034375
[ 02:25:32.640 -->  02:25:33.062],BQ,SPEAKER_65,8732.640968750002,8733.062843750002
[ 02:25:33.062 -->  02:25:33.079],BK,SPEAKER_59,8733.062843750002,8733.07971875
[ 02:25:33.737 -->  02:25:37.315],BL,SPEAKER_60,8733.737843750001,8737.31534375
[ 02:25:37.956 -->  02:25:41.449],BL,SPEAKER_60,8737.956593750001,8741.449718750002
[ 02:25:42.209 -->  02:25:49.448],BL,SPEAKER_60,8742.20909375,8749.44846875
[ 02:25:49.718 -->  02:25:51.490],BL,SPEAKER_60,8749.718468750001,8751.49034375
[ 02:25:51.878 -->  02:25:54.089],BL,SPEAKER_60,8751.878468750001,8754.08909375
[ 02:25:54.494 -->  02:25:58.240],BL,SPEAKER_60,8754.49409375,8758.24034375
[ 02:25:58.594 -->  02:26:00.501],BL,SPEAKER_60,8758.594718750002,8760.50159375
[ 02:26:00.889 -->  02:26:04.669],BL,SPEAKER_60,8760.88971875,8764.66971875
[ 02:26:04.872 -->  02:26:12.415],BL,SPEAKER_60,8764.872218750003,8772.415343750003
[ 02:26:04.956 -->  02:26:05.108],BQ,SPEAKER_65,8764.956593750001,8765.10846875
[ 02:26:05.108 -->  02:26:06.222],T,SPEAKER_11,8765.10846875,8766.222218750001
[ 02:26:06.222 -->  02:26:06.255],BQ,SPEAKER_65,8766.222218750001,8766.25596875
[ 02:26:07.825 -->  02:26:08.348],T,SPEAKER_11,8767.825343750003,8768.348468750002
[ 02:26:09.917 -->  02:26:12.128],T,SPEAKER_11,8769.917843750001,8772.128468750001
[ 02:26:12.212 -->  02:26:12.229],T,SPEAKER_11,8772.21284375,8772.22971875
[ 02:26:12.415 -->  02:26:13.174],T,SPEAKER_11,8772.415343750003,8773.17471875
[ 02:26:16.971 -->  02:26:20.194],T,SPEAKER_11,8776.97159375,8780.19471875
[ 02:26:22.388 -->  02:26:26.927],AG,SPEAKER_26,8782.38846875,8786.92784375
[ 02:26:22.692 -->  02:26:23.012],T,SPEAKER_11,8782.692218750002,8783.012843750003
[ 02:26:27.299 -->  02:26:30.252],AG,SPEAKER_26,8787.29909375,8790.25221875
[ 02:26:30.690 -->  02:26:31.500],AG,SPEAKER_26,8790.690968750001,8791.500968750002
[ 02:26:32.108 -->  02:26:38.925],AG,SPEAKER_26,8792.10846875,8798.925968750002
[ 02:26:40.022 -->  02:26:53.759],AG,SPEAKER_26,8800.02284375,8813.759093750003
[ 02:26:54.113 -->  02:26:56.273],AG,SPEAKER_26,8814.113468750002,8816.273468750001
[ 02:26:56.880 -->  02:26:59.530],AG,SPEAKER_26,8816.88096875,8819.53034375
[ 02:27:00.660 -->  02:27:01.960],AG,SPEAKER_26,8820.660968750002,8821.96034375
[ 02:27:02.770 -->  02:27:08.642],AG,SPEAKER_26,8822.770343750002,8828.64284375
[ 02:27:09.233 -->  02:27:09.891],AG,SPEAKER_26,8829.23346875,8829.891593750002
[ 02:27:10.161 -->  02:27:14.565],AG,SPEAKER_26,8830.16159375,8834.565968750001
[ 02:27:14.852 -->  02:27:15.797],AG,SPEAKER_26,8834.852843750003,8835.797843750002
[ 02:27:16.911 -->  02:27:17.333],AG,SPEAKER_26,8836.91159375,8837.33346875
[ 02:27:18.143 -->  02:27:19.527],AG,SPEAKER_26,8838.14346875,8839.527218750001
[ 02:27:21.282 -->  02:27:24.623],AG,SPEAKER_26,8841.282218750002,8844.62346875
[ 02:27:25.264 -->  02:27:25.652],AG,SPEAKER_26,8845.26471875,8845.652843750002
[ 02:27:26.192 -->  02:27:27.846],AG,SPEAKER_26,8846.19284375,8847.84659375
[ 02:27:29.247 -->  02:27:34.022],AG,SPEAKER_26,8849.247218750003,8854.02284375
[ 02:27:35.811 -->  02:27:36.233],AG,SPEAKER_26,8855.81159375,8856.23346875
[ 02:27:36.959 -->  02:27:39.490],AG,SPEAKER_26,8856.95909375,8859.49034375
[ 02:27:40.654 -->  02:27:44.822],AG,SPEAKER_26,8860.65471875,8864.82284375
[ 02:27:45.430 -->  02:27:50.712],AG,SPEAKER_26,8865.430343750002,8870.712218750003
[ 02:27:52.247 -->  02:27:54.981],AG,SPEAKER_26,8872.24784375,8874.981593750003
[ 02:27:55.470 -->  02:27:57.175],AG,SPEAKER_26,8875.47096875,8877.175343750001
[ 02:27:57.580 -->  02:28:01.124],AG,SPEAKER_26,8877.58034375,8881.12409375
[ 02:28:02.035 -->  02:28:03.520],AG,SPEAKER_26,8882.035343750002,8883.520343750002
[ 02:28:04.026 -->  02:28:11.029],AG,SPEAKER_26,8884.02659375,8891.02971875
[ 02:28:13.965 -->  02:28:14.252],T,SPEAKER_11,8893.965968750003,8894.25284375
[ 02:28:16.969 -->  02:28:18.944],T,SPEAKER_11,8896.969718750002,8898.94409375
[ 02:28:18.977 -->  02:28:19.028],T,SPEAKER_11,8898.977843750003,8899.028468750003
[ 02:28:19.973 -->  02:28:20.040],T,SPEAKER_11,8899.973468750002,8900.04096875
[ 02:28:20.294 -->  02:28:20.361],T,SPEAKER_11,8900.294093750003,8900.36159375
[ 02:28:20.361 -->  02:28:27.972],AG,SPEAKER_26,8900.36159375,8907.972218750001
[ 02:28:28.917 -->  02:28:29.659],T,SPEAKER_11,8908.91721875,8909.659718750001
[ 02:28:29.676 -->  02:28:30.047],T,SPEAKER_11,8909.676593750002,8910.047843750002
[ 02:28:30.064 -->  02:28:30.132],T,SPEAKER_11,8910.06471875,8910.13221875
[ 02:28:30.149 -->  02:28:30.182],T,SPEAKER_11,8910.149093750002,8910.18284375
[ 02:28:30.975 -->  02:28:31.229],T,SPEAKER_11,8910.97596875,8911.22909375
[ 02:28:31.971 -->  02:28:34.570],T,SPEAKER_11,8911.97159375,8914.570343750001
[ 02:28:34.975 -->  02:28:35.127],T,SPEAKER_11,8914.97534375,8915.12721875
[ 02:28:35.970 -->  02:28:36.038],T,SPEAKER_11,8915.97096875,8916.03846875
[ 02:28:37.185 -->  02:28:41.894],AN,SPEAKER_33,8917.18596875,8921.894093750001
[ 02:28:41.775 -->  02:28:41.860],AI,SPEAKER_28,8921.77596875,8921.860343750002
[ 02:28:41.894 -->  02:28:44.796],AI,SPEAKER_28,8921.894093750001,8924.796593750001
[ 02:28:44.104 -->  02:28:44.813],AN,SPEAKER_33,8924.10471875,8924.813468750002
[ 02:28:44.813 -->  02:28:44.965],AI,SPEAKER_28,8924.813468750002,8924.965343750002
[ 02:28:44.965 -->  02:28:45.134],Z,SPEAKER_18,8924.965343750002,8925.134093750003
[ 02:28:45.134 -->  02:28:45.150],AI,SPEAKER_28,8925.134093750003,8925.15096875
[ 02:28:45.150 -->  02:28:45.184],Z,SPEAKER_18,8925.15096875,8925.184718750003
[ 02:28:45.471 -->  02:28:47.226],AN,SPEAKER_33,8925.47159375,8927.226593750001
[ 02:28:47.479 -->  02:28:50.112],AN,SPEAKER_33,8927.47971875,8930.11221875
[ 02:28:50.905 -->  02:28:52.137],AN,SPEAKER_33,8930.90534375,8932.137218750002
[ 02:28:52.474 -->  02:28:55.984],AN,SPEAKER_33,8932.47471875,8935.984718750002
[ 02:28:52.812 -->  02:28:53.301],AF,SPEAKER_25,8932.812218750001,8933.301593750002
[ 02:28:53.301 -->  02:28:53.318],Z,SPEAKER_18,8933.301593750002,8933.31846875
[ 02:28:56.474 -->  02:28:58.195],AN,SPEAKER_33,8936.47409375,8938.195343750001
[ 02:28:58.397 -->  02:29:02.886],AN,SPEAKER_33,8938.39784375,8942.886593750001
[ 02:29:04.118 -->  02:29:16.605],AN,SPEAKER_33,8944.118468750003,8956.605968750002
[ 02:29:17.685 -->  02:29:19.474],AN,SPEAKER_33,8957.68596875,8959.47471875
[ 02:29:19.997 -->  02:29:22.647],AN,SPEAKER_33,8959.99784375,8962.64721875
[ 02:29:23.018 -->  02:29:25.870],AN,SPEAKER_33,8963.01846875,8965.87034375
[ 02:29:26.140 -->  02:29:32.805],AN,SPEAKER_33,8966.140343750001,8972.805968750003
[ 02:29:35.489 -->  02:29:42.728],AN,SPEAKER_33,8975.489093750002,8982.72846875
[ 02:29:44.567 -->  02:29:47.183],AN,SPEAKER_33,8984.56784375,8987.183468750001
[ 02:29:45.293 -->  02:29:45.664],T,SPEAKER_11,8985.293468750002,8985.664718750002
[ 02:29:48.702 -->  02:29:48.786],T,SPEAKER_11,8988.70221875,8988.78659375
[ 02:29:48.803 -->  02:29:48.955],T,SPEAKER_11,8988.80346875,8988.95534375
[ 02:29:48.972 -->  02:29:52.634],T,SPEAKER_11,8988.972218750001,8992.634093750003
[ 02:29:55.064 -->  02:29:55.317],T,SPEAKER_11,8995.06409375,8995.317218750002
[ 02:29:55.553 -->  02:30:00.194],J,SPEAKER_78,8995.55346875,9000.19409375
[ 02:29:55.688 -->  02:29:55.907],T,SPEAKER_11,8995.688468750002,8995.90784375
[ 02:30:00.953 -->  02:30:01.493],J,SPEAKER_78,9000.953468750002,9001.493468750003
[ 02:30:03.079 -->  02:30:03.653],J,SPEAKER_78,9003.07971875,9003.653468750003
[ 02:30:04.041 -->  02:30:05.408],J,SPEAKER_78,9004.04159375,9005.40846875
[ 02:30:06.083 -->  02:30:07.315],J,SPEAKER_78,9006.08346875,9007.31534375
[ 02:30:07.804 -->  02:30:08.479],J,SPEAKER_78,9007.804718750001,9008.47971875
[ 02:30:08.597 -->  02:30:11.078],J,SPEAKER_78,9008.597843750002,9011.078468750002
[ 02:30:12.462 -->  02:30:16.124],J,SPEAKER_78,9012.462218750003,9016.12409375
[ 02:30:17.018 -->  02:30:21.203],J,SPEAKER_78,9017.01846875,9021.203468750002
[ 02:30:23.329 -->  02:30:27.464],J,SPEAKER_78,9023.32971875,9027.46409375
[ 02:30:28.004 -->  02:30:29.573],J,SPEAKER_78,9028.004093750002,9029.57346875
[ 02:30:30.012 -->  02:30:31.446],J,SPEAKER_78,9030.012218750002,9031.446593750003
[ 02:30:32.104 -->  02:30:33.893],J,SPEAKER_78,9032.10471875,9033.89346875
[ 02:30:34.247 -->  02:30:35.580],J,SPEAKER_78,9034.24784375,9035.58096875
[ 02:30:35.834 -->  02:30:45.520],J,SPEAKER_78,9035.83409375,9045.520343750002
[ 02:30:43.444 -->  02:30:43.832],G,SPEAKER_56,9043.44471875,9043.832843750002
[ 02:30:44.490 -->  02:30:45.435],G,SPEAKER_56,9044.49096875,9045.43596875
[ 02:30:48.608 -->  02:30:53.232],J,SPEAKER_78,9048.60846875,9053.23221875
[ 02:30:53.924 -->  02:30:55.544],J,SPEAKER_78,9053.92409375,9055.544093750003
[ 02:30:55.729 -->  02:30:56.843],J,SPEAKER_78,9055.72971875,9056.843468750001
[ 02:30:57.062 -->  02:30:59.205],J,SPEAKER_78,9057.062843750002,9059.20596875
[ 02:30:59.644 -->  02:31:02.091],J,SPEAKER_78,9059.644718750002,9062.09159375
[ 02:31:02.699 -->  02:31:05.618],J,SPEAKER_78,9062.699093750001,9065.618468750003
[ 02:31:05.787 -->  02:31:09.229],J,SPEAKER_78,9065.78721875,9069.22971875
[ 02:31:16.857 -->  02:31:17.970],BU,SPEAKER_70,9076.85721875,9077.97096875
[ 02:31:19.202 -->  02:31:23.624],BU,SPEAKER_70,9079.202843750001,9083.62409375
[ 02:31:24.349 -->  02:31:26.459],BU,SPEAKER_70,9084.34971875,9086.45909375
[ 02:31:26.931 -->  02:31:29.547],BU,SPEAKER_70,9086.93159375,9089.547218750002
[ 02:31:30.677 -->  02:31:33.411],BU,SPEAKER_70,9090.67784375,9093.41159375
[ 02:31:33.732 -->  02:31:36.702],BU,SPEAKER_70,9093.73221875,9096.70221875
[ 02:31:38.389 -->  02:31:39.047],BU,SPEAKER_70,9098.38971875,9099.047843750002
[ 02:31:40.144 -->  02:31:43.789],BU,SPEAKER_70,9100.144718750002,9103.789718750002
[ 02:31:44.734 -->  02:31:46.709],BU,SPEAKER_70,9104.734718750002,9106.70909375
[ 02:31:46.742 -->  02:31:48.919],BU,SPEAKER_70,9106.742843750002,9108.91971875
[ 02:31:47.907 -->  02:31:47.974],T,SPEAKER_11,9107.907218750002,9107.97471875
[ 02:31:47.974 -->  02:31:48.278],BT,SPEAKER_69,9107.97471875,9108.278468750003
[ 02:31:49.155 -->  02:31:51.096],BU,SPEAKER_70,9109.155968750001,9111.09659375
[ 02:31:51.585 -->  02:31:56.057],BU,SPEAKER_70,9111.585968750001,9116.05784375
[ 02:31:57.593 -->  02:31:58.032],BU,SPEAKER_70,9117.593468750001,9118.032218750002
[ 02:31:59.432 -->  02:32:01.778],BU,SPEAKER_70,9119.43284375,9121.778468750003
[ 02:32:02.132 -->  02:32:02.993],BU,SPEAKER_70,9122.132843750001,9122.993468750003
[ 02:32:03.702 -->  02:32:04.799],BU,SPEAKER_70,9123.70221875,9124.79909375
[ 02:32:05.659 -->  02:32:08.747],BU,SPEAKER_70,9125.659718750001,9128.74784375
[ 02:32:09.338 -->  02:32:11.464],BU,SPEAKER_70,9129.33846875,9131.464718750001
[ 02:32:12.122 -->  02:32:13.995],BU,SPEAKER_70,9132.12284375,9133.995968750001
[ 02:32:14.316 -->  02:32:15.548],BU,SPEAKER_70,9134.316593750002,9135.54846875
[ 02:32:16.274 -->  02:32:25.673],BU,SPEAKER_70,9136.274093750002,9145.67346875
[ 02:32:28.710 -->  02:32:34.769],BU,SPEAKER_70,9148.710968750001,9154.769093750001
[ 02:32:35.629 -->  02:32:36.540],BU,SPEAKER_70,9155.629718750002,9156.54096875
[ 02:32:36.945 -->  02:32:41.299],BU,SPEAKER_70,9156.945968750002,9161.29971875
[ 02:32:41.654 -->  02:32:44.067],BU,SPEAKER_70,9161.65409375,9164.067218750002
[ 02:32:45.484 -->  02:32:47.745],BU,SPEAKER_70,9165.484718750002,9167.745968750001
[ 02:32:48.404 -->  02:32:52.757],BU,SPEAKER_70,9168.40409375,9172.757843750001
[ 02:32:53.078 -->  02:32:55.710],BU,SPEAKER_70,9173.078468750002,9175.710968750001
[ 02:32:55.778 -->  02:33:00.824],BU,SPEAKER_70,9175.778468750003,9180.824093750001
[ 02:33:02.022 -->  02:33:02.545],BU,SPEAKER_70,9182.02221875,9182.54534375
[ 02:33:03.507 -->  02:33:06.730],BU,SPEAKER_70,9183.50721875,9186.730343750001
[ 02:33:07.995 -->  02:33:10.965],BU,SPEAKER_70,9187.995968750001,9190.965968750003
[ 02:33:10.965 -->  02:33:11.100],BK,SPEAKER_59,9190.965968750003,9191.10096875
[ 02:33:12.299 -->  02:33:21.782],BU,SPEAKER_70,9192.29909375,9201.78284375
[ 02:33:21.192 -->  02:33:22.086],AI,SPEAKER_28,9201.192218750002,9202.086593750002
[ 02:33:22.086 -->  02:33:25.697],BU,SPEAKER_70,9202.086593750002,9205.69784375
[ 02:33:22.440 -->  02:33:22.964],AI,SPEAKER_28,9202.440968750001,9202.96409375
[ 02:33:22.964 -->  02:33:23.402],BT,SPEAKER_69,9202.96409375,9203.402843750002
[ 02:33:23.757 -->  02:33:23.858],AI,SPEAKER_28,9203.75721875,9203.85846875
[ 02:33:23.858 -->  02:33:23.875],BT,SPEAKER_69,9203.85846875,9203.875343750002
[ 02:33:23.875 -->  02:33:23.909],T,SPEAKER_11,9203.875343750002,9203.90909375
[ 02:33:24.179 -->  02:33:25.596],T,SPEAKER_11,9204.17909375,9205.59659375
[ 02:33:25.630 -->  02:33:25.647],T,SPEAKER_11,9205.63034375,9205.64721875
[ 02:33:25.697 -->  02:33:25.967],T,SPEAKER_11,9205.69784375,9205.96784375
[ 02:33:26.069 -->  02:33:26.760],T,SPEAKER_11,9206.06909375,9206.76096875
[ 02:33:26.946 -->  02:33:27.081],T,SPEAKER_11,9206.946593750003,9207.081593750001
[ 02:33:27.975 -->  02:33:28.077],T,SPEAKER_11,9207.97596875,9208.07721875
[ 02:33:29.410 -->  02:33:29.612],T,SPEAKER_11,9209.410343750002,9209.612843750001
[ 02:33:33.004 -->  02:33:33.038],I,SPEAKER_77,9213.004718750002,9213.03846875
[ 02:33:33.038 -->  02:33:33.173],T,SPEAKER_11,9213.03846875,9213.17346875
[ 02:33:33.173 -->  02:33:33.190],I,SPEAKER_77,9213.17346875,9213.19034375
[ 02:33:33.190 -->  02:33:33.207],T,SPEAKER_11,9213.19034375,9213.207218750002
[ 02:33:34.979 -->  02:33:39.653],I,SPEAKER_77,9214.97909375,9219.653468750003
[ 02:33:39.720 -->  02:33:43.484],I,SPEAKER_77,9219.72096875,9223.484093750001
[ 02:33:43.669 -->  02:34:13.892],I,SPEAKER_77,9223.66971875,9253.89284375
[ 02:34:22.330 -->  02:34:31.442],BW,SPEAKER_72,9262.33034375,9271.44284375
[ 02:34:31.611 -->  02:34:32.320],BW,SPEAKER_72,9271.61159375,9272.320343750001
[ 02:34:32.489 -->  02:34:46.647],BW,SPEAKER_72,9272.489093750002,9286.64721875
[ 02:34:47.929 -->  02:34:54.375],BW,SPEAKER_72,9287.929718750001,9294.375968750002
[ 02:34:56.164 -->  02:34:57.683],BW,SPEAKER_72,9296.164718750002,9297.683468750001
[ 02:34:58.830 -->  02:35:08.129],BW,SPEAKER_72,9298.83096875,9308.129093750002
[ 02:35:08.601 -->  02:35:09.479],BW,SPEAKER_72,9308.601593750001,9309.47909375
[ 02:35:09.782 -->  02:35:10.727],BW,SPEAKER_72,9309.78284375,9310.727843750003
[ 02:35:11.487 -->  02:35:13.512],BW,SPEAKER_72,9311.48721875,9313.512218750002
[ 02:35:13.630 -->  02:35:15.132],BW,SPEAKER_72,9313.63034375,9315.13221875
[ 02:35:15.385 -->  02:35:16.364],BW,SPEAKER_72,9315.38534375,9316.364093750002
[ 02:35:16.380 -->  02:35:17.714],BW,SPEAKER_72,9316.38096875,9317.71409375
[ 02:35:17.916 -->  02:35:24.514],BW,SPEAKER_72,9317.91659375,9324.51471875
[ 02:35:24.092 -->  02:35:26.117],AI,SPEAKER_28,9324.09284375,9326.117843750002
[ 02:35:27.535 -->  02:35:36.074],AI,SPEAKER_28,9327.535343750002,9336.074093750001
[ 02:35:36.107 -->  02:35:49.860],BW,SPEAKER_72,9336.10784375,9349.86096875
[ 02:35:53.978 -->  02:35:55.024],T,SPEAKER_11,9353.97846875,9355.024718750003
[ 02:35:55.868 -->  02:35:57.066],T,SPEAKER_11,9355.868468750003,9357.066593750002
[ 02:35:57.066 -->  02:35:57.134],AB,SPEAKER_20,9357.066593750002,9357.134093750003
[ 02:35:57.134 -->  02:35:57.252],T,SPEAKER_11,9357.134093750003,9357.25221875
[ 02:35:57.252 -->  02:35:57.269],AB,SPEAKER_20,9357.25221875,9357.269093750001
[ 02:35:58.737 -->  02:36:39.625],AB,SPEAKER_20,9358.73721875,9399.625343750002
[ 02:36:39.878 -->  02:36:45.312],AB,SPEAKER_20,9399.878468750001,9405.312218750001
[ 02:36:45.615 -->  02:36:50.357],AB,SPEAKER_20,9405.61596875,9410.35784375
[ 02:36:50.745 -->  02:37:04.347],AB,SPEAKER_20,9410.745968750001,9424.347218750001
[ 02:37:04.701 -->  02:37:10.304],AB,SPEAKER_20,9424.70159375,9430.30409375
[ 02:37:10.337 -->  02:37:14.185],AB,SPEAKER_20,9430.33784375,9434.18534375
[ 02:37:14.438 -->  02:37:17.425],AB,SPEAKER_20,9434.438468750002,9437.425343750001
[ 02:37:17.560 -->  02:37:18.539],AB,SPEAKER_20,9437.56034375,9438.539093750001
[ 02:37:18.910 -->  02:37:22.234],AB,SPEAKER_20,9438.910343750002,9442.234718750002
[ 02:37:22.285 -->  02:37:25.272],AB,SPEAKER_20,9442.285343750002,9445.27221875
[ 02:37:25.491 -->  02:37:35.751],AB,SPEAKER_20,9445.49159375,9455.75159375
[ 02:37:34.958 -->  02:37:36.038],T,SPEAKER_11,9454.95846875,9456.03846875
[ 02:37:36.544 -->  02:37:39.025],T,SPEAKER_11,9456.54471875,9459.02534375
[ 02:37:46.416 -->  02:37:49.082],Y,SPEAKER_17,9466.41659375,9469.082843750002
[ 02:37:49.268 -->  02:37:53.166],Y,SPEAKER_17,9469.26846875,9473.16659375
[ 02:37:54.280 -->  02:37:56.524],Y,SPEAKER_17,9474.28034375,9476.524718750003
[ 02:37:56.946 -->  02:38:00.810],Y,SPEAKER_17,9476.946593750003,9480.81096875
[ 02:38:01.620 -->  02:38:05.957],Y,SPEAKER_17,9481.620968750001,9485.957843750002
[ 02:38:06.869 -->  02:38:11.982],Y,SPEAKER_17,9486.86909375,9491.98221875
[ 02:38:12.640 -->  02:38:24.182],Y,SPEAKER_17,9492.640343750001,9504.18284375
[ 02:38:25.043 -->  02:38:35.573],Y,SPEAKER_17,9505.043468750002,9515.57346875
[ 02:38:35.742 -->  02:38:38.374],Y,SPEAKER_17,9515.742218750001,9518.374718750001
[ 02:38:39.269 -->  02:38:40.281],Y,SPEAKER_17,9519.269093750001,9520.281593750002
[ 02:38:40.939 -->  02:38:43.184],Y,SPEAKER_17,9520.93971875,9523.184093750002
[ 02:38:44.061 -->  02:38:45.057],Y,SPEAKER_17,9524.06159375,9525.05721875
[ 02:38:45.614 -->  02:38:46.491],Y,SPEAKER_17,9525.614093750002,9526.49159375
[ 02:38:47.689 -->  02:38:50.507],Y,SPEAKER_17,9527.68971875,9530.507843750001
[ 02:38:51.030 -->  02:38:59.890],Y,SPEAKER_17,9531.030968750001,9539.890343750001
[ 02:39:00.143 -->  02:39:22.047],Y,SPEAKER_17,9540.14346875,9562.047218750002
[ 02:39:22.705 -->  02:39:32.087],Y,SPEAKER_17,9562.70534375,9572.08784375
[ 02:39:32.931 -->  02:39:35.057],Y,SPEAKER_17,9572.93159375,9575.05784375
[ 02:39:35.631 -->  02:39:37.589],Y,SPEAKER_17,9575.63159375,9577.58909375
[ 02:39:38.129 -->  02:39:45.824],Y,SPEAKER_17,9578.129093750002,9585.824093750001
[ 02:39:46.127 -->  02:39:50.751],Y,SPEAKER_17,9586.12784375,9590.75159375
[ 02:39:49.654 -->  02:39:52.574],AI,SPEAKER_28,9589.65471875,9592.574093750001
[ 02:39:51.257 -->  02:39:53.907],Y,SPEAKER_17,9591.257843750001,9593.907218750002
[ 02:39:52.709 -->  02:39:53.856],AI,SPEAKER_28,9592.70909375,9593.856593750003
[ 02:39:53.907 -->  02:39:53.957],AI,SPEAKER_28,9593.907218750002,9593.957843750002
[ 02:39:53.957 -->  02:39:53.974],Y,SPEAKER_17,9593.957843750002,9593.97471875
[ 02:39:53.974 -->  02:39:55.662],AI,SPEAKER_28,9593.97471875,9595.66221875
[ 02:39:54.464 -->  02:39:54.497],Y,SPEAKER_17,9594.46409375,9594.49784375
[ 02:39:54.514 -->  02:39:54.531],Y,SPEAKER_17,9594.51471875,9594.531593750002
[ 02:39:54.717 -->  02:39:54.750],Y,SPEAKER_17,9594.71721875,9594.750968750002
[ 02:39:54.885 -->  02:39:55.341],Y,SPEAKER_17,9594.88596875,9595.34159375
[ 02:39:55.341 -->  02:39:55.409],T,SPEAKER_11,9595.34159375,9595.40909375
[ 02:39:56.708 -->  02:40:00.522],AI,SPEAKER_28,9596.70846875,9600.52221875
[ 02:40:07.204 -->  02:40:16.030],AY,SPEAKER_46,9607.20471875,9616.03034375
[ 02:40:16.334 -->  02:40:23.674],AY,SPEAKER_46,9616.33409375,9623.67471875
[ 02:40:23.775 -->  02:40:27.049],AY,SPEAKER_46,9623.77596875,9627.04971875
[ 02:40:27.505 -->  02:40:28.230],AY,SPEAKER_46,9627.50534375,9628.230968750002
[ 02:40:28.602 -->  02:40:32.297],AY,SPEAKER_46,9628.602218750002,9632.297843750002
[ 02:40:32.854 -->  02:40:34.221],AY,SPEAKER_46,9632.85471875,9634.22159375
[ 02:40:34.879 -->  02:40:41.933],AY,SPEAKER_46,9634.879718750002,9641.933468750001
[ 02:40:42.372 -->  02:40:45.882],AY,SPEAKER_46,9642.372218750003,9645.88221875
[ 02:40:46.067 -->  02:41:01.474],AY,SPEAKER_46,9646.06784375,9661.47471875
[ 02:41:01.997 -->  02:41:20.357],AY,SPEAKER_46,9661.99784375,9680.35784375
[ 02:41:06.840 -->  02:41:07.178],P,SPEAKER_07,9666.840968750003,9667.17846875
[ 02:41:20.830 -->  02:41:24.019],AY,SPEAKER_46,9680.83034375,9684.019718750002
[ 02:41:24.542 -->  02:41:27.293],AY,SPEAKER_46,9684.542843750001,9687.293468750002
[ 02:41:27.968 -->  02:41:44.877],AY,SPEAKER_46,9687.968468750001,9704.87721875
[ 02:41:35.629 -->  02:41:35.646],L,SPEAKER_03,9695.629718750002,9695.64659375
[ 02:41:35.646 -->  02:41:35.967],F,SPEAKER_45,9695.64659375,9695.96721875
[ 02:41:56.689 -->  02:42:08.367],BD,SPEAKER_51,9716.68971875,9728.367218750001
[ 02:42:08.924 -->  02:42:12.113],BD,SPEAKER_51,9728.92409375,9732.113468750002
[ 02:42:12.299 -->  02:42:19.842],BD,SPEAKER_51,9732.29909375,9739.84221875
[ 02:42:20.972 -->  02:42:24.077],BD,SPEAKER_51,9740.972843750002,9744.077843750001
[ 02:42:24.482 -->  02:42:26.119],BD,SPEAKER_51,9744.48284375,9746.11971875
[ 02:42:26.895 -->  02:42:34.658],BD,SPEAKER_51,9746.89596875,9754.65846875
[ 02:42:34.995 -->  02:42:39.687],BD,SPEAKER_51,9754.995968750001,9759.687218750001
[ 02:42:39.923 -->  02:42:41.813],BD,SPEAKER_51,9759.92346875,9761.813468750002
[ 02:42:41.847 -->  02:42:47.669],BD,SPEAKER_51,9761.847218750001,9767.669093750003
[ 02:42:47.905 -->  02:42:56.039],BD,SPEAKER_51,9767.90534375,9776.039093750001
[ 02:42:56.157 -->  02:43:00.139],BD,SPEAKER_51,9776.157218750002,9780.13971875
[ 02:43:00.359 -->  02:43:00.915],BD,SPEAKER_51,9780.359093750001,9780.91596875
[ 02:43:01.320 -->  02:43:14.230],BD,SPEAKER_51,9781.320968750002,9794.230343750001
[ 02:43:14.770 -->  02:43:20.052],BD,SPEAKER_51,9794.770343750002,9800.05221875
[ 02:43:20.372 -->  02:43:23.663],BD,SPEAKER_51,9800.37284375,9803.66346875
[ 02:43:25.300 -->  02:43:25.857],BD,SPEAKER_51,9805.300343750001,9805.85721875
[ 02:43:26.819 -->  02:43:32.725],BD,SPEAKER_51,9806.81909375,9812.72534375
[ 02:43:32.809 -->  02:43:38.074],BD,SPEAKER_51,9812.809718750003,9818.074718750002
[ 02:43:39.660 -->  02:43:49.313],BD,SPEAKER_51,9819.660968750002,9829.313468750002
[ 02:43:50.140 -->  02:44:00.940],BD,SPEAKER_51,9830.140343750001,9840.94034375
[ 02:44:11.352 -->  02:44:19.519],BJ,SPEAKER_58,9851.352218750002,9859.519718750002
[ 02:44:19.857 -->  02:44:22.725],BJ,SPEAKER_58,9859.85721875,9862.72596875
[ 02:44:23.350 -->  02:44:26.556],BJ,SPEAKER_58,9863.35034375,9866.55659375
[ 02:44:29.324 -->  02:44:34.774],BJ,SPEAKER_58,9869.324093750001,9874.774718750003
[ 02:44:35.213 -->  02:44:38.065],BJ,SPEAKER_58,9875.21346875,9878.06534375
[ 02:44:38.301 -->  02:44:40.478],BJ,SPEAKER_58,9878.301593750002,9880.47846875
[ 02:44:41.204 -->  02:44:46.485],BJ,SPEAKER_58,9881.204093750002,9886.48596875
[ 02:44:47.380 -->  02:44:52.409],BJ,SPEAKER_58,9887.38034375,9892.40909375
[ 02:44:53.100 -->  02:44:56.914],BJ,SPEAKER_58,9893.10096875,9896.914718750002
[ 02:44:58.011 -->  02:45:07.191],BJ,SPEAKER_58,9898.011593750001,9907.191593750002
[ 02:45:08.339 -->  02:45:10.650],BJ,SPEAKER_58,9908.33909375,9910.65096875
[ 02:45:11.309 -->  02:45:13.553],BJ,SPEAKER_58,9911.309093750002,9913.55346875
[ 02:45:13.637 -->  02:45:14.852],BJ,SPEAKER_58,9913.637843750003,9914.852843750003
[ 02:45:15.375 -->  02:45:19.139],BJ,SPEAKER_58,9915.375968750002,9919.13909375
[ 02:45:19.560 -->  02:45:22.969],BJ,SPEAKER_58,9919.56096875,9922.969718750002
[ 02:45:24.150 -->  02:45:27.981],BJ,SPEAKER_58,9924.15096875,9927.981593750003
[ 02:45:29.027 -->  02:45:33.651],BJ,SPEAKER_58,9929.027843750002,9933.65159375
[ 02:45:33.786 -->  02:45:46.071],BJ,SPEAKER_58,9933.78659375,9946.071593750003
[ 02:45:46.999 -->  02:45:49.800],BJ,SPEAKER_58,9946.999718750001,9949.800968750002
[ 02:45:50.340 -->  02:45:52.720],BJ,SPEAKER_58,9950.340968750003,9952.72034375
[ 02:45:52.973 -->  02:45:56.280],BJ,SPEAKER_58,9952.973468750002,9956.280968750001
[ 02:45:56.955 -->  02:45:57.462],BJ,SPEAKER_58,9956.95596875,9957.462218750003
[ 02:45:57.900 -->  02:45:59.014],BJ,SPEAKER_58,9957.90096875,9959.01471875
[ 02:45:59.858 -->  02:46:02.372],BJ,SPEAKER_58,9959.85846875,9962.37284375
[ 02:46:02.710 -->  02:46:04.701],BJ,SPEAKER_58,9962.71034375,9964.70159375
[ 02:46:05.275 -->  02:46:09.899],BJ,SPEAKER_58,9965.27534375,9969.899093750002
[ 02:46:10.388 -->  02:46:17.290],BJ,SPEAKER_58,9970.38846875,9977.290343750003
[ 02:46:16.429 -->  02:46:16.716],AI,SPEAKER_28,9976.429718750001,9976.71659375
[ 02:46:16.716 -->  02:46:16.935],T,SPEAKER_11,9976.71659375,9976.93596875
[ 02:46:16.935 -->  02:46:16.986],AI,SPEAKER_28,9976.93596875,9976.98659375
[ 02:46:17.290 -->  02:46:17.847],AI,SPEAKER_28,9977.290343750003,9977.847218750001
[ 02:46:17.847 -->  02:46:18.539],BJ,SPEAKER_58,9977.847218750001,9978.539093750001
[ 02:46:18.539 -->  02:46:18.572],AI,SPEAKER_28,9978.539093750001,9978.57284375
[ 02:46:27.364 -->  02:46:39.413],A,SPEAKER_00,9987.36471875,9999.41346875
[ 02:46:40.358 -->  02:46:43.935],A,SPEAKER_00,10000.35846875,10003.93596875
[ 02:46:44.189 -->  02:46:45.032],A,SPEAKER_00,10004.18909375,10005.03284375
[ 02:46:45.623 -->  02:46:46.416],A,SPEAKER_00,10005.62346875,10006.41659375
[ 02:46:46.484 -->  02:46:48.222],A,SPEAKER_00,10006.484093750001,10008.222218750001
[ 02:46:48.441 -->  02:46:49.960],A,SPEAKER_00,10008.441593750002,10009.96034375
[ 02:46:50.314 -->  02:46:51.985],A,SPEAKER_00,10010.31471875,10011.985343750002
[ 02:46:52.407 -->  02:46:52.812],A,SPEAKER_00,10012.407218750002,10012.812218750001
[ 02:46:53.217 -->  02:47:06.835],A,SPEAKER_00,10013.21721875,10026.83534375
[ 02:47:15.441 -->  02:47:18.765],BE,SPEAKER_52,10035.441593750002,10038.765968750002
[ 02:47:19.137 -->  02:47:20.436],BE,SPEAKER_52,10039.137218750002,10040.43659375
[ 02:47:21.263 -->  02:47:24.132],BE,SPEAKER_52,10041.26346875,10044.13221875
[ 02:47:24.317 -->  02:47:26.140],BE,SPEAKER_52,10044.31784375,10046.140343750001
[ 02:47:26.376 -->  02:47:29.127],BE,SPEAKER_52,10046.37659375,10049.12721875
[ 02:47:30.004 -->  02:47:31.995],BE,SPEAKER_52,10050.004718750002,10051.995968750001
[ 02:47:33.194 -->  02:47:33.953],BE,SPEAKER_52,10053.19409375,10053.953468750002
[ 02:47:34.695 -->  02:47:37.530],BE,SPEAKER_52,10054.695968750002,10057.530968750001
[ 02:47:37.935 -->  02:47:39.150],BE,SPEAKER_52,10057.93596875,10059.15096875
[ 02:47:39.302 -->  02:47:41.682],BE,SPEAKER_52,10059.30284375,10061.68221875
[ 02:47:42.188 -->  02:47:45.040],BE,SPEAKER_52,10062.188468750002,10065.040343750003
[ 02:47:45.310 -->  02:47:47.571],BE,SPEAKER_52,10065.31034375,10067.571593750003
[ 02:47:47.605 -->  02:47:48.516],BE,SPEAKER_52,10067.605343750001,10068.516593750002
[ 02:47:48.550 -->  02:47:52.583],BE,SPEAKER_52,10068.550343750001,10072.58346875
[ 02:47:53.039 -->  02:47:57.325],BE,SPEAKER_52,10073.039093750001,10077.325343750003
[ 02:47:58.152 -->  02:47:59.822],BE,SPEAKER_52,10078.152218750001,10079.82284375
[ 02:48:00.042 -->  02:48:02.640],BE,SPEAKER_52,10080.04221875,10082.640968750002
[ 02:48:02.961 -->  02:48:07.197],BE,SPEAKER_52,10082.961593750002,10087.19721875
[ 02:48:07.568 -->  02:48:09.576],BE,SPEAKER_52,10087.56846875,10089.57659375
[ 02:48:09.728 -->  02:48:11.820],BE,SPEAKER_52,10089.72846875,10091.820968750002
[ 02:48:12.225 -->  02:48:13.086],BE,SPEAKER_52,10092.22596875,10093.086593750002
[ 02:48:13.474 -->  02:48:14.824],BE,SPEAKER_52,10093.47471875,10094.824718750002
[ 02:48:15.330 -->  02:48:18.419],BE,SPEAKER_52,10095.33096875,10098.419093750003
[ 02:48:18.570 -->  02:48:21.422],BE,SPEAKER_52,10098.570968750002,10101.422843750002
[ 02:48:21.844 -->  02:48:23.650],BE,SPEAKER_52,10101.844718750002,10103.65034375
[ 02:48:24.072 -->  02:48:29.235],BE,SPEAKER_52,10104.07221875,10109.23596875
[ 02:48:29.944 -->  02:48:30.653],BE,SPEAKER_52,10109.94471875,10110.653468750003
[ 02:48:30.974 -->  02:48:34.349],BE,SPEAKER_52,10110.97409375,10114.34909375
[ 02:48:34.635 -->  02:48:38.129],BE,SPEAKER_52,10114.63596875,10118.129093750002
[ 02:48:38.483 -->  02:48:39.749],BE,SPEAKER_52,10118.48346875,10119.74909375
[ 02:48:39.900 -->  02:48:45.115],BE,SPEAKER_52,10119.90096875,10125.11534375
[ 02:48:45.435 -->  02:48:46.887],BE,SPEAKER_52,10125.43596875,10126.887218750002
[ 02:48:46.971 -->  02:48:50.667],BE,SPEAKER_52,10126.97159375,10130.66721875
[ 02:48:50.987 -->  02:48:53.974],BE,SPEAKER_52,10130.987843750001,10133.97471875
[ 02:48:54.160 -->  02:48:56.337],BE,SPEAKER_52,10134.160343750002,10136.337218750003
[ 02:48:56.640 -->  02:48:57.737],BE,SPEAKER_52,10136.640968750002,10137.737843750001
[ 02:48:58.058 -->  02:48:58.834],BE,SPEAKER_52,10138.058468750001,10138.83471875
[ 02:48:59.475 -->  02:49:00.690],BE,SPEAKER_52,10139.47596875,10140.690968750001
[ 02:49:01.230 -->  02:49:02.057],BE,SPEAKER_52,10141.230968750002,10142.05784375
[ 02:49:02.884 -->  02:49:10.866],BE,SPEAKER_52,10142.88471875,10150.86659375
[ 02:49:16.975 -->  02:49:17.025],T,SPEAKER_11,10156.97534375,10157.02596875
[ 02:49:17.228 -->  02:49:19.354],T,SPEAKER_11,10157.22846875,10159.35471875
[ 02:49:19.979 -->  02:49:33.107],BZ,SPEAKER_75,10159.97909375,10173.10784375
[ 02:49:35.014 -->  02:49:44.144],BZ,SPEAKER_75,10175.01471875,10184.144093750001
[ 02:49:44.835 -->  02:49:47.114],BZ,SPEAKER_75,10184.835968750001,10187.114093750002
[ 02:49:47.282 -->  02:49:52.429],BZ,SPEAKER_75,10187.28284375,10192.429718750001
[ 02:49:54.218 -->  02:50:02.757],BZ,SPEAKER_75,10194.218468750001,10202.75721875
[ 02:50:03.229 -->  02:50:22.703],BZ,SPEAKER_75,10203.22971875,10222.703468750002
[ 02:50:28.964 -->  02:50:31.157],T,SPEAKER_11,10228.96409375,10231.15784375
[ 02:50:32.794 -->  02:50:38.937],H,SPEAKER_67,10232.79471875,10238.937218750001
[ 02:50:39.544 -->  02:50:43.982],H,SPEAKER_67,10239.54471875,10243.98284375
[ 02:50:45.045 -->  02:50:47.189],H,SPEAKER_67,10245.04596875,10247.18909375
[ 02:50:47.880 -->  02:50:49.146],H,SPEAKER_67,10247.88096875,10249.14659375
[ 02:50:50.260 -->  02:50:52.116],H,SPEAKER_67,10250.26034375,10252.11659375
[ 02:50:52.487 -->  02:50:54.799],H,SPEAKER_67,10252.487843750001,10254.79971875
[ 02:50:55.643 -->  02:50:59.406],H,SPEAKER_67,10255.64346875,10259.406593750002
[ 02:51:00.216 -->  02:51:05.633],H,SPEAKER_67,10260.21659375,10265.633468750002
[ 02:51:05.920 -->  02:51:06.477],H,SPEAKER_67,10265.92034375,10266.477218750002
[ 02:51:07.304 -->  02:51:07.860],H,SPEAKER_67,10267.30409375,10267.86096875
[ 02:51:08.333 -->  02:51:10.020],H,SPEAKER_67,10268.33346875,10270.02096875
[ 02:51:11.168 -->  02:51:23.790],H,SPEAKER_67,10271.168468750002,10283.79096875
[ 02:51:24.077 -->  02:51:27.503],H,SPEAKER_67,10284.077843750001,10287.503468750001
[ 02:51:28.161 -->  02:51:46.032],H,SPEAKER_67,10288.16159375,10306.032218750002
[ 02:51:46.470 -->  02:51:47.027],H,SPEAKER_67,10306.47096875,10307.027843750002
[ 02:51:57.540 -->  02:52:03.615],AK,SPEAKER_30,10317.54096875,10323.61596875
[ 02:52:04.054 -->  02:52:04.662],AK,SPEAKER_30,10324.054718750001,10324.66221875
[ 02:52:04.982 -->  02:52:15.732],AK,SPEAKER_30,10324.98284375,10335.73221875
[ 02:52:16.170 -->  02:52:17.065],AK,SPEAKER_30,10336.17096875,10337.06534375
[ 02:52:17.470 -->  02:52:25.857],AK,SPEAKER_30,10337.47034375,10345.85721875
[ 02:52:26.397 -->  02:52:26.852],AK,SPEAKER_30,10346.39721875,10346.852843750003
[ 02:52:27.544 -->  02:52:28.034],AK,SPEAKER_30,10347.54471875,10348.03409375
[ 02:52:28.574 -->  02:52:38.580],AK,SPEAKER_30,10348.574093750001,10358.58096875
[ 02:52:39.104 -->  02:52:49.515],AK,SPEAKER_30,10359.10409375,10369.515968750002
[ 02:52:49.920 -->  02:52:51.237],AK,SPEAKER_30,10369.92096875,10371.23721875
[ 02:52:51.777 -->  02:52:55.894],AK,SPEAKER_30,10371.777218750001,10375.894718750002
[ 02:52:56.485 -->  02:53:13.208],AK,SPEAKER_30,10376.485343750002,10393.20846875
[ 02:53:21.831 -->  02:53:26.792],AC,SPEAKER_21,10401.831593750001,10406.792843750001
[ 02:53:27.434 -->  02:53:28.750],AC,SPEAKER_21,10407.434093750002,10408.750343750002
[ 02:53:29.104 -->  02:53:49.405],AC,SPEAKER_21,10409.10471875,10429.40534375
[ 02:53:49.995 -->  02:53:53.100],AC,SPEAKER_21,10429.995968750001,10433.10096875
[ 02:53:53.590 -->  02:53:55.345],AC,SPEAKER_21,10433.590343750002,10435.34534375
[ 02:53:56.999 -->  02:53:59.496],AC,SPEAKER_21,10436.99909375,10439.496593750002
[ 02:54:00.222 -->  02:54:03.310],AC,SPEAKER_21,10440.222218750001,10443.31034375
[ 02:54:03.546 -->  02:54:04.525],AC,SPEAKER_21,10443.546593750001,10444.52534375
[ 02:54:06.330 -->  02:54:08.642],AC,SPEAKER_21,10446.33096875,10448.64284375
[ 02:54:09.554 -->  02:54:12.810],AC,SPEAKER_21,10449.55409375,10452.81096875
[ 02:54:13.587 -->  02:54:20.303],AC,SPEAKER_21,10453.587218750003,10460.30346875
[ 02:54:20.725 -->  02:54:23.138],AC,SPEAKER_21,10460.72534375,10463.13846875
[ 02:54:23.492 -->  02:54:28.842],AC,SPEAKER_21,10463.492843750002,10468.84221875
[ 02:54:29.247 -->  02:54:31.744],AC,SPEAKER_21,10469.247218750003,10471.74471875
[ 02:54:32.520 -->  02:54:39.996],AC,SPEAKER_21,10472.52096875,10479.996593750002
[ 02:54:42.105 -->  02:54:44.805],AC,SPEAKER_21,10482.105968750002,10484.805968750003
[ 02:54:45.295 -->  02:54:47.438],AC,SPEAKER_21,10485.29534375,10487.438468750002
[ 02:54:47.640 -->  02:54:51.505],AC,SPEAKER_21,10487.640968750002,10491.50534375
[ 02:54:51.859 -->  02:55:02.642],AC,SPEAKER_21,10491.859718750002,10502.64284375
[ 02:55:02.929 -->  02:55:09.089],AC,SPEAKER_21,10502.929718750001,10509.08909375
[ 02:55:09.089 -->  02:55:09.443],T,SPEAKER_11,10509.08909375,10509.44346875
[ 02:55:09.443 -->  02:55:13.037],AC,SPEAKER_21,10509.44346875,10513.03784375
[ 02:55:19.973 -->  02:55:20.024],T,SPEAKER_11,10519.973468750002,10520.024093750002
[ 02:55:20.969 -->  02:55:21.036],T,SPEAKER_11,10520.969093750002,10521.036593750003
[ 02:55:21.964 -->  02:55:22.032],T,SPEAKER_11,10521.964718750001,10522.032218750002
[ 02:55:23.601 -->  02:55:23.618],T,SPEAKER_11,10523.601593750001,10523.618468750003
[ 02:55:23.618 -->  02:55:38.974],AL,SPEAKER_31,10523.618468750003,10538.97471875
[ 02:55:39.717 -->  02:55:40.493],AL,SPEAKER_31,10539.71721875,10540.493468750003
[ 02:55:41.860 -->  02:55:47.192],AL,SPEAKER_31,10541.860343750002,10547.192843750003
[ 02:55:47.597 -->  02:55:51.445],AL,SPEAKER_31,10547.597843750002,10551.445343750001
[ 02:55:52.727 -->  02:55:53.402],AL,SPEAKER_31,10552.727843750003,10553.402843750002
[ 02:55:54.314 -->  02:55:58.634],AL,SPEAKER_31,10554.31409375,10558.634093750003
[ 02:55:59.933 -->  02:56:02.025],AL,SPEAKER_31,10559.933468750001,10562.02596875
[ 02:56:02.262 -->  02:56:16.538],AL,SPEAKER_31,10562.262218750002,10576.53846875
[ 02:56:17.331 -->  02:56:18.074],AL,SPEAKER_31,10577.331593750001,10578.074093750001
[ 02:56:18.411 -->  02:56:23.710],AL,SPEAKER_31,10578.411593750003,10583.71034375
[ 02:56:24.233 -->  02:56:25.026],AL,SPEAKER_31,10584.23346875,10585.02659375
[ 02:56:26.325 -->  02:56:27.085],AL,SPEAKER_31,10586.32596875,10587.08534375
[ 02:56:27.405 -->  02:56:28.131],AL,SPEAKER_31,10587.405968750001,10588.13159375
[ 02:56:28.705 -->  02:56:40.045],AL,SPEAKER_31,10588.70534375,10600.04534375
[ 02:56:40.517 -->  02:56:48.887],AL,SPEAKER_31,10600.51784375,10608.887843750003
[ 02:56:54.017 -->  02:56:57.949],AL,SPEAKER_31,10614.01784375,10617.949718750002
[ 02:56:58.270 -->  02:56:58.995],AL,SPEAKER_31,10618.270343750002,10618.995968750001
[ 02:56:59.215 -->  02:57:00.885],AL,SPEAKER_31,10619.215343750002,10620.88596875
[ 02:57:01.442 -->  02:57:03.501],AL,SPEAKER_31,10621.442843750003,10623.50159375
[ 02:57:04.345 -->  02:57:04.986],AL,SPEAKER_31,10624.34534375,10624.98659375
[ 02:57:05.745 -->  02:57:07.382],AL,SPEAKER_31,10625.745968750001,10627.382843750001
[ 02:57:07.754 -->  02:57:11.500],AL,SPEAKER_31,10627.754093750002,10631.500343750002
[ 02:57:11.702 -->  02:57:14.217],AL,SPEAKER_31,10631.702843750001,10634.21721875
[ 02:57:14.824 -->  02:57:17.170],AL,SPEAKER_31,10634.824718750002,10637.17034375
[ 02:57:17.980 -->  02:57:26.670],AL,SPEAKER_31,10637.980343750001,10646.67096875
[ 02:57:26.670 -->  02:57:27.531],AI,SPEAKER_28,10646.67096875,10647.531593750002
[ 02:57:27.531 -->  02:57:27.750],AL,SPEAKER_31,10647.531593750002,10647.750968750002
[ 02:57:27.852 -->  02:57:28.442],AL,SPEAKER_31,10647.852218750002,10648.442843750003
[ 02:57:37.690 -->  02:57:43.410],C,SPEAKER_12,10657.69034375,10663.410968750002
[ 02:57:44.069 -->  02:57:49.604],C,SPEAKER_12,10664.06909375,10669.60409375
[ 02:57:50.262 -->  02:57:54.565],C,SPEAKER_12,10670.262218750002,10674.56534375
[ 02:57:55.510 -->  02:58:03.019],C,SPEAKER_12,10675.51034375,10683.019718750002
[ 02:58:03.593 -->  02:58:05.179],C,SPEAKER_12,10683.593468750001,10685.179718750001
[ 02:58:05.534 -->  02:58:08.031],C,SPEAKER_12,10685.53409375,10688.031593750002
[ 02:58:08.082 -->  02:58:10.815],C,SPEAKER_12,10688.082218750002,10690.815968750001
[ 02:58:11.102 -->  02:58:13.009],C,SPEAKER_12,10691.102843750003,10693.00971875
[ 02:58:13.499 -->  02:58:19.304],C,SPEAKER_12,10693.49909375,10699.30409375
[ 02:58:24.636 -->  02:58:29.969],C,SPEAKER_12,10704.636593750001,10709.969093750002
[ 02:58:30.576 -->  02:58:31.032],C,SPEAKER_12,10710.57659375,10711.032218750002
[ 02:58:31.842 -->  02:58:34.052],C,SPEAKER_12,10711.84221875,10714.05284375
[ 02:58:34.677 -->  02:58:35.605],C,SPEAKER_12,10714.677218750003,10715.605343750001
[ 02:58:36.162 -->  02:58:37.174],C,SPEAKER_12,10716.16221875,10717.17471875
[ 02:58:37.208 -->  02:58:38.727],C,SPEAKER_12,10717.208468750003,10718.727218750002
[ 02:58:39.284 -->  02:58:41.511],C,SPEAKER_12,10719.28409375,10721.511593750001
[ 02:58:42.085 -->  02:58:55.838],C,SPEAKER_12,10722.08534375,10735.83846875
[ 02:58:56.513 -->  02:58:57.525],C,SPEAKER_12,10736.51346875,10737.52596875
[ 02:58:58.049 -->  02:58:59.095],C,SPEAKER_12,10738.04909375,10739.09534375
[ 02:58:59.922 -->  02:59:04.967],C,SPEAKER_12,10739.922218750002,10744.96784375
[ 02:59:16.358 -->  02:59:16.763],C,SPEAKER_12,10756.35846875,10756.76346875
[ 02:59:18.079 -->  02:59:21.269],C,SPEAKER_12,10758.07971875,10761.269093750001
[ 02:59:21.825 -->  02:59:24.812],C,SPEAKER_12,10761.82596875,10764.812843750002
[ 02:59:24.998 -->  02:59:31.022],C,SPEAKER_12,10764.99846875,10771.02284375
[ 02:59:31.292 -->  02:59:32.609],C,SPEAKER_12,10771.292843750001,10772.609093750001
[ 02:59:38.970 -->  02:59:39.122],T,SPEAKER_11,10778.97096875,10779.12284375
[ 02:59:39.443 -->  02:59:40.523],T,SPEAKER_11,10779.44346875,10780.523468750001
[ 02:59:40.962 -->  02:59:41.586],T,SPEAKER_11,10780.962218750003,10781.586593750002
[ 02:59:42.008 -->  02:59:46.395],BB,SPEAKER_49,10782.008468750002,10786.395968750003
[ 02:59:46.716 -->  02:59:52.504],BB,SPEAKER_49,10786.71659375,10792.504718750002
[ 02:59:52.724 -->  02:59:58.090],BB,SPEAKER_49,10792.724093750003,10798.090343750002
[ 02:59:58.394 -->  02:59:59.828],BB,SPEAKER_49,10798.394093750001,10799.828468750002
[ 03:00:00.030 -->  03:00:03.321],BB,SPEAKER_49,10800.030968750001,10803.321593750003
[ 03:00:03.979 -->  03:00:06.882],BB,SPEAKER_49,10803.97971875,10806.88221875
[ 03:00:07.675 -->  03:00:10.999],BB,SPEAKER_49,10807.675343750001,10810.999718750001
[ 03:00:11.235 -->  03:00:12.957],BB,SPEAKER_49,10811.23596875,10812.957218750002
[ 03:00:13.530 -->  03:00:17.192],BB,SPEAKER_49,10813.530968750001,10817.192843750003
[ 03:00:25.697 -->  03:00:30.051],BM,SPEAKER_61,10825.69784375,10830.051593750002
[ 03:00:31.114 -->  03:00:37.847],BM,SPEAKER_61,10831.114718750003,10837.847843750002
[ 03:00:39.180 -->  03:00:46.808],BM,SPEAKER_61,10839.180968750003,10846.808468750001
[ 03:00:46.977 -->  03:00:47.112],BM,SPEAKER_61,10846.977218750002,10847.11221875
[ 03:00:47.112 -->  03:00:47.145],AI,SPEAKER_28,10847.11221875,10847.145968750003
[ 03:00:47.145 -->  03:00:47.415],BM,SPEAKER_61,10847.145968750003,10847.41596875
[ 03:00:47.415 -->  03:00:47.466],AI,SPEAKER_28,10847.41596875,10847.46659375
[ 03:00:47.466 -->  03:00:47.601],BM,SPEAKER_61,10847.46659375,10847.601593750001
[ 03:00:47.601 -->  03:00:47.618],AI,SPEAKER_28,10847.601593750001,10847.618468750003
[ 03:00:47.618 -->  03:00:47.702],BM,SPEAKER_61,10847.618468750003,10847.702843750001
[ 03:00:47.702 -->  03:00:48.023],AI,SPEAKER_28,10847.702843750001,10848.023468750001
[ 03:00:48.023 -->  03:00:48.057],BM,SPEAKER_61,10848.023468750001,10848.05721875
[ 03:00:48.057 -->  03:00:51.077],AI,SPEAKER_28,10848.05721875,10851.077843750001
[ 03:00:51.077 -->  03:01:05.742],BM,SPEAKER_61,10851.077843750001,10865.742218750001
[ 03:00:51.111 -->  03:00:53.879],AI,SPEAKER_28,10851.11159375,10853.879093750002
[ 03:00:53.879 -->  03:00:54.030],AD,SPEAKER_22,10853.879093750002,10854.030968750001
[ 03:01:06.619 -->  03:01:11.496],BM,SPEAKER_61,10866.61971875,10871.496593750002
[ 03:01:15.850 -->  03:01:20.339],BM,SPEAKER_61,10875.85034375,10880.33909375
[ 03:01:22.482 -->  03:01:32.843],BM,SPEAKER_61,10882.48221875,10892.843468750001
[ 03:01:33.974 -->  03:01:35.020],BM,SPEAKER_61,10893.974093750003,10895.020343750002
[ 03:01:35.324 -->  03:01:36.876],BM,SPEAKER_61,10895.324093750001,10896.87659375
[ 03:01:37.230 -->  03:01:41.365],BM,SPEAKER_61,10897.230968750002,10901.36534375
[ 03:01:41.787 -->  03:01:43.677],BM,SPEAKER_61,10901.78721875,10903.677218750003
[ 03:01:44.369 -->  03:01:44.807],BM,SPEAKER_61,10904.36909375,10904.80784375
[ 03:01:45.077 -->  03:01:49.752],BM,SPEAKER_61,10905.077843750001,10909.75221875
[ 03:01:50.292 -->  03:01:52.030],BM,SPEAKER_61,10910.29221875,10912.03034375
[ 03:01:52.992 -->  03:01:54.983],BM,SPEAKER_61,10912.992218750001,10914.98346875
[ 03:02:00.974 -->  03:02:01.024],T,SPEAKER_11,10920.974093750003,10921.024718750003
[ 03:02:01.969 -->  03:02:02.037],T,SPEAKER_11,10921.969718750002,10922.03721875
[ 03:02:05.142 -->  03:02:11.419],X,SPEAKER_16,10925.14221875,10931.41971875
[ 03:02:11.807 -->  03:02:13.934],X,SPEAKER_16,10931.80784375,10933.934093750002
[ 03:02:14.237 -->  03:02:14.659],X,SPEAKER_16,10934.237843750001,10934.659718750001
[ 03:02:15.368 -->  03:02:35.466],X,SPEAKER_16,10935.368468750003,10955.46659375
[ 03:02:35.837 -->  03:02:36.749],X,SPEAKER_16,10955.83784375,10956.74909375
[ 03:02:36.968 -->  03:02:40.529],X,SPEAKER_16,10956.968468750001,10960.52909375
[ 03:02:40.900 -->  03:02:43.870],X,SPEAKER_16,10960.90034375,10963.87034375
[ 03:02:44.174 -->  03:02:49.135],X,SPEAKER_16,10964.17409375,10969.13534375
[ 03:02:49.388 -->  03:02:50.434],X,SPEAKER_16,10969.38846875,10970.434718750003
[ 03:02:50.603 -->  03:02:53.050],X,SPEAKER_16,10970.60346875,10973.050343750001
[ 03:02:53.117 -->  03:02:56.087],X,SPEAKER_16,10973.117843750002,10976.08784375
[ 03:02:56.290 -->  03:02:58.095],X,SPEAKER_16,10976.290343750003,10978.09596875
[ 03:02:59.007 -->  03:03:00.390],X,SPEAKER_16,10979.00721875,10980.390968750002
[ 03:03:00.930 -->  03:03:06.499],X,SPEAKER_16,10980.930968750003,10986.499718750001
[ 03:03:06.972 -->  03:03:16.304],X,SPEAKER_16,10986.972218750001,10996.30409375
[ 03:03:16.911 -->  03:03:20.792],X,SPEAKER_16,10996.911593750003,11000.792843750001
[ 03:03:21.434 -->  03:03:23.054],X,SPEAKER_16,11001.434093750002,11003.05409375
[ 03:03:23.948 -->  03:03:27.053],X,SPEAKER_16,11003.94846875,11007.05346875
[ 03:03:27.745 -->  03:03:31.052],X,SPEAKER_16,11007.74534375,11011.05284375
[ 03:03:31.913 -->  03:03:33.432],X,SPEAKER_16,11011.91346875,11013.43221875
[ 03:03:33.719 -->  03:03:35.389],X,SPEAKER_16,11013.719093750002,11015.38971875
[ 03:03:35.744 -->  03:03:36.807],X,SPEAKER_16,11015.74409375,11016.80721875
[ 03:03:37.060 -->  03:03:37.870],X,SPEAKER_16,11017.06034375,11017.87034375
[ 03:03:38.241 -->  03:03:39.760],X,SPEAKER_16,11018.24159375,11019.76034375
[ 03:03:39.996 -->  03:03:42.375],X,SPEAKER_16,11019.996593750002,11022.375968750002
[ 03:03:42.932 -->  03:03:45.919],X,SPEAKER_16,11022.93284375,11025.91971875
[ 03:03:46.341 -->  03:03:48.737],X,SPEAKER_16,11026.34159375,11028.737843750001
[ 03:03:48.957 -->  03:03:56.972],X,SPEAKER_16,11028.957218750002,11036.972843750002
[ 03:03:58.305 -->  03:04:07.182],X,SPEAKER_16,11038.305968750003,11047.18221875
[ 03:04:07.671 -->  03:04:07.975],X,SPEAKER_16,11047.671593750001,11047.97534375
[ 03:04:07.975 -->  03:04:08.144],AI,SPEAKER_28,11047.97534375,11048.144093750001
[ 03:04:08.144 -->  03:04:08.194],X,SPEAKER_16,11048.144093750001,11048.19471875
[ 03:04:17.931 -->  03:04:19.332],BQ,SPEAKER_65,11057.93159375,11059.332218750002
[ 03:04:20.530 -->  03:04:21.222],BQ,SPEAKER_65,11060.53034375,11061.222218750001
[ 03:04:21.627 -->  03:04:21.981],BQ,SPEAKER_65,11061.62721875,11061.981593750003
[ 03:04:23.702 -->  03:04:23.905],Q,SPEAKER_08,11063.702843750001,11063.90534375
[ 03:04:26.200 -->  03:04:26.217],Q,SPEAKER_08,11066.200343750003,11066.21721875
[ 03:04:26.217 -->  03:04:26.672],AL,SPEAKER_31,11066.21721875,11066.672843750002
[ 03:04:27.280 -->  03:04:30.435],Q,SPEAKER_08,11067.28034375,11070.43596875
[ 03:04:30.790 -->  03:04:33.794],Q,SPEAKER_08,11070.790343750003,11073.794093750003
[ 03:04:33.979 -->  03:04:39.480],Q,SPEAKER_08,11073.97971875,11079.480968750002
[ 03:04:39.767 -->  03:04:45.893],Q,SPEAKER_08,11079.76784375,11085.89346875
[ 03:04:46.703 -->  03:04:54.027],Q,SPEAKER_08,11086.703468750002,11094.027218750001
[ 03:04:54.195 -->  03:04:55.444],Q,SPEAKER_08,11094.195968750002,11095.44471875
[ 03:04:57.081 -->  03:04:57.604],Q,SPEAKER_08,11097.081593750001,11097.60471875
[ 03:04:58.094 -->  03:05:01.469],Q,SPEAKER_08,11098.094093750002,11101.469093750002
[ 03:05:01.840 -->  03:05:02.447],Q,SPEAKER_08,11101.840343750002,11102.44784375
[ 03:05:03.291 -->  03:05:19.187],Q,SPEAKER_08,11103.29159375,11119.187843750002
[ 03:05:19.407 -->  03:05:20.166],Q,SPEAKER_08,11119.407218750002,11120.16659375
[ 03:05:21.449 -->  03:05:23.389],Q,SPEAKER_08,11121.449093750001,11123.38971875
[ 03:05:24.182 -->  03:05:27.490],Q,SPEAKER_08,11124.18284375,11127.49034375
[ 03:05:28.418 -->  03:05:31.101],Q,SPEAKER_08,11128.418468750002,11131.101593750001
[ 03:05:31.658 -->  03:05:33.143],Q,SPEAKER_08,11131.65846875,11133.14346875
[ 03:05:33.497 -->  03:05:33.987],Q,SPEAKER_08,11133.49784375,11133.98721875
[ 03:05:34.898 -->  03:05:44.027],Q,SPEAKER_08,11134.898468750001,11144.027843750002
[ 03:05:45.951 -->  03:05:53.747],Q,SPEAKER_08,11145.95159375,11153.74784375
[ 03:05:54.895 -->  03:05:59.400],Q,SPEAKER_08,11154.895343750002,11159.40096875
[ 03:05:59.569 -->  03:06:07.889],Q,SPEAKER_08,11159.56971875,11167.88909375
[ 03:06:08.766 -->  03:06:17.288],Q,SPEAKER_08,11168.766593750002,11177.28846875
[ 03:06:27.919 -->  03:06:35.277],K,SPEAKER_02,11187.91971875,11195.277218750001
[ 03:06:35.614 -->  03:06:36.492],K,SPEAKER_02,11195.614718750003,11196.492218750001
[ 03:06:36.812 -->  03:06:39.614],K,SPEAKER_02,11196.812843750002,11199.614093750002
[ 03:06:40.035 -->  03:06:46.009],K,SPEAKER_02,11200.035968750002,11206.00971875
[ 03:06:46.296 -->  03:06:46.769],K,SPEAKER_02,11206.296593750001,11206.769093750001
[ 03:06:46.769 -->  03:06:46.785],T,SPEAKER_11,11206.769093750001,11206.785968750002
[ 03:06:47.275 -->  03:06:47.359],T,SPEAKER_11,11207.27534375,11207.359718750002
[ 03:06:47.967 -->  03:06:48.034],T,SPEAKER_11,11207.96721875,11208.034718750001
[ 03:06:49.941 -->  03:06:51.578],K,SPEAKER_02,11209.941593750002,11211.578468750002
[ 03:06:51.780 -->  03:06:52.523],K,SPEAKER_02,11211.780968750001,11212.523468750001
[ 03:06:52.742 -->  03:06:55.172],K,SPEAKER_02,11212.742843750002,11215.172843750002
[ 03:06:55.392 -->  03:06:57.130],K,SPEAKER_02,11215.39221875,11217.130343750003
[ 03:06:57.923 -->  03:06:59.577],K,SPEAKER_02,11217.92346875,11219.57721875
[ 03:06:59.712 -->  03:07:03.289],K,SPEAKER_02,11219.712218750003,11223.289718750002
[ 03:07:04.960 -->  03:07:05.770],K,SPEAKER_02,11224.96034375,11225.770343750002
[ 03:07:08.588 -->  03:07:14.258],K,SPEAKER_02,11228.58846875,11234.258468750002
[ 03:07:10.208 -->  03:07:10.292],P,SPEAKER_07,11230.208468750003,11230.292843750001
[ 03:07:10.292 -->  03:07:11.052],AV,SPEAKER_42,11230.292843750001,11231.052218750003
[ 03:07:15.996 -->  03:07:17.430],K,SPEAKER_02,11235.996593750002,11237.430968750003
[ 03:07:17.970 -->  03:07:18.848],K,SPEAKER_02,11237.97096875,11238.848468750002
[ 03:07:19.000 -->  03:07:22.223],K,SPEAKER_02,11239.000343750002,11242.223468750002
[ 03:07:22.695 -->  03:07:25.547],K,SPEAKER_02,11242.695968750002,11245.547843750002
[ 03:07:26.172 -->  03:07:27.842],K,SPEAKER_02,11246.172218750002,11247.84284375
[ 03:07:28.500 -->  03:07:30.947],K,SPEAKER_02,11248.500968750002,11250.94784375
[ 03:07:30.981 -->  03:07:33.074],K,SPEAKER_02,11250.981593750003,11253.074093750001
[ 03:07:33.985 -->  03:07:37.613],K,SPEAKER_02,11253.985343750002,11257.613468750002
[ 03:07:37.815 -->  03:07:39.165],K,SPEAKER_02,11257.815968750001,11259.16596875
[ 03:07:39.385 -->  03:07:39.975],K,SPEAKER_02,11259.38534375,11259.97596875
[ 03:07:40.212 -->  03:07:44.633],K,SPEAKER_02,11260.212218750003,11264.633468750002
[ 03:07:45.392 -->  03:07:45.865],K,SPEAKER_02,11265.39284375,11265.86534375
[ 03:07:46.405 -->  03:07:49.695],K,SPEAKER_02,11266.40534375,11269.695968750002
[ 03:07:50.016 -->  03:07:51.332],K,SPEAKER_02,11270.016593750002,11271.332843750002
[ 03:07:50.033 -->  03:07:50.050],AI,SPEAKER_28,11270.03346875,11270.050343750001
[ 03:07:50.050 -->  03:07:50.067],AV,SPEAKER_42,11270.050343750001,11270.067218750002
[ 03:07:50.067 -->  03:07:50.674],AI,SPEAKER_28,11270.067218750002,11270.67471875
[ 03:07:50.674 -->  03:07:50.725],AV,SPEAKER_42,11270.67471875,11270.72534375
[ 03:07:50.725 -->  03:07:50.759],AI,SPEAKER_28,11270.72534375,11270.759093750003
[ 03:07:52.109 -->  03:07:53.712],K,SPEAKER_02,11272.109093750001,11273.712218750003
[ 03:07:53.982 -->  03:08:00.698],K,SPEAKER_02,11273.98221875,11280.69846875
[ 03:08:01.778 -->  03:08:04.647],K,SPEAKER_02,11281.778468750003,11284.64721875
[ 03:08:06.503 -->  03:08:06.975],K,SPEAKER_02,11286.503468750001,11286.97596875
[ 03:08:06.975 -->  03:08:07.110],AF,SPEAKER_25,11286.97596875,11287.11096875
[ 03:08:09.490 -->  03:08:10.283],AI,SPEAKER_28,11289.49034375,11290.28346875
[ 03:08:14.974 -->  03:08:15.345],T,SPEAKER_11,11294.97471875,11295.34596875
[ 03:08:15.970 -->  03:08:16.037],T,SPEAKER_11,11295.97034375,11296.03784375
[ 03:08:18.619 -->  03:08:19.176],T,SPEAKER_11,11298.61971875,11299.176593750002
[ 03:08:20.155 -->  03:08:29.622],AJ,SPEAKER_29,11300.15534375,11309.622218750003
[ 03:08:29.976 -->  03:08:31.461],AJ,SPEAKER_29,11309.976593750001,11311.461593750002
[ 03:08:32.423 -->  03:08:37.620],AJ,SPEAKER_29,11312.42346875,11317.620968750001
[ 03:08:39.021 -->  03:08:43.037],AJ,SPEAKER_29,11319.02159375,11323.03784375
[ 03:08:43.037 -->  03:08:43.223],BZ,SPEAKER_75,11323.03784375,11323.223468750002
[ 03:08:43.223 -->  03:08:43.425],AJ,SPEAKER_29,11323.223468750002,11323.425968750002
[ 03:08:43.425 -->  03:08:46.294],BZ,SPEAKER_75,11323.425968750002,11326.29471875
[ 03:08:46.733 -->  03:08:51.829],AJ,SPEAKER_29,11326.73346875,11331.82971875
[ 03:08:52.774 -->  03:08:56.537],AJ,SPEAKER_29,11332.774718750003,11336.53784375
[ 03:08:56.909 -->  03:08:59.777],AJ,SPEAKER_29,11336.90909375,11339.777843750002
[ 03:09:00.115 -->  03:09:02.629],AJ,SPEAKER_29,11340.11534375,11342.629718750002
[ 03:09:03.338 -->  03:09:04.992],AJ,SPEAKER_29,11343.33846875,11344.992218750001
[ 03:09:07.725 -->  03:09:07.759],AI,SPEAKER_28,11347.72596875,11347.75971875
[ 03:09:08.265 -->  03:09:09.345],AJ,SPEAKER_29,11348.265968750002,11349.34596875
[ 03:09:09.345 -->  03:09:16.163],AI,SPEAKER_28,11349.34596875,11356.16346875
[ 03:09:16.163 -->  03:09:16.230],BG,SPEAKER_54,11356.16346875,11356.230968750002
[ 03:09:16.247 -->  03:09:17.243],T,SPEAKER_11,11356.24784375,11357.243468750003
[ 03:09:17.952 -->  03:09:19.420],T,SPEAKER_11,11357.95221875,11359.42034375
[ 03:09:20.129 -->  03:09:30.557],BG,SPEAKER_54,11360.129093750002,11370.55784375
[ 03:09:30.591 -->  03:09:30.608],BG,SPEAKER_54,11370.59159375,11370.60846875
[ 03:09:30.642 -->  03:09:41.172],BG,SPEAKER_54,11370.64221875,11381.172218750002
[ 03:09:41.475 -->  03:09:51.044],BG,SPEAKER_54,11381.47596875,11391.044093750003
[ 03:09:51.516 -->  03:10:01.894],BG,SPEAKER_54,11391.516593750002,11401.894718750002
[ 03:10:02.130 -->  03:10:06.130],BG,SPEAKER_54,11402.13096875,11406.130343750003
[ 03:10:06.315 -->  03:10:14.382],BG,SPEAKER_54,11406.315968750001,11414.38221875
[ 03:10:14.449 -->  03:10:21.199],BG,SPEAKER_54,11414.449718750002,11421.199718750002
[ 03:10:21.435 -->  03:10:24.186],BG,SPEAKER_54,11421.43596875,11424.18659375
[ 03:10:24.389 -->  03:10:35.459],BG,SPEAKER_54,11424.38909375,11435.45909375
[ 03:10:35.779 -->  03:10:38.395],BG,SPEAKER_54,11435.77971875,11438.395343750002
[ 03:10:38.648 -->  03:10:42.698],BG,SPEAKER_54,11438.648468750001,11442.69846875
[ 03:10:44.706 -->  03:10:46.022],AI,SPEAKER_28,11444.706593750001,11446.02284375
[ 03:10:47.271 -->  03:10:50.241],AI,SPEAKER_28,11447.27159375,11450.24159375
[ 03:10:51.068 -->  03:10:55.894],AI,SPEAKER_28,11451.06846875,11455.894718750002
[ 03:10:57.869 -->  03:10:58.189],AI,SPEAKER_28,11457.86909375,11458.18971875
[ 03:10:59.269 -->  03:10:59.640],AI,SPEAKER_28,11459.269718750002,11459.640968750002
[ 03:11:00.332 -->  03:11:02.037],AI,SPEAKER_28,11460.332843750002,11462.03721875
[ 03:11:02.239 -->  03:11:03.606],AI,SPEAKER_28,11462.239718750003,11463.606593750003
[ 03:11:03.775 -->  03:11:04.230],AI,SPEAKER_28,11463.77534375,11464.230968750002
[ 03:11:05.260 -->  03:11:09.867],AI,SPEAKER_28,11465.26034375,11469.867218750001
[ 03:11:09.900 -->  03:11:11.639],AI,SPEAKER_28,11469.90096875,11471.63909375
[ 03:11:11.790 -->  03:11:16.245],AI,SPEAKER_28,11471.79096875,11476.245968750001
[ 03:11:25.425 -->  03:11:25.847],AI,SPEAKER_28,11485.425968750002,11485.847843750002
[ 03:11:26.505 -->  03:11:41.963],BH,SPEAKER_55,11486.50596875,11501.96346875
[ 03:11:42.115 -->  03:12:29.010],BH,SPEAKER_55,11502.11534375,11549.01096875
[ 03:12:28.251 -->  03:12:31.542],AI,SPEAKER_28,11548.25159375,11551.54221875
[ 03:12:29.719 -->  03:12:30.445],BH,SPEAKER_55,11549.719718750002,11550.445343750001
[ 03:12:31.035 -->  03:12:31.592],BH,SPEAKER_55,11551.035968750002,11551.59284375
[ 03:12:31.592 -->  03:12:31.677],T,SPEAKER_11,11551.59284375,11551.677218750003
[ 03:12:31.677 -->  03:12:32.031],BH,SPEAKER_55,11551.677218750003,11552.031593750002
[ 03:12:32.031 -->  03:12:34.191],T,SPEAKER_11,11552.031593750002,11554.191593750002
[ 03:12:36.925 -->  03:12:42.899],AW,SPEAKER_43,11556.925343750001,11562.899093750002
[ 03:12:42.983 -->  03:12:52.214],AW,SPEAKER_43,11562.98346875,11572.21409375
[ 03:12:52.467 -->  03:12:53.699],AW,SPEAKER_43,11572.46721875,11573.699093750001
[ 03:12:54.070 -->  03:12:56.804],AW,SPEAKER_43,11574.070343750001,11576.80409375
[ 03:12:57.276 -->  03:13:03.030],AW,SPEAKER_43,11577.27659375,11583.030968750001
[ 03:13:03.469 -->  03:13:07.469],AW,SPEAKER_43,11583.469718750002,11587.469093750002
[ 03:13:07.755 -->  03:13:10.067],AW,SPEAKER_43,11587.75596875,11590.067843750003
[ 03:13:10.489 -->  03:13:12.700],AW,SPEAKER_43,11590.489718750003,11592.700343750003
[ 03:13:12.987 -->  03:13:14.168],AW,SPEAKER_43,11592.98721875,11594.168468750002
[ 03:13:14.455 -->  03:13:17.577],AW,SPEAKER_43,11594.45534375,11597.57721875
[ 03:13:17.914 -->  03:13:19.517],AW,SPEAKER_43,11597.914718750002,11599.51784375
[ 03:13:20.057 -->  03:13:23.365],AW,SPEAKER_43,11600.05784375,11603.36534375
[ 03:13:23.601 -->  03:13:25.862],AW,SPEAKER_43,11603.601593750001,11605.862843750001
[ 03:13:31.330 -->  03:13:32.039],T,SPEAKER_11,11611.33034375,11612.039093750001
[ 03:13:33.540 -->  03:13:36.983],AV,SPEAKER_42,11613.54096875,11616.98346875
[ 03:13:37.371 -->  03:13:41.826],AV,SPEAKER_42,11617.371593750002,11621.82659375
[ 03:13:42.265 -->  03:13:43.935],AV,SPEAKER_42,11622.265343750001,11623.93596875
[ 03:13:44.222 -->  03:13:47.378],AV,SPEAKER_42,11624.222843750002,11627.378468750001
[ 03:13:47.884 -->  03:13:50.550],AV,SPEAKER_42,11627.88471875,11630.550968750002
[ 03:13:51.090 -->  03:13:53.402],AV,SPEAKER_42,11631.090968750003,11633.402843750002
[ 03:13:54.128 -->  03:13:59.747],AV,SPEAKER_42,11634.128468750001,11639.74784375
[ 03:14:00.119 -->  03:14:01.317],AV,SPEAKER_42,11640.11909375,11641.317218750002
[ 03:14:01.958 -->  03:14:03.983],AV,SPEAKER_42,11641.958468750003,11643.98346875
[ 03:14:04.709 -->  03:14:05.907],AV,SPEAKER_42,11644.70909375,11645.907218750002
[ 03:14:05.957 -->  03:14:08.387],AV,SPEAKER_42,11645.957843750002,11648.387843750003
[ 03:14:09.248 -->  03:14:10.716],AV,SPEAKER_42,11649.24846875,11650.71659375
[ 03:14:11.054 -->  03:14:15.053],AV,SPEAKER_42,11651.05409375,11655.05346875
[ 03:14:15.323 -->  03:14:17.466],AV,SPEAKER_42,11655.32346875,11657.46659375
[ 03:14:18.327 -->  03:14:21.364],AV,SPEAKER_42,11658.32721875,11661.364718750003
[ 03:14:29.970 -->  03:14:35.910],O,SPEAKER_06,11669.97096875,11675.910968750002
[ 03:14:36.400 -->  03:14:38.442],AI,SPEAKER_28,11676.40034375,11678.442218750002
[ 03:14:38.442 -->  03:14:55.924],O,SPEAKER_06,11678.442218750002,11695.92471875
[ 03:14:56.869 -->  03:15:03.299],O,SPEAKER_06,11696.86971875,11703.29909375
[ 03:15:03.434 -->  03:15:08.226],O,SPEAKER_06,11703.434093750002,11708.226593750001
[ 03:15:08.682 -->  03:15:19.195],O,SPEAKER_06,11708.68221875,11719.195343750001
[ 03:15:23.464 -->  03:15:29.775],AI,SPEAKER_28,11723.464718750001,11729.77596875
[ 03:15:30.704 -->  03:15:34.062],AI,SPEAKER_28,11730.704093750002,11734.062218750001
[ 03:15:35.277 -->  03:15:37.319],T,SPEAKER_11,11735.277218750001,11737.31909375
[ 03:15:37.605 -->  03:15:43.225],AI,SPEAKER_28,11737.605968750002,11743.22534375
[ 03:15:45.030 -->  03:15:45.334],P,SPEAKER_07,11745.030968750001,11745.33471875
[ 03:15:47.039 -->  03:15:48.692],P,SPEAKER_07,11747.039093750001,11748.692843750003
[ 03:15:49.469 -->  03:15:59.070],P,SPEAKER_07,11749.469093750002,11759.070968750002
[ 03:15:59.661 -->  03:16:06.681],P,SPEAKER_07,11759.661593750003,11766.68159375
[ 03:16:06.968 -->  03:16:09.735],P,SPEAKER_07,11766.968468750001,11769.73596875
[ 03:16:14.005 -->  03:16:14.072],T,SPEAKER_11,11774.005343750003,11774.07284375
[ 03:16:14.072 -->  03:16:20.586],AI,SPEAKER_28,11774.07284375,11780.586593750002
[ 03:16:20.654 -->  03:16:20.721],AI,SPEAKER_28,11780.65409375,11780.72159375
[ 03:16:20.721 -->  03:16:20.890],T,SPEAKER_11,11780.72159375,11780.890343750001
[ 03:16:20.890 -->  03:16:20.907],AI,SPEAKER_28,11780.890343750001,11780.907218750002
[ 03:16:20.907 -->  03:16:21.312],T,SPEAKER_11,11780.907218750002,11781.312218750001
[ 03:16:21.312 -->  03:16:22.898],AI,SPEAKER_28,11781.312218750001,11782.898468750001
[ 03:16:21.396 -->  03:16:21.413],T,SPEAKER_11,11781.39659375,11781.41346875
[ 03:16:21.464 -->  03:16:22.341],T,SPEAKER_11,11781.46409375,11782.34159375
[ 03:16:22.898 -->  03:16:23.117],T,SPEAKER_11,11782.898468750001,11783.117843750002
[ 03:16:28.129 -->  03:16:31.335],T,SPEAKER_11,11788.129718750002,11791.335968750001
[ 03:16:33.985 -->  03:16:41.359],AR,SPEAKER_38,11793.985343750002,11801.359718750002
[ 03:16:42.169 -->  03:16:45.510],AR,SPEAKER_38,11802.16971875,11805.51096875
[ 03:16:46.202 -->  03:16:53.222],AR,SPEAKER_38,11806.202843750001,11813.222843750002
[ 03:16:53.492 -->  03:17:06.435],AR,SPEAKER_38,11813.492843750002,11826.43596875
[ 03:17:10.705 -->  03:17:14.147],AI,SPEAKER_28,11830.70534375,11834.14784375
[ 03:17:14.974 -->  03:17:15.514],AI,SPEAKER_28,11834.97471875,11835.51471875
[ 03:17:16.797 -->  03:17:22.416],AI,SPEAKER_28,11836.797218750002,11842.41659375
[ 03:17:25.757 -->  03:17:25.774],AZ,SPEAKER_47,11845.757843750001,11845.774718750003
[ 03:17:25.774 -->  03:17:26.230],AW,SPEAKER_43,11845.774718750003,11846.230343750001
[ 03:17:27.765 -->  03:17:29.976],AW,SPEAKER_43,11847.765968750002,11849.976593750001
[ 03:17:29.976 -->  03:17:30.027],AZ,SPEAKER_47,11849.976593750001,11850.027218750001
[ 03:17:30.027 -->  03:17:30.246],BH,SPEAKER_55,11850.027218750001,11850.246593750002
[ 03:17:30.246 -->  03:17:30.263],AZ,SPEAKER_47,11850.246593750002,11850.26346875
[ 03:17:30.263 -->  03:17:37.975],BH,SPEAKER_55,11850.26346875,11857.97534375
[ 03:17:37.975 -->  03:17:40.034],BE,SPEAKER_52,11857.97534375,11860.03409375
[ 03:17:40.034 -->  03:17:44.100],BB,SPEAKER_49,11860.03409375,11864.10096875
[ 03:17:44.185 -->  03:17:51.424],BB,SPEAKER_49,11864.18534375,11871.42471875
[ 03:17:52.470 -->  03:17:52.994],BB,SPEAKER_49,11872.47096875,11872.99409375
[ 03:17:52.994 -->  03:17:53.044],AW,SPEAKER_43,11872.99409375,11873.04471875
[ 03:17:55.086 -->  03:17:55.120],BB,SPEAKER_49,11875.086593750002,11875.12034375
[ 03:17:55.120 -->  03:18:01.262],AI,SPEAKER_28,11875.12034375,11881.262843750003
[ 03:18:02.511 -->  03:18:02.832],AI,SPEAKER_28,11882.511593750001,11882.832218750002
[ 03:18:03.220 -->  03:18:04.030],AI,SPEAKER_28,11883.22034375,11884.03034375
[ 03:18:04.418 -->  03:18:09.244],AI,SPEAKER_28,11884.418468750002,11889.24471875
[ 03:18:11.219 -->  03:18:12.450],T,SPEAKER_11,11891.219093750002,11892.45096875
[ 03:18:13.244 -->  03:18:19.757],BZ,SPEAKER_75,11893.24409375,11899.757843750001
[ 03:18:20.179 -->  03:18:23.250],BZ,SPEAKER_75,11900.179718750001,11903.250968750002
[ 03:18:23.571 -->  03:18:26.339],BZ,SPEAKER_75,11903.571593750003,11906.33909375
[ 03:18:26.575 -->  03:18:34.489],BZ,SPEAKER_75,11906.575343750003,11914.489718750003
[ 03:18:34.489 -->  03:18:34.540],AI,SPEAKER_28,11914.489718750003,11914.540343750003
[ 03:18:35.299 -->  03:18:35.350],T,SPEAKER_11,11915.29971875,11915.35034375
[ 03:18:36.464 -->  03:18:36.480],BZ,SPEAKER_75,11916.46409375,11916.480968750002
[ 03:18:36.480 -->  03:18:38.489],AI,SPEAKER_28,11916.480968750002,11918.489093750002
[ 03:18:38.894 -->  03:18:39.400],AI,SPEAKER_28,11918.894093750001,11919.40034375
[ 03:18:39.855 -->  03:18:41.982],AI,SPEAKER_28,11919.855968750002,11921.98221875
[ 03:18:42.336 -->  03:18:44.530],AI,SPEAKER_28,11922.336593750002,11924.53034375
[ 03:18:44.648 -->  03:18:45.340],AI,SPEAKER_28,11924.648468750001,11925.340343750002
[ 03:18:45.509 -->  03:18:47.787],AI,SPEAKER_28,11925.509093750003,11927.78721875
[ 03:18:48.209 -->  03:18:50.774],AI,SPEAKER_28,11928.20909375,11930.774093750002
[ 03:18:50.892 -->  03:18:53.187],AI,SPEAKER_28,11930.89221875,11933.187218750001
[ 03:18:53.187 -->  03:18:53.204],AH,SPEAKER_27,11933.187218750001,11933.204093750002
[ 03:18:53.204 -->  03:18:54.402],AI,SPEAKER_28,11933.204093750002,11934.402218750001
[ 03:18:53.575 -->  03:18:53.659],AH,SPEAKER_27,11933.575343750003,11933.659718750001
[ 03:19:02.198 -->  03:19:03.599],BR,SPEAKER_66,11942.19846875,11943.599093750003
[ 03:19:04.611 -->  03:19:06.754],BR,SPEAKER_66,11944.61159375,11946.754718750002
[ 03:19:07.260 -->  03:19:07.311],BR,SPEAKER_66,11947.26096875,11947.31159375
[ 03:19:07.615 -->  03:19:08.847],BR,SPEAKER_66,11947.61534375,11948.847218750001
[ 03:19:10.298 -->  03:19:17.605],BR,SPEAKER_66,11950.29846875,11957.605343750001
[ 03:19:18.094 -->  03:19:19.191],BR,SPEAKER_66,11958.094718750002,11959.191593750002
[ 03:19:19.478 -->  03:19:21.992],BR,SPEAKER_66,11959.47846875,11961.992843750002
[ 03:19:22.465 -->  03:19:26.430],BR,SPEAKER_66,11962.465343750002,11966.430968750003
[ 03:19:27.831 -->  03:19:28.844],BR,SPEAKER_66,11967.831593750001,11968.844093750002
[ 03:19:29.485 -->  03:19:38.715],BR,SPEAKER_66,11969.485343750002,11978.715968750003
[ 03:19:40.437 -->  03:19:42.782],BR,SPEAKER_66,11980.437218750001,11982.78284375
[ 03:19:44.115 -->  03:19:48.705],BR,SPEAKER_66,11984.11596875,11988.70596875
[ 03:19:49.330 -->  03:19:50.882],BR,SPEAKER_66,11989.33034375,11990.882843750001
[ 03:19:50.967 -->  03:19:53.076],BR,SPEAKER_66,11990.96721875,11993.07659375
[ 03:19:54.004 -->  03:19:56.198],BR,SPEAKER_66,11994.004718750002,11996.19846875
[ 03:19:57.244 -->  03:19:59.404],BR,SPEAKER_66,11997.24471875,11999.40471875
[ 03:20:00.687 -->  03:20:10.356],BR,SPEAKER_66,12000.687218750001,12010.356593750003
[ 03:20:11.672 -->  03:20:16.650],BR,SPEAKER_66,12011.672843750002,12016.65096875
[ 03:20:17.663 -->  03:20:24.379],BR,SPEAKER_66,12017.66346875,12024.379718750002
[ 03:20:25.442 -->  03:20:27.045],BR,SPEAKER_66,12025.442843750003,12027.04596875
[ 03:20:28.007 -->  03:20:29.999],BR,SPEAKER_66,12028.007843750001,12029.99909375
[ 03:20:30.842 -->  03:20:40.596],BR,SPEAKER_66,12030.84284375,12040.59659375
[ 03:20:42.790 -->  03:20:48.274],BR,SPEAKER_66,12042.790343750003,12048.274718750003
[ 03:20:48.831 -->  03:20:53.421],BR,SPEAKER_66,12048.831593750001,12053.421593750001
[ 03:20:53.860 -->  03:20:57.285],BR,SPEAKER_66,12053.860343750002,12057.285968750002
[ 03:20:57.336 -->  03:20:59.226],BR,SPEAKER_66,12057.336593750002,12059.226593750001
[ 03:20:59.361 -->  03:21:00.627],BR,SPEAKER_66,12059.36159375,12060.62721875
[ 03:21:00.694 -->  03:21:07.292],BR,SPEAKER_66,12060.69471875,12067.292843750001
[ 03:21:09.267 -->  03:21:12.861],BR,SPEAKER_66,12069.26721875,12072.86159375
[ 03:21:14.211 -->  03:21:19.122],BR,SPEAKER_66,12074.211593750002,12079.122218750003
[ 03:21:20.235 -->  03:21:25.720],BR,SPEAKER_66,12080.23596875,12085.72034375
[ 03:21:26.108 -->  03:21:27.627],BR,SPEAKER_66,12086.10846875,12087.62721875
[ 03:21:28.707 -->  03:21:35.136],BR,SPEAKER_66,12088.707218750002,12095.136593750001
[ 03:21:35.372 -->  03:21:38.022],BR,SPEAKER_66,12095.37284375,12098.02221875
[ 03:21:38.309 -->  03:21:39.439],BR,SPEAKER_66,12098.309093750002,12099.43971875
[ 03:21:39.844 -->  03:21:41.768],BR,SPEAKER_66,12099.844718750002,12101.76846875
[ 03:21:42.899 -->  03:21:49.109],BR,SPEAKER_66,12102.899093750002,12109.109093750001
[ 03:21:49.581 -->  03:21:50.712],BR,SPEAKER_66,12109.581593750001,12110.712218750003
[ 03:21:50.965 -->  03:21:52.180],BR,SPEAKER_66,12110.965343750002,12112.180343750002
[ 03:21:53.142 -->  03:22:06.996],BR,SPEAKER_66,12113.14221875,12126.996593750002
[ 03:22:07.823 -->  03:22:11.181],BR,SPEAKER_66,12127.82346875,12131.18159375
[ 03:22:11.552 -->  03:22:12.059],BR,SPEAKER_66,12131.55284375,12132.059093750002
[ 03:22:12.464 -->  03:22:16.311],BR,SPEAKER_66,12132.46409375,12136.31159375
[ 03:22:16.969 -->  03:22:18.859],BR,SPEAKER_66,12136.969718750002,12138.859718750002
[ 03:22:19.214 -->  03:22:20.192],BR,SPEAKER_66,12139.21409375,12140.192843750003
[ 03:22:20.429 -->  03:22:23.736],BR,SPEAKER_66,12140.42909375,12143.73659375
[ 03:22:24.377 -->  03:22:28.461],BR,SPEAKER_66,12144.37784375,12148.461593750002
[ 03:22:28.731 -->  03:22:30.908],BR,SPEAKER_66,12148.731593750003,12150.90846875
[ 03:22:31.634 -->  03:22:35.228],BR,SPEAKER_66,12151.634093750003,12155.22846875
[ 03:22:35.768 -->  03:22:38.873],BR,SPEAKER_66,12155.76846875,12158.87346875
[ 03:22:47.091 -->  03:22:54.769],BR,SPEAKER_66,12167.09159375,12174.769718750002
[ 03:22:56.187 -->  03:23:03.207],BR,SPEAKER_66,12176.187218750001,12183.207218750002
[ 03:23:05.080 -->  03:23:10.935],BR,SPEAKER_66,12185.08034375,12190.93596875
[ 03:23:11.037 -->  03:23:14.850],BR,SPEAKER_66,12191.03721875,12194.85096875
[ 03:23:15.340 -->  03:23:19.373],BR,SPEAKER_66,12195.340343750002,12199.37346875
[ 03:23:20.453 -->  03:23:22.950],T,SPEAKER_11,12200.453468750002,12202.95096875
[ 03:23:22.967 -->  03:23:23.035],T,SPEAKER_11,12202.96784375,12203.035343750002
[ 03:23:24.182 -->  03:23:35.151],BR,SPEAKER_66,12204.18284375,12215.15159375
[ 03:23:35.168 -->  03:23:43.470],BR,SPEAKER_66,12215.168468750002,12223.47096875
[ 03:23:43.487 -->  03:23:43.960],BR,SPEAKER_66,12223.487843750001,12223.96034375
[ 03:23:43.977 -->  03:23:48.600],BR,SPEAKER_66,12223.977218750002,12228.60096875
[ 03:23:57.865 -->  03:24:01.088],AI,SPEAKER_28,12237.86534375,12241.08846875
[ 03:24:08.361 -->  03:24:15.533],BI,SPEAKER_57,12248.36159375,12255.53346875
[ 03:24:16.090 -->  03:24:21.372],BI,SPEAKER_57,12256.090343750002,12261.372218750003
[ 03:24:21.709 -->  03:24:22.806],BI,SPEAKER_57,12261.70971875,12262.80659375
[ 03:24:23.582 -->  03:24:41.149],BI,SPEAKER_57,12263.582843750002,12281.149718750003
[ 03:24:41.571 -->  03:24:42.111],BI,SPEAKER_57,12281.571593750003,12282.11159375
[ 03:24:42.499 -->  03:24:47.022],BI,SPEAKER_57,12282.499718750001,12287.02221875
[ 03:24:47.376 -->  03:24:50.667],BI,SPEAKER_57,12287.37659375,12290.66721875
[ 03:24:51.207 -->  03:24:53.974],BI,SPEAKER_57,12291.207218750002,12293.97471875
[ 03:24:54.582 -->  03:24:58.547],BI,SPEAKER_57,12294.582218750002,12298.547843750002
[ 03:25:00.420 -->  03:25:02.530],BI,SPEAKER_57,12300.42096875,12302.53034375
[ 03:25:02.985 -->  03:25:05.112],BI,SPEAKER_57,12302.98596875,12305.11221875
[ 03:25:05.348 -->  03:25:06.698],BI,SPEAKER_57,12305.348468750002,12306.69846875
[ 03:25:07.069 -->  03:25:09.584],BI,SPEAKER_57,12307.06971875,12309.58409375
[ 03:25:10.647 -->  03:25:11.389],BI,SPEAKER_57,12310.64721875,12311.38971875
[ 03:25:13.364 -->  03:25:14.612],BI,SPEAKER_57,12313.364093750002,12314.612843750001
[ 03:25:15.422 -->  03:25:16.789],BI,SPEAKER_57,12315.422843750002,12316.789718750002
[ 03:25:17.414 -->  03:25:21.531],BI,SPEAKER_57,12317.414093750001,12321.531593750002
[ 03:25:22.290 -->  03:25:23.303],BI,SPEAKER_57,12322.29096875,12323.30346875
[ 03:25:24.130 -->  03:25:24.535],BI,SPEAKER_57,12324.130343750003,12324.535343750002
[ 03:25:24.923 -->  03:25:27.235],BI,SPEAKER_57,12324.92346875,12327.235343750002
[ 03:25:27.758 -->  03:25:32.972],BI,SPEAKER_57,12327.758468750002,12332.972843750002
[ 03:25:33.799 -->  03:25:35.520],BI,SPEAKER_57,12333.79971875,12335.520968750003
[ 03:25:36.111 -->  03:25:36.449],BI,SPEAKER_57,12336.11159375,12336.449093750001
[ 03:25:36.651 -->  03:25:41.241],BI,SPEAKER_57,12336.65159375,12341.24159375
[ 03:25:42.068 -->  03:25:44.633],BI,SPEAKER_57,12342.06846875,12344.633468750002
[ 03:25:45.190 -->  03:25:46.979],BI,SPEAKER_57,12345.19034375,12346.97909375
[ 03:25:47.485 -->  03:25:49.965],BI,SPEAKER_57,12347.485343750002,12349.965968750003
[ 03:25:50.269 -->  03:25:54.049],BI,SPEAKER_57,12350.269718750002,12354.04971875
[ 03:25:54.674 -->  03:25:55.146],BI,SPEAKER_57,12354.67409375,12355.14659375
[ 03:25:55.804 -->  03:25:57.458],BI,SPEAKER_57,12355.804718750001,12357.458468750003
[ 03:25:57.829 -->  03:26:00.057],BI,SPEAKER_57,12357.82971875,12360.05721875
[ 03:26:00.681 -->  03:26:03.887],BI,SPEAKER_57,12360.68159375,12363.887843750003
[ 03:26:04.360 -->  03:26:07.853],BI,SPEAKER_57,12364.360343750002,12367.85346875
[ 03:26:08.190 -->  03:26:09.186],BI,SPEAKER_57,12368.190968750001,12369.18659375
[ 03:26:09.692 -->  03:26:14.654],BI,SPEAKER_57,12369.692843750003,12374.65409375
[ 03:26:16.122 -->  03:26:22.281],BI,SPEAKER_57,12376.122218750003,12382.281593750002
[ 03:26:22.619 -->  03:26:24.559],BI,SPEAKER_57,12382.61909375,12384.559718750003
[ 03:26:24.762 -->  03:26:25.808],BI,SPEAKER_57,12384.762218750002,12385.808468750001
[ 03:26:26.264 -->  03:26:28.305],BI,SPEAKER_57,12386.26409375,12388.305968750003
[ 03:26:29.250 -->  03:26:35.410],BI,SPEAKER_57,12389.250968750002,12395.410343750002
[ 03:26:36.355 -->  03:26:43.189],BI,SPEAKER_57,12396.355343750001,12403.18971875
[ 03:26:43.729 -->  03:26:45.012],BI,SPEAKER_57,12403.72971875,12405.012218750002
[ 03:26:45.636 -->  03:26:47.374],BI,SPEAKER_57,12405.636593750001,12407.374718750001
[ 03:26:47.543 -->  03:26:50.766],BI,SPEAKER_57,12407.543468750002,12410.766593750002
[ 03:26:51.087 -->  03:26:51.762],BI,SPEAKER_57,12411.087218750003,12411.762218750002
[ 03:26:53.432 -->  03:26:54.917],BI,SPEAKER_57,12413.43284375,12414.917843750001
[ 03:26:55.575 -->  03:26:58.039],BI,SPEAKER_57,12415.57596875,12418.039718750002
[ 03:26:58.697 -->  03:27:02.055],BI,SPEAKER_57,12418.69784375,12422.055968750003
[ 03:27:02.916 -->  03:27:05.768],BI,SPEAKER_57,12422.91659375,12425.76846875
[ 03:27:05.869 -->  03:27:08.080],BI,SPEAKER_57,12425.86971875,12428.08034375
[ 03:27:08.316 -->  03:27:12.231],BI,SPEAKER_57,12428.316593750002,12432.231593750003
[ 03:27:12.872 -->  03:27:16.602],BI,SPEAKER_57,12432.87284375,12436.602218750002
[ 03:27:17.040 -->  03:27:19.268],BI,SPEAKER_57,12437.04096875,12439.26846875
[ 03:27:20.129 -->  03:27:28.212],BI,SPEAKER_57,12440.129093750002,12448.212218750003
[ 03:27:28.634 -->  03:27:30.929],BI,SPEAKER_57,12448.634093750003,12450.92909375
[ 03:27:31.654 -->  03:27:36.396],BI,SPEAKER_57,12451.65471875,12456.39659375
[ 03:27:36.717 -->  03:27:38.303],BI,SPEAKER_57,12456.71721875,12458.30346875
[ 03:27:39.164 -->  03:27:40.480],BI,SPEAKER_57,12459.164093750001,12460.480343750001
[ 03:27:41.273 -->  03:27:44.985],BI,SPEAKER_57,12461.273468750001,12464.98596875
[ 03:27:45.272 -->  03:27:46.470],BI,SPEAKER_57,12465.27284375,12466.47096875
[ 03:27:46.842 -->  03:27:48.850],BI,SPEAKER_57,12466.84221875,12468.85034375
[ 03:27:49.896 -->  03:27:54.030],BI,SPEAKER_57,12469.89659375,12474.030968750001
[ 03:27:54.537 -->  03:27:58.975],BI,SPEAKER_57,12474.53721875,12478.97534375
[ 03:27:59.515 -->  03:28:00.544],BI,SPEAKER_57,12479.515343750001,12480.54471875
[ 03:28:01.135 -->  03:28:06.855],BI,SPEAKER_57,12481.13534375,12486.855968750002
[ 03:28:07.395 -->  03:28:09.859],BI,SPEAKER_57,12487.395968750003,12489.859718750002
[ 03:28:10.264 -->  03:28:11.412],BI,SPEAKER_57,12490.26471875,12491.41221875
[ 03:28:11.766 -->  03:28:15.799],BI,SPEAKER_57,12491.766593750002,12495.79971875
[ 03:28:16.002 -->  03:28:17.200],BI,SPEAKER_57,12496.00221875,12497.200343750003
[ 03:28:17.655 -->  03:28:19.512],BI,SPEAKER_57,12497.655968750001,12499.512218750002
[ 03:28:20.102 -->  03:28:22.684],BI,SPEAKER_57,12500.102843750003,12502.684718750003
[ 03:28:23.224 -->  03:28:25.215],BI,SPEAKER_57,12503.22471875,12505.215968750003
[ 03:28:27.089 -->  03:28:27.797],BI,SPEAKER_57,12507.08909375,12507.797843750002
[ 03:28:28.354 -->  03:28:30.075],BI,SPEAKER_57,12508.35471875,12510.07596875
[ 03:28:30.531 -->  03:28:34.058],BI,SPEAKER_57,12510.531593750002,12514.058468750001
[ 03:28:34.716 -->  03:28:37.754],BI,SPEAKER_57,12514.71659375,12517.754093750002
[ 03:28:38.378 -->  03:28:42.445],BI,SPEAKER_57,12518.378468750001,12522.445343750001
[ 03:28:42.884 -->  03:28:44.807],BI,SPEAKER_57,12522.884093750003,12524.80784375
[ 03:28:45.297 -->  03:28:49.330],BI,SPEAKER_57,12525.297218750002,12529.33034375
[ 03:28:50.714 -->  03:28:51.034],T,SPEAKER_11,12530.71409375,12531.034718750001
[ 03:28:51.034 -->  03:28:51.186],AI,SPEAKER_28,12531.034718750001,12531.18659375
[ 03:28:51.186 -->  03:28:51.220],T,SPEAKER_11,12531.18659375,12531.22034375
[ 03:28:54.122 -->  03:28:54.814],AI,SPEAKER_28,12534.12284375,12534.81471875
[ 03:28:54.308 -->  03:28:54.578],BI,SPEAKER_57,12534.308468750001,12534.578468750002
[ 03:28:55.050 -->  03:28:55.067],AI,SPEAKER_28,12535.050968750002,12535.067843750003
[ 03:28:55.759 -->  03:29:02.762],AI,SPEAKER_28,12535.75971875,12542.762843750003
[ 03:29:02.914 -->  03:29:10.542],AI,SPEAKER_28,12542.914718750002,12550.54221875
[ 03:29:13.191 -->  03:29:13.427],BS,SPEAKER_68,12553.191593750002,12553.42784375
[ 03:29:14.980 -->  03:29:15.267],CA,SPEAKER_76,12554.980343750001,12555.26721875
[ 03:29:15.267 -->  03:29:15.284],BM,SPEAKER_61,12555.26721875,12555.28409375
[ 03:29:15.807 -->  03:29:16.195],BS,SPEAKER_68,12555.80721875,12556.195343750001
[ 03:29:18.557 -->  03:29:24.497],BS,SPEAKER_68,12558.55784375,12564.49784375
[ 03:29:25.274 -->  03:29:27.670],BS,SPEAKER_68,12565.274093750002,12567.67034375
[ 03:29:28.294 -->  03:29:29.948],BS,SPEAKER_68,12568.29471875,12569.94846875
[ 03:29:33.255 -->  03:29:35.044],BS,SPEAKER_68,12573.25596875,12575.04471875
[ 03:29:35.787 -->  03:29:38.858],BS,SPEAKER_68,12575.78721875,12578.85846875
[ 03:29:39.162 -->  03:29:40.309],BS,SPEAKER_68,12579.16221875,12580.309718750003
[ 03:29:41.355 -->  03:29:43.904],BS,SPEAKER_68,12581.355968750002,12583.90409375
[ 03:29:44.832 -->  03:29:46.502],BS,SPEAKER_68,12584.832218750002,12586.50284375
[ 03:29:47.768 -->  03:29:50.265],BS,SPEAKER_68,12587.76846875,12590.265968750002
[ 03:29:50.485 -->  03:29:52.122],BS,SPEAKER_68,12590.485343750002,12592.122218750003
[ 03:29:52.864 -->  03:29:54.282],BS,SPEAKER_68,12592.864718750003,12594.282218750002
[ 03:29:55.193 -->  03:29:56.121],BS,SPEAKER_68,12595.19346875,12596.121593750002
[ 03:29:58.247 -->  03:30:05.318],BS,SPEAKER_68,12598.24784375,12605.31846875
[ 03:30:06.162 -->  03:30:08.052],BS,SPEAKER_68,12606.16221875,12608.052218750003
[ 03:30:08.490 -->  03:30:10.077],BS,SPEAKER_68,12608.49096875,12610.07721875
[ 03:30:11.174 -->  03:30:13.502],BS,SPEAKER_68,12611.17409375,12613.50284375
[ 03:30:13.806 -->  03:30:16.337],BS,SPEAKER_68,12613.80659375,12616.33784375
[ 03:30:17.434 -->  03:30:19.257],BS,SPEAKER_68,12617.434718750003,12619.25721875
[ 03:30:19.324 -->  03:30:20.370],BS,SPEAKER_68,12619.324718750002,12620.370968750001
[ 03:30:23.678 -->  03:30:26.800],BS,SPEAKER_68,12623.67846875,12626.800343750001
[ 03:30:27.812 -->  03:30:32.335],BS,SPEAKER_68,12627.812843750002,12632.33534375
[ 03:30:34.174 -->  03:30:34.714],BS,SPEAKER_68,12634.17471875,12634.714718750001
[ 03:30:39.220 -->  03:30:45.194],BS,SPEAKER_68,12639.22034375,12645.19409375
[ 03:30:44.468 -->  03:30:48.315],AI,SPEAKER_28,12644.468468750001,12648.315968750001
[ 03:30:48.906 -->  03:30:50.205],BS,SPEAKER_68,12648.906593750002,12650.20596875
[ 03:30:51.674 -->  03:30:55.116],AI,SPEAKER_28,12651.67409375,12655.11659375
[ 03:30:55.184 -->  03:30:57.293],AI,SPEAKER_28,12655.184093750002,12657.293468750002
[ 03:31:07.148 -->  03:31:09.038],T,SPEAKER_11,12667.148468750001,12669.03846875
[ 03:31:09.375 -->  03:31:09.983],BT,SPEAKER_69,12669.375968750002,12669.98346875
[ 03:31:10.169 -->  03:31:10.624],T,SPEAKER_11,12670.169093750003,12670.624718750001
[ 03:31:11.249 -->  03:31:11.822],BT,SPEAKER_69,12671.24909375,12671.82284375
[ 03:31:11.569 -->  03:31:11.620],T,SPEAKER_11,12671.56971875,12671.62034375
[ 03:31:12.143 -->  03:31:12.649],T,SPEAKER_11,12672.14346875,12672.649718750003
[ 03:31:12.649 -->  03:31:12.683],BT,SPEAKER_69,12672.649718750003,12672.683468750001
[ 03:31:12.953 -->  03:31:13.594],BT,SPEAKER_69,12672.953468750002,12673.594718750002
[ 03:31:13.830 -->  03:31:15.670],T,SPEAKER_11,12673.83096875,12675.67034375
[ 03:31:15.096 -->  03:31:15.737],BT,SPEAKER_69,12675.09659375,12675.737843750001
[ 03:31:15.822 -->  03:31:16.210],T,SPEAKER_11,12675.82221875,12676.21034375
[ 03:31:16.902 -->  03:31:17.374],BT,SPEAKER_69,12676.902218750001,12677.374718750001
[ 03:31:17.594 -->  03:31:17.999],T,SPEAKER_11,12677.594093750002,12677.99909375
[ 03:31:20.159 -->  03:31:20.749],BT,SPEAKER_69,12680.15909375,12680.749718750001
[ 03:31:20.952 -->  03:31:21.357],T,SPEAKER_11,12680.95221875,12681.35721875
[ 03:31:23.837 -->  03:31:24.310],BT,SPEAKER_69,12683.83784375,12684.31034375
[ 03:31:24.614 -->  03:31:24.647],AH,SPEAKER_27,12684.614093750002,12684.64784375
[ 03:31:24.647 -->  03:31:25.002],AE,SPEAKER_24,12684.64784375,12685.00221875
[ 03:31:25.930 -->  03:31:26.689],BT,SPEAKER_69,12685.930343750002,12686.68971875
[ 03:31:26.925 -->  03:31:27.280],AE,SPEAKER_24,12686.925968750002,12687.28034375
[ 03:31:28.005 -->  03:31:28.596],BT,SPEAKER_69,12688.00596875,12688.59659375
[ 03:31:28.866 -->  03:31:29.237],AE,SPEAKER_24,12688.86659375,12689.237843750001
[ 03:31:29.845 -->  03:31:30.385],BT,SPEAKER_69,12689.84534375,12690.38534375
[ 03:31:30.469 -->  03:31:30.857],AE,SPEAKER_24,12690.469718750002,12690.85784375
[ 03:31:30.857 -->  03:31:30.874],BM,SPEAKER_61,12690.85784375,12690.874718750001
[ 03:31:33.270 -->  03:31:33.895],BT,SPEAKER_69,12693.270968750003,12693.895343750002
[ 03:31:34.080 -->  03:31:34.334],BM,SPEAKER_61,12694.08096875,12694.33409375
[ 03:31:35.346 -->  03:31:35.835],BT,SPEAKER_69,12695.34659375,12695.835968750001
[ 03:31:36.072 -->  03:31:36.477],BM,SPEAKER_61,12696.07221875,12696.477218750002
[ 03:31:37.371 -->  03:31:37.793],BT,SPEAKER_69,12697.371593750002,12697.793468750002
[ 03:31:38.181 -->  03:31:38.637],BM,SPEAKER_61,12698.18159375,12698.637218750002
[ 03:31:39.413 -->  03:31:39.919],BT,SPEAKER_69,12699.41346875,12699.91971875
[ 03:31:41.050 -->  03:31:41.539],BT,SPEAKER_69,12701.050343750001,12701.539718750002
[ 03:31:44.003 -->  03:31:44.459],BT,SPEAKER_69,12704.003468750001,12704.45909375
[ 03:31:50.854 -->  03:31:51.377],BT,SPEAKER_69,12710.85471875,12711.37784375
[ 03:31:51.445 -->  03:31:51.833],Q,SPEAKER_08,12711.445343750001,12711.833468750003
[ 03:31:54.246 -->  03:31:54.786],BT,SPEAKER_69,12714.246593750002,12714.786593750003
[ 03:31:55.360 -->  03:31:55.680],Q,SPEAKER_08,12715.360343750002,12715.680968750003
[ 03:31:57.874 -->  03:31:58.380],BT,SPEAKER_69,12717.874718750001,12718.38096875
[ 03:31:58.887 -->  03:31:58.904],AO,SPEAKER_35,12718.887218750002,12718.90409375
[ 03:31:58.904 -->  03:31:59.224],T,SPEAKER_11,12718.90409375,12719.22471875
[ 03:31:59.224 -->  03:31:59.275],AO,SPEAKER_35,12719.22471875,12719.27534375
[ 03:32:00.051 -->  03:32:00.524],BT,SPEAKER_69,12720.051593750002,12720.524093750002
[ 03:32:00.675 -->  03:32:01.283],T,SPEAKER_11,12720.675968750002,12721.28346875
[ 03:32:01.536 -->  03:32:01.688],T,SPEAKER_11,12721.536593750003,12721.688468750002
[ 03:32:03.375 -->  03:32:03.780],BT,SPEAKER_69,12723.375968750002,12723.780968750001
[ 03:32:03.899 -->  03:32:04.236],T,SPEAKER_11,12723.899093750002,12724.23659375
[ 03:32:06.514 -->  03:32:06.953],BT,SPEAKER_69,12726.51471875,12726.953468750002
[ 03:32:07.223 -->  03:32:07.257],AH,SPEAKER_27,12727.223468750002,12727.25721875
[ 03:32:08.877 -->  03:32:09.383],BT,SPEAKER_69,12728.87721875,12729.383468750002
[ 03:32:09.585 -->  03:32:10.092],AH,SPEAKER_27,12729.585968750001,12730.09221875
[ 03:32:12.134 -->  03:32:12.623],BT,SPEAKER_69,12732.134093750003,12732.62346875
[ 03:32:12.674 -->  03:32:13.146],AH,SPEAKER_27,12732.67409375,12733.14659375
[ 03:32:14.327 -->  03:32:14.817],BT,SPEAKER_69,12734.327843750001,12734.817218750002
[ 03:32:15.104 -->  03:32:15.576],AH,SPEAKER_27,12735.10409375,12735.57659375
[ 03:32:16.167 -->  03:32:16.572],BT,SPEAKER_69,12736.16721875,12736.57221875
[ 03:32:16.690 -->  03:32:16.977],AH,SPEAKER_27,12736.69034375,12736.977218750002
[ 03:32:16.977 -->  03:32:17.027],U,SPEAKER_13,12736.977218750002,12737.027843750002
[ 03:32:17.027 -->  03:32:17.112],T,SPEAKER_11,12737.027843750002,12737.11221875
[ 03:32:17.112 -->  03:32:17.162],U,SPEAKER_13,12737.11221875,12737.16284375
[ 03:32:19.778 -->  03:32:20.318],BT,SPEAKER_69,12739.778468750003,12740.31846875
[ 03:32:20.352 -->  03:32:20.655],T,SPEAKER_11,12740.352218750002,12740.655968750001
[ 03:32:23.693 -->  03:32:24.165],BT,SPEAKER_69,12743.69346875,12744.16596875
[ 03:32:24.300 -->  03:32:24.537],T,SPEAKER_11,12744.300968750002,12744.53721875
[ 03:32:25.499 -->  03:32:26.072],BT,SPEAKER_69,12745.49909375,12746.07284375
[ 03:32:26.815 -->  03:32:26.967],T,SPEAKER_11,12746.81534375,12746.96721875
[ 03:32:26.967 -->  03:32:27.304],U,SPEAKER_13,12746.96721875,12747.304718750001
[ 03:32:27.304 -->  03:32:27.355],A,SPEAKER_00,12747.304718750001,12747.355343750001
[ 03:32:27.355 -->  03:32:27.389],T,SPEAKER_11,12747.355343750001,12747.38909375
[ 03:32:28.840 -->  03:32:29.025],BT,SPEAKER_69,12748.840343750002,12749.02596875
[ 03:32:53.528 -->  03:32:53.899],BT,SPEAKER_69,12773.528468750003,12773.899718750003
[ 03:32:53.967 -->  03:32:54.034],BT,SPEAKER_69,12773.96721875,12774.034718750001
[ 03:32:54.338 -->  03:32:56.177],BT,SPEAKER_69,12774.33846875,12776.17784375
[ 03:33:08.395 -->  03:33:09.424],T,SPEAKER_11,12788.395343750002,12789.42471875
[ 03:33:18.132 -->  03:33:19.499],AI,SPEAKER_28,12798.13221875,12799.49909375
[ 03:33:21.692 -->  03:33:33.302],AI,SPEAKER_28,12801.692843750003,12813.30284375
[ 03:33:35.040 -->  03:33:37.133],BT,SPEAKER_69,12815.04096875,12817.133468750002
[ 03:33:36.475 -->  03:33:38.415],AI,SPEAKER_28,12816.47534375,12818.41596875
[ 03:33:40.508 -->  03:33:45.081],BT,SPEAKER_69,12820.508468750002,12825.081593750001
[ 03:33:46.313 -->  03:33:50.920],BT,SPEAKER_69,12826.313468750002,12830.92034375
[ 03:33:51.325 -->  03:33:53.181],BT,SPEAKER_69,12831.325343750003,12833.18159375
[ 03:33:53.654 -->  03:33:57.636],BT,SPEAKER_69,12833.65409375,12837.636593750001
[ 03:33:57.636 -->  03:33:57.653],AI,SPEAKER_28,12837.636593750001,12837.653468750003
[ 03:33:58.210 -->  03:33:59.037],BT,SPEAKER_69,12838.21034375,12839.03721875
[ 03:33:59.037 -->  03:34:00.488],AI,SPEAKER_28,12839.03721875,12840.488468750002
[ 03:34:00.640 -->  03:34:07.727],AI,SPEAKER_28,12840.640343750001,12847.727843750003
[ 03:34:00.842 -->  03:34:00.893],BT,SPEAKER_69,12840.84284375,12840.89346875
[ 03:34:07.879 -->  03:34:10.630],AI,SPEAKER_28,12847.879718750002,12850.630343750003
[ 03:34:11.760 -->  03:34:13.752],AI,SPEAKER_28,12851.76096875,12853.75221875
[ 03:34:14.562 -->  03:34:16.131],T,SPEAKER_11,12854.562218750001,12856.13159375
[ 03:34:17.532 -->  03:34:21.025],G,SPEAKER_56,12857.532218750002,12861.02534375
[ 03:34:17.734 -->  03:34:17.819],T,SPEAKER_11,12857.734718750002,12857.81909375
[ 03:34:22.358 -->  03:34:24.231],AI,SPEAKER_28,12862.35846875,12864.231593750003
[ 03:34:25.260 -->  03:34:28.973],AI,SPEAKER_28,12865.26096875,12868.973468750002
[ 03:34:28.973 -->  03:34:31.622],BT,SPEAKER_69,12868.973468750002,12871.62284375
[ 03:34:33.006 -->  03:34:34.474],BT,SPEAKER_69,12873.00659375,12874.47471875
[ 03:34:34.778 -->  03:34:36.432],BT,SPEAKER_69,12874.778468750003,12876.43221875
[ 03:34:36.837 -->  03:34:39.452],BT,SPEAKER_69,12876.837218750003,12879.452843750001
[ 03:34:40.043 -->  03:34:43.367],BT,SPEAKER_69,12880.043468750002,12883.367843750002
[ 03:34:43.755 -->  03:34:47.384],BT,SPEAKER_69,12883.75596875,12887.384093750003
[ 03:34:49.037 -->  03:34:56.985],AI,SPEAKER_28,12889.03784375,12896.985968750003
[ 03:35:01.086 -->  03:35:01.964],AI,SPEAKER_28,12901.086593750002,12901.96409375
[ 03:35:02.504 -->  03:35:07.414],BX,SPEAKER_73,12902.504093750002,12907.414718750002
[ 03:35:09.422 -->  03:35:11.025],AI,SPEAKER_28,12909.422843750002,12911.02596875
[ 03:35:11.076 -->  03:35:14.333],AI,SPEAKER_28,12911.07659375,12914.333468750003
[ 03:35:14.890 -->  03:35:21.100],BT,SPEAKER_69,12914.890343750001,12921.10034375
[ 03:35:21.488 -->  03:35:27.259],BT,SPEAKER_69,12921.488468750002,12927.25971875
[ 03:35:27.782 -->  03:35:31.900],BT,SPEAKER_69,12927.782843750003,12931.90034375
[ 03:35:32.389 -->  03:35:35.579],BT,SPEAKER_69,12932.38971875,12935.579093750002
[ 03:35:36.017 -->  03:35:39.359],BT,SPEAKER_69,12936.01784375,12939.359093750001
[ 03:35:39.848 -->  03:35:43.965],BT,SPEAKER_69,12939.848468750002,12943.965968750003
[ 03:35:44.472 -->  03:35:47.796],BT,SPEAKER_69,12944.472218750001,12947.796593750001
[ 03:35:48.167 -->  03:35:52.926],BT,SPEAKER_69,12948.167843750001,12952.926593750002
[ 03:35:52.960 -->  03:35:53.027],BT,SPEAKER_69,12952.96034375,12953.027843750002
[ 03:35:53.112 -->  03:35:54.394],BT,SPEAKER_69,12953.11221875,12954.394718750002
[ 03:35:55.829 -->  03:35:58.697],AI,SPEAKER_28,12955.829093750002,12958.69784375
[ 03:36:00.014 -->  03:36:05.987],AI,SPEAKER_28,12960.01409375,12965.987843750001
[ 03:36:07.995 -->  03:36:10.054],AI,SPEAKER_28,12967.995968750001,12970.054718750001
[ 03:36:08.451 -->  03:36:09.734],BQ,SPEAKER_65,12968.45159375,12969.734093750001
[ 03:36:12.822 -->  03:36:16.889],G,SPEAKER_56,12972.82221875,12976.88909375
[ 03:36:18.644 -->  03:36:20.534],AI,SPEAKER_28,12978.644093750001,12980.53409375
[ 03:36:20.567 -->  03:36:22.322],AI,SPEAKER_28,12980.567843750003,12982.32284375
[ 03:36:22.660 -->  03:36:30.743],AI,SPEAKER_28,12982.660343750002,12990.743468750003
[ 03:36:31.367 -->  03:36:32.903],AI,SPEAKER_28,12991.367843750002,12992.903468750003
[ 03:36:33.747 -->  03:36:37.257],AI,SPEAKER_28,12993.747218750003,12997.25721875
[ 03:36:37.510 -->  03:36:47.348],BT,SPEAKER_69,12997.51034375,13007.348468750002
[ 03:36:47.635 -->  03:36:50.571],BT,SPEAKER_69,13007.63534375,13010.571593750003
[ 03:36:50.571 -->  03:36:50.588],AI,SPEAKER_28,13010.571593750003,13010.58846875
[ 03:36:52.292 -->  03:37:00.392],AI,SPEAKER_28,13012.292843750001,13020.39284375
[ 03:37:02.535 -->  03:37:04.172],AI,SPEAKER_28,13022.535968750002,13024.172843750002
[ 03:37:06.214 -->  03:37:08.762],G,SPEAKER_56,13026.214718750001,13028.762843750003
[ 03:37:10.197 -->  03:37:11.766],AI,SPEAKER_28,13030.19721875,13031.766593750002
[ 03:37:12.306 -->  03:37:15.765],AI,SPEAKER_28,13032.30659375,13035.765968750002
[ 03:37:16.390 -->  03:37:24.203],BT,SPEAKER_69,13036.390343750001,13044.203468750002
[ 03:37:16.491 -->  03:37:16.812],AI,SPEAKER_28,13036.49159375,13036.812218750001
[ 03:37:24.608 -->  03:37:32.910],BT,SPEAKER_69,13044.60846875,13052.910968750002
[ 03:37:35.037 -->  03:37:37.804],AI,SPEAKER_28,13055.03721875,13057.804718750001
[ 03:37:39.998 -->  03:37:47.693],AI,SPEAKER_28,13059.99846875,13067.69346875
[ 03:37:49.870 -->  03:37:51.389],AI,SPEAKER_28,13069.87034375,13071.38909375
[ 03:37:53.616 -->  03:37:55.034],G,SPEAKER_56,13073.61659375,13075.03409375
[ 03:37:55.034 -->  03:37:55.185],AI,SPEAKER_28,13075.03409375,13075.18596875
[ 03:37:55.185 -->  03:37:56.029],G,SPEAKER_56,13075.18596875,13076.02971875
[ 03:37:56.029 -->  03:37:56.046],AI,SPEAKER_28,13076.02971875,13076.046593750001
[ 03:37:56.046 -->  03:37:56.063],G,SPEAKER_56,13076.046593750001,13076.063468750002
[ 03:37:56.063 -->  03:37:56.198],AI,SPEAKER_28,13076.063468750002,13076.19846875
[ 03:37:56.198 -->  03:37:56.333],G,SPEAKER_56,13076.19846875,13076.333468750003
[ 03:37:56.333 -->  03:37:56.384],AI,SPEAKER_28,13076.333468750003,13076.384093750003
[ 03:37:57.210 -->  03:37:59.556],AI,SPEAKER_28,13077.210968750001,13079.55659375
[ 03:37:59.607 -->  03:38:01.244],AI,SPEAKER_28,13079.60721875,13081.24409375
[ 03:38:02.475 -->  03:38:21.207],AI,SPEAKER_28,13082.47596875,13101.207218750002
[ 03:38:23.637 -->  03:38:28.564],AI,SPEAKER_28,13103.637218750002,13108.56471875
[ 03:38:29.290 -->  03:38:30.015],AI,SPEAKER_28,13109.290343750003,13110.015968750002
[ 03:38:31.720 -->  03:38:31.737],AI,SPEAKER_28,13111.720343750003,13111.73721875
[ 03:38:31.737 -->  03:38:42.857],G,SPEAKER_56,13111.73721875,13122.85784375
[ 03:38:42.959 -->  03:38:43.178],G,SPEAKER_56,13122.95909375,13123.17846875
[ 03:38:43.178 -->  03:38:52.274],AI,SPEAKER_28,13123.17846875,13132.274093750002
[ 03:38:53.691 -->  03:38:54.974],AI,SPEAKER_28,13133.691593750002,13134.974093750003
[ 03:38:54.974 -->  03:38:55.024],AH,SPEAKER_27,13134.974093750003,13135.024718750003
[ 03:38:55.024 -->  03:38:59.294],AI,SPEAKER_28,13135.024718750003,13139.294093750003
[ 03:38:59.800 -->  03:39:04.677],AI,SPEAKER_28,13139.800343750001,13144.677218750003
[ 03:39:00.576 -->  03:39:00.745],AE,SPEAKER_24,13140.57659375,13140.74534375
[ 03:39:05.774 -->  03:39:06.482],AI,SPEAKER_28,13145.774093750002,13146.48284375
[ 03:39:09.790 -->  03:39:12.102],T,SPEAKER_11,13149.790343750003,13152.102218750002
[ 03:39:12.102 -->  03:39:12.473],AI,SPEAKER_28,13152.102218750002,13152.473468750002
[ 03:39:12.169 -->  03:39:12.355],T,SPEAKER_11,13152.16971875,13152.355343750001
[ 03:39:12.473 -->  03:39:12.524],T,SPEAKER_11,13152.473468750002,13152.524093750002
[ 03:39:15.443 -->  03:39:16.911],T,SPEAKER_11,13155.44346875,13156.911593750003
[ 03:39:16.962 -->  03:39:17.029],T,SPEAKER_11,13156.962218750003,13157.02971875
[ 03:39:17.974 -->  03:39:18.025],T,SPEAKER_11,13157.97471875,13158.02534375
[ 03:39:18.075 -->  03:39:19.425],T,SPEAKER_11,13158.07596875,13159.425968750002
[ 03:39:19.898 -->  03:39:21.788],AI,SPEAKER_28,13159.898468750001,13161.78846875
[ 03:39:21.974 -->  03:39:22.632],T,SPEAKER_11,13161.974093750003,13162.63221875
[ 03:39:22.868 -->  03:39:22.885],T,SPEAKER_11,13162.868468750003,13162.88534375
[ 03:39:22.885 -->  03:39:25.838],AI,SPEAKER_28,13162.88534375,13165.83846875
[ 03:39:23.222 -->  03:39:23.560],T,SPEAKER_11,13163.222843750002,13163.56034375
[ 03:39:28.150 -->  03:39:31.761],AI,SPEAKER_28,13168.15034375,13171.761593750001
[ 03:39:31.879 -->  03:39:32.909],AI,SPEAKER_28,13171.879718750002,13172.90909375
[ 03:39:34.022 -->  03:39:34.512],AI,SPEAKER_28,13174.02284375,13174.512218750002
[ 03:39:35.828 -->  03:39:39.692],AI,SPEAKER_28,13175.828468750002,13179.692843750003
[ 03:39:41.819 -->  03:39:44.519],AI,SPEAKER_28,13181.81909375,13184.519093750001
[ 03:39:45.919 -->  03:39:51.015],AI,SPEAKER_28,13185.91971875,13191.015968750002
[ 03:39:51.522 -->  03:39:52.028],AI,SPEAKER_28,13191.52221875,13192.028468750003
[ 03:39:52.062 -->  03:39:52.770],AI,SPEAKER_28,13192.062218750001,13192.770968750003
[ 03:39:53.361 -->  03:39:55.555],AI,SPEAKER_28,13193.36159375,13195.555343750002
[ 03:39:55.875 -->  03:40:05.511],AI,SPEAKER_28,13195.875968750002,13205.511593750001
[ 03:40:06.810 -->  03:40:07.705],AI,SPEAKER_28,13206.81096875,13207.70534375
[ 03:40:09.308 -->  03:40:13.544],AI,SPEAKER_28,13209.308468750001,13213.544093750003
[ 03:40:15.636 -->  03:40:16.767],AI,SPEAKER_28,13215.636593750001,13216.767218750003
[ 03:40:18.944 -->  03:40:20.969],AI,SPEAKER_28,13218.94409375,13220.969093750002
[ 03:40:22.319 -->  03:40:23.297],AI,SPEAKER_28,13222.31909375,13223.297843750002
[ 03:40:26.335 -->  03:40:27.179],AI,SPEAKER_28,13226.33534375,13227.17909375
[ 03:40:29.052 -->  03:40:33.608],AI,SPEAKER_28,13229.052218750003,13233.60846875
[ 03:40:38.805 -->  03:40:42.484],AI,SPEAKER_28,13238.805968750003,13242.484718750002
[ 03:40:44.847 -->  03:40:47.918],AI,SPEAKER_28,13244.847218750001,13247.918468750002
[ 03:40:49.740 -->  03:40:50.837],T,SPEAKER_11,13249.74096875,13250.83784375
[ 03:40:51.006 -->  03:40:51.107],T,SPEAKER_11,13251.00659375,13251.10784375
[ 03:40:52.339 -->  03:40:55.309],AI,SPEAKER_28,13252.339718750001,13255.309718750003
[ 03:40:59.832 -->  03:41:03.375],AI,SPEAKER_28,13259.832218750002,13263.375968750002
[ 03:41:03.730 -->  03:41:04.422],T,SPEAKER_11,13263.730343750001,13264.422218750002
[ 03:41:08.354 -->  03:41:09.619],AI,SPEAKER_28,13268.35409375,13269.61971875
[ 03:41:13.922 -->  03:41:17.027],AI,SPEAKER_28,13273.922843750002,13277.027843750002
[ 03:41:17.044 -->  03:41:18.833],AI,SPEAKER_28,13277.04471875,13278.833468750003
[ 03:41:21.820 -->  03:41:22.900],AI,SPEAKER_28,13281.820343750001,13282.90034375
[ 03:41:25.954 -->  03:41:28.469],AI,SPEAKER_28,13285.954718750003,13288.469093750002
[ 03:41:30.578 -->  03:41:32.282],AI,SPEAKER_28,13290.578468750002,13292.282843750003
[ 03:41:34.020 -->  03:41:35.826],AI,SPEAKER_28,13294.020968750003,13295.82659375
[ 03:41:40.146 -->  03:41:44.331],AI,SPEAKER_28,13300.14659375,13304.331593750001
[ 03:41:49.495 -->  03:41:54.507],AI,SPEAKER_28,13309.49534375,13314.50721875
[ 03:41:58.995 -->  03:42:03.737],AI,SPEAKER_28,13318.995968750001,13323.737843750001
[ 03:42:03.788 -->  03:42:03.822],T,SPEAKER_11,13323.78846875,13323.82221875
[ 03:42:03.822 -->  03:42:06.707],O,SPEAKER_06,13323.82221875,13326.707843750002
[ 03:42:06.184 -->  03:42:06.606],AI,SPEAKER_28,13326.184718750003,13326.606593750003
[ 03:42:06.606 -->  03:42:06.640],AV,SPEAKER_42,13326.606593750003,13326.640343750001
[ 03:42:06.707 -->  03:42:08.024],AV,SPEAKER_42,13326.707843750002,13328.024093750002
[ 03:42:08.024 -->  03:42:08.040],O,SPEAKER_06,13328.024093750002,13328.04096875
[ 03:42:08.159 -->  03:42:08.175],AI,SPEAKER_28,13328.15909375,13328.175968750002
[ 03:42:08.175 -->  03:42:08.580],O,SPEAKER_06,13328.175968750002,13328.58096875
[ 03:42:09.711 -->  03:42:10.403],O,SPEAKER_06,13329.711593750002,13330.403468750003
[ 03:42:10.622 -->  03:42:14.385],O,SPEAKER_06,13330.62284375,13334.38596875
[ 03:42:15.027 -->  03:42:19.465],O,SPEAKER_06,13335.027218750001,13339.465343750002
[ 03:42:20.309 -->  03:42:24.949],AI,SPEAKER_28,13340.309093750002,13344.949718750002
[ 03:42:21.321 -->  03:42:21.743],O,SPEAKER_06,13341.321593750003,13341.743468750003
[ 03:42:23.009 -->  03:42:23.279],O,SPEAKER_06,13343.009093750003,13343.27909375
[ 03:42:24.477 -->  03:42:27.092],O,SPEAKER_06,13344.477218750002,13347.09284375
[ 03:42:27.632 -->  03:42:29.151],O,SPEAKER_06,13347.632843750001,13349.15159375
[ 03:42:30.164 -->  03:42:36.441],O,SPEAKER_06,13350.164093750001,13356.441593750002
[ 03:42:37.319 -->  03:42:46.279],O,SPEAKER_06,13357.31909375,13366.27971875
[ 03:42:46.819 -->  03:42:54.970],O,SPEAKER_06,13366.81971875,13374.970343750003
[ 03:42:55.746 -->  03:43:00.977],O,SPEAKER_06,13375.746593750002,13380.977843750003
[ 03:43:01.484 -->  03:43:06.900],O,SPEAKER_06,13381.484093750001,13386.90096875
[ 03:43:07.727 -->  03:43:09.550],O,SPEAKER_06,13387.727843750003,13389.550343750001
[ 03:43:11.001 -->  03:43:12.014],O,SPEAKER_06,13391.001593750003,13392.01409375
[ 03:43:12.705 -->  03:43:16.064],O,SPEAKER_06,13392.70596875,13396.064093750003
[ 03:43:16.671 -->  03:43:18.240],O,SPEAKER_06,13396.671593750001,13398.24096875
[ 03:43:18.696 -->  03:43:20.535],O,SPEAKER_06,13398.696593750003,13400.535968750002
[ 03:43:20.687 -->  03:43:26.442],O,SPEAKER_06,13400.687843750002,13406.442218750002
[ 03:43:27.049 -->  03:43:30.104],O,SPEAKER_06,13407.04971875,13410.10409375
[ 03:43:30.407 -->  03:43:32.314],O,SPEAKER_06,13410.407843750003,13412.31471875
[ 03:43:32.669 -->  03:43:38.558],O,SPEAKER_06,13412.669093750003,13418.558468750001
[ 03:43:39.284 -->  03:43:40.161],O,SPEAKER_06,13419.28409375,13420.161593750003
[ 03:43:41.342 -->  03:43:42.777],O,SPEAKER_06,13421.34284375,13422.777218750001
[ 03:43:43.485 -->  03:43:47.029],O,SPEAKER_06,13423.485968750003,13427.02971875
[ 03:43:47.451 -->  03:43:48.025],O,SPEAKER_06,13427.45159375,13428.02534375
[ 03:43:48.379 -->  03:43:50.590],O,SPEAKER_06,13428.379718750002,13430.590343750002
[ 03:43:51.383 -->  03:44:02.250],O,SPEAKER_06,13431.383468750002,13442.250968750002
[ 03:44:02.672 -->  03:44:02.925],AV,SPEAKER_42,13442.672843750002,13442.925968750002
[ 03:44:02.925 -->  03:44:02.976],O,SPEAKER_06,13442.925968750002,13442.976593750001
[ 03:44:02.976 -->  03:44:03.027],AV,SPEAKER_42,13442.976593750001,13443.027218750001
[ 03:44:03.027 -->  03:44:03.162],O,SPEAKER_06,13443.027218750001,13443.16221875
[ 03:44:03.162 -->  03:44:04.022],AV,SPEAKER_42,13443.16221875,13444.02284375
[ 03:44:04.022 -->  03:44:15.632],O,SPEAKER_06,13444.02284375,13455.632843750001
[ 03:44:16.409 -->  03:44:17.995],O,SPEAKER_06,13456.40909375,13457.99534375
[ 03:44:18.282 -->  03:44:23.243],O,SPEAKER_06,13458.282218750002,13463.243468750003
[ 03:44:24.812 -->  03:44:29.099],O,SPEAKER_06,13464.812843750002,13469.099093750003
[ 03:44:29.436 -->  03:44:32.744],O,SPEAKER_06,13469.43659375,13472.74409375
[ 03:44:33.807 -->  03:44:37.688],O,SPEAKER_06,13473.80721875,13477.688468750002
[ 03:44:39.662 -->  03:44:53.061],O,SPEAKER_06,13479.66284375,13493.06159375
[ 03:44:53.719 -->  03:45:02.174],O,SPEAKER_06,13493.719718750002,13502.17409375
[ 03:45:02.612 -->  03:45:03.102],O,SPEAKER_06,13502.612843750001,13503.102218750002
[ 03:45:04.941 -->  03:45:07.894],O,SPEAKER_06,13504.941593750002,13507.894718750002
[ 03:45:09.717 -->  03:45:12.569],O,SPEAKER_06,13509.71721875,13512.56909375
[ 03:45:13.885 -->  03:45:15.606],O,SPEAKER_06,13513.88534375,13515.606593750003
[ 03:45:16.365 -->  03:45:21.344],O,SPEAKER_06,13516.36596875,13521.344093750002
[ 03:45:22.761 -->  03:46:01.759],O,SPEAKER_06,13522.761593750001,13561.75971875
[ 03:46:01.877 -->  03:46:07.092],O,SPEAKER_06,13561.87784375,13567.09221875
[ 03:46:03.227 -->  03:46:05.809],AI,SPEAKER_28,13563.227843750003,13565.809718750003
[ 03:46:07.092 -->  03:46:14.061],AI,SPEAKER_28,13567.09221875,13574.06159375
[ 03:46:08.138 -->  03:46:09.319],O,SPEAKER_06,13568.13846875,13569.31971875
[ 03:46:15.951 -->  03:46:16.761],AI,SPEAKER_28,13575.95159375,13576.761593750001
[ 03:46:18.094 -->  03:46:21.689],AI,SPEAKER_28,13578.094718750002,13581.689093750003
[ 03:46:24.591 -->  03:46:27.156],AI,SPEAKER_28,13584.59159375,13587.156593750002
[ 03:46:30.008 -->  03:46:33.248],AI,SPEAKER_28,13590.008468750002,13593.24846875
[ 03:46:35.661 -->  03:46:40.302],AI,SPEAKER_28,13595.661593750003,13600.302218750003
[ 03:46:43.795 -->  03:46:47.727],AI,SPEAKER_28,13603.79534375,13607.727218750002
[ 03:46:51.051 -->  03:46:54.426],AI,SPEAKER_28,13611.051593750002,13614.426593750002
[ 03:46:59.455 -->  03:47:04.433],AI,SPEAKER_28,13619.45534375,13624.433468750001
[ 03:47:08.939 -->  03:47:12.381],AI,SPEAKER_28,13628.939093750003,13632.38159375
[ 03:47:24.092 -->  03:47:29.847],Y,SPEAKER_17,13644.09284375,13649.847218750001
[ 03:47:30.201 -->  03:47:31.281],Y,SPEAKER_17,13650.20159375,13651.281593750002
[ 03:47:31.619 -->  03:47:33.036],Y,SPEAKER_17,13651.61909375,13653.036593750003
[ 03:47:33.255 -->  03:47:39.685],Y,SPEAKER_17,13653.25596875,13659.68534375
[ 03:47:40.292 -->  03:47:45.844],Y,SPEAKER_17,13660.292843750001,13665.844718750002
[ 03:47:46.384 -->  03:47:49.742],Y,SPEAKER_17,13666.38471875,13669.742843750002
[ 03:47:50.485 -->  03:47:53.792],Y,SPEAKER_17,13670.485343750002,13673.792843750001
[ 03:47:54.147 -->  03:47:58.551],Y,SPEAKER_17,13674.14721875,13678.551593750002
[ 03:47:58.905 -->  03:48:06.567],Y,SPEAKER_17,13678.905968750001,13686.567218750002
[ 03:48:06.938 -->  03:48:24.623],Y,SPEAKER_17,13686.938468750002,13704.62346875
[ 03:48:25.146 -->  03:48:49.311],Y,SPEAKER_17,13705.14659375,13729.31159375
[ 03:48:50.070 -->  03:49:14.674],Y,SPEAKER_17,13730.070968750002,13754.67471875
[ 03:49:14.978 -->  03:49:21.914],Y,SPEAKER_17,13754.97846875,13761.914093750001
[ 03:49:22.251 -->  03:49:26.115],Y,SPEAKER_17,13762.251593750003,13766.11596875
[ 03:49:26.639 -->  03:49:39.261],Y,SPEAKER_17,13766.63909375,13779.261593750001
[ 03:49:39.649 -->  03:49:46.720],Y,SPEAKER_17,13779.649718750003,13786.720343750003
[ 03:49:46.973 -->  03:49:52.035],Y,SPEAKER_17,13786.973468750002,13792.035968750002
[ 03:49:52.255 -->  03:49:53.824],Y,SPEAKER_17,13792.255343750003,13793.824718750002
[ 03:49:55.275 -->  03:49:56.592],Y,SPEAKER_17,13795.27596875,13796.59221875
[ 03:49:57.284 -->  03:49:59.292],Y,SPEAKER_17,13797.28409375,13799.29221875
[ 03:49:59.832 -->  03:50:02.684],Y,SPEAKER_17,13799.832218750002,13802.684093750002
[ 03:50:02.886 -->  03:50:05.924],Y,SPEAKER_17,13802.886593750001,13805.92409375
[ 03:50:07.037 -->  03:50:22.562],Y,SPEAKER_17,13807.03784375,13822.562843750002
[ 03:50:23.710 -->  03:50:33.852],Y,SPEAKER_17,13823.71034375,13833.852218750002
[ 03:50:34.105 -->  03:50:40.129],Y,SPEAKER_17,13834.105343750001,13840.129718750002
[ 03:50:40.517 -->  03:50:45.225],Y,SPEAKER_17,13840.51784375,13845.22596875
[ 03:50:45.630 -->  03:50:53.022],Y,SPEAKER_17,13845.63096875,13853.02221875
[ 03:50:53.933 -->  03:50:54.743],Y,SPEAKER_17,13853.933468750001,13854.743468750003
[ 03:50:55.418 -->  03:51:08.445],Y,SPEAKER_17,13855.418468750002,13868.445968750002
[ 03:51:08.952 -->  03:51:09.441],Y,SPEAKER_17,13868.95221875,13869.441593750002
[ 03:51:09.863 -->  03:51:26.974],Y,SPEAKER_17,13869.863468750002,13886.97471875
[ 03:51:25.472 -->  03:51:28.645],AI,SPEAKER_28,13885.472843750002,13888.645343750002
[ 03:51:28.122 -->  03:51:31.244],Y,SPEAKER_17,13888.122218750003,13891.24409375
[ 03:51:29.742 -->  03:51:30.197],AI,SPEAKER_28,13889.742218750001,13890.19784375
[ 03:51:31.244 -->  03:51:33.032],AI,SPEAKER_28,13891.24409375,13893.032843750003
[ 03:51:35.665 -->  03:51:38.837],AI,SPEAKER_28,13895.665343750003,13898.83784375
[ 03:51:41.267 -->  03:51:46.634],AI,SPEAKER_28,13901.26784375,13906.634093750003
[ 03:51:49.485 -->  03:51:52.489],AI,SPEAKER_28,13909.485968750003,13912.489718750003
[ 03:51:55.965 -->  03:51:58.800],AI,SPEAKER_28,13915.965968750003,13918.800968750002
[ 03:52:02.445 -->  03:52:05.601],AI,SPEAKER_28,13922.445968750002,13925.601593750001
[ 03:52:08.655 -->  03:52:10.343],AI,SPEAKER_28,13928.655968750001,13930.343468750001
[ 03:52:18.477 -->  03:52:18.865],T,SPEAKER_11,13938.477218750002,13938.86534375
[ 03:52:18.882 -->  03:52:21.632],T,SPEAKER_11,13938.88221875,13941.632843750001
[ 03:52:22.746 -->  03:52:27.825],F,SPEAKER_45,13942.746593750002,13947.82596875
[ 03:52:28.652 -->  03:52:29.547],F,SPEAKER_45,13948.652843750002,13949.547218750002
[ 03:52:30.289 -->  03:52:35.993],F,SPEAKER_45,13950.289718750002,13955.993468750003
[ 03:52:37.191 -->  03:52:38.963],F,SPEAKER_45,13957.191593750002,13958.96346875
[ 03:52:39.250 -->  03:52:45.679],F,SPEAKER_45,13959.250343750002,13965.679718750001
[ 03:52:45.949 -->  03:52:46.034],F,SPEAKER_45,13965.949718750002,13966.03409375
[ 03:52:46.101 -->  03:52:48.514],F,SPEAKER_45,13966.101593750001,13968.51471875
[ 03:52:49.594 -->  03:52:54.640],F,SPEAKER_45,13969.594718750002,13974.640343750001
[ 03:52:58.538 -->  03:53:01.930],AI,SPEAKER_28,13978.53846875,13981.930343750002
[ 03:53:04.022 -->  03:53:07.296],AI,SPEAKER_28,13984.02284375,13987.296593750001
[ 03:53:10.401 -->  03:53:13.590],AI,SPEAKER_28,13990.40159375,13993.590968750003
[ 03:53:16.510 -->  03:53:19.632],AI,SPEAKER_28,13996.51034375,13999.63221875
[ 03:53:22.652 -->  03:53:27.310],AI,SPEAKER_28,14002.652843750002,14007.31034375
[ 03:53:29.520 -->  03:53:32.659],AI,SPEAKER_28,14009.520968750003,14012.659718750001
[ 03:53:32.980 -->  03:53:33.182],T,SPEAKER_11,14012.980343750001,14013.18284375
[ 03:53:48.218 -->  03:53:49.163],BZ,SPEAKER_75,14028.218468750001,14029.16346875
[ 03:53:48.505 -->  03:53:56.014],AQ,SPEAKER_37,14028.505343750003,14036.01471875
[ 03:54:02.207 -->  03:54:07.185],AI,SPEAKER_28,14042.207843750002,14047.18596875
[ 03:54:11.016 -->  03:54:14.205],AI,SPEAKER_28,14051.016593750002,14054.20596875
[ 03:54:17.395 -->  03:54:20.010],AI,SPEAKER_28,14057.395343750002,14060.01096875
[ 03:54:23.959 -->  03:54:26.575],AI,SPEAKER_28,14063.95971875,14066.575343750003
[ 03:54:29.865 -->  03:54:31.975],AI,SPEAKER_28,14069.86596875,14071.97534375
[ 03:54:33.392 -->  03:54:35.114],AI,SPEAKER_28,14073.39284375,14075.114093750002
[ 03:54:37.780 -->  03:54:40.514],AI,SPEAKER_28,14077.78034375,14080.51409375
[ 03:54:43.956 -->  03:54:48.411],AI,SPEAKER_28,14083.956593750001,14088.411593750003
[ 03:54:51.989 -->  03:54:55.397],AI,SPEAKER_28,14091.989093750002,14095.39784375
[ 03:54:59.059 -->  03:55:02.198],AI,SPEAKER_28,14099.059718750003,14102.19846875
[ 03:55:07.514 -->  03:55:12.205],AI,SPEAKER_28,14107.51409375,14112.20534375
[ 03:55:14.669 -->  03:55:15.192],AI,SPEAKER_28,14114.669093750003,14115.192218750002
[ 03:55:15.715 -->  03:55:16.677],AI,SPEAKER_28,14115.715343750002,14116.677218750003
[ 03:55:17.149 -->  03:55:17.976],AI,SPEAKER_28,14117.149718750003,14117.976593750001
[ 03:55:19.157 -->  03:55:22.313],AI,SPEAKER_28,14119.157843750003,14122.313468750002
[ 03:55:23.207 -->  03:55:28.236],AI,SPEAKER_28,14123.207843750002,14128.23659375
[ 03:55:28.236 -->  03:55:28.304],AH,SPEAKER_27,14128.23659375,14128.30409375
[ 03:55:28.304 -->  03:55:29.029],AI,SPEAKER_28,14128.30409375,14129.02971875
[ 03:55:30.075 -->  03:55:42.023],AI,SPEAKER_28,14130.07596875,14142.023468750001
[ 03:55:35.374 -->  03:55:35.391],AH,SPEAKER_27,14135.374718750001,14135.391593750002
[ 03:55:35.391 -->  03:55:35.627],AA,SPEAKER_19,14135.391593750002,14135.62784375
[ 03:55:35.627 -->  03:55:35.661],AH,SPEAKER_27,14135.62784375,14135.661593750003
[ 03:55:42.124 -->  03:55:43.997],AI,SPEAKER_28,14142.124718750001,14143.99784375
[ 03:55:43.407 -->  03:55:43.424],T,SPEAKER_11,14143.407218750002,14143.42409375
[ 03:55:43.424 -->  03:55:43.440],AH,SPEAKER_27,14143.42409375,14143.440968750001
[ 03:55:43.440 -->  03:55:43.879],T,SPEAKER_11,14143.440968750001,14143.879718750002
[ 03:55:43.879 -->  03:55:43.930],AH,SPEAKER_27,14143.879718750002,14143.930343750002
[ 03:55:43.997 -->  03:55:44.014],AC,SPEAKER_21,14143.99784375,14144.01471875
