source_file,segment_id,start,end,duration_seconds,speaker,text,n_text_words,n_aligned_words,n_words_with_speaker
CyrusOne/COB_20260323_Imported.mp3,0,0.945,11.469,10.524,SPEAKER_76,"We ask of you this evening to help us in our decisions for the community, for all of our people, based on the sound advice and information given to us, for a safe and economically viable county.",37,37,37
CyrusOne/COB_20260323_Imported.mp3,1,12.169,16.31,4.140999999999998,SPEAKER_76,We know that you will guide us for the betterment of all if only we ask of you.,18,18,18
CyrusOne/COB_20260323_Imported.mp3,2,16.751,20.232,3.480999999999998,SPEAKER_76,"We humbly now ask and do so in your name, Jesus.",11,11,11
CyrusOne/COB_20260323_Imported.mp3,3,20.252,20.352,0.10000000000000142,SPEAKER_76,Amen.,1,1,1
CyrusOne/COB_20260323_Imported.mp3,4,20.372,29.195,8.823,SPEAKER_11,"Mr. Chairman, before each group of us talking to Township was supposed to be here tonight,",16,16,15
CyrusOne/COB_20260323_Imported.mp3,5,29.619,32.1,2.4810000000000016,SPEAKER_68,but our track and field did better than what we were expecting.,12,12,12
CyrusOne/COB_20260323_Imported.mp3,6,32.44,34.902,2.4620000000000033,SPEAKER_68,"So they are in meets tonight, so they won't be here.",11,11,11
CyrusOne/COB_20260323_Imported.mp3,7,35.242,36.402,1.1600000000000037,SPEAKER_68,So I'm going to substitute.,5,5,5
CyrusOne/COB_20260323_Imported.mp3,8,36.422,37.583,1.1610000000000014,SPEAKER_28,So you have to give the pledge.,7,7,7
CyrusOne/COB_20260323_Imported.mp3,9,37.823,39.664,1.841000000000001,SPEAKER_68,"Yeah, apparently I'm the slowest runner.",6,6,6
CyrusOne/COB_20260323_Imported.mp3,10,39.804,40.044,0.23999999999999488,SPEAKER_68,Yes.,1,1,1
CyrusOne/COB_20260323_Imported.mp3,11,41.685,54.932,13.247,SPEAKER_68,"Okay, I pledge allegiance to the flag of the United States of America, and to the republic with which it stands, one nation, under God, indivisible, with liberty and justice for all.",32,32,32
CyrusOne/COB_20260323_Imported.mp3,12,56.432,57.373,0.9409999999999954,SPEAKER_28,The clerk will call the roll.,6,6,6
CyrusOne/COB_20260323_Imported.mp3,13,72.872,73.673,0.8010000000000019,SPEAKER_66,The clerk will call...,4,4,4
CyrusOne/COB_20260323_Imported.mp3,14,74.507,74.947,0.4399999999999977,SPEAKER_69,There we go.,3,3,3
CyrusOne/COB_20260323_Imported.mp3,15,75.167,75.547,0.37999999999999545,SPEAKER_69,Thank you.,2,2,2
CyrusOne/COB_20260323_Imported.mp3,16,76.488,76.648,0.1599999999999966,SPEAKER_69,Yep.,1,1,1
CyrusOne/COB_20260323_Imported.mp3,17,77.108,77.288,0.1799999999999926,SPEAKER_69,Ayers.,1,1,1
CyrusOne/COB_20260323_Imported.mp3,18,77.308,77.428,0.11999999999999034,SPEAKER_69,Here.,1,1,1
CyrusOne/COB_20260323_Imported.mp3,19,78.869,79.089,0.21999999999999886,SPEAKER_69,Canman.,1,1,1
CyrusOne/COB_20260323_Imported.mp3,20,79.109,79.229,0.12000000000000455,SPEAKER_69,Right.,1,1,1
CyrusOne/COB_20260323_Imported.mp3,21,80.87,81.13,0.2599999999999909,SPEAKER_69,Constant.,1,1,1
CyrusOne/COB_20260323_Imported.mp3,22,81.15,81.31,0.1599999999999966,SPEAKER_69,Here.,1,1,1
CyrusOne/COB_20260323_Imported.mp3,23,82.21,82.49,0.28000000000000114,SPEAKER_69,Dasko.,1,1,1
CyrusOne/COB_20260323_Imported.mp3,24,82.51,82.71,0.19999999999998863,SPEAKER_69,Here.,1,1,1
CyrusOne/COB_20260323_Imported.mp3,25,83.471,83.651,0.1799999999999926,SPEAKER_69,Diener.,1,1,1
CyrusOne/COB_20260323_Imported.mp3,26,83.671,83.811,0.14000000000000057,SPEAKER_69,Here.,1,1,1
CyrusOne/COB_20260323_Imported.mp3,27,84.611,85.171,0.5600000000000023,SPEAKER_69,Delgiorno.,1,1,1
CyrusOne/COB_20260323_Imported.mp3,28,85.191,85.331,0.14000000000000057,SPEAKER_69,Here.,1,1,1
CyrusOne/COB_20260323_Imported.mp3,29,86.172,86.492,0.3200000000000074,SPEAKER_69,Deppi.,1,1,1
CyrusOne/COB_20260323_Imported.mp3,30,87.432,87.532,0.09999999999999432,SPEAKER_69,Here.,1,1,1
CyrusOne/COB_20260323_Imported.mp3,31,87.552,88.073,0.5209999999999866,SPEAKER_69,Lucas Williams.,2,2,2
CyrusOne/COB_20260323_Imported.mp3,32,88.993,89.173,0.18000000000000682,SPEAKER_69,Here.,1,1,1
CyrusOne/COB_20260323_Imported.mp3,33,89.193,89.373,0.18000000000000682,SPEAKER_69,Forsyth.,1,1,1
CyrusOne/COB_20260323_Imported.mp3,34,89.413,89.513,0.10000000000000853,SPEAKER_69,Here.,1,1,1
CyrusOne/COB_20260323_Imported.mp3,35,90.514,90.774,0.2600000000000051,SPEAKER_69,Frazee.,1,1,1
CyrusOne/COB_20260323_Imported.mp3,36,90.814,90.934,0.12000000000000455,SPEAKER_69,Here.,1,1,1
CyrusOne/COB_20260323_Imported.mp3,37,91.754,92.214,0.45999999999999375,SPEAKER_69,Fulgenzi.,1,1,1
CyrusOne/COB_20260323_Imported.mp3,38,92.234,92.334,0.10000000000000853,SPEAKER_69,Here.,1,1,1
CyrusOne/COB_20260323_Imported.mp3,39,93.195,93.395,0.20000000000000284,SPEAKER_69,Guyton.,1,1,1
CyrusOne/COB_20260323_Imported.mp3,40,93.415,93.555,0.14000000000000057,SPEAKER_69,Here.,1,1,1
CyrusOne/COB_20260323_Imported.mp3,41,94.455,94.635,0.18000000000000682,SPEAKER_69,Hall.,1,1,1
CyrusOne/COB_20260323_Imported.mp3,42,94.655,94.755,0.09999999999999432,SPEAKER_69,Here.,1,1,1
CyrusOne/COB_20260323_Imported.mp3,43,95.996,96.316,0.3200000000000074,SPEAKER_69,Crell.,1,1,1
CyrusOne/COB_20260323_Imported.mp3,44,97.737,97.997,0.2600000000000051,SPEAKER_68,Here.,1,1,1
CyrusOne/COB_20260323_Imported.mp3,45,99.597,99.857,0.2600000000000051,SPEAKER_69,All right.,2,2,2
CyrusOne/COB_20260323_Imported.mp3,46,99.897,100.138,0.24099999999999966,SPEAKER_69,Take it.,2,2,2
CyrusOne/COB_20260323_Imported.mp3,47,100.158,100.578,0.4200000000000017,SPEAKER_69,He's on the phone.,4,4,4
CyrusOne/COB_20260323_Imported.mp3,48,100.718,101.258,0.539999999999992,SPEAKER_68,He's on the phone.,4,4,4
CyrusOne/COB_20260323_Imported.mp3,49,101.278,101.578,0.29999999999999716,SPEAKER_69,Got it.,2,2,2
CyrusOne/COB_20260323_Imported.mp3,50,102.138,102.399,0.2609999999999957,SPEAKER_68,Here.,1,1,1
CyrusOne/COB_20260323_Imported.mp3,51,102.739,103.059,0.3199999999999932,SPEAKER_69,Lathan.,1,1,1
CyrusOne/COB_20260323_Imported.mp3,52,103.219,103.459,0.2400000000000091,SPEAKER_68,Get it.,2,2,2
CyrusOne/COB_20260323_Imported.mp3,53,104.715,105.976,1.2609999999999957,SPEAKER_69,"Thank you, Mr.",3,3,3
CyrusOne/COB_20260323_Imported.mp3,54,105.996,106.296,0.30000000000001137,SPEAKER_69,Clerk.,1,1,1
CyrusOne/COB_20260323_Imported.mp3,55,107.457,121.946,14.489000000000004,SPEAKER_69,"One of your fellow board members, Kim Krell, has notified both the chair and the clerk",16,16,16
CyrusOne/COB_20260323_Imported.mp3,56,133.485,136.186,2.7009999999999934,SPEAKER_28,that he wishes to attend this meeting by telephone conference.,10,10,10
CyrusOne/COB_20260323_Imported.mp3,57,136.687,145.091,8.403999999999996,SPEAKER_28,"This is allowed under the Open Meetings Act if a quorum of this body is present, which it is, and if a majority of the board, at least 15 members, vote to allow it.",34,34,34
CyrusOne/COB_20260323_Imported.mp3,58,145.311,154.015,8.70399999999998,SPEAKER_28,Mr. Crell is prevented from physically attending this meeting for a cause recognized by the Open Meetings Act as one warranting participation via telephone conference.,25,25,25
CyrusOne/COB_20260323_Imported.mp3,59,154.542,159.823,5.281000000000006,SPEAKER_28,The Chair will now entertain a motion to allow Mr. Crowell to participate via telephone conference.,16,16,16
CyrusOne/COB_20260323_Imported.mp3,60,160.204,163.244,3.039999999999992,SPEAKER_28,"Motion by Mr. DelGiorno, seconded by Mr. Madonia.",8,8,8
CyrusOne/COB_20260323_Imported.mp3,61,163.645,164.805,1.1599999999999966,SPEAKER_28,"All in favor, signify by saying aye.",7,7,7
CyrusOne/COB_20260323_Imported.mp3,62,164.825,164.945,0.12000000000000455,SPEAKER_28,Aye.,1,1,1
CyrusOne/COB_20260323_Imported.mp3,63,164.965,166.565,1.5999999999999943,SPEAKER_28,"Opposed, no.",2,2,2
CyrusOne/COB_20260323_Imported.mp3,64,166.845,167.446,0.6009999999999991,SPEAKER_28,The ayes have it.,4,4,4
CyrusOne/COB_20260323_Imported.mp3,65,168.786,170.206,1.4199999999999875,SPEAKER_28,"Mr. Crowell, welcome to the meeting.",6,6,6
CyrusOne/COB_20260323_Imported.mp3,66,171.787,172.187,0.4000000000000057,SPEAKER_29,Thank you.,2,2,2
CyrusOne/COB_20260323_Imported.mp3,67,172.53,187.757,15.227000000000004,SPEAKER_28,"The chair asked the clerk to revise the roll call to reflect that Mr. Crell is participating in this meeting via telephone conference as allowed by the Open Meetings Act, and he is considered present at this meeting for purposes of determining a quorum and participating in all proceedings.",49,49,49
CyrusOne/COB_20260323_Imported.mp3,68,190.998,191.579,0.5810000000000173,SPEAKER_28,"Thank you, Mr.",3,3,3
CyrusOne/COB_20260323_Imported.mp3,69,191.599,191.899,0.30000000000001137,SPEAKER_28,Clerk.,1,1,1
CyrusOne/COB_20260323_Imported.mp3,70,193.64,194.36,0.7200000000000273,SPEAKER_28,Motion by...,2,2,2
CyrusOne/COB_20260323_Imported.mp3,71,196.178,201.341,5.163000000000011,SPEAKER_28,"Mr. Madonia, seconded by Mr. DelGiorno, for the approval of the minutes of the February 10th, 2026 meeting.",18,18,18
CyrusOne/COB_20260323_Imported.mp3,72,201.361,202.422,1.061000000000007,SPEAKER_28,"All in favor, signify by saying aye.",7,7,7
CyrusOne/COB_20260323_Imported.mp3,73,202.442,202.562,0.12000000000000455,SPEAKER_28,Aye.,1,1,1
CyrusOne/COB_20260323_Imported.mp3,74,203.483,204.023,0.539999999999992,SPEAKER_28,"Opposed, no.",2,2,2
CyrusOne/COB_20260323_Imported.mp3,75,204.043,204.463,0.4199999999999875,SPEAKER_28,The ayes have it.,4,4,4
CyrusOne/COB_20260323_Imported.mp3,76,204.483,205.204,0.7210000000000036,SPEAKER_28,The minutes are approved.,4,4,4
CyrusOne/COB_20260323_Imported.mp3,77,205.504,209.646,4.141999999999996,SPEAKER_28,"Motion by Mr. DelGiorno, seconded by Mr. Madonia, to place correspondence on file with the clerk.",16,16,16
CyrusOne/COB_20260323_Imported.mp3,78,209.686,210.787,1.100999999999999,SPEAKER_28,"All in favor, signify by saying aye.",7,7,7
CyrusOne/COB_20260323_Imported.mp3,79,210.807,210.887,0.0800000000000125,SPEAKER_28,Aye.,1,1,1
CyrusOne/COB_20260323_Imported.mp3,80,211.908,212.408,0.5,SPEAKER_28,"Opposed, no.",2,2,2
CyrusOne/COB_20260323_Imported.mp3,81,212.428,212.888,0.46000000000000796,SPEAKER_28,The ayes have it.,4,4,4
CyrusOne/COB_20260323_Imported.mp3,82,212.908,214.049,1.1410000000000196,SPEAKER_28,Correspondence will be placed on file.,6,6,6
CyrusOne/COB_20260323_Imported.mp3,83,214.229,215.05,0.820999999999998,SPEAKER_28,Clerk resolutions.,2,2,2
CyrusOne/COB_20260323_Imported.mp3,84,215.11,216.611,1.5009999999999764,SPEAKER_28,"Resolution number one, Mr.",4,4,4
CyrusOne/COB_20260323_Imported.mp3,85,216.651,216.891,0.23999999999998067,SPEAKER_28,Clerk.,1,1,1
CyrusOne/COB_20260323_Imported.mp3,86,217.291,221.814,4.522999999999996,SPEAKER_69,"Number one, resolution approving the final plats of Ginder Minor Subdivision.",11,11,11
CyrusOne/COB_20260323_Imported.mp3,87,223.06,227.301,4.2409999999999854,SPEAKER_28,"Motion by Mr. Mendenhall, seconded by Mr. Chumlin, to place Resolution 1 before the Board.",15,15,15
CyrusOne/COB_20260323_Imported.mp3,88,227.722,230.302,2.579999999999984,SPEAKER_28,Questions or comments from members of the Board on Resolution 1?,11,11,11
CyrusOne/COB_20260323_Imported.mp3,89,231.143,235.164,4.020999999999987,SPEAKER_28,"Seeing none, all in favor, the Clerk will call the roll with respect to Resolution 1.",16,16,16
CyrusOne/COB_20260323_Imported.mp3,90,235.644,235.764,0.12000000000000455,SPEAKER_69,Ayers?,1,1,1
CyrusOne/COB_20260323_Imported.mp3,91,235.784,235.884,0.09999999999999432,SPEAKER_69,Yes.,1,1,1
CyrusOne/COB_20260323_Imported.mp3,92,236.725,236.945,0.21999999999999886,SPEAKER_28,Kahneman?,1,1,1
CyrusOne/COB_20260323_Imported.mp3,93,236.965,237.085,0.12000000000000455,SPEAKER_28,Yes.,1,1,1
CyrusOne/COB_20260323_Imported.mp3,94,237.985,238.485,0.5,SPEAKER_69,Constant?,1,1,1
CyrusOne/COB_20260323_Imported.mp3,95,239.165,239.306,0.14100000000001955,SPEAKER_69,Yes.,1,1,1
CyrusOne/COB_20260323_Imported.mp3,96,239.326,239.566,0.2400000000000091,SPEAKER_69,Dasko?,1,1,1
CyrusOne/COB_20260323_Imported.mp3,97,239.606,239.726,0.12000000000000455,SPEAKER_69,Aye.,1,1,1
CyrusOne/COB_20260323_Imported.mp3,98,240.446,240.686,0.2400000000000091,SPEAKER_69,Diener?,1,1,1
CyrusOne/COB_20260323_Imported.mp3,99,240.706,240.786,0.0800000000000125,SPEAKER_69,Yes.,1,1,1
CyrusOne/COB_20260323_Imported.mp3,100,241.666,242.167,0.5010000000000048,SPEAKER_69,DelGiorno?,1,1,1
CyrusOne/COB_20260323_Imported.mp3,101,242.567,242.687,0.12000000000000455,SPEAKER_69,Aye.,1,1,1
CyrusOne/COB_20260323_Imported.mp3,102,242.947,243.307,0.3599999999999852,SPEAKER_69,Deppi?,1,1,1
CyrusOne/COB_20260323_Imported.mp3,103,243.807,243.887,0.0800000000000125,SPEAKER_69,Aye.,1,1,1
CyrusOne/COB_20260323_Imported.mp3,104,244.127,244.747,0.6200000000000045,SPEAKER_69,Douglas-Williams?,1,1,1
CyrusOne/COB_20260323_Imported.mp3,105,244.767,245.568,0.8010000000000161,SPEAKER_69,Aye.,1,1,1
CyrusOne/COB_20260323_Imported.mp3,106,245.588,245.928,0.3400000000000034,SPEAKER_69,Forsythe?,1,1,1
CyrusOne/COB_20260323_Imported.mp3,107,245.948,246.068,0.12000000000000455,SPEAKER_69,Yes.,1,1,1
CyrusOne/COB_20260323_Imported.mp3,108,247.028,247.448,0.4200000000000159,SPEAKER_69,Frazee?,1,1,1
CyrusOne/COB_20260323_Imported.mp3,109,247.768,248.209,0.4410000000000025,SPEAKER_69,Aye.,1,1,1
CyrusOne/COB_20260323_Imported.mp3,110,248.229,248.789,0.5599999999999739,SPEAKER_69,Fulgenzi?,1,1,1
CyrusOne/COB_20260323_Imported.mp3,111,249.229,249.309,0.07999999999998408,SPEAKER_69,Aye.,1,1,1
CyrusOne/COB_20260323_Imported.mp3,112,249.589,249.929,0.3400000000000034,SPEAKER_69,Guyton?,1,1,1
CyrusOne/COB_20260323_Imported.mp3,113,250.409,250.529,0.12000000000000455,SPEAKER_69,Aye.,1,1,1
CyrusOne/COB_20260323_Imported.mp3,114,250.709,251.03,0.32099999999999795,SPEAKER_69,Hall?,1,1,1
CyrusOne/COB_20260323_Imported.mp3,115,251.49,252.05,0.5600000000000023,SPEAKER_11,Yes.,1,1,1
CyrusOne/COB_20260323_Imported.mp3,116,253.842,254.022,0.1799999999999784,SPEAKER_69,Aye.,1,1,1
CyrusOne/COB_20260323_Imported.mp3,117,254.823,255.143,0.3199999999999932,SPEAKER_69,Lathan.,1,1,1
CyrusOne/COB_20260323_Imported.mp3,118,255.744,255.844,0.09999999999999432,,Aye.,1,1,0
CyrusOne/COB_20260323_Imported.mp3,119,256.525,257.005,0.4800000000000182,SPEAKER_69,Madonia.,1,1,1
CyrusOne/COB_20260323_Imported.mp3,120,257.426,257.546,0.12000000000000455,SPEAKER_69,Aye.,1,1,1
CyrusOne/COB_20260323_Imported.mp3,121,257.866,258.387,0.521000000000015,SPEAKER_69,McGuire.,1,1,1
CyrusOne/COB_20260323_Imported.mp3,122,259.267,259.387,0.12000000000000455,,Aye.,1,1,0
CyrusOne/COB_20260323_Imported.mp3,123,259.988,260.408,0.4200000000000159,SPEAKER_69,Mendenhall.,1,1,1
CyrusOne/COB_20260323_Imported.mp3,124,261.149,261.269,0.12000000000000455,SPEAKER_11,Aye.,1,1,1
CyrusOne/COB_20260323_Imported.mp3,125,261.69,261.97,0.28000000000002956,SPEAKER_69,Miller.,1,1,1
CyrusOne/COB_20260323_Imported.mp3,126,262.51,262.611,0.10099999999999909,SPEAKER_69,Aye.,1,1,1
CyrusOne/COB_20260323_Imported.mp3,127,262.931,263.251,0.3199999999999932,SPEAKER_69,Rader.,1,1,1
CyrusOne/COB_20260323_Imported.mp3,128,263.692,263.792,0.0999999999999659,SPEAKER_69,Aye.,1,1,1
CyrusOne/COB_20260323_Imported.mp3,129,264.072,264.432,0.36000000000001364,SPEAKER_69,Scaife.,1,1,1
CyrusOne/COB_20260323_Imported.mp3,130,264.793,265.253,0.45999999999997954,SPEAKER_69,Aye.,1,1,1
CyrusOne/COB_20260323_Imported.mp3,131,265.293,265.734,0.4409999999999741,SPEAKER_69,Shackman.,1,1,1
CyrusOne/COB_20260323_Imported.mp3,132,266.114,266.214,0.10000000000002274,SPEAKER_69,Aye.,1,1,1
CyrusOne/COB_20260323_Imported.mp3,133,266.534,266.915,0.38100000000002865,SPEAKER_69,Shepard.,1,1,1
CyrusOne/COB_20260323_Imported.mp3,134,267.295,267.415,0.12000000000000455,SPEAKER_69,Aye.,1,1,1
CyrusOne/COB_20260323_Imported.mp3,135,267.735,268.116,0.3809999999999718,SPEAKER_69,Small.,1,1,1
CyrusOne/COB_20260323_Imported.mp3,136,268.496,268.616,0.12000000000000455,SPEAKER_69,Aye.,1,1,1
CyrusOne/COB_20260323_Imported.mp3,137,268.957,269.277,0.3199999999999932,SPEAKER_69,Stump.,1,1,1
CyrusOne/COB_20260323_Imported.mp3,138,269.617,269.757,0.13999999999998636,SPEAKER_69,Aye.,1,1,1
CyrusOne/COB_20260323_Imported.mp3,139,270.118,270.478,0.36000000000001364,SPEAKER_69,Thomas.,1,1,1
CyrusOne/COB_20260323_Imported.mp3,140,270.878,270.959,0.08100000000001728,SPEAKER_69,Aye.,1,1,1
CyrusOne/COB_20260323_Imported.mp3,141,271.299,271.679,0.37999999999999545,SPEAKER_28,Chumlin.,1,1,1
CyrusOne/COB_20260323_Imported.mp3,142,271.959,272.08,0.1209999999999809,SPEAKER_69,Aye.,1,1,1
CyrusOne/COB_20260323_Imported.mp3,143,272.4,272.88,0.4800000000000182,SPEAKER_28,Truex.,1,1,1
CyrusOne/COB_20260323_Imported.mp3,144,273.501,273.601,0.10000000000002274,SPEAKER_69,Aye.,1,1,1
CyrusOne/COB_20260323_Imported.mp3,145,273.981,274.842,0.86099999999999,SPEAKER_69,All 28 approve.,3,3,3
CyrusOne/COB_20260323_Imported.mp3,146,275.603,278.666,3.062999999999988,SPEAKER_28,All those voting having voted in the affirmative repetition number one is adopted.,13,13,13
CyrusOne/COB_20260323_Imported.mp3,147,280.475,290.223,9.74799999999999,SPEAKER_28,"Next, without objection, we'll proceed out of the regular order for the convenience of the second zoning matter on our agenda tonight so that they may be considered first.",29,29,29
CyrusOne/COB_20260323_Imported.mp3,148,290.263,291.684,1.4210000000000491,SPEAKER_28,That's resolution number three.,4,4,4
CyrusOne/COB_20260323_Imported.mp3,149,291.744,293.485,1.7409999999999854,SPEAKER_28,"Mr. Quirkley, please read resolution three.",6,6,6
CyrusOne/COB_20260323_Imported.mp3,150,294.306,298.729,4.423000000000002,SPEAKER_69,"Resolution three, 2026-001, CSMB Investments, LLC, 3491 Cockrell Lane, Springfield.",10,10,10
CyrusOne/COB_20260323_Imported.mp3,151,304.133,304.973,0.8400000000000318,SPEAKER_69,Granting a rezoning.,3,3,3
CyrusOne/COB_20260323_Imported.mp3,152,305.654,309.615,3.9610000000000127,SPEAKER_28,"Motion by Ms. Gates, seconded by Ms. Deputy, to place Resolution 3 before the Board.",15,15,15
CyrusOne/COB_20260323_Imported.mp3,153,310.715,311.916,1.2010000000000218,SPEAKER_28,This is the zoning portion of the meeting.,8,8,8
CyrusOne/COB_20260323_Imported.mp3,154,311.956,317.678,5.72199999999998,SPEAKER_28,"It's our policy to ask, in general, are there members of the audience who feel it's necessary, who wish to speak in opposition to proposed zoning?",26,26,26
CyrusOne/COB_20260323_Imported.mp3,155,318.538,319.198,0.6599999999999682,SPEAKER_28,In opposition.,2,2,2
CyrusOne/COB_20260323_Imported.mp3,156,319.358,319.778,0.4200000000000159,SPEAKER_28,Seeing none.,2,2,2
CyrusOne/COB_20260323_Imported.mp3,157,319.798,325.14,5.3419999999999845,SPEAKER_28,Are there members of the audience who feel it's necessary to speak in support of the proposed zoning?,18,18,18
CyrusOne/COB_20260323_Imported.mp3,158,325.16,325.74,0.5799999999999841,SPEAKER_28,Seeing none.,2,2,2
CyrusOne/COB_20260323_Imported.mp3,159,327.221,329.141,1.920000000000016,SPEAKER_28,Questions or comments from members of the Board on the zoning?,11,11,11
CyrusOne/COB_20260323_Imported.mp3,160,330.262,330.782,0.5199999999999818,SPEAKER_28,Seeing none.,2,2,2
CyrusOne/COB_20260323_Imported.mp3,161,330.842,333.743,2.9010000000000105,SPEAKER_28,"On the question, all those in favor of adopting the zoning signify by saying aye.",15,15,15
CyrusOne/COB_20260323_Imported.mp3,162,334.783,335.343,0.5600000000000023,SPEAKER_28,"Opposed, no.",2,2,2
CyrusOne/COB_20260323_Imported.mp3,163,335.423,335.563,0.13999999999998636,SPEAKER_28,Aye.,1,1,1
CyrusOne/COB_20260323_Imported.mp3,164,336.824,337.445,0.6209999999999809,SPEAKER_28,The ayes have it.,4,4,4
CyrusOne/COB_20260323_Imported.mp3,165,337.465,338.365,0.9000000000000341,SPEAKER_28,The zoning is adopted.,4,4,4
CyrusOne/COB_20260323_Imported.mp3,166,339.546,342.548,3.0020000000000095,SPEAKER_28,"Now, proceeding to resolution two.",5,5,5
CyrusOne/COB_20260323_Imported.mp3,167,343.368,346.03,2.6619999999999777,SPEAKER_28,I suspect it may take a little longer than resolution three.,11,11,11
CyrusOne/COB_20260323_Imported.mp3,168,348.531,353.214,4.682999999999993,SPEAKER_28,"First of all, to the members of the audience, we're sorry we don't have enough seats.",16,16,16
CyrusOne/COB_20260323_Imported.mp3,169,353.254,356.036,2.7819999999999823,SPEAKER_28,"Maybe as the day goes on, there will be more seats available.",12,12,12
CyrusOne/COB_20260323_Imported.mp3,170,356.516,362.68,6.163999999999987,SPEAKER_28,There is water available in the back of the room and also outside here if people find they need water.,20,20,20
CyrusOne/COB_20260323_Imported.mp3,171,364.089,369.532,5.442999999999984,SPEAKER_28,"Next, I know we have a number of enthusiastic people who spent some time making signs.",16,16,16
CyrusOne/COB_20260323_Imported.mp3,172,369.552,386.219,16.666999999999973,SPEAKER_28,"Would you, would those people with signs, would you, signs are really not allowed under our rules, but if you, but we know you spent the day making the signs, so if you'd all hold your signs up and so everybody can see them and show them to the back of the room and the front of the room.",59,59,59
CyrusOne/COB_20260323_Imported.mp3,173,412.169,414.542,2.3729999999999905,SPEAKER_28,Okay.,1,1,1
CyrusOne/COB_20260323_Imported.mp3,174,414.783,415.326,0.5430000000000064,SPEAKER_28,Thank you.,2,2,2
CyrusOne/COB_20260323_Imported.mp3,175,416.046,416.506,0.45999999999997954,SPEAKER_28,Thank you.,2,2,2
CyrusOne/COB_20260323_Imported.mp3,176,416.526,419.828,3.301999999999964,SPEAKER_28,"Now, if you please put your signs down and please keep them down.",13,13,13
CyrusOne/COB_20260323_Imported.mp3,177,421.169,426.312,5.143000000000029,SPEAKER_28,"People can't see when you put the signs up, so as a courtesy to everyone else, please keep your signs down.",21,21,21
CyrusOne/COB_20260323_Imported.mp3,178,426.672,433.816,7.143999999999949,SPEAKER_28,"If you just can't resist the urge to put your signs up, the security will have to remove the signs.",20,20,20
CyrusOne/COB_20260323_Imported.mp3,179,433.836,435.356,1.5199999999999818,SPEAKER_28,So thank you all for that.,6,6,6
CyrusOne/COB_20260323_Imported.mp3,180,435.797,436.137,0.339999999999975,SPEAKER_28,All right.,2,2,2
CyrusOne/COB_20260323_Imported.mp3,181,438.398,445.242,6.843999999999994,SPEAKER_28,"Next, we have an organizing motion to organize this evening's discussion of the zoning matter.",15,15,15
CyrusOne/COB_20260323_Imported.mp3,182,445.742,459.73,13.988,SPEAKER_56,I MOVE THAT WE MODIFY THE PROCESS SET FORTH IN SECTION 2.04.250 OF OUR CODE WHEN CONSIDERING THE DATA CENTER RESOLUTION.,21,21,21
CyrusOne/COB_20260323_Imported.mp3,183,473.333,483.135,9.801999999999964,SPEAKER_56,THAT THE BOARD MEMBERS BE HELD TO STRICT COMPLIANCE WITH SECTION 2.04.140 OF OUR CODE AS TO THE DATA CENTER RESOLUTION.,21,21,21
CyrusOne/COB_20260323_Imported.mp3,184,484.475,486.616,2.1409999999999627,SPEAKER_56,TWO ZONING RESOLUTIONS ARE BEFORE THE BOARD TONIGHT.,8,8,8
CyrusOne/COB_20260323_Imported.mp3,185,487.976,490.717,2.7409999999999854,SPEAKER_56,AND THE BULK OF THE TIME SPENT ON THESE WILL CONCERN THE DATA CENTER.,14,14,14
CyrusOne/COB_20260323_Imported.mp3,186,490.857,493.157,2.2999999999999545,SPEAKER_56,"THUS, SO AS NOT TO UNDULY INCONVENIENCE.",7,7,7
CyrusOne/COB_20260323_Imported.mp3,187,493.617,494.217,0.5999999999999659,SPEAKER_56,"OKAY, I SKIPPED THAT.",4,4,4
CyrusOne/COB_20260323_Imported.mp3,188,494.237,494.817,0.5799999999999841,SPEAKER_56,WE ALREADY DID THAT.,4,4,4
CyrusOne/COB_20260323_Imported.mp3,189,495.317,495.598,0.2810000000000059,SPEAKER_56,ALL RIGHT.,2,2,2
CyrusOne/COB_20260323_Imported.mp3,190,495.698,496.318,0.6200000000000045,SPEAKER_56,SECTION 2.04.,2,2,2
CyrusOne/COB_20260323_Imported.mp3,191,499.765,506.593,6.828000000000031,SPEAKER_56,.250 allows proponent and opponents of a zoning resolution two-minute initial presentations and one-minute rebuttals.,15,15,15
CyrusOne/COB_20260323_Imported.mp3,192,507.333,522.289,14.95599999999996,SPEAKER_56,"Given the issues raised by the data center resolution, slightly modifying this process will allow the points of the proponents and opponents to be presented concisely while still allowing others' interest in offering non-repetitive public comment the opportunity they so deserve.",41,41,41
CyrusOne/COB_20260323_Imported.mp3,193,523.685,534.833,11.148000000000025,SPEAKER_56,SECTION 2.04.140 ALLOWS BOARD MEMBERS TO SPEAK NOT MORE THAN TWO TIMES ON ANY GIVEN TOPIC FOR A TOTAL SPEAKING TIME NOT TO EXCEED FIVE MINUTES.,26,26,26
CyrusOne/COB_20260323_Imported.mp3,194,535.454,546.422,10.968000000000075,SPEAKER_56,"GIVEN THE TIME EXPECTED TO BE CONSUMED BY THOSE SPEAKING ON THE DATA CENTER RESOLUTION, IT IS IMPORTANT THAT THESE LIMITS ON BOARD MEMBERS BE ENFORCED SO THAT THE TOTAL TIME SPENT ON THIS RESOLUTION DOES NOT BECOME EXCESSIVE.",39,39,39
CyrusOne/COB_20260323_Imported.mp3,195,547.903,550.365,2.461999999999989,SPEAKER_56,"THUS, IN PARTICULAR, OUR MOTION IS AS FOLLOWS.",8,8,8
CyrusOne/COB_20260323_Imported.mp3,196,551.406,553.087,1.68100000000004,SPEAKER_56,"ONE, THE DATA CENTER RESOLUTION",5,5,5
CyrusOne/COB_20260323_Imported.mp3,197,553.487,557.61,4.123000000000047,SPEAKER_56,be moved out of regular order of business at its second resolution the board considers night.,16,16,16
CyrusOne/COB_20260323_Imported.mp3,198,557.87,563.394,5.524000000000001,SPEAKER_56,"Two, the petitioner be allowed 10 minutes for its initial presentation in support of granting the zoning request.",18,18,18
CyrusOne/COB_20260323_Imported.mp3,199,563.975,573.562,9.586999999999989,SPEAKER_56,"Three, that Lori McKernan, on behalf of the Coalition for Springfield's Utility Future, be allowed 10 minutes for initial presentation in opposition to granting the zoning request.",27,27,27
CyrusOne/COB_20260323_Imported.mp3,200,577.078,583.082,6.004000000000019,SPEAKER_56,"Four, that the petitioner be allowed 10 minutes for its second presentation in support of granting that zoning request.",19,19,19
CyrusOne/COB_20260323_Imported.mp3,201,583.702,593.549,9.84699999999998,SPEAKER_56,"Five, that Lori McKernan, on behalf of the Coalition for Sprinkled Utility Future, be allowed 10 minutes for a second presentation in opposition to granting the zoning request.",28,28,28
CyrusOne/COB_20260323_Imported.mp3,202,594.95,601.474,6.524000000000001,SPEAKER_56,"Six, that the petitioner be allowed 10 minutes for a third presentation in support of granting the zoning request.",19,19,19
CyrusOne/COB_20260323_Imported.mp3,203,602.461,610.966,8.504999999999995,SPEAKER_56,"Seven, that Lori McKernan, on behalf of the Coalition for Springfield Utilities' future, be allowed 10 minutes for a third presentation in opposition to granting the zoning request.",28,28,28
CyrusOne/COB_20260323_Imported.mp3,204,611.746,622.153,10.407000000000039,SPEAKER_56,"Eight, that all persons who have not yet spoken and wish to make public comment be allowed two minutes each to make public comment in favor of or in opposition to the zoning request.",34,34,34
CyrusOne/COB_20260323_Imported.mp3,205,623.033,631.538,8.504999999999995,SPEAKER_56,"Nine, that all petitioners other than petitioner and Lori McKernan who wish to rebut statements previously made be allowed one minute each to do so.",25,25,25
CyrusOne/COB_20260323_Imported.mp3,206,632.939,633.099,0.16000000000008185,SPEAKER_56,10.,1,1,1
CyrusOne/COB_20260323_Imported.mp3,207,633.6,644.809,11.208999999999946,SPEAKER_56,"That Lori McKernan, on behalf of the Coalition for Springfield's Utility Future, be allowed a total of five minutes to rebut statements previously made and to present concluding comments in opposition to the zoning request.",35,35,35
CyrusOne/COB_20260323_Imported.mp3,208,644.889,645.169,0.2799999999999727,SPEAKER_56,11.,1,1,1
CyrusOne/COB_20260323_Imported.mp3,209,645.769,653.616,7.84699999999998,SPEAKER_56,That the petitioner be allowed a total of five minutes to rebut statements previously made and to present concluding comments in support of the zoning request.,26,26,26
CyrusOne/COB_20260323_Imported.mp3,210,653.636,654.777,1.1410000000000764,SPEAKER_56,12.,1,1,1
CyrusOne/COB_20260323_Imported.mp3,211,655.499,669.223,13.723999999999933,SPEAKER_56,that section 2.04.140's requirement that board members speak not more than two times on any given topic for a total speaking time not to exceed five minutes be strictly enforced by the chairman in regard to the data center resolution.,40,40,40
CyrusOne/COB_20260323_Imported.mp3,212,670.004,680.527,10.523000000000025,SPEAKER_56,"And 13, that time spent by board members in directing questions to any speaker and to any speaker responding to those questions not be considered when determining whether a speaker's allotted time has expired.",34,34,34
CyrusOne/COB_20260323_Imported.mp3,213,682.547,684.448,1.9009999999999536,SPEAKER_56,"The Senate necessity, oh, Tony.",5,5,5
CyrusOne/COB_20260323_Imported.mp3,214,690.417,692.578,2.1609999999999445,SPEAKER_28,"Thank you, Mr. Zaldrono and Mr. Medonius.",7,7,7
CyrusOne/COB_20260323_Imported.mp3,215,693.059,695.92,2.86099999999999,SPEAKER_28,"On the organizing motion, all those in favor signify by saying aye.",12,12,12
CyrusOne/COB_20260323_Imported.mp3,216,695.94,696.901,0.960999999999899,SPEAKER_28,Aye.,1,1,1
CyrusOne/COB_20260323_Imported.mp3,217,697.061,697.741,0.67999999999995,SPEAKER_28,"Opposed, no.",2,2,2
CyrusOne/COB_20260323_Imported.mp3,218,698.222,698.322,0.10000000000002274,SPEAKER_28,Aye.,1,1,1
CyrusOne/COB_20260323_Imported.mp3,219,698.942,699.603,0.6609999999999445,SPEAKER_28,The ayes have it.,4,4,4
CyrusOne/COB_20260323_Imported.mp3,220,699.623,701.444,1.8209999999999127,SPEAKER_28,The organizing motion is agreed to.,6,6,6
CyrusOne/COB_20260323_Imported.mp3,221,702.304,705.866,3.562000000000012,SPEAKER_28,"May I ask the members of the audience in the back, can you hear us okay?",16,16,16
CyrusOne/COB_20260323_Imported.mp3,222,706.247,707.527,1.2800000000000864,SPEAKER_28,Are we speaking loud enough?,5,5,5
CyrusOne/COB_20260323_Imported.mp3,223,708.468,708.668,0.20000000000004547,SPEAKER_28,No.,1,1,1
CyrusOne/COB_20260323_Imported.mp3,224,708.688,708.748,0.06000000000005912,SPEAKER_28,No.,1,1,1
CyrusOne/COB_20260323_Imported.mp3,225,708.868,709.168,0.2999999999999545,SPEAKER_28,Okay.,1,1,1
CyrusOne/COB_20260323_Imported.mp3,226,709.228,709.489,0.26100000000008095,SPEAKER_28,All right.,2,2,2
CyrusOne/COB_20260323_Imported.mp3,227,709.529,711.25,1.7210000000000036,SPEAKER_28,We will try to speak.,5,5,5
CyrusOne/COB_20260323_Imported.mp3,228,712.01,712.65,0.6399999999999864,SPEAKER_28,Is that better?,3,3,3
CyrusOne/COB_20260323_Imported.mp3,229,712.67,713.711,1.0410000000000537,SPEAKER_28,Yes.,1,1,1
CyrusOne/COB_20260323_Imported.mp3,230,713.751,714.031,0.2799999999999727,SPEAKER_28,All right.,2,2,2
CyrusOne/COB_20260323_Imported.mp3,231,714.071,715.172,1.100999999999999,SPEAKER_28,We'll try to speak louder.,5,5,5
CyrusOne/COB_20260323_Imported.mp3,232,715.612,715.952,0.34000000000003183,SPEAKER_28,All right.,2,2,2
CyrusOne/COB_20260323_Imported.mp3,233,716.353,716.633,0.2800000000000864,SPEAKER_28,So...,1,1,1
CyrusOne/COB_20260323_Imported.mp3,234,717.383,727.409,10.025999999999954,SPEAKER_28,"Under our rules, we've allotted up to 30 minutes in 10-minute segments for the organized presentations for the proponents and the opponents.",22,22,22
CyrusOne/COB_20260323_Imported.mp3,235,727.729,734.693,6.963999999999942,SPEAKER_28,"They do not need to use all of that time, and they've informed us they do not think they will use all of that time.",25,25,25
CyrusOne/COB_20260323_Imported.mp3,236,735.373,744.898,9.524999999999977,SPEAKER_28,"So once we are finished with that portion, we'll proceed to public comment, and anyone here tonight will be allowed to address the Board.",24,24,24
CyrusOne/COB_20260323_Imported.mp3,237,745.699,745.979,0.2800000000000864,SPEAKER_28,Okay.,1,1,1
CyrusOne/COB_20260323_Imported.mp3,238,746.543,751.246,4.7029999999999745,SPEAKER_28,"Proceeding in the regular order, according to the motion, the initial presentation is from the proponents.",16,16,16
CyrusOne/COB_20260323_Imported.mp3,239,751.507,751.967,0.4600000000000364,SPEAKER_28,Ten minutes.,2,2,2
CyrusOne/COB_20260323_Imported.mp3,240,752.127,755.309,3.1820000000000164,SPEAKER_28,And we have a crack team of timekeepers here keeping the time.,12,12,12
CyrusOne/COB_20260323_Imported.mp3,241,755.589,755.97,0.3809999999999718,SPEAKER_28,Ms. Deppie.,2,2,2
CyrusOne/COB_20260323_Imported.mp3,242,755.99,763.355,7.365000000000009,SPEAKER_25,I'd like to make a motion to table this until the state has more information.,15,15,15
CyrusOne/COB_20260323_Imported.mp3,243,765.696,766.717,1.0209999999999582,SPEAKER_28,Is Ms. Deppie's mic on?,5,5,5
CyrusOne/COB_20260323_Imported.mp3,244,767.838,768.458,0.6200000000000045,SPEAKER_25,Is it on now?,4,4,4
CyrusOne/COB_20260323_Imported.mp3,245,769.019,773.062,4.043000000000006,SPEAKER_25,I'd like to make a motion to table this until we have more information from the state.,17,17,17
CyrusOne/COB_20260323_Imported.mp3,246,773.562,775.003,1.441000000000031,SPEAKER_28,Is there a second to the motion to table this?,10,10,10
CyrusOne/COB_20260323_Imported.mp3,247,778.217,780.958,2.7409999999999854,SPEAKER_28,Is there a second to the motion to table?,9,9,9
CyrusOne/COB_20260323_Imported.mp3,248,781.539,782.859,1.32000000000005,SPEAKER_28,I would like to second that.,6,6,6
CyrusOne/COB_20260323_Imported.mp3,249,782.979,783.579,0.599999999999909,SPEAKER_28,There is a second.,4,4,4
CyrusOne/COB_20260323_Imported.mp3,250,783.979,784.74,0.7609999999999673,SPEAKER_28,Motion to table.,3,3,3
CyrusOne/COB_20260323_Imported.mp3,251,785.66,789.502,3.8419999999999845,SPEAKER_28,The motion to table is not debatable.,7,7,7
CyrusOne/COB_20260323_Imported.mp3,252,789.982,792.203,2.2210000000000036,SPEAKER_28,All those in favor of the motion to table vote yes.,11,11,11
CyrusOne/COB_20260323_Imported.mp3,253,792.303,793.223,0.9199999999999591,SPEAKER_28,Opposed vote no.,3,3,3
CyrusOne/COB_20260323_Imported.mp3,254,793.263,794.183,0.9199999999999591,SPEAKER_28,The clerk will call the roll.,6,6,6
CyrusOne/COB_20260323_Imported.mp3,255,794.203,796.764,2.5610000000000355,SPEAKER_69,Ayers?,1,1,1
CyrusOne/COB_20260323_Imported.mp3,256,796.784,796.904,0.12000000000000455,SPEAKER_69,Yes.,1,1,1
CyrusOne/COB_20260323_Imported.mp3,257,798.065,798.285,0.2199999999999136,SPEAKER_69,Kahneman?,1,1,1
CyrusOne/COB_20260323_Imported.mp3,258,798.305,798.465,0.16000000000008185,SPEAKER_69,No.,1,1,1
CyrusOne/COB_20260323_Imported.mp3,259,801.446,801.766,0.31999999999993634,SPEAKER_69,All right.,2,2,2
CyrusOne/COB_20260323_Imported.mp3,260,801.786,802.206,0.42000000000007276,SPEAKER_69,Constant?,1,1,1
CyrusOne/COB_20260323_Imported.mp3,261,803.547,803.787,0.2400000000000091,SPEAKER_69,Yes.,1,1,1
CyrusOne/COB_20260323_Imported.mp3,262,803.807,804.007,0.1999999999999318,SPEAKER_69,Desco?,1,1,1
CyrusOne/COB_20260323_Imported.mp3,263,804.267,804.487,0.2199999999999136,SPEAKER_11,No.,1,1,1
CyrusOne/COB_20260323_Imported.mp3,264,807.0,807.3,0.2999999999999545,SPEAKER_69,Diener?,1,1,1
CyrusOne/COB_20260323_Imported.mp3,265,807.66,807.86,0.20000000000004547,SPEAKER_11,No.,1,1,1
CyrusOne/COB_20260323_Imported.mp3,266,810.161,810.641,0.4800000000000182,SPEAKER_69,Dalgiorno?,1,1,1
CyrusOne/COB_20260323_Imported.mp3,267,810.921,811.221,0.2999999999999545,SPEAKER_11,No.,1,1,1
CyrusOne/COB_20260323_Imported.mp3,268,813.601,813.941,0.34000000000003183,SPEAKER_69,Deppi?,1,1,1
CyrusOne/COB_20260323_Imported.mp3,269,814.341,814.581,0.2400000000000091,SPEAKER_11,Yes.,1,1,1
CyrusOne/COB_20260323_Imported.mp3,270,815.942,816.522,0.5800000000000409,SPEAKER_11,Douglas Williams?,2,2,2
CyrusOne/COB_20260323_Imported.mp3,271,817.002,817.182,0.18000000000006366,SPEAKER_11,Yes.,1,1,1
CyrusOne/COB_20260323_Imported.mp3,272,817.882,818.402,0.5200000000000955,SPEAKER_11,Forsyth?,1,1,1
CyrusOne/COB_20260323_Imported.mp3,273,818.822,819.022,0.20000000000004547,SPEAKER_11,Yes.,1,1,1
CyrusOne/COB_20260323_Imported.mp3,274,819.802,820.223,0.4209999999999354,SPEAKER_69,Frazee?,1,1,1
CyrusOne/COB_20260323_Imported.mp3,275,820.503,820.723,0.2199999999999136,SPEAKER_11,No.,1,1,1
CyrusOne/COB_20260323_Imported.mp3,276,823.163,823.663,0.5,SPEAKER_69,Fulgenzi?,1,1,1
CyrusOne/COB_20260323_Imported.mp3,277,824.023,824.243,0.22000000000002728,SPEAKER_11,Yes.,1,1,1
CyrusOne/COB_20260323_Imported.mp3,278,825.184,825.524,0.34000000000003183,SPEAKER_69,Guyton?,1,1,1
CyrusOne/COB_20260323_Imported.mp3,279,825.924,826.224,0.3000000000000682,SPEAKER_11,Yes.,1,1,1
CyrusOne/COB_20260323_Imported.mp3,280,827.104,827.384,0.2799999999999727,SPEAKER_69,Hall?,1,1,1
CyrusOne/COB_20260323_Imported.mp3,281,827.824,828.044,0.22000000000002728,SPEAKER_11,Yes.,1,1,1
CyrusOne/COB_20260323_Imported.mp3,282,828.924,829.264,0.34000000000003183,SPEAKER_69,Crell?,1,1,1
CyrusOne/COB_20260323_Imported.mp3,283,830.765,831.005,0.2400000000000091,SPEAKER_15,No.,1,1,1
CyrusOne/COB_20260323_Imported.mp3,284,832.305,832.625,0.32000000000005,SPEAKER_69,Latham?,1,1,1
CyrusOne/COB_20260323_Imported.mp3,285,835.842,842.164,6.322000000000003,SPEAKER_69,but don't you know mcguire men all yeah.,8,8,8
CyrusOne/COB_20260323_Imported.mp3,286,843.585,848.066,4.4809999999999945,SPEAKER_69,Rater yeah.,2,2,2
CyrusOne/COB_20260323_Imported.mp3,287,849.506,855.648,6.142000000000053,SPEAKER_11,Shepard yeah small yeah.,4,4,4
CyrusOne/COB_20260323_Imported.mp3,288,857.129,860.25,3.120999999999981,SPEAKER_69,Chumlin yeah true x no.,5,5,5
CyrusOne/COB_20260323_Imported.mp3,289,876.304,880.027,3.72300000000007,SPEAKER_69,"13 yes, 15 no.",4,4,4
CyrusOne/COB_20260323_Imported.mp3,290,890.074,898.36,8.286000000000058,SPEAKER_28,"Proceeding in the regular order according to the motion adopted by the board, we have a 10-minute presentation, up to 10-minute presentation from the proponents.",25,25,25
CyrusOne/COB_20260323_Imported.mp3,291,899.06,899.68,0.6200000000000045,SPEAKER_28,Please proceed.,2,2,2
CyrusOne/COB_20260323_Imported.mp3,292,907.426,909.948,2.5219999999999345,SPEAKER_57,I'm just going to check the clicker here to make sure it's working.,13,13,13
CyrusOne/COB_20260323_Imported.mp3,293,909.968,913.551,3.5830000000000837,SPEAKER_57,"I know last time I was up here, it cost me some time here.",14,14,14
CyrusOne/COB_20260323_Imported.mp3,294,913.811,914.272,0.46100000000001273,SPEAKER_57,Let me just...,3,3,3
CyrusOne/COB_20260323_Imported.mp3,295,921.198,921.478,0.2799999999999727,SPEAKER_57,Okay.,1,1,1
CyrusOne/COB_20260323_Imported.mp3,296,923.772,924.152,0.37999999999999545,SPEAKER_57,Good evening.,2,2,2
CyrusOne/COB_20260323_Imported.mp3,297,924.172,925.773,1.600999999999999,SPEAKER_57,My name is Brad Hout with CIRES I.,8,8,8
CyrusOne/COB_20260323_Imported.mp3,298,926.433,931.935,5.501999999999953,SPEAKER_57,Thank you all for spending some time tonight to hear our final presentation regarding the proposed data center here in Sangamon County.,22,22,22
CyrusOne/COB_20260323_Imported.mp3,299,932.675,937.916,5.241000000000099,SPEAKER_57,"A lot of these slides I've already presented before at previous meetings, including the public forum in December and the zoning hearing.",22,22,22
CyrusOne/COB_20260323_Imported.mp3,300,938.537,941.578,3.04099999999994,SPEAKER_57,So I'll run through some of the stuff that I presented previously relatively quickly.,14,14,14
CyrusOne/COB_20260323_Imported.mp3,301,942.818,948.78,5.961999999999989,SPEAKER_57,"So a matter of background, CIRES I is a global data center owner, operator, and developer based in Dallas, Texas.",20,20,20
CyrusOne/COB_20260323_Imported.mp3,302,949.4,952.021,2.620999999999981,SPEAKER_57,And we operate 55 locations across the globe.,8,8,8
CyrusOne/COB_20260323_Imported.mp3,303,953.033,957.656,4.622999999999934,SPEAKER_57,This opportunity presents an opportunity to expand our campus here into central Illinois.,13,13,13
CyrusOne/COB_20260323_Imported.mp3,304,958.437,968.404,9.966999999999985,SPEAKER_57,We currently operate a number of facilities in the Chicagoland region where we also employ over 100 employees and other several hundred contractors as well.,25,25,25
CyrusOne/COB_20260323_Imported.mp3,305,970.712,971.732,1.0199999999999818,SPEAKER_57,So a little bit about the site.,7,7,7
CyrusOne/COB_20260323_Imported.mp3,306,972.292,989.435,17.142999999999915,SPEAKER_57,"I think most people are familiar, but for those that aren't, this is in the southern portion of the county, 280 acres on Thayer Road, approximately two miles west of Louder, four miles southeast of Waverly, and seven miles from Auburn, Thayer, and Verdon, directly adjacent to the Double Black Diamond Solar Farm.",53,53,53
CyrusOne/COB_20260323_Imported.mp3,307,990.056,996.217,6.1609999999999445,SPEAKER_57,"We selected this site because of its proximity to infrastructure, noting the existing substation that's there just a half mile south of our site,",24,24,24
CyrusOne/COB_20260323_Imported.mp3,308,998.017,1003.242,5.224999999999909,SPEAKER_57,and the 345 KV corridor that's along there as well.,10,10,10
CyrusOne/COB_20260323_Imported.mp3,309,1003.262,1004.683,1.4210000000000491,SPEAKER_57,The site plan lays out like this.,7,7,7
CyrusOne/COB_20260323_Imported.mp3,310,1004.743,1007.766,3.022999999999911,SPEAKER_57,"It's four 450,000 square foot buildings.",6,6,6
CyrusOne/COB_20260323_Imported.mp3,311,1008.466,1010.388,1.9220000000000255,SPEAKER_57,This will be built out over multiple years.,8,8,8
CyrusOne/COB_20260323_Imported.mp3,312,1010.768,1018.055,7.286999999999921,SPEAKER_57,"Each building will take about 12 to 15 months to construct from start to finish, four to six years of construction and building out this campus.",26,26,26
CyrusOne/COB_20260323_Imported.mp3,313,1019.395,1021.276,1.8809999999999718,SPEAKER_57,"Previously, we had a six-building campus shown.",7,7,7
CyrusOne/COB_20260323_Imported.mp3,314,1021.296,1026.119,4.822999999999865,SPEAKER_57,We revised that to address some of the early concerns we heard about lack of open space.,17,17,17
CyrusOne/COB_20260323_Imported.mp3,315,1027.159,1030.941,3.7819999999999254,SPEAKER_57,This new design allows us to free up about 20 acres at the western end of our campus.,18,18,18
CyrusOne/COB_20260323_Imported.mp3,316,1031.461,1035.863,4.402000000000044,SPEAKER_57,It allows us to consolidate much more under one roof and allows us to be more water efficient.,18,18,18
CyrusOne/COB_20260323_Imported.mp3,317,1035.883,1043.627,7.7439999999999145,SPEAKER_57,"This design is roughly 20 percent more efficient than our earlier design, which we did to help address some of the concerns we heard early on about water.",28,28,28
CyrusOne/COB_20260323_Imported.mp3,318,1045.773,1050.336,4.563000000000102,SPEAKER_57,"A setback, so the benefit of this site is it has significant setbacks from existing residential.",16,16,16
CyrusOne/COB_20260323_Imported.mp3,319,1050.997,1052.798,1.8009999999999309,SPEAKER_57,There's a few dimensions there called out.,7,7,7
CyrusOne/COB_20260323_Imported.mp3,320,1053.438,1057.901,4.462999999999965,SPEAKER_57,"On the east side and the west side, the closest residences you see are actually unoccupied.",16,16,16
CyrusOne/COB_20260323_Imported.mp3,321,1057.921,1062.945,5.023999999999887,SPEAKER_57,And so those are unoccupied.,5,5,5
CyrusOne/COB_20260323_Imported.mp3,322,1062.965,1069.349,6.3840000000000146,SPEAKER_57,"The closest occupied residence is a little bit further to the south at that 2,510-foot dimension.",16,16,16
CyrusOne/COB_20260323_Imported.mp3,323,1069.969,1072.131,2.1620000000000346,SPEAKER_57,That property owner owns the property to the north.,9,9,9
CyrusOne/COB_20260323_Imported.mp3,324,1072.711,1078.977,6.266000000000076,SPEAKER_57,"With our two nearest property owners, we have cooperation with them and understandings in place.",15,15,15
CyrusOne/COB_20260323_Imported.mp3,325,1079.837,1087.744,7.906999999999925,SPEAKER_57,"As you move around the site to the northern side, the setbacks get further and further, but generally they're well over 1,000 feet in all directions.",26,26,26
CyrusOne/COB_20260323_Imported.mp3,326,1090.108,1094.994,4.885999999999967,SPEAKER_57,There's been a lot of talk about recently in some of the local publications and previously in others.,18,18,18
CyrusOne/COB_20260323_Imported.mp3,327,1095.554,1100.5,4.945999999999913,SPEAKER_57,"And at our public forum, I talked a little bit about Aurora, and we talked about it at the Zoning Board of Appeals meeting.",24,24,24
CyrusOne/COB_20260323_Imported.mp3,328,1100.961,1104.285,3.324000000000069,SPEAKER_57,But I thought it was important to bring it up again and just address some...,15,15,15
CyrusOne/COB_20260323_Imported.mp3,329,1107.237,1108.818,1.5809999999999036,SPEAKER_57,SOME INFORMATION AS IT RELATES TO THIS CAMPUS.,8,8,8
CyrusOne/COB_20260323_Imported.mp3,330,1109.699,1114.502,4.802999999999884,SPEAKER_57,SO WE DO HAVE A NOISE ISSUE IN THIS CAMPUS THAT WE'VE BEEN WORKING TO ADDRESS OVER THE PAST SEVERAL MONTHS.,21,21,21
CyrusOne/COB_20260323_Imported.mp3,331,1114.942,1124.608,9.66599999999994,SPEAKER_57,WE WERE MADE AWARE OF AN ISSUE BACK IN APRIL OF LAST YEAR AND IMMEDIATELY WENT INTO ACTION TO PUT INTO PLACE SOME REMEDIAL MEASURES AS IT RELATES TO NOISE.,30,30,30
CyrusOne/COB_20260323_Imported.mp3,332,1124.688,1128.41,3.72199999999998,SPEAKER_57,AND THAT PROJECT HAS BEEN ONGOING AND WILL BE COMPLETED IN SEPTEMBER.,12,12,12
CyrusOne/COB_20260323_Imported.mp3,333,1128.831,1130.252,1.4210000000000491,SPEAKER_57,IT'S CURRENTLY ONGOING RIGHT NOW.,5,5,5
CyrusOne/COB_20260323_Imported.mp3,334,1131.633,1135.415,3.7819999999999254,SPEAKER_57,THAT CAMPUS WE BOUGHT IN 2016 AND EXPANDED IT THROUGH 2024.,11,11,11
CyrusOne/COB_20260323_Imported.mp3,335,1137.096,1145.783,8.686999999999898,SPEAKER_57,"WE'VE HELD FIVE COMMUNITY MEETINGS DURING THIS PROCESS AND WE'VE POSTED A FULL UPDATE, FULL UPDATES IN THE HISTORY OF THAT ON OUR WEBSITE OVER THE COURSE OF THE PAST YEAR.",31,31,31
CyrusOne/COB_20260323_Imported.mp3,336,1145.823,1150.066,4.242999999999938,SPEAKER_57,"SO IF THERE'S ANY QUESTIONS ABOUT THE PROCESS OF THE HISTORY ON THIS, IT'S ON OUR WEBSITE AND IT HAS BEEN FOR THE LAST YEAR.",25,25,25
CyrusOne/COB_20260323_Imported.mp3,337,1150.946,1154.889,3.9429999999999836,SPEAKER_57,THERE'S ONE IMPORTANT DISTINCTION TO MAKE BETWEEN THIS CAMPUS AND THE ONE IN SANGAMON COUNTY.,15,15,15
CyrusOne/COB_20260323_Imported.mp3,338,1155.49,1158.752,3.2619999999999436,SPEAKER_57,"AS YOU CAN SEE WITHIN THAT HALF MILE RADIUS, THERE'S 175 TO 200 SINGLE FAMILY HOMES.",16,16,16
CyrusOne/COB_20260323_Imported.mp3,339,1160.453,1161.314,0.8610000000001037,SPEAKER_57,around that campus.,3,3,3
CyrusOne/COB_20260323_Imported.mp3,340,1162.394,1167.738,5.344000000000051,SPEAKER_57,"When you contrast it to the site in Sangamon, that first circle is a half mile radius.",17,17,17
CyrusOne/COB_20260323_Imported.mp3,341,1168.378,1173.981,5.6030000000000655,SPEAKER_57,There's zero occupied residences within a half mile radius of the campus in Sangamon County.,15,15,15
CyrusOne/COB_20260323_Imported.mp3,342,1174.001,1174.762,0.7609999999999673,SPEAKER_57,This is intentional.,3,3,3
CyrusOne/COB_20260323_Imported.mp3,343,1174.782,1181.246,6.464000000000169,SPEAKER_57,We want to make sure that our sites are well located and that we are learning from other issues that we've had in the past.,25,25,25
CyrusOne/COB_20260323_Imported.mp3,344,1181.726,1189.371,7.644999999999982,SPEAKER_57,"Additionally, all of the measures that we've taken to mitigate noise on the campus in Aurora are already in the design for this campus here in Sangamon County.",28,28,28
CyrusOne/COB_20260323_Imported.mp3,345,1190.475,1191.455,0.9800000000000182,SPEAKER_57,This will be new construction.,5,5,5
CyrusOne/COB_20260323_Imported.mp3,346,1191.495,1197.196,5.701000000000022,SPEAKER_57,"We're using state-of-the-art methods, and we'll have chiller walls and generator walls incorporated.",13,13,13
CyrusOne/COB_20260323_Imported.mp3,347,1197.737,1208.919,11.182000000000016,SPEAKER_57,"We've done noise modeling to confirm that the design for this site will meet county and IEPA noise standards, and we'll do additional confirmatory measurements at building permit issuance and at completion.",32,32,32
CyrusOne/COB_20260323_Imported.mp3,348,1210.819,1218.921,8.10200000000009,SPEAKER_57,"This is an example rendering of what the site looks like, and then just another elevation of what this looks like in plan view, showing the chiller mitigation walls and the generator walls.",33,33,33
CyrusOne/COB_20260323_Imported.mp3,349,1220.15,1222.551,2.40099999999984,SPEAKER_57,We've talked many times about water usage.,7,7,7
CyrusOne/COB_20260323_Imported.mp3,350,1223.032,1226.673,3.6410000000000764,SPEAKER_57,"Just the headlines, 4,616 gallons per day across the entire campus.",11,11,11
CyrusOne/COB_20260323_Imported.mp3,351,1226.793,1231.496,4.703000000000202,SPEAKER_57,"Once completed, water is provided by the Apple Creek Rural Water Cooperative.",12,12,12
CyrusOne/COB_20260323_Imported.mp3,352,1233.397,1238.322,4.9249999999999545,SPEAKER_57,"AROUND THIS TIME LAST YEAR, THE COUNTY BOARD STARTED THE PROCESS OF ENACTING SPECIAL REQUIREMENTS FOR DATA CENTERS.",18,18,18
CyrusOne/COB_20260323_Imported.mp3,353,1239.122,1241.164,2.0419999999999163,SPEAKER_57,AND THAT WAS PASSED AND APPROVED.,6,6,6
CyrusOne/COB_20260323_Imported.mp3,354,1241.825,1243.427,1.6019999999998618,SPEAKER_57,THE LIST OF THEM ARE UP THERE ON THE SCREEN.,10,10,10
CyrusOne/COB_20260323_Imported.mp3,355,1244.488,1248.571,4.082999999999856,SPEAKER_57,THIS GUIDED OUR DESIGN FROM THE VERY BEGINNING WHEN WE STARTED THIS PROCESS SEVERAL MONTHS AGO.,16,16,16
CyrusOne/COB_20260323_Imported.mp3,356,1249.052,1251.754,2.701999999999998,SPEAKER_57,OUR PROPOSED SITE PLAN MEETS ALL THE EXISTING ORDINANCE REQUIREMENTS.,10,10,10
CyrusOne/COB_20260323_Imported.mp3,357,1252.155,1255.338,3.1829999999999927,SPEAKER_57,THE PLANNING COMMISSION STAFF FOUND THAT THE APPLICATION MET ALL STANDARDS FOR APPROVAL,13,13,13
CyrusOne/COB_20260323_Imported.mp3,358,1255.938,1259.379,3.4409999999998035,SPEAKER_57,"And in February, the Zoning Board of Appeals approved the Project 5-0.",12,12,12
CyrusOne/COB_20260323_Imported.mp3,359,1260.4,1265.782,5.3819999999998345,SPEAKER_57,"Additionally, we've been made aware of some additional changes that are contemplated to the zoning to the data center ordinance.",20,20,20
CyrusOne/COB_20260323_Imported.mp3,360,1265.822,1274.845,9.023000000000138,SPEAKER_57,"We've had a chance to review these, and we sent a letter on March 22nd confirming that we are already meeting these regulations or will be complying with them in the future.",32,32,32
CyrusOne/COB_20260323_Imported.mp3,361,1277.154,1285.622,8.468000000000075,SPEAKER_57,"With respect to jobs, this is a 46-year project requiring the work of at least 500 skilled construction workers.",19,19,19
CyrusOne/COB_20260323_Imported.mp3,362,1285.642,1293.609,7.966999999999871,SPEAKER_57,"And it's part of the reason why we selected this site, because we knew of the strong workforce that exists here and the population that's here today that can serve this project.",32,32,32
CyrusOne/COB_20260323_Imported.mp3,363,1294.229,1300.735,6.505999999999858,SPEAKER_57,We agreed to enter into a project labor agreement to make sure that all work that's provided on this project is by local labor unions.,25,25,25
CyrusOne/COB_20260323_Imported.mp3,364,1302.397,1310.325,7.928000000000111,SPEAKER_57,"There may not be enough people to serve this project today, and so we're supporting pre-apprentice programs to make sure that there's a new workforce that can come in and support this project as we build it out.",38,38,38
CyrusOne/COB_20260323_Imported.mp3,365,1311.406,1317.512,6.1059999999999945,SPEAKER_57,"Once it's operational, we have 100 permanent positions serving this data center campus on a daily basis.",17,17,17
CyrusOne/COB_20260323_Imported.mp3,366,1318.132,1320.635,2.502999999999929,SPEAKER_57,"Their entry level, the highly technical roles, there's...",8,8,8
CyrusOne/COB_20260323_Imported.mp3,367,1320.978,1329.122,8.144000000000005,SPEAKER_57,"The salary positions are $65,000 to $150,000 per year, and we have some hourly positions for people who are looking for more temporary work.",24,24,24
CyrusOne/COB_20260323_Imported.mp3,368,1329.882,1333.664,3.7819999999999254,SPEAKER_57,There's a role for essentially everybody in all backgrounds with this project.,12,12,12
CyrusOne/COB_20260323_Imported.mp3,369,1335.564,1336.965,1.40099999999984,SPEAKER_57,With respect to economic impact.,5,5,5
CyrusOne/COB_20260323_Imported.mp3,370,1338.825,1342.646,3.8209999999999127,SPEAKER_57,"a minimum $500 million investment over that time period, a minimum.",11,11,11
CyrusOne/COB_20260323_Imported.mp3,371,1343.226,1345.707,2.4809999999999945,SPEAKER_57,And I say that because it could very well be much more than that.,14,14,14
CyrusOne/COB_20260323_Imported.mp3,372,1346.907,1349.068,2.161000000000058,SPEAKER_57,We did not ask for a property tax payment for this.,11,11,11
CyrusOne/COB_20260323_Imported.mp3,373,1349.308,1355.289,5.9809999999999945,SPEAKER_57,We never asked for an NDA to be signed by any of the county board members or any of the agencies that we worked with.,25,25,25
CyrusOne/COB_20260323_Imported.mp3,374,1355.309,1362.351,7.042000000000144,SPEAKER_57,This investment produces $6 million annually in property tax revenue for the taxing districts shown on the right-hand side.,19,19,19
CyrusOne/COB_20260323_Imported.mp3,375,1362.371,1365.212,2.8409999999998945,SPEAKER_57,That's close to $100 million over 20 years.,8,8,8
CyrusOne/COB_20260323_Imported.mp3,376,1365.972,1366.792,0.8199999999999363,SPEAKER_57,"In addition to this,",4,4,4
CyrusOne/COB_20260323_Imported.mp3,377,1367.362,1372.706,5.343999999999824,SPEAKER_57,We're voluntarily contributing an additional $15 million in community benefits that I'm going to run through now.,17,17,17
CyrusOne/COB_20260323_Imported.mp3,378,1386.831,1388.753,1.9220000000000255,SPEAKER_57,"Water, I don't know why the formatting is messed up.",10,10,10
CyrusOne/COB_20260323_Imported.mp3,379,1388.813,1398.061,9.24799999999982,SPEAKER_57,"With respect to water, we're investing seven to nine million dollars as part of our contract with Apple Creek to provide water to this facility.",25,25,25
CyrusOne/COB_20260323_Imported.mp3,380,1398.742,1402.005,3.2630000000001473,SPEAKER_57,The bigger investment that we're making is in the dredging of Waverly Lake.,13,13,13
CyrusOne/COB_20260323_Imported.mp3,381,1402.785,1409.852,7.067000000000007,SPEAKER_57,Waverly Lake has seen sediment introduced into the lake over time and requires dredging.,14,14,14
CyrusOne/COB_20260323_Imported.mp3,382,1409.872,1412.114,2.241999999999962,SPEAKER_57,There's no public funding currently available,6,6,6
CyrusOne/COB_20260323_Imported.mp3,383,1413.014,1420.937,7.923000000000002,SPEAKER_57,"FOR THAT WORK, AND SO OUR PARTICIPATION ON THE PRIVATE SIDE TO GET THAT JOB DONE IS GOING TO HELP EVERYBODY IN THAT REGION THAT RELIES ON THAT LAKE FOR WATER.",31,31,31
CyrusOne/COB_20260323_Imported.mp3,384,1421.837,1430.28,8.442999999999984,SPEAKER_57,IT'S INCREDIBLY IMPACTFUL FOR THE FOLKS THAT ARE SERVED BY THE RURAL CO-OP AND BY THE CITY OF WAVERLY WATER SOURCE.,21,21,21
CyrusOne/COB_20260323_Imported.mp3,385,1430.3,1433.221,2.921000000000049,SPEAKER_57,WE'RE GOING TO REQUIRE TWO DIVERSE FIBER LINE EXTENSIONS.,9,9,9
CyrusOne/COB_20260323_Imported.mp3,386,1433.261,1442.504,9.242999999999938,SPEAKER_57,"THOSE UNLOCK THE POSSIBILITY FOR FIBER SERVICE ALONG THOSE ROUTES, SO PLACES THAT DIDN'T PREVIOUSLY HAVE FIBER BEFORE CAN HAVE IT ONCE THESE LINES ARE PUT INTO PLACE.",28,28,28
CyrusOne/COB_20260323_Imported.mp3,387,1444.385,1455.911,11.526000000000067,SPEAKER_57,"WITH RESPECT TO THE FIRE PROTECTION DISTRICT, WE MET WITH THE VIRGIN FIRE DISTRICT, THE ONE WHO PROVIDE THE FIRE SERVICE, FIRE PROTECTION SERVICE TO OUR CAMPUS.",27,27,27
CyrusOne/COB_20260323_Imported.mp3,388,1456.452,1458.793,2.3409999999998945,SPEAKER_57,WE'VE COMMITTED TO FUND THE PURCHASE OF A NEW LADDER TRUCK.,11,11,11
CyrusOne/COB_20260323_Imported.mp3,389,1459.473,1462.655,3.1820000000000164,SPEAKER_57,SOME OF THE OTHER SURROUNDING FIRE DISTRICTS CERTAINLY DO HAVE LADDER TRUCKS.,12,12,12
CyrusOne/COB_20260323_Imported.mp3,390,1462.695,1464.236,1.5410000000001673,SPEAKER_57,THEY DID NOT.,3,3,3
CyrusOne/COB_20260323_Imported.mp3,391,1464.656,1466.737,2.081000000000131,SPEAKER_57,THEY HAVE A CLEAR NEED FOR THAT TO SERVE THIS PROJECT.,11,11,11
CyrusOne/COB_20260323_Imported.mp3,392,1466.757,1468.698,1.941000000000031,SPEAKER_57,SO WE'VE COMMITTED TO PURCHASE THAT FOR THEM.,8,8,8
CyrusOne/COB_20260323_Imported.mp3,393,1469.319,1471.22,1.9010000000000673,SPEAKER_57,"ADDITIONALLY, WE'RE OFFERING VARIABLE GRANTS.",5,5,5
CyrusOne/COB_20260323_Imported.mp3,394,1471.78,1480.045,8.2650000000001,SPEAKER_57,"for equipment upgrades and training based on need to other Mavis Division 48 districts, and that'll be facilitated with the help of the Sangamon County Office of Emergency Management.",29,29,29
CyrusOne/COB_20260323_Imported.mp3,395,1482.286,1485.748,3.461999999999989,SPEAKER_57,"Finally, we're making investments in nonprofit and educational support.",9,9,9
CyrusOne/COB_20260323_Imported.mp3,396,1486.768,1493.092,6.324000000000069,SPEAKER_57,We've allocated funds to provide multi-year commitments to fund the need-based programming for existing early childhood STEM education programs.,19,19,19
CyrusOne/COB_20260323_Imported.mp3,397,1494.273,1500.416,6.143000000000029,SPEAKER_57,We've committed funding to accommodate 10 new pre-apprentice participants annually over the next five years through the Springfield project.,19,19,19
CyrusOne/COB_20260323_Imported.mp3,398,1501.642,1507.607,5.964999999999918,SPEAKER_57,We've committed technology grants to the Auburn and Ball Chatham school districts to support the educational needs of our nearest neighbors.,21,21,21
CyrusOne/COB_20260323_Imported.mp3,399,1508.248,1517.997,9.749000000000024,SPEAKER_57,And we will hold a career and job fair in Q3 or Q4 of this year to make sure that people are aware of pathways to work on our project and in our buildings once this is complete.,38,38,38
CyrusOne/COB_20260323_Imported.mp3,400,1518.637,1520.439,1.8020000000001346,SPEAKER_28,That's 10 minutes.,3,3,3
CyrusOne/COB_20260323_Imported.mp3,401,1520.739,1521.339,0.599999999999909,SPEAKER_57,And I'll end there.,4,4,4
CyrusOne/COB_20260323_Imported.mp3,402,1521.4,1521.72,0.31999999999993634,SPEAKER_57,Thank you.,2,2,2
CyrusOne/COB_20260323_Imported.mp3,403,1532.668,1540.793,8.125,SPEAKER_28,"All right, then proceeding with the rules as adopted, 10 minutes, up to 10-minute presentation divided anyway by the opponents.",20,20,20
CyrusOne/COB_20260323_Imported.mp3,404,1543.034,1544.195,1.1609999999998308,SPEAKER_65,"Hello, County Board.",3,3,3
CyrusOne/COB_20260323_Imported.mp3,405,1544.235,1545.036,0.8010000000001583,SPEAKER_65,"Hello, public.",2,2,2
CyrusOne/COB_20260323_Imported.mp3,406,1545.156,1546.436,1.2799999999999727,SPEAKER_65,My name is Thomas Davis.,5,5,5
CyrusOne/COB_20260323_Imported.mp3,407,1546.517,1552.5,5.982999999999947,SPEAKER_65,I'm a retired lawyer with 34 years of experience solely for state and county governments.,15,15,15
CyrusOne/COB_20260323_Imported.mp3,408,1553.101,1560.385,7.283999999999878,SPEAKER_65,"First of all, the Illinois Constitution guarantees that, quote, each person has the right to a healthful environment.",18,18,18
CyrusOne/COB_20260323_Imported.mp3,409,1561.147,1566.993,5.846000000000004,SPEAKER_65,"State zoning laws rightfully give explicit priority to health, safety, and welfare.",12,12,12
CyrusOne/COB_20260323_Imported.mp3,410,1567.573,1585.59,18.016999999999825,SPEAKER_65,"The Illinois County Code authorizes the county to, quote, regulate and restrict location and use of structures for the purpose of promoting the public health, safety, morals, comfort, and general welfare, and conserving the values of property throughout the county.",40,40,40
CyrusOne/COB_20260323_Imported.mp3,411,1586.459,1591.082,4.623000000000047,SPEAKER_65,"with, quote, the power to regulate and restrict the intensity of such uses.",13,13,13
CyrusOne/COB_20260323_Imported.mp3,412,1591.903,1600.529,8.625999999999976,SPEAKER_65,"As to rural buildings, quote, due allowance shall be made for existing conditions and the conservation of property values.",19,19,19
CyrusOne/COB_20260323_Imported.mp3,413,1601.169,1608.194,7.024999999999864,SPEAKER_65,"The law requires that, quote, development must be to the best advantage of the entire county.",16,16,16
CyrusOne/COB_20260323_Imported.mp3,414,1608.594,1614.238,5.6440000000000055,SPEAKER_65,"The statute does not mention revenue or money, any tax payments, beginning a few years from now,",17,17,17
CyrusOne/COB_20260323_Imported.mp3,415,1615.025,1618.026,3.0009999999999764,SPEAKER_65,would be just one part of the general welfare analysis.,10,10,10
CyrusOne/COB_20260323_Imported.mp3,416,1618.826,1629.368,10.541999999999916,SPEAKER_65,"Many county residents, especially people, those living near the site, have serious concerns about quality of life, as well as electric bills.",22,22,22
CyrusOne/COB_20260323_Imported.mp3,417,1630.328,1638.609,8.280999999999949,SPEAKER_65,"Your ordinance declares, quote, the intent of these regulations is to protect the public health, safety, and community welfare.",19,19,19
CyrusOne/COB_20260323_Imported.mp3,418,1639.389,1642.33,2.941000000000031,SPEAKER_65,You are under no requirement to act by a date certain,11,11,11
CyrusOne/COB_20260323_Imported.mp3,419,1643.685,1649.527,5.842000000000098,SPEAKER_65,"After 15 county meetings on this controversy, there are still unanswered questions and concerns.",14,14,14
CyrusOne/COB_20260323_Imported.mp3,420,1650.027,1652.267,2.240000000000009,SPEAKER_65,There is no legal urgency.,5,5,5
CyrusOne/COB_20260323_Imported.mp3,421,1652.948,1655.648,2.699999999999818,SPEAKER_65,Tonight is merely a self-imposed deadline.,6,6,6
CyrusOne/COB_20260323_Imported.mp3,422,1656.729,1663.45,6.721000000000004,SPEAKER_65,"If I don't do it, somebody else will, is a Dr. John song, but it's not good basis for policy.",20,20,20
CyrusOne/COB_20260323_Imported.mp3,423,1665.551,1672.933,7.382000000000062,SPEAKER_65,"Especially now, when in response to public concerns, the zoning board last Thursday",13,13,13
CyrusOne/COB_20260323_Imported.mp3,424,1673.824,1681.367,7.542999999999893,SPEAKER_65,"announced that it's seeking to amend the ordinance to better protect the public health, safety, and community welfare.",18,18,18
CyrusOne/COB_20260323_Imported.mp3,425,1682.108,1688.651,6.54300000000012,SPEAKER_65,"Any vote, any re-vote tonight ought to be delayed pending ordinance revision.",12,12,12
CyrusOne/COB_20260323_Imported.mp3,426,1688.951,1700.456,11.504999999999882,SPEAKER_65,"However, there is apparently some suggestion that you must vote tonight to approve this proposal simply because it is recommended as meeting, quote, the minimum requirements.",26,26,26
CyrusOne/COB_20260323_Imported.mp3,427,1701.036,1702.817,1.780999999999949,SPEAKER_65,This is both false and wrong.,6,6,6
CyrusOne/COB_20260323_Imported.mp3,428,1703.096,1705.517,2.421000000000049,SPEAKER_65,You have the discretion to defer this vote.,8,8,8
CyrusOne/COB_20260323_Imported.mp3,429,1706.077,1706.717,0.6400000000001,SPEAKER_65,Try again.,2,2,2
CyrusOne/COB_20260323_Imported.mp3,430,1706.737,1707.998,1.2609999999999673,SPEAKER_65,13 to 15?,3,3,3
CyrusOne/COB_20260323_Imported.mp3,431,1709.098,1709.838,0.7400000000000091,SPEAKER_65,Let's do it again.,4,4,4
CyrusOne/COB_20260323_Imported.mp3,432,1710.639,1719.122,8.483000000000175,SPEAKER_65,Most of the members of the county board and the public were not well informed of this proposal until very recently.,21,21,21
CyrusOne/COB_20260323_Imported.mp3,433,1719.622,1729.085,9.462999999999965,SPEAKER_65,Take a few more months to implement what you've learned and then review the proposal and vote with the new improved regulations.,22,22,22
CyrusOne/COB_20260323_Imported.mp3,434,1730.157,1732.678,2.5210000000001855,SPEAKER_65,"Getting back to the current ordinance, it's still in effect.",10,10,10
CyrusOne/COB_20260323_Imported.mp3,435,1732.818,1738.322,5.503999999999905,SPEAKER_65,"It explicitly sets only, quote, the minimum regulations required.",9,9,9
CyrusOne/COB_20260323_Imported.mp3,436,1738.882,1748.948,10.066000000000031,SPEAKER_65,"It clearly prohibits approval unless, quote, such use will minimize the adjacent effects on the character of the surrounding area.",20,20,20
CyrusOne/COB_20260323_Imported.mp3,437,1749.548,1756.912,7.364000000000033,SPEAKER_65,"Any facility must, quote, be operated, designed, and located so that the public health department",15,15,15
CyrusOne/COB_20260323_Imported.mp3,438,1757.446,1766.552,9.105999999999995,SPEAKER_65,safety and welfare will be protected and that it will not cause substantial injury to the value of other property in the vicinity.,23,23,23
CyrusOne/COB_20260323_Imported.mp3,439,1767.013,1771.636,4.623000000000047,SPEAKER_65,You are obligated to give due consideration of these criteria.,10,10,10
CyrusOne/COB_20260323_Imported.mp3,440,1771.956,1782.263,10.307000000000016,SPEAKER_65,Your constituents have a constitutional right to a healthful environment and deserve more than minimal protection requirements being permitted.,19,19,19
CyrusOne/COB_20260323_Imported.mp3,441,1783.404,1785.505,2.1010000000001128,SPEAKER_65,No developer has a vested interest,6,6,6
CyrusOne/COB_20260323_Imported.mp3,442,1786.228,1794.45,8.22199999999998,SPEAKER_65,in the present regulations unless and until land acquisition and significant capital expenditures are made.,15,15,15
CyrusOne/COB_20260323_Imported.mp3,443,1794.51,1795.45,0.9400000000000546,SPEAKER_65,That's my opinion.,3,3,3
CyrusOne/COB_20260323_Imported.mp3,444,1796.99,1799.151,2.161000000000058,SPEAKER_65,The design of the data center is modular.,8,8,8
CyrusOne/COB_20260323_Imported.mp3,445,1799.871,1801.251,1.3799999999998818,SPEAKER_65,It's relatively off the shelf.,5,5,5
CyrusOne/COB_20260323_Imported.mp3,446,1801.571,1802.751,1.1800000000000637,SPEAKER_65,It's easily changed.,3,3,3
CyrusOne/COB_20260323_Imported.mp3,447,1802.851,1806.572,3.7209999999997763,SPEAKER_65,They're changing it as time goes by.,7,7,7
CyrusOne/COB_20260323_Imported.mp3,448,1809.173,1810.793,1.6199999999998909,SPEAKER_65,The exercise of your discretion.,5,5,5
CyrusOne/COB_20260323_Imported.mp3,449,1811.581,1821.189,9.608000000000175,SPEAKER_65,"is controlled by state law and your ordinance, requires due consideration of the criteria that matter most, this being the public health, safety, and welfare.",25,25,25
CyrusOne/COB_20260323_Imported.mp3,450,1821.849,1824.512,2.663000000000011,SPEAKER_65,No other issue or factor outweighs these.,7,7,7
CyrusOne/COB_20260323_Imported.mp3,451,1825.292,1829.796,4.504000000000133,SPEAKER_65,Certainly not the uncertain revenue stream to be shared with another county.,12,12,12
CyrusOne/COB_20260323_Imported.mp3,452,1831.197,1833.639,2.4420000000000073,SPEAKER_65,"Of course, the key issue is intensity of use.",9,9,9
CyrusOne/COB_20260323_Imported.mp3,453,1835.18,1841.085,5.904999999999973,SPEAKER_65,Current restrictions such as setbacks and height are inadequate to minimize adjacent effects.,13,13,13
CyrusOne/COB_20260323_Imported.mp3,454,1841.96,1854.387,12.426999999999907,SPEAKER_65,"With the other important unresolved concerns and now the plan to revise the ordinance, you are legally obligated, in my view, to defer a vote on the data center proposal.",30,30,30
CyrusOne/COB_20260323_Imported.mp3,455,1855.127,1859.69,4.563000000000102,SPEAKER_65,Minimal impact cannot be achieved through minimal protection.,8,8,8
CyrusOne/COB_20260323_Imported.mp3,456,1860.15,1860.53,0.37999999999988177,SPEAKER_65,Thank you.,2,2,2
CyrusOne/COB_20260323_Imported.mp3,457,1873.089,1887.912,14.823000000000093,SPEAKER_28,"Folks, let's please, I know everyone is excited about this evening from both sides, but please let's try to keep the demonstrations to a minimum.",25,25,25
CyrusOne/COB_20260323_Imported.mp3,458,1888.272,1891.013,2.7409999999999854,SPEAKER_28,"It'll be a long night, and we have a lot of people to hear from.",15,15,15
CyrusOne/COB_20260323_Imported.mp3,459,1893.554,1893.974,0.4199999999998454,SPEAKER_73,Good evening.,2,2,2
CyrusOne/COB_20260323_Imported.mp3,460,1894.014,1897.774,3.759999999999991,SPEAKER_73,"I'm Jim Applegate, a resident of Sagamon County for more than a decade.",13,13,13
CyrusOne/COB_20260323_Imported.mp3,461,1897.815,1899.835,2.019999999999982,SPEAKER_73,I know for many of you that makes me a newcomer.,11,11,11
CyrusOne/COB_20260323_Imported.mp3,462,1900.503,1911.085,10.582000000000107,SPEAKER_73,But I urge you to say no to this clear and present threat to our health and safety or at least support a delay until we have legally binding agreements protecting all of us.,34,34,34
CyrusOne/COB_20260323_Imported.mp3,463,1911.905,1929.708,17.80300000000011,SPEAKER_73,"Over the last two years, $68 billion in data center proposals around the country have been denied or delayed with the most intense opposition, this is important, coming from areas already dealing with the negative impact of a data center on the health and quality of life in their communities.",50,50,50
CyrusOne/COB_20260323_Imported.mp3,464,1930.355,1936.441,6.086000000000013,SPEAKER_73,"$68 billion worth, and that number is accelerating in late 2025 and 26.",13,13,13
CyrusOne/COB_20260323_Imported.mp3,465,1937.361,1939.383,2.0219999999999345,SPEAKER_73,"Why, you may ask, is this happening?",7,7,7
CyrusOne/COB_20260323_Imported.mp3,466,1940.644,1956.378,15.733999999999924,SPEAKER_73,Because more and more communities are putting their health and quality of life ahead of the often unfulfilled or at least overstated promise of tax dollars being dangled in front of them by billionaire companies with no vested interest in them.,41,41,41
CyrusOne/COB_20260323_Imported.mp3,467,1957.209,1965.534,8.325000000000045,SPEAKER_73,"As county board members, your number one priority should be, and I hope is, the health and quality of life of your constituents.",23,23,23
CyrusOne/COB_20260323_Imported.mp3,468,1966.174,1973.079,6.904999999999973,SPEAKER_73,"And as you have heard, legally you can say no or delay proposals if you feel they threaten that.",19,19,19
CyrusOne/COB_20260323_Imported.mp3,469,1973.939,1983.685,9.745999999999867,SPEAKER_73,"And if somehow you don't see the dropping of 420 diesel generators the size of semi-trucks into the middle of prime farmland,",22,22,22
CyrusOne/COB_20260323_Imported.mp3,470,1984.155,1996.881,12.726000000000113,SPEAKER_73,holding nearly 3 million gallons of diesel fuel with as yet no legal guarantees for how much or how often the dangerous particulates from diesel fuel are released into our air.,31,31,31
CyrusOne/COB_20260323_Imported.mp3,471,1997.582,2002.804,5.22199999999998,SPEAKER_73,"If you don't see this as a clear and present danger to our health and safety, I'm not sure why.",20,20,20
CyrusOne/COB_20260323_Imported.mp3,472,2003.605,2008.127,4.5219999999999345,SPEAKER_73,"The EPA states the impact of diesel emissions as, and I quote,",12,12,12
CyrusOne/COB_20260323_Imported.mp3,473,2008.715,2020.9,12.185000000000173,SPEAKER_73,"Exposure to diesel exhaust can lead to serious health conditions like asthma and respiratory illnesses, can worsen existing heart and lung diseases, especially in children and the elderly.",28,28,28
CyrusOne/COB_20260323_Imported.mp3,474,2021.3,2022.941,1.6410000000000764,SPEAKER_73,"The elderly, that would be me.",6,6,6
CyrusOne/COB_20260323_Imported.mp3,475,2023.641,2032.024,8.38299999999981,SPEAKER_73,"These conditions can result in increased numbers of emergency room visits, hospital admissions, absences from work and school, and premature deaths.",21,21,21
CyrusOne/COB_20260323_Imported.mp3,476,2033.144,2036.986,3.8420000000000982,SPEAKER_73,"Also produced is acid rain, which affects soil, lakes, and streams.",11,11,11
CyrusOne/COB_20260323_Imported.mp3,477,2037.812,2045.797,7.985000000000127,SPEAKER_73,"We have already seen the many harmful impacts of these data centers in places like Aurora, which was previously mentioned, right here in Illinois.",24,24,24
CyrusOne/COB_20260323_Imported.mp3,478,2046.518,2051.922,5.403999999999996,SPEAKER_73,But it's not just about a power failure like they had in Aurora with extended use of these generators.,19,19,19
CyrusOne/COB_20260323_Imported.mp3,479,2052.462,2058.486,6.023999999999887,SPEAKER_73,"By law, they must be tested on a cycle basis, monthly, quarterly, and annually.",14,14,14
CyrusOne/COB_20260323_Imported.mp3,480,2059.067,2064.01,4.943000000000211,SPEAKER_73,Testing each of these 420 diesel generators for even 30 minutes per month,13,13,13
CyrusOne/COB_20260323_Imported.mp3,481,2064.41,2069.477,5.067000000000007,SPEAKER_73,would equate to 210 hours per month of dangerous particulates entering our ecosystem.,13,13,13
CyrusOne/COB_20260323_Imported.mp3,482,2070.098,2079.551,9.452999999999975,SPEAKER_73,"And for our friends from Dallas, I would point out that we have wind in Illinois, and that those particulates will not be limited to whatever small area that data center takes up.",33,33,33
CyrusOne/COB_20260323_Imported.mp3,483,2081.848,2095.44,13.592000000000098,SPEAKER_73,"Given all this, the lack of a legally binding testing schedule for these 420 semi-truck-sized diesel generators poses a clear and present threat to the health and well-being of your constituents.",31,31,31
CyrusOne/COB_20260323_Imported.mp3,484,2096.12,2107.47,11.349999999999909,SPEAKER_73,"And as to those pictures of tax dollars dancing around in our head, just Google, and I did, appealing property taxes for data centers, and you will find immediately at least five law firms",34,34,34
CyrusOne/COB_20260323_Imported.mp3,485,2107.843,2118.245,10.402000000000044,SPEAKER_73,that's helped their ability to massively reduce property evaluations for these centers by hundreds of thousands of dollars through manipulation of things like depreciation schedules.,25,25,25
CyrusOne/COB_20260323_Imported.mp3,486,2118.805,2126.007,7.2020000000002256,SPEAKER_73,"They say because of the, and I use their word, squishy nature of these evaluations for these new types of centers.",21,21,21
CyrusOne/COB_20260323_Imported.mp3,487,2126.647,2132.369,5.722000000000207,SPEAKER_73,"These are massive for-profit companies, and avoiding taxes is a great way to increase profits.",15,15,15
CyrusOne/COB_20260323_Imported.mp3,488,2133.069,2134.149,1.0799999999999272,SPEAKER_73,Not to mention the fact,5,5,5
CyrusOne/COB_20260323_Imported.mp3,489,2134.59,2140.053,5.462999999999738,SPEAKER_73,"that 70% of any revenue will not even go to Sideman County, which you are supposed to represent.",18,18,18
CyrusOne/COB_20260323_Imported.mp3,490,2140.774,2145.156,4.382000000000062,SPEAKER_73,"As of now, we get most of the risk to health and safety and not much of the reward.",19,19,19
CyrusOne/COB_20260323_Imported.mp3,491,2145.997,2157.223,11.226000000000113,SPEAKER_73,I urge you to vote no on this data center or at least support a delay in approval until the many issues being raised by your constituents are resolved and we have legally binding commitments.,35,35,35
CyrusOne/COB_20260323_Imported.mp3,492,2157.303,2157.903,0.599999999999909,SPEAKER_73,Thank you.,2,2,2
CyrusOne/COB_20260323_Imported.mp3,493,2165.439,2172.084,6.644999999999982,SPEAKER_28,"Folks, please, please limit the demonstrations.",6,6,6
CyrusOne/COB_20260323_Imported.mp3,494,2172.144,2174.326,2.1820000000002437,SPEAKER_28,It just takes from the time for the presentations.,9,9,9
CyrusOne/COB_20260323_Imported.mp3,495,2174.586,2177.068,2.4820000000004256,SPEAKER_28,"All right, 10 minutes for the proponents.",7,7,7
CyrusOne/COB_20260323_Imported.mp3,496,2177.128,2177.988,0.8599999999996726,SPEAKER_62,"Thank you, Mr. Chairman.",4,4,4
CyrusOne/COB_20260323_Imported.mp3,497,2178.008,2179.269,1.2609999999999673,SPEAKER_62,My name is Kyle Berry.,5,5,5
CyrusOne/COB_20260323_Imported.mp3,498,2179.369,2183.272,3.9029999999997926,SPEAKER_62,"I'm an attorney with McGuire Woods, and I'm representing the petitioner here tonight.",13,13,13
CyrusOne/COB_20260323_Imported.mp3,499,2184.393,2185.574,1.18100000000004,SPEAKER_62,I live here in Springfield.,5,5,5
CyrusOne/COB_20260323_Imported.mp3,500,2186.034,2190.818,4.7840000000001055,SPEAKER_62,"I'm a Sangamon County resident and taxpayer, and my office is about four blocks away here.",16,16,16
CyrusOne/COB_20260323_Imported.mp3,501,2191.819,2194.623,2.8040000000000873,SPEAKER_62,I just want to discuss a couple legal issues that were just raised.,13,13,13
CyrusOne/COB_20260323_Imported.mp3,502,2194.643,2203.297,8.653999999999996,SPEAKER_62,"First of all, neither Mr. Davis nor Mr. Applegate attended the public hearing last month in front of the Zoning Board of Appeals.",23,23,23
CyrusOne/COB_20260323_Imported.mp3,503,2203.538,2204.199,0.6610000000000582,SPEAKER_62,I don't know why.,4,4,4
CyrusOne/COB_20260323_Imported.mp3,504,2204.619,2205.521,0.9020000000000437,SPEAKER_62,You'll have to ask them.,5,5,5
CyrusOne/COB_20260323_Imported.mp3,505,2206.018,2207.439,1.4209999999998217,SPEAKER_62,But that was an evidentiary hearing.,6,6,6
CyrusOne/COB_20260323_Imported.mp3,506,2208.22,2217.828,9.608000000000175,SPEAKER_62,And the reason that the state law and your ordinance requires a public hearing that's an evidentiary hearing is that witnesses testify they're under oath.,25,25,25
CyrusOne/COB_20260323_Imported.mp3,507,2218.689,2220.05,1.361000000000331,SPEAKER_62,They make statements.,3,3,3
CyrusOne/COB_20260323_Imported.mp3,508,2220.57,2224.994,4.423999999999978,SPEAKER_62,"And when people do that, they tend to be a little more careful about what they say, or they should.",20,20,20
CyrusOne/COB_20260323_Imported.mp3,509,2225.014,2227.376,2.36200000000008,SPEAKER_62,And evidence is considered.,4,4,4
CyrusOne/COB_20260323_Imported.mp3,510,2227.878,2232.821,4.942999999999756,SPEAKER_62,"Well, the zoning board considered the evidence and they voted five to zero to recommend approval.",16,16,16
CyrusOne/COB_20260323_Imported.mp3,511,2233.162,2240.587,7.425000000000182,SPEAKER_62,"The evidence that was submitted here tonight, anything that's new, shouldn't be considered under the law because it was supposed to be done at the evidentiary hearing.",27,27,27
CyrusOne/COB_20260323_Imported.mp3,512,2240.727,2241.427,0.7000000000002728,SPEAKER_62,"Makes sense, right?",3,3,3
CyrusOne/COB_20260323_Imported.mp3,513,2242.248,2255.437,13.18899999999985,SPEAKER_62,"So when it comes to data centers generally and the arguments that data centers are bad, the problem with that argument is that this board, this county, adopted a data center siting standard last July.",35,35,35
CyrusOne/COB_20260323_Imported.mp3,514,2256.15,2266.228,10.077999999999975,SPEAKER_62,"And 25 years ago, the Illinois Supreme Court said that once a permitting body adopts a standard and sets something up as a special or conditional use,",27,27,27
CyrusOne/COB_20260323_Imported.mp3,515,2266.977,2274.922,7.945000000000164,SPEAKER_62,then it essentially has made a determination that that use is compatible with the zoning district that is being proposed in.,21,21,21
CyrusOne/COB_20260323_Imported.mp3,516,2275.823,2278.224,2.4010000000002947,SPEAKER_62,"In this case, at the agricultural zoning district.",8,8,8
CyrusOne/COB_20260323_Imported.mp3,517,2279.005,2291.413,12.407999999999902,SPEAKER_62,"And so the approval, if the applicant meets the standards, then the permitting authority is under the law, under the Supreme Court ruling, not my opinion, it's the Supreme Court's,",30,30,30
CyrusOne/COB_20260323_Imported.mp3,518,2291.973,2298.657,6.6840000000001965,SPEAKER_62,"the body is required to approve the ordinance, approve the petition if it meets the standards.",16,16,16
CyrusOne/COB_20260323_Imported.mp3,519,2299.037,2309.524,10.48700000000008,SPEAKER_62,"Well, in this case, as Mr. Howe already indicated, the petitioner has met those standards in the application and in the evidentiary hearing.",23,23,23
CyrusOne/COB_20260323_Imported.mp3,520,2310.264,2314.386,4.121999999999844,SPEAKER_62,"By the way, the commitments that were made at the evidentiary hearing are binding.",14,14,14
CyrusOne/COB_20260323_Imported.mp3,521,2314.987,2316.628,1.6410000000000764,SPEAKER_62,That was a recorded meeting.,5,5,5
CyrusOne/COB_20260323_Imported.mp3,522,2318.129,2321.511,3.382000000000062,SPEAKER_62,The planning staff has found that the petitioners met those standards.,11,11,11
CyrusOne/COB_20260323_Imported.mp3,523,2322.571,2329.415,6.844000000000051,SPEAKER_62,"And then the zoning board, again, voted to recommend five to zero unanimously that those standards had been met.",19,19,19
CyrusOne/COB_20260323_Imported.mp3,524,2329.475,2337.36,7.885000000000218,SPEAKER_62,"So, again, I just wanted to make it clear that while the arguments that were made that you're not required to consider that, I beg to differ.",27,27,27
CyrusOne/COB_20260323_Imported.mp3,525,2338.86,2340.401,1.5409999999997126,SPEAKER_62,The hearing was made.,4,4,4
CyrusOne/COB_20260323_Imported.mp3,526,2340.781,2343.121,2.3400000000001455,SPEAKER_62,The hearing was properly noticed under Illinois law.,8,8,8
CyrusOne/COB_20260323_Imported.mp3,527,2343.621,2347.662,4.040999999999713,SPEAKER_62,And the zoning board has made its recommendation.,8,8,8
CyrusOne/COB_20260323_Imported.mp3,528,2347.702,2348.502,0.7999999999997272,SPEAKER_62,It's in front of you.,5,5,5
CyrusOne/COB_20260323_Imported.mp3,529,2349.102,2353.143,4.041000000000167,SPEAKER_62,"And, you know, they can ask you to delay it.",10,10,10
CyrusOne/COB_20260323_Imported.mp3,530,2353.223,2356.324,3.1010000000001128,SPEAKER_62,This is a common – I do a lot of hearings around the state.,14,14,14
CyrusOne/COB_20260323_Imported.mp3,531,2356.684,2360.505,3.8209999999999127,SPEAKER_62,"I've appeared in about half the counties, mostly on renewable energy projects.",12,12,12
CyrusOne/COB_20260323_Imported.mp3,532,2360.968,2366.73,5.762000000000171,SPEAKER_62,It's a common tactic of opponents to ask for a delay because they know that delays can kill a project.,20,20,20
CyrusOne/COB_20260323_Imported.mp3,533,2366.75,2372.832,6.08199999999988,SPEAKER_62,"So, again, I'll turn things over to Mr. Hout again, but I wanted to address those legal issues.",18,18,18
CyrusOne/COB_20260323_Imported.mp3,534,2372.852,2373.192,0.3400000000001455,SPEAKER_62,Thank you.,2,2,2
CyrusOne/COB_20260323_Imported.mp3,535,2375.832,2379.574,3.742000000000189,SPEAKER_28,"Hey, folks, we're just...",4,4,4
CyrusOne/COB_20260323_Imported.mp3,536,2380.714,2384.355,3.6410000000000764,SPEAKER_57,"I'm providing some time to our environmental expert, Laura, to talk about emissions.",13,13,13
CyrusOne/COB_20260323_Imported.mp3,537,2392.808,2393.128,0.3200000000001637,SPEAKER_44,"Hi, all.",2,2,2
CyrusOne/COB_20260323_Imported.mp3,538,2393.148,2393.609,0.46099999999978536,SPEAKER_44,Can you hear me?,4,4,4
CyrusOne/COB_20260323_Imported.mp3,539,2395.911,2401.135,5.22400000000016,SPEAKER_44,"I'm Laura Cottrell, Senior Director of Environmental Compliance with SARS-1.",10,10,10
CyrusOne/COB_20260323_Imported.mp3,540,2402.296,2410.843,8.547000000000025,SPEAKER_44,"I've been with SARS-1 for just about three years now, and prior to coming to SARS-1, I spent the majority of my career in environmental consulting.",26,26,26
CyrusOne/COB_20260323_Imported.mp3,541,2411.6,2426.821,15.221000000000004,SPEAKER_44,"And the latter part of that consulting career, pretty much focusing on data centers, so supporting our competitors and our customers and others in the data center industry with air quality and air permitting challenges and other environmental challenges.",39,39,39
CyrusOne/COB_20260323_Imported.mp3,542,2426.881,2427.742,0.8610000000003311,SPEAKER_44,So I understand.,3,3,3
CyrusOne/COB_20260323_Imported.mp3,543,2428.62,2443.325,14.704999999999927,SPEAKER_44,"what you guys are all thinking about and also from this side, the complexities and the safeguards that are in place to ensure that we are being a good neighbor and protecting human health and community health and whatnot.",39,39,39
CyrusOne/COB_20260323_Imported.mp3,544,2444.486,2453.069,8.583000000000084,SPEAKER_44,"To respond to some of the specific comments on air quality concerns, so for this site and really for any site in Illinois,",23,23,23
CyrusOne/COB_20260323_Imported.mp3,545,2453.581,2462.889,9.307999999999993,SPEAKER_44,The overarching regulatory framework that helps ensure that we are protecting the health of the community really starts at the Clean Air Act.,23,23,23
CyrusOne/COB_20260323_Imported.mp3,546,2463.249,2469.415,6.166000000000167,SPEAKER_44,"At its very simplistic state, the Clean Air Act sets ambient air quality standards for the entire country.",18,18,18
CyrusOne/COB_20260323_Imported.mp3,547,2470.816,2481.525,10.709000000000287,SPEAKER_44,"The rest of the Clean Air Act makes sure that if there are certain areas of the country that are not meeting those clean air standards, you have more stringent rules to ensure that you get back within those standards.",40,40,40
CyrusOne/COB_20260323_Imported.mp3,548,2482.08,2488.284,6.204000000000178,SPEAKER_44,"Those standards includes ambient air quality standards for things like NOx, ozone, and particulate matter.",15,15,15
CyrusOne/COB_20260323_Imported.mp3,549,2489.605,2497.03,7.425000000000182,SPEAKER_44,So basically that Clean Air Act delegation of that is given to Illinois EPA in the state of Illinois.,19,19,19
CyrusOne/COB_20260323_Imported.mp3,550,2497.854,2503.241,5.387000000000171,SPEAKER_44,"So when we go in to permit this data center, we're securing a permit from Illinois EPA.",17,17,17
CyrusOne/COB_20260323_Imported.mp3,551,2503.722,2516.958,13.235999999999876,SPEAKER_44,"Their rules are set up to ensure that we're complying with the Clean Air Act, and inherently those rules are set up to ensure that we're protecting ambient air quality standards, those standards that were set to ensure the health of the community.",43,43,43
CyrusOne/COB_20260323_Imported.mp3,552,2518.333,2525.755,7.4220000000000255,SPEAKER_44,"Layered on that, another overarching federal regulation is called NESHAP, or National Emission Standards for Hazardous Air Pollutants.",18,18,18
CyrusOne/COB_20260323_Imported.mp3,553,2525.775,2530.176,4.40099999999984,SPEAKER_44,So we're talking about diesel particulate matter and other air toxics.,11,11,11
CyrusOne/COB_20260323_Imported.mp3,554,2530.776,2539.099,8.32300000000032,SPEAKER_44,"That's another federal rule that, in addition to permitting, requires certain emission standards for diesel generators.",16,16,16
CyrusOne/COB_20260323_Imported.mp3,555,2539.499,2543.78,4.281000000000404,SPEAKER_44,We're subject to subpart Quad Z under the NESHAP rule.,10,10,10
CyrusOne/COB_20260323_Imported.mp3,556,2544.402,2551.947,7.545000000000073,SPEAKER_44,That basically dictates that we need what's called a Tier 2 emergency generator for our data centers.,17,17,17
CyrusOne/COB_20260323_Imported.mp3,557,2552.468,2565.477,13.009000000000015,SPEAKER_44,"U.S. EPA has deemed that for backup purposes, because we do not operate our generators often, Tier 2 emissions are adequate to protect human health and the environment.",28,28,28
CyrusOne/COB_20260323_Imported.mp3,558,2566.266,2569.769,3.5029999999997017,SPEAKER_44,"For this site, we are going above and beyond those Tier 2 standards.",13,13,13
CyrusOne/COB_20260323_Imported.mp3,559,2569.909,2573.192,3.2829999999999018,SPEAKER_44,We're using Tier 4 equivalent emergency generators.,7,7,7
CyrusOne/COB_20260323_Imported.mp3,560,2573.372,2583.201,9.829000000000178,SPEAKER_44,"So that's basically a Tier 2 generator with emissions controls to reduce things like NOx, CO, VOC, and diesel particulate matter.",21,21,21
CyrusOne/COB_20260323_Imported.mp3,561,2584.403,2590.268,5.8650000000002365,SPEAKER_44,"So this facility, once permitted, it will become what's called a minor source under Illinois EPA rules.",17,17,17
CyrusOne/COB_20260323_Imported.mp3,562,2590.657,2593.059,2.4020000000000437,SPEAKER_44,We do not operate our generators frequently.,7,7,7
CyrusOne/COB_20260323_Imported.mp3,563,2593.239,2603.685,10.445999999999913,SPEAKER_44,Our normal maintenance and testing schedule is typically just a half-hour no-load run each month and then a four-hour load bank test annually.,23,23,23
CyrusOne/COB_20260323_Imported.mp3,564,2604.246,2615.613,11.366999999999734,SPEAKER_44,"Utility outages, it's something that we work to design to ensure that those are minimal and hopefully never happen, but those in most cases are an anomaly.",27,27,27
CyrusOne/COB_20260323_Imported.mp3,565,2617.494,2618.655,1.1610000000000582,SPEAKER_44,That's all I have on air missions.,7,7,7
CyrusOne/COB_20260323_Imported.mp3,566,2624.657,2629.058,4.40099999999984,SPEAKER_57,"For the sake of time, I'm happy closing our 10 minutes and proceeding into the next section.",17,17,17
CyrusOne/COB_20260323_Imported.mp3,567,2629.518,2629.878,0.36000000000012733,SPEAKER_28,Very good.,2,2,2
CyrusOne/COB_20260323_Imported.mp3,568,2630.578,2636.72,6.141999999999825,SPEAKER_28,"Then under the rules, we have another 10-minute segment, up to 10 minutes for the opponents.",16,16,16
CyrusOne/COB_20260323_Imported.mp3,569,2648.182,2651.923,3.7409999999999854,SPEAKER_66,"My name is Don Hanrahan, and I'm a retired attorney.",10,10,10
CyrusOne/COB_20260323_Imported.mp3,570,2653.243,2656.424,3.18100000000004,SPEAKER_66,There's a number of things that need to be rebutted here.,11,11,11
CyrusOne/COB_20260323_Imported.mp3,571,2656.484,2668.627,12.143000000000029,SPEAKER_66,"First of all, you have to regulate not just whether this is a permitted use, not just whether it meets narrow, minimal criteria in the zoning ordinance.",27,27,27
CyrusOne/COB_20260323_Imported.mp3,572,2668.687,2674.129,5.442000000000007,SPEAKER_66,"The zoning ordinance says these are minimal requirements, minimal.",9,9,9
CyrusOne/COB_20260323_Imported.mp3,573,2674.949,2694.082,19.13299999999981,SPEAKER_66,"And what the county board's obligation is is to evaluate the intensity of any permitted use to decide whether the specifics that it does meet are sufficient to protect the health, safety, and general welfare of the community.",38,38,38
CyrusOne/COB_20260323_Imported.mp3,574,2694.642,2696.784,2.14200000000028,SPEAKER_66,And that is your legal obligation.,6,6,6
CyrusOne/COB_20260323_Imported.mp3,575,2697.525,2708.497,10.971999999999753,SPEAKER_66,saying again and again that all we have to do is to meet these narrow little requirements on a 10-page document that they filled out is baloney.,27,27,27
CyrusOne/COB_20260323_Imported.mp3,576,2708.977,2712.141,3.1640000000002146,SPEAKER_66,"You have to consider the health, safety, and general welfare requirements.",11,11,11
CyrusOne/COB_20260323_Imported.mp3,577,2712.689,2735.813,23.12400000000025,SPEAKER_66,"And to get to the last issue first, do you know they're proposing in their 10-page little permit application, they're proposing that the county just waive and that the EPA just waive all the noise requirements every time they run their diesel backup generators for more than just testing.",49,49,49
CyrusOne/COB_20260323_Imported.mp3,578,2736.413,2739.073,2.6599999999998545,SPEAKER_66,"So if the power goes out, 420 diesel generators",9,9,9
CyrusOne/COB_20260323_Imported.mp3,579,2742.797,2747.219,4.4220000000000255,SPEAKER_66,Each the size of a semi-truck trailer are going to be roaring away at full blast.,16,16,16
CyrusOne/COB_20260323_Imported.mp3,580,2747.959,2749.279,1.3200000000001637,SPEAKER_66,You know what that sounds like?,6,6,6
CyrusOne/COB_20260323_Imported.mp3,581,2749.319,2752.06,2.7409999999999854,SPEAKER_66,It sounds like a helicopter landing on top of your house.,11,11,11
CyrusOne/COB_20260323_Imported.mp3,582,2752.701,2760.563,7.86200000000008,SPEAKER_66,"Jobs, especially union jobs, we're all for that.",8,8,8
CyrusOne/COB_20260323_Imported.mp3,583,2761.884,2762.864,0.9800000000000182,SPEAKER_66,But here's the thing.,4,4,4
CyrusOne/COB_20260323_Imported.mp3,584,2764.825,2770.927,6.1020000000003165,SPEAKER_66,"If you're going to have 500 union jobs, first of all, for four to six years, that means...",18,18,18
CyrusOne/COB_20260323_Imported.mp3,585,2771.883,2785.692,13.809000000000196,SPEAKER_66,"Not only are you going to have the data center noise, not only are you going to have the diesel backup generator noise, you're also going to have construction noise for equipment that's just immense going on for four to six years.",42,42,42
CyrusOne/COB_20260323_Imported.mp3,586,2786.052,2788.394,2.3419999999996435,SPEAKER_66,But here's the thing about the union jobs.,8,8,8
CyrusOne/COB_20260323_Imported.mp3,587,2789.467,2796.793,7.326000000000022,SPEAKER_66,The jobs that are being created to construct this thing are building a machine that's an AI machine.,18,18,18
CyrusOne/COB_20260323_Imported.mp3,588,2797.233,2803.698,6.464999999999691,SPEAKER_66,"That is artificial intelligence, which we know takes away jobs.",10,10,10
CyrusOne/COB_20260323_Imported.mp3,589,2804.318,2805.379,1.0609999999996944,SPEAKER_66,It takes away jobs.,4,4,4
CyrusOne/COB_20260323_Imported.mp3,590,2805.439,2813.245,7.80600000000004,SPEAKER_66,"We don't know how many, but it takes away the kinds of jobs that we have in Sangamon County that other unions rely on.",24,24,24
CyrusOne/COB_20260323_Imported.mp3,591,2813.645,2821.892,8.246999999999844,SPEAKER_66,"Our AFSCME workers, our Service Employees International Union, those are the kinds of jobs that disappear with AI.",18,18,18
CyrusOne/COB_20260323_Imported.mp3,592,2822.312,2825.535,3.2229999999999563,SPEAKER_66,So let's not talk just about jobs.,7,7,7
CyrusOne/COB_20260323_Imported.mp3,593,2826.335,2831.739,5.403999999999996,SPEAKER_66,"This company is owned by BlackRock, the biggest company on earth.",11,11,11
CyrusOne/COB_20260323_Imported.mp3,594,2832.56,2835.903,3.342999999999847,SPEAKER_66,"And I want to mention, too, that, you know,",9,9,9
CyrusOne/COB_20260323_Imported.mp3,595,2837.392,2848.4,11.008000000000266,SPEAKER_66,"They talk about how they're going to be good neighbors and comply and deal with all the pollution regulations, but they promise that in Aurora, too.",26,26,26
CyrusOne/COB_20260323_Imported.mp3,596,2851.903,2855.728,3.825000000000273,SPEAKER_66,"buildings, each 450,000 square feet.",5,5,5
CyrusOne/COB_20260323_Imported.mp3,597,2856.309,2860.935,4.625999999999749,SPEAKER_66,"The county board staff claims that, oh, it's no bigger than a grain elevator.",14,14,14
CyrusOne/COB_20260323_Imported.mp3,598,2861.756,2868.065,6.3090000000001965,SPEAKER_66,"You know how big a grain elevator is, 10 acres maybe, 25 if there is a rail facility.",18,18,18
CyrusOne/COB_20260323_Imported.mp3,599,2868.665,2869.406,0.7409999999999854,SPEAKER_66,This thing...,2,2,2
CyrusOne/COB_20260323_Imported.mp3,600,2870.147,2871.629,1.481999999999971,SPEAKER_66,is gargantuan.,2,2,2
CyrusOne/COB_20260323_Imported.mp3,601,2872.71,2881.317,8.606999999999971,SPEAKER_66,"They talk about water efficiency, but what they don't tell you and they refuse to answer is their indirect water use.",21,21,21
CyrusOne/COB_20260323_Imported.mp3,602,2881.397,2885.321,3.923999999999978,SPEAKER_66,600 megawatts of power requires generating power.,7,7,7
CyrusOne/COB_20260323_Imported.mp3,603,2885.641,2886.202,0.5610000000001492,SPEAKER_66,From what?,2,2,2
CyrusOne/COB_20260323_Imported.mp3,604,2886.602,2887.323,0.7210000000000036,SPEAKER_66,Out of thin air?,4,4,4
CyrusOne/COB_20260323_Imported.mp3,605,2888.023,2890.324,2.300999999999931,SPEAKER_66,"Well, if it's solar, yeah, kind of.",7,7,7
CyrusOne/COB_20260323_Imported.mp3,606,2890.784,2892.685,1.90099999999984,SPEAKER_66,But it's not all solar.,5,5,5
CyrusOne/COB_20260323_Imported.mp3,607,2893.645,2894.606,0.9610000000002401,SPEAKER_66,It's nuclear.,2,2,2
CyrusOne/COB_20260323_Imported.mp3,608,2894.846,2895.466,0.6199999999998909,SPEAKER_66,It's coal.,2,2,2
CyrusOne/COB_20260323_Imported.mp3,609,2895.646,2896.326,0.6799999999998363,SPEAKER_66,It's gas.,2,2,2
CyrusOne/COB_20260323_Imported.mp3,610,2896.466,2900.448,3.981999999999971,SPEAKER_66,It's the kind of power that consumes vast amounts of water.,11,11,11
CyrusOne/COB_20260323_Imported.mp3,611,2900.928,2912.713,11.78500000000031,SPEAKER_66,"If you're running 600 megawatts and you're drawing it off coal, gas, and nuclear, you're using millions of gallons of water every day, millions.",24,24,24
CyrusOne/COB_20260323_Imported.mp3,612,2913.453,2916.434,2.981000000000222,SPEAKER_66,And they don't want to talk about indirect water use.,10,10,10
CyrusOne/COB_20260323_Imported.mp3,613,2918.355,2922.559,4.204000000000178,SPEAKER_66,And they tell you that Aurora is a legacy plant.,10,10,10
CyrusOne/COB_20260323_Imported.mp3,614,2922.919,2924.44,1.5210000000001855,SPEAKER_66,It's all of eight years old.,6,6,6
CyrusOne/COB_20260323_Imported.mp3,615,2926.062,2930.285,4.222999999999956,SPEAKER_66,But what they don't tell you is that phase three of the Aurora plant is brand new.,17,17,17
CyrusOne/COB_20260323_Imported.mp3,616,2930.425,2933.508,3.082999999999629,SPEAKER_66,Its construction started in 2024.,5,5,5
CyrusOne/COB_20260323_Imported.mp3,617,2934.609,2938.252,3.643000000000029,SPEAKER_66,Did they tell everybody they were going to meet the requirements then?,12,12,12
CyrusOne/COB_20260323_Imported.mp3,618,2938.712,2943.837,5.125,SPEAKER_66,That phase is one of the ones that's producing all the problems in Aurora.,14,14,14
CyrusOne/COB_20260323_Imported.mp3,619,2944.917,2947.899,2.981999999999971,SPEAKER_66,"And there's no homes near, but there's livestock near.",9,9,9
CyrusOne/COB_20260323_Imported.mp3,620,2948.759,2951.861,3.1019999999998618,SPEAKER_66,"There's livestock near a livestock operation, a kennel.",8,8,8
CyrusOne/COB_20260323_Imported.mp3,621,2952.782,2958.945,6.163000000000011,SPEAKER_66,How is that compatible under the regulations to consider compatible use?,11,11,11
CyrusOne/COB_20260323_Imported.mp3,622,2959.385,2964.808,5.4229999999997744,SPEAKER_66,"It's incompatible with those uses nearby, uses that were already permitted.",11,11,11
CyrusOne/COB_20260323_Imported.mp3,623,2979.329,2991.715,12.385999999999967,SPEAKER_66,"Can I cede some of my time to one of the landowners, Mr. Federer, Mr. Schultz, or Mr. Carruthers?",19,19,19
CyrusOne/COB_20260323_Imported.mp3,624,2991.735,2993.276,1.5409999999997126,SPEAKER_28,You can organize your time any way you want.,9,9,9
CyrusOne/COB_20260323_Imported.mp3,625,2994.116,2996.718,2.6019999999998618,SPEAKER_66,Can we pause for a second while I ask?,9,9,9
CyrusOne/COB_20260323_Imported.mp3,626,2998.138,3002.24,4.101999999999862,SPEAKER_66,Do one of you guys want to come up and speak during this time for a few minutes?,18,18,18
CyrusOne/COB_20260323_Imported.mp3,627,3003.861,3004.902,1.0410000000001673,SPEAKER_69,How much time is left?,5,5,5
CyrusOne/COB_20260323_Imported.mp3,628,3005.602,3006.062,0.4600000000000364,SPEAKER_69,Four minutes.,2,2,2
CyrusOne/COB_20260323_Imported.mp3,629,3007.083,3007.423,0.33999999999969077,SPEAKER_72,Okay.,1,1,1
CyrusOne/COB_20260323_Imported.mp3,630,3012.599,3015.74,3.1409999999996217,SPEAKER_66,It's important that you hear from the people who live there.,11,11,11
CyrusOne/COB_20260323_Imported.mp3,631,3022.043,3022.363,0.31999999999970896,SPEAKER_40,Thank you.,2,2,2
CyrusOne/COB_20260323_Imported.mp3,632,3023.904,3025.304,1.400000000000091,SPEAKER_40,My name is Gary Schultz.,5,5,5
CyrusOne/COB_20260323_Imported.mp3,633,3025.484,3026.285,0.8009999999999309,SPEAKER_40,I'm a union laborer.,4,4,4
CyrusOne/COB_20260323_Imported.mp3,634,3027.345,3030.927,3.5820000000003347,SPEAKER_40,I live a mile and a half and louder from this proposed area.,13,13,13
CyrusOne/COB_20260323_Imported.mp3,635,3032.887,3035.789,2.9020000000000437,SPEAKER_40,Noise is the second largest environmental cause of health problems.,10,10,10
CyrusOne/COB_20260323_Imported.mp3,636,3037.189,3039.25,2.061000000000149,SPEAKER_40,"Just after air pollution in data centers,",7,7,7
CyrusOne/COB_20260323_Imported.mp3,637,3043.231,3045.012,1.780999999999949,SPEAKER_40,and produce plenty of that.,5,5,5
CyrusOne/COB_20260323_Imported.mp3,638,3046.232,3050.774,4.541999999999916,SPEAKER_40,I'm not here to tell you about how bad data centers are because you already know from researching them.,19,19,19
CyrusOne/COB_20260323_Imported.mp3,639,3052.095,3063.06,10.965000000000146,SPEAKER_40,"The low-frequency hum is reported in homes seven miles away, and the solar panels surrounding over half of it amplify it, making it louder and travel further, causing sleep problems, stress, anxiety.",32,32,32
CyrusOne/COB_20260323_Imported.mp3,640,3063.84,3064.5,0.6599999999998545,SPEAKER_40,Proves me wrong.,3,3,3
CyrusOne/COB_20260323_Imported.mp3,641,3065.341,3067.481,2.1400000000003274,SPEAKER_40,"Makes people live in hell, living around them.",8,8,8
CyrusOne/COB_20260323_Imported.mp3,642,3070.183,3070.783,0.599999999999909,SPEAKER_40,Then permanent...,2,2,2
CyrusOne/COB_20260323_Imported.mp3,643,3071.87,3077.333,5.463000000000193,SPEAKER_40,"And for those 100 permanent jobs, three-quarters of them are remote.",11,11,11
CyrusOne/COB_20260323_Imported.mp3,644,3079.194,3083.636,4.442000000000007,SPEAKER_40,"I don't know if it's been brought up, but there's train tracks out there, and they pass there.",18,18,18
CyrusOne/COB_20260323_Imported.mp3,645,3084.596,3088.839,4.242999999999938,SPEAKER_40,"And they'll sit there for 15 minutes, sometimes two hours.",10,10,10
CyrusOne/COB_20260323_Imported.mp3,646,3090.279,3094.922,4.643000000000029,SPEAKER_40,"What they're going to do is they've got a fire and burdens coming out, and they've got to sit there at the tracks.",23,23,23
CyrusOne/COB_20260323_Imported.mp3,647,3095.502,3101.445,5.943000000000211,SPEAKER_40,Then they've got to back up for two and a half miles and drive eight miles around to get to where this place is going to be.,27,27,27
CyrusOne/COB_20260323_Imported.mp3,648,3102.107,3102.687,0.5799999999999272,SPEAKER_40,wanting to be.,3,3,3
CyrusOne/COB_20260323_Imported.mp3,649,3103.448,3113.054,9.606000000000222,SPEAKER_40,And the reason I say that is because there was a child having a breathing problem seven years ago and almost died because the train had the tracks blocked and the rescue squad couldn't get through.,36,36,36
CyrusOne/COB_20260323_Imported.mp3,650,3113.074,3115.315,2.2409999999999854,SPEAKER_40,I don't know if that would ever have bothered.,9,9,9
CyrusOne/COB_20260323_Imported.mp3,651,3115.575,3118.737,3.162000000000262,SPEAKER_40,And what if the burden's busy on a fire call?,10,10,10
CyrusOne/COB_20260323_Imported.mp3,652,3119.438,3125.481,6.04300000000012,SPEAKER_40,They're going to call a spring service and then we're going to pay for it because all this money is going to Macoupin.,23,23,23
CyrusOne/COB_20260323_Imported.mp3,653,3128.463,3131.205,2.7419999999997344,SPEAKER_40,Nobody seems to be concerned about the water table out there.,11,11,11
CyrusOne/COB_20260323_Imported.mp3,654,3133.671,3138.072,4.401000000000295,SPEAKER_40,"The water table, the lime net coverage is about 20 feet down out there.",14,14,14
CyrusOne/COB_20260323_Imported.mp3,655,3139.552,3149.535,9.98299999999972,SPEAKER_40,"And when they go punching their caissons in for these stand-up panels they're putting in, they're going to go 40 to 50 feet.",23,23,23
CyrusOne/COB_20260323_Imported.mp3,656,3150.055,3151.896,1.8410000000003492,SPEAKER_40,"Just across the street, they're only 35 to 38 feet.",10,10,10
CyrusOne/COB_20260323_Imported.mp3,657,3151.916,3156.397,4.480999999999767,SPEAKER_40,"And they're going to punch through it, and they're going to damage the water.",14,14,14
CyrusOne/COB_20260323_Imported.mp3,658,3156.417,3159.917,3.5,SPEAKER_40,"There's a lot of people out there still on wells, but I know that's not a concern to theirs.",19,19,19
CyrusOne/COB_20260323_Imported.mp3,659,3164.451,3176.2,11.748999999999796,SPEAKER_40,These used vacuum salesmen that work for Cyrus One who lie under oath are not new AI data center buddies.,20,20,20
CyrusOne/COB_20260323_Imported.mp3,660,3177.581,3183.946,6.364999999999782,SPEAKER_40,"They might have taken a few of you out for meals to convince you how wonderful it is, but they won't remember you after this.",25,25,25
CyrusOne/COB_20260323_Imported.mp3,661,3184.647,3185.728,1.081000000000131,SPEAKER_40,But we sure the hell will.,6,6,6
CyrusOne/COB_20260323_Imported.mp3,662,3186.508,3187.449,0.9410000000002583,SPEAKER_40,The majority will.,3,3,3
CyrusOne/COB_20260323_Imported.mp3,663,3188.55,3190.872,2.3219999999996617,SPEAKER_40,Most of the people crowding this building,7,7,7
CyrusOne/COB_20260323_Imported.mp3,664,3192.675,3194.737,2.061999999999898,SPEAKER_40,don't even know what an AI data center is.,9,9,9
CyrusOne/COB_20260323_Imported.mp3,665,3199.521,3204.805,5.283999999999651,SPEAKER_40,"As soon as this is passed, let's change this around.",10,10,10
CyrusOne/COB_20260323_Imported.mp3,666,3208.809,3210.09,1.280999999999949,SPEAKER_40,Okay.,1,1,1
CyrusOne/COB_20260323_Imported.mp3,667,3211.151,3217.856,6.705000000000382,SPEAKER_40,Cyrus wants to get this passed as soon as possible before some real guidelines are put on data centers.,19,19,19
CyrusOne/COB_20260323_Imported.mp3,668,3219.177,3220.038,0.8609999999998763,SPEAKER_40,They just want their...,4,4,4
CyrusOne/COB_20260323_Imported.mp3,669,3220.543,3223.285,2.7419999999997344,SPEAKER_40,They just want the leash cut so they can run wild and do what they want.,16,16,16
CyrusOne/COB_20260323_Imported.mp3,670,3224.827,3230.111,5.283999999999651,SPEAKER_40,And they know this because at the last meeting they were talking about putting amendments on more.,17,17,17
CyrusOne/COB_20260323_Imported.mp3,671,3230.291,3231.572,1.280999999999949,SPEAKER_40,So why can't we do it to this one?,9,9,9
CyrusOne/COB_20260323_Imported.mp3,672,3232.613,3237.597,4.984000000000378,SPEAKER_40,Saying no right now doesn't mean forever on this.,9,9,9
CyrusOne/COB_20260323_Imported.mp3,673,3237.938,3245.624,7.685999999999694,SPEAKER_40,"It just means that we have time to make some more guidelines for this, not screw the people over that live out there in that township.",26,26,26
CyrusOne/COB_20260323_Imported.mp3,674,3253.098,3254.059,0.9610000000002401,SPEAKER_40,"Well, thanks for listening.",4,4,4
CyrusOne/COB_20260323_Imported.mp3,675,3291.299,3295.923,4.623999999999796,SPEAKER_57,"Okay, so in the opening presentation, I did show a map in some of our neighbors.",16,16,16
CyrusOne/COB_20260323_Imported.mp3,676,3297.404,3306.152,8.748000000000047,SPEAKER_57,"The people that are directly adjacent, directly next to our proposed campus, we have met with and we have other cooperation in the project.",24,24,24
CyrusOne/COB_20260323_Imported.mp3,677,3307.32,3311.003,3.6829999999999927,SPEAKER_57,I wanted to bring up a few supporters to speak using our time.,13,13,13
CyrusOne/COB_20260323_Imported.mp3,678,3312.645,3316.289,3.644000000000233,SPEAKER_57,Is there a video ready to be played?,8,8,8
CyrusOne/COB_20260323_Imported.mp3,679,3316.349,3318.612,2.26299999999992,SPEAKER_57,We did bring a drone view.,6,6,6
CyrusOne/COB_20260323_Imported.mp3,680,3318.672,3329.143,10.471000000000004,SPEAKER_57,"So just as a matter of perspective, just for those, I know many people have probably not been out there and seen the site, but we do have a drone video just to give some perspective on the site along with the local landowner here.",45,45,45
CyrusOne/COB_20260323_Imported.mp3,681,3336.913,3338.954,2.0410000000001673,SPEAKER_34,"Hello, my name is Darryl Thoma.",6,6,6
CyrusOne/COB_20260323_Imported.mp3,682,3339.414,3345.496,6.08199999999988,SPEAKER_34,"I am here not only representing the family that owns the land for the proposed site, but also as a proud resident of Sangamon County.",25,25,25
CyrusOne/COB_20260323_Imported.mp3,683,3345.516,3359.44,13.923999999999978,SPEAKER_34,"I would like to express my appreciation first to the board for being here tonight and investing a lot of time over the last six to 12 months in listening, learning, and engaging in thoughtful discussions about this remarkable opportunity.",40,40,40
CyrusOne/COB_20260323_Imported.mp3,684,3360.305,3370.33,10.025000000000091,SPEAKER_34,I believe that all of us here are aware of the challenges faced by our community in attracting interest from large commercial company to establish a presence here in Sangamon County.,31,31,31
CyrusOne/COB_20260323_Imported.mp3,685,3371.01,3376.732,5.721999999999753,SPEAKER_34,"Therefore, I also want to extend my appreciation to Cyrus One for being here tonight and presenting this opportunity to us.",21,21,21
CyrusOne/COB_20260323_Imported.mp3,686,3377.793,3380.954,3.161000000000058,SPEAKER_34,Our family has been farming in Sangamon County for nearly 100 years.,12,12,12
CyrusOne/COB_20260323_Imported.mp3,687,3381.835,3386.877,5.041999999999916,SPEAKER_34,There is nothing more important to us than farmland and maintaining a sustainable family farming operation.,16,16,16
CyrusOne/COB_20260323_Imported.mp3,688,3388.456,3396.698,8.241999999999734,SPEAKER_34,"We approach this opportunity, like many of you, with an open mind and a desire to understand all the benefits this project would have on our community.",27,27,27
CyrusOne/COB_20260323_Imported.mp3,689,3397.258,3407.041,9.783000000000357,SPEAKER_34,"While immediate benefits of job creation and substantial tax revenue are evident, I would like to emphasize the significance of land and why this is the perfect location of the data center.",32,32,32
CyrusOne/COB_20260323_Imported.mp3,690,3408.421,3415.623,7.2020000000002256,SPEAKER_34,"When Ameren put in the 345 KV transmission from Indiana to Kansas, it was right through the south part of this county.",22,22,22
CyrusOne/COB_20260323_Imported.mp3,691,3416.432,3424.674,8.24200000000019,SPEAKER_34,"Although this development may have initially seemed disappointing at the time, it inadvertently opened up a significant amount of capacity to the MISO grid.",24,24,24
CyrusOne/COB_20260323_Imported.mp3,692,3425.774,3429.775,4.001000000000204,SPEAKER_34,"To this board's credit, this led to the creation of Double Black Diamond.",13,13,13
CyrusOne/COB_20260323_Imported.mp3,693,3431.135,3441.477,10.341999999999643,SPEAKER_34,"Consequently, Double Black Diamond constructed a brand new substation and interconnection into the MISO, so the necessary infrastructure is already in place for this data center site.",27,27,27
CyrusOne/COB_20260323_Imported.mp3,694,3442.958,3444.598,1.6399999999998727,SPEAKER_34,"MISO, Ameren, REA,",3,3,3
CyrusOne/COB_20260323_Imported.mp3,695,3445.227,3457.51,12.283000000000357,SPEAKER_34,and the independent expert that this board hired have all done a comprehensive analysis of this project and all have provided you with a report that this project will not have a detrimental impact on the grid.,37,37,37
CyrusOne/COB_20260323_Imported.mp3,696,3458.19,3462.592,4.402000000000044,SPEAKER_34,"Currently, there are 140,000 megawatts of capacity in the MISO grid.",11,11,11
CyrusOne/COB_20260323_Imported.mp3,697,3463.052,3464.552,1.5,SPEAKER_34,This is 600 megawatts.,4,4,4
CyrusOne/COB_20260323_Imported.mp3,698,3464.712,3468.053,3.3409999999998945,SPEAKER_34,That's less than a half a percent of the available capacity.,11,11,11
CyrusOne/COB_20260323_Imported.mp3,699,3470.833,3475.337,4.503999999999905,SPEAKER_34,The site is also uniquely suited because it is entirely farmland.,11,11,11
CyrusOne/COB_20260323_Imported.mp3,700,3476.098,3484.165,8.067000000000007,SPEAKER_34,"And as you can see, there are no houses, there are no trees, there's no waterways, there's no fence rows, and there is minimal wildlife.",25,25,25
CyrusOne/COB_20260323_Imported.mp3,701,3484.905,3491.091,6.185999999999694,SPEAKER_34,"The closest house is over a half a mile, and there are only a couple others that are within a full mile.",22,22,22
CyrusOne/COB_20260323_Imported.mp3,702,3493.213,3495.895,2.681999999999789,SPEAKER_34,I would also like to point out that the southwest area,11,11,11
CyrusOne/COB_20260323_Imported.mp3,703,3496.982,3510.592,13.610000000000127,SPEAKER_34,"of Sangamon County has emerged as a prominent commercial corridor with businesses such as School of Grain, CHS, Springfield Plastics, Brandt Consolidated, Accessory Squared, and Double Black Diamond.",28,28,28
CyrusOne/COB_20260323_Imported.mp3,704,3512.574,3516.257,3.6829999999999927,SPEAKER_34,This area has proven itself to be a great place to do commercial business.,14,14,14
CyrusOne/COB_20260323_Imported.mp3,705,3517.417,3523.542,6.125,SPEAKER_34,"So with the existing interconnection infrastructure already in place,",9,9,9
CyrusOne/COB_20260323_Imported.mp3,706,3524.074,3539.267,15.192999999999756,SPEAKER_34,"and the minimal impact on the environment and surrounding neighbors, and the positive effects of job creation, substantial revenue for the taxing bodies of this county, I firmly believe this is a perfect site and presents an exceptional opportunity for our county.",42,42,42
CyrusOne/COB_20260323_Imported.mp3,707,3539.768,3540.048,0.27999999999974534,SPEAKER_34,Thank you.,2,2,2
CyrusOne/COB_20260323_Imported.mp3,708,3549.083,3555.727,6.643999999999778,SPEAKER_28,"Folks, the time with the demonstration just takes away from the presentation.",12,12,12
CyrusOne/COB_20260323_Imported.mp3,709,3555.787,3558.408,2.6210000000000946,SPEAKER_28,Is there anybody else who wants to speak?,8,8,8
CyrusOne/COB_20260323_Imported.mp3,710,3559.089,3562.371,3.282000000000153,SPEAKER_57,"To provide a perspective on jobs, I'm introducing Aaron Guernsey.",10,10,10
CyrusOne/COB_20260323_Imported.mp3,711,3562.791,3566.693,3.9020000000000437,SPEAKER_71,Thank you.,2,2,2
CyrusOne/COB_20260323_Imported.mp3,712,3568.915,3569.495,0.5799999999999272,SPEAKER_71,That's classy.,2,2,2
CyrusOne/COB_20260323_Imported.mp3,713,3571.813,3572.273,0.4600000000000364,SPEAKER_71,Good evening.,2,2,2
CyrusOne/COB_20260323_Imported.mp3,714,3572.774,3574.254,1.4800000000000182,SPEAKER_71,I'll keep this brief.,4,4,4
CyrusOne/COB_20260323_Imported.mp3,715,3574.335,3576.176,1.8409999999998945,SPEAKER_71,As many of you have heard a lot of this before.,11,11,11
CyrusOne/COB_20260323_Imported.mp3,716,3577.196,3578.177,0.9810000000002219,SPEAKER_71,My name is Aaron Guernsey.,5,5,5
CyrusOne/COB_20260323_Imported.mp3,717,3578.537,3586.662,8.125,SPEAKER_71,"I'm the president of the Central Illinois Building and Construction Trades Council, representing about 10,000 families who will be working on this project.",23,23,23
CyrusOne/COB_20260323_Imported.mp3,718,3586.982,3594.667,7.684999999999945,SPEAKER_71,I'm also the business manager for the plumbers and steam fitter and HVACR techs here for Local 137.,18,18,18
CyrusOne/COB_20260323_Imported.mp3,719,3595.067,3599.85,4.782999999999902,SPEAKER_71,"Many people who want to work on this project are here tonight, sitting in the audience.",16,16,16
CyrusOne/COB_20260323_Imported.mp3,720,3600.595,3607.32,6.725000000000364,SPEAKER_71,the men and women with union cards in their pockets who took time out of their day to show this board what this project means to them.,27,27,27
CyrusOne/COB_20260323_Imported.mp3,721,3608.381,3611.743,3.36200000000008,SPEAKER_71,"Yes, it means having money to spend at local stores and restaurants.",12,12,12
CyrusOne/COB_20260323_Imported.mp3,722,3612.944,3622.131,9.186999999999898,SPEAKER_71,"It means the ability to buy cars, support their solid school districts, and maintain community resources funded by the taxpayers.",20,20,20
CyrusOne/COB_20260323_Imported.mp3,723,3623.252,3627.355,4.1030000000000655,SPEAKER_71,"But more importantly, they're here tonight to see who supports them.",11,11,11
CyrusOne/COB_20260323_Imported.mp3,724,3628.463,3632.565,4.101999999999862,SPEAKER_71,to see which members care about the working men and women of this community.,14,14,14
CyrusOne/COB_20260323_Imported.mp3,725,3634.966,3637.207,2.2409999999999854,SPEAKER_71,These workers care deeply about this region.,7,7,7
CyrusOne/COB_20260323_Imported.mp3,726,3637.707,3641.068,3.361000000000331,SPEAKER_71,They're the ones helping with the storm cleanup when disaster strikes.,11,11,11
CyrusOne/COB_20260323_Imported.mp3,727,3645.55,3653.233,7.682999999999993,SPEAKER_71,"Coaching the Little League teams, leading our 4-H groups, volunteering in the churches, and supporting countless other organizations.",18,18,18
CyrusOne/COB_20260323_Imported.mp3,728,3653.745,3658.669,4.923999999999978,SPEAKER_71,that rely on people that will volunteer and step up right here.,12,12,12
CyrusOne/COB_20260323_Imported.mp3,729,3660.19,3662.792,2.6019999999998618,SPEAKER_71,This project matters to them.,5,5,5
CyrusOne/COB_20260323_Imported.mp3,730,3664.373,3664.734,0.3609999999998763,SPEAKER_71,Order!,1,1,1
CyrusOne/COB_20260323_Imported.mp3,731,3665.374,3665.694,0.3200000000001637,SPEAKER_71,Order!,1,1,1
CyrusOne/COB_20260323_Imported.mp3,732,3667.516,3670.138,2.6219999999998436,SPEAKER_28,We've got to be polite and listen to each other.,10,10,10
CyrusOne/COB_20260323_Imported.mp3,733,3670.438,3675.022,4.583999999999833,SPEAKER_28,We're just wasting time if we try these childish catcalls.,10,10,10
CyrusOne/COB_20260323_Imported.mp3,734,3675.282,3677.063,1.780999999999949,SPEAKER_28,Just let each side speak.,5,5,5
CyrusOne/COB_20260323_Imported.mp3,735,3677.704,3678.404,0.6999999999998181,SPEAKER_28,Please proceed.,2,2,2
CyrusOne/COB_20260323_Imported.mp3,736,3679.545,3681.066,1.5209999999997308,SPEAKER_71,This project matters to them.,5,5,5
CyrusOne/COB_20260323_Imported.mp3,737,3682.247,3683.248,1.0010000000002037,SPEAKER_71,The working class...,3,3,3
CyrusOne/COB_20260323_Imported.mp3,738,3684.267,3685.547,1.2800000000002,SPEAKER_71,matters to this community.,4,4,4
CyrusOne/COB_20260323_Imported.mp3,739,3686.388,3692.089,5.701000000000022,SPEAKER_71,I urge you to vote yes and not disappoint these families who give so much to this project.,18,18,18
CyrusOne/COB_20260323_Imported.mp3,740,3692.649,3693.649,1.0,SPEAKER_71,I'm in approval of it.,5,5,5
CyrusOne/COB_20260323_Imported.mp3,741,3694.089,3694.59,0.5010000000002037,SPEAKER_71,Thank you.,2,2,2
CyrusOne/COB_20260323_Imported.mp3,742,3694.61,3695.57,0.9600000000000364,SPEAKER_71,Who else is?,3,3,3
CyrusOne/COB_20260323_Imported.mp3,743,3707.333,3708.513,1.1799999999998363,SPEAKER_39,My name is Sean Middleton.,5,5,5
CyrusOne/COB_20260323_Imported.mp3,744,3708.946,3713.81,4.864000000000033,SPEAKER_39,"and I'm the President and CEO of Rural Electric Convenience Cooperative right here in Auburn, just outside of town.",19,19,19
CyrusOne/COB_20260323_Imported.mp3,745,3714.711,3722.137,7.426000000000386,SPEAKER_39,"And you've heard me before, but the point remains the same, that this data center represents a new era of investment.",21,21,21
CyrusOne/COB_20260323_Imported.mp3,746,3722.878,3730.104,7.225999999999658,SPEAKER_39,"And you've heard the discussion, I know I brought it up as well, the existing transmission electrical infrastructure has been set.",21,21,21
CyrusOne/COB_20260323_Imported.mp3,747,3730.544,3737.13,6.58600000000024,SPEAKER_39,"It was already paved the way, and it's allowed renewable energy development in solar and wind,",16,16,16
CyrusOne/COB_20260323_Imported.mp3,748,3737.732,3740.233,2.5010000000002037,SPEAKER_39,"two different wind farms, one in place, one coming.",9,9,9
CyrusOne/COB_20260323_Imported.mp3,749,3741.313,3747.315,6.001999999999953,SPEAKER_39,And now it has allowed the advent of data center or load applications to be able to be built here.,20,20,20
CyrusOne/COB_20260323_Imported.mp3,750,3748.155,3749.955,1.7999999999997272,SPEAKER_39,"It invited them, in a sense.",6,6,6
CyrusOne/COB_20260323_Imported.mp3,751,3750.275,3754.717,4.442000000000007,SPEAKER_39,And it showcases that Samick County is ready for high-tech industrial growth.,12,12,12
CyrusOne/COB_20260323_Imported.mp3,752,3755.737,3758.898,3.161000000000058,SPEAKER_39,"Now, reliability, I know, is paramount to everyone.",8,8,8
CyrusOne/COB_20260323_Imported.mp3,753,3758.978,3759.678,0.6999999999998181,SPEAKER_39,It is to me.,4,4,4
CyrusOne/COB_20260323_Imported.mp3,754,3759.738,3763.219,3.481000000000222,SPEAKER_39,I dedicate my entire utility career to it.,8,8,8
CyrusOne/COB_20260323_Imported.mp3,755,3763.859,3767.08,3.2210000000000036,SPEAKER_39,But knowing that we're working with entities like Cyrus One,10,10,10
CyrusOne/COB_20260323_Imported.mp3,756,3767.499,3782.509,15.010000000000218,SPEAKER_39,"to provide the cost framework to pay for the electrical infrastructure investments that need to be made, and the fact that the electric substation apparatus, which is the biggest investment, frankly, already exists because it was built for the solar farm.",41,41,41
CyrusOne/COB_20260323_Imported.mp3,757,3782.93,3785.471,2.5410000000001673,SPEAKER_39,It already is there to allow the interconnection.,8,8,8
CyrusOne/COB_20260323_Imported.mp3,758,3786.112,3789.254,3.1419999999998254,SPEAKER_39,"And you've heard, but I did the application permits.",9,9,9
CyrusOne/COB_20260323_Imported.mp3,759,3789.274,3793.637,4.363000000000284,SPEAKER_39,"Your local permitting authority, Ameren Transmission, and the Mid-Continental...",9,9,9
CyrusOne/COB_20260323_Imported.mp3,760,3794.063,3822.893,28.829999999999927,SPEAKER_39,independent system operator both more than signed off on this they issued a no harm no impact transmission system reliability study and of course affordability no one no one gets affordability more than your electric co-op that's been here for 80 some years and why would we enter into an agreement that was going to raise our rates i mean i can only be emphatic about the fact that you're the board of directors and your local electric cooperative is intending to utilize the margins we received,87,87,87
CyrusOne/COB_20260323_Imported.mp3,761,3823.342,3826.066,2.7239999999997053,SPEAKER_39,to take pressure away from future rate increases.,8,8,8
CyrusOne/COB_20260323_Imported.mp3,762,3826.827,3836.739,9.911999999999807,SPEAKER_39,"And so the point is the vote for this project is a strategic investment in not only Salem County's prosperity, but for the long-term grid and other reliability of this area.",31,31,31
CyrusOne/COB_20260323_Imported.mp3,763,3836.899,3837.3,0.4010000000002947,SPEAKER_39,Thank you.,2,2,2
CyrusOne/COB_20260323_Imported.mp3,764,3845.896,3847.678,1.781999999999698,SPEAKER_57,"If we have time remaining, I'm willing to speak.",9,9,9
CyrusOne/COB_20260323_Imported.mp3,765,3848.839,3850.701,1.86200000000008,SPEAKER_57,We can proceed with the next section.,7,7,7
CyrusOne/COB_20260323_Imported.mp3,766,3850.942,3851.863,0.9209999999998217,SPEAKER_57,We'll see the rest of our time.,7,7,7
CyrusOne/COB_20260323_Imported.mp3,767,3852.063,3852.343,0.27999999999974534,SPEAKER_28,Okay.,1,1,1
CyrusOne/COB_20260323_Imported.mp3,768,3852.443,3852.784,0.3409999999998945,SPEAKER_28,Very good.,2,2,2
CyrusOne/COB_20260323_Imported.mp3,769,3854.025,3854.265,0.23999999999978172,SPEAKER_28,All right.,2,2,2
CyrusOne/COB_20260323_Imported.mp3,770,3855.186,3857.829,2.643000000000029,SPEAKER_28,The final 10-minute segment from the opponents.,7,7,7
CyrusOne/COB_20260323_Imported.mp3,771,3862.234,3862.734,0.5,SPEAKER_19,Good evening.,2,2,2
CyrusOne/COB_20260323_Imported.mp3,772,3863.295,3864.957,1.6619999999998072,SPEAKER_19,My name is Dr. Kathleen Campbell.,6,6,6
CyrusOne/COB_20260323_Imported.mp3,773,3864.977,3865.818,0.8410000000003492,SPEAKER_19,Many of you know me.,5,5,5
CyrusOne/COB_20260323_Imported.mp3,774,3866.889,3874.393,7.503999999999905,SPEAKER_19,"Not everyone realizes that my former job, I'm retired now, I'm professor emeritus, distinguished scholar of SIU School of Medicine.",20,20,20
CyrusOne/COB_20260323_Imported.mp3,775,3874.413,3876.294,1.8809999999998581,SPEAKER_19,I was director of audiology research.,6,6,6
CyrusOne/COB_20260323_Imported.mp3,776,3876.854,3878.655,1.8010000000003856,SPEAKER_19,My PhD was in hearing science.,6,6,6
CyrusOne/COB_20260323_Imported.mp3,777,3880.215,3883.537,3.3219999999996617,SPEAKER_19,The biologic effects of environmental noise are very well known.,10,10,10
CyrusOne/COB_20260323_Imported.mp3,778,3883.737,3887.419,3.681999999999789,SPEAKER_19,"We've known it for decades, but more information is coming out.",11,11,11
CyrusOne/COB_20260323_Imported.mp3,779,3888.379,3895.903,7.523999999999887,SPEAKER_19,"Chronic noise exposure can negatively impact mental health, including depression, anxiety,",11,11,11
CyrusOne/COB_20260323_Imported.mp3,780,3896.61,3900.571,3.9609999999997854,SPEAKER_19,"behavioral problems, and suicide, particularly in children and adolescents.",9,9,9
CyrusOne/COB_20260323_Imported.mp3,781,3901.852,3909.515,7.663000000000011,SPEAKER_19,"Further, chronic environmental noise exposure can negatively impact cardiovascular health, ability to concentrate and sleep.",15,15,15
CyrusOne/COB_20260323_Imported.mp3,782,3910.595,3912.976,2.381000000000313,SPEAKER_19,It can even disrupt your circadian rhythms.,7,7,7
CyrusOne/COB_20260323_Imported.mp3,783,3914.437,3921.659,7.222000000000207,SPEAKER_19,The 24-7 year-round noise exposure of data centers is unlike other rural noise exposures.,14,14,14
CyrusOne/COB_20260323_Imported.mp3,784,3922.34,3924.32,1.9800000000000182,SPEAKER_19,I've heard the comparison to grain elevators.,7,7,7
CyrusOne/COB_20260323_Imported.mp3,785,3924.66,3926.081,1.4210000000002765,SPEAKER_19,That's usually four to six weeks.,6,6,6
CyrusOne/COB_20260323_Imported.mp3,786,3926.64,3928.96,2.3200000000001637,SPEAKER_19,It's seasonal and it's intermittent.,5,5,5
CyrusOne/COB_20260323_Imported.mp3,787,3930.641,3935.342,4.701000000000022,SPEAKER_19,I've watched with admiration Sangamon County's work on mental health.,10,10,10
CyrusOne/COB_20260323_Imported.mp3,788,3936.522,3944.223,7.701000000000022,SPEAKER_19,Don't sacrifice the health and welfare of one segment of their population for the financial gain of another.,18,18,18
CyrusOne/COB_20260323_Imported.mp3,789,3945.123,3946.363,1.2399999999997817,SPEAKER_19,We have had that vote.,5,5,5
CyrusOne/COB_20260323_Imported.mp3,790,3946.824,3948.344,1.5199999999999818,SPEAKER_19,Please respect it.,3,3,3
CyrusOne/COB_20260323_Imported.mp3,791,3949.764,3952.625,2.8609999999998763,SPEAKER_19,"The backup generators, I had recordings from Aurora.",8,8,8
CyrusOne/COB_20260323_Imported.mp3,792,3953.425,3955.125,1.699999999999818,SPEAKER_19,I didn't realize those weren't allowed here.,7,7,7
CyrusOne/COB_20260323_Imported.mp3,793,3955.956,3963.94,7.983999999999924,SPEAKER_19,"But I will tell you, some of the noise, you might have seen it, the State General Register had some recordings, and I realize that those were some from malfunction as well.",32,32,32
CyrusOne/COB_20260323_Imported.mp3,794,3964.841,3967.282,2.4410000000002583,SPEAKER_19,But the recordings are similar to a shop vac.,9,9,9
CyrusOne/COB_20260323_Imported.mp3,795,3968.323,3974.126,5.803000000000338,SPEAKER_19,"And I will guarantee you that when my husband uses a shop vac working on a project, I usually leave the house.",22,22,22
CyrusOne/COB_20260323_Imported.mp3,796,3974.986,3978.848,3.86200000000008,SPEAKER_19,"But if that had gone 24-7, our marriage would not have lasted 50 years.",14,14,14
CyrusOne/COB_20260323_Imported.mp3,797,3979.709,3980.489,0.7800000000002001,SPEAKER_19,I'll guarantee it.,3,3,3
CyrusOne/COB_20260323_Imported.mp3,798,3981.61,3985.332,3.7219999999997526,SPEAKER_19,"But the level, the staff report says this isn't a problem.",11,11,11
CyrusOne/COB_20260323_Imported.mp3,799,3986.115,3999.441,13.326000000000022,SPEAKER_19,"But as my colleague pointed out, with 420 generators, this works out to over seven hours of exposure, 365 days of year of one backup generator.",26,26,26
CyrusOne/COB_20260323_Imported.mp3,800,4000.041,4003.263,3.2219999999997526,SPEAKER_19,"And if they play two at once, it increases the intensity.",11,11,11
CyrusOne/COB_20260323_Imported.mp3,801,4005.364,4008.225,2.8609999999998763,SPEAKER_19,"So the noise samples that I can't play, I would like to.",12,12,12
CyrusOne/COB_20260323_Imported.mp3,802,4008.879,4014.522,5.643000000000029,SPEAKER_19,"But I would tell you that I have the recordings from 1,375 feet in Aurora.",15,15,15
CyrusOne/COB_20260323_Imported.mp3,803,4015.443,4016.704,1.2609999999999673,SPEAKER_19,I did the calculation.,4,4,4
CyrusOne/COB_20260323_Imported.mp3,804,4017.144,4019.165,2.0210000000001855,SPEAKER_19,You can still hear that at three-quarter mile.,8,8,8
CyrusOne/COB_20260323_Imported.mp3,805,4019.966,4021.527,1.5610000000001492,SPEAKER_19,Those people will be hearing it.,6,6,6
CyrusOne/COB_20260323_Imported.mp3,806,4022.687,4029.171,6.483999999999924,SPEAKER_19,And it will be at the level of about sitting next to your washer or dryer doing laundry.,18,18,18
CyrusOne/COB_20260323_Imported.mp3,807,4029.532,4033.194,3.661999999999807,SPEAKER_19,"Not sitting in the other room, but sitting by your washer or dryer.",13,13,13
CyrusOne/COB_20260323_Imported.mp3,808,4033.774,4038.217,4.443000000000211,SPEAKER_19,"And, of course, some of this will be higher if you're closer to it.",14,14,14
CyrusOne/COB_20260323_Imported.mp3,809,4038.997,4041.362,2.3650000000002365,SPEAKER_19,It also has adverse effects on livestock.,7,7,7
CyrusOne/COB_20260323_Imported.mp3,810,4042.284,4047.174,4.889999999999873,SPEAKER_19,"It can decrease milk production in cows, egg laying in chickens.",11,11,11
CyrusOne/COB_20260323_Imported.mp3,811,4048.336,4050.701,2.3650000000002365,SPEAKER_19,So they are all susceptible to this.,7,7,7
CyrusOne/COB_20260323_Imported.mp3,812,4051.275,4056.078,4.802999999999884,SPEAKER_19,"So it could limit the development of the land next to it, even if that livestock isn't there now.",19,19,19
CyrusOne/COB_20260323_Imported.mp3,813,4056.598,4064.922,8.32400000000007,SPEAKER_19,It would limit their ability to put in housing or in livestock areas next to developing that property for them.,20,20,20
CyrusOne/COB_20260323_Imported.mp3,814,4066.143,4070.365,4.221999999999753,SPEAKER_19,"But the most constant noise is from the cooling systems, including fans and HVAC.",14,14,14
CyrusOne/COB_20260323_Imported.mp3,815,4071.126,4078.45,7.323999999999614,SPEAKER_19,"And for those of you that have gone to Aurora or listened to it there, keep in mind this facility is four times as large.",25,25,25
CyrusOne/COB_20260323_Imported.mp3,816,4079.35,4080.531,1.18100000000004,SPEAKER_19,So you get a doubling,5,5,5
CyrusOne/COB_20260323_Imported.mp3,817,4081.586,4088.391,6.805000000000291,SPEAKER_19,Every doubling in noise generators gives you another 3 dB increase.,11,11,11
CyrusOne/COB_20260323_Imported.mp3,818,4088.891,4095.736,6.8449999999998,SPEAKER_19,So this would be 6 dB louder here compared to what you have in Aurora by the number of noise sources.,21,21,21
CyrusOne/COB_20260323_Imported.mp3,819,4099.138,4106.523,7.385000000000218,SPEAKER_19,"So I wish I could play the recordings again, but I will say that in Aurora, they say, gee, we've got problems.",22,22,22
CyrusOne/COB_20260323_Imported.mp3,820,4107.493,4114.159,6.665999999999258,SPEAKER_19,But have they shut down so that those people are not exposed to the over noise exposure that is not in compliance?,22,22,22
CyrusOne/COB_20260323_Imported.mp3,821,4114.199,4114.779,0.5800000000008367,SPEAKER_19,They have not.,3,3,3
CyrusOne/COB_20260323_Imported.mp3,822,4115.42,4118.883,3.462999999999738,SPEAKER_19,"They said we're ordering in more chillers, we're ordering in more insulation.",12,12,12
CyrusOne/COB_20260323_Imported.mp3,823,4119.303,4120.804,1.5010000000002037,SPEAKER_19,Surely that will never happen here.,6,6,6
CyrusOne/COB_20260323_Imported.mp3,824,4121.825,4125.268,3.443000000000211,SPEAKER_19,"When you look at a company, what happens when things go wrong?",12,12,12
CyrusOne/COB_20260323_Imported.mp3,825,4126.609,4135.417,8.807999999999993,SPEAKER_19,Do they shut it down and take care of the people or do they continue month after month saying we'll take care of it and we'll make sure it doesn't happen at the next place?,35,35,35
CyrusOne/COB_20260323_Imported.mp3,826,4136.328,4138.309,1.9809999999997672,SPEAKER_19,I always look at what comes first.,7,7,7
CyrusOne/COB_20260323_Imported.mp3,827,4140.831,4142.752,1.9210000000002765,SPEAKER_19,So I'm very concerned about this.,6,6,6
CyrusOne/COB_20260323_Imported.mp3,828,4142.953,4158.683,15.729999999999563,SPEAKER_19,"Again, I've allotted some of my time for the noise recordings, but I assure you that you would not want to live with the 24-7 noise that will come out from the fans, the HVAC systems in a facility this large, which will be louder than Aurora.",47,47,47
CyrusOne/COB_20260323_Imported.mp3,829,4159.344,4163.987,4.643000000000029,SPEAKER_19,"And yes, the recordings that I had and did my measurements on it, I share all my calculations.",18,18,18
CyrusOne/COB_20260323_Imported.mp3,830,4164.327,4165.248,0.920999999999367,SPEAKER_19,I used to teach this,5,5,5
CyrusOne/COB_20260323_Imported.mp3,831,4166.901,4176.027,9.126000000000204,SPEAKER_19,"that with all those calculations, et cetera, this is not a place that you're going to want to live next to, and I think it's going to inhibit the other development up there.",33,33,33
CyrusOne/COB_20260323_Imported.mp3,832,4176.607,4180.67,4.063000000000102,SPEAKER_19,I don't think businesses are going to want to move close because of the noise exposure.,16,16,16
CyrusOne/COB_20260323_Imported.mp3,833,4181.17,4184.913,3.7429999999994834,SPEAKER_19,I don't think you want to put more livestock in because of the noise exposure.,15,15,15
CyrusOne/COB_20260323_Imported.mp3,834,4185.633,4187.935,2.3020000000005894,SPEAKER_19,And that is an inherent part of data centers.,9,9,9
CyrusOne/COB_20260323_Imported.mp3,835,4188.506,4191.772,3.2659999999996217,SPEAKER_19,And so I'm not really trying to disparage the people from Cyrus 1.,13,13,13
CyrusOne/COB_20260323_Imported.mp3,836,4192.013,4197.402,5.389000000000124,SPEAKER_19,"I know they're trying to make money, but I do not think that this is the best interest of our residents.",21,21,21
CyrusOne/COB_20260323_Imported.mp3,837,4197.683,4198.044,0.3609999999998763,SPEAKER_19,Thank you.,2,2,2
CyrusOne/COB_20260323_Imported.mp3,838,4206.86,4229.362,22.502000000000407,SPEAKER_66,"To address what Mr. Berry said, Section 1739, which regulates data centers, the ordinance states in no uncertain terms, the purpose of these regulations is to provide a uniform and comprehensive set of standards for the installation and location of a data center, which it defines, by the way, in the vaguest of terms.",54,54,54
CyrusOne/COB_20260323_Imported.mp3,839,4229.982,4237.286,7.304000000000087,SPEAKER_66,"The intent of these regulations is to protect the public health, safety, and community welfare of this community.",18,18,18
CyrusOne/COB_20260323_Imported.mp3,840,4237.326,4238.947,1.6210000000000946,SPEAKER_66,That's what it says.,4,4,4
CyrusOne/COB_20260323_Imported.mp3,841,4239.427,4245.991,6.564000000000306,SPEAKER_66,"So the public health, safety, and community welfare have to be considered in making your decision.",16,16,16
CyrusOne/COB_20260323_Imported.mp3,842,4246.731,4257.697,10.96600000000035,SPEAKER_66,"When you talk about it's unbelievable that someone who claims to live there comes here and says, I've been there for 100, our family's been there for 100 years, there's no wildlife there.",33,33,33
CyrusOne/COB_20260323_Imported.mp3,843,4258.397,4260.078,1.6810000000004948,SPEAKER_66,Ask the people who live there.,6,6,6
CyrusOne/COB_20260323_Imported.mp3,844,4260.158,4265.88,5.721999999999753,SPEAKER_66,I just talked to Gary Schultz about wildlife before this meeting started.,12,12,12
CyrusOne/COB_20260323_Imported.mp3,845,4266.24,4273.963,7.722999999999956,SPEAKER_66,"There's coyotes, there's foxes, there's bats, there's, you know, anything, everything that's out in the country, deer.",17,17,17
CyrusOne/COB_20260323_Imported.mp3,846,4275.063,4277.945,2.881999999999607,SPEAKER_66,And let me finish this.,5,5,5
CyrusOne/COB_20260323_Imported.mp3,847,4280.722,4287.227,6.505000000000109,SPEAKER_66,"There's another corridor besides a business corridor, and it's called the Mississippi Flyway.",13,13,13
CyrusOne/COB_20260323_Imported.mp3,848,4287.707,4288.988,1.280999999999949,SPEAKER_66,We're right in the middle of it.,7,7,7
CyrusOne/COB_20260323_Imported.mp3,849,4289.149,4290.67,1.5209999999997308,SPEAKER_66,Lick Creek is right there.,5,5,5
CyrusOne/COB_20260323_Imported.mp3,850,4291.45,4295.814,4.3640000000004875,SPEAKER_66,Guess what flies down Lick Creek in the Mississippi Flyway?,10,10,10
CyrusOne/COB_20260323_Imported.mp3,851,4296.154,4297.295,1.1409999999996217,SPEAKER_66,Endangered species.,2,2,2
CyrusOne/COB_20260323_Imported.mp3,852,4298.116,4301.798,3.681999999999789,SPEAKER_66,So let's not talk about how there's no effect on wildlife.,11,11,11
CyrusOne/COB_20260323_Imported.mp3,853,4302.919,4305.941,3.0219999999999345,SPEAKER_66,And I was there at the Zoning Board of Appeals meeting.,11,11,11
CyrusOne/COB_20260323_Imported.mp3,854,4306.801,4312.244,5.4429999999993015,SPEAKER_66,"And, again, I say the health, safety, and general welfare have to be considered.",14,14,14
CyrusOne/COB_20260323_Imported.mp3,855,4313.965,4316.747,2.782000000000153,SPEAKER_66,"IEPA compliance, do you know?",5,5,5
CyrusOne/COB_20260323_Imported.mp3,856,4319.223,4335.109,15.886000000000422,SPEAKER_66,"Organizations like Sierra Club, NAACP, Prairie Rivers Network, those organizations know for a fact that the IEPA doesn't have the staff to go around checking noise levels, checking diesel levels.",30,30,30
CyrusOne/COB_20260323_Imported.mp3,857,4335.509,4338.07,2.5609999999996944,SPEAKER_66,You have to file a complaint.,6,6,6
CyrusOne/COB_20260323_Imported.mp3,858,4338.931,4342.032,3.1010000000005675,SPEAKER_66,And then you have to go through a long regulatory process.,11,11,11
CyrusOne/COB_20260323_Imported.mp3,859,4342.993,4357.983,14.989999999999782,SPEAKER_66,"This is not what this board should be considering, deferring to another agency that's understaffed, underfunded, and incapable of doing your job, which is to protect the health, safety, and general welfare.",32,32,32
CyrusOne/COB_20260323_Imported.mp3,860,4361.145,4363.107,1.9619999999995343,SPEAKER_66,"And again, I'm...",3,3,3
CyrusOne/COB_20260323_Imported.mp3,861,4365.177,4372.505,7.328000000000429,SPEAKER_66,I'm happy and proud that Mr. Guernsey and his union do all the things that they do in this community.,20,20,20
CyrusOne/COB_20260323_Imported.mp3,862,4373.186,4374.227,1.0410000000001673,SPEAKER_72,And I support them.,4,4,4
CyrusOne/COB_20260323_Imported.mp3,863,4374.747,4386.84,12.092999999999847,SPEAKER_66,And I hope that one day he can look his other unionists in the eye when they're about to be laid off because AI took their jobs.,27,27,27
CyrusOne/COB_20260323_Imported.mp3,864,4388.676,4408.27,19.59400000000005,SPEAKER_66,"Unions, other unions that are not being considered here, only the ones that get the temporary jobs for four to six years, maybe, maybe 100, maybe 500, to create 100 jobs that we don't even know whether they're full-time or part-time.",41,41,41
CyrusOne/COB_20260323_Imported.mp3,865,4408.571,4409.511,0.9400000000005093,SPEAKER_66,They haven't told us.,4,4,4
CyrusOne/COB_20260323_Imported.mp3,866,4419.6,4422.321,2.720999999999549,SPEAKER_66,The agricultural impact here is significant.,6,6,6
CyrusOne/COB_20260323_Imported.mp3,867,4423.082,4429.905,6.822999999999411,SPEAKER_66,This monstrosity is completely incompatible with the already existing adjacent agricultural use.,12,12,12
CyrusOne/COB_20260323_Imported.mp3,868,4430.325,4441.31,10.985000000000582,SPEAKER_66,You just heard from Kathy Campbell that the existence of this thing impairs the opportunity value of all the surrounding land.,21,21,21
CyrusOne/COB_20260323_Imported.mp3,869,4442.103,4444.608,2.505000000000109,SPEAKER_66,Now those landowners can't subdivide it.,6,6,6
CyrusOne/COB_20260323_Imported.mp3,870,4445.349,4446.993,1.6440000000002328,SPEAKER_66,They can't put housing there.,5,5,5
CyrusOne/COB_20260323_Imported.mp3,871,4447.534,4450.159,2.625,SPEAKER_66,They can't move a new livestock operation there.,8,8,8
CyrusOne/COB_20260323_Imported.mp3,872,4450.64,4454.367,3.7269999999998618,SPEAKER_66,They have all kinds of diminution in their opportunities.,9,9,9
CyrusOne/COB_20260323_Imported.mp3,873,4455.762,4472.315,16.552999999999884,SPEAKER_66,Why did the Sangamon County staff find it necessary to equate this to an agricultural use like a grain elevator that benefits an agricultural area with a tenth of the space and not the 24-7 noise?,36,36,36
CyrusOne/COB_20260323_Imported.mp3,874,4474.777,4475.978,1.2010000000000218,SPEAKER_28,This thing – That's time.,5,5,5
CyrusOne/COB_20260323_Imported.mp3,875,4476.439,4476.999,0.5599999999994907,SPEAKER_28,That's time.,2,2,2
CyrusOne/COB_20260323_Imported.mp3,876,4477.159,4477.539,0.38000000000010914,SPEAKER_28,Thank you.,2,2,2
CyrusOne/COB_20260323_Imported.mp3,877,4478.36,4478.62,0.2600000000002183,SPEAKER_28,All right.,2,2,2
CyrusOne/COB_20260323_Imported.mp3,878,4478.64,4483.144,4.503999999999905,SPEAKER_28,That concludes the presentations.,4,4,4
CyrusOne/COB_20260323_Imported.mp3,879,4486.089,4492.197,6.108000000000175,SPEAKER_28,That concludes the formal presentations for Mr. Rader and Mr. McGuire seek recognition.,13,13,13
CyrusOne/COB_20260323_Imported.mp3,880,4493.398,4493.919,0.5209999999997308,SPEAKER_28,Mr. McGuire.,2,2,2
CyrusOne/COB_20260323_Imported.mp3,881,4502.172,4504.673,2.5010000000002037,SPEAKER_35,"Kevin McGuire, District 28.",4,4,4
CyrusOne/COB_20260323_Imported.mp3,882,4505.813,4511.875,6.061999999999898,SPEAKER_35,And so I just wanted to share a couple of items before we get into the rest of the meeting.,20,20,20
CyrusOne/COB_20260323_Imported.mp3,883,4512.015,4518.077,6.061999999999898,SPEAKER_35,"You know, we have, this was all proposed, shared at the Zoning and Land Usage Committee last month.",18,18,18
CyrusOne/COB_20260323_Imported.mp3,884,4519.197,4529.12,9.922999999999774,SPEAKER_35,"We've listened to the public concerns, including a proposed zoning ordinance that was provided to a number of board members related to data centers.",24,24,24
CyrusOne/COB_20260323_Imported.mp3,885,4529.938,4538.767,8.828999999999724,SPEAKER_35,"and worked with professional staff, board leadership, several board members on where we can implement some of these requests.",19,19,19
CyrusOne/COB_20260323_Imported.mp3,886,4538.967,4547.676,8.709000000000742,SPEAKER_35,And more of the items related in this zoning ordinance related actually to building permits and building code.,18,18,18
CyrusOne/COB_20260323_Imported.mp3,887,4549.257,4553.922,4.664999999999964,SPEAKER_35,But zoning is the first step here.,7,7,7
CyrusOne/COB_20260323_Imported.mp3,888,4555.634,4560.16,4.52599999999984,SPEAKER_35,they still need to apply for building permits in order to move the project forward.,15,15,15
CyrusOne/COB_20260323_Imported.mp3,889,4560.24,4565.467,5.226999999999862,SPEAKER_35,So this doesn't end after tonight.,6,6,6
CyrusOne/COB_20260323_Imported.mp3,890,4565.507,4566.969,1.4620000000004438,SPEAKER_35,I just wanted to note that.,6,6,6
CyrusOne/COB_20260323_Imported.mp3,891,4567.05,4573.218,6.167999999999665,SPEAKER_35,"But a few items that I've brought to our committee here, Tom and I have brought to our committee to discuss.",21,21,21
CyrusOne/COB_20260323_Imported.mp3,892,4574.265,4580.987,6.721999999999753,SPEAKER_35,Requiring Tier 4 generators dramatically limits the noise levels.,9,9,9
CyrusOne/COB_20260323_Imported.mp3,893,4581.047,4598.092,17.045000000000073,SPEAKER_35,"Complying with all EPA requirements and industry standard, which has changed significantly over the last several years, and especially when compared to some older data centers that are continuously compared to this one.",33,33,33
CyrusOne/COB_20260323_Imported.mp3,894,4599.213,4604.636,5.423000000000684,SPEAKER_35,requests for inspections will all be fulfilled at the developer's expense.,11,11,11
CyrusOne/COB_20260323_Imported.mp3,895,4604.716,4607.557,2.8409999999994398,SPEAKER_35,And so there is no cost to the taxpayer for this.,11,11,11
CyrusOne/COB_20260323_Imported.mp3,896,4607.717,4608.898,1.1810000000004948,SPEAKER_35,I wanted to note that as well.,7,7,7
CyrusOne/COB_20260323_Imported.mp3,897,4609.438,4612.22,2.782000000000153,SPEAKER_35,And we have ongoing discussions regarding setbacks.,7,7,7
CyrusOne/COB_20260323_Imported.mp3,898,4612.32,4618.203,5.88300000000072,SPEAKER_35,"And so looking at 1,500 feet potentially, but this is being reviewed in committee.",14,14,14
CyrusOne/COB_20260323_Imported.mp3,899,4618.863,4628.608,9.74499999999989,SPEAKER_35,"And, you know, I would encourage other committee members and anyone else with an interest to come out and share your opinion.",22,22,22
CyrusOne/COB_20260323_Imported.mp3,900,4629.268,4641.997,12.72900000000027,SPEAKER_35,"while we draft an amendment to file at the committee level, discussing how to approach enforcement of the energy code and several other items.",24,24,24
CyrusOne/COB_20260323_Imported.mp3,901,4642.077,4648.161,6.083999999999833,SPEAKER_35,And so Cyrus 1 has agreed in writing to comply with all of this.,14,14,14
CyrusOne/COB_20260323_Imported.mp3,902,4648.281,4653.685,5.404000000000451,SPEAKER_35,And I would just make note of correspondence we received,10,10,10
CyrusOne/COB_20260323_Imported.mp3,903,4654.669,4664.372,9.70300000000043,SPEAKER_35,"Cyrus 1, Sangamon, LLC has no objections to the proposed changes to the county's zoning code or building code.",19,19,19
CyrusOne/COB_20260323_Imported.mp3,904,4664.933,4676.437,11.503999999999905,SPEAKER_35,"In fact, Cyrus 1 either has already complied with or will comply with the requirements imposed by the proposed language at a later date as appropriate.",26,26,26
CyrusOne/COB_20260323_Imported.mp3,905,4679.16,4681.301,2.141000000000531,SPEAKER_35,So I just want to pass it off to Tom.,10,10,10
CyrusOne/COB_20260323_Imported.mp3,906,4681.341,4684.703,3.36200000000008,SPEAKER_35,He's going to explain the building code aspect of it as well.,12,12,12
CyrusOne/COB_20260323_Imported.mp3,907,4687.244,4690.526,3.282000000000153,SPEAKER_28,"Mr. Chairman, Tom Rader, District 8.",6,6,6
CyrusOne/COB_20260323_Imported.mp3,908,4690.546,4700.231,9.68499999999949,SPEAKER_27,I wanted to let you know that we have professional staff check our ordinances and found we have met with what other counties have passed for zoning of data centers.,30,30,30
CyrusOne/COB_20260323_Imported.mp3,909,4701.091,4702.892,1.8009999999994761,SPEAKER_27,We have found areas that needed different wording.,8,8,8
CyrusOne/COB_20260323_Imported.mp3,910,4703.672,4707.054,3.3820000000005166,SPEAKER_27,"And as Kevin said, we as a county board are working with changes.",13,13,13
CyrusOne/COB_20260323_Imported.mp3,911,4707.902,4714.026,6.123999999999796,SPEAKER_27,"And again, Cyrus 1 has signed a letter of compliance to our zoning and proposed change of language as of today.",21,21,21
CyrusOne/COB_20260323_Imported.mp3,912,4715.207,4723.852,8.644999999999527,SPEAKER_27,One of the changes that we have made in there highlights a data center shall comply with noise limits established by the Illinois Pollution Control Board.,26,26,26
CyrusOne/COB_20260323_Imported.mp3,913,4724.433,4735.6,11.167000000000371,SPEAKER_27,"A noise study shall be completed before and after each construction phase is done at the expense of the developer, no expenses to the taxpayers of Sangamon County.",28,28,28
CyrusOne/COB_20260323_Imported.mp3,914,4736.873,4737.293,0.42000000000007276,SPEAKER_27,That's what I have.,4,4,4
CyrusOne/COB_20260323_Imported.mp3,915,4737.553,4737.874,0.3209999999999127,SPEAKER_27,Thank you.,2,2,2
CyrusOne/COB_20260323_Imported.mp3,916,4738.534,4741.656,3.1220000000002983,SPEAKER_28,"Thank you, Mr. Ritter and Mr. Barrett.",7,7,7
CyrusOne/COB_20260323_Imported.mp3,917,4741.676,4742.156,0.47999999999956344,SPEAKER_28,Thank you both.,3,3,3
CyrusOne/COB_20260323_Imported.mp3,918,4742.517,4742.837,0.32000000000061846,SPEAKER_28,All right.,2,2,2
CyrusOne/COB_20260323_Imported.mp3,919,4743.477,4748.26,4.7830000000003565,SPEAKER_28,Now we're proceeding to the public comment portion of the zoning hearing.,12,12,12
CyrusOne/COB_20260323_Imported.mp3,920,4749.421,4755.845,6.423999999999978,SPEAKER_28,And any member of the public who wishes to speak can speak for up to two minutes.,17,17,17
CyrusOne/COB_20260323_Imported.mp3,921,4756.606,4762.209,5.6030000000000655,SPEAKER_28,"We'll be using – this has kind of become the media ghetto over here, so we're going to be using this microphone.",22,22,22
CyrusOne/COB_20260323_Imported.mp3,922,4762.87,4766.072,3.2020000000002256,SPEAKER_28,And if you wish to speak this evening –,9,9,9
CyrusOne/COB_20260323_Imported.mp3,923,4766.763,4772.146,5.382999999999811,SPEAKER_28,"Please, if you'll just kind of line up against this wall here, and we'll just take people in order.",19,19,19
CyrusOne/COB_20260323_Imported.mp3,924,4772.866,4775.428,2.561999999999898,SPEAKER_28,"We have, please, we want to make this request.",9,9,9
CyrusOne/COB_20260323_Imported.mp3,925,4776.869,4787.734,10.865000000000691,SPEAKER_28,Please try to keep your comments to adding new information so that people aren't just repeating and repeating each other.,20,20,20
CyrusOne/COB_20260323_Imported.mp3,926,4789.215,4794.018,4.802999999999884,SPEAKER_28,And we'll just take you in the order that you're kind of lined up here.,15,15,15
CyrusOne/COB_20260323_Imported.mp3,927,4803.304,4803.764,0.4600000000000364,SPEAKER_28,Very good.,2,2,2
CyrusOne/COB_20260323_Imported.mp3,928,4805.525,4806.766,1.2409999999999854,SPEAKER_28,Give everybody just a minute.,5,5,5
CyrusOne/COB_20260323_Imported.mp3,929,4810.149,4815.793,5.643999999999323,SPEAKER_28,"I'm sorry the room doesn't seem big enough, but we thought we had a big enough room.",17,17,17
CyrusOne/COB_20260323_Imported.mp3,930,4817.555,4821.738,4.182999999999993,SPEAKER_28,"Okay, so just a reminder, you have two minutes to speak.",11,11,11
CyrusOne/COB_20260323_Imported.mp3,931,4824.1,4824.52,0.42000000000007276,SPEAKER_28,Please proceed.,2,2,2
CyrusOne/COB_20260323_Imported.mp3,932,4824.923,4830.225,5.302000000000589,SPEAKER_28,Try to keep your comments to adding something new to the board's understanding.,13,13,13
CyrusOne/COB_20260323_Imported.mp3,933,4833.146,4840.068,6.92200000000048,SPEAKER_28,And please be considerate of your fellow citizens who are speaking.,11,11,11
CyrusOne/COB_20260323_Imported.mp3,934,4842.789,4847.651,4.86200000000008,SPEAKER_28,We want to keep demonstrations to a minimum so that we can give everybody a chance to speak.,18,18,18
CyrusOne/COB_20260323_Imported.mp3,935,4848.411,4851.352,2.9409999999998035,SPEAKER_28,And we're going to move directly from one person to the next.,12,12,12
CyrusOne/COB_20260323_Imported.mp3,936,4854.424,4854.764,0.3400000000001455,SPEAKER_28,All right.,2,2,2
CyrusOne/COB_20260323_Imported.mp3,937,4856.806,4860.128,3.3220000000001164,SPEAKER_28,Let's lower the noise level.,5,5,5
CyrusOne/COB_20260323_Imported.mp3,938,4866.512,4871.716,5.204000000000633,SPEAKER_28,Lower the noise level so we can proceed and let each person speak.,13,13,13
CyrusOne/COB_20260323_Imported.mp3,939,4872.156,4874.318,2.162000000000262,SPEAKER_28,"And ma'am, you're the first speaker.",6,6,6
CyrusOne/COB_20260323_Imported.mp3,940,4878.461,4878.821,0.3599999999996726,SPEAKER_55,Hello.,1,1,1
CyrusOne/COB_20260323_Imported.mp3,941,4878.861,4879.882,1.0209999999997308,SPEAKER_55,My name is Sylvia.,4,4,4
CyrusOne/COB_20260323_Imported.mp3,942,4880.102,4883.344,3.242000000000189,SPEAKER_55,"I'm a teacher, and I'm an unapologetic patriot, and I'm a wife.",12,12,12
CyrusOne/COB_20260323_Imported.mp3,943,4884.34,4890.924,6.583999999999833,SPEAKER_55,"I want to start with a joke about China once being addicted to opiates while America made things, and now that's quite the opposite.",24,24,24
CyrusOne/COB_20260323_Imported.mp3,944,4891.344,4905.613,14.269000000000233,SPEAKER_55,"And let me make it clear, this proposed data center, the proliferation of AI and quantum computing is not a thing, not a tangible good or service, and that is why it is being packaged as a crafty bill of lies with an attempted sale to us.",47,47,47
CyrusOne/COB_20260323_Imported.mp3,945,4905.813,4907.133,1.319999999999709,SPEAKER_55,We are the product.,4,4,4
CyrusOne/COB_20260323_Imported.mp3,946,4907.694,4913.057,5.362999999999374,SPEAKER_55,"Speaking of, I've been hearing talk of China eating our nation's proverbial lunch since I was a child.",18,18,18
CyrusOne/COB_20260323_Imported.mp3,947,4913.577,4917.699,4.121999999999389,SPEAKER_55,all from the mouths of cowards who will never say the words dual citizen.,14,14,14
CyrusOne/COB_20260323_Imported.mp3,948,4918.14,4920.101,1.9609999999993306,SPEAKER_55,Is China not our adversary?,5,5,5
CyrusOne/COB_20260323_Imported.mp3,949,4920.421,4926.064,5.643000000000029,SPEAKER_55,Do we model our own nation after a communist society with surveillance capitalistic tendencies?,14,14,14
CyrusOne/COB_20260323_Imported.mp3,950,4926.542,4935.265,8.722999999999956,SPEAKER_55,"In the PRC, they abuse their citizens' rights through their vast digital infrastructure to the detriment of the individual while easing governance for their regime.",25,25,25
CyrusOne/COB_20260323_Imported.mp3,951,4935.645,4943.888,8.242999999999483,SPEAKER_55,"The phrase, those who would give up essential liberty to purchase a little temporary safety, deserve neither liberty nor safety, comes to life.",23,23,23
CyrusOne/COB_20260323_Imported.mp3,952,4944.489,4954.012,9.523000000000138,SPEAKER_55,"While even Israel has the sense to bury their data centers deep underground because of their high terror potentiality and the effects on all biological organisms,",26,26,26
CyrusOne/COB_20260323_Imported.mp3,953,4954.57,4961.633,7.063000000000102,SPEAKER_55,"Everyone knows our greatest ally exports only one service, high technology theft, espionage, blackmail.",14,14,14
CyrusOne/COB_20260323_Imported.mp3,954,4962.053,4969.616,7.563000000000102,SPEAKER_55,"By way of deception, thou shalt win wars is the former motto of Mossad, the Israeli equivalent to the CIA.",20,20,20
CyrusOne/COB_20260323_Imported.mp3,955,4970.036,4975.878,5.8419999999996435,SPEAKER_55,How fitting for the way this country is headed into the false enlightenment of the smart city digital age.,19,19,19
CyrusOne/COB_20260323_Imported.mp3,956,4976.278,4982.364,6.085999999999331,SPEAKER_55,And Israel will never pay a red cent to see the construction of an Iron Dome equivalent for the United States.,21,21,21
CyrusOne/COB_20260323_Imported.mp3,957,4982.964,4994.815,11.850999999999658,SPEAKER_55,"America, you are headed into a technologically facilitated police state, a panopticon or smart prison that makes reality out of fictions like Minority Report or The Terminator.",27,27,27
CyrusOne/COB_20260323_Imported.mp3,958,4995.236,4996.717,1.4809999999997672,SPEAKER_55,Career diplomats like...,3,3,3
CyrusOne/COB_20260323_Imported.mp3,959,4997.635,5001.296,3.661000000000058,SPEAKER_55,"Zbigniew Brzezinski, and politicians like Henry Kissinger.",7,7,7
CyrusOne/COB_20260323_Imported.mp3,960,5001.316,5002.737,1.4210000000002765,SPEAKER_28,"Two minutes, please stop.",4,4,4
CyrusOne/COB_20260323_Imported.mp3,961,5003.017,5003.637,0.6199999999998909,SPEAKER_28,Next speaker.,2,2,2
CyrusOne/COB_20260323_Imported.mp3,962,5003.797,5004.258,0.4610000000002401,SPEAKER_28,Thank you.,2,2,2
CyrusOne/COB_20260323_Imported.mp3,963,5005.058,5005.658,0.6000000000003638,SPEAKER_28,Next speaker.,2,2,2
CyrusOne/COB_20260323_Imported.mp3,964,5011.7,5013.221,1.5209999999997308,SPEAKER_07,My name is Tara Berkschneider.,5,5,5
CyrusOne/COB_20260323_Imported.mp3,965,5013.341,5013.961,0.6199999999998909,SPEAKER_07,I'm a nurse.,3,3,3
CyrusOne/COB_20260323_Imported.mp3,966,5014.121,5015.682,1.5609999999996944,SPEAKER_07,My husband's a city fireman.,5,5,5
CyrusOne/COB_20260323_Imported.mp3,967,5015.742,5017.683,1.9409999999998035,SPEAKER_07,My son is a union worker.,6,6,6
CyrusOne/COB_20260323_Imported.mp3,968,5018.543,5023.645,5.102000000000771,SPEAKER_07,And I am a resident in the District 7 where they are planning to build this.,16,16,16
CyrusOne/COB_20260323_Imported.mp3,969,5024.163,5031.853,7.690000000000509,SPEAKER_07,"The real issue is not whether Sangamon County is being asked to accept the wrong project for our land, our infrastructure, and our long-term future.",25,25,25
CyrusOne/COB_20260323_Imported.mp3,970,5032.313,5041.665,9.351999999999862,SPEAKER_07,"We support unions, we support workers, and we support good-paying jobs, as many of us are workers that keep this county running every single day.",25,25,25
CyrusOne/COB_20260323_Imported.mp3,971,5043.05,5051.333,8.282999999999447,SPEAKER_07,That's exactly why the conversation around this proposed data center should not be reduced to a false choice between jobs and community responsibility.,23,23,23
CyrusOne/COB_20260323_Imported.mp3,972,5051.693,5054.094,2.40099999999984,SPEAKER_07,This project has not begun.,5,5,5
CyrusOne/COB_20260323_Imported.mp3,973,5055.234,5058.756,3.5219999999999345,SPEAKER_07,No one's livelihood hinges on this project.,7,7,7
CyrusOne/COB_20260323_Imported.mp3,974,5060.136,5065.438,5.30199999999968,SPEAKER_07,"As a bedside cardiac nurse, I work every day inside systems that cannot...",13,13,13
CyrusOne/COB_20260323_Imported.mp3,975,5065.558,5067.419,1.8609999999998763,SPEAKER_28,Please use the mic so they can hear you in the back.,12,12,12
CyrusOne/COB_20260323_Imported.mp3,976,5067.759,5068.299,0.5399999999999636,SPEAKER_07,Is it working?,3,3,3
CyrusOne/COB_20260323_Imported.mp3,977,5068.479,5069.52,1.0410000000001673,SPEAKER_28,"Yeah, it's working.",3,3,3
CyrusOne/COB_20260323_Imported.mp3,978,5069.76,5070.5,0.7399999999997817,SPEAKER_07,I'm a little short.,4,4,4
CyrusOne/COB_20260323_Imported.mp3,979,5070.97,5077.231,6.2609999999995125,SPEAKER_07,"As a bedside cardiac nurse, I work every day inside systems that cannot afford to fail.",16,16,16
CyrusOne/COB_20260323_Imported.mp3,980,5077.591,5087.154,9.563000000000102,SPEAKER_07,"That perspective shapes how I evaluate a proposal of a 280-acre data center with the power load of roughly 120,000 homes.",21,21,21
CyrusOne/COB_20260323_Imported.mp3,981,5087.674,5097.876,10.202000000000226,SPEAKER_07,"I see risk, I see strain, and I see the weight that inevitably falls on the people who live closest and the ones who just can't relocate when the system fails.",31,31,31
CyrusOne/COB_20260323_Imported.mp3,982,5098.715,5102.757,4.041999999999462,SPEAKER_07,Using union workers against community members is appalling.,8,8,8
CyrusOne/COB_20260323_Imported.mp3,983,5103.277,5106.019,2.742000000000189,SPEAKER_07,Members should not be in this situation.,7,7,7
CyrusOne/COB_20260323_Imported.mp3,984,5109.881,5115.664,5.782999999999447,SPEAKER_07,The appearance that rejecting this project should somehow threaten their ability to feed their families is repulsive.,17,17,17
CyrusOne/COB_20260323_Imported.mp3,985,5116.004,5117.684,1.680000000000291,SPEAKER_07,This job does not exist.,5,5,5
CyrusOne/COB_20260323_Imported.mp3,986,5117.704,5122.507,4.802999999999884,SPEAKER_07,Their employment does not rise or fall on this company's land acquisition.,12,12,12
CyrusOne/COB_20260323_Imported.mp3,987,5123.067,5133.711,10.644000000000233,SPEAKER_07,"Using workers as the emotional buffer for a billion-dollar corporation does not build support and manufactures pressure, and it divides our community.",22,22,22
CyrusOne/COB_20260323_Imported.mp3,988,5134.072,5134.752,0.680000000000291,SPEAKER_28,That's two minutes.,3,3,3
CyrusOne/COB_20260323_Imported.mp3,989,5134.912,5135.352,0.4399999999995998,SPEAKER_28,Thank you.,2,2,2
CyrusOne/COB_20260323_Imported.mp3,990,5135.772,5137.053,1.280999999999949,SPEAKER_28,Next speaker.,2,2,2
CyrusOne/COB_20260323_Imported.mp3,991,5141.505,5152.956,11.451000000000022,SPEAKER_65,"I'll start the timer for you, sir.",7,7,7
CyrusOne/COB_20260323_Imported.mp3,992,5152.996,5154.237,1.2409999999999854,SPEAKER_38,There he is.,3,3,3
CyrusOne/COB_20260323_Imported.mp3,993,5154.297,5154.718,0.4210000000002765,SPEAKER_38,I got him.,3,3,3
CyrusOne/COB_20260323_Imported.mp3,994,5155.138,5156.019,0.8810000000003129,SPEAKER_38,"Okay, tell me when to go.",6,6,6
CyrusOne/COB_20260323_Imported.mp3,995,5156.72,5156.9,0.17999999999938154,SPEAKER_38,Go.,1,1,1
CyrusOne/COB_20260323_Imported.mp3,996,5158.181,5158.681,0.5,SPEAKER_38,Good evening.,2,2,2
CyrusOne/COB_20260323_Imported.mp3,997,5159.302,5160.463,1.1610000000000582,SPEAKER_38,My name is Ray Campbell.,5,5,5
CyrusOne/COB_20260323_Imported.mp3,998,5161.084,5161.965,0.8810000000003129,SPEAKER_38,I...,1,1,1
CyrusOne/COB_20260323_Imported.mp3,999,5163.463,5164.323,0.8600000000005821,SPEAKER_38,I have only two minutes.,5,5,5
CyrusOne/COB_20260323_Imported.mp3,1000,5164.684,5170.286,5.601999999999862,SPEAKER_38,"There are a lot of reasons to vote no on this data center, or at the very least, delay it.",20,20,20
CyrusOne/COB_20260323_Imported.mp3,1001,5170.526,5172.067,1.5410000000001673,SPEAKER_38,We don't have to do this right now.,8,8,8
CyrusOne/COB_20260323_Imported.mp3,1002,5172.807,5181.05,8.243000000000393,SPEAKER_38,"First of all, the AI and the data center revolution resembles the dot-com bubble of the early 2000s.",18,18,18
CyrusOne/COB_20260323_Imported.mp3,1003,5181.331,5187.733,6.402000000000044,SPEAKER_38,And don't tell me I don't know what I'm talking about because I lost a job I love because of that.,21,21,21
CyrusOne/COB_20260323_Imported.mp3,1004,5188.634,5189.234,0.6000000000003638,SPEAKER_38,"Second of all,",3,3,3
CyrusOne/COB_20260323_Imported.mp3,1005,5189.933,5200.159,10.225999999999658,SPEAKER_38,"This industry, the data center industry, wants our privacy laws weakened, as documented in the February 8, 2026 Chicago Tribune.",20,20,20
CyrusOne/COB_20260323_Imported.mp3,1006,5200.819,5201.979,1.1599999999998545,SPEAKER_38,Why do you think that is?,6,6,6
CyrusOne/COB_20260323_Imported.mp3,1007,5202.06,5204.401,2.3409999999994398,SPEAKER_38,"What do they want to do with our information, guys?",10,10,10
CyrusOne/COB_20260323_Imported.mp3,1008,5205.121,5209.944,4.82300000000032,SPEAKER_38,We should not be voting for people that want to sacrifice our privacy.,13,13,13
CyrusOne/COB_20260323_Imported.mp3,1009,5210.824,5218.008,7.1840000000001965,SPEAKER_38,"Thirdly, it makes me sick that this proposed site is on prime farmland.",13,13,13
CyrusOne/COB_20260323_Imported.mp3,1010,5218.428,5219.589,1.1610000000000582,SPEAKER_38,I'm the son of a farmer.,6,6,6
CyrusOne/COB_20260323_Imported.mp3,1011,5220.394,5229.357,8.962999999999738,SPEAKER_38,"And there are better places for this kind of thing, like industrial areas that are zoned for this kind of thing, not out in the middle of nowhere.",28,28,28
CyrusOne/COB_20260323_Imported.mp3,1012,5230.718,5240.402,9.684000000000196,SPEAKER_38,"And fourthly, there is another county that is heavily impacted by this and is not even being considered, and that is Morgan County.",23,23,23
CyrusOne/COB_20260323_Imported.mp3,1013,5241.402,5243.943,2.5410000000001673,SPEAKER_38,Those people aren't even in the discussion.,7,7,7
CyrusOne/COB_20260323_Imported.mp3,1014,5244.668,5250.013,5.345000000000255,SPEAKER_38,It's going to be shoved down their throats with no input from them at all.,15,15,15
CyrusOne/COB_20260323_Imported.mp3,1015,5250.393,5254.517,4.123999999999796,SPEAKER_38,"Listen, I support union workers as well and construction workers.",10,10,10
CyrusOne/COB_20260323_Imported.mp3,1016,5255.338,5258.741,3.4030000000002474,SPEAKER_38,"I know that jobs are important to you guys, but you know what?",13,13,13
CyrusOne/COB_20260323_Imported.mp3,1017,5259.021,5267.809,8.788000000000466,SPEAKER_38,"AI is taking over other union jobs, as was discussed recently in the Chicago Tribune article on February 8th.",19,19,19
CyrusOne/COB_20260323_Imported.mp3,1018,5268.169,5269.751,1.5820000000003347,SPEAKER_38,Let's learn from Aurora.,4,4,4
CyrusOne/COB_20260323_Imported.mp3,1019,5270.45,5272.171,1.7210000000004584,SPEAKER_38,It could happen in Aurora.,5,5,5
CyrusOne/COB_20260323_Imported.mp3,1020,5272.491,5273.371,0.8800000000001091,SPEAKER_38,It could happen here.,4,4,4
CyrusOne/COB_20260323_Imported.mp3,1021,5273.692,5278.354,4.662000000000262,SPEAKER_38,"Let's not let it happen here, and let's vote no or at least delay this thing.",16,16,16
CyrusOne/COB_20260323_Imported.mp3,1022,5278.394,5279.174,0.7799999999997453,SPEAKER_38,Thank you very much.,4,4,4
CyrusOne/COB_20260323_Imported.mp3,1023,5279.394,5279.935,0.5410000000001673,SPEAKER_28,That's time.,2,2,2
CyrusOne/COB_20260323_Imported.mp3,1024,5280.355,5282.036,1.6810000000004948,SPEAKER_28,Perfect timing.,2,2,2
CyrusOne/COB_20260323_Imported.mp3,1025,5282.356,5282.916,0.5600000000004002,SPEAKER_28,Next speaker.,2,2,2
CyrusOne/COB_20260323_Imported.mp3,1026,5292.341,5292.801,0.4600000000000364,SPEAKER_25,Okay.,1,1,1
CyrusOne/COB_20260323_Imported.mp3,1027,5293.001,5294.202,1.2010000000000218,SPEAKER_25,Let me know when you're ready.,6,6,6
CyrusOne/COB_20260323_Imported.mp3,1028,5294.482,5294.682,0.1999999999998181,SPEAKER_25,Go.,1,1,1
CyrusOne/COB_20260323_Imported.mp3,1029,5296.026,5297.487,1.46100000000024,SPEAKER_25,My name is Karen Campbell.,5,5,5
CyrusOne/COB_20260323_Imported.mp3,1030,5298.308,5304.192,5.8840000000000146,SPEAKER_25,"I, too, would like to see this project voted down for many reasons.",13,13,13
CyrusOne/COB_20260323_Imported.mp3,1031,5304.712,5309.115,4.402999999999338,SPEAKER_25,"I know I only have two minutes, so I will make it brief.",13,13,13
CyrusOne/COB_20260323_Imported.mp3,1032,5310.275,5323.464,13.189000000000306,SPEAKER_25,"I do not believe that emergency personnel, that being fire, emergency medical, and law enforcement, have the resources or training to deal with",23,23,23
CyrusOne/COB_20260323_Imported.mp3,1033,5324.072,5332.735,8.662999999999556,SPEAKER_25,"something like this, either from a hazardous material incident or potential terrorism target.",13,13,13
CyrusOne/COB_20260323_Imported.mp3,1034,5333.195,5337.817,4.622000000000298,SPEAKER_25,"And yes, folks, I believe this is a potential terrorism target.",11,11,11
CyrusOne/COB_20260323_Imported.mp3,1035,5338.937,5348.201,9.264000000000124,SPEAKER_25,"Also, I want to ask, can this thing withstand a natural disaster?",12,12,12
CyrusOne/COB_20260323_Imported.mp3,1036,5348.581,5352.222,3.6409999999996217,SPEAKER_25,The reason I ask is this area is prone to tornadoes.,11,11,11
CyrusOne/COB_20260323_Imported.mp3,1037,5352.849,5354.37,1.5209999999997308,SPEAKER_25,"And, yes, earthquakes.",3,3,3
CyrusOne/COB_20260323_Imported.mp3,1038,5354.65,5357.652,3.0020000000004075,SPEAKER_25,We are not far from the New Madrid fault.,9,9,9
CyrusOne/COB_20260323_Imported.mp3,1039,5358.393,5364.937,6.543999999999869,SPEAKER_25,"Have there been answers on that question, especially the latter question about earthquakes?",13,13,13
CyrusOne/COB_20260323_Imported.mp3,1040,5365.637,5375.884,10.247000000000298,SPEAKER_25,I support a no vote on this project and a moratorium so that more questions that are still out there can be answered.,23,23,23
CyrusOne/COB_20260323_Imported.mp3,1041,5376.304,5376.904,0.6000000000003638,SPEAKER_25,Thank you.,2,2,2
CyrusOne/COB_20260323_Imported.mp3,1042,5378.445,5378.826,0.38100000000031287,SPEAKER_28,Thank you.,2,2,2
CyrusOne/COB_20260323_Imported.mp3,1043,5379.466,5380.747,1.280999999999949,SPEAKER_25,The next speaker.,3,3,3
CyrusOne/COB_20260323_Imported.mp3,1044,5384.037,5387.339,3.30199999999968,SPEAKER_28,"I think it's, yeah, delaying the dig out.",8,8,8
CyrusOne/COB_20260323_Imported.mp3,1045,5391.221,5399.046,7.825000000000728,SPEAKER_42,"My name's Ann Logue, and I want to just reiterate that the Iranian government bombed two Amazon data centers.",19,19,19
CyrusOne/COB_20260323_Imported.mp3,1046,5399.166,5401.968,2.80199999999968,SPEAKER_42,"So, you know, let's just put a target on our back.",11,11,11
CyrusOne/COB_20260323_Imported.mp3,1047,5403.409,5410.473,7.064000000000306,SPEAKER_42,"Anyway, I also wanted to say that the EPA currently is getting gutted with protections.",15,15,15
CyrusOne/COB_20260323_Imported.mp3,1048,5410.982,5426.153,15.171000000000276,SPEAKER_42,"So if the Sangamon County is depending on the EPA to do that, our current president, and thank you very much for how we got there, is gutting environmental protections when it comes to pollution, water, food, soil.",38,38,38
CyrusOne/COB_20260323_Imported.mp3,1049,5427.547,5430.289,2.742000000000189,SPEAKER_42,"In regards to the unions, I support unions.",8,8,8
CyrusOne/COB_20260323_Imported.mp3,1050,5430.349,5431.469,1.1199999999998909,SPEAKER_42,I think they're a great thing.,6,6,6
CyrusOne/COB_20260323_Imported.mp3,1051,5431.509,5434.051,2.542000000000371,SPEAKER_42,I wouldn't have my health care if it wasn't for a union.,12,12,12
CyrusOne/COB_20260323_Imported.mp3,1052,5434.071,5443.436,9.364999999999782,SPEAKER_42,I do think that it is wrong to sacrifice a lot of people's health and children.,16,16,16
CyrusOne/COB_20260323_Imported.mp3,1053,5444.796,5451.8,7.003999999999905,SPEAKER_42,Fifteen times the rate of asthma in Sangamon County on the east side versus the west side.,17,17,17
CyrusOne/COB_20260323_Imported.mp3,1054,5452.08,5453.881,1.8010000000003856,SPEAKER_42,That's a lot of asthma.,5,5,5
CyrusOne/COB_20260323_Imported.mp3,1055,5454.221,5457.423,3.2020000000002256,SPEAKER_42,And these diesel generators are very disturbing.,7,7,7
CyrusOne/COB_20260323_Imported.mp3,1056,5457.443,5459.584,2.1409999999996217,SPEAKER_42,That's 400 generators.,3,3,3
CyrusOne/COB_20260323_Imported.mp3,1057,5461.265,5467.949,6.683999999999287,SPEAKER_42,"I put some information on your tables about the iron air battery, which could replace the diesel generators.",18,18,18
CyrusOne/COB_20260323_Imported.mp3,1058,5468.529,5473.512,4.982999999999265,SPEAKER_42,"And it's cheaper, and it definitely wouldn't be putting particulates into the air.",13,13,13
CyrusOne/COB_20260323_Imported.mp3,1059,5476.055,5487.161,11.105999999999767,SPEAKER_42,"Corin Sainz, who is on the board of directors in Leesburg, Virginia, is where data centers are saturated.",18,18,18
CyrusOne/COB_20260323_Imported.mp3,1060,5487.641,5491.683,4.042000000000371,SPEAKER_42,And I called him not too long ago and had a discussion.,12,12,12
CyrusOne/COB_20260323_Imported.mp3,1061,5492.063,5496.726,4.662999999999556,SPEAKER_42,"And when I told him that there were 400 generators, he was shocked.",13,13,13
CyrusOne/COB_20260323_Imported.mp3,1062,5497.106,5498.727,1.6210000000000946,SPEAKER_42,"He was like, oh, my God.",6,6,6
CyrusOne/COB_20260323_Imported.mp3,1063,5498.747,5504.23,5.482999999999265,SPEAKER_42,"And this is a guy who deals with data centers all the time, including Virus 1.",16,16,16
CyrusOne/COB_20260323_Imported.mp3,1064,5505.495,5509.477,3.981999999999971,SPEAKER_42,I just want to say this is not just one data center.,12,12,12
CyrusOne/COB_20260323_Imported.mp3,1065,5509.517,5512.398,2.881000000000313,SPEAKER_42,This is a massive influx of them.,7,7,7
CyrusOne/COB_20260323_Imported.mp3,1066,5512.438,5514.099,1.6610000000000582,SPEAKER_42,That's time.,2,2,2
CyrusOne/COB_20260323_Imported.mp3,1067,5514.119,5514.559,0.4400000000005093,SPEAKER_28,Thank you.,2,2,2
CyrusOne/COB_20260323_Imported.mp3,1068,5515.0,5516.06,1.0600000000004002,SPEAKER_28,Next speaker.,2,2,2
CyrusOne/COB_20260323_Imported.mp3,1069,5522.783,5534.889,12.105999999999767,SPEAKER_32,"First and foremost, show transparency by identifying any board members who signed an NDA or received campaign donations from Cyrus One, their affiliates, or the owners of the land, the Dawson farm, or family.",34,34,34
CyrusOne/COB_20260323_Imported.mp3,1070,5535.774,5541.138,5.363999999999578,SPEAKER_32,Anyone who has signed an NDA or received donations should excuse themselves from voting.,14,14,14
CyrusOne/COB_20260323_Imported.mp3,1071,5541.658,5547.662,6.003999999999905,SPEAKER_32,"Secondly, the county board needs to identify who they are consulting with when it comes to environmental matters and concerns.",20,20,20
CyrusOne/COB_20260323_Imported.mp3,1072,5548.322,5557.468,9.14599999999973,SPEAKER_32,"Third, regarding data center legislation, Illinois is working on current regulations and laws so that they are more in line with residents' best interests.",24,24,24
CyrusOne/COB_20260323_Imported.mp3,1073,5557.709,5560.891,3.181999999999789,SPEAKER_32,"Part of that includes House Bill 4980, which asks me support.",11,11,11
CyrusOne/COB_20260323_Imported.mp3,1074,5564.894,5568.956,4.061999999999898,SPEAKER_32,It sets guidelines to how and when AI is used in the public sector.,14,14,14
CyrusOne/COB_20260323_Imported.mp3,1075,5569.297,5575.36,6.063000000000102,SPEAKER_32,"Another part is based on taxation for data centers, which the governor is working on suspending for two years.",19,19,19
CyrusOne/COB_20260323_Imported.mp3,1076,5575.58,5582.164,6.583999999999833,SPEAKER_32,"If Cyrus 1 truly has our interests at heart, they should be fine with delaying the process until new legislation takes place.",22,22,22
CyrusOne/COB_20260323_Imported.mp3,1077,5582.724,5586.727,4.002999999999702,SPEAKER_32,Cyrus 1 has made promises not to appeal taxation amounts.,10,10,10
CyrusOne/COB_20260323_Imported.mp3,1078,5587.107,5589.228,2.1210000000000946,SPEAKER_32,"Sadly, promises aren't legally binding.",5,5,5
CyrusOne/COB_20260323_Imported.mp3,1079,5589.608,5590.689,1.081000000000131,SPEAKER_32,Our current state laws...,4,4,4
CyrusOne/COB_20260323_Imported.mp3,1080,5592.168,5598.791,6.623000000000502,SPEAKER_32,give data centers exceptions for state tax up to 20 years and allows them a tax credit for 20% of construction labor.,22,22,22
CyrusOne/COB_20260323_Imported.mp3,1081,5598.991,5606.215,7.22400000000016,SPEAKER_32,"As it stands, the county will not receive their 1% sales tax for anything that Cyrus 1 purchases for 20 years.",21,21,21
CyrusOne/COB_20260323_Imported.mp3,1082,5606.675,5610.777,4.101999999999862,SPEAKER_32,Cyrus 1 has claimed to show goodwill by signing a PLA with local unions.,14,14,14
CyrusOne/COB_20260323_Imported.mp3,1083,5611.138,5616.78,5.641999999999825,SPEAKER_32,"However, they failed to mention that a PLA is required for the current labor tax credit incentive.",17,17,17
CyrusOne/COB_20260323_Imported.mp3,1084,5617.381,5621.643,4.261999999999716,SPEAKER_32,"Fourth, Illinois is the first state to pass a wildlife protection",11,11,11
CyrusOne/COB_20260323_Imported.mp3,1085,5622.942,5625.064,2.1220000000002983,SPEAKER_32,They are finally taking eco-friendly steps.,6,6,6
CyrusOne/COB_20260323_Imported.mp3,1086,5625.244,5629.968,4.72400000000016,SPEAKER_32,Why do we have to wait until we decimate our ecosystem to straighten things out?,15,15,15
CyrusOne/COB_20260323_Imported.mp3,1087,5630.128,5631.549,1.4210000000002765,SPEAKER_32,Stop harming our environment.,4,4,4
CyrusOne/COB_20260323_Imported.mp3,1088,5631.749,5632.19,0.44099999999980355,SPEAKER_32,Thank you.,2,2,2
CyrusOne/COB_20260323_Imported.mp3,1089,5634.411,5634.852,0.44099999999980355,SPEAKER_28,Thank you.,2,2,2
CyrusOne/COB_20260323_Imported.mp3,1090,5637.034,5637.634,0.6000000000003638,SPEAKER_28,Next speaker.,2,2,2
CyrusOne/COB_20260323_Imported.mp3,1091,5638.114,5641.998,3.8840000000000146,SPEAKER_28,"Just a note, we're not sure of the state of the law, so you do not have to state your name if you don't want to.",26,26,26
CyrusOne/COB_20260323_Imported.mp3,1092,5642.298,5642.558,0.2600000000002183,SPEAKER_28,Go ahead.,2,2,2
CyrusOne/COB_20260323_Imported.mp3,1093,5643.098,5643.619,0.5209999999997308,SPEAKER_22,Warren Wilkie.,2,2,2
CyrusOne/COB_20260323_Imported.mp3,1094,5643.999,5645.34,1.3410000000003492,SPEAKER_22,Good to meet you all.,5,5,5
CyrusOne/COB_20260323_Imported.mp3,1095,5646.061,5651.065,5.003999999999905,SPEAKER_22,"You know, usually when I get something or someone does something for me, I get them to sign a contract.",20,20,20
CyrusOne/COB_20260323_Imported.mp3,1096,5651.225,5652.246,1.0209999999997308,SPEAKER_22,"You know, I get deliverables.",5,5,5
CyrusOne/COB_20260323_Imported.mp3,1097,5652.757,5656.158,3.4010000000007494,SPEAKER_22,"firm numbers, not estimates that are constantly floating.",8,8,8
CyrusOne/COB_20260323_Imported.mp3,1098,5656.498,5657.858,1.360000000000582,SPEAKER_22,I think I've seen estimates.,5,5,5
CyrusOne/COB_20260323_Imported.mp3,1099,5657.898,5664.38,6.481999999999971,SPEAKER_22,"We talked about millions of gallons of water, but even in the newspaper, the information that the public is getting is pretty trickled out.",24,24,24
CyrusOne/COB_20260323_Imported.mp3,1100,5664.4,5668.001,3.6010000000005675,SPEAKER_22,"1,100 to 28 gallons is no minor jump if you're talking about water use consumption.",15,15,15
CyrusOne/COB_20260323_Imported.mp3,1101,5668.421,5670.061,1.639999999999418,SPEAKER_22,And we keep talking about all these generators.,8,8,8
CyrusOne/COB_20260323_Imported.mp3,1102,5670.101,5671.862,1.761000000000422,SPEAKER_22,I haven't seen anything about actual hookups.,7,7,7
CyrusOne/COB_20260323_Imported.mp3,1103,5671.882,5674.942,3.0600000000004,SPEAKER_22,How many hookups are actually going to be specced for this?,11,11,11
CyrusOne/COB_20260323_Imported.mp3,1104,5675.122,5681.424,6.30199999999968,SPEAKER_22,"The point is, we are being asked to make a decision on minimal evidence.",14,14,14
CyrusOne/COB_20260323_Imported.mp3,1105,5682.427,5685.368,2.941000000000713,SPEAKER_22,And that is problematic.,4,4,4
CyrusOne/COB_20260323_Imported.mp3,1106,5685.388,5688.309,2.9210000000002765,SPEAKER_22,We're treating this as like we have to do this.,10,10,10
CyrusOne/COB_20260323_Imported.mp3,1107,5688.449,5691.85,3.4010000000007494,SPEAKER_22,And the problem is the consequences are going to keep rolling in.,12,12,12
CyrusOne/COB_20260323_Imported.mp3,1108,5692.31,5695.551,3.2409999999999854,SPEAKER_22,And the only response is going to be the decision was made.,12,12,12
CyrusOne/COB_20260323_Imported.mp3,1109,5695.591,5696.491,0.8999999999996362,SPEAKER_22,The decision was made.,4,4,4
CyrusOne/COB_20260323_Imported.mp3,1110,5696.771,5698.892,2.1210000000000946,SPEAKER_22,The momentum is going to work against the people here.,10,10,10
CyrusOne/COB_20260323_Imported.mp3,1111,5699.092,5701.553,2.46100000000024,SPEAKER_22,And I'm not here to say all data centers are bad.,11,11,11
CyrusOne/COB_20260323_Imported.mp3,1112,5701.573,5706.314,4.7409999999999854,SPEAKER_22,What I'm trying to say is we should make decisions based on clear foundation.,14,14,14
CyrusOne/COB_20260323_Imported.mp3,1113,5706.334,5707.215,0.8810000000003129,SPEAKER_22,That's it.,2,2,2
CyrusOne/COB_20260323_Imported.mp3,1114,5707.235,5710.736,3.5010000000002037,SPEAKER_22,Thank you.,2,2,2
CyrusOne/COB_20260323_Imported.mp3,1115,5710.756,5711.356,0.5999999999994543,SPEAKER_28,Next speaker.,2,2,2
CyrusOne/COB_20260323_Imported.mp3,1116,5713.668,5715.089,1.4210000000002765,SPEAKER_37,My name is Justin King.,5,5,5
CyrusOne/COB_20260323_Imported.mp3,1117,5715.109,5717.851,2.7419999999992797,SPEAKER_37,I'm a sixth-generation farmer from western Sangamon County.,8,8,8
CyrusOne/COB_20260323_Imported.mp3,1118,5718.191,5725.356,7.164999999999964,SPEAKER_37,"On my farm, we grow food, not concrete, not plastic panels, not miles of high-woven, no trespassing fence.",18,18,18
CyrusOne/COB_20260323_Imported.mp3,1119,5725.877,5730.7,4.822999999999411,SPEAKER_37,"Five years ago, I had a dream to build a house on my family farm so my kids could grow up there with me.",24,24,24
CyrusOne/COB_20260323_Imported.mp3,1120,5731.14,5733.502,2.36200000000008,SPEAKER_37,Sangamon County almost crushed that dream.,6,6,6
CyrusOne/COB_20260323_Imported.mp3,1121,5735.443,5742.248,6.8049999999993815,SPEAKER_37,Sangamon County made it nearly impossible for me to simply buy a few acres for my own family to build a house on our family farm.,26,26,26
CyrusOne/COB_20260323_Imported.mp3,1122,5743.956,5746.839,2.882999999999811,SPEAKER_37,"Samen County made it so hard, I almost gave up.",10,10,10
CyrusOne/COB_20260323_Imported.mp3,1123,5747.24,5748.121,0.8810000000003129,SPEAKER_37,"Thankfully, I didn't.",3,3,3
CyrusOne/COB_20260323_Imported.mp3,1124,5748.741,5761.636,12.895000000000437,SPEAKER_37,"All the while, you seem to be so willing, so inviting, to make it so easy for solar, data centers, AI to come in and destroy one of our most precious resources, our green fields, our fertile soils, and our ability to produce food.",44,44,44
CyrusOne/COB_20260323_Imported.mp3,1125,5762.056,5764.379,2.32300000000032,SPEAKER_37,You make it so easy to...,6,6,6
CyrusOne/COB_20260323_Imported.mp3,1126,5765.717,5774.621,8.904000000000451,SPEAKER_37,"to harm the majority of rural Sangamon County residents for the gain of a small handful of the wealthy, some, most, I'm guessing, not even residents of Sangamon County.",29,29,29
CyrusOne/COB_20260323_Imported.mp3,1127,5775.421,5780.604,5.182999999999993,SPEAKER_37,"I'm sure many short-term building jobs are created, but many long-term jobs are taken away.",15,15,15
CyrusOne/COB_20260323_Imported.mp3,1128,5780.744,5782.064,1.3200000000006185,SPEAKER_37,Agriculture jobs are lost.,4,4,4
CyrusOne/COB_20260323_Imported.mp3,1129,5782.324,5788.567,6.243000000000393,SPEAKER_37,"Local farmers, farm employees, ag input suppliers, freight elevators, equipment dealerships, local rural banks, and many others will lose.",19,19,19
CyrusOne/COB_20260323_Imported.mp3,1130,5788.927,5792.949,4.0219999999999345,SPEAKER_37,"Rural Sangamon County will lose data centers, home for AI.",10,10,10
CyrusOne/COB_20260323_Imported.mp3,1131,5793.369,5795.43,2.061000000000604,SPEAKER_37,What is AI going to do for jobs?,8,8,8
CyrusOne/COB_20260323_Imported.mp3,1132,5796.038,5799.184,3.1460000000006403,SPEAKER_37,This is a short-term job gain for a long-term job loss.,11,11,11
CyrusOne/COB_20260323_Imported.mp3,1133,5802.583,5806.924,4.341000000000349,SPEAKER_37,There appears to be a large solar farm in operation in Sangamon County.,13,13,13
CyrusOne/COB_20260323_Imported.mp3,1134,5807.044,5812.505,5.46100000000024,SPEAKER_37,"I don't know how the tax revenue system works, but what I do know is my property taxes are the highest they have ever been.",25,25,25
CyrusOne/COB_20260323_Imported.mp3,1135,5812.825,5814.885,2.0600000000004,SPEAKER_37,My electrical bill is the highest it has ever been.,10,10,10
CyrusOne/COB_20260323_Imported.mp3,1136,5815.205,5817.506,2.3010000000003856,SPEAKER_37,The rural roads I drive on are the worst I've ever seen.,12,12,12
CyrusOne/COB_20260323_Imported.mp3,1137,5817.786,5822.186,4.399999999999636,SPEAKER_37,The presence of county police officers in rural Sangamon County is almost nonexistent.,13,13,13
CyrusOne/COB_20260323_Imported.mp3,1138,5822.666,5831.688,9.021999999999935,SPEAKER_37,"I don't know where this tax revenue goes, but it doesn't seem to be making a difference in the quality of life for real people like me that live in rural Sangamon County.",33,33,33
CyrusOne/COB_20260323_Imported.mp3,1139,5833.728,5838.151,4.4229999999997744,SPEAKER_28,"Restore homes, data centers, destroy rural Simon County.",8,8,8
CyrusOne/COB_20260323_Imported.mp3,1140,5838.191,5838.891,0.6999999999998181,SPEAKER_28,Think about us.,3,3,3
CyrusOne/COB_20260323_Imported.mp3,1141,5839.352,5839.872,0.5200000000004366,SPEAKER_28,Next speaker.,2,2,2
CyrusOne/COB_20260323_Imported.mp3,1142,5848.177,5849.518,1.3410000000003492,SPEAKER_06,"Hi, I'm Danuta Dinda.",4,4,4
CyrusOne/COB_20260323_Imported.mp3,1143,5849.618,5851.9,2.2819999999992433,SPEAKER_06,I'm a medical researcher here at the School of Medicine.,10,10,10
CyrusOne/COB_20260323_Imported.mp3,1144,5852.28,5855.522,3.242000000000189,SPEAKER_06,My speech is shot to all hell because everyone's already said things.,12,12,12
CyrusOne/COB_20260323_Imported.mp3,1145,5856.425,5857.765,1.3400000000001455,SPEAKER_06,What I can tell you is this.,7,7,7
CyrusOne/COB_20260323_Imported.mp3,1146,5857.845,5866.248,8.402999999999338,SPEAKER_06,There is a economic researcher in Texas for the last five years has been studying the effects of data centers within Texas.,22,22,22
CyrusOne/COB_20260323_Imported.mp3,1147,5867.128,5869.049,1.9210000000002765,SPEAKER_06,They do not create new jobs.,6,6,6
CyrusOne/COB_20260323_Imported.mp3,1148,5869.229,5873.69,4.460999999999331,SPEAKER_06,It's oftentimes a transfer of jobs from other places that are temporary at best.,14,14,14
CyrusOne/COB_20260323_Imported.mp3,1149,5874.09,5878.952,4.86200000000008,SPEAKER_06,There is no economic benefit because they will fight tooth and nail once you approve this,16,16,16
CyrusOne/COB_20260323_Imported.mp3,1150,5879.456,5889.34,9.884000000000015,SPEAKER_06,to get whatever credit they have and to appeal whatever they can appeal with their multi-million dollar thousand hour lawyers making it happen.,23,23,23
CyrusOne/COB_20260323_Imported.mp3,1151,5890.301,5908.829,18.527999999999338,SPEAKER_06,The only benefit in all of my research since I've heard about this is to the people and the industries whose pockets are being lined and that includes committee members that are now being investigated in other states who are voting against the people who they have been elected,49,49,49
CyrusOne/COB_20260323_Imported.mp3,1152,5909.648,5915.391,5.742999999999483,SPEAKER_06,"to support, to be our voices, to vote on our behalf.",11,11,11
CyrusOne/COB_20260323_Imported.mp3,1153,5916.192,5923.556,7.363999999999578,SPEAKER_06,There's a township in Michigan who is recalling their entire board and that is now going through the legal channels right now.,22,22,22
CyrusOne/COB_20260323_Imported.mp3,1154,5924.376,5925.377,1.0010000000002037,SPEAKER_06,You know what I find?,5,5,5
CyrusOne/COB_20260323_Imported.mp3,1155,5925.477,5927.398,1.9210000000002765,SPEAKER_06,"That is very, very interesting.",5,5,5
CyrusOne/COB_20260323_Imported.mp3,1156,5927.838,5930.72,2.8820000000005166,SPEAKER_06,"Every time I see pictures of data centers,",8,8,8
CyrusOne/COB_20260323_Imported.mp3,1157,5931.417,5935.381,3.963999999999942,SPEAKER_06,"where they show all of the fancy, how nice the building looks.",12,12,12
CyrusOne/COB_20260323_Imported.mp3,1158,5935.861,5939.985,4.123999999999796,SPEAKER_06,I never see any people that are supposed to be workers within that.,13,13,13
CyrusOne/COB_20260323_Imported.mp3,1159,5940.466,5941.887,1.420999999999367,SPEAKER_06,You should fire your marketers.,5,5,5
CyrusOne/COB_20260323_Imported.mp3,1160,5942.748,5945.39,2.642000000000735,SPEAKER_06,"You should fire your marketers, because that's exactly what it is.",11,11,11
CyrusOne/COB_20260323_Imported.mp3,1161,5945.771,5948.073,2.3020000000005894,SPEAKER_06,The vast majority of jobs are remote.,7,7,7
CyrusOne/COB_20260323_Imported.mp3,1162,5948.433,5950.095,1.662000000000262,SPEAKER_06,Most of them are not local.,6,6,6
CyrusOne/COB_20260323_Imported.mp3,1163,5951.012,5960.319,9.307000000000698,SPEAKER_06,"And when they say an average of $83,000 salary, let's remember an average, you have one person making half a million and the rest doing minimum wage.",27,27,27
CyrusOne/COB_20260323_Imported.mp3,1164,5960.62,5962.521,1.90099999999984,SPEAKER_06,"There's your average of $83,000.",5,5,5
CyrusOne/COB_20260323_Imported.mp3,1165,5964.923,5966.584,1.6610000000000582,SPEAKER_06,I grew up on a construction site.,7,7,7
CyrusOne/COB_20260323_Imported.mp3,1166,5966.604,5968.025,1.420999999999367,SPEAKER_06,My father was a contractor.,5,5,5
CyrusOne/COB_20260323_Imported.mp3,1167,5968.045,5968.306,0.2609999999995125,SPEAKER_06,That's time.,2,2,2
CyrusOne/COB_20260323_Imported.mp3,1168,5968.546,5969.427,0.8809999999994034,SPEAKER_06,Thank you.,2,2,2
CyrusOne/COB_20260323_Imported.mp3,1169,5969.687,5970.087,0.4000000000005457,SPEAKER_28,Thank you.,2,2,2
CyrusOne/COB_20260323_Imported.mp3,1170,5971.768,5972.289,0.5209999999997308,SPEAKER_28,Next speaker.,2,2,2
CyrusOne/COB_20260323_Imported.mp3,1171,5978.434,5982.397,3.962999999999738,SPEAKER_64,"Marty Fairchild, Rochester Fire Protection District Board of Trustees.",9,9,9
CyrusOne/COB_20260323_Imported.mp3,1172,5983.618,6001.093,17.474999999999454,SPEAKER_64,"I think it's wonderful that you're helping out Verdon Fire Protection District with a ladder truck, but you need to remember that there's multiple agencies, other fire districts, in Mavis 48, and we will all be coming to the natural disaster that takes out your data center.",47,47,47
CyrusOne/COB_20260323_Imported.mp3,1173,6001.613,6007.558,5.944999999999709,SPEAKER_64,You need to have ongoing training and equipment upgrades for all the fire protection districts,15,15,15
CyrusOne/COB_20260323_Imported.mp3,1174,6008.067,6008.748,0.6809999999995853,SPEAKER_64,in Mavis 48.,3,3,3
CyrusOne/COB_20260323_Imported.mp3,1175,6008.828,6021.258,12.429999999999382,SPEAKER_64,I would strongly urge you to contact the command staffs and the boards of trustees of these fire protection districts in Mavis 48 for some guidance on training and personnel and equipment.,32,32,32
CyrusOne/COB_20260323_Imported.mp3,1176,6021.699,6022.079,0.38000000000010914,SPEAKER_64,Thank you.,2,2,2
CyrusOne/COB_20260323_Imported.mp3,1177,6024.821,6026.563,1.7420000000001892,SPEAKER_28,Next speaker.,2,2,2
CyrusOne/COB_20260323_Imported.mp3,1178,6030.186,6030.987,0.8010000000003856,SPEAKER_15,Good afternoon.,2,2,2
CyrusOne/COB_20260323_Imported.mp3,1179,6031.187,6035.971,4.783999999999651,SPEAKER_15,"My name is George Alexander, and I'm the Laborers Local 477's business manager.",13,13,13
CyrusOne/COB_20260323_Imported.mp3,1180,6038.272,6043.075,4.802999999999884,SPEAKER_15,I heard someone say that a four- to six-year job isn't really that much sustainability.,15,15,15
CyrusOne/COB_20260323_Imported.mp3,1181,6043.415,6050.458,7.042999999999665,SPEAKER_15,"But I'll tell you right now, it means a lot to the men and women of my union because right now work is very scarce.",25,25,25
CyrusOne/COB_20260323_Imported.mp3,1182,6050.959,6056.481,5.5219999999999345,SPEAKER_15,You're not the one that's getting the calls that say they can't pay their bills or they're considering suicide.,19,19,19
CyrusOne/COB_20260323_Imported.mp3,1183,6056.761,6064.045,7.283999999999651,SPEAKER_15,So I applaud Cyrus One for wanting to bring this job here and have a local workforce with a PLA on it.,22,22,22
CyrusOne/COB_20260323_Imported.mp3,1184,6064.465,6065.145,0.680000000000291,SPEAKER_15,You know what I'm saying?,5,5,5
CyrusOne/COB_20260323_Imported.mp3,1185,6065.185,6069.948,4.76299999999992,SPEAKER_15,So I want to say thank you to the men and women of my local that came tonight and the other unions.,22,22,22
CyrusOne/COB_20260323_Imported.mp3,1186,6070.288,6075.45,5.162000000000262,SPEAKER_15,But it's very detrimental to the unions here in the town that we get this job.,16,16,16
CyrusOne/COB_20260323_Imported.mp3,1187,6075.771,6079.352,3.581000000000131,SPEAKER_15,It's very dire need of it because work is very scarce.,11,11,11
CyrusOne/COB_20260323_Imported.mp3,1188,6079.652,6084.915,5.26299999999992,SPEAKER_15,And that's all I care about is the men and women of Sangamon County and local areas working.,18,18,18
CyrusOne/COB_20260323_Imported.mp3,1189,6085.195,6089.577,4.382000000000517,SPEAKER_15,They may not care to you because you have a full-time job and able to pay your bills.,18,18,18
CyrusOne/COB_20260323_Imported.mp3,1190,6089.897,6103.803,13.905999999999949,SPEAKER_15,"But when you get those notices of saying your electricity is about to get cut off and you can't feed your family, then maybe come to a union because we at the laborers don't care only if you have a high school diploma.",43,43,43
CyrusOne/COB_20260323_Imported.mp3,1191,6104.063,6107.804,3.7409999999999854,SPEAKER_15,"And when this job comes, four to six years, come see me.",12,12,12
CyrusOne/COB_20260323_Imported.mp3,1192,6107.844,6109.025,1.1809999999995853,SPEAKER_15,I'll help you get in the union.,7,7,7
CyrusOne/COB_20260323_Imported.mp3,1193,6110.345,6110.745,0.3999999999996362,SPEAKER_15,Thank you.,2,2,2
CyrusOne/COB_20260323_Imported.mp3,1194,6111.286,6112.766,1.4799999999995634,SPEAKER_28,Thank you.,2,2,2
CyrusOne/COB_20260323_Imported.mp3,1195,6113.426,6114.507,1.0809999999992215,SPEAKER_28,Next speaker.,2,2,2
CyrusOne/COB_20260323_Imported.mp3,1196,6116.843,6117.343,0.5,SPEAKER_76,Good evening.,2,2,2
CyrusOne/COB_20260323_Imported.mp3,1197,6117.363,6118.044,0.6809999999995853,SPEAKER_76,My name is Chris Arnold.,5,5,5
CyrusOne/COB_20260323_Imported.mp3,1198,6118.064,6120.486,2.4219999999995707,SPEAKER_76,"I'm the business manager for Operating Engineers, Local 965.",9,9,9
CyrusOne/COB_20260323_Imported.mp3,1199,6120.706,6125.83,5.123999999999796,SPEAKER_76,I came tonight and I've got many of our members here with a lot of the other building trades you're here to represent.,23,23,23
CyrusOne/COB_20260323_Imported.mp3,1200,6127.131,6130.493,3.36200000000008,SPEAKER_76,This puts our men and women to work for four to six years.,13,13,13
CyrusOne/COB_20260323_Imported.mp3,1201,6130.974,6133.516,2.5419999999994616,SPEAKER_76,There's maintenance that's going to come along behind it.,9,9,9
CyrusOne/COB_20260323_Imported.mp3,1202,6133.796,6139.86,6.063999999999396,SPEAKER_76,It's not just a four to six year project that's going to last for years and years to come to maintain and to keep things running.,26,26,26
CyrusOne/COB_20260323_Imported.mp3,1203,6140.181,6141.361,1.180000000000291,SPEAKER_76,I'm going to keep it short and sweet.,8,8,8
CyrusOne/COB_20260323_Imported.mp3,1204,6141.401,6142.522,1.1210000000000946,SPEAKER_76,It's been a long enough evening.,6,6,6
CyrusOne/COB_20260323_Imported.mp3,1205,6142.562,6143.343,0.7809999999999491,SPEAKER_76,It's going to be even longer.,6,6,6
CyrusOne/COB_20260323_Imported.mp3,1206,6143.363,6145.925,2.561999999999898,SPEAKER_76,I would respect and,4,4,4
CyrusOne/COB_20260323_Imported.mp3,1207,6146.867,6148.788,1.920999999999367,SPEAKER_76,Appreciate your guys' support for this project.,7,7,7
CyrusOne/COB_20260323_Imported.mp3,1208,6148.808,6149.128,0.31999999999970896,SPEAKER_76,Thank you.,2,2,2
CyrusOne/COB_20260323_Imported.mp3,1209,6149.768,6150.168,0.3999999999996362,SPEAKER_28,Thank you.,2,2,2
CyrusOne/COB_20260323_Imported.mp3,1210,6150.788,6151.068,0.28000000000065484,SPEAKER_28,Next.,1,1,1
CyrusOne/COB_20260323_Imported.mp3,1211,6155.07,6155.65,0.5799999999999272,SPEAKER_28,Next speaker.,2,2,2
CyrusOne/COB_20260323_Imported.mp3,1212,6156.67,6157.011,0.34100000000034925,SPEAKER_47,Hello.,1,1,1
CyrusOne/COB_20260323_Imported.mp3,1213,6157.091,6158.471,1.3799999999991996,SPEAKER_47,My name is Sarah Blanco.,5,5,5
CyrusOne/COB_20260323_Imported.mp3,1214,6158.731,6163.193,4.462000000000444,SPEAKER_47,"I am a resident of Springfield, and I am a member of AFSCME Local 3738.",15,15,15
CyrusOne/COB_20260323_Imported.mp3,1215,6165.173,6176.038,10.864999999999782,SPEAKER_47,"I am against this data center because I grew up in a small town, and this all looks so familiar in the attitudes I'm seeing towards people who live in rural areas.",32,32,32
CyrusOne/COB_20260323_Imported.mp3,1216,6176.838,6189.543,12.704999999999927,SPEAKER_47,"The first meeting like this I ever attended, I was probably in about fifth grade, General Electric was coming to town and trying to put in a nuclear reprocessing project that had just messed up the water.",37,37,37
CyrusOne/COB_20260323_Imported.mp3,1217,6190.343,6192.384,2.0410000000001673,SPEAKER_47,in a town a little ways away.,7,7,7
CyrusOne/COB_20260323_Imported.mp3,1218,6192.464,6194.025,1.5609999999996944,SPEAKER_47,"Thankfully, it did not go through.",6,6,6
CyrusOne/COB_20260323_Imported.mp3,1219,6194.665,6203.529,8.864000000000487,SPEAKER_47,"But I am no stranger to how these corporations see rural areas and are like, oh, we'll put this dangerous thing there.",22,22,22
CyrusOne/COB_20260323_Imported.mp3,1220,6204.189,6205.249,1.0599999999994907,SPEAKER_47,The people there don't matter.,5,5,5
CyrusOne/COB_20260323_Imported.mp3,1221,6205.629,6207.29,1.6610000000000582,SPEAKER_47,And I think that's disgusting.,5,5,5
CyrusOne/COB_20260323_Imported.mp3,1222,6208.611,6210.712,2.1010000000005675,SPEAKER_47,I'm also speaking as a union member.,7,7,7
CyrusOne/COB_20260323_Imported.mp3,1223,6210.852,6213.173,2.3209999999999127,SPEAKER_47,I am a librarian.,4,4,4
CyrusOne/COB_20260323_Imported.mp3,1224,6213.193,6216.974,3.780999999999949,SPEAKER_47,I work in a job that cannot be replaced by AI.,11,11,11
CyrusOne/COB_20260323_Imported.mp3,1225,6219.648,6223.371,3.7229999999999563,SPEAKER_47,work with people on a daily basis who struggle with technology.,11,11,11
CyrusOne/COB_20260323_Imported.mp3,1226,6223.471,6227.814,4.343000000000757,SPEAKER_47,My job requires sharp critical thinking and customer service skills.,10,10,10
CyrusOne/COB_20260323_Imported.mp3,1227,6228.875,6230.876,2.0010000000002037,SPEAKER_47,I know that my job can't replace by AI.,9,9,9
CyrusOne/COB_20260323_Imported.mp3,1228,6230.896,6240.262,9.365999999999985,SPEAKER_47,I also know that that is not going to stop some corner cutting bureaucrat at some point from trying to replace my job with AI.,25,25,25
CyrusOne/COB_20260323_Imported.mp3,1229,6240.282,6247.968,7.685999999999694,SPEAKER_47,"And I ask everyone who is claiming to care about workers when they're making their decision on this,",18,18,18
CyrusOne/COB_20260323_Imported.mp3,1230,6249.03,6260.32,11.289999999999964,SPEAKER_47,"think about how AI is being rolled out, how it's expected to put so many people out of work, which isn't just bad for the workers, but bad for everyone they serve.",32,32,32
CyrusOne/COB_20260323_Imported.mp3,1231,6262.102,6270.25,8.148000000000138,SPEAKER_47,So I am going to ask the same question I have asked in probably most of my public comments at this point.,22,22,22
CyrusOne/COB_20260323_Imported.mp3,1232,6270.77,6272.092,1.321999999999207,SPEAKER_47,Who does the county board work for?,7,7,7
CyrusOne/COB_20260323_Imported.mp3,1233,6273.187,6278.411,5.22400000000016,SPEAKER_47,"Do you work for the Springfield Sangamon Growth Alliance, for your donors, for the moneyed interest?",16,16,16
CyrusOne/COB_20260323_Imported.mp3,1234,6278.451,6278.671,0.22000000000025466,SPEAKER_47,Thank you.,2,2,2
CyrusOne/COB_20260323_Imported.mp3,1235,6278.931,6279.411,0.48000000000047294,SPEAKER_28,That's time.,2,2,2
CyrusOne/COB_20260323_Imported.mp3,1236,6279.751,6280.152,0.40099999999983993,SPEAKER_28,Thank you.,2,2,2
CyrusOne/COB_20260323_Imported.mp3,1237,6280.532,6281.232,0.6999999999998181,SPEAKER_28,Thank you very much.,4,4,4
CyrusOne/COB_20260323_Imported.mp3,1238,6281.933,6282.633,0.6999999999998181,SPEAKER_28,Next speaker.,2,2,2
CyrusOne/COB_20260323_Imported.mp3,1239,6289.118,6291.579,2.4609999999993306,SPEAKER_28,Thank you very much for operating that time clock there.,10,10,10
CyrusOne/COB_20260323_Imported.mp3,1240,6291.679,6291.98,0.30099999999947613,SPEAKER_28,Go ahead.,2,2,2
CyrusOne/COB_20260323_Imported.mp3,1241,6292.2,6292.76,0.5600000000004002,SPEAKER_43,Good evening.,2,2,2
CyrusOne/COB_20260323_Imported.mp3,1242,6293.14,6296.743,3.6030000000000655,SPEAKER_43,It has been said you can't build long-term futures from short-term thinking.,12,12,12
CyrusOne/COB_20260323_Imported.mp3,1243,6297.365,6310.752,13.387000000000626,SPEAKER_43,"Say no to short-term tax breadcrumbs from a $15 billion out-of-state company that will further raise our electric bills, take farmland permanently out of production, and eventually give us another property to sit for decades as an eyesore with the burden on us to clean up.",46,46,46
CyrusOne/COB_20260323_Imported.mp3,1244,6311.513,6313.854,2.3410000000003492,SPEAKER_43,Cyrus One's community promises remind me of Nestle.,8,8,8
CyrusOne/COB_20260323_Imported.mp3,1245,6314.194,6318.817,4.6229999999995925,SPEAKER_43,They build playgrounds and infrastructure locally while draining the aquifer and selling your water back to you.,17,17,17
CyrusOne/COB_20260323_Imported.mp3,1246,6319.277,6324.38,5.1030000000000655,SPEAKER_43,"And similar to CO2 pipelines, only those making money off of the project are in favor of the project.",19,19,19
CyrusOne/COB_20260323_Imported.mp3,1247,6325.016,6330.002,4.986000000000786,SPEAKER_43,"If they cared so much about union labor, they wouldn't use pre-fab modules for construction.",15,15,15
CyrusOne/COB_20260323_Imported.mp3,1248,6331.266,6336.528,5.262000000000626,SPEAKER_43,I certainly hope everyone thinking about voting yes tonight has each of those bribes in legally binding writing.,18,18,18
CyrusOne/COB_20260323_Imported.mp3,1249,6337.168,6348.053,10.885000000000218,SPEAKER_43,"I'm here tonight calling for a 90-day pause on this vote, as Chairman Andy Van Meter himself said is a legal option, specifically to give the Illinois State Legislature an opportunity to pass data center regulation next month.",38,38,38
CyrusOne/COB_20260323_Imported.mp3,1250,6348.473,6353.115,4.641999999999825,SPEAKER_43,"This is not a kick the can without end, but a meaningful pause with a definitive end.",17,17,17
CyrusOne/COB_20260323_Imported.mp3,1251,6353.795,6358.377,4.582000000000335,SPEAKER_43,"We are addressing this project at a county level, but the strain on our electric grid is a larger issue.",20,20,20
CyrusOne/COB_20260323_Imported.mp3,1252,6359.133,6364.236,5.1030000000000655,SPEAKER_43,70% of the rise in our electric costs across the nation last year were from data centers.,17,17,17
CyrusOne/COB_20260323_Imported.mp3,1253,6364.876,6369.859,4.983000000000175,SPEAKER_43,"Remember, this center specifically plans to use the same amount of energy as hundreds of thousands of homes.",18,18,18
CyrusOne/COB_20260323_Imported.mp3,1254,6370.279,6377.263,6.983999999999469,SPEAKER_43,"Sangamon County has fewer than 100,000, so that's about four times as much energy use as all of the homes in our entire county.",24,24,24
CyrusOne/COB_20260323_Imported.mp3,1255,6377.724,6383.467,5.742999999999483,SPEAKER_43,"And as we all know, adding to demand without adding to supply will increase costs, period.",16,16,16
CyrusOne/COB_20260323_Imported.mp3,1256,6384.379,6394.446,10.067000000000007,SPEAKER_43,Cyrus One's lawyer failed to mention the majority of county board members had no idea this project would come to light three months after the essentially non-regulatory zoning ordinance was snuck in.,32,32,32
CyrusOne/COB_20260323_Imported.mp3,1257,6395.186,6396.728,1.542000000000371,SPEAKER_43,That was not an informed decision.,6,6,6
CyrusOne/COB_20260323_Imported.mp3,1258,6397.208,6401.411,4.203000000000429,SPEAKER_43,"There might not have been an NDA, but SSGA certainly held that information tightly.",14,14,14
CyrusOne/COB_20260323_Imported.mp3,1259,6402.024,6406.465,4.4409999999998035,SPEAKER_43,They also failed to mention they're currently being sued in Aurora because that's the only recourse.,16,16,16
CyrusOne/COB_20260323_Imported.mp3,1260,6406.725,6407.725,1.0,SPEAKER_43,Let's not be next.,4,4,4
CyrusOne/COB_20260323_Imported.mp3,1261,6408.445,6412.506,4.061000000000604,SPEAKER_43,The county board members whose districts are in and closest to the center don't want it.,16,16,16
CyrusOne/COB_20260323_Imported.mp3,1262,6413.006,6413.747,0.7409999999999854,SPEAKER_43,The data center.,3,3,3
CyrusOne/COB_20260323_Imported.mp3,1263,6413.867,6414.407,0.5399999999999636,SPEAKER_28,That's time.,2,2,2
CyrusOne/COB_20260323_Imported.mp3,1264,6414.487,6414.967,0.47999999999956344,SPEAKER_28,Thank you.,2,2,2
CyrusOne/COB_20260323_Imported.mp3,1265,6415.707,6416.327,0.6199999999998909,SPEAKER_28,Next speaker.,2,2,2
CyrusOne/COB_20260323_Imported.mp3,1266,6422.408,6422.729,0.3209999999999127,SPEAKER_59,Hello.,1,1,1
CyrusOne/COB_20260323_Imported.mp3,1267,6422.809,6429.25,6.4409999999998035,SPEAKER_59,"My name is Brent Coleman, and I usually only come up here and talk about community things, so all of the numbers that are going on with all the lawyers.",30,30,30
CyrusOne/COB_20260323_Imported.mp3,1268,6429.871,6430.832,0.9610000000002401,SPEAKER_59,don't really much mind.,4,4,4
CyrusOne/COB_20260323_Imported.mp3,1269,6431.432,6442.397,10.965000000000146,SPEAKER_59,But what is abhorrent to me is the psychological gameplay of bringing all of our labor workers in here in order to try to put them against our communities and everything that goes along with it.,36,36,36
CyrusOne/COB_20260323_Imported.mp3,1270,6443.038,6445.379,2.3410000000003492,SPEAKER_59,We absolutely love our labor workers.,6,6,6
CyrusOne/COB_20260323_Imported.mp3,1271,6445.639,6447.34,1.7010000000000218,SPEAKER_59,We're all labor workers.,4,4,4
CyrusOne/COB_20260323_Imported.mp3,1272,6447.38,6450.081,2.701000000000022,SPEAKER_59,We're doing our best to get by any way that we can.,12,12,12
CyrusOne/COB_20260323_Imported.mp3,1273,6450.601,6454.223,3.6220000000002983,SPEAKER_59,"Making it up, us versus them, is simply abhorrent.",9,9,9
CyrusOne/COB_20260323_Imported.mp3,1274,6454.683,6457.745,3.061999999999898,SPEAKER_59,Someone trying to live their lives and get money and pay their bills,13,13,13
CyrusOne/COB_20260323_Imported.mp3,1275,6459.341,6461.322,1.9809999999997672,SPEAKER_59,is what everybody is trying to do.,7,7,7
CyrusOne/COB_20260323_Imported.mp3,1276,6461.842,6468.386,6.5440000000007785,SPEAKER_59,Our communities that go along with it are also trying to live their lives and make their families happy and have the posterity.,23,23,23
CyrusOne/COB_20260323_Imported.mp3,1277,6468.706,6469.526,0.819999999999709,SPEAKER_70,Why do you keep breaking?,5,5,5
CyrusOne/COB_20260323_Imported.mp3,1278,6469.946,6474.829,4.882999999999811,SPEAKER_59,The posterity in order to go through and live everything that goes along with it.,15,15,15
CyrusOne/COB_20260323_Imported.mp3,1279,6475.489,6483.934,8.445000000000618,SPEAKER_59,"I am upset about this, about the fact that a giant corporation can come in and try to say that it's your guys' fault that they're not able to get their job done.",33,33,33
CyrusOne/COB_20260323_Imported.mp3,1280,6484.474,6486.295,1.8209999999999127,SPEAKER_59,That is ridiculous.,3,3,3
CyrusOne/COB_20260323_Imported.mp3,1281,6489.254,6489.654,0.4000000000005457,SPEAKER_28,Thank you.,2,2,2
CyrusOne/COB_20260323_Imported.mp3,1282,6489.734,6491.335,1.600999999999658,SPEAKER_28,Next speaker.,2,2,2
CyrusOne/COB_20260323_Imported.mp3,1283,6492.995,6494.616,1.6210000000000946,SPEAKER_04,"Hi, my name is Claire Hoff from McKinney.",8,8,8
CyrusOne/COB_20260323_Imported.mp3,1284,6494.636,6497.797,3.1609999999991487,SPEAKER_04,I'm going to echo what many people have said here tonight about mental health and wellness.,16,16,16
CyrusOne/COB_20260323_Imported.mp3,1285,6497.837,6506.08,8.242999999999483,SPEAKER_04,"First, I'd like to acknowledge the hard work of the Massey Commission for getting the 708 Mental Health Board on the ballot and for St. Norman County coming out and voting and showing that we care about mental health and wellness.",41,41,41
CyrusOne/COB_20260323_Imported.mp3,1286,6506.58,6507.48,0.8999999999996362,SPEAKER_04,This company doesn't.,3,3,3
CyrusOne/COB_20260323_Imported.mp3,1287,6507.94,6510.861,2.9210000000002765,SPEAKER_04,Data centers are exactly the opposite of mental health and wellness.,11,11,11
CyrusOne/COB_20260323_Imported.mp3,1288,6510.881,6512.402,1.5209999999997308,SPEAKER_04,We've heard all of the research tonight.,7,7,7
CyrusOne/COB_20260323_Imported.mp3,1289,6512.442,6513.682,1.2399999999997817,SPEAKER_04,You can go and do more.,6,6,6
CyrusOne/COB_20260323_Imported.mp3,1290,6513.802,6515.163,1.3609999999998763,SPEAKER_04,It distorts sleep cycles.,4,4,4
CyrusOne/COB_20260323_Imported.mp3,1291,6515.737,6518.358,2.6210000000000946,SPEAKER_04,It causes anxiety.,3,3,3
CyrusOne/COB_20260323_Imported.mp3,1292,6518.398,6519.418,1.019999999999527,SPEAKER_04,It causes stress.,3,3,3
CyrusOne/COB_20260323_Imported.mp3,1293,6519.898,6522.118,2.2200000000002547,SPEAKER_04,Long-term noise exposure does that.,5,5,5
CyrusOne/COB_20260323_Imported.mp3,1294,6522.618,6525.599,2.980999999999767,SPEAKER_04,There's not a need to vote on this tonight other than no.,12,12,12
CyrusOne/COB_20260323_Imported.mp3,1295,6525.899,6528.6,2.701000000000022,SPEAKER_04,"When we reach out to you as community members, we expect a response.",13,13,13
CyrusOne/COB_20260323_Imported.mp3,1296,6528.64,6530.78,2.139999999999418,SPEAKER_04,The response we expect tonight is a no vote on this.,11,11,11
CyrusOne/COB_20260323_Imported.mp3,1297,6530.88,6532.44,1.5599999999994907,SPEAKER_04,We need more time to do more research.,8,8,8
CyrusOne/COB_20260323_Imported.mp3,1298,6532.48,6535.061,2.581000000000131,SPEAKER_04,Short-term gains should not be traded for long-term destruction.,9,9,9
CyrusOne/COB_20260323_Imported.mp3,1299,6535.481,6539.722,4.2409999999999854,SPEAKER_04,"You are beholden to your county constituents, and you need to remember we will hold you accountable.",17,17,17
CyrusOne/COB_20260323_Imported.mp3,1300,6540.142,6545.223,5.081000000000131,SPEAKER_04,"In closing, I'd like just to remind you of BP, Exxon, DuPont, Three Mile Island, Cypress One.",17,17,17
CyrusOne/COB_20260323_Imported.mp3,1301,6549.329,6550.29,0.9610000000002401,SPEAKER_13,Next speaker.,2,2,2
CyrusOne/COB_20260323_Imported.mp3,1302,6553.072,6553.592,0.5199999999995271,SPEAKER_13,Good evening.,2,2,2
CyrusOne/COB_20260323_Imported.mp3,1303,6553.652,6554.713,1.0609999999996944,SPEAKER_13,My name is Mike Murphy.,5,5,5
CyrusOne/COB_20260323_Imported.mp3,1304,6554.773,6562.92,8.146999999999935,SPEAKER_13,"I'm president and CEO of the Greater Springfield Chamber of Commerce, and I want to thank the board members for allowing me the opportunity to talk in favor of this project.",31,31,31
CyrusOne/COB_20260323_Imported.mp3,1305,6564.061,6571.867,7.806000000000495,SPEAKER_13,"I look forward to the beginning of construction when we will have, as has been mentioned several times, 500 local union jobs",22,22,22
CyrusOne/COB_20260323_Imported.mp3,1306,6572.735,6576.739,4.003999999999905,SPEAKER_13,that will give them the opportunity to support all of our businesses in our community.,15,15,15
CyrusOne/COB_20260323_Imported.mp3,1307,6577.099,6582.765,5.666000000000167,SPEAKER_13,"I talk all the time, do business with somebody who can do business with you, and that's exactly what this project will do.",23,23,23
CyrusOne/COB_20260323_Imported.mp3,1308,6583.648,6592.817,9.168999999999869,SPEAKER_13,"Once it's completed, I look forward to having the technology that we will need to make sure our businesses can advance and stay competitive.",24,24,24
CyrusOne/COB_20260323_Imported.mp3,1309,6593.738,6595.98,2.2419999999992797,SPEAKER_13,I started in business in 1979.,6,6,6
CyrusOne/COB_20260323_Imported.mp3,1310,6596.04,6598.222,2.181999999999789,SPEAKER_13,I sold my last business in 2017.,7,7,7
CyrusOne/COB_20260323_Imported.mp3,1311,6598.562,6600.965,2.4030000000002474,SPEAKER_13,And I can tell you the biggest change was technology.,10,10,10
CyrusOne/COB_20260323_Imported.mp3,1312,6601.305,6602.586,1.280999999999949,SPEAKER_13,And that's not going to stop.,6,6,6
CyrusOne/COB_20260323_Imported.mp3,1313,6602.987,6604.108,1.1210000000000946,SPEAKER_13,So we need this.,4,4,4
CyrusOne/COB_20260323_Imported.mp3,1314,6604.488,6608.552,4.063999999999396,SPEAKER_13,"I hear some arguments against it, but we will need this to stay competitive.",14,14,14
CyrusOne/COB_20260323_Imported.mp3,1315,6609.043,6615.632,6.588999999999942,SPEAKER_13,"Finally, I want to thank Cyrus One for picking our community for a $500 million investment plus.",17,17,17
CyrusOne/COB_20260323_Imported.mp3,1316,6616.173,6617.475,1.3020000000005894,SPEAKER_13,I really appreciate that.,4,4,4
CyrusOne/COB_20260323_Imported.mp3,1317,6617.495,6624.965,7.470000000000255,SPEAKER_13,I also want to thank the Springfield Sangamon Growth Alliance for their hard work on bringing this project to where it is today.,23,23,23
CyrusOne/COB_20260323_Imported.mp3,1318,6628.226,6629.907,1.6810000000004948,SPEAKER_13,they haven't put a penny in my pocket.,8,8,8
CyrusOne/COB_20260323_Imported.mp3,1319,6630.667,6634.069,3.4020000000000437,SPEAKER_13,"And once again, thank you board, and I appreciate a yes vote.",12,12,12
CyrusOne/COB_20260323_Imported.mp3,1320,6635.07,6635.43,0.3600000000005821,SPEAKER_13,Thank you.,2,2,2
CyrusOne/COB_20260323_Imported.mp3,1321,6635.55,6636.111,0.5609999999996944,SPEAKER_13,Next speaker.,2,2,2
CyrusOne/COB_20260323_Imported.mp3,1322,6638.532,6642.614,4.081999999999425,SPEAKER_28,"Mr. Davis, thank you very much for running that clock there.",11,11,11
CyrusOne/COB_20260323_Imported.mp3,1323,6642.874,6644.195,1.3209999999999127,SPEAKER_28,It's really nice of you to do.,7,7,7
CyrusOne/COB_20260323_Imported.mp3,1324,6644.215,6644.555,0.3400000000001455,SPEAKER_28,Thank you.,2,2,2
CyrusOne/COB_20260323_Imported.mp3,1325,6644.575,6645.756,1.1810000000004948,SPEAKER_65,Hopefully they don't take my phone from me.,8,8,8
CyrusOne/COB_20260323_Imported.mp3,1326,6646.016,6647.337,1.3210000000008222,SPEAKER_28,Go ahead.,2,2,2
CyrusOne/COB_20260323_Imported.mp3,1327,6648.057,6648.878,0.8209999999999127,SPEAKER_28,"Next speaker, go ahead.",4,4,4
CyrusOne/COB_20260323_Imported.mp3,1328,6650.479,6651.499,1.019999999999527,SPEAKER_24,Can everybody hear me?,4,4,4
CyrusOne/COB_20260323_Imported.mp3,1329,6653.44,6653.921,0.48100000000067666,SPEAKER_24,"Okay, good.",2,2,2
CyrusOne/COB_20260323_Imported.mp3,1330,6654.721,6656.002,1.2810000000008586,SPEAKER_24,"Now, my name is Ruben.",5,5,5
CyrusOne/COB_20260323_Imported.mp3,1331,6656.382,6657.703,1.3210000000008222,SPEAKER_24,I'm a Springfield resident.,4,4,4
CyrusOne/COB_20260323_Imported.mp3,1332,6658.347,6659.428,1.081000000000131,SPEAKER_24,I am an animator.,4,4,4
CyrusOne/COB_20260323_Imported.mp3,1333,6659.548,6661.49,1.9420000000000073,SPEAKER_24,I upload cartoons and stuff online.,6,6,6
CyrusOne/COB_20260323_Imported.mp3,1334,6661.91,6671.758,9.847999999999956,SPEAKER_24,"And as much as I am in massive support of union construction jobs, I feel like building a data center is severely misguided for many of the reasons that have been brought up tonight.",34,34,34
CyrusOne/COB_20260323_Imported.mp3,1335,6672.318,6681.205,8.886999999999716,SPEAKER_24,"Also, in addition to the fact that these kind of centers, they produce like AI-generated art and cartoons and stuff, and that's just, that would put me out of a job.",31,31,31
CyrusOne/COB_20260323_Imported.mp3,1336,6682.606,6687.25,4.644000000000233,SPEAKER_24,"However, like I said, I do support union construction jobs.",10,10,10
CyrusOne/COB_20260323_Imported.mp3,1337,6688.178,6696.029,7.8510000000005675,SPEAKER_24,And I think we should be using that energy to build affordable housing right here on all these barren lots in downtown.,22,22,22
CyrusOne/COB_20260323_Imported.mp3,1338,6699.385,6705.148,5.76299999999992,SPEAKER_24,All of our local businesses in downtown will finally get the daily foot traffic to keep their doors open.,19,19,19
CyrusOne/COB_20260323_Imported.mp3,1339,6705.908,6723.876,17.967999999999847,SPEAKER_24,"And it would also, with all these new people living in downtown, it would create a tax base that Singamon County has never seen before that could fund so many local stuff like schools, libraries, the rail improvement project, which could eventually lay the groundwork for high-speed rail connecting us to some of our biggest cities in the region.",59,59,59
CyrusOne/COB_20260323_Imported.mp3,1340,6726.077,6727.358,1.280999999999949,SPEAKER_24,"It's your choice, Singamon County.",5,5,5
CyrusOne/COB_20260323_Imported.mp3,1341,6727.748,6732.631,4.88300000000072,SPEAKER_24,"We can build the data center, but we can build something that could benefit everybody.",15,15,15
CyrusOne/COB_20260323_Imported.mp3,1342,6735.192,6735.673,0.48099999999976717,SPEAKER_28,Thank you.,2,2,2
CyrusOne/COB_20260323_Imported.mp3,1343,6736.993,6738.114,1.120999999999185,SPEAKER_28,Next speaker.,2,2,2
CyrusOne/COB_20260323_Imported.mp3,1344,6746.139,6746.659,0.5199999999995271,SPEAKER_23,Good evening.,2,2,2
CyrusOne/COB_20260323_Imported.mp3,1345,6746.759,6752.162,5.403000000000247,SPEAKER_23,"My name is Amy McDaniels, and I'm a nearly lifelong Sangamon County resident and a member of a union household.",20,20,20
CyrusOne/COB_20260323_Imported.mp3,1346,6752.622,6757.045,4.4229999999997744,SPEAKER_23,I'm here tonight because there is nothing about this data center project that benefits Sangamon County.,16,16,16
CyrusOne/COB_20260323_Imported.mp3,1347,6757.465,6775.223,17.75799999999981,SPEAKER_23,"If the board approves this project, you will be selling us out for $30 million over 20 years, or $1.5 million, while Macoupin County receives nearly $70 million, and none of the overtly harmful environmental damages this project will cause to the people of Sangamon County.",46,46,46
CyrusOne/COB_20260323_Imported.mp3,1348,6775.923,6779.387,3.463999999999942,SPEAKER_23,This supposed financial windfall from this project is a farce.,10,10,10
CyrusOne/COB_20260323_Imported.mp3,1349,6779.72,6791.778,12.057999999999993,SPEAKER_23,"just like so many of the other promises made by Cyrus One, who, as a reminder, is a multi-billion dollar out-of-state company who is beholden only to their shareholders and clients and not to this community.",36,36,36
CyrusOne/COB_20260323_Imported.mp3,1350,6792.305,6799.247,6.942000000000007,SPEAKER_23,It takes a simple Google search to see their blatant lack of care for the community they place these centers in.,21,21,21
CyrusOne/COB_20260323_Imported.mp3,1351,6799.748,6806.67,6.92200000000048,SPEAKER_23,The people of Aurora are tormented day and night by the incessant noise pollution produced by the Cyrus One data center.,21,21,21
CyrusOne/COB_20260323_Imported.mp3,1352,6807.07,6819.054,11.984000000000378,SPEAKER_23,"Aurora is in the midst of rewriting their regulations due to the disturbances caused by Cyrus One data center, and the Aurora Director of Sustainability admits that the changes to regulations will only impact new projects.",36,36,36
CyrusOne/COB_20260323_Imported.mp3,1353,6819.628,6827.532,7.904000000000451,SPEAKER_23,"If this board votes yes on this project, you will be setting a precedent that is so harmful it is truly difficult to fully realize.",25,25,25
CyrusOne/COB_20260323_Imported.mp3,1354,6828.152,6841.219,13.067000000000007,SPEAKER_23,I attended the zoning board meeting last week and was beyond dismayed to learn that the current zoning rules which this project falls under will not protect us when Cyrus 1 goes back on their promises.,36,36,36
CyrusOne/COB_20260323_Imported.mp3,1355,6841.299,6849.223,7.923999999999978,SPEAKER_23,The county board does not have the administrator infrastructure in place to take on Cyrus 1 or to hold them accountable when that time comes.,25,25,25
CyrusOne/COB_20260323_Imported.mp3,1356,6849.805,6853.468,3.662999999999556,SPEAKER_23,We have no reason to believe Cyrus 1 will be a good neighbor.,13,13,13
CyrusOne/COB_20260323_Imported.mp3,1357,6853.828,6858.111,4.282999999999447,SPEAKER_23,"In fact, we have all of the information needed to see that it will be the opposite.",17,17,17
CyrusOne/COB_20260323_Imported.mp3,1358,6858.432,6860.573,2.141000000000531,SPEAKER_23,And we only need to look to Aurora.,8,8,8
CyrusOne/COB_20260323_Imported.mp3,1359,6860.934,6861.954,1.019999999999527,SPEAKER_23,We aren't special.,3,3,3
CyrusOne/COB_20260323_Imported.mp3,1360,6861.974,6863.776,1.8019999999996799,SPEAKER_23,This project isn't special to them.,6,6,6
CyrusOne/COB_20260323_Imported.mp3,1361,6863.836,6869.06,5.22400000000016,SPEAKER_23,"This is just another day for Cyrus 1, but this is a monumental day for Sangamon County.",17,17,17
CyrusOne/COB_20260323_Imported.mp3,1362,6869.18,6869.66,0.47999999999956344,SPEAKER_28,Thank you.,2,2,2
CyrusOne/COB_20260323_Imported.mp3,1363,6869.74,6870.581,0.8410000000003492,SPEAKER_23,Vote no.,2,2,2
CyrusOne/COB_20260323_Imported.mp3,1364,6870.841,6871.522,0.6809999999995853,SPEAKER_28,Next speaker.,2,2,2
CyrusOne/COB_20260323_Imported.mp3,1365,6871.542,6873.663,2.120999999999185,SPEAKER_28,Next speaker.,2,2,2
CyrusOne/COB_20260323_Imported.mp3,1366,6874.124,6874.364,0.23999999999978172,SPEAKER_28,Just...,1,1,1
CyrusOne/COB_20260323_Imported.mp3,1367,6875.472,6883.837,8.365000000000691,SPEAKER_28,"Just to those standing in line, you're welcome to comment tonight, but just think, if your comment has already been made, it's not necessary to add to it.",28,28,28
CyrusOne/COB_20260323_Imported.mp3,1368,6884.077,6884.457,0.38000000000010914,SPEAKER_28,Go ahead.,2,2,2
CyrusOne/COB_20260323_Imported.mp3,1369,6884.517,6885.077,0.5600000000004002,SPEAKER_28,Next speaker.,2,2,2
CyrusOne/COB_20260323_Imported.mp3,1370,6885.818,6886.398,0.5799999999999272,SPEAKER_28,Next speaker.,2,2,2
CyrusOne/COB_20260323_Imported.mp3,1371,6889.54,6889.8,0.2600000000002183,SPEAKER_45,Okay.,1,1,1
CyrusOne/COB_20260323_Imported.mp3,1372,6890.28,6891.08,0.8000000000001819,SPEAKER_45,I'm going to have to push it.,7,7,7
CyrusOne/COB_20260323_Imported.mp3,1373,6891.121,6891.441,0.31999999999970896,SPEAKER_45,Hold on.,2,2,2
CyrusOne/COB_20260323_Imported.mp3,1374,6892.201,6892.461,0.2600000000002183,SPEAKER_45,Okay.,1,1,1
CyrusOne/COB_20260323_Imported.mp3,1375,6892.561,6892.761,0.2000000000007276,SPEAKER_45,Hi.,1,1,1
CyrusOne/COB_20260323_Imported.mp3,1376,6892.801,6893.262,0.4609999999993306,SPEAKER_45,Good evening.,2,2,2
CyrusOne/COB_20260323_Imported.mp3,1377,6893.302,6894.502,1.2000000000007276,SPEAKER_45,My name is Jordan Shaw.,5,5,5
CyrusOne/COB_20260323_Imported.mp3,1378,6895.043,6903.027,7.984000000000378,SPEAKER_45,"I am, to be honest, a recent resident of Sangamon County, but before that, I have lived my entire life in Vernon, Illinois, Macoupin County.",25,25,25
CyrusOne/COB_20260323_Imported.mp3,1379,6903.566,6907.93,4.3640000000004875,SPEAKER_45,"So I'm here tonight not only as a Sangamon County resident, but a previous Verdon resident.",16,16,16
CyrusOne/COB_20260323_Imported.mp3,1380,6908.991,6915.476,6.484999999999673,SPEAKER_45,"I urge and recommend you to vote no on the data center, not only for Sangamon County, but also the neighboring counties.",22,22,22
CyrusOne/COB_20260323_Imported.mp3,1381,6915.896,6926.805,10.90900000000056,SPEAKER_45,"Apologies for having to repeat what somebody else previously stated, but not only is it going to affect Morgan County, as in Waverly, but also Macoupin County, because Verdon, the majority of it is in Macoupin.",36,36,36
CyrusOne/COB_20260323_Imported.mp3,1382,6926.825,6930.128,3.3029999999998836,SPEAKER_45,There's only just a little spot of it that's technically Sangamon.,11,11,11
CyrusOne/COB_20260323_Imported.mp3,1383,6931.253,6940.756,9.503000000000611,SPEAKER_45,"I am very concerned about what is going to happen to not only with the noise pollution and the pollution, but also what's going to happen to the workers.",29,29,29
CyrusOne/COB_20260323_Imported.mp3,1384,6941.316,6946.578,5.262000000000626,SPEAKER_45,"When things eventually start to fall apart, they will be blamed for it, and that is not their fault.",19,19,19
CyrusOne/COB_20260323_Imported.mp3,1385,6946.738,6954.281,7.542999999999665,SPEAKER_45,I do not want anybody to discourage or to reprimand union workers because we are from a union town.,19,19,19
CyrusOne/COB_20260323_Imported.mp3,1386,6955.161,6955.981,0.819999999999709,SPEAKER_45,We love unions.,3,3,3
CyrusOne/COB_20260323_Imported.mp3,1387,6956.001,6957.622,1.6210000000000946,SPEAKER_45,"We're pro-union, of course, but...",5,5,5
CyrusOne/COB_20260323_Imported.mp3,1388,6958.186,6967.75,9.564000000000306,SPEAKER_45,"I am deeply concerned that when this falls and this just completely go back on their word or things go awry, they're going to blame the workers.",27,27,27
CyrusOne/COB_20260323_Imported.mp3,1389,6967.77,6975.093,7.322999999999411,SPEAKER_45,They're going to blame the unfortunate people who are in this situation who just wanted to get a job and be able to take care of their family.,28,28,28
CyrusOne/COB_20260323_Imported.mp3,1390,6976.013,6984.477,8.463999999999942,SPEAKER_45,"So respectfully, I'm asking for you to vote no on the data center and not only care for the citizens of Sangamon County, but also care for the rural towns.",30,30,30
CyrusOne/COB_20260323_Imported.mp3,1391,6985.085,6990.888,5.802999999999884,SPEAKER_45,"that is not just louder, but Waverly, Auburn, Thayer, Verdon, Diverton, all of them.",14,14,14
CyrusOne/COB_20260323_Imported.mp3,1392,6991.049,6992.689,1.6400000000003274,SPEAKER_45,Don't care just about the big cities.,7,7,7
CyrusOne/COB_20260323_Imported.mp3,1393,6992.79,6993.97,1.180000000000291,SPEAKER_45,Also care about the small ones.,6,6,6
CyrusOne/COB_20260323_Imported.mp3,1394,6994.01,6996.071,2.0609999999996944,SPEAKER_45,Thanks for your time.,4,4,4
CyrusOne/COB_20260323_Imported.mp3,1395,6997.352,6997.993,0.6410000000005311,SPEAKER_28,Next speaker.,2,2,2
CyrusOne/COB_20260323_Imported.mp3,1396,6998.013,7002.075,4.061999999999898,SPEAKER_10,Hello.,1,1,1
CyrusOne/COB_20260323_Imported.mp3,1397,7002.155,7003.236,1.081000000000131,SPEAKER_10,My name is Ron Fisher.,5,5,5
CyrusOne/COB_20260323_Imported.mp3,1398,7003.276,7006.277,3.0010000000002037,SPEAKER_10,"I'm from Waverly, Morgan County.",5,5,5
CyrusOne/COB_20260323_Imported.mp3,1399,7006.618,7010.66,4.041999999999462,SPEAKER_10,"This whole thing came on, we learned about it, or I did, about four weeks ago.",16,16,16
CyrusOne/COB_20260323_Imported.mp3,1400,7012.284,7015.987,3.7030000000004293,SPEAKER_10,"And it just seemed like people knew about it in October, I understand.",13,13,13
CyrusOne/COB_20260323_Imported.mp3,1401,7016.707,7020.15,3.4429999999993015,SPEAKER_10,They're looking to us to supply water out of Waverly Lake.,11,11,11
CyrusOne/COB_20260323_Imported.mp3,1402,7020.23,7023.993,3.7630000000008295,SPEAKER_10,Waverly Lake right now is probably at the lowest it's been in about 12 years.,15,15,15
CyrusOne/COB_20260323_Imported.mp3,1403,7024.994,7029.237,4.243000000000393,SPEAKER_10,I've done a lot of research with the Department of Conservation and with the Water Survey Company.,17,17,17
CyrusOne/COB_20260323_Imported.mp3,1404,7030.278,7032.56,2.282000000000153,SPEAKER_10,We don't have the water to supply this.,8,8,8
CyrusOne/COB_20260323_Imported.mp3,1405,7033.487,7041.65,8.162999999999556,SPEAKER_10,Their response is that they have a sealed system that they use in some of these plants where they don't have to draw after they initially fill it up that they can use it.,34,34,34
CyrusOne/COB_20260323_Imported.mp3,1406,7042.091,7043.431,1.339999999999236,SPEAKER_10,But they don't explain it.,5,5,5
CyrusOne/COB_20260323_Imported.mp3,1407,7043.531,7046.613,3.0820000000003347,SPEAKER_10,They also have to go through and clean them pipes out once in a while.,15,15,15
CyrusOne/COB_20260323_Imported.mp3,1408,7046.673,7049.294,2.6210000000000946,SPEAKER_10,It's actually a nanofreeze like you use in your automobile.,10,10,10
CyrusOne/COB_20260323_Imported.mp3,1409,7049.314,7053.035,3.720999999999549,SPEAKER_10,It creates scale and different pollutants in that.,8,8,8
CyrusOne/COB_20260323_Imported.mp3,1410,7053.355,7054.976,1.6210000000000946,SPEAKER_10,They don't explain what we'll do with it.,8,8,8
CyrusOne/COB_20260323_Imported.mp3,1411,7055.456,7058.618,3.162000000000262,SPEAKER_10,All I'm asking is somebody needs to answer some more questions.,11,11,11
CyrusOne/COB_20260323_Imported.mp3,1412,7058.638,7059.398,0.7600000000002183,SPEAKER_10,When they purchase...,3,3,3
CyrusOne/COB_20260323_Imported.mp3,1413,7060.19,7064.692,4.5020000000004075,SPEAKER_10,They say they're buying the water from Apple Creek Water District.,11,11,11
CyrusOne/COB_20260323_Imported.mp3,1414,7064.992,7068.993,4.001000000000204,SPEAKER_10,Apple Creek Water District actually buys water from the city of Waverly.,12,12,12
CyrusOne/COB_20260323_Imported.mp3,1415,7069.453,7071.774,2.3209999999999127,SPEAKER_10,I was involved when there was two sections of it.,10,10,10
CyrusOne/COB_20260323_Imported.mp3,1416,7072.134,7076.116,3.981999999999971,SPEAKER_10,"There's Apple Creek 1, which is south of Waverly, and Apple Creek 2, which is north.",16,16,16
CyrusOne/COB_20260323_Imported.mp3,1417,7076.156,7082.238,6.082000000000335,SPEAKER_10,"We take a big, large area of drainage all the way from the city of Ashland to Waverly.",18,18,18
CyrusOne/COB_20260323_Imported.mp3,1418,7082.358,7086.38,4.0219999999999345,SPEAKER_10,We rebuilt the dam twice since they installed the lake.,10,10,10
CyrusOne/COB_20260323_Imported.mp3,1419,7088.695,7093.498,4.802999999999884,SPEAKER_10,You hear about Apple Creek takes 385 customers on it.,10,10,10
CyrusOne/COB_20260323_Imported.mp3,1420,7093.938,7096.279,2.3410000000003492,SPEAKER_10,We have 600 and something customers on it.,8,8,8
CyrusOne/COB_20260323_Imported.mp3,1421,7096.619,7099.741,3.1220000000002983,SPEAKER_10,"It amounts to 1,007 customers on that lake.",8,8,8
CyrusOne/COB_20260323_Imported.mp3,1422,7100.061,7109.967,9.905999999999949,SPEAKER_10,"And according to 2012 assessment by the Illinois Water thing, it's only supposed to support 770 residents.",17,17,17
CyrusOne/COB_20260323_Imported.mp3,1423,7113.629,7116.451,2.8220000000001164,SPEAKER_10,"So we've already overdrawn that, but we're selling water.",9,9,9
CyrusOne/COB_20260323_Imported.mp3,1424,7116.551,7126.176,9.625,SPEAKER_10,"I don't know where the contract came through or who's involved with it, but like I say, it doesn't seem like our city officials knew too much about this until about four or five weeks ago.",36,36,36
CyrusOne/COB_20260323_Imported.mp3,1425,7126.196,7126.717,0.5209999999997308,SPEAKER_28,That's time.,2,2,2
CyrusOne/COB_20260323_Imported.mp3,1426,7127.057,7127.477,0.42000000000007276,SPEAKER_28,Thank you.,2,2,2
CyrusOne/COB_20260323_Imported.mp3,1427,7128.498,7129.018,0.5200000000004366,SPEAKER_28,Next speaker.,2,2,2
CyrusOne/COB_20260323_Imported.mp3,1428,7129.038,7129.518,0.48000000000047294,SPEAKER_28,One other point.,3,3,3
CyrusOne/COB_20260323_Imported.mp3,1429,7129.538,7130.479,0.941000000000713,SPEAKER_28,"Next speaker, please.",3,3,3
CyrusOne/COB_20260323_Imported.mp3,1430,7130.739,7131.299,0.5600000000004002,SPEAKER_28,That's time.,2,2,2
CyrusOne/COB_20260323_Imported.mp3,1431,7131.499,7131.899,0.4000000000005457,SPEAKER_28,Thank you.,2,2,2
CyrusOne/COB_20260323_Imported.mp3,1432,7132.1,7132.64,0.5399999999999636,SPEAKER_28,Next speaker.,2,2,2
CyrusOne/COB_20260323_Imported.mp3,1433,7139.124,7140.484,1.360000000000582,SPEAKER_01,My name is Ashesta Musdeen.,5,5,5
CyrusOne/COB_20260323_Imported.mp3,1434,7140.524,7141.445,0.920999999999367,SPEAKER_01,I live in Springfield.,4,4,4
CyrusOne/COB_20260323_Imported.mp3,1435,7142.202,7146.923,4.720999999999549,SPEAKER_01,"I'm here to request you to reject, not only delay the proposal.",12,12,12
CyrusOne/COB_20260323_Imported.mp3,1436,7148.443,7155.425,6.981999999999971,SPEAKER_01,I've had the opportunity of living in a city for a few days where the air pollution level is the highest in the world.,24,24,24
CyrusOne/COB_20260323_Imported.mp3,1437,7156.285,7160.366,4.081000000000131,SPEAKER_01,And I can tell you from my personal experience that that's not a good place to be.,17,17,17
CyrusOne/COB_20260323_Imported.mp3,1438,7160.786,7162.266,1.4799999999995634,SPEAKER_01,You would like to stop breathing.,6,6,6
CyrusOne/COB_20260323_Imported.mp3,1439,7163.827,7170.008,6.180999999999585,SPEAKER_01,"People were calling in sick, young people, they were calling in sick because of the air pollution.",17,17,17
CyrusOne/COB_20260323_Imported.mp3,1440,7170.795,7174.556,3.7609999999995125,SPEAKER_01,The children were kept out of school because of air pollution.,11,11,11
CyrusOne/COB_20260323_Imported.mp3,1441,7174.576,7181.177,6.600999999999658,SPEAKER_01,"So all the promises of good jobs and schools that have been made, there will be no people to go to the job.",23,23,23
CyrusOne/COB_20260323_Imported.mp3,1442,7181.937,7183.857,1.9200000000000728,SPEAKER_01,There will be no children to go to their school.,10,10,10
CyrusOne/COB_20260323_Imported.mp3,1443,7185.077,7188.638,3.5609999999996944,SPEAKER_01,So I humbly request you to please absolutely reject this.,10,10,10
CyrusOne/COB_20260323_Imported.mp3,1444,7190.038,7195.379,5.341000000000349,SPEAKER_01,I'll finish with two quotes from local American Indians.,9,9,9
CyrusOne/COB_20260323_Imported.mp3,1445,7196.439,7200.4,3.9609999999993306,SPEAKER_01,"One is, we'll always be remembered by the tax relief.",10,10,10
CyrusOne/COB_20260323_Imported.mp3,1446,7201.177,7202.898,1.7210000000004584,SPEAKER_01,So please be on the right side of the history.,10,10,10
CyrusOne/COB_20260323_Imported.mp3,1447,7203.478,7209.501,6.023000000000138,SPEAKER_01,The second is that we do not inherit this earth from our ancestors.,13,13,13
CyrusOne/COB_20260323_Imported.mp3,1448,7210.001,7211.522,1.5209999999997308,SPEAKER_01,We borrow it from our children.,6,6,6
CyrusOne/COB_20260323_Imported.mp3,1449,7212.022,7213.383,1.3609999999998763,SPEAKER_01,So please look after your children.,6,6,6
CyrusOne/COB_20260323_Imported.mp3,1450,7213.803,7214.203,0.4000000000005457,SPEAKER_01,Thank you.,2,2,2
CyrusOne/COB_20260323_Imported.mp3,1451,7215.444,7215.924,0.47999999999956344,SPEAKER_01,Thank you.,2,2,2
CyrusOne/COB_20260323_Imported.mp3,1452,7216.644,7218.865,2.220999999999549,SPEAKER_28,The next speaker.,3,3,3
CyrusOne/COB_20260323_Imported.mp3,1453,7218.885,7223.928,5.042999999999665,SPEAKER_05,"Hi, my name is Andrea Walters.",6,6,6
CyrusOne/COB_20260323_Imported.mp3,1454,7224.128,7225.528,1.4000000000005457,SPEAKER_05,I do live here in Springfield.,6,6,6
CyrusOne/COB_20260323_Imported.mp3,1455,7226.789,7229.11,2.3209999999999127,SPEAKER_05,Thank you for allowing me to address the council this evening.,11,11,11
CyrusOne/COB_20260323_Imported.mp3,1456,7229.527,7236.272,6.744999999999891,SPEAKER_05,I sent an email last week with numerous articles containing information from professionals addressing the risks associated with data centers.,20,20,20
CyrusOne/COB_20260323_Imported.mp3,1457,7236.972,7239.995,3.0230000000001382,SPEAKER_05,I can provide those references for any of the facts that I mentioned.,13,13,13
CyrusOne/COB_20260323_Imported.mp3,1458,7240.695,7244.398,3.7030000000004293,SPEAKER_05,I am opposed to moving forward with the Cirrus One data center near Auburn.,14,14,14
CyrusOne/COB_20260323_Imported.mp3,1459,7244.918,7256.987,12.069000000000415,SPEAKER_05,I would at the very least ask that you reverse your recent decision and approve a moratorium to allow time for state legislature to be discussed that would provide guardrails and protection for the counties where data centers are built.,40,40,40
CyrusOne/COB_20260323_Imported.mp3,1460,7257.487,7258.628,1.1409999999996217,SPEAKER_05,It's only a month.,4,4,4
CyrusOne/COB_20260323_Imported.mp3,1461,7259.274,7268.639,9.364999999999782,SPEAKER_05,"There's a belief about what you can expect when you're looking for scams, and when somebody is trying to push something quickly, that's a red flag.",26,26,26
CyrusOne/COB_20260323_Imported.mp3,1462,7269.059,7276.083,7.0239999999994325,SPEAKER_05,There's no reason why this shouldn't be delayed until our legislature has a chance to catch up.,17,17,17
CyrusOne/COB_20260323_Imported.mp3,1463,7277.704,7280.866,3.162000000000262,SPEAKER_05,I will skip the part about the noise because I think that's been covered tonight.,15,15,15
CyrusOne/COB_20260323_Imported.mp3,1464,7283.628,7290.233,6.605000000000473,SPEAKER_05,"Increasing dependence on fossil fuels is driving climate change, and this is wrapped around fossil fuels.",16,16,16
CyrusOne/COB_20260323_Imported.mp3,1465,7290.733,7293.355,2.621999999999389,SPEAKER_05,An increase in extreme temperatures and weather events.,8,8,8
CyrusOne/COB_20260323_Imported.mp3,1466,7293.996,7297.018,3.0219999999999345,SPEAKER_05,We are experiencing a drought in Illinois at this time.,10,10,10
CyrusOne/COB_20260323_Imported.mp3,1467,7298.019,7302.222,4.20299999999952,SPEAKER_05,Anyone that has been near Springfield Lake recently can clearly see how low it already is.,16,16,16
CyrusOne/COB_20260323_Imported.mp3,1468,7302.862,7306.585,3.7229999999999563,SPEAKER_05,"Yes, we need progress in business, but not at the cost of our environment.",14,14,14
CyrusOne/COB_20260323_Imported.mp3,1469,7307.746,7312.79,5.043999999999869,SPEAKER_05,The pollution risks that come from data centers emitting nitrogen dioxide and tiny inhalable particles,15,15,15
CyrusOne/COB_20260323_Imported.mp3,1470,7313.19,7315.731,2.5410000000001673,SPEAKER_05,that can harm people's lungs is a big problem.,9,9,9
CyrusOne/COB_20260323_Imported.mp3,1471,7316.211,7324.894,8.682999999999993,SPEAKER_05,"According to the National Institute of Health, the tiny inhalable particles cause between 100 and 200,000 premature deaths each year.",20,20,20
CyrusOne/COB_20260323_Imported.mp3,1472,7325.994,7327.394,1.4000000000005457,SPEAKER_05,What about the financial risk?,5,5,5
CyrusOne/COB_20260323_Imported.mp3,1473,7327.854,7329.675,1.8209999999999127,SPEAKER_05,There's always a risk with investment.,6,6,6
CyrusOne/COB_20260323_Imported.mp3,1474,7330.155,7335.957,5.802000000000589,SPEAKER_05,Numerous sources warn of huge amounts of debt companies are incurring in the race to build more data centers.,19,19,19
CyrusOne/COB_20260323_Imported.mp3,1475,7336.847,7343.997,7.150000000000546,SPEAKER_05,"One expert stated, this is a business model that hasn't exactly proved it can generate revenue or have a stable core to its demand.",24,24,24
CyrusOne/COB_20260323_Imported.mp3,1476,7344.317,7344.878,0.5609999999996944,SPEAKER_28,That's time.,2,2,2
CyrusOne/COB_20260323_Imported.mp3,1477,7345.279,7345.719,0.4399999999995998,SPEAKER_28,Thank you.,2,2,2
CyrusOne/COB_20260323_Imported.mp3,1478,7346.52,7347.341,0.8209999999999127,SPEAKER_05,Thank you very much.,4,4,4
CyrusOne/COB_20260323_Imported.mp3,1479,7349.905,7350.466,0.5610000000006039,SPEAKER_28,Next speaker.,2,2,2
CyrusOne/COB_20260323_Imported.mp3,1480,7353.318,7354.499,1.1809999999995853,SPEAKER_41,"Hello, I'm Robert Oxley.",4,4,4
CyrusOne/COB_20260323_Imported.mp3,1481,7354.959,7355.96,1.0010000000002037,SPEAKER_41,I live in District 7.,5,5,5
CyrusOne/COB_20260323_Imported.mp3,1482,7357.14,7360.342,3.201999999999316,SPEAKER_41,I'm actually an IBW and AFSCME union member.,8,8,8
CyrusOne/COB_20260323_Imported.mp3,1483,7362.023,7364.645,2.6220000000002983,SPEAKER_41,My biggest question is why is this such a big rush?,11,11,11
CyrusOne/COB_20260323_Imported.mp3,1484,7365.305,7369.027,3.7219999999997526,SPEAKER_41,Because this is a huge commitment for all the residents in Sangamon County.,13,13,13
CyrusOne/COB_20260323_Imported.mp3,1485,7370.528,7378.773,8.24499999999989,SPEAKER_41,One of the things I see is right now there's an incentive program from the state of Illinois for data centers that the data center gets,26,26,26
CyrusOne/COB_20260323_Imported.mp3,1486,7381.051,7381.711,0.6599999999998545,SPEAKER_41,tax exempt.,2,2,2
CyrusOne/COB_20260323_Imported.mp3,1487,7382.251,7386.472,4.220999999999549,SPEAKER_41,They get tax credit for 20% of the construction labor that's spent on the job.,15,15,15
CyrusOne/COB_20260323_Imported.mp3,1488,7387.492,7392.314,4.822000000000116,SPEAKER_41,"And to my union members, this PLA, it's not like they gave it to you out of good heart.",19,19,19
CyrusOne/COB_20260323_Imported.mp3,1489,7392.354,7397.575,5.220999999999549,SPEAKER_41,It's because this had to be part of the PLA to do this.,13,13,13
CyrusOne/COB_20260323_Imported.mp3,1490,7398.415,7403.816,5.40099999999984,SPEAKER_41,"Second thing is there's House Bill HB 2789, and it's in committee right now.",14,14,14
CyrusOne/COB_20260323_Imported.mp3,1491,7404.396,7408.377,3.9810000000006767,SPEAKER_41,And this is for keeping the soldier field in Chicago.,10,10,10
CyrusOne/COB_20260323_Imported.mp3,1492,7409.583,7413.065,3.481999999999971,SPEAKER_41,"Now, they've included this to any project over $100 million.",10,10,10
CyrusOne/COB_20260323_Imported.mp3,1493,7414.145,7417.207,3.061999999999898,SPEAKER_41,"They get to keep the tax, property tax rate at where it's at right now.",15,15,15
CyrusOne/COB_20260323_Imported.mp3,1494,7417.987,7422.309,4.322000000000116,SPEAKER_41,So that tax rate is going to be what they're paying for that land right now.,16,16,16
CyrusOne/COB_20260323_Imported.mp3,1495,7422.77,7425.751,2.980999999999767,SPEAKER_41,"There are some caveats, and I won't go into all that.",11,11,11
CyrusOne/COB_20260323_Imported.mp3,1496,7427.372,7434.756,7.3840000000000146,SPEAKER_41,"But there's so many issues and unknowns, you know, if you can't vote no, then I recommend you at least delay vote until all these issues are squared away.",29,29,29
CyrusOne/COB_20260323_Imported.mp3,1497,7436.217,7439.038,2.8209999999999127,SPEAKER_41,"Cyrus 1 states they want to be good neighbors, which I hope so.",13,13,13
CyrusOne/COB_20260323_Imported.mp3,1498,7440.005,7442.428,2.4229999999997744,SPEAKER_41,"But the old saying is, good fences make good neighbors.",10,10,10
CyrusOne/COB_20260323_Imported.mp3,1499,7442.848,7447.814,4.966000000000349,SPEAKER_41,"The fence here is a signed, written contract to keep all the promises they've made in us.",17,17,17
CyrusOne/COB_20260323_Imported.mp3,1500,7449.356,7449.836,0.48000000000047294,SPEAKER_28,Thank you.,2,2,2
CyrusOne/COB_20260323_Imported.mp3,1501,7450.497,7451.679,1.181999999999789,SPEAKER_28,Next speaker.,2,2,2
CyrusOne/COB_20260323_Imported.mp3,1502,7457.465,7458.747,1.2820000000001528,SPEAKER_53,My name is Alexa Martini.,5,5,5
CyrusOne/COB_20260323_Imported.mp3,1503,7459.32,7469.187,9.86700000000019,SPEAKER_53,I am a resident of Auburn and owner of a home built in 1877 that sits along Route 104 just a few miles from the proposed data center site.,29,29,29
CyrusOne/COB_20260323_Imported.mp3,1504,7470.148,7475.692,5.543999999999869,SPEAKER_53,It feels hard to trust this as a big break for Sangamon when 70% of the tax breaks are leaving our county.,22,22,22
CyrusOne/COB_20260323_Imported.mp3,1505,7476.432,7484.455,8.023000000000138,SPEAKER_53,even though many of these trucks will drive directly past my house on Route 104 with a home that sits less than 22 feet from the highway.,27,27,27
CyrusOne/COB_20260323_Imported.mp3,1506,7485.396,7490.378,4.981999999999971,SPEAKER_53,"My sister lives in Auburn with my niece and brother-in-law, which was a huge draw to the area for me.",20,20,20
CyrusOne/COB_20260323_Imported.mp3,1507,7491.23,7495.132,3.9020000000000437,SPEAKER_53,I worry about how this will impact my niece in ways we still don't fully understand.,16,16,16
CyrusOne/COB_20260323_Imported.mp3,1508,7496.133,7504.538,8.404999999999745,SPEAKER_53,I worry about my neighbor who earns just $750 per month in Social Security benefits and $120 per month in food stamps.,22,22,22
CyrusOne/COB_20260323_Imported.mp3,1509,7505.419,7509.641,4.221999999999753,SPEAKER_53,"My energy bills have doubled since moving to Auburn, and that is before the data center is here.",18,18,18
CyrusOne/COB_20260323_Imported.mp3,1510,7510.522,7513.684,3.162000000000262,SPEAKER_53,Where is my neighbor expected to go when she is priced out of living in Auburn?,16,16,16
CyrusOne/COB_20260323_Imported.mp3,1511,7514.204,7515.865,1.6610000000000582,SPEAKER_53,a town she has lived in most of her life.,10,10,10
CyrusOne/COB_20260323_Imported.mp3,1512,7516.365,7520.427,4.061999999999898,SPEAKER_53,Do we care about her health and her future or just 600 jobs?,13,13,13
CyrusOne/COB_20260323_Imported.mp3,1513,7521.047,7525.97,4.923000000000684,SPEAKER_53,"Because I'm very worried about my community, my family, and the future of rural America.",15,15,15
CyrusOne/COB_20260323_Imported.mp3,1514,7526.71,7533.213,6.502999999999702,SPEAKER_53,My mom lives in nearby Thayer where she reads books she checked out from Auburn Library and has wild foxes that visit her.,23,23,23
CyrusOne/COB_20260323_Imported.mp3,1515,7534.013,7538.896,4.882999999999811,SPEAKER_53,She's counted 20 different bird species this year alone.,9,9,9
CyrusOne/COB_20260323_Imported.mp3,1516,7539.576,7541.657,2.081000000000131,SPEAKER_53,She's built herself quite the sanctuary out there.,8,8,8
CyrusOne/COB_20260323_Imported.mp3,1517,7542.358,7544.321,1.962999999999738,SPEAKER_53,"She's worried about her foxes, and I don't blame her.",10,10,10
CyrusOne/COB_20260323_Imported.mp3,1518,7545.102,7549.107,4.005000000000109,SPEAKER_53,"In nearby Louder, my husband and I drive out to see the northern lights when they're visible.",17,17,17
CyrusOne/COB_20260323_Imported.mp3,1519,7549.688,7553.033,3.3450000000002547,SPEAKER_53,"That sight could now turn into Cyrus 1, and it's devastating.",11,11,11
CyrusOne/COB_20260323_Imported.mp3,1520,7553.694,7556.758,3.063999999999396,SPEAKER_53,There are so many downsides and seemingly very few positives.,10,10,10
CyrusOne/COB_20260323_Imported.mp3,1521,7557.327,7559.59,2.26299999999992,SPEAKER_53,and the positives seem to touch very few people.,9,9,9
CyrusOne/COB_20260323_Imported.mp3,1522,7560.291,7563.595,3.3040000000000873,SPEAKER_53,Please don't let your vote tonight be one that we regret and feel forever.,14,14,14
CyrusOne/COB_20260323_Imported.mp3,1523,7564.195,7565.297,1.1019999999998618,SPEAKER_53,Sangamon deserves better.,3,3,3
CyrusOne/COB_20260323_Imported.mp3,1524,7565.477,7566.839,1.36200000000008,SPEAKER_53,Our children deserve better.,4,4,4
CyrusOne/COB_20260323_Imported.mp3,1525,7566.859,7568.721,1.8619999999991705,SPEAKER_53,This is not our legacy.,5,5,5
CyrusOne/COB_20260323_Imported.mp3,1526,7569.142,7572.926,3.7840000000005602,SPEAKER_53,"No industry has successfully self-regulated, and it won't start here.",10,10,10
CyrusOne/COB_20260323_Imported.mp3,1527,7573.287,7574.668,1.3809999999994034,SPEAKER_53,Please vote no on Cyrus 1.,6,6,6
CyrusOne/COB_20260323_Imported.mp3,1528,7574.708,7575.089,0.38100000000031287,SPEAKER_53,Thank you.,2,2,2
CyrusOne/COB_20260323_Imported.mp3,1529,7584.118,7584.559,0.44099999999980355,SPEAKER_36,Good evening.,2,2,2
CyrusOne/COB_20260323_Imported.mp3,1530,7584.579,7585.68,1.1010000000005675,SPEAKER_36,My name is Elliot Clay.,5,5,5
CyrusOne/COB_20260323_Imported.mp3,1531,7586.08,7587.462,1.3820000000005166,SPEAKER_36,My wife is Alexa.,4,4,4
CyrusOne/COB_20260323_Imported.mp3,1532,7587.522,7588.823,1.3010000000003856,SPEAKER_36,"As you said, we live down in Auburn.",8,8,8
CyrusOne/COB_20260323_Imported.mp3,1533,7589.464,7595.871,6.407000000000153,SPEAKER_36,"Just as some background, I worked for Senate Republican staff for four years on the Agriculture Committee and the Environment and Conservation Committee.",23,23,23
CyrusOne/COB_20260323_Imported.mp3,1534,7596.091,7602.718,6.626999999999498,SPEAKER_36,"I worked for an environmental nonprofit for six years, and now I'm an executive director for a group that advocates for soil and water conservation districts.",26,26,26
CyrusOne/COB_20260323_Imported.mp3,1535,7603.495,7623.883,20.38799999999992,SPEAKER_36,"I'm speaking on my behalf as just a private citizen right now, but having worked in the policy field regarding environment issues in agriculture, to reiterate what my wife elected has said, there has never been an industry in the history of the world that has self-regulated, period.",48,48,48
CyrusOne/COB_20260323_Imported.mp3,1536,7624.877,7631.919,7.041999999999462,SPEAKER_36,"And I want to say something, just one main thing, that I think really just needs to be hammered home.",20,20,20
CyrusOne/COB_20260323_Imported.mp3,1537,7633.06,7638.561,5.500999999999294,SPEAKER_36,"The laborers that are here tonight, you've heard from a lot of people that say they support you, and we do.",21,21,21
CyrusOne/COB_20260323_Imported.mp3,1538,7639.782,7652.966,13.184000000000196,SPEAKER_36,"I also want to reiterate the fact that the reason that the Environmental Protection Act, the Clean Water Act, the Clean Air Act, and a number of these other things actually exist,",32,32,32
CyrusOne/COB_20260323_Imported.mp3,1539,7653.632,7656.993,3.361000000000786,SPEAKER_36,is because of issues that were brought forward by labor.,10,10,10
CyrusOne/COB_20260323_Imported.mp3,1540,7659.594,7661.414,1.819999999999709,SPEAKER_36,I think about Peabody Coal.,5,5,5
CyrusOne/COB_20260323_Imported.mp3,1541,7662.334,7670.536,8.202000000000226,SPEAKER_36,"I think about everything that has happened in southern Illinois and the amount of thousands of acres of abandoned, unreclaimed mine land that is down there.",26,26,26
CyrusOne/COB_20260323_Imported.mp3,1542,7671.157,7676.358,5.201000000000022,SPEAKER_36,The reason that it's sitting is because the companies that did that don't exist anymore.,15,15,15
CyrusOne/COB_20260323_Imported.mp3,1543,7677.429,7685.735,8.305999999999585,SPEAKER_36,We don't even require that Cyrus One is going to file a surety bond on this thing to cover the deconstruction or contamination or anything that can happen.,28,28,28
CyrusOne/COB_20260323_Imported.mp3,1544,7687.517,7692.06,4.543000000000575,SPEAKER_36,"I mean, we do it for a lot of other industries, and it seems reasonable.",15,15,15
CyrusOne/COB_20260323_Imported.mp3,1545,7692.341,7696.744,4.402999999999338,SPEAKER_36,I'm not against this happening necessarily.,6,6,6
CyrusOne/COB_20260323_Imported.mp3,1546,7696.804,7699.346,2.5419999999994616,SPEAKER_36,I just want to know that there's assurances in there legally.,11,11,11
CyrusOne/COB_20260323_Imported.mp3,1547,7699.843,7703.072,3.229000000000269,SPEAKER_36,that we're going to be protected in the event that something does happen.,13,13,13
CyrusOne/COB_20260323_Imported.mp3,1548,7703.713,7706.18,2.467000000000553,SPEAKER_36,I think that's a very reasonable thing to ask.,9,9,9
CyrusOne/COB_20260323_Imported.mp3,1549,7706.28,7707.082,0.8020000000005894,SPEAKER_36,I appreciate the board.,4,4,4
CyrusOne/COB_20260323_Imported.mp3,1550,7707.242,7707.563,0.3209999999999127,SPEAKER_36,Thank you.,2,2,2
CyrusOne/COB_20260323_Imported.mp3,1551,7707.643,7708.004,0.3609999999998763,SPEAKER_28,Thank you.,2,2,2
CyrusOne/COB_20260323_Imported.mp3,1552,7714.233,7715.194,0.9610000000002401,SPEAKER_14,"Good evening, everybody.",3,3,3
CyrusOne/COB_20260323_Imported.mp3,1553,7715.234,7716.535,1.3009999999994761,SPEAKER_14,My name is Marcus Robinson.,5,5,5
CyrusOne/COB_20260323_Imported.mp3,1554,7716.695,7721.72,5.025000000000546,SPEAKER_14,I am a student at Lincoln Land Community College as well as a resident of Sangamon County.,17,17,17
CyrusOne/COB_20260323_Imported.mp3,1555,7722.42,7727.104,4.6840000000001965,SPEAKER_14,I'm here tonight in staunch opposition to this proposed data center.,11,11,11
CyrusOne/COB_20260323_Imported.mp3,1556,7727.565,7730.948,3.3830000000007203,SPEAKER_14,I don't believe that this data center should be built at all.,12,12,12
CyrusOne/COB_20260323_Imported.mp3,1557,7731.769,7735.472,3.70299999999952,SPEAKER_14,"And to start with, I need to address the energy grid concerns.",12,12,12
CyrusOne/COB_20260323_Imported.mp3,1558,7735.812,7739.235,3.4229999999997744,SPEAKER_14,There is no established energy grid to this data center that I know of.,14,14,14
CyrusOne/COB_20260323_Imported.mp3,1559,7739.555,7740.997,1.4420000000000073,SPEAKER_14,Where are they going to get the energy from?,9,9,9
CyrusOne/COB_20260323_Imported.mp3,1560,7741.597,7745.758,4.161000000000058,SPEAKER_14,"It's kind of hard to tell, especially considering that Ameren just tried a price hike last year.",17,17,17
CyrusOne/COB_20260323_Imported.mp3,1561,7747.438,7754.099,6.661000000000058,SPEAKER_14,"Also last year, the state experienced a 15% increase in costs throughout the entire state.",15,15,15
CyrusOne/COB_20260323_Imported.mp3,1562,7754.88,7768.002,13.122000000000298,SPEAKER_14,"So, with all that being said, do we want this to end up like another Pillsbury plant on the north side of Springfield where it's left abandoned and it's just going to rot and contaminate the community around it and ruin it?",42,42,42
CyrusOne/COB_20260323_Imported.mp3,1563,7770.93,7779.657,8.726999999999862,SPEAKER_14,"Like the Pillsbury plant, it's going to have its labor outsourced, but this time it's going to be by AI and not by outsourcing to other countries.",27,27,27
CyrusOne/COB_20260323_Imported.mp3,1564,7781.079,7796.732,15.653000000000247,SPEAKER_14,"Four to six years of labor, but what about in 46 years when this data center creates an unrepairable environmental impact and also causes AI corporations to dominate the job market?",31,31,31
CyrusOne/COB_20260323_Imported.mp3,1565,7797.903,7803.585,5.681999999999789,SPEAKER_14,Don't sentence the younger generation to a death march of AI overlordship.,12,12,12
CyrusOne/COB_20260323_Imported.mp3,1566,7804.006,7810.608,6.601999999999862,SPEAKER_14,"And instead, you should focus on what the people actually want and to signify what the people want.",18,18,18
CyrusOne/COB_20260323_Imported.mp3,1567,7810.668,7821.272,10.60400000000027,SPEAKER_14,I have a petition here of over 700 signatures that I'm willing to hand to those hands.,17,17,17
CyrusOne/COB_20260323_Imported.mp3,1568,7822.033,7822.573,0.5399999999999636,SPEAKER_28,Next speaker.,2,2,2
CyrusOne/COB_20260323_Imported.mp3,1569,7825.802,7827.383,1.581000000000131,SPEAKER_48,"Hello again, my name is Jill Krippel.",7,7,7
CyrusOne/COB_20260323_Imported.mp3,1570,7827.603,7828.985,1.381999999999607,SPEAKER_48,I'm sure you're sick of seeing me.,7,7,7
CyrusOne/COB_20260323_Imported.mp3,1571,7829.305,7832.688,3.382999999999811,SPEAKER_48,"I'm tired of speaking to you, but I can't stand by and stay silent.",14,14,14
CyrusOne/COB_20260323_Imported.mp3,1572,7833.008,7833.728,0.7200000000002547,SPEAKER_48,None of us can.,4,4,4
CyrusOne/COB_20260323_Imported.mp3,1573,7834.089,7836.951,2.86200000000008,SPEAKER_48,"And unlike these data centers, we're not going anywhere.",9,9,9
CyrusOne/COB_20260323_Imported.mp3,1574,7837.572,7843.336,5.764000000000124,SPEAKER_48,"The last time we were here, Cyrus One was asked to set a minimum amount of local labor they'd use.",20,20,20
CyrusOne/COB_20260323_Imported.mp3,1575,7843.997,7850.722,6.724999999999454,SPEAKER_48,"Building trades had already walked out, so didn't hear that Cyrus One couldn't guarantee they'd hire even a single local laborer.",21,21,21
CyrusOne/COB_20260323_Imported.mp3,1576,7851.103,7854.045,2.9420000000000073,SPEAKER_48,They weren't sure if our people could handle the job.,10,10,10
CyrusOne/COB_20260323_Imported.mp3,1577,7854.707,7869.034,14.326999999999316,SPEAKER_48,"In their oral testimony at the Zoning Board of Appeals hearing, they said that they had a commitment to bargain a project labor agreement in their application, but their slides submitted as evidence, the same ones we saw today, implied that they already had a project labor agreement.",48,48,48
CyrusOne/COB_20260323_Imported.mp3,1578,7869.415,7873.817,4.402000000000044,SPEAKER_48,"If they have conflicting testimony on labor, what else are they being shady about?",14,14,14
CyrusOne/COB_20260323_Imported.mp3,1579,7874.53,7884.072,9.542000000000371,SPEAKER_48,"Speaking of the Zoning Board of Appeals hearing, what was going on with their chair saying that no one could get sworn in under penalty of perjury, that people had to swear to God or they wouldn't be able to speak?",41,41,41
CyrusOne/COB_20260323_Imported.mp3,1580,7884.392,7887.433,3.0410000000001673,SPEAKER_48,And then he went on some weird rant about foxes and deer not existing.,14,14,14
CyrusOne/COB_20260323_Imported.mp3,1581,7887.873,7892.654,4.781000000000859,SPEAKER_48,We know these data center companies already think that we're just some backwards idiots that will believe anything they tell us.,21,21,21
CyrusOne/COB_20260323_Imported.mp3,1582,7893.014,7894.715,1.7010000000000218,SPEAKER_48,So way to lean into that stereotype.,7,7,7
CyrusOne/COB_20260323_Imported.mp3,1583,7895.455,7895.835,0.38000000000010914,SPEAKER_48,Anyway.,1,1,1
CyrusOne/COB_20260323_Imported.mp3,1584,7896.439,7906.504,10.0649999999996,SPEAKER_48,"Anything living near this data center, the plants, the cattle, the humans, may see health problems from noise and polluted air due to the hundreds of generators and the giant diesel tanks they each have.",35,35,35
CyrusOne/COB_20260323_Imported.mp3,1585,7907.044,7912.767,5.722999999999956,SPEAKER_48,They're the kinds that are legally allowed to run 24-7 to sell energy back to the grid.,17,17,17
CyrusOne/COB_20260323_Imported.mp3,1586,7913.347,7919.05,5.703000000000429,SPEAKER_48,And a 1.8 gigawatt data center was just approved to be built a couple hours up the road.,18,18,18
CyrusOne/COB_20260323_Imported.mp3,1587,7919.37,7919.93,0.5600000000004002,SPEAKER_48,So who knows?,3,3,3
CyrusOne/COB_20260323_Imported.mp3,1588,7920.929,7924.172,3.2429999999994834,SPEAKER_48,The solar farm across the street will cause the noise to carry for miles.,14,14,14
CyrusOne/COB_20260323_Imported.mp3,1589,7924.632,7930.278,5.64600000000064,SPEAKER_48,We know that Cyrus One will violate our rules and regulations like they have been doing at all of their other locations in Illinois.,24,24,24
CyrusOne/COB_20260323_Imported.mp3,1590,7930.758,7936.423,5.664999999999964,SPEAKER_48,"Sangamon County isn't even getting much tax money from this, so how are we going to pay to effectively combat violations?",21,21,21
CyrusOne/COB_20260323_Imported.mp3,1591,7936.984,7940.327,3.342999999999847,SPEAKER_48,Cyrus One's property tax reassessments were backdated at their other sites.,11,11,11
CyrusOne/COB_20260323_Imported.mp3,1592,7940.842,7943.444,2.6020000000007713,SPEAKER_48,So a larger cut of the tax might not be enough anyway.,12,12,12
CyrusOne/COB_20260323_Imported.mp3,1593,7943.844,7946.246,2.4020000000000437,SPEAKER_48,And they have no clue about a decommissioning plan.,9,9,9
CyrusOne/COB_20260323_Imported.mp3,1594,7946.566,7949.107,2.5410000000001673,SPEAKER_48,"They've never done it before, and it's under testimony.",9,9,9
CyrusOne/COB_20260323_Imported.mp3,1595,7949.368,7950.128,0.7599999999993088,SPEAKER_48,I urge you to vote now.,6,6,6
CyrusOne/COB_20260323_Imported.mp3,1596,7950.308,7950.688,0.38000000000010914,SPEAKER_48,Thank you.,2,2,2
CyrusOne/COB_20260323_Imported.mp3,1597,7952.77,7953.09,0.31999999999970896,SPEAKER_11,Next.,1,1,1
CyrusOne/COB_20260323_Imported.mp3,1598,7956.272,7956.792,0.5200000000004366,SPEAKER_63,Good evening.,2,2,2
CyrusOne/COB_20260323_Imported.mp3,1599,7957.553,7957.913,0.3599999999996726,SPEAKER_76,Thank you.,2,2,2
CyrusOne/COB_20260323_Imported.mp3,1600,7959.514,7960.495,0.9809999999997672,SPEAKER_63,My name is Stephen Lambert.,5,5,5
CyrusOne/COB_20260323_Imported.mp3,1601,7960.815,7962.816,2.0010000000002037,SPEAKER_63,I am a resident of Sangamon County.,7,7,7
CyrusOne/COB_20260323_Imported.mp3,1602,7963.377,7964.557,1.1799999999993815,SPEAKER_76,I actually live in Loamie.,5,5,5
CyrusOne/COB_20260323_Imported.mp3,1603,7965.178,7966.759,1.581000000000131,SPEAKER_76,I'm a volunteer firefighter.,4,4,4
CyrusOne/COB_20260323_Imported.mp3,1604,7968.117,7969.778,1.6610000000000582,SPEAKER_63,"I'm a father, most importantly.",5,5,5
CyrusOne/COB_20260323_Imported.mp3,1605,7969.838,7970.598,0.7600000000002183,SPEAKER_63,My daughter's eight.,3,3,3
CyrusOne/COB_20260323_Imported.mp3,1606,7970.738,7972.958,2.219999999999345,SPEAKER_63,She's a pretzel over in New Berlin.,7,7,7
CyrusOne/COB_20260323_Imported.mp3,1607,7973.658,7975.259,1.600999999999658,SPEAKER_63,And I have a lot of vested interest.,8,8,8
CyrusOne/COB_20260323_Imported.mp3,1608,7975.619,7979.56,3.941000000000713,SPEAKER_63,"And tonight, I just wanted to share really news, and we keep talking about bring some new things.",18,18,18
CyrusOne/COB_20260323_Imported.mp3,1609,7980.26,7982.76,2.5,SPEAKER_63,"If you didn't know, I'm really speaking to you.",9,9,9
CyrusOne/COB_20260323_Imported.mp3,1610,7983.181,7987.081,3.9000000000005457,SPEAKER_63,"As the mayor of Loamy, I don't represent every single idea, every person.",13,13,13
CyrusOne/COB_20260323_Imported.mp3,1611,7987.902,7994.103,6.201000000000022,SPEAKER_63,"But about three weeks ago in our board meeting, we passed a resolution, which was our moratorium, preemptively,",18,18,18
CyrusOne/COB_20260323_Imported.mp3,1612,7994.78,8001.982,7.2020000000002256,SPEAKER_63,"And I want to point out, if you know our board, we have vastly different opinions and political ideologies.",19,19,19
CyrusOne/COB_20260323_Imported.mp3,1613,8002.702,8005.823,3.1210000000000946,SPEAKER_63,All six of them unanimously said we should do this.,10,10,10
CyrusOne/COB_20260323_Imported.mp3,1614,8006.323,8012.225,5.902000000000044,SPEAKER_63,"We should get ahead and at least take the time to do our research, look at what the state does, look at what the county does.",26,26,26
CyrusOne/COB_20260323_Imported.mp3,1615,8012.765,8016.786,4.020999999999731,SPEAKER_63,"I'm really proud of our community, and I want to give you a reason to delay.",16,16,16
CyrusOne/COB_20260323_Imported.mp3,1616,8017.086,8020.547,3.4609999999993306,SPEAKER_63,"If Loamy can do it, as someone said, the county can do it too.",14,14,14
CyrusOne/COB_20260323_Imported.mp3,1617,8021.305,8023.367,2.061999999999898,SPEAKER_63,And so that's me delivering the news today.,8,8,8
CyrusOne/COB_20260323_Imported.mp3,1618,8024.007,8028.171,4.164000000000669,SPEAKER_63,"Thank you, as always, for your time, and thank you for thinking of our future generations.",16,16,16
CyrusOne/COB_20260323_Imported.mp3,1619,8030.473,8030.913,0.4399999999995998,SPEAKER_28,Thank you.,2,2,2
CyrusOne/COB_20260323_Imported.mp3,1620,8031.213,8031.754,0.5410000000001673,SPEAKER_28,Next speaker.,2,2,2
CyrusOne/COB_20260323_Imported.mp3,1621,8037.44,8039.301,1.8610000000007858,SPEAKER_74,"Hello, Terry Arnold.",3,3,3
CyrusOne/COB_20260323_Imported.mp3,1622,8039.341,8057.127,17.786000000000058,SPEAKER_74,"I live in northern Macoupin County, and I've got a couple things here that hasn't really been discussed too much, and one was the gentleman from Waverly about the waters and also the contamination of if they have a leak.",40,40,40
CyrusOne/COB_20260323_Imported.mp3,1623,8058.307,8059.588,1.280999999999949,SPEAKER_74,According to what I've read...,5,5,5
CyrusOne/COB_20260323_Imported.mp3,1624,8060.368,8087.837,27.46900000000005,SPEAKER_74,on the closed loop systems which is the water keeps circulating and they put additives in it once a month they do what they call a blow down okay where does this blow down chemicals there's nitrates glycol and metals in this stuff that's circulating around when they do a blow down once a month where does that go that's what i want to know right now then what also,70,70,70
CyrusOne/COB_20260323_Imported.mp3,1625,8088.837,8090.819,1.981999999999971,SPEAKER_74,I read unplanned drain down.,5,5,5
CyrusOne/COB_20260323_Imported.mp3,1626,8090.879,8104.508,13.628999999999905,SPEAKER_74,"If they have an issue like maybe up in Aurora where the lines froze and then you're having liquid spilling out, what are they going to do with the contaminated groundwater?",31,31,31
CyrusOne/COB_20260323_Imported.mp3,1627,8106.11,8112.174,6.064000000000306,SPEAKER_74,"And then the next thing, on Sangamon County's website,",9,9,9
CyrusOne/COB_20260323_Imported.mp3,1628,8113.384,8120.306,6.921999999999571,SPEAKER_74,"They said that they were zoned, the data center was zoned agricultural.",12,12,12
CyrusOne/COB_20260323_Imported.mp3,1629,8121.406,8125.247,3.8410000000003492,SPEAKER_74,"Well, why is it zoned agriculture?",6,6,6
CyrusOne/COB_20260323_Imported.mp3,1630,8125.267,8126.887,1.6199999999998909,SPEAKER_74,It should be zoned commercial.,5,5,5
CyrusOne/COB_20260323_Imported.mp3,1631,8129.428,8137.29,7.86200000000008,SPEAKER_74,"In Aurora, the citizen there said that their data center was zoned as a warehouse.",15,15,15
CyrusOne/COB_20260323_Imported.mp3,1632,8137.75,8138.93,1.180000000000291,SPEAKER_74,That's not a warehouse.,4,4,4
CyrusOne/COB_20260323_Imported.mp3,1633,8139.931,8148.514,8.583000000000538,SPEAKER_74,"That's a business, a commercial business, which has industrial stuff in it with chemicals.",14,14,14
CyrusOne/COB_20260323_Imported.mp3,1634,8149.394,8153.515,4.121000000000095,SPEAKER_74,So we need to address these things here.,8,8,8
CyrusOne/COB_20260323_Imported.mp3,1635,8153.975,8158.457,4.481999999999971,SPEAKER_74,And then getting back to the zoning.,7,7,7
CyrusOne/COB_20260323_Imported.mp3,1636,8158.697,8159.217,0.5199999999995271,SPEAKER_28,That's time.,2,2,2
CyrusOne/COB_20260323_Imported.mp3,1637,8159.397,8159.917,0.5200000000004366,SPEAKER_28,Thank you.,2,2,2
CyrusOne/COB_20260323_Imported.mp3,1638,8160.057,8160.297,0.23999999999978172,SPEAKER_28,Thank you.,2,2,2
CyrusOne/COB_20260323_Imported.mp3,1639,8160.337,8160.838,0.5009999999992942,SPEAKER_28,Next speaker.,2,2,2
CyrusOne/COB_20260323_Imported.mp3,1640,8167.642,8167.982,0.3400000000001455,SPEAKER_09,Hi there.,2,2,2
CyrusOne/COB_20260323_Imported.mp3,1641,8168.122,8169.323,1.2010000000000218,SPEAKER_09,My name is Todd Brummett.,5,5,5
CyrusOne/COB_20260323_Imported.mp3,1642,8169.383,8171.445,2.061999999999898,SPEAKER_09,My wife and I live in rural Auburn.,8,8,8
CyrusOne/COB_20260323_Imported.mp3,1643,8172.165,8175.048,2.882999999999811,SPEAKER_09,"Listen, I understand that data centers are a necessary evil.",10,10,10
CyrusOne/COB_20260323_Imported.mp3,1644,8175.888,8180.071,4.182999999999993,SPEAKER_09,"And speaking here, I hope this is not just a formality speaking against it.",14,14,14
CyrusOne/COB_20260323_Imported.mp3,1645,8181.012,8191.9,10.88799999999992,SPEAKER_09,"But after seeing the Auburn citizen, I saw there was a letter paid by the zoning and planning staff written in a positive spin for for the data center.",29,29,29
CyrusOne/COB_20260323_Imported.mp3,1646,8192.887,8203.696,10.808999999999287,SPEAKER_09,"Listen, despite that, I'm hoping to reach enough of you to say no on this board and consider other options that do not involve swallowing up farmland in chunks.",29,29,29
CyrusOne/COB_20260323_Imported.mp3,1647,8205.497,8212.723,7.2260000000005675,SPEAKER_09,People who are already out there have to look at a three-mile-by-eight-mile solar farm and plenty of red blinking lights from the windmills.,23,23,23
CyrusOne/COB_20260323_Imported.mp3,1648,8213.043,8214.084,1.0410000000010768,SPEAKER_09,When is enough enough?,4,4,4
CyrusOne/COB_20260323_Imported.mp3,1649,8215.019,8219.243,4.22400000000016,SPEAKER_09,"Ironically, the farmer involved and his family do not have to look at these things.",15,15,15
CyrusOne/COB_20260323_Imported.mp3,1650,8219.363,8224.388,5.025000000001455,SPEAKER_09,"And most of you on the zoning and planning staff and Sangamon County Board, I bet you don't either.",19,19,19
CyrusOne/COB_20260323_Imported.mp3,1651,8228.732,8237.601,8.869000000000597,SPEAKER_09,Wouldn't we rather use existing buildings or have buildings that are already established in industrial areas to be used?,19,19,19
CyrusOne/COB_20260323_Imported.mp3,1652,8238.442,8239.403,0.9610000000011496,SPEAKER_09,Build in those areas.,4,4,4
CyrusOne/COB_20260323_Imported.mp3,1653,8240.1,8253.83,13.729999999999563,SPEAKER_09,"Listen, the definition of a farmer, a farmer is a person who manages or operates a farm, engaging in the cultivation of land, crops, and raising livestock and animals for food and fiber and other agricultural products.",37,37,37
CyrusOne/COB_20260323_Imported.mp3,1654,8254.75,8259.393,4.643000000000029,SPEAKER_09,"You know, you're called to be good stewards of your land if you're a big farmer or a small farmer.",20,20,20
CyrusOne/COB_20260323_Imported.mp3,1655,8260.494,8267.879,7.385000000000218,SPEAKER_09,"Listen, Dowson's website even says they farm and lead with integrity, honesty, and advanced agronomy.",15,15,15
CyrusOne/COB_20260323_Imported.mp3,1656,8268.36,8268.94,0.5799999999999272,SPEAKER_09,"No, they don't.",3,3,3
CyrusOne/COB_20260323_Imported.mp3,1657,8269.344,8270.125,0.7810000000008586,SPEAKER_09,This is not it.,4,4,4
CyrusOne/COB_20260323_Imported.mp3,1658,8271.566,8281.013,9.447000000000116,SPEAKER_09,"The zoning and staff letter says they have 200 acres is one drop of water to 16-ounce bottle of water since we have 453,000 killable acres.",26,26,26
CyrusOne/COB_20260323_Imported.mp3,1659,8282.434,8286.637,4.203000000001339,SPEAKER_09,"Listen, it's already filled up with...",6,6,6
CyrusOne/COB_20260323_Imported.mp3,1660,8287.99,8292.331,4.341000000000349,SPEAKER_09,"232 other data centers, solar farms, windmills, and other industries.",10,10,10
CyrusOne/COB_20260323_Imported.mp3,1661,8292.851,8293.331,0.47999999999956344,SPEAKER_28,That's time.,2,2,2
CyrusOne/COB_20260323_Imported.mp3,1662,8293.671,8294.112,0.44099999999889405,SPEAKER_28,Thank you.,2,2,2
CyrusOne/COB_20260323_Imported.mp3,1663,8295.052,8296.092,1.0400000000008731,SPEAKER_28,"No, that's time, sir.",4,4,4
CyrusOne/COB_20260323_Imported.mp3,1664,8296.892,8298.333,1.441000000000713,SPEAKER_28,"That's time, sir.",3,3,3
CyrusOne/COB_20260323_Imported.mp3,1665,8298.493,8299.333,0.8400000000001455,SPEAKER_28,That's time.,2,2,2
CyrusOne/COB_20260323_Imported.mp3,1666,8299.593,8300.213,0.6199999999989814,SPEAKER_28,Next speaker.,2,2,2
CyrusOne/COB_20260323_Imported.mp3,1667,8301.994,8302.934,0.9399999999986903,SPEAKER_28,"Next speaker, please.",3,3,3
CyrusOne/COB_20260323_Imported.mp3,1668,8306.935,8307.915,0.9800000000013824,SPEAKER_28,"Next speaker, please.",3,3,3
CyrusOne/COB_20260323_Imported.mp3,1669,8316.81,8317.65,0.8400000000001455,SPEAKER_03,"Hello, everyone.",2,2,2
CyrusOne/COB_20260323_Imported.mp3,1670,8317.79,8320.311,2.5209999999988213,SPEAKER_03,"My name is Beta Keene, and I'm 15 years old.",10,10,10
CyrusOne/COB_20260323_Imported.mp3,1671,8320.771,8328.293,7.521999999999025,SPEAKER_03,"I'm not quite old enough to vote or drive on my own, but I am old enough and smart enough to care about future generations.",25,25,25
CyrusOne/COB_20260323_Imported.mp3,1672,8332.414,8342.937,10.522999999999229,SPEAKER_03,"And as a lifelong resident of Sangamon County, chances are I have shared green space and fresh air with your children, grandchildren, nieces and nephews, and neighbors.",27,27,27
CyrusOne/COB_20260323_Imported.mp3,1673,8343.432,8349.216,5.783999999999651,SPEAKER_03,"in soccer, basketball, girls on the run, and now track and field over the course of our lives.",18,18,18
CyrusOne/COB_20260323_Imported.mp3,1674,8351.198,8368.791,17.592999999998938,SPEAKER_03,"If we want to live a long, healthy life like those of you that are making decisions about our future, please vote no tonight on the proposed data center resolution so we can take a more thoughtful approach to protect our environment, which will position us for better economic growth in the future.",53,53,53
CyrusOne/COB_20260323_Imported.mp3,1675,8369.713,8375.377,5.664000000000669,SPEAKER_03,Thank you for considering the future and quality of life for young people like me and please vote no.,19,19,19
CyrusOne/COB_20260323_Imported.mp3,1676,8375.397,8377.938,2.540999999999258,SPEAKER_28,Thank you.,2,2,2
CyrusOne/COB_20260323_Imported.mp3,1677,8384.883,8388.185,3.30199999999968,SPEAKER_18,My name is Ruth Taylor and I actually live in Rochester.,11,11,11
CyrusOne/COB_20260323_Imported.mp3,1678,8388.805,8396.25,7.444999999999709,SPEAKER_18,I've lived there for more than 30 years and what I'm most concerned about is this amount of water that they may need to use.,25,25,25
CyrusOne/COB_20260323_Imported.mp3,1679,8397.371,8399.152,1.7810000000008586,SPEAKER_18,My house is over 100 years old.,7,7,7
CyrusOne/COB_20260323_Imported.mp3,1680,8400.032,8411.036,11.004000000000815,SPEAKER_18,And it didn't start leaking until the people just before I brought the house tried to improve the basement and they drove the wrong nails into the foundation.,28,28,28
CyrusOne/COB_20260323_Imported.mp3,1681,8411.636,8414.637,3.0010000000002037,SPEAKER_18,There was no sign of water in my basement ever before.,11,11,11
CyrusOne/COB_20260323_Imported.mp3,1682,8415.257,8420.939,5.6820000000006985,SPEAKER_18,"In the first year or two that we were there, it would come up through the floor, right across the floor.",21,21,21
CyrusOne/COB_20260323_Imported.mp3,1683,8420.979,8423.12,2.1410000000014406,SPEAKER_18,So basically I had water in my whole basement.,9,9,9
CyrusOne/COB_20260323_Imported.mp3,1684,8423.64,8424.92,1.2800000000006548,SPEAKER_18,And that went on for years.,6,6,6
CyrusOne/COB_20260323_Imported.mp3,1685,8424.94,8429.402,4.461999999999534,SPEAKER_18,"To use the basement, I put the blocks and boards in my basement.",13,13,13
CyrusOne/COB_20260323_Imported.mp3,1686,8430.24,8439.146,8.906000000000859,SPEAKER_18,"Unfortunately, our water table must have gone down over the years because, like I said, I've been there 30 years, same house, nothing's really changed much.",26,26,26
CyrusOne/COB_20260323_Imported.mp3,1687,8439.646,8447.912,8.265999999999622,SPEAKER_18,"You know, Rochester's had a couple of subdivisions there and things, but I have not had water in my basement for over five years.",24,24,24
CyrusOne/COB_20260323_Imported.mp3,1688,8448.773,8454.496,5.722999999999956,SPEAKER_18,"So the water, because it's coming from the floor and not the side, it's water table.",16,16,16
CyrusOne/COB_20260323_Imported.mp3,1689,8455.177,8458.339,3.162000000000262,SPEAKER_18,And so I worry about will we have enough water?,10,10,10
CyrusOne/COB_20260323_Imported.mp3,1690,8458.797,8461.719,2.9219999999986612,SPEAKER_18,"I mean, if you've been to your doctor, he tells you to drink more water.",15,15,15
CyrusOne/COB_20260323_Imported.mp3,1691,8462.159,8463.34,1.1810000000004948,SPEAKER_18,Everything needs water.,3,3,3
CyrusOne/COB_20260323_Imported.mp3,1692,8464.141,8467.283,3.1419999999998254,SPEAKER_18,So I really think that we need some sort of study.,11,11,11
CyrusOne/COB_20260323_Imported.mp3,1693,8467.663,8476.369,8.706000000000131,SPEAKER_18,"You know, how much has the water table gone down with what we've got, and how is the data center going to impact the water that we have?",28,28,28
CyrusOne/COB_20260323_Imported.mp3,1694,8476.449,8480.292,3.8429999999989377,SPEAKER_18,"Is it, you know, it'll accelerate it, but how much will it accelerate it?",14,14,14
CyrusOne/COB_20260323_Imported.mp3,1695,8480.932,8482.973,2.040999999999258,SPEAKER_18,"It's something to really worry about, I think.",8,8,8
CyrusOne/COB_20260323_Imported.mp3,1696,8483.554,8488.177,4.6229999999995925,SPEAKER_18,"So that's my main concern is that water, and we need to get it.",14,14,14
CyrusOne/COB_20260323_Imported.mp3,1697,8488.692,8490.973,2.2810000000008586,SPEAKER_18,study to see what's going to happen.,7,7,7
CyrusOne/COB_20260323_Imported.mp3,1698,8491.473,8496.055,4.582000000000335,SPEAKER_18,"Also, because of climate change, the soil is drying out faster.",11,11,11
CyrusOne/COB_20260323_Imported.mp3,1699,8496.315,8498.376,2.0609999999996944,SPEAKER_18,"So we're losing water in the soil, too.",8,8,8
CyrusOne/COB_20260323_Imported.mp3,1700,8498.676,8503.478,4.80199999999968,SPEAKER_18,"So we're losing water everywhere, and we need to address it before we give it away.",16,16,16
CyrusOne/COB_20260323_Imported.mp3,1701,8504.499,8504.879,0.38000000000101863,SPEAKER_28,Thank you.,2,2,2
CyrusOne/COB_20260323_Imported.mp3,1702,8504.899,8505.399,0.5,SPEAKER_28,That's time.,2,2,2
CyrusOne/COB_20260323_Imported.mp3,1703,8511.622,8517.044,5.42200000000048,SPEAKER_50,So the data center's plan to follow the national emission standards for hazardous air pollutants was mentioned earlier.,18,18,18
CyrusOne/COB_20260323_Imported.mp3,1704,8517.522,8525.786,8.263999999999214,SPEAKER_50,"For a little context, according to EPA.gov, quote, national emission standards for hazardous air pollutants are stationary source standards for hazardous air pollutants.",23,23,23
CyrusOne/COB_20260323_Imported.mp3,1705,8526.246,8537.132,10.886000000000422,SPEAKER_50,"Hazardous air pollutants are those pollutants that are known or suspected to cause cancer or other serious health effects, such as reproductive effects or birth defects or adverse environmental effects, end quote.",32,32,32
CyrusOne/COB_20260323_Imported.mp3,1706,8537.712,8539.713,2.0010000000002037,SPEAKER_50,"As you can see, these standards are quite low.",9,9,9
CyrusOne/COB_20260323_Imported.mp3,1707,8540.153,8543.595,3.441999999999098,SPEAKER_50,"The truth is, even though the status center won't cause cancer and birth defects,",14,14,14
CyrusOne/COB_20260323_Imported.mp3,1708,8543.937,8553.763,9.826000000000931,SPEAKER_50,"It will still threaten our air quality, hurt our community and its animals with low frequency noises, increase electricity demand, and generally disrupt everyday life for the residents of Sangamon County.",31,31,31
CyrusOne/COB_20260323_Imported.mp3,1709,8554.203,8554.963,0.7600000000002183,SPEAKER_50,We deserve better.,3,3,3
CyrusOne/COB_20260323_Imported.mp3,1710,8555.664,8560.126,4.461999999999534,SPEAKER_50,"As well as this, it was claimed that construction workers would gain jobs from the building of the status center.",20,20,20
CyrusOne/COB_20260323_Imported.mp3,1711,8560.507,8563.989,3.481999999999971,SPEAKER_50,"And while this is true, let me provide you with a few facts by National University.",16,16,16
CyrusOne/COB_20260323_Imported.mp3,1712,8565.309,8568.631,3.3220000000001164,SPEAKER_50,30% of U.S. jobs could be automated by 2030.,9,9,9
CyrusOne/COB_20260323_Imported.mp3,1713,8568.671,8573.494,4.82300000000032,SPEAKER_50,"300 million jobs could be lost to AI globally, representing 9% of jobs worldwide.",14,14,14
CyrusOne/COB_20260323_Imported.mp3,1714,8574.15,8579.894,5.744000000000597,SPEAKER_50,"By 2030, 14% of employees globally will have been forced to change their career because of AI.",17,17,17
CyrusOne/COB_20260323_Imported.mp3,1715,8580.494,8585.538,5.043999999999869,SPEAKER_50,Entry-level jobs are especially vulnerable with 50 million U.S. jobs at risk in coming years.,15,15,15
CyrusOne/COB_20260323_Imported.mp3,1716,8586.178,8591.162,4.984000000000378,SPEAKER_50,"As entry-level roles decline, salary expectations are also shifting downward.",10,10,10
CyrusOne/COB_20260323_Imported.mp3,1717,8591.922,8599.487,7.56499999999869,SPEAKER_50,AI's impact is expected to be most disruptive in the next 10 to 30 years with a possible 50% of jobs automated by 2045.,24,24,24
CyrusOne/COB_20260323_Imported.mp3,1718,8601.16,8604.101,2.941000000000713,SPEAKER_50,"So yes, short-term jobs will be given to construction workers.",10,10,10
CyrusOne/COB_20260323_Imported.mp3,1719,8604.501,8610.003,5.5020000000004075,SPEAKER_50,"However, long-term effects include job loss due to AI and an expected decline in entry-level wages.",16,16,16
CyrusOne/COB_20260323_Imported.mp3,1720,8610.864,8621.568,10.703999999999724,SPEAKER_50,"No matter what party you belong to, what your class or job is, what labels you assign yourself or what labels others assign you, we all deserve a healthy environment, a stable income, and a good quality of life.",39,39,39
CyrusOne/COB_20260323_Imported.mp3,1721,8622.068,8624.389,2.3209999999999127,SPEAKER_50,This data center directly revokes these rights.,7,7,7
CyrusOne/COB_20260323_Imported.mp3,1722,8624.87,8631.573,6.70299999999952,SPEAKER_50,"It is our right to disallow any policies or center which directly negatively affects us and our community, so let's utilize that right.",23,23,23
CyrusOne/COB_20260323_Imported.mp3,1723,8631.873,8632.293,0.42000000000007276,SPEAKER_50,Thank you.,2,2,2
CyrusOne/COB_20260323_Imported.mp3,1724,8640.796,8642.057,1.261000000000422,SPEAKER_68,"Hello, I'm Keith Tuxhorn.",4,4,4
CyrusOne/COB_20260323_Imported.mp3,1725,8643.483,8665.977,22.494000000000597,SPEAKER_60,"I first would think you would want to delay at least one meeting because you need to go home and listen to the Find the Financial News of the Day, which had a focus on the type of credit payments that BlackRock uses to finance all their vast projects and how it is crumbling fairly rapidly right now.",58,58,58
CyrusOne/COB_20260323_Imported.mp3,1726,8666.037,8667.558,1.5210000000006403,SPEAKER_60,So perhaps you need to check that.,7,7,7
CyrusOne/COB_20260323_Imported.mp3,1727,8668.638,8671.74,3.1019999999989523,SPEAKER_60,You have had for three months now you've had access,10,10,10
CyrusOne/COB_20260323_Imported.mp3,1728,8672.252,8679.754,7.5020000000004075,SPEAKER_60,to assistance to research on 15 years of history of these centers from all the people who've been speaking in opposition.,21,21,21
CyrusOne/COB_20260323_Imported.mp3,1729,8680.554,8681.474,0.9200000000000728,SPEAKER_60,Good and bad news.,4,4,4
CyrusOne/COB_20260323_Imported.mp3,1730,8681.514,8693.276,11.762000000000626,SPEAKER_60,"The concerns of county citizens were covered in detail in this, on water and power use, noise and other pollution, shutdown and cleanup costs, and economic compensation and guarantees to the county.",32,32,32
CyrusOne/COB_20260323_Imported.mp3,1731,8693.996,8701.798,7.802000000001499,SPEAKER_60,"The research showed hundreds of problems on these topics, which have led to lawsuits, economic deception and disappointment,",18,18,18
CyrusOne/COB_20260323_Imported.mp3,1732,8702.174,8713.197,11.022999999999229,SPEAKER_60,"continuing damage to our air, water, and lifestyles, and increased disrespect of elected officials who took little or no action to protect their citizens.",24,24,24
CyrusOne/COB_20260323_Imported.mp3,1733,8713.737,8717.358,3.621000000001004,SPEAKER_60,"Some places have banned data centers completely, as you know.",10,10,10
CyrusOne/COB_20260323_Imported.mp3,1734,8718.718,8721.819,3.1009999999987485,SPEAKER_60,This company is no different from those that have gone before.,11,11,11
CyrusOne/COB_20260323_Imported.mp3,1735,8721.859,8723.439,1.5799999999999272,SPEAKER_60,They play the same games.,5,5,5
CyrusOne/COB_20260323_Imported.mp3,1736,8723.759,8726.56,2.800999999999476,SPEAKER_60,They're not building their own safe energy sources.,8,8,8
CyrusOne/COB_20260323_Imported.mp3,1737,8727.02,8729.861,2.8410000000003492,SPEAKER_60,They'll be reducing our tax benefits very quickly.,8,8,8
CyrusOne/COB_20260323_Imported.mp3,1738,8730.406,8737.33,6.923999999999069,SPEAKER_60,And their sales pitch includes plenty of little lies that just won't happen because we don't have them under any kind of contract.,23,23,23
CyrusOne/COB_20260323_Imported.mp3,1739,8738.05,8741.392,3.342000000000553,SPEAKER_60,You can delay this vote for a while and do the right thing.,13,13,13
CyrusOne/COB_20260323_Imported.mp3,1740,8742.272,8745.994,3.7219999999997526,SPEAKER_60,Make a revised agreement that will protect our county.,9,9,9
CyrusOne/COB_20260323_Imported.mp3,1741,8746.114,8748.155,2.041000000001077,SPEAKER_60,Let me give you three places to start.,8,8,8
CyrusOne/COB_20260323_Imported.mp3,1742,8748.515,8749.436,0.9210000000002765,SPEAKER_60,They've been mentioned.,3,3,3
CyrusOne/COB_20260323_Imported.mp3,1743,8749.816,8751.477,1.6610000000000582,SPEAKER_60,Guarantee annual payouts.,3,3,3
CyrusOne/COB_20260323_Imported.mp3,1744,8751.957,8754.098,2.1409999999996217,SPEAKER_60,Guarantee that none of this diminishing stuff.,7,7,7
CyrusOne/COB_20260323_Imported.mp3,1745,8754.558,8758.2,3.6419999999998254,SPEAKER_60,Require on-site solar and or wind power for this facility.,10,10,10
CyrusOne/COB_20260323_Imported.mp3,1746,8758.735,8764.658,5.922999999998865,SPEAKER_60,and shut down guarantees to make sure we're not stuck with that kind of cost.,15,15,15
CyrusOne/COB_20260323_Imported.mp3,1747,8764.959,8765.259,0.2999999999992724,SPEAKER_60,Thank you.,2,2,2
CyrusOne/COB_20260323_Imported.mp3,1748,8765.279,8771.642,6.362999999999374,SPEAKER_60,"If you let Virus 1 dictate every condition to you, you have failed the standards of what your job is to help us.",23,23,23
CyrusOne/COB_20260323_Imported.mp3,1749,8771.662,8771.942,0.27999999999883585,SPEAKER_60,Thank you.,2,2,2
CyrusOne/COB_20260323_Imported.mp3,1750,8782.468,8784.07,1.6019999999989523,SPEAKER_26,My name is Salem Addison King.,6,6,6
CyrusOne/COB_20260323_Imported.mp3,1751,8784.15,8790.216,6.066000000000713,SPEAKER_26,"I am a resident of Sangamon County, an environmental scientist, and the youngest person in the United States who still reads newspapers.",22,22,22
CyrusOne/COB_20260323_Imported.mp3,1752,8790.916,8798.503,7.587000000001353,SPEAKER_26,"As such, I saw the recent staff report from Sangamon County that was published in the Illinois Times last week.",20,20,20
CyrusOne/COB_20260323_Imported.mp3,1753,8800.103,8807.486,7.38300000000163,SPEAKER_26,"Reading through it was a very frustrating experience, but as I've only got two minutes, I'm gonna focus on the question in that staff report.",25,25,25
CyrusOne/COB_20260323_Imported.mp3,1754,8807.586,8813.709,6.1230000000014115,SPEAKER_26,How much noise do data centers typically generate and what measures are used to manage or reduce noise levels?,19,19,19
CyrusOne/COB_20260323_Imported.mp3,1755,8814.269,8815.29,1.0210000000006403,SPEAKER_26,Very important question.,3,3,3
CyrusOne/COB_20260323_Imported.mp3,1756,8815.31,8816.23,0.9200000000000728,SPEAKER_26,Let's look at their answer.,5,5,5
CyrusOne/COB_20260323_Imported.mp3,1757,8816.93,8819.471,2.540999999999258,SPEAKER_26,The county ordinance regulates permissible noise.,6,6,6
CyrusOne/COB_20260323_Imported.mp3,1758,8820.712,8823.333,2.621000000001004,SPEAKER_26,"That is what an ordinance does, yes.",7,7,7
CyrusOne/COB_20260323_Imported.mp3,1759,8823.413,8828.595,5.1819999999988795,SPEAKER_26,The issue of noise has focused on the backup generators that these data centers require.,15,15,15
CyrusOne/COB_20260323_Imported.mp3,1760,8829.256,8829.736,0.48000000000138243,SPEAKER_26,Very true.,2,2,2
CyrusOne/COB_20260323_Imported.mp3,1761,8830.262,8835.865,5.602999999999156,SPEAKER_26,"Under normal conditions, each diesel generator is tested on one day a month for 30 minutes.",16,16,16
CyrusOne/COB_20260323_Imported.mp3,1762,8837.006,8837.266,0.2600000000002183,SPEAKER_26,Neat.,1,1,1
CyrusOne/COB_20260323_Imported.mp3,1763,8838.186,8839.507,1.3209999999999127,SPEAKER_26,How much noise does it generate though?,7,7,7
CyrusOne/COB_20260323_Imported.mp3,1764,8841.388,8844.57,3.1819999999988795,SPEAKER_26,Our building code requires that the noise be baffled.,9,9,9
CyrusOne/COB_20260323_Imported.mp3,1765,8845.37,8845.63,0.2599999999983993,SPEAKER_26,Neat.,1,1,1
CyrusOne/COB_20260323_Imported.mp3,1766,8846.291,8847.792,1.5010000000002037,SPEAKER_26,How much noise does it generate though?,7,7,7
CyrusOne/COB_20260323_Imported.mp3,1767,8849.332,8853.955,4.6229999999995925,SPEAKER_26,Data centers must operate within state EPA regulations.,8,8,8
CyrusOne/COB_20260323_Imported.mp3,1768,8855.916,8856.216,0.3000000000010914,SPEAKER_26,Neat.,1,1,1
CyrusOne/COB_20260323_Imported.mp3,1769,8857.057,8859.378,2.3209999999999127,SPEAKER_26,How much noise does it generate though?,7,7,7
CyrusOne/COB_20260323_Imported.mp3,1770,8860.741,8864.725,3.9840000000003783,SPEAKER_26,Not once has that been answered by Cyrus 1 or Sangamon County.,12,12,12
CyrusOne/COB_20260323_Imported.mp3,1771,8865.526,8868.088,2.561999999999898,SPEAKER_26,Decibels are a form of measurement we have access to.,10,10,10
CyrusOne/COB_20260323_Imported.mp3,1772,8868.549,8870.651,2.1019999999989523,SPEAKER_26,They are not providing that number for a reason.,9,9,9
CyrusOne/COB_20260323_Imported.mp3,1773,8872.352,8874.935,2.5829999999987194,SPEAKER_26,Cyrus 1 is lying to us.,6,6,6
CyrusOne/COB_20260323_Imported.mp3,1774,8875.595,8881.101,5.506000000001222,SPEAKER_26,"And most egregiously, they are lying to the union workers in the audience tonight.",14,14,14
CyrusOne/COB_20260323_Imported.mp3,1775,8882.302,8883.463,1.1610000000000582,SPEAKER_26,Unions exist.,2,2,2
CyrusOne/COB_20260323_Imported.mp3,1776,8884.143,8890.889,6.745999999999185,SPEAKER_26,"For one reason and one reason only, unions exist because you can't trust corporations to keep their promises.",18,18,18
CyrusOne/COB_20260323_Imported.mp3,1777,8900.397,8907.483,7.085999999999331,SPEAKER_26,So I urge the Sangamon County Board tonight to vote no on this data center and any other data center that might come before you in the future.,28,28,28
CyrusOne/COB_20260323_Imported.mp3,1778,8907.784,8907.984,0.2000000000007276,SPEAKER_26,Next.,1,1,1
CyrusOne/COB_20260323_Imported.mp3,1779,8917.263,8917.723,0.4599999999991269,SPEAKER_33,Hello.,1,1,1
CyrusOne/COB_20260323_Imported.mp3,1780,8918.403,8919.484,1.081000000000131,SPEAKER_33,My name is Kathy Bettis.,5,5,5
CyrusOne/COB_20260323_Imported.mp3,1781,8919.904,8921.825,1.9210000000002765,SPEAKER_33,I was not expecting to speak tonight.,7,7,7
CyrusOne/COB_20260323_Imported.mp3,1782,8921.845,8923.926,2.081000000000131,SPEAKER_28,Can you pull the microphone closer?,6,6,6
CyrusOne/COB_20260323_Imported.mp3,1783,8924.126,8924.566,0.4400000000005093,SPEAKER_28,Sure.,1,1,1
CyrusOne/COB_20260323_Imported.mp3,1784,8925.546,8929.948,4.402000000000044,SPEAKER_33,"I'm the owner of Joette Kennel, located very close to the site.",12,12,12
CyrusOne/COB_20260323_Imported.mp3,1785,8930.948,8935.87,4.92200000000048,SPEAKER_33,I'm very concerned how the noise is going to impact the dogs that I care for.,16,16,16
CyrusOne/COB_20260323_Imported.mp3,1786,8936.53,8942.753,6.222999999999956,SPEAKER_33,"People bring their dogs to me because I'm in a quiet country setting, and now that's proposed to change.",19,19,19
CyrusOne/COB_20260323_Imported.mp3,1787,8944.202,8955.108,10.906000000000859,SPEAKER_33,"I also live there on my 176-year-old property that was bought by my great-great-great-great-grandpa on January 23, 1850.",18,18,18
CyrusOne/COB_20260323_Imported.mp3,1788,8955.128,8972.737,17.60899999999856,SPEAKER_33,"And I'm really sad to see that this is what it's going to be coming to, that I won't be able to enjoy the property anymore, that I won't be able to give the care that I have always promised to my clients",43,43,43
CyrusOne/COB_20260323_Imported.mp3,1789,8976.51,8982.673,6.163000000000466,SPEAKER_33,I'm afraid this will be the end of my and I was here first.,14,14,14
CyrusOne/COB_20260323_Imported.mp3,1790,8985.234,8995.34,10.105999999999767,SPEAKER_11,That's all I have to say.,6,6,6
CyrusOne/COB_20260323_Imported.mp3,1791,8995.68,9000.102,4.42200000000048,SPEAKER_78,"I'm Shane Bettis, Kathy's husband, country boy born and bred.",10,10,10
CyrusOne/COB_20260323_Imported.mp3,1792,9003.124,9005.285,2.161000000000058,SPEAKER_78,She has to buy a,5,5,5
CyrusOne/COB_20260323_Imported.mp3,1793,9006.183,9007.264,1.080999999998312,SPEAKER_78,License for her kennel?,4,4,4
CyrusOne/COB_20260323_Imported.mp3,1794,9007.864,9008.364,0.5,SPEAKER_78,Commercial?,1,1,1
CyrusOne/COB_20260323_Imported.mp3,1795,9008.805,9012.847,4.041999999999462,SPEAKER_78,Why aren't these people buying commercial license?,7,7,7
CyrusOne/COB_20260323_Imported.mp3,1796,9013.187,9016.089,2.9020000000000437,SPEAKER_78,"Next thing, my son is an operator in this union.",10,10,10
CyrusOne/COB_20260323_Imported.mp3,1797,9017.31,9021.152,3.842000000000553,SPEAKER_78,"I'm 100% behind unions, but not for people like this.",10,10,10
CyrusOne/COB_20260323_Imported.mp3,1798,9024.554,9027.456,2.9020000000000437,SPEAKER_78,"Also, we're supposed to keep talking about the noise.",9,9,9
CyrusOne/COB_20260323_Imported.mp3,1799,9028.076,9029.557,1.4810000000015862,SPEAKER_78,I'm a mechanic for a living.,6,6,6
CyrusOne/COB_20260323_Imported.mp3,1800,9030.118,9031.499,1.3809999999994034,SPEAKER_78,I work on generators.,4,4,4
CyrusOne/COB_20260323_Imported.mp3,1801,9032.219,9035.501,3.2820000000010623,SPEAKER_78,"And if you think that one mile from here,",9,9,9
CyrusOne/COB_20260323_Imported.mp3,1802,9035.978,9038.38,2.4020000000000437,SPEAKER_78,"This Cyrus 1 building, that I'm not going to hear that.",11,11,11
CyrusOne/COB_20260323_Imported.mp3,1803,9038.84,9040.582,1.7420000000001892,SPEAKER_78,It's actually just under one mile.,6,6,6
CyrusOne/COB_20260323_Imported.mp3,1804,9040.602,9044.105,3.502999999998792,SPEAKER_78,You can go blow smoke up somebody else's ass because I'm hearing it.,13,13,13
CyrusOne/COB_20260323_Imported.mp3,1805,9044.665,9045.326,0.6609999999982392,SPEAKER_78,I guarantee it.,3,3,3
CyrusOne/COB_20260323_Imported.mp3,1806,9048.708,9053.192,4.483999999998559,SPEAKER_78,"And I got one question for all you Sangamon County people, board members.",13,13,13
CyrusOne/COB_20260323_Imported.mp3,1807,9053.893,9056.815,2.92200000000048,SPEAKER_78,"Appreciate everything all of you do, but do the right thing.",11,11,11
CyrusOne/COB_20260323_Imported.mp3,1808,9057.175,9065.202,8.027000000000044,SPEAKER_78,"If that was you that lived one mile away, would you want to sit out in the backyard with your grandkids, which was going to be their property one day?",30,30,30
CyrusOne/COB_20260323_Imported.mp3,1809,9065.962,9066.682,0.7200000000011642,SPEAKER_78,You wouldn't want it.,4,4,4
CyrusOne/COB_20260323_Imported.mp3,1810,9067.102,9067.983,0.8809999999994034,SPEAKER_78,You wouldn't want it there.,5,5,5
CyrusOne/COB_20260323_Imported.mp3,1811,9068.483,9071.184,2.7009999999991123,SPEAKER_78,Have a nice evening.,4,4,4
CyrusOne/COB_20260323_Imported.mp3,1812,9076.906,9077.867,0.9609999999993306,SPEAKER_70,"Good evening, everyone.",3,3,3
CyrusOne/COB_20260323_Imported.mp3,1813,9079.287,9083.489,4.201999999999316,SPEAKER_70,"Many of you have heard the terms, well, it's not in my area, so it's not my concern.",18,18,18
CyrusOne/COB_20260323_Imported.mp3,1814,9084.409,9089.531,5.122000000001208,SPEAKER_70,"Well, with everything going on in the world, the threat to the homeland is also a concern.",17,17,17
CyrusOne/COB_20260323_Imported.mp3,1815,9090.772,9093.293,2.5209999999988213,SPEAKER_70,A soft target is defined as minimally,7,7,7
CyrusOne/COB_20260323_Imported.mp3,1816,9093.843,9096.704,2.860999999998967,SPEAKER_70,secured location that is vulnerable to attack.,7,7,7
CyrusOne/COB_20260323_Imported.mp3,1817,9100.205,9103.686,3.480999999999767,SPEAKER_70,So why would we put a soft target in the middle of nowhere?,13,13,13
CyrusOne/COB_20260323_Imported.mp3,1818,9104.827,9110.869,6.042000000001281,SPEAKER_70,Courthouses and government buildings have armed guards and countermeasures to protect the facilities.,13,13,13
CyrusOne/COB_20260323_Imported.mp3,1819,9111.689,9120.132,8.442999999999302,SPEAKER_70,"Now, they may have some, they might keep them secret, but right now I'm talking.",15,15,15
CyrusOne/COB_20260323_Imported.mp3,1820,9120.512,9122.853,2.3409999999985303,SPEAKER_70,Imagine what would happen if hackers,6,6,6
CyrusOne/COB_20260323_Imported.mp3,1821,9123.782,9124.762,0.9800000000013824,SPEAKER_70,Attack the power grid.,4,4,4
CyrusOne/COB_20260323_Imported.mp3,1822,9125.723,9128.144,2.4210000000002765,SPEAKER_70,"And what they would just hit, that building?",8,8,8
CyrusOne/COB_20260323_Imported.mp3,1823,9128.424,9128.664,0.23999999999978172,SPEAKER_70,No.,1,1,1
CyrusOne/COB_20260323_Imported.mp3,1824,9129.364,9131.485,2.121000000001004,SPEAKER_70,They would attack the Lincoln Land Power Plant.,8,8,8
CyrusOne/COB_20260323_Imported.mp3,1825,9132.166,9133.866,1.7000000000007276,SPEAKER_70,Because that is something bigger.,5,5,5
CyrusOne/COB_20260323_Imported.mp3,1826,9134.386,9135.547,1.1610000000000582,SPEAKER_70,And it would affect all of us.,7,7,7
CyrusOne/COB_20260323_Imported.mp3,1827,9136.347,9139.048,2.7010000000009313,SPEAKER_70,Same thing with the water district and distributions.,8,8,8
CyrusOne/COB_20260323_Imported.mp3,1828,9139.409,9139.989,0.5799999999999272,SPEAKER_70,Hack that.,2,2,2
CyrusOne/COB_20260323_Imported.mp3,1829,9140.589,9141.149,0.5599999999994907,SPEAKER_70,Not there.,2,2,2
CyrusOne/COB_20260323_Imported.mp3,1830,9141.749,9142.25,0.5010000000002037,SPEAKER_70,All over.,2,2,2
CyrusOne/COB_20260323_Imported.mp3,1831,9142.83,9144.371,1.5409999999992579,SPEAKER_70,Let's bring everyone down.,4,4,4
CyrusOne/COB_20260323_Imported.mp3,1832,9144.491,9145.691,1.2000000000007276,SPEAKER_70,Not just that small little building.,6,6,6
CyrusOne/COB_20260323_Imported.mp3,1833,9148.792,9150.153,1.3610000000007858,SPEAKER_70,"Also, what about physical attacks?",5,5,5
CyrusOne/COB_20260323_Imported.mp3,1834,9150.641,9154.783,4.141999999999825,SPEAKER_70,"Just recently, a man drove a vehicle into a power substation in Las Vegas.",14,14,14
CyrusOne/COB_20260323_Imported.mp3,1835,9155.703,9164.066,8.363000000001193,SPEAKER_70,Imagine an attack where thousands of gallons of fuel and chemicals were released and drained into our water table and possibly Springfield Lake.,23,23,23
CyrusOne/COB_20260323_Imported.mp3,1836,9165.527,9170.929,5.402000000000044,SPEAKER_70,"Could the local first responders, who are some of our volunteers, handle the incident?",14,14,14
CyrusOne/COB_20260323_Imported.mp3,1837,9171.529,9175.591,4.061999999999898,SPEAKER_70,"And if it's an active threat, they will not be going in there until...",14,14,14
CyrusOne/COB_20260323_Imported.mp3,1838,9176.112,9178.173,2.0610000000015134,SPEAKER_70,Our local law enforcement neutralizes the problem.,7,7,7
CyrusOne/COB_20260323_Imported.mp3,1839,9178.193,9180.795,2.6020000000007713,SPEAKER_70,"So the whole time, those chemicals are going into the water.",11,11,11
CyrusOne/COB_20260323_Imported.mp3,1840,9182.076,9188.3,6.22400000000016,SPEAKER_70,"Well now, it's now in your area, so now it is your concern.",13,13,13
CyrusOne/COB_20260323_Imported.mp3,1841,9188.641,9189.581,0.9400000000005093,SPEAKER_70,I only have 27 seconds.,5,5,5
CyrusOne/COB_20260323_Imported.mp3,1842,9189.641,9190.802,1.1610000000000582,SPEAKER_70,I think that's going to stop.,6,6,6
CyrusOne/COB_20260323_Imported.mp3,1843,9192.383,9194.865,2.481999999999971,SPEAKER_70,"Also, electromagnetic fields and the noise.",6,6,6
CyrusOne/COB_20260323_Imported.mp3,1844,9195.025,9195.906,0.8810000000012224,SPEAKER_70,We talked about the noise.,5,5,5
CyrusOne/COB_20260323_Imported.mp3,1845,9196.726,9198.207,1.4809999999997672,SPEAKER_70,I was a beekeeper in California.,6,6,6
CyrusOne/COB_20260323_Imported.mp3,1846,9198.307,9198.888,0.581000000000131,SPEAKER_70,I had 100 hives.,4,4,4
CyrusOne/COB_20260323_Imported.mp3,1847,9199.551,9201.433,1.882000000001426,SPEAKER_70,I lost my hive to hive collapse syndrome.,8,8,8
CyrusOne/COB_20260323_Imported.mp3,1848,9201.613,9202.513,0.9000000000014552,SPEAKER_70,"That's the time, sir.",4,4,4
CyrusOne/COB_20260323_Imported.mp3,1849,9202.654,9203.554,0.8999999999996362,SPEAKER_70,Thank you.,2,2,2
CyrusOne/COB_20260323_Imported.mp3,1850,9204.235,9204.915,0.680000000000291,SPEAKER_70,Thank you very much.,4,4,4
CyrusOne/COB_20260323_Imported.mp3,1851,9215.039,9219.541,4.5019999999985885,SPEAKER_77,Cyrus One is a multi-billion dollar corporation with a major private equity shareholder.,13,13,13
CyrusOne/COB_20260323_Imported.mp3,1852,9219.901,9220.921,1.0200000000004366,SPEAKER_77,They don't care about us.,5,5,5
CyrusOne/COB_20260323_Imported.mp3,1853,9221.001,9233.706,12.704999999999927,SPEAKER_77,"They only care about maximizing shareholder value, and as of late 2025, reports indicate Cyrus One has moved towards using more third-party personnel rather than in-house staff at their data centers, a shift which only benefits BlackRock.",37,37,37
CyrusOne/COB_20260323_Imported.mp3,1854,9234.387,9241.43,7.042999999999665,SPEAKER_77,"They may have a PLA agreement, but if Cyrus One actually cared about union labor like they claim, they'd have a permanent job guarantee.",24,24,24
CyrusOne/COB_20260323_Imported.mp3,1855,9242.01,9242.41,0.3999999999996362,SPEAKER_77,"However,",1,1,1
CyrusOne/COB_20260323_Imported.mp3,1856,9242.846,9245.188,2.342000000000553,SPEAKER_77,That would be a poison pill to their BlackRock shareholders.,10,10,10
CyrusOne/COB_20260323_Imported.mp3,1857,9245.228,9253.793,8.56500000000051,SPEAKER_77,"Since Cyrus One plans to fuck us all to maximize profit for shareholders, I urge Sigmund County Board to vote no on this proposition.",24,24,24
CyrusOne/COB_20260323_Imported.mp3,1858,9262.41,9265.551,3.1409999999996217,SPEAKER_72,"I'm Sam Sinclair, a 33-year member of Local 137.",9,9,9
CyrusOne/COB_20260323_Imported.mp3,1859,9265.771,9271.093,5.322000000000116,SPEAKER_72,"So this, to me, first I want to say thank you, Cyrus 1, and Sangamon County Board, vote yes.",19,19,19
CyrusOne/COB_20260323_Imported.mp3,1860,9272.733,9277.215,4.481999999999971,SPEAKER_72,This is the largest building boom the United States has seen since the end of World War II.,18,18,18
CyrusOne/COB_20260323_Imported.mp3,1861,9277.655,9281.756,4.1009999999987485,SPEAKER_72,"So it's going to happen, whether it happens in Illinois or happens around the country.",15,15,15
CyrusOne/COB_20260323_Imported.mp3,1862,9282.957,9284.437,1.4799999999995634,SPEAKER_72,We have to have data centers.,6,6,6
CyrusOne/COB_20260323_Imported.mp3,1863,9284.477,9285.558,1.081000000000131,SPEAKER_72,Who's got an iPhone in here?,6,6,6
CyrusOne/COB_20260323_Imported.mp3,1864,9285.738,9286.578,0.8400000000001455,SPEAKER_72,Who's got a phone in here?,6,6,6
CyrusOne/COB_20260323_Imported.mp3,1865,9288.087,9291.529,3.4420000000009168,SPEAKER_72,"All of you looked at your speeches and wrote on chat GPT, I guarantee you.",15,15,15
CyrusOne/COB_20260323_Imported.mp3,1866,9291.79,9293.291,1.5009999999983847,SPEAKER_72,So there's that.,3,3,3
CyrusOne/COB_20260323_Imported.mp3,1867,9296.252,9303.057,6.805000000000291,SPEAKER_72,"The second thing is, I mean, there's a lot of hard work going by you guys, by us, by everybody.",20,20,20
CyrusOne/COB_20260323_Imported.mp3,1868,9303.117,9304.178,1.0609999999996944,SPEAKER_72,It's not about the jobs.,5,5,5
CyrusOne/COB_20260323_Imported.mp3,1869,9304.258,9307.54,3.2820000000010623,SPEAKER_72,"I'm doing a job in North Dakota right now at a data center in Springfield, Illinois.",16,16,16
CyrusOne/COB_20260323_Imported.mp3,1870,9307.78,9309.461,1.6809999999986758,SPEAKER_72,So I get the work.,5,5,5
CyrusOne/COB_20260323_Imported.mp3,1871,9309.861,9310.702,0.8409999999985303,SPEAKER_72,That's not the problem.,4,4,4
CyrusOne/COB_20260323_Imported.mp3,1872,9311.567,9319.529,7.962000000001353,SPEAKER_72,"The problem is we need this kind of industry in Illinois, and this county will be lucky to have it here.",21,21,21
CyrusOne/COB_20260323_Imported.mp3,1873,9319.909,9322.25,2.3410000000003492,SPEAKER_72,We pushed away more business than we brought in.,9,9,9
CyrusOne/COB_20260323_Imported.mp3,1874,9322.27,9322.93,0.6599999999998545,SPEAKER_72,Hey!,1,1,1
CyrusOne/COB_20260323_Imported.mp3,1875,9324.291,9324.751,0.4600000000009459,SPEAKER_28,Order!,1,1,1
CyrusOne/COB_20260323_Imported.mp3,1876,9324.771,9325.931,1.1599999999998545,SPEAKER_28,Order!,1,1,1
CyrusOne/COB_20260323_Imported.mp3,1877,9325.951,9330.533,4.582000000000335,SPEAKER_28,"Folks, look, it's getting late.",5,5,5
CyrusOne/COB_20260323_Imported.mp3,1878,9330.913,9334.314,3.40099999999984,SPEAKER_28,"I know it's getting late, but we've been really great about listening to each other.",15,15,15
CyrusOne/COB_20260323_Imported.mp3,1879,9334.374,9335.094,0.7199999999993452,SPEAKER_28,Let's continue.,2,2,2
CyrusOne/COB_20260323_Imported.mp3,1880,9335.134,9335.474,0.3400000000001455,SPEAKER_28,Go ahead.,2,2,2
CyrusOne/COB_20260323_Imported.mp3,1881,9335.534,9335.994,0.4600000000009459,SPEAKER_28,"Finish, please.",2,2,2
CyrusOne/COB_20260323_Imported.mp3,1882,9336.314,9337.675,1.3609999999989668,SPEAKER_72,I don't really have much else to say.,8,8,8
CyrusOne/COB_20260323_Imported.mp3,1883,9337.755,9338.855,1.1000000000003638,SPEAKER_72,I'm just saying that this...,5,5,5
CyrusOne/COB_20260323_Imported.mp3,1884,9339.522,9343.125,3.602999999999156,SPEAKER_72,This is going to happen whether you want it or not in the United States.,15,15,15
CyrusOne/COB_20260323_Imported.mp3,1885,9343.905,9349.309,5.403999999998632,SPEAKER_72,"So I say vote yes, and let's get this done, and thank Cyrus One.",14,14,14
CyrusOne/COB_20260323_Imported.mp3,1886,9349.349,9349.709,0.3600000000005821,SPEAKER_72,Thank you.,2,2,2
CyrusOne/COB_20260323_Imported.mp3,1887,9355.994,9356.754,0.7600000000002183,SPEAKER_11,Give him hell.,3,3,3
CyrusOne/COB_20260323_Imported.mp3,1888,9356.914,9357.195,0.2809999999990396,SPEAKER_11,Okay.,1,1,1
CyrusOne/COB_20260323_Imported.mp3,1889,9358.776,9359.236,0.4600000000009459,SPEAKER_20,Good evening.,2,2,2
CyrusOne/COB_20260323_Imported.mp3,1890,9359.256,9360.517,1.261000000000422,SPEAKER_20,My name is Lori McKernan.,5,5,5
CyrusOne/COB_20260323_Imported.mp3,1891,9361.282,9369.29,8.00800000000163,SPEAKER_20,"Most of what I was going to say tonight has already been said, so I want to thank our coalition team and all the residents who have researched this project and made statements tonight.",34,34,34
CyrusOne/COB_20260323_Imported.mp3,1892,9369.35,9372.512,3.162000000000262,SPEAKER_20,I do need to respond to the iPhone AI thing.,10,10,10
CyrusOne/COB_20260323_Imported.mp3,1893,9372.553,9384.223,11.670000000000073,SPEAKER_20,"So the only thing that uses my phone for AI is Apple tracking my data, listening to my phone calls, and translating it to PEC, massaging that data, and selling it and making a profit off of it.",38,38,38
CyrusOne/COB_20260323_Imported.mp3,1894,9384.565,9391.447,6.881999999999607,SPEAKER_20,"So the only thing I'm going to repeat is the intent of these regulations is to protect the public health, safety, and community welfare.",24,24,24
CyrusOne/COB_20260323_Imported.mp3,1895,9391.827,9399.529,7.702000000001135,SPEAKER_20,"If you vote yes on this permit based solely on the fact that it meets zoning regulations, then you obviously don't give a damn about our health, safety, and welfare.",30,30,30
CyrusOne/COB_20260323_Imported.mp3,1896,9400.029,9405.271,5.242000000000189,SPEAKER_20,Approving this for tax revenue and jobs takes into consideration the welfare of the minority of residents.,17,17,17
CyrusOne/COB_20260323_Imported.mp3,1897,9405.731,9410.292,4.560999999999694,SPEAKER_20,Don't be bullied into protecting the few when the health and welfare of the many must be protected.,18,18,18
CyrusOne/COB_20260323_Imported.mp3,1898,9411.04,9418.125,7.084999999999127,SPEAKER_20,"I will say that if this permit is approved, we will be researching other means of protecting our health, our safety, and the welfare of community members.",27,27,27
CyrusOne/COB_20260323_Imported.mp3,1899,9418.846,9424.29,5.444000000001324,SPEAKER_20,People that are in the adjacent area with the businesses need to be compensated for the damage to their business.,20,20,20
CyrusOne/COB_20260323_Imported.mp3,1900,9424.77,9430.214,5.443999999999505,SPEAKER_20,"And then finally, I'm going to formally ask for a copy of the community benefits agreement signed for this project.",20,20,20
CyrusOne/COB_20260323_Imported.mp3,1901,9430.634,9432.656,2.022000000000844,SPEAKER_20,I tried to get one for the double black diamond.,10,10,10
CyrusOne/COB_20260323_Imported.mp3,1902,9432.976,9434.197,1.220999999999549,SPEAKER_20,I was told it doesn't exist.,6,6,6
CyrusOne/COB_20260323_Imported.mp3,1903,9434.557,9438.48,3.922999999998865,SPEAKER_20,I was told I couldn't have it because Springfield Growth Alliance negotiated it.,13,13,13
CyrusOne/COB_20260323_Imported.mp3,1904,9439.004,9442.126,3.121999999999389,SPEAKER_20,So I'll even mention tonight there is a community benefits agreement.,11,11,11
CyrusOne/COB_20260323_Imported.mp3,1905,9442.506,9448.769,6.2630000000008295,SPEAKER_20,"If you allow this to be negotiated with the Growth Alliance, you have done us a disservice because we can't provide that.",22,22,22
CyrusOne/COB_20260323_Imported.mp3,1906,9449.069,9450.77,1.7010000000009313,SPEAKER_20,It's a community benefits agreement.,5,5,5
CyrusOne/COB_20260323_Imported.mp3,1907,9450.99,9454.632,3.6419999999998254,SPEAKER_20,The community should be able to see what's been negotiated for them.,12,12,12
CyrusOne/COB_20260323_Imported.mp3,1908,9455.173,9455.533,0.3599999999987631,SPEAKER_20,Thank you.,2,2,2
CyrusOne/COB_20260323_Imported.mp3,1909,9466.42,9469.002,2.5820000000003347,SPEAKER_17,"To the Sangamon County Board, you guys are from the area.",11,11,11
CyrusOne/COB_20260323_Imported.mp3,1910,9469.683,9471.004,1.3209999999999127,SPEAKER_17,I want you to picture something.,6,6,6
CyrusOne/COB_20260323_Imported.mp3,1911,9471.044,9473.185,2.1409999999996217,SPEAKER_17,I grew up in the shadow of Fiat Alice.,9,9,9
CyrusOne/COB_20260323_Imported.mp3,1912,9474.326,9476.428,2.1020000000007713,SPEAKER_17,I grew up in the shadow of the Pillsbury plant.,10,10,10
CyrusOne/COB_20260323_Imported.mp3,1913,9477.068,9480.731,3.6630000000004657,SPEAKER_17,I live in an area affected by a mine that was there over 100 years ago.,16,16,16
CyrusOne/COB_20260323_Imported.mp3,1914,9481.672,9485.815,4.143000000000029,SPEAKER_17,These are the short-sighted visions of men who couldn't think bigger than right now.,14,14,14
CyrusOne/COB_20260323_Imported.mp3,1915,9486.916,9488.757,1.8410000000003492,SPEAKER_17,These are the effects that I live with.,8,8,8
CyrusOne/COB_20260323_Imported.mp3,1916,9488.837,9491.96,3.1229999999995925,SPEAKER_17,My house has had to be fixed from that subsidence.,10,10,10
CyrusOne/COB_20260323_Imported.mp3,1917,9492.69,9494.771,2.081000000000131,SPEAKER_17,We already know what happened with Pillsbury.,7,7,7
CyrusOne/COB_20260323_Imported.mp3,1918,9494.812,9496.092,1.2800000000006548,SPEAKER_17,How long is that going to take?,7,7,7
CyrusOne/COB_20260323_Imported.mp3,1919,9496.132,9497.974,1.842000000000553,SPEAKER_17,How much work has already been put in?,8,8,8
CyrusOne/COB_20260323_Imported.mp3,1920,9498.374,9504.078,5.7039999999997235,SPEAKER_17,"How many generations have suffered from the groundwater pollution, the offshoots from that asbestos?",14,14,14
CyrusOne/COB_20260323_Imported.mp3,1921,9505.119,9511.603,6.483999999998559,SPEAKER_17,"You need to think long and hard about what you're asking from the generations ahead of you, not the people that live there now.",24,24,24
CyrusOne/COB_20260323_Imported.mp3,1922,9511.763,9515.266,3.502999999998792,SPEAKER_17,"I worry about them as well, but we're talking decades from now.",12,12,12
CyrusOne/COB_20260323_Imported.mp3,1923,9515.846,9518.328,2.481999999999971,SPEAKER_17,Do you know how long it took to clean up Fiat Alice?,12,12,12
CyrusOne/COB_20260323_Imported.mp3,1924,9519.368,9520.249,0.8809999999994034,SPEAKER_17,Generations.,1,1,1
CyrusOne/COB_20260323_Imported.mp3,1925,9520.946,9523.089,2.143000000000029,SPEAKER_17,Do you know how long it took to clean up Pillsbury?,11,11,11
CyrusOne/COB_20260323_Imported.mp3,1926,9524.11,9524.991,0.8809999999994034,SPEAKER_17,Generations.,1,1,1
CyrusOne/COB_20260323_Imported.mp3,1927,9525.592,9527.874,2.2819999999992433,SPEAKER_17,Still not done.,3,3,3
CyrusOne/COB_20260323_Imported.mp3,1928,9528.195,9530.418,2.2229999999999563,SPEAKER_17,And that's where you need to really consider that.,9,9,9
CyrusOne/COB_20260323_Imported.mp3,1929,9531.118,9539.669,8.550999999999476,SPEAKER_17,"When we talk about what this really means for the community, not a windfall in taxes, not about the noise level, but what it means for your children's children.",29,29,29
CyrusOne/COB_20260323_Imported.mp3,1930,9540.243,9542.725,2.481999999999971,SPEAKER_17,Because that is the effect it will have.,8,8,8
CyrusOne/COB_20260323_Imported.mp3,1931,9543.005,9548.99,5.985000000000582,SPEAKER_17,"Most of you, impolitely saying this, will be long gone by the time those effects land.",16,16,16
CyrusOne/COB_20260323_Imported.mp3,1932,9549.21,9555.175,5.9650000000001455,SPEAKER_17,"I will, if I'm lucky, be a very old man to see your mistake come to fruition.",17,17,17
CyrusOne/COB_20260323_Imported.mp3,1933,9555.496,9561.921,6.425000000001091,SPEAKER_17,"If you choose to move ahead on a technology and a choice that is moving so rapidly, you should be questioning why.",22,22,22
CyrusOne/COB_20260323_Imported.mp3,1934,9562.792,9565.074,2.2820000000010623,SPEAKER_17,"When people move with haste, errors are made.",8,8,8
CyrusOne/COB_20260323_Imported.mp3,1935,9565.194,9573.943,8.748999999999796,SPEAKER_17,"And when they want to move that fast with that much money involved, with every problem that arises, more money comes out of their pocket, shake that piggy bank.",29,29,29
CyrusOne/COB_20260323_Imported.mp3,1936,9573.963,9575.024,1.0609999999996944,SPEAKER_17,See what else shakes loose.,5,5,5
CyrusOne/COB_20260323_Imported.mp3,1937,9575.704,9577.506,1.8019999999996799,SPEAKER_17,Because I guarantee you they'll keep paying.,7,7,7
CyrusOne/COB_20260323_Imported.mp3,1938,9578.142,9583.607,5.4650000000001455,SPEAKER_17,"because there are billionaire-sized level pockets behind these movements, and they don't care about our environment.",16,16,16
CyrusOne/COB_20260323_Imported.mp3,1939,9583.987,9585.769,1.7820000000010623,SPEAKER_17,They don't care about your kids' kids.,7,7,7
CyrusOne/COB_20260323_Imported.mp3,1940,9586.209,9590.233,4.0239999999994325,SPEAKER_17,"And if we're going to talk about labor, I'm going to note you guys are a long way from Blair Mouth.",21,21,21
CyrusOne/COB_20260323_Imported.mp3,1941,9590.253,9590.733,0.47999999999956344,SPEAKER_17,That's time.,2,2,2
CyrusOne/COB_20260323_Imported.mp3,1942,9590.994,9591.454,0.4599999999991269,SPEAKER_28,That's time.,2,2,2
CyrusOne/COB_20260323_Imported.mp3,1943,9591.474,9595.658,4.183999999999287,SPEAKER_28,"Your relatives, your ancestors would be ashamed to see you sell out.",12,12,12
CyrusOne/COB_20260323_Imported.mp3,1944,9596.799,9597.86,1.0609999999996944,SPEAKER_28,Who's the next speaker?,4,4,4
CyrusOne/COB_20260323_Imported.mp3,1945,9597.88,9598.6,0.7200000000011642,SPEAKER_28,That's time.,2,2,2
CyrusOne/COB_20260323_Imported.mp3,1946,9599.201,9600.402,1.2010000000009313,SPEAKER_28,"Officer, next speaker.",3,3,3
CyrusOne/COB_20260323_Imported.mp3,1947,9607.442,9608.742,1.3000000000010914,SPEAKER_46,"Hi, I'm Brianna Day.",4,4,4
CyrusOne/COB_20260323_Imported.mp3,1948,9609.723,9614.884,5.161000000000058,SPEAKER_46,So I first want to thank the laborers who are here.,11,11,11
CyrusOne/COB_20260323_Imported.mp3,1949,9616.504,9620.565,4.060999999999694,SPEAKER_46,"Thank you for coming out and showing your support, whatever that support may be.",14,14,14
CyrusOne/COB_20260323_Imported.mp3,1950,9620.585,9624.286,3.7010000000009313,SPEAKER_46,I want to thank everybody who is also in yellow for coming out.,13,13,13
CyrusOne/COB_20260323_Imported.mp3,1951,9624.406,9626.947,2.540999999999258,SPEAKER_46,"And thank you for showing your support, whatever your support may be.",12,12,12
CyrusOne/COB_20260323_Imported.mp3,1952,9628.708,9633.929,5.220999999999549,SPEAKER_46,"With that said, the reason why I take that stance is because the things that you are",17,17,17
CyrusOne/COB_20260323_Imported.mp3,1953,9634.94,9637.04,2.100000000000364,SPEAKER_46,Fighting against has been happening for decades.,7,7,7
CyrusOne/COB_20260323_Imported.mp3,1954,9637.24,9641.861,4.621000000001004,SPEAKER_46,So the fact that we are just now having these very heated arguments is kind of frustrating.,17,17,17
CyrusOne/COB_20260323_Imported.mp3,1955,9643.202,9651.983,8.781000000000859,SPEAKER_46,"And so I encourage everyone, if you don't want a data center built, the easiest way to do it would be to regulate your data.",25,25,25
CyrusOne/COB_20260323_Imported.mp3,1956,9652.423,9661.425,9.001999999998588,SPEAKER_46,Go to your senators and talk to them about it because then we wouldn't even have a data center because the people who are collecting your data wouldn't have it in the first place.,34,34,34
CyrusOne/COB_20260323_Imported.mp3,1957,9662.695,9673.08,10.385000000000218,SPEAKER_46,"As somebody who tried to stay in a hotel that P. Diddy stayed in and I wasn't even allowed to stay in it, my son and I were literally sitting on the street of Chicago.",35,35,35
CyrusOne/COB_20260323_Imported.mp3,1958,9673.4,9680.324,6.924000000000888,SPEAKER_46,I was bawling my eyes out because I thought we were going to have to go to a homeless shelter for a night because we were going to a doctor's appointment.,31,31,31
CyrusOne/COB_20260323_Imported.mp3,1959,9680.944,9687.127,6.183000000000902,SPEAKER_46,"But because of all of everything that's going on, we weren't allowed to stay at that one hotel.",18,18,18
CyrusOne/COB_20260323_Imported.mp3,1960,9688.028,9692.149,4.120999999999185,SPEAKER_46,"So I implore everybody in yellow, please contact your senators.",10,10,10
CyrusOne/COB_20260323_Imported.mp3,1961,9692.229,9694.47,2.2409999999999854,SPEAKER_46,Please start focusing on data regulation.,6,6,6
CyrusOne/COB_20260323_Imported.mp3,1962,9694.93,9698.731,3.800999999999476,SPEAKER_46,"All of your laborers, please, yes, continue to still fight for jobs.",12,12,12
CyrusOne/COB_20260323_Imported.mp3,1963,9698.811,9699.511,0.7000000000007276,SPEAKER_46,We need both.,3,3,3
CyrusOne/COB_20260323_Imported.mp3,1964,9699.911,9704.552,4.640999999999622,SPEAKER_46,"And to all of our politicians, don't be an octopussy and start voting for your citizens.",16,16,16
CyrusOne/COB_20260323_Imported.mp3,1965,9704.572,9704.792,0.21999999999934516,SPEAKER_46,Thank you.,2,2,2
CyrusOne/COB_20260323_Imported.mp3,1966,9716.973,9722.459,5.486000000000786,SPEAKER_51,"My name is Julia Rozier, and I think also a lot of the points that I want to make have been covered.",22,22,22
CyrusOne/COB_20260323_Imported.mp3,1967,9723.019,9739.856,16.836999999999534,SPEAKER_51,"I think Bree was getting at was the question of sustainability, and I just want to remind everybody Indigenous Peoples Day was passed for the first time this year in Springfield, and I learned that the Potomac word, Sangamon, actually means land where there is plenty to eat.",48,48,48
CyrusOne/COB_20260323_Imported.mp3,1968,9741.077,9743.878,2.801000000001295,SPEAKER_51,It does not mean land where there is plenty of data centers.,12,12,12
CyrusOne/COB_20260323_Imported.mp3,1969,9745.639,9751.0,5.361000000000786,SPEAKER_51,And I also want to address the fact that we have a few false chitonies going on.,17,17,17
CyrusOne/COB_20260323_Imported.mp3,1970,9751.02,9755.742,4.721999999999753,SPEAKER_51,"You know, the idea that Tara brought up about it being union versus not union.",15,15,15
CyrusOne/COB_20260323_Imported.mp3,1971,9755.942,9757.002,1.0600000000013097,SPEAKER_51,That's a false dichotomy.,4,4,4
CyrusOne/COB_20260323_Imported.mp3,1972,9757.042,9761.724,4.6820000000006985,SPEAKER_51,I also want to bring up the false dichotomy about AI versus...,12,12,12
CyrusOne/COB_20260323_Imported.mp3,1973,9762.502,9776.632,14.1299999999992,SPEAKER_51,"AI was actually very helpful in coming up with my original prepared remarks, which I've changed, but it very quickly listed all the places that have successfully blocked data centers.",30,30,30
CyrusOne/COB_20260323_Imported.mp3,1974,9776.952,9778.313,1.3610000000007858,SPEAKER_51,It very quickly pointed out,5,5,5
CyrusOne/COB_20260323_Imported.mp3,1975,9779.433,9793.336,13.902999999998428,SPEAKER_51,"all of the egregious reasons that a data center might choose to place a mark on a place like Springfield, a place that they frankly see as vulnerable.",28,28,28
CyrusOne/COB_20260323_Imported.mp3,1976,9794.857,9798.578,3.720999999999549,SPEAKER_51,They want to make you feel like you're the prettiest girl at the ball.,14,14,14
CyrusOne/COB_20260323_Imported.mp3,1977,9798.618,9799.918,1.2999999999992724,SPEAKER_51,They want to make you feel special.,7,7,7
CyrusOne/COB_20260323_Imported.mp3,1978,9801.198,9802.898,1.6999999999989086,SPEAKER_51,And I would just ask that you...,7,7,7
CyrusOne/COB_20260323_Imported.mp3,1979,9805.339,9822.405,17.066000000000713,SPEAKER_51,that you realize the dignity and the story of what sangamon county actually and springfield truly deserves think of the long-term sustainable impact don't have to look at all these union workers,32,32,32
CyrusOne/COB_20260323_Imported.mp3,1980,9823.586,9827.511,3.9250000000010914,SPEAKER_51,five years from now and look at the disappointment and the anger in their eyes.,15,15,15
CyrusOne/COB_20260323_Imported.mp3,1981,9828.433,9835.602,7.168999999999869,SPEAKER_51,"And yeah, don't be like the sad, lonely girl at the bar.",12,12,12
CyrusOne/COB_20260323_Imported.mp3,1982,9836.243,9838.426,2.1829999999990832,SPEAKER_51,Don't give it up for Cyrus1.,6,6,6
CyrusOne/COB_20260323_Imported.mp3,1983,9851.429,9852.61,1.1810000000004948,SPEAKER_58,Hi.,1,1,1
CyrusOne/COB_20260323_Imported.mp3,1984,9852.91,9863.758,10.847999999999956,SPEAKER_58,"I would like to thank the Sangamon County Board members that are here that are paying attention to their constituents, listening to what we have to say, and not playing snake on your phone or texting your wife.",38,38,38
CyrusOne/COB_20260323_Imported.mp3,1985,9864.058,9865.139,1.080999999998312,SPEAKER_58,I do appreciate you guys.,5,5,5
CyrusOne/COB_20260323_Imported.mp3,1986,9865.519,9866.54,1.0210000000006403,SPEAKER_58,I do appreciate you guys.,5,5,5
CyrusOne/COB_20260323_Imported.mp3,1987,9869.402,9880.47,11.067999999999302,SPEAKER_58,"I also want to say that several years ago, Ameren came to this area and they built the high-voltage power line that you saw in that drone footage, and that was scheduled to go right through my front yard.",39,39,39
CyrusOne/COB_20260323_Imported.mp3,1988,9881.253,9886.434,5.180999999998676,SPEAKER_58,and I turned down a very large sum of money because I did not want to be that close to a power line.,23,23,23
CyrusOne/COB_20260323_Imported.mp3,1989,9887.454,9892.275,4.820999999999913,SPEAKER_58,"I pushed them as far as they can, and they moved it 260 feet from my front door.",18,18,18
CyrusOne/COB_20260323_Imported.mp3,1990,9893.235,9894.215,0.9799999999995634,SPEAKER_58,I had no say in that.,6,6,6
CyrusOne/COB_20260323_Imported.mp3,1991,9894.335,9895.435,1.1000000000003638,SPEAKER_58,I tried to fight against it.,6,6,6
CyrusOne/COB_20260323_Imported.mp3,1992,9896.256,9896.936,0.680000000000291,SPEAKER_58,Nobody listened.,2,2,2
CyrusOne/COB_20260323_Imported.mp3,1993,9898.116,9900.176,2.0599999999994907,SPEAKER_58,Then there was a solar farm built.,7,7,7
CyrusOne/COB_20260323_Imported.mp3,1994,9900.876,9907.137,6.261000000000422,SPEAKER_58,"I had no control over that, over where it went, where it was going to be, or how large it was going to be.",24,24,24
CyrusOne/COB_20260323_Imported.mp3,1995,9908.398,9910.578,2.180000000000291,SPEAKER_58,"And now, living in Tornado Alley,",6,6,6
CyrusOne/COB_20260323_Imported.mp3,1996,9911.469,9922.958,11.489000000001397,SPEAKER_58,"If a tornado were to hit that solar farm, it would rain glass and all of the toxic elements that are in the solar panels right on my property and ruin it forever.",33,33,33
CyrusOne/COB_20260323_Imported.mp3,1997,9924.199,9927.962,3.7629999999990105,SPEAKER_58,There's also solar or the wind farm that is also new out there.,13,13,13
CyrusOne/COB_20260323_Imported.mp3,1998,9929.123,9929.763,0.6400000000012369,SPEAKER_58,Same thing.,2,2,2
CyrusOne/COB_20260323_Imported.mp3,1999,9930.304,9939.571,9.266999999999825,SPEAKER_58,"If a tornado were to hit that and shred those blades, it's going to rain that carbon fiber all over my property, possibly, and it would ruin it forever.",29,29,29
CyrusOne/COB_20260323_Imported.mp3,2000,9940.347,9946.068,5.720999999999549,SPEAKER_58,"And I do not want that for my house, for your house, for anybody near this place.",17,17,17
CyrusOne/COB_20260323_Imported.mp3,2001,9947.108,9949.709,2.6010000000005675,SPEAKER_58,"It scares me, and I do not want to be around it.",12,12,12
CyrusOne/COB_20260323_Imported.mp3,2002,9950.469,9956.23,5.761000000000422,SPEAKER_58,"As for the data center, I am not interested in having more infrastructure in that area.",16,16,16
CyrusOne/COB_20260323_Imported.mp3,2003,9957.05,9962.351,5.301000000001295,SPEAKER_58,"When Ameren brought that power line in, they said it would be great for business.",15,15,15
CyrusOne/COB_20260323_Imported.mp3,2004,9962.872,9964.672,1.8000000000010914,SPEAKER_58,My small business saw nothing from it.,7,7,7
CyrusOne/COB_20260323_Imported.mp3,2005,9965.312,9967.893,2.581000000000131,SPEAKER_58,"When they brought the solar farm, it'll be great for local business.",12,12,12
CyrusOne/COB_20260323_Imported.mp3,2006,9968.293,9969.733,1.4400000000005093,SPEAKER_58,My small business saw nothing.,5,5,5
CyrusOne/COB_20260323_Imported.mp3,2007,9970.455,9971.836,1.3809999999994034,SPEAKER_58,When they brought the wind farm in.,7,7,7
CyrusOne/COB_20260323_Imported.mp3,2008,9972.337,9973.178,0.8410000000003492,SPEAKER_58,You'll see business.,3,3,3
CyrusOne/COB_20260323_Imported.mp3,2009,9974.219,9976.961,2.742000000000189,SPEAKER_58,My small business sees nothing.,5,5,5
CyrusOne/COB_20260323_Imported.mp3,2010,9977.322,9977.802,0.47999999999956344,SPEAKER_28,That's time.,2,2,2
CyrusOne/COB_20260323_Imported.mp3,2011,9978.082,9978.443,0.3609999999989668,SPEAKER_58,Thank you.,2,2,2
CyrusOne/COB_20260323_Imported.mp3,2012,9987.462,9996.525,9.063000000000102,SPEAKER_00,"Yeah, and to the point of saying something that no one here has heard, my name is Christopher Sims, and I represent Illinois People's Action as a community organizer.",29,29,29
CyrusOne/COB_20260323_Imported.mp3,2013,9996.926,9999.367,2.441000000000713,SPEAKER_00,"I just moved here about two months ago from Rockford, Illinois.",11,11,11
CyrusOne/COB_20260323_Imported.mp3,2014,10000.487,10005.009,4.522000000000844,SPEAKER_00,"At this very moment, Rockford, Illinois is fighting a $12 billion data center.",13,13,13
CyrusOne/COB_20260323_Imported.mp3,2015,10005.709,10008.17,2.4609999999993306,SPEAKER_00,"So is Beloit, Wisconsin, just north of us.",8,8,8
CyrusOne/COB_20260323_Imported.mp3,2016,10008.53,10012.014,3.4839999999985594,SPEAKER_00,"So is Jamesville, Wisconsin, just north of Beloit.",8,8,8
CyrusOne/COB_20260323_Imported.mp3,2017,10012.514,10024.867,12.353000000000975,SPEAKER_00,So I want to be able to go back to Rockford one weekend and say that this board said no to a data center that nobody is probably in this state or in this area wants.,36,36,36
CyrusOne/COB_20260323_Imported.mp3,2018,10024.947,10025.908,0.9609999999993306,SPEAKER_00,And that's all I need to say.,7,7,7
CyrusOne/COB_20260323_Imported.mp3,2019,10025.928,10026.188,0.2600000000002183,SPEAKER_00,Thank you.,2,2,2
CyrusOne/COB_20260323_Imported.mp3,2020,10026.208,10026.569,0.3609999999989668,SPEAKER_00,Thank you.,2,2,2
CyrusOne/COB_20260323_Imported.mp3,2021,10035.502,10036.803,1.3009999999994761,SPEAKER_52,My name is Elizabeth Swihart.,5,5,5
CyrusOne/COB_20260323_Imported.mp3,2022,10037.103,10038.703,1.6000000000003638,SPEAKER_52,I did not plan to talk tonight.,7,7,7
CyrusOne/COB_20260323_Imported.mp3,2023,10039.224,10040.364,1.139999999999418,SPEAKER_52,I plan to listen.,4,4,4
CyrusOne/COB_20260323_Imported.mp3,2024,10041.304,10044.065,2.761000000000422,SPEAKER_52,But I want to say something that very few people have said.,12,12,12
CyrusOne/COB_20260323_Imported.mp3,2025,10044.386,10046.166,1.7799999999988358,SPEAKER_52,You've heard about the environmental costs.,6,6,6
CyrusOne/COB_20260323_Imported.mp3,2026,10046.446,10051.909,5.462999999999738,SPEAKER_52,"You've heard about the sound and the noise and the pollution, the damage that it will do to farm ground.",20,20,20
CyrusOne/COB_20260323_Imported.mp3,2027,10053.329,10057.431,4.102000000000771,SPEAKER_52,I grew up 30 minutes north of here in the middle of a cornfield.,14,14,14
CyrusOne/COB_20260323_Imported.mp3,2028,10058.071,10061.693,3.621999999999389,SPEAKER_52,I know what it's like to not feel like I have a voice in this state.,16,16,16
CyrusOne/COB_20260323_Imported.mp3,2029,10062.293,10064.934,2.6409999999996217,SPEAKER_52,The local elections are the only place,7,7,7
CyrusOne/COB_20260323_Imported.mp3,2030,10065.401,10071.022,5.621000000001004,SPEAKER_52,that my vote has ever counted for anything in this state because everything else is decided by the big cities.,20,20,20
CyrusOne/COB_20260323_Imported.mp3,2031,10071.202,10073.742,2.540000000000873,SPEAKER_52,"And when you live out in the country, it doesn't matter.",11,11,11
CyrusOne/COB_20260323_Imported.mp3,2032,10073.762,10074.743,0.9809999999997672,SPEAKER_52,You're going to get outvoted.,5,5,5
CyrusOne/COB_20260323_Imported.mp3,2033,10074.763,10077.343,2.5799999999999272,SPEAKER_52,"Whether you agree or disagree, the city is going to win the vote.",13,13,13
CyrusOne/COB_20260323_Imported.mp3,2034,10078.203,10082.584,4.381000000001222,SPEAKER_52,You have heard hundreds of people raise their voice tonight to voice their concerns.,14,14,14
CyrusOne/COB_20260323_Imported.mp3,2035,10083.104,10091.785,8.681000000000495,SPEAKER_52,"I beg you, this is the one level of government in central Illinois that our voice is guaranteed to be heard and not outsourced our vote to Chicago.",28,28,28
CyrusOne/COB_20260323_Imported.mp3,2036,10092.286,10094.866,2.5799999999999272,SPEAKER_52,"So please, please listen to these votes.",7,7,7
CyrusOne/COB_20260323_Imported.mp3,2037,10095.411,10096.352,0.941000000000713,SPEAKER_52,I grew up on a well.,6,6,6
CyrusOne/COB_20260323_Imported.mp3,2038,10096.672,10103.675,7.002999999998792,SPEAKER_52,"I know what it's like to live through a drought and have to shut the water off as soon as you get wet to shower, turn it back on to rinse once you've soaked.",34,34,34
CyrusOne/COB_20260323_Imported.mp3,2039,10104.195,10109.218,5.023000000001048,SPEAKER_52,I know what it's like to have to haul in water because your well is contaminated and you can no longer drink it.,23,23,23
CyrusOne/COB_20260323_Imported.mp3,2040,10110.078,10118.102,8.024000000001251,SPEAKER_52,"I know that if you have diesel generators, incidental spills are going to happen because that's happened when you fill up your car with gas at a gas station.",29,29,29
CyrusOne/COB_20260323_Imported.mp3,2041,10118.583,10125.026,6.4429999999993015,SPEAKER_52,And I also know that Illinois passed Oklahoma as the number one state for tornadoes last year.,17,17,17
CyrusOne/COB_20260323_Imported.mp3,2042,10125.57,10129.251,3.6810000000004948,SPEAKER_52,It is not a question of if a tornado comes through central Illinois.,13,13,13
CyrusOne/COB_20260323_Imported.mp3,2043,10129.391,10133.932,4.541000000001077,SPEAKER_52,"It is a question of when, especially in the middle of a cornfield.",13,13,13
CyrusOne/COB_20260323_Imported.mp3,2044,10134.352,10134.693,0.34099999999853026,SPEAKER_52,I know.,2,2,2
CyrusOne/COB_20260323_Imported.mp3,2045,10134.713,10140.654,5.941000000000713,SPEAKER_52,I watched many from my front yard as a kid 30 minutes up the road.,15,15,15
CyrusOne/COB_20260323_Imported.mp3,2046,10141.334,10144.835,3.5009999999983847,SPEAKER_52,"So please, please be the people that I think you are.",11,11,11
CyrusOne/COB_20260323_Imported.mp3,2047,10144.935,10150.777,5.842000000000553,SPEAKER_52,"Please hear these concerns, and please act in the best interest of your constituents.",14,14,14
CyrusOne/COB_20260323_Imported.mp3,2048,10160.02,10160.32,0.2999999999992724,SPEAKER_75,Hello.,1,1,1
CyrusOne/COB_20260323_Imported.mp3,2049,10161.001,10161.942,0.940999999998894,SPEAKER_75,My name is Dalton Ioka.,5,5,5
CyrusOne/COB_20260323_Imported.mp3,2050,10161.962,10163.944,1.981999999999971,SPEAKER_75,I'm a lifelong resident of Sangamon County.,7,7,7
CyrusOne/COB_20260323_Imported.mp3,2051,10164.484,10167.567,3.0829999999987194,SPEAKER_75,I'm a part of a family of farmers of eight generations.,11,11,11
CyrusOne/COB_20260323_Imported.mp3,2052,10167.807,10169.369,1.5619999999998981,SPEAKER_75,We've been here since 1811.,5,5,5
CyrusOne/COB_20260323_Imported.mp3,2053,10170.189,10173.052,2.8629999999993743,SPEAKER_75,And this is going to be right next to our family farm.,12,12,12
CyrusOne/COB_20260323_Imported.mp3,2054,10175.154,10179.538,4.3840000000000146,SPEAKER_75,"We've put blood, sweat, and tears into this area for generations.",11,11,11
CyrusOne/COB_20260323_Imported.mp3,2055,10180.519,10182.621,2.1019999999989523,SPEAKER_75,And I work in the IT industry.,7,7,7
CyrusOne/COB_20260323_Imported.mp3,2056,10182.901,10184.062,1.1610000000000582,SPEAKER_75,I've worked in data centers.,5,5,5
CyrusOne/COB_20260323_Imported.mp3,2057,10184.956,10192.421,7.4650000000001455,SPEAKER_75,"It doesn't take that much to maintain them, but it sure is a pain in the ass when you try to get rid of them because we don't know where to put them.",33,33,33
CyrusOne/COB_20260323_Imported.mp3,2058,10194.323,10207.232,12.90899999999965,SPEAKER_75,"I'm speaking for my whole family, and I don't know, I guess, what I'm even saying, but we need to say no to this because if we don't say no now...",31,31,31
CyrusOne/COB_20260323_Imported.mp3,2059,10208.17,10214.197,6.027000000000044,SPEAKER_75,"They will keep coming, and we will no longer be the identity of a place where there is plenty to eat.",21,21,21
CyrusOne/COB_20260323_Imported.mp3,2060,10214.538,10221.807,7.269000000000233,SPEAKER_75,"We'll be a place of metal and a place of things that we can't get rid of, just like the Pillsbury plant.",22,22,22
CyrusOne/COB_20260323_Imported.mp3,2061,10222.247,10222.628,0.38100000000122236,SPEAKER_75,Thank you.,2,2,2
CyrusOne/COB_20260323_Imported.mp3,2062,10232.868,10233.468,0.6000000000003638,SPEAKER_67,"Hi, everybody.",2,2,2
CyrusOne/COB_20260323_Imported.mp3,2063,10234.349,10238.851,4.5020000000004075,SPEAKER_67,I'm extremely familiar with the area that this facility is proposed to be in.,14,14,14
CyrusOne/COB_20260323_Imported.mp3,2064,10239.651,10243.953,4.30199999999968,SPEAKER_67,And I just want to point out something that I don't think anyone has mentioned yet tonight.,17,17,17
CyrusOne/COB_20260323_Imported.mp3,2065,10245.154,10259.26,14.105999999999767,SPEAKER_67,"If this facility were to move three miles west, it would be in Morgan County, which has absolutely no unincorporated ordinances or restrictions.",23,23,23
CyrusOne/COB_20260323_Imported.mp3,2066,10260.273,10278.016,17.743000000000393,SPEAKER_67,"So the same people who are going to be immediately impacted by this at the location that's being proposed are going to be, would still be impacted if it were to simply move three miles west and none of you would have a single thing to say about it.",49,49,49
CyrusOne/COB_20260323_Imported.mp3,2067,10278.496,10282.217,3.721000000001368,SPEAKER_67,It would be using the same high voltage transmission lines.,10,10,10
CyrusOne/COB_20260323_Imported.mp3,2068,10282.517,10287.538,5.02100000000064,SPEAKER_67,"It would still be using Apple Creek Water District, which is coming from Waverly Lake.",15,15,15
CyrusOne/COB_20260323_Imported.mp3,2069,10288.298,10289.898,1.5999999999985448,SPEAKER_67,I'm not asking you to vote yes.,7,7,7
CyrusOne/COB_20260323_Imported.mp3,2070,10290.55,10292.151,1.6010000000005675,SPEAKER_67,I'm not asking you to vote no.,7,7,7
CyrusOne/COB_20260323_Imported.mp3,2071,10292.651,10305.997,13.345999999999549,SPEAKER_67,"I just want to point out that what you're arguing for and against may be a moot point by them simply moving it three miles to the west, and it still impacts the same people.",35,35,35
CyrusOne/COB_20260323_Imported.mp3,2072,10306.598,10306.938,0.3400000000001455,SPEAKER_67,Thank you.,2,2,2
CyrusOne/COB_20260323_Imported.mp3,2073,10317.704,10318.944,1.2399999999997817,SPEAKER_30,"Hi, my name is Noah Suma.",6,6,6
CyrusOne/COB_20260323_Imported.mp3,2074,10319.004,10320.145,1.1409999999996217,SPEAKER_30,I'm 27 years old.,4,4,4
CyrusOne/COB_20260323_Imported.mp3,2075,10320.285,10320.965,0.680000000000291,SPEAKER_30,I'm a homeowner.,3,3,3
CyrusOne/COB_20260323_Imported.mp3,2076,10321.105,10324.465,3.360000000000582,SPEAKER_30,I've been in Springfield since I was an infant.,9,9,9
CyrusOne/COB_20260323_Imported.mp3,2077,10325.046,10326.206,1.1599999999998545,SPEAKER_30,I'm also an Eagle Scout.,5,5,5
CyrusOne/COB_20260323_Imported.mp3,2078,10326.466,10337.068,10.601999999998952,SPEAKER_30,"This data center is not too far removed from Camp Bunn, which is where I would frequently spend summers, and I would hate to see any downwind effects from this project affect that area and future Scouts.",37,37,37
CyrusOne/COB_20260323_Imported.mp3,2079,10337.488,10342.609,5.121000000001004,SPEAKER_30,I'm also terrified by the environmental ramifications of this project and other data centers.,14,14,14
CyrusOne/COB_20260323_Imported.mp3,2080,10342.689,10343.929,1.2399999999997817,SPEAKER_30,We need to strike this down.,6,6,6
CyrusOne/COB_20260323_Imported.mp3,2081,10343.949,10345.81,1.8609999999989668,SPEAKER_30,We need to not allow this in our area.,9,9,9
CyrusOne/COB_20260323_Imported.mp3,2082,10348.666,10352.388,3.7220000000015716,SPEAKER_30,We don't even know if the AI boom is going to last.,12,12,12
CyrusOne/COB_20260323_Imported.mp3,2083,10352.448,10358.572,6.123999999999796,SPEAKER_30,We don't know if these data centers are going to do anything other than take our data and leave us with a lot of concrete that we have to tear down later.,32,32,32
CyrusOne/COB_20260323_Imported.mp3,2084,10359.192,10361.053,1.8610000000007858,SPEAKER_30,I'm not worried about four to six years from now.,10,10,10
CyrusOne/COB_20260323_Imported.mp3,2085,10361.073,10371.26,10.186999999999898,SPEAKER_30,"I'm worried about ten years from now when I'm hoping to start a family, 30 years from now when I might still be in the area and having grandchildren, 100 years from now when no one in this room is still here and we're left with this blight.",48,48,48
CyrusOne/COB_20260323_Imported.mp3,2086,10371.84,10373.46,1.6199999999989814,SPEAKER_30,that certainly will not be around.,6,6,6
CyrusOne/COB_20260323_Imported.mp3,2087,10373.62,10374.601,0.9809999999997672,SPEAKER_30,Empires always fall.,3,3,3
CyrusOne/COB_20260323_Imported.mp3,2088,10374.641,10376.741,2.100000000000364,SPEAKER_30,Businesses will fail.,3,3,3
CyrusOne/COB_20260323_Imported.mp3,2089,10376.761,10378.121,1.359999999998763,SPEAKER_30,I implore you to vote this down.,7,7,7
CyrusOne/COB_20260323_Imported.mp3,2090,10378.382,10383.263,4.881000000001222,SPEAKER_30,"I think I have counted no more than five, maybe six people in this line that have been speaking in favor of it.",23,23,23
CyrusOne/COB_20260323_Imported.mp3,2091,10383.683,10386.603,2.9199999999982538,SPEAKER_30,"I urge the members of the board, please listen to the people.",12,12,12
CyrusOne/COB_20260323_Imported.mp3,2092,10386.783,10388.464,1.6810000000004948,SPEAKER_30,We are vastly against this.,5,5,5
CyrusOne/COB_20260323_Imported.mp3,2093,10388.744,10392.485,3.7409999999999854,SPEAKER_30,"If you are voting yes, you are showing that you are not listening to the people.",16,16,16
CyrusOne/COB_20260323_Imported.mp3,2094,10392.805,10393.125,0.31999999999970896,SPEAKER_30,Thank you.,2,2,2
CyrusOne/COB_20260323_Imported.mp3,2095,10401.892,10402.832,0.9400000000005093,SPEAKER_21,"Hi, my name is Evan.",5,5,5
CyrusOne/COB_20260323_Imported.mp3,2096,10402.972,10409.474,6.5020000000004075,SPEAKER_21,I just wanted to firstly thank all of the union folks that stayed after their side spoke.,17,17,17
CyrusOne/COB_20260323_Imported.mp3,2097,10409.614,10414.275,4.661000000000058,SPEAKER_21,My grandfather was a chairman of the UAW Locals 1027.,10,10,10
CyrusOne/COB_20260323_Imported.mp3,2098,10414.395,10421.216,6.820999999999913,SPEAKER_21,He was part of the bargaining committee at the Fiat Alice plant in Springfield for a very long time.,19,19,19
CyrusOne/COB_20260323_Imported.mp3,2099,10422.256,10429.378,7.122000000001208,SPEAKER_21,"In 1977, I do believe, he died in his 40s due to colon cancer caused by asbestos.",17,17,17
CyrusOne/COB_20260323_Imported.mp3,2100,10430.098,10435.325,5.227000000000771,SPEAKER_21,"Now, that just kind of goes to say it's happened a lot to many people that worked in that plant.",20,20,20
CyrusOne/COB_20260323_Imported.mp3,2101,10437.167,10444.416,7.248999999999796,SPEAKER_21,These folks are going to tell you guys whatever you want to hear to get you to be on their side and to...,23,23,23
CyrusOne/COB_20260323_Imported.mp3,2102,10446.477,10460.308,13.831000000000131,SPEAKER_21,Work against other working class folks and work against your own best interest to build this giant plant that is not going to benefit anybody in the long term besides them because they make more money in an hour than any of us do in a year.,47,47,47
CyrusOne/COB_20260323_Imported.mp3,2103,10460.788,10463.05,2.2619999999988067,SPEAKER_21,That's the only thing that matters to them is money.,10,10,10
CyrusOne/COB_20260323_Imported.mp3,2104,10463.971,10464.772,0.8010000000012951,SPEAKER_21,None of us matter.,4,4,4
CyrusOne/COB_20260323_Imported.mp3,2105,10464.812,10466.273,1.4609999999993306,SPEAKER_21,None of these people are from here.,7,7,7
CyrusOne/COB_20260323_Imported.mp3,2106,10466.333,10468.855,2.521999999999025,SPEAKER_21,The only thing that they care about is making money off of us.,13,13,13
CyrusOne/COB_20260323_Imported.mp3,2107,10469.275,10479.128,9.853000000000975,SPEAKER_21,"They want to come into our small communities and try and put this on us before we can research the things properly, before we know anything about the long-term effects of this.",32,32,32
CyrusOne/COB_20260323_Imported.mp3,2108,10479.749,10483.234,3.485000000000582,SPEAKER_21,And I'm at a loss.,5,5,5
CyrusOne/COB_20260323_Imported.mp3,2109,10483.294,10484.535,1.2409999999999854,SPEAKER_21,"Honestly, sorry.",2,2,2
CyrusOne/COB_20260323_Imported.mp3,2110,10485.372,10490.597,5.225000000000364,SPEAKER_21,"Yeah, they just want to throw this on our laps and then run away once everything's all fucked up in 10 years.",22,22,22
CyrusOne/COB_20260323_Imported.mp3,2111,10490.757,10491.457,0.7000000000007276,SPEAKER_21,You know what I mean?,5,5,5
CyrusOne/COB_20260323_Imported.mp3,2112,10491.998,10493.859,1.8610000000007858,SPEAKER_21,It's going to completely destroy the environment.,7,7,7
CyrusOne/COB_20260323_Imported.mp3,2113,10493.879,10495.501,1.6219999999993888,SPEAKER_21,There's not going to be any long-term jobs.,8,8,8
CyrusOne/COB_20260323_Imported.mp3,2114,10495.521,10496.782,1.260999999998603,SPEAKER_21,They're going to outsource all that.,6,6,6
CyrusOne/COB_20260323_Imported.mp3,2115,10497.022,10498.503,1.4809999999997672,SPEAKER_21,Who knows what else they're going to outsource.,8,8,8
CyrusOne/COB_20260323_Imported.mp3,2116,10498.523,10500.345,1.8220000000001164,SPEAKER_21,These people lie constantly.,4,4,4
CyrusOne/COB_20260323_Imported.mp3,2117,10500.385,10502.627,2.242000000000189,SPEAKER_21,They lied about the plant in Aurora.,7,7,7
CyrusOne/COB_20260323_Imported.mp3,2118,10503.007,10508.572,5.565000000000509,SPEAKER_21,That's their entire job is to lie to people like you and me so they can get what they want.,20,20,20
CyrusOne/COB_20260323_Imported.mp3,2119,10508.672,10509.853,1.1809999999986758,SPEAKER_21,Don't pass this.,3,3,3
CyrusOne/COB_20260323_Imported.mp3,2120,10509.913,10512.395,2.481999999999971,SPEAKER_21,Don't build this shit in our fucking city.,8,8,8
CyrusOne/COB_20260323_Imported.mp3,2121,10512.596,10512.956,0.3600000000005821,SPEAKER_21,Please.,1,1,1
CyrusOne/COB_20260323_Imported.mp3,2122,10523.755,10525.776,2.0210000000006403,SPEAKER_31,"Hi, my name is Craig Crothers.",6,6,6
CyrusOne/COB_20260323_Imported.mp3,2123,10526.156,10527.037,0.8809999999994034,SPEAKER_31,We live on the farm.,5,5,5
CyrusOne/COB_20260323_Imported.mp3,2124,10527.077,10531.219,4.141999999999825,SPEAKER_31,We have land adjacent to the proposed data center.,9,9,9
CyrusOne/COB_20260323_Imported.mp3,2125,10532.379,10535.961,3.5819999999985157,SPEAKER_31,"We've been there for a long time, 152 years.",9,9,9
CyrusOne/COB_20260323_Imported.mp3,2126,10536.621,10538.982,2.361000000000786,SPEAKER_31,"Not us personally, but the family has.",7,7,7
CyrusOne/COB_20260323_Imported.mp3,2127,10541.884,10542.984,1.1000000000003638,SPEAKER_31,We raise livestock.,3,3,3
CyrusOne/COB_20260323_Imported.mp3,2128,10543.004,10550.948,7.943999999999505,SPEAKER_31,"There's a lot of livestock down Crothers Road, which I assume we've been there long enough that they named the road after us.",23,23,23
CyrusOne/COB_20260323_Imported.mp3,2129,10554.448,10556.75,2.30199999999968,SPEAKER_31,I can't imagine the noise.,5,5,5
CyrusOne/COB_20260323_Imported.mp3,2130,10556.87,10558.391,1.5209999999988213,SPEAKER_31,"I mean, it's peaceful out there.",6,6,6
CyrusOne/COB_20260323_Imported.mp3,2131,10558.411,10561.733,3.3220000000001164,SPEAKER_31,Usually they're late at night.,5,5,5
CyrusOne/COB_20260323_Imported.mp3,2132,10562.913,10568.357,5.443999999999505,SPEAKER_31,"You can hear, you know, the animals long ways away, dogs barking, coyotes barking.",14,14,14
CyrusOne/COB_20260323_Imported.mp3,2133,10570.258,10572.319,2.0609999999996944,SPEAKER_31,The diesel noise will be terrible.,6,6,6
CyrusOne/COB_20260323_Imported.mp3,2134,10572.359,10576.402,4.042999999999665,SPEAKER_31,"I know they say it's going to be EPA compliant, but it's still noise.",14,14,14
CyrusOne/COB_20260323_Imported.mp3,2135,10578.705,10597.332,18.627000000000407,SPEAKER_31,"I'm sure most of you, when I talked at the last meeting, the zoning board meeting, that the, you know, it's in Lake Watershed or Lake Springfield Watershed, so I know a couple other people said that, but anything that happens there will end up in Lake Springfield.",48,48,48
CyrusOne/COB_20260323_Imported.mp3,2136,10597.492,10605.275,7.782999999999447,SPEAKER_31,So I would think people in Springfield would be nervous about the drinking water or people on the council would be concerned about that.,24,24,24
CyrusOne/COB_20260323_Imported.mp3,2137,10606.462,10607.383,0.9210000000002765,SPEAKER_31,Accidents happen.,2,2,2
CyrusOne/COB_20260323_Imported.mp3,2138,10614.089,10617.832,3.743000000000393,SPEAKER_31,"When the solar farm went in, there's, you know, 4,000 acres.",11,11,11
CyrusOne/COB_20260323_Imported.mp3,2139,10618.312,10620.834,2.522000000000844,SPEAKER_31,"You know, you guys, the union did a good job putting it in.",13,13,13
CyrusOne/COB_20260323_Imported.mp3,2140,10621.675,10622.716,1.0410000000010768,SPEAKER_31,It's nice and straight.,4,4,4
CyrusOne/COB_20260323_Imported.mp3,2141,10622.736,10623.517,0.7809999999990396,SPEAKER_31,It looks nice.,3,3,3
CyrusOne/COB_20260323_Imported.mp3,2142,10624.798,10631.484,6.685999999999694,SPEAKER_31,"But the council, I don't know if it's the same members or not, but, you know, you guys approved that.",20,20,20
CyrusOne/COB_20260323_Imported.mp3,2143,10631.804,10634.186,2.381999999999607,SPEAKER_31,But there's a million bushels of corn that doesn't come out of that.,13,13,13
CyrusOne/COB_20260323_Imported.mp3,2144,10634.942,10637.183,2.2410000000018044,SPEAKER_31,"Every year, it affects a lot of jobs.",8,8,8
CyrusOne/COB_20260323_Imported.mp3,2145,10638.043,10645.085,7.041999999999462,SPEAKER_31,You guys are worried about creating 100 jobs plus the steady jobs and then the union workers' jobs.,18,18,18
CyrusOne/COB_20260323_Imported.mp3,2146,10645.265,10647.706,2.441000000000713,SPEAKER_31,"That's time, Mr. Carthers.",4,4,4
CyrusOne/COB_20260323_Imported.mp3,2147,10647.986,10648.386,0.3999999999996362,SPEAKER_31,Thank you.,2,2,2
CyrusOne/COB_20260323_Imported.mp3,2148,10657.689,10659.27,1.581000000000131,SPEAKER_12,"Hello, my name is G. Abusaba.",6,6,6
CyrusOne/COB_20260323_Imported.mp3,2149,10659.35,10663.331,3.980999999999767,SPEAKER_12,I'm a resident of Springfield and a farmland owner in North McCoupin County.,13,13,13
CyrusOne/COB_20260323_Imported.mp3,2150,10664.523,10669.507,4.984000000000378,SPEAKER_12,"also from a union household, so I respect what the unions are here for and for their jobs.",18,18,18
CyrusOne/COB_20260323_Imported.mp3,2151,10670.968,10677.512,6.543999999999869,SPEAKER_12,"But when I look at this and I look at the Sangamon County Growth Alliance, I don't see much that they've done for Sangamon County.",25,25,25
CyrusOne/COB_20260323_Imported.mp3,2152,10677.712,10685.198,7.486000000000786,SPEAKER_12,"The two big things they've had on their website are for the Dawson and Thoma family, the Black Diamond Mine, and now for this data center project.",27,27,27
CyrusOne/COB_20260323_Imported.mp3,2153,10685.698,10687.679,1.9809999999997672,SPEAKER_12,"Mike Murphy, our senator is here.",6,6,6
CyrusOne/COB_20260323_Imported.mp3,2154,10688.2,10689.541,1.3409999999985303,SPEAKER_12,You're advocating for this project.,5,5,5
CyrusOne/COB_20260323_Imported.mp3,2155,10689.561,10692.923,3.3620000000009895,SPEAKER_12,What have you all done in the past four or five years or ever you've been in charge,18,18,18
CyrusOne/COB_20260323_Imported.mp3,2156,10693.553,10699.276,5.722999999999956,SPEAKER_12,to get more actual good manufacturing jobs or real tech jobs in Sangamon County.,14,14,14
CyrusOne/COB_20260323_Imported.mp3,2157,10704.739,10709.381,4.641999999999825,SPEAKER_12,Illinois doesn't have the energy capacity going forward to even support this place either.,14,14,14
CyrusOne/COB_20260323_Imported.mp3,2158,10709.642,10718.706,9.064000000000306,SPEAKER_12,So it's very ironic to me that the only people we've heard talk for this to go through are people that are profiting from it.,25,25,25
CyrusOne/COB_20260323_Imported.mp3,2159,10719.327,10721.408,2.081000000000131,SPEAKER_12,"The union leaders, the construction leaders,",6,6,6
CyrusOne/COB_20260323_Imported.mp3,2160,10722.159,10723.52,1.3610000000007858,SPEAKER_12,And the Thomas and Dawson family.,6,6,6
CyrusOne/COB_20260323_Imported.mp3,2161,10723.6,10724.02,0.42000000000007276,SPEAKER_12,That's it.,2,2,2
CyrusOne/COB_20260323_Imported.mp3,2162,10724.581,10737.529,12.94800000000032,SPEAKER_12,"Everybody else that spoke against this, we've got salespeople, we have health care people, we have teachers, we have doctors, we have farmers from not just Sangamon County, but from McCoupin County and Morgan County.",35,35,35
CyrusOne/COB_20260323_Imported.mp3,2163,10738.17,10744.874,6.7039999999997235,SPEAKER_12,"If this isn't enough for our Sangamon County board to realize that we need to pause this, then you all are getting voted out.",24,24,24
CyrusOne/COB_20260323_Imported.mp3,2164,10756.462,10770.921,14.459000000000742,SPEAKER_12,"And 30 years from now, maybe 10 years from now, 20, 30, when people are driving around what used to be a beautiful part of Illinois that now looks like it's from a movie, and they see that, they're going to be like, who were these idiots that decided this was a good idea?",54,54,54
CyrusOne/COB_20260323_Imported.mp3,2165,10771.441,10772.523,1.0819999999985157,SPEAKER_12,And it's going to be all of you.,8,8,8
CyrusOne/COB_20260323_Imported.mp3,2166,10782.012,10806.739,24.726999999998952,SPEAKER_49,"hello my name is Kayla I am a 2019 graduate of Waverly High School I grew up one mile from the proposed site and I urge you guys to vote no I have some serious concerns as well as everybody else but I want you guys to know that we have a 60 head herd of cattle one mile from there and we have a building that holds 13,000 chickens we could put 13,000 chickens right back in that building tomorrow",81,81,81
CyrusOne/COB_20260323_Imported.mp3,2167,10807.775,10809.636,1.8610000000007858,SPEAKER_49,We can fill it with any livestock that we want.,10,10,10
CyrusOne/COB_20260323_Imported.mp3,2168,10809.877,10810.897,1.0200000000004366,SPEAKER_49,We're not going anywhere.,4,4,4
CyrusOne/COB_20260323_Imported.mp3,2169,10811.358,10816.381,5.022999999999229,SPEAKER_49,"Please, please, please protect this land that is going to be eradicated forever.",13,13,13
CyrusOne/COB_20260323_Imported.mp3,2170,10816.742,10817.022,0.28000000000065484,SPEAKER_49,Thank you.,2,2,2
CyrusOne/COB_20260323_Imported.mp3,2171,10825.758,10826.458,0.7000000000007276,SPEAKER_61,"Hello, everyone.",2,2,2
CyrusOne/COB_20260323_Imported.mp3,2172,10827.019,10827.979,0.9599999999991269,SPEAKER_61,My name is Joe Bates.,5,5,5
CyrusOne/COB_20260323_Imported.mp3,2173,10828.259,10829.98,1.720999999999549,SPEAKER_61,I'm a proud TeamSTAR member.,5,5,5
CyrusOne/COB_20260323_Imported.mp3,2174,10831.2,10833.841,2.6409999999996217,SPEAKER_61,I thought I'd get up and be the last one to talk.,12,12,12
CyrusOne/COB_20260323_Imported.mp3,2175,10833.861,10837.783,3.9219999999986612,SPEAKER_61,"Looks like no one else, but I see my friend's coming up, so I appreciate you coming up, too.",19,19,19
CyrusOne/COB_20260323_Imported.mp3,2176,10839.224,10845.827,6.602999999999156,SPEAKER_61,"First of all, I'd like to ask the board members, a raise of hands, who would you would live within a mile of this data center?",26,26,26
CyrusOne/COB_20260323_Imported.mp3,2177,10846.167,10846.747,0.5799999999999272,SPEAKER_61,Raise of hands.,3,3,3
CyrusOne/COB_20260323_Imported.mp3,2178,10855.035,10861.919,6.8840000000000146,SPEAKER_61,"For my brothers and sisters, union members, who of you would live within a mile of this data center?",19,19,19
CyrusOne/COB_20260323_Imported.mp3,2179,10861.959,10862.939,0.9799999999995634,SPEAKER_61,Please raise your hand.,4,4,4
CyrusOne/COB_20260323_Imported.mp3,2180,10863.92,10867.102,3.1820000000006985,SPEAKER_61,"One, two, three, four, five.",5,5,5
CyrusOne/COB_20260323_Imported.mp3,2181,10867.562,10867.982,0.42000000000007276,SPEAKER_61,Okay.,1,1,1
CyrusOne/COB_20260323_Imported.mp3,2182,10868.763,10871.404,2.6409999999996217,SPEAKER_61,I'm sure we can get a GoFundMe going for you guys to move there.,14,14,14
CyrusOne/COB_20260323_Imported.mp3,2183,10875.967,10878.029,2.061999999999898,SPEAKER_61,I've learned a lesson a long time ago.,8,8,8
CyrusOne/COB_20260323_Imported.mp3,2184,10879.25,10880.311,1.0609999999996944,SPEAKER_61,Don't shit where you eat.,5,5,5
CyrusOne/COB_20260323_Imported.mp3,2185,10882.513,10883.875,1.3619999999991705,SPEAKER_61,So think about that.,4,4,4
CyrusOne/COB_20260323_Imported.mp3,2186,10884.775,10885.556,0.7810000000008586,SPEAKER_61,One last thing.,3,3,3
CyrusOne/COB_20260323_Imported.mp3,2187,10886.537,10889.96,3.422999999998865,SPEAKER_61,"If it quacks like a duck, if it walks like a duck, it's a duck.",15,15,15
CyrusOne/COB_20260323_Imported.mp3,2188,10890.821,10892.703,1.881999999999607,SPEAKER_61,This company has been all over.,6,6,6
CyrusOne/COB_20260323_Imported.mp3,2189,10894.064,10896.787,2.7229999999999563,SPEAKER_61,"Everywhere it's gone, nobody's going around and says, oh.",9,9,9
CyrusOne/COB_20260323_Imported.mp3,2190,10897.251,10898.271,1.0200000000004366,SPEAKER_61,Bring this to your town.,5,5,5
CyrusOne/COB_20260323_Imported.mp3,2191,10898.311,10899.112,0.8009999999994761,SPEAKER_61,It's been great.,3,3,3
CyrusOne/COB_20260323_Imported.mp3,2192,10899.252,10901.332,2.0799999999999272,SPEAKER_61,"Oh, my God, we made so much money off taxes.",10,10,10
CyrusOne/COB_20260323_Imported.mp3,2193,10901.813,10903.653,1.8400000000001455,SPEAKER_61,You only see people complaining about it.,7,7,7
CyrusOne/COB_20260323_Imported.mp3,2194,10904.433,10907.114,2.6809999999986758,SPEAKER_61,So I would first tell you to vote no.,9,9,9
CyrusOne/COB_20260323_Imported.mp3,2195,10907.474,10911.916,4.441999999999098,SPEAKER_61,"But if you're not going to vote no, at least put a pause, 90 days.",15,15,15
CyrusOne/COB_20260323_Imported.mp3,2196,10913.076,10913.937,0.8610000000007858,SPEAKER_61,Think about it a bit more.,6,6,6
CyrusOne/COB_20260323_Imported.mp3,2197,10914.257,10914.837,0.5799999999999272,SPEAKER_61,"Thank you, everyone.",3,3,3
CyrusOne/COB_20260323_Imported.mp3,2198,10925.202,10926.222,1.0200000000004366,SPEAKER_16,"Hi, my name's Art Lavoie.",5,5,5
CyrusOne/COB_20260323_Imported.mp3,2199,10926.242,10927.363,1.120999999999185,SPEAKER_16,I'm with Local 477.,4,4,4
CyrusOne/COB_20260323_Imported.mp3,2200,10927.923,10933.845,5.921999999998661,SPEAKER_16,"I didn't plan to talk tonight, but I just heard some things, and I just want to say my feelings back to what was said.",25,25,25
CyrusOne/COB_20260323_Imported.mp3,2201,10935.466,10939.448,3.981999999999971,SPEAKER_16,"To start, you know, I've learned something a long time ago, too, and it was from my parents.",18,18,18
CyrusOne/COB_20260323_Imported.mp3,2202,10939.828,10944.41,4.582000000000335,SPEAKER_16,"Everything I heard up here, most of the things I heard up here and the concerns I've seen are very valid.",21,21,21
CyrusOne/COB_20260323_Imported.mp3,2203,10944.79,10947.631,2.8409999999985303,SPEAKER_16,"But most of what I heard were what ifs, what ifs, what ifs.",13,13,13
CyrusOne/COB_20260323_Imported.mp3,2204,10948.111,10951.273,3.161999999998443,SPEAKER_16,"My dad taught me when I was five, you can what if all the way out the fucking door.",19,19,19
CyrusOne/COB_20260323_Imported.mp3,2205,10951.713,10952.373,0.6599999999998545,SPEAKER_16,You know what I mean?,5,5,5
CyrusOne/COB_20260323_Imported.mp3,2206,10952.793,10954.074,1.2810000000008586,SPEAKER_16,You got to know what's going on.,7,7,7
CyrusOne/COB_20260323_Imported.mp3,2207,10954.094,10955.415,1.3210000000017317,SPEAKER_16,"You can't just what if, what if.",7,7,7
CyrusOne/COB_20260323_Imported.mp3,2208,10956.016,10960.499,4.483000000000175,SPEAKER_16,And I'm sorry your grandfather suffered from something of mesothelioma.,10,10,10
CyrusOne/COB_20260323_Imported.mp3,2209,10960.98,10963.822,2.842000000000553,SPEAKER_16,"As a union worker, we get trained in taking asbestos out.",11,11,11
CyrusOne/COB_20260323_Imported.mp3,2210,10964.743,10969.046,4.302999999999884,SPEAKER_16,"Those people who have a problem with the Pillsbury building, that's being taken down by asbestos workers.",17,17,17
CyrusOne/COB_20260323_Imported.mp3,2211,10969.646,10976.051,6.404999999998836,SPEAKER_16,Union workers that are certified trained through the state take that down properly so no one else gets sick in our community.,22,22,22
CyrusOne/COB_20260323_Imported.mp3,2212,10976.392,10978.073,1.6810000000004948,SPEAKER_16,That's us taking it down for you.,7,7,7
CyrusOne/COB_20260323_Imported.mp3,2213,10979.054,10980.335,1.2809999999990396,SPEAKER_16,The job's being temporary.,4,4,4
CyrusOne/COB_20260323_Imported.mp3,2214,10981.028,10982.829,1.8009999999994761,SPEAKER_16,"I have a union, you know, my family's union.",9,9,9
CyrusOne/COB_20260323_Imported.mp3,2215,10982.849,10986.329,3.4799999999995634,SPEAKER_16,I have a union state employee that is in my family also.,12,12,12
CyrusOne/COB_20260323_Imported.mp3,2216,10987.25,10989.01,1.7600000000002183,SPEAKER_16,Your guys' jobs are permanent.,5,5,5
CyrusOne/COB_20260323_Imported.mp3,2217,10989.09,10990.791,1.7009999999991123,SPEAKER_16,You know where you're going to go to work tomorrow.,10,10,10
CyrusOne/COB_20260323_Imported.mp3,2218,10991.371,10994.472,3.1010000000005675,SPEAKER_16,"Right now, I haven't been to work since November.",9,9,9
CyrusOne/COB_20260323_Imported.mp3,2219,10995.252,11000.713,5.460999999999331,SPEAKER_16,"I have three children, one's in college, one's four, and one's 16, a range of children.",16,16,16
CyrusOne/COB_20260323_Imported.mp3,2220,11001.554,11003.014,1.4599999999991269,SPEAKER_16,I haven't been to work since November.,7,7,7
CyrusOne/COB_20260323_Imported.mp3,2221,11004.014,11007.095,3.081000000000131,SPEAKER_16,"You think this job is just temporary, but that's where we get our work.",14,14,14
CyrusOne/COB_20260323_Imported.mp3,2222,11007.862,11009.123,1.261000000000422,SPEAKER_16,Our work is temporary.,4,4,4
CyrusOne/COB_20260323_Imported.mp3,2223,11009.303,11013.446,4.143000000000029,SPEAKER_16,"My last job was a two-year job, and I was happy it was two years.",15,15,15
CyrusOne/COB_20260323_Imported.mp3,2224,11013.826,11017.909,4.083000000000538,SPEAKER_16,"We get six-month jobs, three-month jobs, one-year jobs.",8,8,8
CyrusOne/COB_20260323_Imported.mp3,2225,11018.27,11037.003,18.733000000000175,SPEAKER_16,"To see something so large that could benefit so many people in your community, you think it's just temporary, but that five-year job would make so many people comfortable, not have anxiety about how to pay their bills, not have anxiety about how to feed their children, not have anxiety about how to put gas in their cars.",58,58,58
CyrusOne/COB_20260323_Imported.mp3,2226,11038.403,11041.804,3.40099999999984,SPEAKER_16,"I didn't come here to talk, but I just want everyone to think about those things also.",17,17,17
CyrusOne/COB_20260323_Imported.mp3,2227,11042.244,11043.904,1.6599999999998545,SPEAKER_16,I think your concerns are very valid.,7,7,7
CyrusOne/COB_20260323_Imported.mp3,2228,11044.384,11046.465,2.081000000000131,SPEAKER_16,I think your environmental concerns are very valid.,8,8,8
CyrusOne/COB_20260323_Imported.mp3,2229,11046.485,11047.025,0.5399999999990541,SPEAKER_16,That's the time.,3,3,3
CyrusOne/COB_20260323_Imported.mp3,2230,11047.725,11048.105,0.37999999999919964,SPEAKER_16,Thank you.,2,2,2
CyrusOne/COB_20260323_Imported.mp3,2231,11067.32,11067.74,0.42000000000007276,SPEAKER_08,"Hi, guys.",2,2,2
CyrusOne/COB_20260323_Imported.mp3,2232,11067.76,11070.221,2.4609999999993306,SPEAKER_08,My name is Josh.,4,4,4
CyrusOne/COB_20260323_Imported.mp3,2233,11070.241,11075.461,5.219999999999345,SPEAKER_08,"I have a family that has been in paving, Myers paving.",11,11,11
CyrusOne/COB_20260323_Imported.mp3,2234,11075.561,11076.282,0.7209999999995489,SPEAKER_08,Maybe you know them.,4,4,4
CyrusOne/COB_20260323_Imported.mp3,2235,11076.422,11077.762,1.3400000000001455,SPEAKER_08,Maybe you don't.,3,3,3
CyrusOne/COB_20260323_Imported.mp3,2236,11077.842,11082.343,4.501000000000204,SPEAKER_08,My dad and his close friend used to work with asbestos.,11,11,11
CyrusOne/COB_20260323_Imported.mp3,2237,11082.703,11085.723,3.0200000000004366,SPEAKER_08,It's actually what gave me cancer when I was two.,10,10,10
CyrusOne/COB_20260323_Imported.mp3,2238,11086.963,11088.824,1.8610000000007858,SPEAKER_08,And that's not a what if.,6,6,6
CyrusOne/COB_20260323_Imported.mp3,2239,11088.984,11095.365,6.380999999999403,SPEAKER_08,That is what happened because of short-sightedness in our family.,10,10,10
CyrusOne/COB_20260323_Imported.mp3,2240,11097.182,11097.482,0.2999999999992724,SPEAKER_08,City.,1,1,1
CyrusOne/COB_20260323_Imported.mp3,2241,11098.643,11108.687,10.043999999999869,SPEAKER_08,"And this is continued short-sightedness because there are so many issues that are going to occur with very, very little benefit.",21,21,21
CyrusOne/COB_20260323_Imported.mp3,2242,11109.527,11116.51,6.983000000000175,SPEAKER_08,"I get that the six years is going to be good for the 100 people, but it's not going to be good for anyone else.",25,25,25
CyrusOne/COB_20260323_Imported.mp3,2243,11117.271,11122.173,4.902000000000044,SPEAKER_08,Why are we focusing on uplifting a corporation,8,8,8
CyrusOne/COB_20260323_Imported.mp3,2244,11125.468,11127.41,1.9419999999990978,SPEAKER_08,when we should be worrying about locally.,7,7,7
CyrusOne/COB_20260323_Imported.mp3,2245,11128.49,11130.972,2.481999999999971,SPEAKER_08,That is what we need to be focusing on.,9,9,9
CyrusOne/COB_20260323_Imported.mp3,2246,11131.753,11133.034,1.2809999999990396,SPEAKER_08,"Yes, we need jobs.",4,4,4
CyrusOne/COB_20260323_Imported.mp3,2247,11133.595,11138.519,4.924000000000888,SPEAKER_08,"Yes, that is vital to making sure that families survive.",10,10,10
CyrusOne/COB_20260323_Imported.mp3,2248,11139.239,11143.963,4.72400000000016,SPEAKER_08,But what is not vital is uplifting BlackRock even more.,10,10,10
CyrusOne/COB_20260323_Imported.mp3,2249,11146.165,11153.351,7.185999999999694,SPEAKER_08,I don't want to see my nephews get sick from these pollutions like I got sick from asbestos.,18,18,18
CyrusOne/COB_20260323_Imported.mp3,2250,11154.955,11165.538,10.583000000000538,SPEAKER_08,"That is what is the most important thing is the future generations, not today and what we can benefit from a data center that we do not need.",28,28,28
CyrusOne/COB_20260323_Imported.mp3,2251,11165.998,11175.701,9.70299999999952,SPEAKER_08,"We do not need AI stealing ideas from us, stealing our information, stealing everything that makes us us because it does not create.",23,23,23
CyrusOne/COB_20260323_Imported.mp3,2252,11176.062,11177.222,1.1599999999998545,SPEAKER_08,It just destroys.,3,3,3
CyrusOne/COB_20260323_Imported.mp3,2253,11187.98,11188.4,0.42000000000007276,SPEAKER_02,Hi there.,2,2,2
CyrusOne/COB_20260323_Imported.mp3,2254,11188.44,11189.801,1.3609999999989668,SPEAKER_02,My name's Lisa Harding.,4,4,4
CyrusOne/COB_20260323_Imported.mp3,2255,11189.941,11193.544,3.602999999999156,SPEAKER_02,I'm a proud member of the IUOE Local 965.,9,9,9
CyrusOne/COB_20260323_Imported.mp3,2256,11193.844,11196.486,2.6420000000016444,SPEAKER_02,I didn't intend as well to speak tonight.,8,8,8
CyrusOne/COB_20260323_Imported.mp3,2257,11196.886,11205.813,8.92699999999968,SPEAKER_02,First thing I'd like to mention is I'm very proud of how all the tradespeople in this room were very respectful as opposed to some of the other people in here.,31,31,31
CyrusOne/COB_20260323_Imported.mp3,2258,11206.453,11217.121,10.667999999999665,SPEAKER_02,"We would all like to have healthy, safe families and be able to support our families.",16,16,16
CyrusOne/COB_20260323_Imported.mp3,2259,11218.04,11223.284,5.243999999998778,SPEAKER_02,"Whether we like it or not, this data center will be built in Illinois.",14,14,14
CyrusOne/COB_20260323_Imported.mp3,2260,11225.046,11225.806,0.7600000000002183,SPEAKER_02,It's going to be built.,5,5,5
CyrusOne/COB_20260323_Imported.mp3,2261,11228.629,11234.233,5.60399999999936,SPEAKER_02,"So, that being said, if you have your chances to talk, it's my turn.",14,14,14
CyrusOne/COB_20260323_Imported.mp3,2262,11236.114,11237.375,1.261000000000422,SPEAKER_02,It will be built somewhere.,5,5,5
CyrusOne/COB_20260323_Imported.mp3,2263,11238.096,11242.259,4.163000000000466,SPEAKER_02,"Right now, it's a chance to put many, many people to work.",12,12,12
CyrusOne/COB_20260323_Imported.mp3,2264,11242.84,11245.402,2.561999999999898,SPEAKER_02,"If anyone, I heard a doctor up here earlier",9,9,9
CyrusOne/COB_20260323_Imported.mp3,2265,11246.232,11250.835,4.602999999999156,SPEAKER_02,talking about decibels and how loud it was and how far away it was.,14,14,14
CyrusOne/COB_20260323_Imported.mp3,2266,11251.295,11255.518,4.222999999999956,SPEAKER_02,"I teach safety and health to our members, okay?",9,9,9
CyrusOne/COB_20260323_Imported.mp3,2267,11255.838,11259.92,4.082000000000335,SPEAKER_02,"We're the ones in the big machines with the diesel engines, okay?",12,12,12
CyrusOne/COB_20260323_Imported.mp3,2268,11260.341,11265.784,5.4429999999993015,SPEAKER_02,"What I would ask of everybody in here is to do a little more research, okay?",16,16,16
CyrusOne/COB_20260323_Imported.mp3,2269,11266.485,11273.669,7.183999999999287,SPEAKER_02,"See how many decimals and how it goes down as far away, the further away you get from it.",19,19,19
CyrusOne/COB_20260323_Imported.mp3,2270,11274.099,11280.624,6.524999999999636,SPEAKER_02,"Bottom line, I just want to say I am very proud of the union members that were in this room and very respectful tonight.",24,24,24
CyrusOne/COB_20260323_Imported.mp3,2271,11281.865,11283.826,1.9609999999993306,SPEAKER_02,And I really hope this project goes through.,8,8,8
CyrusOne/COB_20260323_Imported.mp3,2272,11284.006,11284.627,0.6210000000010041,SPEAKER_02,We need this.,3,3,3
CyrusOne/COB_20260323_Imported.mp3,2273,11286.568,11286.908,0.3400000000001455,SPEAKER_02,Thank you.,2,2,2
CyrusOne/COB_20260323_Imported.mp3,2274,11289.55,11290.13,0.5799999999999272,SPEAKER_28,Next speaker.,2,2,2
CyrusOne/COB_20260323_Imported.mp3,2275,11300.218,11300.718,0.5,SPEAKER_29,Testing.,1,1,1
CyrusOne/COB_20260323_Imported.mp3,2276,11301.424,11302.644,1.2199999999993452,SPEAKER_29,"Hello, my name is Luke.",5,5,5
CyrusOne/COB_20260323_Imported.mp3,2277,11302.865,11309.447,6.582000000000335,SPEAKER_29,"I am 34, and I have never used ChatGPT in my life, but I don't expect everybody to be on that standard.",22,22,22
CyrusOne/COB_20260323_Imported.mp3,2278,11310.187,11317.61,7.423000000000684,SPEAKER_29,"I wasn't going to speak tonight either, but then that ChatGPT clown came up here and just lit a little fire under my ass to come on up.",28,28,28
CyrusOne/COB_20260323_Imported.mp3,2279,11318.971,11320.151,1.180000000000291,SPEAKER_29,I'm going to be as nice as I can.,9,9,9
CyrusOne/COB_20260323_Imported.mp3,2280,11320.171,11323.153,2.981999999999971,SPEAKER_29,I think this is a terrible idea.,7,7,7
CyrusOne/COB_20260323_Imported.mp3,2281,11323.513,11326.254,2.7409999999999854,SPEAKER_75,"I could repeat myself, and I probably should, because...",9,9,9
CyrusOne/COB_20260323_Imported.mp3,2282,11326.773,11327.654,0.8810000000012224,SPEAKER_29,We have to keep doing this.,6,6,6
CyrusOne/COB_20260323_Imported.mp3,2283,11327.994,11331.777,3.782999999999447,SPEAKER_29,We have to keep reminding these guys why we don't want this data center here.,15,15,15
CyrusOne/COB_20260323_Imported.mp3,2284,11332.817,11336.42,3.603000000000975,SPEAKER_29,So feel free to repeat yourself if you have an important message to say about your community.,17,17,17
CyrusOne/COB_20260323_Imported.mp3,2285,11337.0,11339.702,2.701999999999316,SPEAKER_29,And it's going to take our community to be able to get through this.,14,14,14
CyrusOne/COB_20260323_Imported.mp3,2286,11340.182,11341.223,1.0409999999992579,SPEAKER_29,I don't have a script in front of me.,9,9,9
CyrusOne/COB_20260323_Imported.mp3,2287,11341.323,11342.344,1.0209999999988213,SPEAKER_29,I'm just kind of off the cuff.,7,7,7
CyrusOne/COB_20260323_Imported.mp3,2288,11342.384,11344.966,2.5820000000003347,SPEAKER_29,But thanks to the guy who inspired me to come up here.,12,12,12
CyrusOne/COB_20260323_Imported.mp3,2289,11348.388,11349.269,0.8809999999994034,SPEAKER_29,Okay.,1,1,1
CyrusOne/COB_20260323_Imported.mp3,2290,11349.909,11352.211,2.30199999999968,SPEAKER_28,"No, ma'am, you've already spoken once.",6,6,6
CyrusOne/COB_20260323_Imported.mp3,2291,11352.231,11353.432,1.2010000000009313,SPEAKER_28,But just hang on if you want to speak.,9,9,9
CyrusOne/COB_20260323_Imported.mp3,2292,11353.452,11353.732,0.28000000000065484,SPEAKER_28,Just hang on.,3,3,3
CyrusOne/COB_20260323_Imported.mp3,2293,11354.32,11355.961,1.6409999999996217,SPEAKER_28,"I think you haven't spoken, though, have you?",8,8,8
CyrusOne/COB_20260323_Imported.mp3,2294,11355.981,11359.042,3.0609999999996944,SPEAKER_11,Go ahead.,2,2,2
CyrusOne/COB_20260323_Imported.mp3,2295,11360.402,11361.043,0.6409999999996217,SPEAKER_54,"Hi, everyone.",2,2,2
CyrusOne/COB_20260323_Imported.mp3,2296,11361.543,11362.903,1.360000000000582,SPEAKER_54,My name is Ashton Baskett.,5,5,5
CyrusOne/COB_20260323_Imported.mp3,2297,11363.043,11366.525,3.481999999999971,SPEAKER_54,"I have some family that are in the union, so I am supportive of unions.",15,15,15
CyrusOne/COB_20260323_Imported.mp3,2298,11366.925,11370.446,3.5210000000006403,SPEAKER_54,"However, I also do worry and have concerns about their health.",11,11,11
CyrusOne/COB_20260323_Imported.mp3,2299,11370.866,11380.95,10.084000000000742,SPEAKER_54,"Obviously, you guys risk a lot by going into these jobs, but I also wonder if Cirrus One has anything in their contract for accidents or deaths that happen on the job as well.",34,34,34
CyrusOne/COB_20260323_Imported.mp3,2300,11382.079,11387.704,5.625,SPEAKER_54,"And I hope that there is something on the contract, but I know from doing my research, without ChatGPT, you can label it.",23,23,23
CyrusOne/COB_20260323_Imported.mp3,2301,11387.744,11390.286,2.5419999999994616,SPEAKER_54,"It's really hard, but it's annoying, but you can.",9,9,9
CyrusOne/COB_20260323_Imported.mp3,2302,11391.627,11409.52,17.89300000000003,SPEAKER_54,"That a lot of times when these data centers are going through and there are deaths or accidents on the job, not only is the job delayed to where I don't know if you guys are getting paid during that delay in that time, but then a lot of times with the big companies, they don't always pay out to the families as well.",64,64,64
CyrusOne/COB_20260323_Imported.mp3,2303,11409.923,11411.943,2.0199999999986176,SPEAKER_54,I think that should be a concern as well.,9,9,9
CyrusOne/COB_20260323_Imported.mp3,2304,11412.384,11424.106,11.721999999999753,SPEAKER_54,"I think there's a lot of good points made here tonight, and I hope, you know, if you are a union worker, please do have an open mind and try to, you know, be open to other opinions and things like that.",42,42,42
CyrusOne/COB_20260323_Imported.mp3,2305,11424.826,11426.627,1.8010000000012951,SPEAKER_54,There are a lot of good points on both sides.,10,10,10
CyrusOne/COB_20260323_Imported.mp3,2306,11426.927,11437.949,11.022000000000844,SPEAKER_54,"I really think both for the environmental and impactful impacts on any individuals working there and or will be affected in the communities at large, it can affect everyone.",29,29,29
CyrusOne/COB_20260323_Imported.mp3,2307,11438.739,11441.861,3.122000000001208,SPEAKER_54,to your part for your community and really try hard for it.,12,12,12
CyrusOne/COB_20260323_Imported.mp3,2308,11442.021,11445.122,3.1009999999987485,SPEAKER_54,That's what I would say.,5,5,5
CyrusOne/COB_20260323_Imported.mp3,2309,11445.703,11447.584,1.8810000000012224,SPEAKER_28,Okay.,1,1,1
CyrusOne/COB_20260323_Imported.mp3,2310,11448.084,11449.444,1.359999999998763,SPEAKER_28,"Not you, but the lady behind.",6,6,6
CyrusOne/COB_20260323_Imported.mp3,2311,11449.484,11450.165,0.6810000000004948,SPEAKER_28,Did you want to speak?,5,5,5
CyrusOne/COB_20260323_Imported.mp3,2312,11451.125,11451.946,0.8209999999999127,SPEAKER_28,Have you spoken already?,4,4,4
CyrusOne/COB_20260323_Imported.mp3,2313,11451.966,11452.246,0.27999999999883585,SPEAKER_28,You are.,2,2,2
CyrusOne/COB_20260323_Imported.mp3,2314,11452.306,11453.046,0.7399999999997817,SPEAKER_28,Okay.,1,1,1
CyrusOne/COB_20260323_Imported.mp3,2315,11453.086,11453.507,0.4210000000002765,SPEAKER_28,All right.,2,2,2
CyrusOne/COB_20260323_Imported.mp3,2316,11453.827,11455.007,1.180000000000291,SPEAKER_28,That's our last public speaker.,5,5,5
CyrusOne/COB_20260323_Imported.mp3,2317,11455.528,11458.169,2.6409999999996217,SPEAKER_28,Yeah.,1,1,1
CyrusOne/COB_20260323_Imported.mp3,2318,11459.349,11464.152,4.802999999999884,SPEAKER_28,But our rules allow that everyone who spoke,8,8,8
CyrusOne/COB_20260323_Imported.mp3,2319,11465.48,11471.567,6.086999999999534,SPEAKER_28,"once, has an opportunity to speak again if they feel they need to rebut something, and they have one minute to speak.",22,22,22
CyrusOne/COB_20260323_Imported.mp3,2320,11472.388,11476.192,3.8039999999982683,SPEAKER_28,"You have both spoken, but you can now speak again, but you have one minute to speak this time.",19,19,19
CyrusOne/COB_20260323_Imported.mp3,2321,11485.462,11485.822,0.3600000000005821,SPEAKER_28,Go ahead.,2,2,2
CyrusOne/COB_20260323_Imported.mp3,2322,11486.566,11493.334,6.768000000000029,SPEAKER_55,"In the age of AI, it will no longer matter what is true but what one can be made to believe.",21,21,21
CyrusOne/COB_20260323_Imported.mp3,2323,11493.714,11497.238,3.5239999999994325,SPEAKER_55,And those who can make you believe falsehoods can make you commit atrocities.,13,13,13
CyrusOne/COB_20260323_Imported.mp3,2324,11497.698,11501.923,4.225000000000364,SPEAKER_55,Our minds atrophy as machines replace our most basic human tasks.,11,11,11
CyrusOne/COB_20260323_Imported.mp3,2325,11502.257,11505.419,3.162000000000262,SPEAKER_55,"from the abacus to the invention of writing, as Socrates said.",11,11,11
CyrusOne/COB_20260323_Imported.mp3,2326,11505.839,11513.123,7.283999999999651,SPEAKER_55,"Our land is a breadbasket, not a cybernetic dump, not a dystopian blemish on this great God-fearing country.",18,18,18
CyrusOne/COB_20260323_Imported.mp3,2327,11513.483,11517.045,3.561999999999898,SPEAKER_55,"And for better or worse, modern agriculture is fossil fuel-based.",10,10,10
CyrusOne/COB_20260323_Imported.mp3,2328,11517.345,11519.667,2.3220000000001164,SPEAKER_55,Your children cannot eat data.,5,5,5
CyrusOne/COB_20260323_Imported.mp3,2329,11519.987,11522.148,2.161000000000058,SPEAKER_55,How quickly was the war on terror won?,8,8,8
CyrusOne/COB_20260323_Imported.mp3,2330,11522.548,11540.471,17.922999999998865,SPEAKER_55,"The Strait of Hormuz sees 20% of all global petrochemicals, fertilizers, and helium involved in silicon chips, aluminum, and other foundational materials with which society is precariously built pass through a total of two miles at what is already a geostrategically narrowed choke point.",44,44,44
CyrusOne/COB_20260323_Imported.mp3,2331,11540.871,11548.212,7.341000000000349,SPEAKER_55,I can already see the increased bills from engaging in unpopular forever wars being kicked to the American taxpayer indefinitely.,20,20,20
CyrusOne/COB_20260323_Imported.mp3,2332,11548.232,11548.873,0.6409999999996217,SPEAKER_55,That's time.,2,2,2
CyrusOne/COB_20260323_Imported.mp3,2333,11549.253,11549.753,0.5,SPEAKER_28,That's time.,2,2,2
CyrusOne/COB_20260323_Imported.mp3,2334,11549.813,11550.253,0.4400000000005093,SPEAKER_28,Thank you.,2,2,2
CyrusOne/COB_20260323_Imported.mp3,2335,11550.733,11551.453,0.7199999999993452,SPEAKER_28,Next person.,2,2,2
CyrusOne/COB_20260323_Imported.mp3,2336,11551.793,11552.233,0.4400000000005093,SPEAKER_55,Thank you.,2,2,2
CyrusOne/COB_20260323_Imported.mp3,2337,11556.996,11564.92,7.924000000000888,SPEAKER_43,"If a data center were coming to your district, you wouldn't want it because your constituents wouldn't want it for one reason, because good neighbors don't mow their lawn 24-7.",30,30,30
CyrusOne/COB_20260323_Imported.mp3,2338,11565.96,11567.862,1.9020000000000437,SPEAKER_43,And that's what baseline sounds like outside.,7,7,7
CyrusOne/COB_20260323_Imported.mp3,2339,11567.882,11573.646,5.764000000001033,SPEAKER_43,"The cooling and fans alone without generators going are the same decibels as a lawnmower, but it never stops running.",20,20,20
CyrusOne/COB_20260323_Imported.mp3,2340,11574.166,11576.808,2.6420000000016444,SPEAKER_43,"If you wouldn't want it in your district, don't vote to put it in your neighbor's.",16,16,16
CyrusOne/COB_20260323_Imported.mp3,2341,11577.349,11582.993,5.644000000000233,SPEAKER_43,"Based on our current zoning, the next data center building could be built exactly three football fields from your front door.",21,21,21
CyrusOne/COB_20260323_Imported.mp3,2342,11583.574,11590.039,6.4650000000001455,SPEAKER_43,"Imagine a data center, like the one some of you saw in Aurora, but six times bigger, being constructed 300 yards away from your home.",25,25,25
CyrusOne/COB_20260323_Imported.mp3,2343,11590.539,11592.721,2.1819999999988795,SPEAKER_43,"That's a fact of our zoning, not a threat.",9,9,9
CyrusOne/COB_20260323_Imported.mp3,2344,11593.041,11594.142,1.1010000000005675,SPEAKER_43,"But if it feels like a threat,",7,7,7
CyrusOne/COB_20260323_Imported.mp3,2345,11594.495,11597.578,3.0829999999987194,SPEAKER_43,That's your subconscious telling you to update our data center zoning.,11,11,11
CyrusOne/COB_20260323_Imported.mp3,2346,11597.978,11599.539,1.5610000000015134,SPEAKER_43,Let's not move fast and break things.,7,7,7
CyrusOne/COB_20260323_Imported.mp3,2347,11600.12,11603.342,3.2219999999997526,SPEAKER_43,"We can't take back a yes tonight, but we may always change a no.",14,14,14
CyrusOne/COB_20260323_Imported.mp3,2348,11603.702,11605.084,1.382000000001426,SPEAKER_43,So pause this vote for now.,6,6,6
CyrusOne/COB_20260323_Imported.mp3,2349,11605.424,11605.824,0.3999999999996362,SPEAKER_43,Thank you.,2,2,2
CyrusOne/COB_20260323_Imported.mp3,2350,11613.59,11616.833,3.243000000000393,SPEAKER_42,So if you go out to buy a car and you...,11,11,11
CyrusOne/COB_20260323_Imported.mp3,2351,11617.468,11623.853,6.384999999998399,SPEAKER_42,"have your credit checked at this dealership and that dealership and the other dealership, your credit rating goes up.",19,19,19
CyrusOne/COB_20260323_Imported.mp3,2352,11624.353,11633.359,9.006000000001222,SPEAKER_42,"Well, when these data centers try to do permits, they do here, here, here, and here, and that spikes the grid.",21,21,21
CyrusOne/COB_20260323_Imported.mp3,2353,11634.22,11641.265,7.045000000000073,SPEAKER_42,It's not the coal mines that are closing because those coal mines are closing because they're old and they're outdated.,20,20,20
CyrusOne/COB_20260323_Imported.mp3,2354,11642.095,11648.361,6.266000000001441,SPEAKER_42,"It's the data centers that are spiking the grid, and that's where our utility rates will go up.",18,18,18
CyrusOne/COB_20260323_Imported.mp3,2355,11649.282,11650.603,1.3209999999999127,SPEAKER_42,You need to understand that.,5,5,5
CyrusOne/COB_20260323_Imported.mp3,2356,11651.204,11655.048,3.8440000000009604,SPEAKER_42,And who's going to pay for our utility bills that are raised?,12,12,12
CyrusOne/COB_20260323_Imported.mp3,2357,11655.428,11657.41,1.981999999999971,SPEAKER_42,Who's going to pay for our hospital bills?,8,8,8
CyrusOne/COB_20260323_Imported.mp3,2358,11658.391,11660.553,2.162000000000262,SPEAKER_42,That's what you need to understand.,6,6,6
CyrusOne/COB_20260323_Imported.mp3,2359,11660.773,11661.214,0.44100000000071304,SPEAKER_42,Thank you.,2,2,2
CyrusOne/COB_20260323_Imported.mp3,2360,11670.085,11675.887,5.802000000001499,SPEAKER_06,"In due deference to the gentleman who said what if, what if, what if, the what ifs are happening in other communities.",22,22,22
CyrusOne/COB_20260323_Imported.mp3,2361,11676.387,11678.188,1.8009999999994761,SPEAKER_28,Can you get a little closer to the microphone there?,10,10,10
CyrusOne/COB_20260323_Imported.mp3,2362,11678.348,11682.81,4.461999999999534,SPEAKER_06,The what ifs are happening in communities across this country.,10,10,10
CyrusOne/COB_20260323_Imported.mp3,2363,11683.13,11688.172,5.042000000001281,SPEAKER_06,There are people dealing with their houses cracking because of the vibrations due to the noise.,16,16,16
CyrusOne/COB_20260323_Imported.mp3,2364,11688.572,11695.775,7.20299999999952,SPEAKER_06,"And for them to diminish going, oh, it's so close, there's only a few houses, screw you, those people matter too.",21,21,21
CyrusOne/COB_20260323_Imported.mp3,2365,11697.013,11699.914,2.90099999999984,SPEAKER_06,"I grew up, and my mission statement is this.",9,9,9
CyrusOne/COB_20260323_Imported.mp3,2366,11700.154,11708.138,7.984000000000378,SPEAKER_06,"In due deference to the golden rule, I reworded it so that scumbags can't get away with saying, I do nice things while they're horrible human beings.",27,27,27
CyrusOne/COB_20260323_Imported.mp3,2367,11708.818,11709.919,1.1010000000005675,SPEAKER_06,My golden rule is this.,5,5,5
CyrusOne/COB_20260323_Imported.mp3,2368,11710.159,11712.68,2.5210000000006403,SPEAKER_06,Don't do anything you don't want done to you.,9,9,9
CyrusOne/COB_20260323_Imported.mp3,2369,11713.12,11714.901,1.7809999999990396,SPEAKER_06,Not a single one of you wants this.,8,8,8
CyrusOne/COB_20260323_Imported.mp3,2370,11715.441,11717.882,2.440999999998894,SPEAKER_06,You would not build one by your house either.,9,9,9
CyrusOne/COB_20260323_Imported.mp3,2371,11718.183,11719.163,0.9799999999995634,SPEAKER_06,So don't do it to us.,6,6,6
CyrusOne/COB_20260323_Imported.mp3,2372,11723.862,11726.805,2.9430000000011205,SPEAKER_28,Have you spoken already?,4,4,4
CyrusOne/COB_20260323_Imported.mp3,2373,11726.965,11727.786,0.8209999999999127,SPEAKER_28,Have you spoken already?,4,4,4
CyrusOne/COB_20260323_Imported.mp3,2374,11728.647,11729.628,0.9809999999997672,SPEAKER_28,I don't think you have either.,6,6,6
CyrusOne/COB_20260323_Imported.mp3,2375,11730.789,11731.649,0.8599999999987631,SPEAKER_28,Did you speak before?,4,4,4
CyrusOne/COB_20260323_Imported.mp3,2376,11731.95,11732.27,0.31999999999970896,SPEAKER_28,Go ahead.,2,2,2
CyrusOne/COB_20260323_Imported.mp3,2377,11732.29,11733.091,0.8009999999994761,SPEAKER_28,You can speak.,3,3,3
CyrusOne/COB_20260323_Imported.mp3,2378,11733.851,11735.753,1.9020000000000437,SPEAKER_11,Yeah.,1,1,1
CyrusOne/COB_20260323_Imported.mp3,2379,11737.735,11742.119,4.3840000000000146,SPEAKER_28,"I know, but this is rebuttal for those who have spoken.",11,11,11
CyrusOne/COB_20260323_Imported.mp3,2380,11742.86,11743.18,0.31999999999970896,SPEAKER_28,Please.,1,1,1
CyrusOne/COB_20260323_Imported.mp3,2381,11747.123,11748.605,1.481999999999971,SPEAKER_07,I'm also talking about the what ifs.,7,7,7
CyrusOne/COB_20260323_Imported.mp3,2382,11750.367,11753.791,3.4239999999990687,SPEAKER_07,I am sick and tired of living in a reactive state.,11,11,11
CyrusOne/COB_20260323_Imported.mp3,2383,11753.851,11756.354,2.502999999998792,SPEAKER_07,We have the opportunity to be proactive.,7,7,7
CyrusOne/COB_20260323_Imported.mp3,2384,11756.454,11759.097,2.643000000000029,SPEAKER_07,We have the opportunity to be good stewards.,8,8,8
CyrusOne/COB_20260323_Imported.mp3,2385,11759.738,11769.61,9.872000000001208,SPEAKER_07,"And I'd like to remind the board that you are going to vote and reveal your priority tonight, Cyrus 1 or Sangamon County.",23,23,23
CyrusOne/COB_20260323_Imported.mp3,2386,11774.271,11777.014,2.742999999998574,SPEAKER_28,"No, just wait.",3,3,3
CyrusOne/COB_20260323_Imported.mp3,2387,11777.154,11778.556,1.4020000000000437,SPEAKER_28,You didn't speak in the first round.,7,7,7
CyrusOne/COB_20260323_Imported.mp3,2388,11778.676,11779.577,0.9009999999998399,SPEAKER_28,You spoke before.,3,3,3
CyrusOne/COB_20260323_Imported.mp3,2389,11779.817,11780.318,0.5010000000002037,SPEAKER_28,Please go ahead.,3,3,3
CyrusOne/COB_20260323_Imported.mp3,2390,11781.419,11782.14,0.7209999999995489,SPEAKER_28,"Yeah, the gentleman.",3,3,3
CyrusOne/COB_20260323_Imported.mp3,2391,11782.16,11782.84,0.680000000000291,SPEAKER_28,"Yeah, yeah.",2,2,2
CyrusOne/COB_20260323_Imported.mp3,2392,11794.048,11798.47,4.421999999998661,SPEAKER_38,"Ladies and gentlemen, we've heard a lot on both sides tonight.",11,11,11
CyrusOne/COB_20260323_Imported.mp3,2393,11799.39,11801.311,1.9210000000002765,SPEAKER_38,Everybody has valid arguments.,4,4,4
CyrusOne/COB_20260323_Imported.mp3,2394,11802.231,11805.432,3.2010000000009313,SPEAKER_38,I'll just say this in rebuttal to everything that's been said.,11,11,11
CyrusOne/COB_20260323_Imported.mp3,2395,11806.332,11811.474,5.141999999999825,SPEAKER_38,"If you can't bring yourselves to vote no, at least bring yourselves to delay this.",15,15,15
CyrusOne/COB_20260323_Imported.mp3,2396,11811.874,11813.215,1.3410000000003492,SPEAKER_38,And let the state of Illinois...,6,6,6
CyrusOne/COB_20260323_Imported.mp3,2397,11813.6,11825.989,12.388999999999214,SPEAKER_38,"working with labor, working with environmental groups, and others put in meaningful regulations so that these things are built with everyone's best interests in mind if they're going to be built in this state.",34,34,34
CyrusOne/COB_20260323_Imported.mp3,2398,11826.029,11826.389,0.3599999999987631,SPEAKER_38,Thank you.,2,2,2
CyrusOne/COB_20260323_Imported.mp3,2399,11831.853,11834.014,2.161000000000058,SPEAKER_28,Does anyone else wish to speak in rebuttal?,8,8,8
CyrusOne/COB_20260323_Imported.mp3,2400,11835.115,11835.455,0.3400000000001455,SPEAKER_28,All right.,2,2,2
CyrusOne/COB_20260323_Imported.mp3,2401,11836.876,11840.619,3.743000000000393,SPEAKER_28,We'll make a special exception and give you one minute.,10,10,10
CyrusOne/COB_20260323_Imported.mp3,2402,11840.939,11842.32,1.3809999999994034,SPEAKER_28,You'll be the last public speaker.,6,6,6
CyrusOne/COB_20260323_Imported.mp3,2403,11845.795,11846.155,0.3600000000005821,SPEAKER_43,Thank you.,2,2,2
CyrusOne/COB_20260323_Imported.mp3,2404,11848.156,11857.518,9.36199999999917,SPEAKER_55,I would like everyone to appreciate the fact that Cyrus One was very eager to let everyone know that they did not accept a tax incentive for this.,28,28,28
CyrusOne/COB_20260323_Imported.mp3,2405,11857.558,11859.398,1.8399999999983265,SPEAKER_52,That is because they do not need one.,8,8,8
CyrusOne/COB_20260323_Imported.mp3,2406,11859.879,11860.879,1.0,SPEAKER_49,They are not a charity.,5,5,5
CyrusOne/COB_20260323_Imported.mp3,2407,11860.959,11861.979,1.0199999999986176,SPEAKER_49,They are a business.,4,4,4
CyrusOne/COB_20260323_Imported.mp3,2408,11862.099,11863.44,1.3410000000003492,SPEAKER_49,They are in this for money.,6,6,6
CyrusOne/COB_20260323_Imported.mp3,2409,11863.46,11868.241,4.781000000000859,SPEAKER_49,"To the union workers that are here tonight, they're not giving you jobs.",13,13,13
CyrusOne/COB_20260323_Imported.mp3,2410,11868.261,11871.382,3.120999999999185,SPEAKER_49,They are using your labor and selling the rest of us out.,12,12,12
CyrusOne/COB_20260323_Imported.mp3,2411,11872.542,11872.942,0.3999999999996362,SPEAKER_49,Thank you.,2,2,2
CyrusOne/COB_20260323_Imported.mp3,2412,11875.183,11881.206,6.022999999999229,SPEAKER_28,"Okay, that concludes the public speaking portion of the meeting.",10,10,10
CyrusOne/COB_20260323_Imported.mp3,2413,11882.567,11887.75,5.183000000000902,SPEAKER_28,"Whoa, whoa, no, no, we've had, you want to rebut?",10,10,10
CyrusOne/COB_20260323_Imported.mp3,2414,11887.81,11889.19,1.3800000000010186,SPEAKER_28,"All right, one minute's rebuttal.",5,5,5
CyrusOne/COB_20260323_Imported.mp3,2415,11893.304,11893.644,0.3400000000001455,SPEAKER_75,Hello.,1,1,1
CyrusOne/COB_20260323_Imported.mp3,2416,11893.885,11899.671,5.786000000000058,SPEAKER_75,I want to talk about the disrespect that we have been apparently giving to the other side.,17,17,17
CyrusOne/COB_20260323_Imported.mp3,2417,11900.952,11908.42,7.468000000000757,SPEAKER_75,"The last time that this was held in this facility, all of the union members decided to get up and leave before hearing our side.",25,25,25
CyrusOne/COB_20260323_Imported.mp3,2418,11908.981,11913.346,4.364999999999782,SPEAKER_75,"So I would please like to note that, and thank you.",11,11,11
CyrusOne/COB_20260323_Imported.mp3,2419,11916.561,11921.923,5.3620000000009895,SPEAKER_28,"All right, that concludes the public import portion of the meeting.",11,11,11
CyrusOne/COB_20260323_Imported.mp3,2420,11922.384,11934.429,12.045000000000073,SPEAKER_28,"By our rule adopted earlier today, we'll now give five minutes for the organized proponents to make final statements, if you wish to make some statements, and then five minutes from the proponents.",33,33,33
CyrusOne/COB_20260323_Imported.mp3,2421,11942.232,11943.493,1.261000000000422,SPEAKER_66,You have three choices.,4,4,4
CyrusOne/COB_20260323_Imported.mp3,2422,11944.696,11946.646,1.9500000000007276,SPEAKER_66,"Yes, no, or pause.",4,4,4
CyrusOne/COB_20260323_Imported.mp3,2423,11947.772,11948.858,1.0859999999993306,SPEAKER_66,What's your real job?,4,4,4
CyrusOne/COB_20260323_Imported.mp3,2424,11950.328,11955.211,4.882999999999811,SPEAKER_66,"To evaluate this using standards, Illinois law is required for 70 years.",12,12,12
CyrusOne/COB_20260323_Imported.mp3,2425,11955.231,11959.153,3.92200000000048,SPEAKER_66,They're called the LaSalle factors after the name of the case.,11,11,11
CyrusOne/COB_20260323_Imported.mp3,2426,11959.573,11965.116,5.542999999999665,SPEAKER_66,You have to consider this along with what is the existing use and zoning.,14,14,14
CyrusOne/COB_20260323_Imported.mp3,2427,11965.256,11966.437,1.1810000000004948,SPEAKER_66,"Well, we know what that is.",6,6,6
CyrusOne/COB_20260323_Imported.mp3,2428,11967.797,11968.738,0.940999999998894,SPEAKER_66,It's agricultural.,2,2,2
CyrusOne/COB_20260323_Imported.mp3,2429,11969.598,11973.44,3.842000000000553,SPEAKER_66,You have to consider it along with the impact on property values.,12,12,12
CyrusOne/COB_20260323_Imported.mp3,2430,11973.96,11976.582,2.622000000001208,SPEAKER_66,You heard from the folks that live around there.,9,9,9
CyrusOne/COB_20260323_Imported.mp3,2431,11977.182,11978.703,1.5209999999988213,SPEAKER_66,You know what that impact is.,6,6,6
CyrusOne/COB_20260323_Imported.mp3,2432,11980.477,11988.647,8.170000000000073,SPEAKER_66,"You have to make a decision as to the public welfare, but the first question you have to ask is whose welfare?",22,22,22
CyrusOne/COB_20260323_Imported.mp3,2433,11989.388,11993.033,3.6449999999986176,SPEAKER_66,The single property owner selling off the land for money?,10,10,10
CyrusOne/COB_20260323_Imported.mp3,2434,11994.054,11996.157,2.102999999999156,SPEAKER_66,The billionaire tech bros from Texas?,6,6,6
CyrusOne/COB_20260323_Imported.mp3,2435,11997.325,11999.427,2.1019999999989523,SPEAKER_66,Or is it the residents of Sangamon County?,8,8,8
CyrusOne/COB_20260323_Imported.mp3,2436,12000.727,12004.87,4.143000000000029,SPEAKER_66,You have to do a balancing of benefit and cost.,10,10,10
CyrusOne/COB_20260323_Imported.mp3,2437,12005.291,12010.314,5.023000000001048,SPEAKER_66,"Benefit for Sangamon County, not Macoupin County, not Morgan County.",10,10,10
CyrusOne/COB_20260323_Imported.mp3,2438,12011.715,12016.519,4.804000000000087,SPEAKER_66,You have to determine the suitability of the property for its currently zoned purpose.,14,14,14
CyrusOne/COB_20260323_Imported.mp3,2439,12017.66,12020.542,2.881999999999607,SPEAKER_66,Its currently zoned purpose is for agriculture.,7,7,7
CyrusOne/COB_20260323_Imported.mp3,2440,12020.582,12024.284,3.701999999999316,SPEAKER_66,This is a use entirely inconsistent with that.,8,8,8
CyrusOne/COB_20260323_Imported.mp3,2441,12025.545,12027.026,1.4809999999997672,SPEAKER_66,Entirely inconsistent.,2,2,2
CyrusOne/COB_20260323_Imported.mp3,2442,12028.047,12029.929,1.881999999999607,SPEAKER_66,You have to look at community need.,7,7,7
CyrusOne/COB_20260323_Imported.mp3,2443,12030.93,12040.558,9.628000000000611,SPEAKER_66,Neither Cyrus nor the county staff have produced the teensiest shred of evidence that there's a community need for this proposed use.,22,22,22
CyrusOne/COB_20260323_Imported.mp3,2444,12042.83,12044.891,2.0609999999996944,SPEAKER_66,Staff claims no need to pause.,6,6,6
CyrusOne/COB_20260323_Imported.mp3,2445,12045.512,12067.325,21.813000000000102,SPEAKER_66,"We've already had 15 board meetings, endless debate, yet key questions are still not answered, precisely because staff and board leaders are trying to suppress getting answers about anything that matters under the rubric of, well, that's not specifically mentioned as a factor in our narrowly drawn minimal zoning ordinance.",50,50,50
CyrusOne/COB_20260323_Imported.mp3,2446,12069.35,12072.793,3.4429999999993015,SPEAKER_66,"You have a job to do, and it's not easy.",10,10,10
CyrusOne/COB_20260323_Imported.mp3,2447,12074.294,12076.475,2.1810000000004948,SPEAKER_66,"Approve it, deny it, delay it.",6,6,6
CyrusOne/COB_20260323_Imported.mp3,2448,12076.996,12079.037,2.041000000001077,SPEAKER_66,Lots of talk about energy tonight.,6,6,6
CyrusOne/COB_20260323_Imported.mp3,2449,12080.378,12087.524,7.145999999998821,SPEAKER_66,"Again, every single piece and shred and megawatt of power that we have constructed,",14,14,14
CyrusOne/COB_20260323_Imported.mp3,2450,12088.767,12099.416,10.648999999999432,SPEAKER_66,with solar and wind in three counties is going to be eaten up completely and entirely by this one project to make money for Cyrus 1.,26,26,26
CyrusOne/COB_20260323_Imported.mp3,2451,12099.937,12101.698,1.761000000000422,SPEAKER_66,That's not what we built that for.,7,7,7
CyrusOne/COB_20260323_Imported.mp3,2452,12102.92,12112.188,9.268000000000029,SPEAKER_66,"You're told that you have to say yes because if the ZBA approved it, your only job is to rubber stamp it yes because they filled out a 10-page form.",30,30,30
CyrusOne/COB_20260323_Imported.mp3,2453,12113.248,12138.863,25.61499999999978,SPEAKER_66,"I'm telling you there's an immense difference between a data center defined in our zoning regulation that's maybe small enough, quiet enough, clean enough to operate consistently with already permitted uses in this district and one that is proposed that's so immense, so almost staggeringly incomprehensibly immense that it's entirely inconsistent.",51,51,51
CyrusOne/COB_20260323_Imported.mp3,2454,12139.363,12158.707,19.34400000000096,SPEAKER_66,"obliterating 280 acres forever that can never be reclaimed, causing constant noise 24-7, 365 days to the adjacent livestock farms and its ill effects on livestock and people, the already permitted uses.",32,32,32
CyrusOne/COB_20260323_Imported.mp3,2455,12167.208,12174.716,7.507999999999811,SPEAKER_66,"We have, again, risks that are real and benefits that are not guaranteed.",13,13,13
CyrusOne/COB_20260323_Imported.mp3,2456,12176.258,12183.225,6.967000000000553,SPEAKER_66,"We don't know really what jobs are going to be provided, just what they promise.",15,15,15
CyrusOne/COB_20260323_Imported.mp3,2457,12185.14,12186.261,1.121000000001004,SPEAKER_66,What about Aurora?,3,3,3
CyrusOne/COB_20260323_Imported.mp3,2458,12186.922,12191.468,4.5460000000002765,SPEAKER_66,What about all the noise and problems and lawsuits there?,10,10,10
CyrusOne/COB_20260323_Imported.mp3,2459,12191.688,12194.852,3.1640000000006694,SPEAKER_66,You're afraid of being sued by Cyrus 1 on this board?,11,11,11
CyrusOne/COB_20260323_Imported.mp3,2460,12195.413,12199.138,3.725000000000364,SPEAKER_66,You ought to be more afraid of being sued by the residents of Sangamon County.,15,15,15
CyrusOne/COB_20260323_Imported.mp3,2461,12199.158,12199.358,0.2000000000007276,SPEAKER_66,Thank you.,2,2,2
CyrusOne/COB_20260323_Imported.mp3,2462,12204.306,12227.618,23.311999999999898,SPEAKER_66,"Your job tonight is to consider the health, safety, and public welfare of the citizens of this county, not the profits, not the tax revenues for North Mac schools in Macoupin County, not repairs to Waverly Lake in Morgan County, but for Sangamon County.",44,44,44
CyrusOne/COB_20260323_Imported.mp3,2463,12228.118,12228.538,0.42000000000007276,SPEAKER_66,Thank you.,2,2,2
CyrusOne/COB_20260323_Imported.mp3,2464,12237.945,12241.107,3.162000000000262,SPEAKER_28,And final five minutes for the proponents.,7,7,7
CyrusOne/COB_20260323_Imported.mp3,2465,12248.39,12254.113,5.722999999999956,SPEAKER_57,"First of all, I just want to say thank you to everyone who's come out tonight to oppose or support the project.",22,22,22
CyrusOne/COB_20260323_Imported.mp3,2466,12254.293,12262.757,8.463999999999942,SPEAKER_57,"It's an impressive showing of interest and passion in this consideration, so I appreciate all of the opinions shared and thoughts shared tonight.",23,23,23
CyrusOne/COB_20260323_Imported.mp3,2467,12263.663,12269.609,5.945999999999913,SPEAKER_57,And thank you to the county board members for all of your time throughout the past several months.,18,18,18
CyrusOne/COB_20260323_Imported.mp3,2468,12270.731,12276.036,5.305000000000291,SPEAKER_57,I've heard bare minimum mentioned a couple times with respect to what we've tried to bring here.,17,17,17
CyrusOne/COB_20260323_Imported.mp3,2469,12276.076,12280.681,4.605000000001382,SPEAKER_57,I would hope that would not be the adjective we'd use to describe this process.,15,15,15
CyrusOne/COB_20260323_Imported.mp3,2470,12280.741,12281.002,0.261000000000422,SPEAKER_57,I know...,2,2,2
CyrusOne/COB_20260323_Imported.mp3,2471,12282.583,12286.505,3.9219999999986612,SPEAKER_57,"The amount of interest you've shown in this is far beyond that, and we've tried to match that.",18,18,18
CyrusOne/COB_20260323_Imported.mp3,2472,12286.585,12298.492,11.907000000001062,SPEAKER_57,"And in our meetings with community members, stakeholders, utilities, the fire district, to find ways to solve problems together, there is a way to align a private investment with a public need.",32,32,32
CyrusOne/COB_20260323_Imported.mp3,2473,12300.454,12302.054,1.6000000000003638,SPEAKER_57,Waverly Lake was just mentioned.,5,5,5
CyrusOne/COB_20260323_Imported.mp3,2474,12302.255,12307.378,5.1230000000014115,SPEAKER_57,"That lake serves 900 people, from what I also learned tonight.",11,11,11
CyrusOne/COB_20260323_Imported.mp3,2475,12307.718,12311.36,3.6419999999998254,SPEAKER_57,Those are people in Sangamon County and Morganton.,8,8,8
CyrusOne/COB_20260323_Imported.mp3,2476,12313.564,12341.224,27.659999999999854,SPEAKER_57,and morgan county because the lake serves the apple creek water cooperative which serves residents in both counties we want water reliable water we need water as well our facilities are built for 30 40 50 years a lake that is becoming less and less available in terms of capacity is obviously you know not great for us as well,60,60,60
CyrusOne/COB_20260323_Imported.mp3,2477,12342.098,12351.863,9.764999999999418,SPEAKER_57,"And so they have a real need to improve the capacity of that lake, to restore the capacity of that lake, and to improve the overall ability of that lake to serve its residents.",34,34,34
CyrusOne/COB_20260323_Imported.mp3,2478,12351.983,12354.064,2.081000000000131,SPEAKER_57,There's no funding available for that right now.,8,8,8
CyrusOne/COB_20260323_Imported.mp3,2479,12354.704,12355.105,0.40099999999983993,SPEAKER_57,There's none.,2,2,2
CyrusOne/COB_20260323_Imported.mp3,2480,12355.885,12360.027,4.141999999999825,SPEAKER_57,And there's very few – there's not programs available to accomplish that.,12,12,12
CyrusOne/COB_20260323_Imported.mp3,2481,12360.767,12363.949,3.1820000000006985,SPEAKER_57,We are aligning our private investment in that public project –,11,11,10
CyrusOne/COB_20260323_Imported.mp3,2482,12364.38,12369.103,4.722999999999956,SPEAKER_57,"to take that water scarcity and that water risk off of that, off of the table.",16,16,16
CyrusOne/COB_20260323_Imported.mp3,2483,12369.844,12374.667,4.82300000000032,SPEAKER_57,"Sure, it benefits us, but it also benefits the 900 people that are served by that lake.",17,17,17
CyrusOne/COB_20260323_Imported.mp3,2484,12376.148,12379.03,2.882000000001426,SPEAKER_57,"The same can be said for our other commitments, our commitments to the fire districts.",15,15,15
CyrusOne/COB_20260323_Imported.mp3,2485,12379.07,12385.815,6.7450000000008,SPEAKER_57,"We want the people coming, the first responders coming to our facility to have the equipment and the things that they need to serve the project.",26,26,26
CyrusOne/COB_20260323_Imported.mp3,2486,12386.275,12388.276,2.0010000000002037,SPEAKER_57,WE'VE COMMITTED TO BUY A LADDER TRUCK FOR VERDIN.,9,9,9
CyrusOne/COB_20260323_Imported.mp3,2487,12389.277,12395.44,6.163000000000466,SPEAKER_57,AND SO THAT WILL GIVE THEM THE RESOURCES THAT THEY NEED TO SERVE OUR FACILITY AND THE OTHER RESIDENTS THAT THEY SERVE THROUGHOUT THE AREA.,25,25,25
CyrusOne/COB_20260323_Imported.mp3,2488,12396.401,12411.709,15.308000000000902,SPEAKER_57,"OUR INVESTMENTS IN FIBER, OBVIOUSLY THEY SERVE US, BUT THEY UNLOCK THE ABILITY FOR RESIDENTS ALL THROUGHOUT THE COUNTY AND NEIGHBORING COUNTIES TO ACCESS HIGH SPEED INTERNET SERVICE SO THEY CAN DO THE THINGS THAT THEY WANT TO DO OR INCREASE THEIR CAPACITIES TO WORK FROM HOME OR DO OTHER THINGS THAT THEY WANT TO DO.",56,56,56
CyrusOne/COB_20260323_Imported.mp3,2489,12413.49,12414.871,1.3809999999994034,SPEAKER_57,"AND FINALLY, OUR ALIGNMENT WITH",5,5,5
CyrusOne/COB_20260323_Imported.mp3,2490,12416.085,12417.987,1.9020000000000437,SPEAKER_57,the unions and with labor.,5,5,5
CyrusOne/COB_20260323_Imported.mp3,2491,12419.048,12425.373,6.324999999998909,SPEAKER_57,"Yes, we do require their work, but we want – these are four- to six-year commitments.",16,16,16
CyrusOne/COB_20260323_Imported.mp3,2492,12426.173,12428.975,2.80199999999968,SPEAKER_57,I've heard it before in all these conversations about temporary workers.,11,11,11
CyrusOne/COB_20260323_Imported.mp3,2493,12428.995,12429.996,1.0009999999983847,SPEAKER_57,These are temporary jobs.,4,4,4
CyrusOne/COB_20260323_Imported.mp3,2494,12430.056,12432.158,2.1019999999989523,SPEAKER_57,The entire construction industry is temporary in nature.,8,8,8
CyrusOne/COB_20260323_Imported.mp3,2495,12432.898,12439.262,6.364000000001397,SPEAKER_57,Providing people a place to work for the next four to six years is unusual and valuable to the people coming to work.,23,23,23
CyrusOne/COB_20260323_Imported.mp3,2496,12440.143,12443.645,3.5020000000004075,SPEAKER_57,It's vastly important for the people that work in this industry.,11,11,11
CyrusOne/COB_20260323_Imported.mp3,2497,12443.665,12447.047,3.381999999999607,SPEAKER_57,And we see it every single day because these are people that we see every single day.,17,17,17
CyrusOne/COB_20260323_Imported.mp3,2498,12447.087,12448.108,1.0210000000006403,SPEAKER_57,We're 700 people.,3,3,3
CyrusOne/COB_20260323_Imported.mp3,2499,12448.668,12450.869,2.2010000000009313,SPEAKER_57,We're some of 700 people that work for Cyrus One.,10,10,10
CyrusOne/COB_20260323_Imported.mp3,2500,12451.67,12458.214,6.543999999999869,SPEAKER_57,We're regular people doing a job and doing a job to serve the digital economy that we all operate within.,20,20,20
CyrusOne/COB_20260323_Imported.mp3,2501,12459.241,12468.825,9.584000000000742,SPEAKER_57,"And so we see the impact we have on the unions and on our tradespeople, and it's work that we're proud of, and we're proud to bring to this community here.",31,31,31
CyrusOne/COB_20260323_Imported.mp3,2502,12469.925,12478.968,9.043000000001484,SPEAKER_57,"And finally, being able to bring additional investment to the local nonprofits and feed a new workforce, a new apprentices to come into the trades is important.",27,27,27
CyrusOne/COB_20260323_Imported.mp3,2503,12479.529,12480.509,0.9799999999995634,SPEAKER_57,And then also supporting...,4,4,4
CyrusOne/COB_20260323_Imported.mp3,2504,12481.215,12491.401,10.185999999999694,SPEAKER_57,"early childhood STEM education programs for people who maybe won't work in the trades but might work as a tech, might work in IT, might work in an AI-related industry.",30,30,30
CyrusOne/COB_20260323_Imported.mp3,2505,12491.821,12495.823,4.0020000000004075,SPEAKER_57,These are things where we're aligning our private investment up with public needs.,13,13,13
CyrusOne/COB_20260323_Imported.mp3,2506,12496.103,12499.485,3.382000000001426,SPEAKER_57,It's the idea of bringing good partnerships together.,8,8,8
CyrusOne/COB_20260323_Imported.mp3,2507,12500.165,12505.148,4.982999999998356,SPEAKER_57,"There is a way to have responsible, transparent development without NDAs.",11,11,11
CyrusOne/COB_20260323_Imported.mp3,2508,12507.152,12510.053,2.90099999999984,SPEAKER_57,without tax abatement.,3,3,3
CyrusOne/COB_20260323_Imported.mp3,2509,12510.633,12514.053,3.4200000000000728,SPEAKER_57,"This is possible, and it's what we've achieved to do throughout this entire process.",14,14,14
CyrusOne/COB_20260323_Imported.mp3,2510,12514.773,12524.775,10.002000000000407,SPEAKER_57,"And so, once again, I sincerely, county board members, thank you for all the time and the discussions we've had individually and as a group and throughout the course of these various public meetings.",34,34,34
CyrusOne/COB_20260323_Imported.mp3,2511,12525.375,12528.316,2.941000000000713,SPEAKER_57,"I sincerely thank you, and again, once again, thank you to everybody who came out tonight.",16,16,16
CyrusOne/COB_20260323_Imported.mp3,2512,12528.476,12529.356,0.8799999999991996,SPEAKER_57,We greatly appreciate it.,4,4,4
CyrusOne/COB_20260323_Imported.mp3,2513,12530.956,12534.277,3.3209999999999127,SPEAKER_28,Thank you.,2,2,2
CyrusOne/COB_20260323_Imported.mp3,2514,12534.297,12534.577,0.27999999999883585,SPEAKER_28,Okay.,1,1,1
CyrusOne/COB_20260323_Imported.mp3,2515,12535.82,12536.941,1.121000000001004,SPEAKER_28,The hour is late.,4,4,4
CyrusOne/COB_20260323_Imported.mp3,2516,12537.221,12549.888,12.66700000000128,SPEAKER_28,"There has been much conversation over the past 14 public hearings, but it is my obligation now to ask if there are members of the board who have questions or comments that they wish to make.",36,36,36
CyrusOne/COB_20260323_Imported.mp3,2517,12550.088,12550.549,0.4610000000011496,SPEAKER_28,Mr. Hall.,2,2,2
CyrusOne/COB_20260323_Imported.mp3,2518,12553.25,12553.45,0.2000000000007276,SPEAKER_68,Yes.,1,1,1
CyrusOne/COB_20260323_Imported.mp3,2519,12555.031,12555.291,0.2599999999983993,SPEAKER_76,Check.,1,1,1
CyrusOne/COB_20260323_Imported.mp3,2520,12555.852,12556.192,0.33999999999832653,SPEAKER_68,Thank you.,2,2,2
CyrusOne/COB_20260323_Imported.mp3,2521,12558.618,12561.703,3.084999999999127,SPEAKER_68,I have the privilege to represent this district of District 7.,11,11,11
CyrusOne/COB_20260323_Imported.mp3,2522,12562.805,12564.367,1.5619999999998981,SPEAKER_68,I live in Talkington Township.,5,5,5
CyrusOne/COB_20260323_Imported.mp3,2523,12565.409,12566.41,1.0010000000002037,SPEAKER_68,I know these neighbors.,4,4,4
CyrusOne/COB_20260323_Imported.mp3,2524,12566.791,12567.652,0.8610000000007858,SPEAKER_68,I know this land.,4,4,4
CyrusOne/COB_20260323_Imported.mp3,2525,12568.373,12569.876,1.5030000000006112,SPEAKER_68,I know the smell of this land.,7,7,7
CyrusOne/COB_20260323_Imported.mp3,2526,12573.319,12574.98,1.6610000000000582,SPEAKER_68,Our township is doing well.,5,5,5
CyrusOne/COB_20260323_Imported.mp3,2527,12575.88,12583.783,7.903000000000247,SPEAKER_68,We did not increase our tax a little bit heavy this year than the year before because we don't need to.,21,21,21
CyrusOne/COB_20260323_Imported.mp3,2528,12584.924,12586.464,1.5399999999990541,SPEAKER_68,We don't have a spending problem.,6,6,6
CyrusOne/COB_20260323_Imported.mp3,2529,12587.865,12590.146,2.2810000000008586,SPEAKER_68,"Or I'm sorry, we don't have an earning problem.",9,9,9
CyrusOne/COB_20260323_Imported.mp3,2530,12590.606,12592.106,1.5,SPEAKER_68,Some people have spending problems.,5,5,5
CyrusOne/COB_20260323_Imported.mp3,2531,12592.947,12594.227,1.2800000000006548,SPEAKER_68,Our township is frugal.,4,4,4
CyrusOne/COB_20260323_Imported.mp3,2532,12595.228,12596.048,0.820000000001528,SPEAKER_68,That's who we are.,4,4,4
CyrusOne/COB_20260323_Imported.mp3,2533,12598.331,12605.295,6.963999999999942,SPEAKER_68,And I'm thankful for you to go to the fire departments and to other bodies to offer equipment.,18,18,18
CyrusOne/COB_20260323_Imported.mp3,2534,12606.316,12616.302,9.985999999998967,SPEAKER_68,"And I asked our board of trustees to our township, do we want to approach the company to see if there's anything we could benefit?",25,25,25
CyrusOne/COB_20260323_Imported.mp3,2535,12617.523,12620.345,2.8220000000001164,SPEAKER_68,"And I was really proud when they said, we're not for sale.",12,12,12
CyrusOne/COB_20260323_Imported.mp3,2536,12623.838,12632.242,8.404000000000451,SPEAKER_68,"I would like to ask this board to listen tonight, and I would like to ask if we could take another vote to table this.",25,25,25
CyrusOne/COB_20260323_Imported.mp3,2537,12634.183,12634.663,0.47999999999956344,SPEAKER_68,Please.,1,1,1
CyrusOne/COB_20260323_Imported.mp3,2538,12639.365,12641.326,1.9609999999993306,SPEAKER_68,Am I out of line to the attorney?,8,8,8
CyrusOne/COB_20260323_Imported.mp3,2539,12641.726,12645.168,3.441999999999098,SPEAKER_68,Am I asking for anything I shouldn't be asking for to the attorney?,13,13,13
CyrusOne/COB_20260323_Imported.mp3,2540,12645.328,12647.009,1.6810000000004948,SPEAKER_28,Motion to table is always in order.,7,7,7
CyrusOne/COB_20260323_Imported.mp3,2541,12647.029,12648.309,1.2799999999988358,SPEAKER_28,It just needs a second.,5,5,5
CyrusOne/COB_20260323_Imported.mp3,2542,12649.049,12649.79,0.7409999999999854,SPEAKER_68,Is there a second?,4,4,4
CyrusOne/COB_20260323_Imported.mp3,2543,12649.83,12650.21,0.37999999999919964,SPEAKER_68,Please.,1,1,1
CyrusOne/COB_20260323_Imported.mp3,2544,12651.814,12654.977,3.1630000000004657,SPEAKER_28,"On the motion to table, it's not debatable.",8,8,8
CyrusOne/COB_20260323_Imported.mp3,2545,12655.337,12657.238,1.90099999999984,SPEAKER_28,"On the motion to table, the clerk will call the roll.",11,11,11
CyrusOne/COB_20260323_Imported.mp3,2546,12669.208,12669.829,0.6209999999991851,SPEAKER_69,Ayers?,1,1,1
CyrusOne/COB_20260323_Imported.mp3,2547,12670.269,12670.549,0.28000000000065484,SPEAKER_11,Yes.,1,1,1
CyrusOne/COB_20260323_Imported.mp3,2548,12671.31,12671.71,0.3999999999996362,SPEAKER_69,Kamen?,1,1,1
CyrusOne/COB_20260323_Imported.mp3,2549,12672.251,12672.511,0.2600000000002183,SPEAKER_11,Yes.,1,1,1
CyrusOne/COB_20260323_Imported.mp3,2550,12673.151,12673.612,0.4609999999993306,SPEAKER_69,Constant?,1,1,1
CyrusOne/COB_20260323_Imported.mp3,2551,12673.932,12674.152,0.21999999999934516,SPEAKER_11,Yes.,1,1,1
CyrusOne/COB_20260323_Imported.mp3,2552,12675.193,12675.693,0.5,SPEAKER_69,Dasko?,1,1,1
CyrusOne/COB_20260323_Imported.mp3,2553,12675.934,12676.114,0.18000000000029104,SPEAKER_11,Yes.,1,1,1
CyrusOne/COB_20260323_Imported.mp3,2554,12676.994,12677.315,0.3209999999999127,SPEAKER_69,Diener?,1,1,1
CyrusOne/COB_20260323_Imported.mp3,2555,12677.715,12677.795,0.07999999999992724,SPEAKER_11,No.,1,1,1
CyrusOne/COB_20260323_Imported.mp3,2556,12680.237,12680.757,0.5200000000004366,SPEAKER_69,DelGiorno?,1,1,1
CyrusOne/COB_20260323_Imported.mp3,2557,12681.078,12681.358,0.28000000000065484,SPEAKER_11,No.,1,1,1
CyrusOne/COB_20260323_Imported.mp3,2558,12683.912,12684.893,0.9809999999997672,SPEAKER_69,Deputy yeah.,2,2,2
CyrusOne/COB_20260323_Imported.mp3,2559,12685.993,12686.613,0.6199999999989814,SPEAKER_69,Lucas Williams.,2,2,2
CyrusOne/COB_20260323_Imported.mp3,2560,12688.054,12690.315,2.261000000000422,SPEAKER_69,Forsyth crazy.,2,2,2
CyrusOne/COB_20260323_Imported.mp3,2561,12690.676,12693.857,3.1810000000004948,SPEAKER_69,Well jimsy.,2,2,2
CyrusOne/COB_20260323_Imported.mp3,2562,12695.518,12696.399,0.8809999999994034,SPEAKER_61,Yeah.,1,1,1
CyrusOne/COB_20260323_Imported.mp3,2563,12697.499,12699.781,2.2820000000010623,SPEAKER_69,All yeah.,2,2,2
CyrusOne/COB_20260323_Imported.mp3,2564,12701.161,12701.401,0.23999999999978172,SPEAKER_69,No.,1,1,1
CyrusOne/COB_20260323_Imported.mp3,2565,12704.063,12704.383,0.31999999999970896,SPEAKER_69,Latham.,1,1,1
CyrusOne/COB_20260323_Imported.mp3,2566,12710.906,12711.067,0.16099999999823922,SPEAKER_69,No.,1,1,1
CyrusOne/COB_20260323_Imported.mp3,2567,12714.283,12714.783,0.5,SPEAKER_69,McGuire.,1,1,1
CyrusOne/COB_20260323_Imported.mp3,2568,12715.443,12715.643,0.2000000000007276,SPEAKER_08,No.,1,1,1
CyrusOne/COB_20260323_Imported.mp3,2569,12717.944,12718.344,0.3999999999996362,SPEAKER_69,Mendenhall.,1,1,1
CyrusOne/COB_20260323_Imported.mp3,2570,12718.944,12719.184,0.23999999999978172,SPEAKER_11,Yes.,1,1,1
CyrusOne/COB_20260323_Imported.mp3,2571,12720.165,12720.485,0.31999999999970896,SPEAKER_69,Miller.,1,1,1
CyrusOne/COB_20260323_Imported.mp3,2572,12720.765,12720.985,0.22000000000116415,SPEAKER_11,No.,1,1,1
CyrusOne/COB_20260323_Imported.mp3,2573,12723.425,12723.746,0.3209999999999127,SPEAKER_69,Rader.,1,1,1
CyrusOne/COB_20260323_Imported.mp3,2574,12723.986,12724.186,0.1999999999989086,SPEAKER_11,No.,1,1,1
CyrusOne/COB_20260323_Imported.mp3,2575,12726.606,12726.926,0.31999999999970896,SPEAKER_69,Scaife.,1,1,1
CyrusOne/COB_20260323_Imported.mp3,2576,12727.246,12727.467,0.22100000000136788,SPEAKER_27,Yes.,1,1,1
CyrusOne/COB_20260323_Imported.mp3,2577,12728.967,12729.327,0.3599999999987631,SPEAKER_69,Sheckman.,1,1,1
CyrusOne/COB_20260323_Imported.mp3,2578,12729.667,12729.767,0.1000000000003638,SPEAKER_27,No.,1,1,1
CyrusOne/COB_20260323_Imported.mp3,2579,12732.228,12732.568,0.3400000000001455,SPEAKER_69,Shepard.,1,1,1
CyrusOne/COB_20260323_Imported.mp3,2580,12732.768,12733.008,0.23999999999978172,SPEAKER_27,Yes.,1,1,1
CyrusOne/COB_20260323_Imported.mp3,2581,12734.388,12734.728,0.33999999999832653,SPEAKER_69,Small.,1,1,1
CyrusOne/COB_20260323_Imported.mp3,2582,12735.209,12735.449,0.23999999999978172,SPEAKER_27,Yes.,1,1,1
CyrusOne/COB_20260323_Imported.mp3,2583,12736.229,12736.549,0.32000000000152795,SPEAKER_69,Stumpf.,1,1,1
CyrusOne/COB_20260323_Imported.mp3,2584,12736.829,12737.029,0.2000000000007276,SPEAKER_27,No.,1,1,1
CyrusOne/COB_20260323_Imported.mp3,2585,12739.83,12740.19,0.3600000000005821,SPEAKER_69,Thomas.,1,1,1
CyrusOne/COB_20260323_Imported.mp3,2586,12740.21,12740.27,0.06000000000130967,SPEAKER_69,No.,1,1,1
CyrusOne/COB_20260323_Imported.mp3,2587,12743.75,12744.111,0.3610000000007858,SPEAKER_69,Chumlin.,1,1,1
CyrusOne/COB_20260323_Imported.mp3,2588,12745.574,12746.035,0.4609999999993306,SPEAKER_69,Truex.,1,1,1
CyrusOne/COB_20260323_Imported.mp3,2589,12746.977,12747.198,0.2209999999995489,SPEAKER_13,No.,1,1,1
CyrusOne/COB_20260323_Imported.mp3,2590,12774.552,12775.933,1.3810000000012224,SPEAKER_69,"15 yes, 13 no.",4,4,4
CyrusOne/COB_20260323_Imported.mp3,2591,12777.093,12798.562,21.46899999999914,SPEAKER_11,"Order, order.",2,2,2
CyrusOne/COB_20260323_Imported.mp3,2592,12802.654,12803.675,1.0209999999988213,SPEAKER_28,The matter is tabled.,4,4,4
CyrusOne/COB_20260323_Imported.mp3,2593,12804.455,12813.042,8.586999999999534,SPEAKER_28,"We take up the next resolution on the Board's agenda, which is Resolution Number 4, Mr.",16,16,16
CyrusOne/COB_20260323_Imported.mp3,2594,12813.082,12813.342,0.2600000000002183,SPEAKER_28,Clerk.,1,1,1
CyrusOne/COB_20260323_Imported.mp3,2595,12815.144,12815.544,0.3999999999996362,SPEAKER_69,I'm sorry?,2,2,2
CyrusOne/COB_20260323_Imported.mp3,2596,12816.845,12818.146,1.3010000000012951,SPEAKER_28,"Resolution 4, Mr.",3,3,3
CyrusOne/COB_20260323_Imported.mp3,2597,12818.186,12818.447,0.261000000000422,SPEAKER_28,Clerk.,1,1,1
CyrusOne/COB_20260323_Imported.mp3,2598,12820.608,12824.952,4.343999999999141,SPEAKER_69,"Resolution 4, Resolution Approving the Procurement of Goods and or Services for the Sheriff's Office.",15,15,15
CyrusOne/COB_20260323_Imported.mp3,2599,12826.413,12836.3,9.886999999998807,SPEAKER_69,"and State's Attorney's Office from Accent Enterprises for the purpose of BWCs, tasers, in-car video cameras, and justice software in the amount of $2,423,815.67.",24,24,24
CyrusOne/COB_20260323_Imported.mp3,2600,12836.36,12839.462,3.1019999999989523,SPEAKER_69,"Motion by Mr. Chumlin, seconded by Mr. Stumpf, to place Resolution 4 before the Board.",15,15,14
CyrusOne/COB_20260323_Imported.mp3,2601,12839.482,12842.244,2.7620000000006257,SPEAKER_28,Questions or comments from members of the Board on Resolution 4?,11,11,11
CyrusOne/COB_20260323_Imported.mp3,2602,12842.264,12844.565,2.301000000001295,SPEAKER_28,"Seeing none, Mr. Madonia, do you have a motion?",9,9,9
CyrusOne/COB_20260323_Imported.mp3,2603,12844.585,12846.326,1.7409999999999854,SPEAKER_28,I do have a roll call motion.,7,7,7
CyrusOne/COB_20260323_Imported.mp3,2604,12857.615,12860.997,3.381999999999607,SPEAKER_56,I move that the roll call vote for Resolution 1 stand for roll call vote for Resolution 4.,18,18,18
CyrusOne/COB_20260323_Imported.mp3,2605,12862.417,12863.938,1.5210000000006403,SPEAKER_28,All those in favor signify by saying aye.,8,8,8
CyrusOne/COB_20260323_Imported.mp3,2606,12863.958,12864.098,0.13999999999941792,SPEAKER_28,Aye.,1,1,1
CyrusOne/COB_20260323_Imported.mp3,2607,12865.218,12865.839,0.6209999999991851,SPEAKER_28,"Opposed, no.",2,2,2
CyrusOne/COB_20260323_Imported.mp3,2608,12865.879,12866.419,0.5399999999990541,SPEAKER_28,The ayes have it.,4,4,4
CyrusOne/COB_20260323_Imported.mp3,2609,12866.459,12867.579,1.1199999999989814,SPEAKER_28,Resolution 4 is adopted.,4,4,4
CyrusOne/COB_20260323_Imported.mp3,2610,12867.599,12868.78,1.1810000000004948,SPEAKER_28,"Resolution 5, Mr.",3,3,3
CyrusOne/COB_20260323_Imported.mp3,2611,12868.8,12869.08,0.28000000000065484,SPEAKER_28,Clerk.,1,1,1
CyrusOne/COB_20260323_Imported.mp3,2612,12869.16,12875.323,6.163000000000466,SPEAKER_69,"Number 5, text amendment to Sangamon County 5.04 and amending sections 5.04.040, 5.04.050, and 5.04.080.",15,15,15
CyrusOne/COB_20260323_Imported.mp3,2613,12889.098,12893.681,4.583000000000538,SPEAKER_28,"Motion by Ms. Gage, second by Mr. Shackman to place Resolution 5 before the Board.",15,15,15
CyrusOne/COB_20260323_Imported.mp3,2614,12894.522,12896.924,2.4020000000000437,SPEAKER_28,Questions to Congress and members of the Board on Resolution 5?,11,11,11
CyrusOne/COB_20260323_Imported.mp3,2615,12901.147,12901.948,0.8009999999994761,SPEAKER_28,Mr. Giorno.,2,2,2
CyrusOne/COB_20260323_Imported.mp3,2616,12902.608,12907.352,4.744000000000597,SPEAKER_73,"Mr. Chairman, I move that we consolidate Resolutions 6, 7, and 8 with 5.",14,14,14
CyrusOne/COB_20260323_Imported.mp3,2617,12909.473,12910.634,1.1610000000000582,SPEAKER_28,Second by Mr. Madonia.,4,4,4
CyrusOne/COB_20260323_Imported.mp3,2618,12911.175,12913.777,2.6020000000007713,SPEAKER_28,"Mr. Kirkwood, please read Resolutions 6, 7, and 8.",9,9,9
CyrusOne/COB_20260323_Imported.mp3,2619,12914.967,12924.972,10.0049999999992,SPEAKER_69,"Number six, resolution approving a grant application for the Sheriff's Office from Illinois Law Enforcement Training and Standards Board for the camera grant in the amount of $1,438,457.96.",28,28,28
CyrusOne/COB_20260323_Imported.mp3,2620,12924.992,12937.639,12.646999999999025,SPEAKER_69,"Number seven, resolution approving the procurement of goods and or services for the Treasurer's Office from Quicksilver Mailing Services for the purpose of mailing tax bills in the amount of $89,570.85.",31,31,31
CyrusOne/COB_20260323_Imported.mp3,2621,12937.659,12943.942,6.282999999999447,SPEAKER_69,"Number eight, resolution approving a grant application for the Child Advocacy Department",12,12,12
CyrusOne/COB_20260323_Imported.mp3,2622,12944.482,12952.784,8.30199999999968,SPEAKER_69,"from the Office of Juvenile Justice and Delinquency Prevention for the 26 core direct CAC services in the amount of $46,407.",21,21,21
CyrusOne/COB_20260323_Imported.mp3,2623,12953.424,12958.625,5.200999999999112,SPEAKER_28,"On the motion to consolidate, all in favor signify by saying aye.",12,12,12
CyrusOne/COB_20260323_Imported.mp3,2624,12960.006,12960.666,0.6599999999998545,SPEAKER_28,"Opposed, no.",2,2,2
CyrusOne/COB_20260323_Imported.mp3,2625,12960.926,12961.526,0.6000000000003638,SPEAKER_28,The ayes have it.,4,4,4
CyrusOne/COB_20260323_Imported.mp3,2626,12961.546,12963.046,1.5,SPEAKER_28,The motion to consolidate is agreed to.,7,7,7
CyrusOne/COB_20260323_Imported.mp3,2627,12963.086,12965.987,2.90099999999984,SPEAKER_28,Questions or comments from members of the board on the resolution that's consolidated?,13,13,13
CyrusOne/COB_20260323_Imported.mp3,2628,12968.008,12969.968,1.9600000000009459,SPEAKER_28,"Seeing none, Mr. Madoni, do you have a motion?",9,9,9
CyrusOne/COB_20260323_Imported.mp3,2629,12972.825,12976.868,4.042999999999665,SPEAKER_56,"Resolution 1, stand for the roll call vote of 5 through 8 as consolidated.",14,14,14
CyrusOne/COB_20260323_Imported.mp3,2630,12978.709,12980.291,1.5819999999985157,SPEAKER_28,"All those in favor, signify by saying aye.",8,8,8
CyrusOne/COB_20260323_Imported.mp3,2631,12981.271,12981.992,0.7209999999995489,SPEAKER_28,"Opposed, no.",2,2,2
CyrusOne/COB_20260323_Imported.mp3,2632,12982.772,12983.393,0.6209999999991851,SPEAKER_28,The ayes have it.,4,4,4
CyrusOne/COB_20260323_Imported.mp3,2633,12983.653,12986.755,3.1019999999989523,SPEAKER_28,The resolutions as consolidated are adopted.,6,6,6
CyrusOne/COB_20260323_Imported.mp3,2634,12986.916,12990.758,3.842000000000553,SPEAKER_28,"Motion by Mr. Madonia, seconded by Mr. DelGiorno for the waiver of the 10-day filing period.",16,16,16
CyrusOne/COB_20260323_Imported.mp3,2635,12991.479,12992.8,1.3209999999999127,SPEAKER_28,"All in favor, signify by saying aye.",7,7,7
CyrusOne/COB_20260323_Imported.mp3,2636,12993.747,12994.307,0.5600000000013097,SPEAKER_28,"Opposed, no.",2,2,2
CyrusOne/COB_20260323_Imported.mp3,2637,12994.347,12994.928,0.581000000000131,SPEAKER_28,The ayes have it.,4,4,4
CyrusOne/COB_20260323_Imported.mp3,2638,12994.948,12996.008,1.0599999999994907,SPEAKER_28,Ten-day filing period is waived.,5,5,5
CyrusOne/COB_20260323_Imported.mp3,2639,12996.048,12996.808,0.7600000000002183,SPEAKER_28,"Resolution 9, Mr.",3,3,3
CyrusOne/COB_20260323_Imported.mp3,2640,12996.989,12997.249,0.2600000000002183,SPEAKER_28,Clerk.,1,1,1
CyrusOne/COB_20260323_Imported.mp3,2641,12997.529,13010.555,13.02599999999984,SPEAKER_69,"Number 9, resolution approving the procurement of goods and or services for the Sheriff's Office from Motorola Solutions for the purpose of procuring new radios for deputies and court security in the amount of $525,926.",35,35,35
CyrusOne/COB_20260323_Imported.mp3,2642,13012.396,13017.298,4.902000000000044,SPEAKER_28,"Motion by Mr. Chumlin, seconded by Mr. Mendenhall to place resolution 9 before the board.",15,15,15
CyrusOne/COB_20260323_Imported.mp3,2643,13018.079,13020.06,1.9809999999997672,SPEAKER_28,Questions or comments from members of the board on resolution 9?,11,11,11
CyrusOne/COB_20260323_Imported.mp3,2644,13022.573,13024.134,1.5609999999996944,SPEAKER_28,"Seeing none, Mr. Madoni, do you have a motion?",9,9,9
CyrusOne/COB_20260323_Imported.mp3,2645,13026.315,13028.757,2.441999999999098,SPEAKER_56,"Resolution 1, stand for the roll call vote of Resolution 9.",11,11,11
CyrusOne/COB_20260323_Imported.mp3,2646,13030.278,13031.538,1.2600000000002183,SPEAKER_28,All in favor signify by saying aye.,7,7,7
CyrusOne/COB_20260323_Imported.mp3,2647,13031.558,13031.638,0.07999999999992724,SPEAKER_28,Aye.,1,1,1
CyrusOne/COB_20260323_Imported.mp3,2648,13032.659,13033.219,0.5599999999994907,SPEAKER_28,"Opposed, no.",2,2,2
CyrusOne/COB_20260323_Imported.mp3,2649,13033.239,13033.74,0.5010000000002037,SPEAKER_28,The ayes have it.,4,4,4
CyrusOne/COB_20260323_Imported.mp3,2650,13033.76,13034.8,1.0399999999990541,SPEAKER_28,Resolution 9 is adopted.,4,4,4
CyrusOne/COB_20260323_Imported.mp3,2651,13034.84,13035.561,0.7209999999995489,SPEAKER_28,Resolution 10.,2,2,2
CyrusOne/COB_20260323_Imported.mp3,2652,13036.497,13052.9,16.403000000000247,SPEAKER_69,"Number 10, resolution authorizing the county administrator to settle Sangamon County's claims in the opiate lawsuit against various defendants in the amount of $21,085 and execute on the county's behalf any documents necessary to effectuate and finalize the settlement.",39,39,39
CyrusOne/COB_20260323_Imported.mp3,2653,13055.281,13057.701,2.4199999999982538,SPEAKER_28,Motion by... By...,3,3,3
CyrusOne/COB_20260323_Imported.mp3,2654,13061.51,13065.653,4.143000000000029,SPEAKER_28,"Ms. Fulgenzi, seconded by Mr. Stump to place resolution 10 before the board.",13,13,13
CyrusOne/COB_20260323_Imported.mp3,2655,13065.693,13067.694,2.0010000000002037,SPEAKER_28,"Questions, comments, members of the board on resolution 10?",9,9,9
CyrusOne/COB_20260323_Imported.mp3,2656,13069.915,13071.316,1.40099999999984,SPEAKER_28,"Seeing none, Ms. Madoni, you have a motion.",8,8,8
CyrusOne/COB_20260323_Imported.mp3,2657,13073.698,13076.34,2.6419999999998254,SPEAKER_56,"Resolution 1, stand for roll call vote for resolution 10.",10,10,10
CyrusOne/COB_20260323_Imported.mp3,2658,13077.34,13079.302,1.9619999999995343,SPEAKER_28,All in favor signify by saying aye.,7,7,7
CyrusOne/COB_20260323_Imported.mp3,2659,13079.322,13079.402,0.07999999999992724,SPEAKER_28,Aye.,1,1,1
CyrusOne/COB_20260323_Imported.mp3,2660,13080.542,13081.163,0.6210000000010041,SPEAKER_28,"Opposed, no.",2,2,2
CyrusOne/COB_20260323_Imported.mp3,2661,13082.522,13082.982,0.4599999999991269,SPEAKER_28,The ayes have it.,4,4,4
CyrusOne/COB_20260323_Imported.mp3,2662,13083.002,13084.243,1.2409999999999854,SPEAKER_28,Resolution 10 is adopted.,4,4,4
CyrusOne/COB_20260323_Imported.mp3,2663,13085.203,13085.703,0.5,SPEAKER_28,Old business.,2,2,2
CyrusOne/COB_20260323_Imported.mp3,2664,13085.723,13087.383,1.6599999999998545,SPEAKER_28,The chair is aware of no old business.,8,8,8
CyrusOne/COB_20260323_Imported.mp3,2665,13087.583,13088.304,0.7209999999995489,SPEAKER_28,New business.,2,2,2
CyrusOne/COB_20260323_Imported.mp3,2666,13089.404,13091.205,1.8009999999994761,SPEAKER_28,The chair is aware of no new business.,8,8,8
CyrusOne/COB_20260323_Imported.mp3,2667,13091.605,13092.125,0.5200000000004366,SPEAKER_28,Appointments.,1,1,1
CyrusOne/COB_20260323_Imported.mp3,2668,13092.245,13093.465,1.2199999999993452,SPEAKER_28,Motion by Mr. DelGiorno.,4,4,4
CyrusOne/COB_20260323_Imported.mp3,2669,13093.485,13097.966,4.480999999999767,SPEAKER_28,Seconded by Mr. Madonia for the approval of the appointments as submitted at your desk.,15,15,15
CyrusOne/COB_20260323_Imported.mp3,2670,13098.027,13099.167,1.139999999999418,SPEAKER_28,All in favor signify by saying aye.,7,7,7
CyrusOne/COB_20260323_Imported.mp3,2671,13099.187,13099.287,0.1000000000003638,SPEAKER_28,Aye.,1,1,1
CyrusOne/COB_20260323_Imported.mp3,2672,13099.307,13101.107,1.7999999999992724,SPEAKER_28,Opposed no.,2,2,2
CyrusOne/COB_20260323_Imported.mp3,2673,13103.668,13104.228,0.5599999999994907,SPEAKER_28,The ayes have it.,4,4,4
CyrusOne/COB_20260323_Imported.mp3,2674,13104.248,13106.729,2.480999999999767,SPEAKER_28,The appointments are approved.,4,4,4
CyrusOne/COB_20260323_Imported.mp3,2675,13107.649,13108.43,0.7810000000008586,SPEAKER_28,Ratification.,1,1,1
CyrusOne/COB_20260323_Imported.mp3,2676,13109.37,13109.95,0.5799999999999272,SPEAKER_28,Mr. Madonia.,2,2,2
CyrusOne/COB_20260323_Imported.mp3,2677,13112.187,13114.849,2.662000000000262,SPEAKER_56,to approve the ratification between the county and the deputies.,10,10,10
CyrusOne/COB_20260323_Imported.mp3,2678,13115.049,13122.753,7.7039999999997235,SPEAKER_56,"It's a three-year contract, 3% raise across the board, and we brought up the salaries up to comparable counties.",19,19,19
CyrusOne/COB_20260323_Imported.mp3,2679,13123.333,13127.696,4.362999999999374,SPEAKER_28,Seconded by the Collective Bargaining Committee.,6,6,6
CyrusOne/COB_20260323_Imported.mp3,2680,13127.976,13132.298,4.322000000000116,SPEAKER_28,Questions or comments from members of the board on the Collective Bargaining Agreement?,13,13,13
CyrusOne/COB_20260323_Imported.mp3,2681,13133.692,13139.073,5.381000000001222,SPEAKER_28,"Seeing none, on the motion to ratify the collective bargaining agreement, all in favor signify by saying aye.",18,18,18
CyrusOne/COB_20260323_Imported.mp3,2682,13139.093,13139.214,0.12099999999918509,SPEAKER_28,Aye.,1,1,1
CyrusOne/COB_20260323_Imported.mp3,2683,13140.434,13141.014,0.5799999999999272,SPEAKER_28,"Opposed, no.",2,2,2
CyrusOne/COB_20260323_Imported.mp3,2684,13141.994,13142.534,0.5399999999990541,SPEAKER_28,The ayes have it.,4,4,4
CyrusOne/COB_20260323_Imported.mp3,2685,13142.554,13144.595,2.040999999999258,SPEAKER_28,The collective bargaining agreement is agreed to.,7,7,7
CyrusOne/COB_20260323_Imported.mp3,2686,13145.835,13146.516,0.6810000000004948,SPEAKER_28,Public comment.,2,2,2
CyrusOne/COB_20260323_Imported.mp3,2687,13149.896,13151.077,1.1809999999986758,SPEAKER_11,Okay.,1,1,1
CyrusOne/COB_20260323_Imported.mp3,2688,13151.137,13160.92,9.782999999999447,SPEAKER_11,"Oh, I've got it.",4,4,4
CyrusOne/COB_20260323_Imported.mp3,2689,13161.02,13161.74,0.7199999999993452,SPEAKER_28,I've got it.,3,3,3
CyrusOne/COB_20260323_Imported.mp3,2690,13162.962,13165.765,2.8029999999998836,SPEAKER_28,We are now entering the public comment portion of the meeting.,11,11,11
CyrusOne/COB_20260323_Imported.mp3,2691,13168.207,13170.309,2.1019999999989523,SPEAKER_28,"Yeah, okay, but we'll call you up.",7,7,7
CyrusOne/COB_20260323_Imported.mp3,2692,13170.449,13171.13,0.6809999999986758,SPEAKER_28,We'll call your name.,4,4,4
CyrusOne/COB_20260323_Imported.mp3,2693,13171.25,13171.53,0.28000000000065484,SPEAKER_28,Yeah.,1,1,1
CyrusOne/COB_20260323_Imported.mp3,2694,13172.491,13172.912,0.4210000000002765,SPEAKER_28,Okay.,1,1,1
CyrusOne/COB_20260323_Imported.mp3,2695,13174.113,13179.618,5.505000000001019,SPEAKER_28,So we're now entering the public comment portion of the meeting.,11,11,11
CyrusOne/COB_20260323_Imported.mp3,2696,13181.92,13183.542,1.6219999999993888,SPEAKER_28,The public comment period.,4,4,4
CyrusOne/COB_20260323_Imported.mp3,2697,13183.962,13186.585,2.6229999999995925,SPEAKER_28,You can shut me off.,5,5,5
CyrusOne/COB_20260323_Imported.mp3,2698,13187.069,13194.691,7.622000000001208,SPEAKER_28,"works on a system where you sign up in advance, and every person who signed up in advance has four minutes for a presentation.",24,24,24
CyrusOne/COB_20260323_Imported.mp3,2699,13194.731,13198.032,3.300999999999476,SPEAKER_28,And we take the speakers in the order that they signed up to speak.,14,14,14
CyrusOne/COB_20260323_Imported.mp3,2700,13198.052,13199.573,1.5210000000006403,SPEAKER_28,You don't have to stand there.,6,6,6
CyrusOne/COB_20260323_Imported.mp3,2701,13199.613,13200.473,0.8600000000005821,SPEAKER_28,We'll call your name.,4,4,4
CyrusOne/COB_20260323_Imported.mp3,2702,13201.133,13201.473,0.3400000000001455,SPEAKER_28,Okay.,1,1,1
CyrusOne/COB_20260323_Imported.mp3,2703,13202.234,13205.495,3.261000000000422,SPEAKER_28,So the first person who signed up to speak is Kathleen Campbell.,12,12,12
CyrusOne/COB_20260323_Imported.mp3,2704,13206.855,13207.695,0.8400000000001455,SPEAKER_28,Kathleen Campbell.,2,2,2
CyrusOne/COB_20260323_Imported.mp3,2705,13209.436,13209.716,0.28000000000065484,SPEAKER_28,Okay.,1,1,1
CyrusOne/COB_20260323_Imported.mp3,2706,13209.736,13213.477,3.7409999999999854,SPEAKER_28,The second person who signed up to speak is Alexa Martini.,11,11,11
CyrusOne/COB_20260323_Imported.mp3,2707,13215.738,13216.678,0.9400000000005093,SPEAKER_28,Alexa Martini.,2,2,2
CyrusOne/COB_20260323_Imported.mp3,2708,13219.015,13223.278,4.2630000000008295,SPEAKER_28,The next person who signed up to speak is Alex Payne.,11,11,11
CyrusOne/COB_20260323_Imported.mp3,2709,13226.461,13227.141,0.680000000000291,SPEAKER_28,Alex Payne.,2,2,2
CyrusOne/COB_20260323_Imported.mp3,2710,13229.143,13233.606,4.462999999999738,SPEAKER_28,The next person who signed up to speak is James Applegate.,11,11,11
CyrusOne/COB_20260323_Imported.mp3,2711,13238.89,13242.493,3.603000000000975,SPEAKER_28,The next person who signed up to speak is Donald Hanrahan.,11,11,11
CyrusOne/COB_20260323_Imported.mp3,2712,13244.935,13247.877,2.9420000000009168,SPEAKER_28,The next person who signed up to speak is Laurie McKiernan.,11,11,11
CyrusOne/COB_20260323_Imported.mp3,2713,13252.413,13255.235,2.8220000000001164,SPEAKER_28,The next person to sign up to speak is Nick Dodson.,11,11,11
CyrusOne/COB_20260323_Imported.mp3,2714,13259.898,13263.28,3.382000000001426,SPEAKER_28,The next person who signed up to speak is Warren Wilkie.,11,11,11
CyrusOne/COB_20260323_Imported.mp3,2715,13268.483,13269.524,1.0409999999992579,SPEAKER_28,Warren Wilkie.,2,2,2
CyrusOne/COB_20260323_Imported.mp3,2716,13273.987,13278.77,4.783000000001266,SPEAKER_28,The next person who signed up to speak is Sarah Blanco.,11,11,11
CyrusOne/COB_20260323_Imported.mp3,2717,13281.874,13282.834,0.9600000000009459,SPEAKER_28,Sarah Blanco.,2,2,2
CyrusOne/COB_20260323_Imported.mp3,2718,13286.035,13292.217,6.1820000000006985,SPEAKER_28,The next person who signed up to speak is Marques Robinson.,11,11,11
CyrusOne/COB_20260323_Imported.mp3,2719,13294.097,13295.738,1.6409999999996217,SPEAKER_28,Marques Robinson.,2,2,2
CyrusOne/COB_20260323_Imported.mp3,2720,13300.219,13304.28,4.061000000001513,SPEAKER_28,The next person who signed up to speak is Aaron Kirkpatrick.,11,11,11
CyrusOne/COB_20260323_Imported.mp3,2721,13309.555,13314.397,4.842000000000553,SPEAKER_28,The next person who signed up to speak is Maribel Cruz-Hine.,11,11,11
CyrusOne/COB_20260323_Imported.mp3,2722,13319.079,13323.621,4.541999999999462,SPEAKER_28,The next person who signed up to speak is Danuta Dinda.,11,11,11
CyrusOne/COB_20260323_Imported.mp3,2723,13326.222,13326.462,0.23999999999978172,SPEAKER_06,That's you?,2,2,2
CyrusOne/COB_20260323_Imported.mp3,2724,13326.483,13327.923,1.4400000000005093,SPEAKER_42,Most people don't get the Dinda right.,7,7,7
CyrusOne/COB_20260323_Imported.mp3,2725,13328.243,13329.904,1.6610000000000582,SPEAKER_06,Okay.,1,1,1
CyrusOne/COB_20260323_Imported.mp3,2726,13329.924,13330.124,0.1999999999989086,SPEAKER_06,Okay.,1,1,1
CyrusOne/COB_20260323_Imported.mp3,2727,13330.844,13333.566,2.7220000000015716,SPEAKER_06,"So now that we have this moratorium, thank you for 90 days.",12,12,12
CyrusOne/COB_20260323_Imported.mp3,2728,13335.047,13337.95,2.9030000000002474,SPEAKER_06,"Please, please, please make a wish list.",7,7,7
CyrusOne/COB_20260323_Imported.mp3,2729,13338.15,13339.391,1.2409999999999854,SPEAKER_06,"Oh, we can't speak on that?",6,6,6
CyrusOne/COB_20260323_Imported.mp3,2730,13340.792,13344.515,3.7229999999999563,SPEAKER_28,"You can speak on whatever data center, whatever you want.",10,10,10
CyrusOne/COB_20260323_Imported.mp3,2731,13344.595,13345.937,1.342000000000553,SPEAKER_06,I won't be talking for four minutes.,7,7,7
CyrusOne/COB_20260323_Imported.mp3,2732,13346.197,13347.058,0.8610000000007858,SPEAKER_06,I guarantee you that.,4,4,4
CyrusOne/COB_20260323_Imported.mp3,2733,13347.638,13353.463,5.824999999998909,SPEAKER_06,"Please, please, please, if we proceed, you have to have concessions.",11,11,11
CyrusOne/COB_20260323_Imported.mp3,2734,13353.784,13356.486,2.702000000001135,SPEAKER_06,Do not sell us out for a quick 20 bucks.,10,10,10
CyrusOne/COB_20260323_Imported.mp3,2735,13357.453,13359.915,2.4620000000013533,SPEAKER_06,It has to be done right if you bring this here.,11,11,11
CyrusOne/COB_20260323_Imported.mp3,2736,13360.095,13361.136,1.0410000000010768,SPEAKER_06,I don't want it here.,5,5,5
CyrusOne/COB_20260323_Imported.mp3,2737,13361.296,13366.179,4.882999999999811,SPEAKER_06,"It's very clear I don't want it here, and the vast majority of people in this room do not want it here.",22,22,22
CyrusOne/COB_20260323_Imported.mp3,2738,13366.879,13380.889,14.0099999999984,SPEAKER_06,"But I am very scared about having a bunch of politicians that came up and talked to here and said, it's happening whether you like it or not, which to me gives the impression there are backdoor deals happening to make it happen.",43,43,43
CyrusOne/COB_20260323_Imported.mp3,2739,13381.649,13383.151,1.5020000000004075,SPEAKER_06,Moratorium may have happened.,4,4,4
CyrusOne/COB_20260323_Imported.mp3,2740,13383.271,13386.673,3.4020000000000437,SPEAKER_06,I'm curious to see if it would be the same number who voted no today.,15,15,15
CyrusOne/COB_20260323_Imported.mp3,2741,13387.802,13389.423,1.621000000001004,SPEAKER_06,and who voted yes to stop it.,7,7,7
CyrusOne/COB_20260323_Imported.mp3,2742,13391.023,13393.864,2.8410000000003492,SPEAKER_06,So please get your information.,5,5,5
CyrusOne/COB_20260323_Imported.mp3,2743,13394.225,13396.065,1.8400000000001455,SPEAKER_06,Force them to give you answers.,6,6,6
CyrusOne/COB_20260323_Imported.mp3,2744,13396.806,13398.126,1.319999999999709,SPEAKER_06,Ask them about the decibels.,5,5,5
CyrusOne/COB_20260323_Imported.mp3,2745,13399.247,13401.628,2.3810000000012224,SPEAKER_06,I drove by Joliet.,4,4,4
CyrusOne/COB_20260323_Imported.mp3,2746,13401.908,13403.128,1.2200000000011642,SPEAKER_06,They have data centers.,4,4,4
CyrusOne/COB_20260323_Imported.mp3,2747,13403.248,13406.33,3.0820000000003347,SPEAKER_06,I wanted to see what it felt like being three miles away.,12,12,12
CyrusOne/COB_20260323_Imported.mp3,2748,13407.69,13412.232,4.541999999999462,SPEAKER_06,I sat there for 20 minutes about three miles from the data center.,13,13,13
CyrusOne/COB_20260323_Imported.mp3,2749,13412.797,13413.998,1.2009999999991123,SPEAKER_06,It was god-awful.,3,3,3
CyrusOne/COB_20260323_Imported.mp3,2750,13414.258,13418.54,4.282000000001062,SPEAKER_06,I can't imagine in the summer going in my backyard and listening to that stuff.,15,15,15
CyrusOne/COB_20260323_Imported.mp3,2751,13419.401,13420.121,0.7199999999993452,SPEAKER_06,I'm from Chatham.,3,3,3
CyrusOne/COB_20260323_Imported.mp3,2752,13421.382,13422.743,1.3610000000007858,SPEAKER_06,This is still going to affect us.,7,7,7
CyrusOne/COB_20260323_Imported.mp3,2753,13423.523,13425.584,2.0610000000015134,SPEAKER_06,This will absolutely still affect us.,6,6,6
CyrusOne/COB_20260323_Imported.mp3,2754,13425.664,13427.946,2.2819999999992433,SPEAKER_06,"And if you don't think it will, it will.",9,9,9
CyrusOne/COB_20260323_Imported.mp3,2755,13428.586,13430.547,1.9610000000011496,SPEAKER_06,They have had problems in Europe.,6,6,6
CyrusOne/COB_20260323_Imported.mp3,2756,13431.488,13434.49,3.0020000000004075,SPEAKER_06,They have had problems at every location they have been at.,11,11,11
CyrusOne/COB_20260323_Imported.mp3,2757,13434.85,13439.112,4.261999999998807,SPEAKER_06,"They will sell you these fancy-looking buildings, and then they go back on it.",14,14,14
CyrusOne/COB_20260323_Imported.mp3,2758,13439.132,13442.134,3.0020000000004075,SPEAKER_06,And the same thing with him pushing no abatement.,9,9,9
CyrusOne/COB_20260323_Imported.mp3,2759,13442.747,13443.167,0.42000000000007276,SPEAKER_42,Fine.,1,1,1
CyrusOne/COB_20260323_Imported.mp3,2760,13443.527,13448.489,4.961999999999534,SPEAKER_06,Increase their tax rates by 7.5% to 10% like you do me every year.,14,14,14
CyrusOne/COB_20260323_Imported.mp3,2761,13448.949,13455.531,6.582000000000335,SPEAKER_06,"When I appeal, it goes down, and the minute you throw in those township multipliers, I'm right back where I started from.",22,22,22
CyrusOne/COB_20260323_Imported.mp3,2762,13456.432,13462.274,5.841999999998734,SPEAKER_06,"You're raising my house at levels that are like $50,000 to $100,000 within two years.",15,15,15
CyrusOne/COB_20260323_Imported.mp3,2763,13462.774,13463.114,0.3400000000001455,SPEAKER_06,No.,1,1,1
CyrusOne/COB_20260323_Imported.mp3,2764,13464.975,13465.355,0.37999999999919964,SPEAKER_06,No.,1,1,1
CyrusOne/COB_20260323_Imported.mp3,2765,13465.855,13466.975,1.1200000000008004,SPEAKER_06,Make them pay for it.,5,5,5
CyrusOne/COB_20260323_Imported.mp3,2766,13467.435,13468.936,1.5010000000002037,SPEAKER_06,Raise their interest rates.,4,4,4
CyrusOne/COB_20260323_Imported.mp3,2767,13469.564,13472.626,3.061999999999898,SPEAKER_06,"by 10% every year, year over year.",7,7,7
CyrusOne/COB_20260323_Imported.mp3,2768,13473.947,13477.469,3.521999999999025,SPEAKER_06,"If our electricity goes up, make them pay for the overage.",11,11,11
CyrusOne/COB_20260323_Imported.mp3,2769,13479.71,13485.594,5.8840000000000146,SPEAKER_06,"But that closed water loop system, they have a hired gun environmentalist that's going to tell you all the good stuff.",21,21,21
CyrusOne/COB_20260323_Imported.mp3,2770,13486.014,13497.762,11.748000000001412,SPEAKER_06,"There are two women in Michigan going from community to community, meeting to meeting, who are environmentalists, who have dealt with these centers, have dealt with these cleanups, and they're telling you the truth.",34,34,34
CyrusOne/COB_20260323_Imported.mp3,2771,13498.281,13499.002,0.7209999999995489,SPEAKER_06,Look them up.,3,3,3
CyrusOne/COB_20260323_Imported.mp3,2772,13499.102,13503.165,4.063000000000102,SPEAKER_06,They will tell you the closed water loop system is a farce.,12,12,12
CyrusOne/COB_20260323_Imported.mp3,2773,13505.047,13510.731,5.683999999999287,SPEAKER_06,"They do dump that water back into the community, and it's atrocious.",12,12,12
CyrusOne/COB_20260323_Imported.mp3,2774,13510.951,13512.493,1.5420000000012806,SPEAKER_06,And I don't care if it's three houses.,8,8,8
CyrusOne/COB_20260323_Imported.mp3,2775,13513.994,13515.575,1.581000000000131,SPEAKER_06,It will affect Lake Springfield.,5,5,5
CyrusOne/COB_20260323_Imported.mp3,2776,13516.456,13521.2,4.744000000000597,SPEAKER_06,I'll bet you there's going to be midnight runs for some water to get to Springfield in some way.,19,19,19
CyrusOne/COB_20260323_Imported.mp3,2777,13522.821,13523.882,1.0609999999996944,SPEAKER_06,Because they don't care.,4,4,4
CyrusOne/COB_20260323_Imported.mp3,2778,13524.142,13526.684,2.5419999999994616,SPEAKER_06,"Once they let you in, they are like leeches.",9,9,9
CyrusOne/COB_20260323_Imported.mp3,2779,13527.138,13539.0,11.86199999999917,SPEAKER_06,The number one thing data centers are looking for when people have analyzed it is to look for weak communities that have weak board members who they think that they can take advantage of.,34,34,34
CyrusOne/COB_20260323_Imported.mp3,2780,13539.457,13540.478,1.0209999999988213,SPEAKER_06,And then you know what happens?,6,6,6
CyrusOne/COB_20260323_Imported.mp3,2781,13540.518,13541.638,1.1200000000008004,SPEAKER_06,They're like cockroaches.,3,3,3
CyrusOne/COB_20260323_Imported.mp3,2782,13542.138,13545.1,2.9619999999995343,SPEAKER_06,More data centers show up and show up and show up.,11,11,11
CyrusOne/COB_20260323_Imported.mp3,2783,13545.48,13553.304,7.824000000000524,SPEAKER_06,"That's why Aurora, as the woman said, they are looking at putting some of the harshest regulations on all future data centers.",22,22,22
CyrusOne/COB_20260323_Imported.mp3,2784,13553.784,13564.909,11.125,SPEAKER_06,"Virginia is drowning in them, and the billions of dollars they are losing from taxes because these data centers are now going back and trying to get these accepted.",29,29,29
CyrusOne/COB_20260323_Imported.mp3,2785,13564.929,13567.01,2.081000000000131,SPEAKER_06,Did I seriously talk for four minutes?,7,7,7
CyrusOne/COB_20260323_Imported.mp3,2786,13567.171,13567.851,0.680000000000291,SPEAKER_28,"Yes, you did.",3,3,3
CyrusOne/COB_20260323_Imported.mp3,2787,13568.484,13568.905,0.4210000000002765,SPEAKER_28,Thank you.,2,2,2
CyrusOne/COB_20260323_Imported.mp3,2788,13569.485,13569.805,0.31999999999970896,SPEAKER_28,All right.,2,2,2
CyrusOne/COB_20260323_Imported.mp3,2789,13569.986,13574.05,4.063999999998487,SPEAKER_28,The next person who signed up to speak is Todd Brummett.,11,11,11
CyrusOne/COB_20260323_Imported.mp3,2790,13575.951,13576.732,0.7810000000008586,SPEAKER_28,Todd Brummett.,2,2,2
CyrusOne/COB_20260323_Imported.mp3,2791,13578.153,13581.637,3.4840000000003783,SPEAKER_28,The next person who signed up to speak is Peggy Cormany.,11,11,11
CyrusOne/COB_20260323_Imported.mp3,2792,13584.66,13587.162,2.5020000000004075,SPEAKER_28,The next person who signed up to speak is Ann Logue.,11,11,11
CyrusOne/COB_20260323_Imported.mp3,2793,13590.105,13593.148,3.0429999999996653,SPEAKER_28,The next person who signed up to speak is Jill Krippel.,11,11,11
CyrusOne/COB_20260323_Imported.mp3,2794,13595.702,13600.243,4.541000000001077,SPEAKER_28,The next person who signed up to speak is Claire Heffron McKinney.,12,12,12
CyrusOne/COB_20260323_Imported.mp3,2795,13603.864,13607.645,3.7810000000008586,SPEAKER_28,The next person who signed up to speak is Christopher Sims.,11,11,11
CyrusOne/COB_20260323_Imported.mp3,2796,13611.106,13614.307,3.2010000000009313,SPEAKER_28,The next person who signed up to speak is Keith Tuxhorn.,11,11,11
CyrusOne/COB_20260323_Imported.mp3,2797,13619.789,13620.829,1.0399999999990541,SPEAKER_28,"I thought, thank you.",4,4,4
CyrusOne/COB_20260323_Imported.mp3,2798,13620.869,13624.29,3.4210000000002765,SPEAKER_28,The next person who signed up to speak is Tara Berkshneider.,11,11,11
CyrusOne/COB_20260323_Imported.mp3,2799,13629.013,13632.315,3.30199999999968,SPEAKER_28,The next person who's going to speak is Ken Pasha.,10,10,10
CyrusOne/COB_20260323_Imported.mp3,2800,13644.181,13646.102,1.9210000000002765,SPEAKER_17,"I'm taking my four minutes, but I'll go quick.",9,9,9
CyrusOne/COB_20260323_Imported.mp3,2801,13646.923,13649.704,2.7809999999990396,SPEAKER_17,"You guys just recently saw what the voters passed for us, right?",12,12,12
CyrusOne/COB_20260323_Imported.mp3,2802,13649.724,13651.185,1.4609999999993306,SPEAKER_17,That referendum.,2,2,2
CyrusOne/COB_20260323_Imported.mp3,2803,13651.725,13652.946,1.220999999999549,SPEAKER_17,So the clock begins.,4,4,4
CyrusOne/COB_20260323_Imported.mp3,2804,13653.386,13655.107,1.720999999999549,SPEAKER_17,When are we going to start naming these members?,9,9,9
CyrusOne/COB_20260323_Imported.mp3,2805,13655.307,13658.209,2.9020000000000437,SPEAKER_17,When are we going to start moving forward on getting the Mental Health Board,14,14,14
CyrusOne/COB_20260323_Imported.mp3,2806,13658.765,13659.646,0.8810000000012224,SPEAKER_17,active and moving.,3,3,3
CyrusOne/COB_20260323_Imported.mp3,2807,13660.346,13669.874,9.528000000000247,SPEAKER_17,"It has been far too long that Sangamon County has been without a mental health board, and now the voters have delivered to you whether that 4% difference matters or not, it passed.",33,33,33
CyrusOne/COB_20260323_Imported.mp3,2808,13670.494,13673.697,3.20299999999952,SPEAKER_17,So now we really need to start moving on that immediately.,11,11,11
CyrusOne/COB_20260323_Imported.mp3,2809,13674.217,13678.461,4.243999999998778,SPEAKER_17,"This shouldn't take a year or two to get through committees and figure it out, I would hope.",18,18,18
CyrusOne/COB_20260323_Imported.mp3,2810,13679.021,13681.163,2.1419999999998254,SPEAKER_17,Maybe you guys have bigger plans I'm unaware of.,9,9,9
CyrusOne/COB_20260323_Imported.mp3,2811,13681.483,13685.046,3.563000000000102,SPEAKER_17,Maybe there's something waiting in the wings to roll out as soon as the referendum passes.,16,16,16
CyrusOne/COB_20260323_Imported.mp3,2812,13685.446,13686.467,1.0210000000006403,SPEAKER_17,I sincerely hope so.,4,4,4
CyrusOne/COB_20260323_Imported.mp3,2813,13687.018,13690.081,3.063000000000102,SPEAKER_17,Because the Mental Health Board is desperately needed around here.,10,10,10
CyrusOne/COB_20260323_Imported.mp3,2814,13690.541,13704.615,14.074000000000524,SPEAKER_17,"And I really hope that some of the whispers I've heard that that money may be diverted, that you county board members will fight extremely hard to make sure that every dollar that comes from that sales tax increase goes to the Mental Health Board and its guided needs.",49,49,49
CyrusOne/COB_20260323_Imported.mp3,2815,13705.182,13705.562,0.37999999999919964,SPEAKER_17,Period.,1,1,1
CyrusOne/COB_20260323_Imported.mp3,2816,13705.602,13706.923,1.3209999999999127,SPEAKER_17,That's not an attack on the board.,7,7,7
CyrusOne/COB_20260323_Imported.mp3,2817,13706.943,13708.725,1.7820000000010623,SPEAKER_17,I don't think you guys are going to misappropriate it.,10,10,10
CyrusOne/COB_20260323_Imported.mp3,2818,13709.025,13718.071,9.046000000000276,SPEAKER_17,"I trust your judgment, but we need to be very careful about how that money is used and appropriated, especially when it comes to the mental health concerns here in Sangamon County.",32,32,32
CyrusOne/COB_20260323_Imported.mp3,2819,13718.091,13721.373,3.2819999999992433,SPEAKER_17,I also want to take a minute to touch on the Massey Commission's CTAs.,14,14,14
CyrusOne/COB_20260323_Imported.mp3,2820,13721.754,13729.239,7.484999999998763,SPEAKER_17,"I spend a lot of time over at council, as I'm sure some of you know, and they're pretty recalcitrant to work with you guys, which I find very strange.",30,30,30
CyrusOne/COB_20260323_Imported.mp3,2821,13730.12,13743.911,13.790999999999258,SPEAKER_17,"There is absolutely part of those CTAs that there be a framework established between Sangamon County and the city of Springfield, both within law enforcement, first responders, as well as other pieces that would lead to better outcomes and coordination.",40,40,40
CyrusOne/COB_20260323_Imported.mp3,2822,13743.971,13745.412,1.441000000000713,SPEAKER_17,I've said it before at these meetings.,7,7,7
CyrusOne/COB_20260323_Imported.mp3,2823,13745.752,13747.393,1.6409999999996217,SPEAKER_17,Springfield is most of the county.,6,6,6
CyrusOne/COB_20260323_Imported.mp3,2824,13747.413,13754.479,7.065999999998894,SPEAKER_17,"That's not an attack on the other pieces of the county, but most of our population, problems, and money gets spent here.",22,22,22
CyrusOne/COB_20260323_Imported.mp3,2825,13755.099,13761.762,6.663000000000466,SPEAKER_17,So I would expect the city of Springfield to maybe be a little bit more willing to work with you guys and stop being so avoidant of it.,28,28,28
CyrusOne/COB_20260323_Imported.mp3,2826,13762.322,13766.003,3.6810000000004948,SPEAKER_17,They haven't even been willing to listen to the Massey Commission CTAs.,12,12,12
CyrusOne/COB_20260323_Imported.mp3,2827,13766.743,13779.108,12.364999999999782,SPEAKER_17,"I know not everybody on this board agrees with all 26 of them, but at least you've been willing to listen to it, listen to Dr. Hurst, listen to Adam, listen to the people that were actually involved in that process and what they were recommending.",46,46,46
CyrusOne/COB_20260323_Imported.mp3,2828,13779.733,13782.053,2.319999999999709,SPEAKER_17,The city has absolutely refused to do that.,8,8,8
CyrusOne/COB_20260323_Imported.mp3,2829,13782.093,13786.534,4.440999999998894,SPEAKER_17,And I would ask you guys to start questioning why they seem so avoidant of those things.,17,17,17
CyrusOne/COB_20260323_Imported.mp3,2830,13787.094,13788.615,1.5210000000006403,SPEAKER_17,They still stand on the statement.,6,6,6
CyrusOne/COB_20260323_Imported.mp3,2831,13788.635,13793.736,5.1010000000005675,SPEAKER_17,"Their chief said to me, Sonia didn't die due to the city of Springfield.",14,14,14
CyrusOne/COB_20260323_Imported.mp3,2832,13795.256,13796.496,1.2399999999997817,SPEAKER_17,Do we genuinely believe that?,5,5,5
CyrusOne/COB_20260323_Imported.mp3,2833,13797.296,13799.257,1.9609999999993306,SPEAKER_17,Do the people on this board really believe that?,9,9,9
CyrusOne/COB_20260323_Imported.mp3,2834,13799.897,13805.738,5.84099999999853,SPEAKER_17,Just because Lake Town and the patch is patrolled by counties that that's not in Springfield?,16,16,16
CyrusOne/COB_20260323_Imported.mp3,2835,13807.07,13822.422,15.352000000000771,SPEAKER_17,"That should appall you guys that they would leave that at the feet for you guys to solve, as though somehow that's your problem now, as though the city of Springfield doesn't have enough problems to solve, such as the idea that they leave little patchwork sections to the county to take care of.",54,54,54
CyrusOne/COB_20260323_Imported.mp3,2836,13823.803,13833.611,9.808000000000902,SPEAKER_17,All I'm asking is that we put a lot more work into those recommendations in terms of forcing the city and the board itself in terms of the referendum that just passed into making these a lot more concrete.,39,39,39
CyrusOne/COB_20260323_Imported.mp3,2837,13834.276,13835.917,1.6409999999996217,SPEAKER_17,We have to see those changes.,6,6,6
CyrusOne/COB_20260323_Imported.mp3,2838,13836.257,13845.04,8.783000000001266,SPEAKER_17,"You can walk right outside this door any time and see the mental health care needs that are absolutely desperately needed, both in the city of Springfield and in the surrounding county.",32,32,32
CyrusOne/COB_20260323_Imported.mp3,2839,13845.72,13854.583,8.863000000001193,SPEAKER_17,"There is a severe need for people to receive that help, and I sincerely hope that that referendum, even though it only passed by a little bit, doesn't matter.",29,29,29
CyrusOne/COB_20260323_Imported.mp3,2840,13855.388,13856.948,1.5599999999994907,SPEAKER_17,"If you cross home plate, you made it.",8,8,8
CyrusOne/COB_20260323_Imported.mp3,2841,13857.208,13859.409,2.2009999999991123,SPEAKER_17,And that's what happened with that referendum.,7,7,7
CyrusOne/COB_20260323_Imported.mp3,2842,13859.449,13868.371,8.921999999998661,SPEAKER_17,"So it's up to us to take what the voters said and really use that money for the really, really important stuff that's been outlined by people far beyond us.",30,30,30
CyrusOne/COB_20260323_Imported.mp3,2843,13869.072,13869.312,0.23999999999978172,SPEAKER_17,Right.,1,1,1
CyrusOne/COB_20260323_Imported.mp3,2844,13869.952,13873.893,3.941000000000713,SPEAKER_17,"Whether any of us have great expertise, I would think that the collective work.",14,14,14
CyrusOne/COB_20260323_Imported.mp3,2845,13874.529,13887.014,12.484999999998763,SPEAKER_17,of the Mental Health Commission and the Massey Commission would override any of our individual preferences and recognize that those are broad ideas that have been implemented elsewhere successfully to great effect.,32,32,32
CyrusOne/COB_20260323_Imported.mp3,2846,13887.074,13888.115,1.0409999999992579,SPEAKER_28,"That's time, Mr. Patience.",4,4,4
CyrusOne/COB_20260323_Imported.mp3,2847,13888.275,13889.075,0.8000000000010914,SPEAKER_17,"Understood, Andy.",2,2,2
CyrusOne/COB_20260323_Imported.mp3,2848,13889.095,13890.236,1.1410000000014406,SPEAKER_17,You guys have a great night.,6,6,6
CyrusOne/COB_20260323_Imported.mp3,2849,13890.276,13892.977,2.7010000000009313,SPEAKER_28,Thanks for the patience.,4,4,4
CyrusOne/COB_20260323_Imported.mp3,2850,13895.718,13898.799,3.081000000000131,SPEAKER_28,The next person who signed up to speak is Elliot Clay.,11,11,11
CyrusOne/COB_20260323_Imported.mp3,2851,13901.32,13903.021,1.7010000000009313,SPEAKER_28,The next person who signed up to speak is...,9,9,9
CyrusOne/COB_20260323_Imported.mp3,2852,13905.431,13912.457,7.02599999999984,SPEAKER_28,The next person who signed up to speak is Terry Arnold.,11,11,11
CyrusOne/COB_20260323_Imported.mp3,2853,13916.001,13918.823,2.8220000000001164,SPEAKER_28,The next person who signed up to speak is Steven Lambert.,11,11,11
CyrusOne/COB_20260323_Imported.mp3,2854,13922.526,13925.569,3.0429999999996653,SPEAKER_28,The next person who signed up to speak is Jordan Shaw.,11,11,11
CyrusOne/COB_20260323_Imported.mp3,2855,13928.692,13929.312,0.6200000000008004,SPEAKER_28,Jordan Shaw?,2,2,2
CyrusOne/COB_20260323_Imported.mp3,2856,13930.073,13930.293,0.21999999999934516,SPEAKER_28,Okay.,1,1,1
CyrusOne/COB_20260323_Imported.mp3,2857,13942.763,13946.664,3.90099999999984,SPEAKER_45,I was actually going to be funny and mention that this was a really cool way to spend my birthday.,20,20,20
CyrusOne/COB_20260323_Imported.mp3,2858,13946.724,13949.005,2.2809999999990396,SPEAKER_45,So just a heads up.,5,5,5
CyrusOne/COB_20260323_Imported.mp3,2859,13949.345,13957.947,8.602000000000771,SPEAKER_45,I do honestly want to thank everybody for listening to everybody who was either pro-data or anti-data.,17,17,17
CyrusOne/COB_20260323_Imported.mp3,2860,13958.047,13958.887,0.8400000000001455,SPEAKER_45,That sounds a little weird.,5,5,5
CyrusOne/COB_20260323_Imported.mp3,2861,13959.367,13965.589,6.221999999999753,SPEAKER_45,But I do appreciate you guys taking your time and for listening to everybody and then voting on a leaf.,20,20,20
CyrusOne/COB_20260323_Imported.mp3,2862,13966.26,13971.243,4.983000000000175,SPEAKER_45,"I really do appreciate that, and it feels nice to be heard.",12,12,12
CyrusOne/COB_20260323_Imported.mp3,2863,13972.144,13974.585,2.440999999998894,SPEAKER_45,"So thank you very much, and I hope you guys have a good evening.",14,14,14
CyrusOne/COB_20260323_Imported.mp3,2864,13978.588,13981.87,3.2820000000010623,SPEAKER_28,The next person who signed up to speak is Veda Keene.,11,11,11
CyrusOne/COB_20260323_Imported.mp3,2865,13984.092,13987.294,3.201999999999316,SPEAKER_28,The next person who signed up to speak is Amy McDaniels.,11,11,11
CyrusOne/COB_20260323_Imported.mp3,2866,13990.476,13993.478,3.0019999999985885,SPEAKER_28,The next person who signed up to speak is Evan Fortner.,11,11,11
CyrusOne/COB_20260323_Imported.mp3,2867,13996.567,13999.671,3.1040000000011787,SPEAKER_28,The next person signed up to speak is Megan Mathis.,10,10,10
CyrusOne/COB_20260323_Imported.mp3,2868,14002.715,14007.34,4.625,SPEAKER_28,The next person signed up to speak is Julia Rozier.,10,10,10
CyrusOne/COB_20260323_Imported.mp3,2869,14009.603,14012.567,2.963999999999942,SPEAKER_28,The next person signed up to speak is Justin King.,10,10,10
CyrusOne/COB_20260323_Imported.mp3,2870,14028.318,14033.262,4.944000000001324,SPEAKER_37,"If the data center was left to a vote to the people of Sandman County, it would fail miserably.",19,19,19
CyrusOne/COB_20260323_Imported.mp3,2871,14033.943,14035.945,2.0020000000004075,SPEAKER_37,The people you represent don't want this.,7,7,7
CyrusOne/COB_20260323_Imported.mp3,2872,14042.29,14047.235,4.944999999999709,SPEAKER_28,The next person who's going to speak is Abigail Greenlead.,10,10,10
CyrusOne/COB_20260323_Imported.mp3,2873,14051.078,14054.201,3.1229999999995925,SPEAKER_28,The next person who's going to speak is Andrea Walters.,10,10,10
CyrusOne/COB_20260323_Imported.mp3,2874,14057.432,14059.894,2.4619999999995343,SPEAKER_28,The next person to sign up to speak is Emily Taylor.,11,11,11
CyrusOne/COB_20260323_Imported.mp3,2875,14063.977,14066.419,2.441999999999098,SPEAKER_28,The next person to sign up to speak is Salem King.,11,11,11
CyrusOne/COB_20260323_Imported.mp3,2876,14069.882,14075.067,5.184999999999491,SPEAKER_28,The next person to sign up to speak is John Mangel.,11,11,11
CyrusOne/COB_20260323_Imported.mp3,2877,14077.829,14080.391,2.561999999999898,SPEAKER_28,The next person to sign up to speak is Robert Oxley.,11,11,11
CyrusOne/COB_20260323_Imported.mp3,2878,14083.977,14088.419,4.441999999999098,SPEAKER_28,The next person signed up to speak is Sylvia Zambaras.,10,10,10
CyrusOne/COB_20260323_Imported.mp3,2879,14092.041,14095.323,3.2820000000010623,SPEAKER_28,The next person signed up to speak is Sarah Ahl.,10,10,10
CyrusOne/COB_20260323_Imported.mp3,2880,14099.124,14102.106,2.981999999999971,SPEAKER_28,The next person signed up to speak is William Martin.,10,10,10
CyrusOne/COB_20260323_Imported.mp3,2881,14107.849,14112.151,4.30199999999968,SPEAKER_28,"And the last person signed up to speak, Francisco Muro.",10,10,10
CyrusOne/COB_20260323_Imported.mp3,2882,14114.749,14117.931,3.1820000000006985,SPEAKER_28,"Okay, that concludes public comment.",5,5,5
CyrusOne/COB_20260323_Imported.mp3,2883,14119.211,14128.977,9.76600000000144,SPEAKER_28,"Reports of county officials, reports of special committees, reports of the Committee on Claims, motion by Mr. DelGiorno, seconded by Mr. Stump, that the reports be placed on file with the clerk.",32,32,32
CyrusOne/COB_20260323_Imported.mp3,2884,14130.177,14140.203,10.02599999999984,SPEAKER_28,"Motion by Mr. Stump, seconded by Mr. DelGiorno, that the Board do stand in recess until its regularly scheduled April meeting, which I think is April 7th.",27,27,27
CyrusOne/COB_20260323_Imported.mp3,2885,14140.923,14141.444,0.5209999999988213,SPEAKER_28,All in favor?,3,3,3
CyrusOne/COB_20260323_Imported.mp3,2886,14141.464,14142.704,1.2399999999997817,SPEAKER_28,Aye.,1,1,1
CyrusOne/COB_20260323_Imported.mp3,2887,14142.724,14144.005,1.2809999999990396,SPEAKER_28,We stand adjourned.,3,3,3
