segment,label,speaker,start,end
[ 00:00:00.098 -->  00:00:02.055],C,SPEAKER_12,0.09846875000000001,2.0559687500000003
[ 00:00:00.284 -->  00:00:00.554],AN,SPEAKER_33,0.28409375000000003,0.55409375
[ 00:00:03.169 -->  00:00:07.827],C,SPEAKER_12,3.1697187500000004,7.82721875
[ 00:00:09.750 -->  00:00:10.054],X,SPEAKER_16,9.750968750000002,10.054718750000003
[ 00:00:15.319 -->  00:00:16.365],AU,SPEAKER_41,15.31971875,16.36596875
[ 00:00:16.922 -->  00:00:17.361],AU,SPEAKER_41,16.922843750000002,17.36159375
[ 00:00:17.699 -->  00:00:20.517],AU,SPEAKER_41,17.69909375,20.51721875
[ 00:00:21.040 -->  00:00:23.301],AU,SPEAKER_41,21.04034375,23.301593750000002
[ 00:00:23.993 -->  00:00:28.684],AU,SPEAKER_41,23.99346875,28.684718750000002
[ 00:00:29.967 -->  00:00:36.919],AU,SPEAKER_41,29.96721875,36.91971875
[ 00:00:37.965 -->  00:00:40.142],AU,SPEAKER_41,37.96596875,40.142843750000004
[ 00:00:40.530 -->  00:00:41.340],AU,SPEAKER_41,40.53096875,41.34096875
[ 00:00:41.340 -->  00:00:41.357],X,SPEAKER_16,41.34096875,41.35784375
[ 00:00:41.357 -->  00:00:41.459],AU,SPEAKER_41,41.35784375,41.45909375
[ 00:00:42.589 -->  00:00:42.792],X,SPEAKER_16,42.58971875,42.79221875
[ 00:00:42.792 -->  00:00:43.163],Y,SPEAKER_17,42.79221875,43.16346875
[ 00:00:43.163 -->  00:00:46.859],X,SPEAKER_16,43.16346875,46.85909375
[ 00:00:43.686 -->  00:00:55.296],Y,SPEAKER_17,43.68659375,55.29659375000001
[ 00:00:46.926 -->  00:00:47.972],X,SPEAKER_16,46.92659375,47.97284375
[ 00:00:47.972 -->  00:00:47.989],F,SPEAKER_43,47.97284375,47.98971875
[ 00:00:47.989 -->  00:00:48.040],X,SPEAKER_16,47.98971875,48.040343750000005
[ 00:00:48.040 -->  00:00:48.141],F,SPEAKER_43,48.040343750000005,48.141593750000006
[ 00:00:48.141 -->  00:00:48.968],X,SPEAKER_16,48.141593750000006,48.96846875
[ 00:00:48.968 -->  00:00:49.035],F,SPEAKER_43,48.96846875,49.03596875
[ 00:00:49.035 -->  00:00:49.964],X,SPEAKER_16,49.03596875,49.96409375
[ 00:00:49.964 -->  00:00:50.031],F,SPEAKER_43,49.96409375,50.031593750000006
[ 00:00:50.031 -->  00:00:51.972],X,SPEAKER_16,50.031593750000006,51.97221875
[ 00:00:51.972 -->  00:00:52.967],F,SPEAKER_43,51.97221875,52.96784375
[ 00:00:52.967 -->  00:00:53.085],P,SPEAKER_07,52.96784375,53.085968750000006
[ 00:01:00.426 -->  00:01:12.120],C,SPEAKER_12,60.42659375,72.12096875
[ 00:01:12.677 -->  00:01:16.019],C,SPEAKER_12,72.67784375000001,76.01909375000001
[ 00:01:16.677 -->  00:01:18.398],AG,SPEAKER_26,76.67721875000001,78.39846875
[ 00:01:20.305 -->  00:01:20.727],AG,SPEAKER_26,80.30534375,80.72721875
[ 00:01:21.857 -->  00:01:22.414],C,SPEAKER_12,81.85784375,82.41471875
[ 00:01:24.068 -->  00:01:24.608],AG,SPEAKER_26,84.06846875000001,84.60846875
[ 00:01:24.844 -->  00:01:25.199],AG,SPEAKER_26,84.84471875,85.19909375
[ 00:01:25.485 -->  00:01:26.177],AG,SPEAKER_26,85.48596875000001,86.17784375000001
[ 00:01:29.097 -->  00:01:33.265],AG,SPEAKER_26,89.09721875000001,93.26534375
[ 00:01:31.054 -->  00:01:31.375],Y,SPEAKER_17,91.05471875,91.37534375
[ 00:01:32.269 -->  00:01:32.286],Y,SPEAKER_17,92.26971875000001,92.28659375000001
[ 00:01:32.286 -->  00:01:32.303],R,SPEAKER_09,92.28659375000001,92.30346875000001
[ 00:01:32.303 -->  00:01:32.708],Y,SPEAKER_17,92.30346875000001,92.70846875000001
[ 00:01:35.054 -->  00:01:38.462],AG,SPEAKER_26,95.05409375,98.46284375
[ 00:01:35.324 -->  00:01:35.459],R,SPEAKER_09,95.32409375,95.45909375000001
[ 00:01:38.648 -->  00:01:38.682],AG,SPEAKER_26,98.64846875,98.68221875
[ 00:01:38.783 -->  00:01:38.834],AG,SPEAKER_26,98.78346875000001,98.83409375000001
[ 00:01:38.901 -->  00:01:39.002],AG,SPEAKER_26,98.90159375,99.00284375000001
[ 00:01:39.222 -->  00:01:42.479],AG,SPEAKER_26,99.22221875000001,102.47909375
[ 00:01:42.968 -->  00:01:43.980],AG,SPEAKER_26,102.96846875,103.98096875
[ 00:01:45.094 -->  00:01:45.550],AG,SPEAKER_26,105.09471875000001,105.55034375000001
[ 00:01:45.668 -->  00:01:46.039],Y,SPEAKER_17,105.66846875,106.03971875
[ 00:01:46.647 -->  00:01:48.486],AG,SPEAKER_26,106.64721875000001,108.48659375000001
[ 00:01:48.992 -->  00:01:49.330],Y,SPEAKER_17,108.99284375,109.33034375000001
[ 00:01:50.258 -->  00:01:52.350],AG,SPEAKER_26,110.25846875,112.35096875
[ 00:01:50.882 -->  00:01:51.338],Y,SPEAKER_17,110.88284375,111.33846875
[ 00:01:53.734 -->  00:01:54.274],AG,SPEAKER_26,113.73471875000001,114.27471875
[ 00:01:55.472 -->  00:01:56.147],AG,SPEAKER_26,115.47284375000001,116.14784375
[ 00:01:56.316 -->  00:01:56.755],Y,SPEAKER_17,116.31659375000001,116.75534375000001
[ 00:01:56.384 -->  00:01:56.400],AG,SPEAKER_26,116.38409375,116.40096875
[ 00:01:56.434 -->  00:01:56.637],AG,SPEAKER_26,116.43471875,116.63721875
[ 00:01:56.974 -->  00:01:57.514],AG,SPEAKER_26,116.97471875000001,117.51471875000001
[ 00:01:57.632 -->  00:01:58.122],Y,SPEAKER_17,117.63284375,118.12221875
[ 00:01:58.982 -->  00:02:03.420],AG,SPEAKER_26,118.98284375,123.42096875000001
[ 00:01:59.759 -->  00:02:02.779],Y,SPEAKER_17,119.75909375,122.77971875
[ 00:02:04.922 -->  00:02:06.964],AG,SPEAKER_26,124.92284375000001,126.96471875
[ 00:02:07.892 -->  00:02:12.128],AG,SPEAKER_26,127.89284375000001,132.12846875
[ 00:02:09.360 -->  00:02:10.019],P,SPEAKER_07,129.36096875,130.01909375
[ 00:02:12.347 -->  00:02:12.432],AG,SPEAKER_26,132.34784375,132.43221875
[ 00:02:12.432 -->  00:02:12.887],P,SPEAKER_07,132.43221875,132.88784375
[ 00:02:13.107 -->  00:02:15.503],AG,SPEAKER_26,133.10721875000002,135.50346875
[ 00:02:15.992 -->  00:02:18.777],C,SPEAKER_12,135.99284375000002,138.77721875
[ 00:02:18.861 -->  00:02:30.218],C,SPEAKER_12,138.86159375,150.21846875
[ 00:02:32.192 -->  00:02:33.205],C,SPEAKER_12,152.19284375,153.20534375
[ 00:02:36.985 -->  00:02:38.250],C,SPEAKER_12,156.98534375,158.25096875
[ 00:02:41.642 -->  00:02:52.999],Z,SPEAKER_18,161.64284375,172.99971875
[ 00:02:53.151 -->  00:02:53.995],C,SPEAKER_12,173.15159375000002,173.99534375000002
[ 00:02:55.210 -->  00:02:56.999],C,SPEAKER_12,175.21034375000002,176.99909375000001
[ 00:02:56.999 -->  00:02:57.539],Z,SPEAKER_18,176.99909375000001,177.53909375
[ 00:02:57.539 -->  00:03:04.305],C,SPEAKER_12,177.53909375,184.30596875
[ 00:03:07.410 -->  00:03:14.802],AK,SPEAKER_30,187.41096875000002,194.80221875
[ 00:03:14.886 -->  00:03:15.561],C,SPEAKER_12,194.88659375,195.56159375000001
[ 00:03:17.012 -->  00:03:18.177],C,SPEAKER_12,197.01284375,198.17721875
[ 00:03:18.480 -->  00:03:21.349],C,SPEAKER_12,198.48096875000002,201.34971875000002
[ 00:03:21.822 -->  00:03:24.640],C,SPEAKER_12,201.82221875000002,204.64034375
[ 00:03:25.585 -->  00:03:26.277],C,SPEAKER_12,205.58534375000002,206.27721875
[ 00:03:27.019 -->  00:03:29.483],C,SPEAKER_12,207.01971875,209.48346875000001
[ 00:03:29.989 -->  00:03:31.170],C,SPEAKER_12,209.98971875,211.17096875000001
[ 00:04:00.752 -->  00:04:01.900],AF,SPEAKER_25,240.75284375,241.90034375000002
[ 00:04:01.934 -->  00:04:02.035],AF,SPEAKER_25,241.93409375000002,242.03534375
[ 00:04:02.355 -->  00:04:02.963],AF,SPEAKER_25,242.35596875000002,242.96346875
[ 00:04:02.963 -->  00:04:03.030],P,SPEAKER_07,242.96346875,243.03096875000003
[ 00:04:03.030 -->  00:04:03.047],AF,SPEAKER_25,243.03096875000003,243.04784375000003
[ 00:04:03.047 -->  00:04:03.722],P,SPEAKER_07,243.04784375000003,243.72284375
[ 00:04:05.579 -->  00:04:08.869],AF,SPEAKER_25,245.57909375000003,248.86971875
[ 00:04:09.291 -->  00:04:09.561],AF,SPEAKER_25,249.29159375,249.56159375000001
[ 00:04:09.882 -->  00:04:10.388],AF,SPEAKER_25,249.88221875000002,250.38846875000002
[ 00:04:10.810 -->  00:04:14.910],AF,SPEAKER_25,250.81034375000002,254.91096875000002
[ 00:04:15.434 -->  00:04:16.176],AF,SPEAKER_25,255.43409375000002,256.17659375
[ 00:04:16.682 -->  00:04:23.230],AF,SPEAKER_25,256.68284375,263.23034375000003
[ 00:04:23.955 -->  00:04:26.284],AF,SPEAKER_25,263.95596875,266.28471875
[ 00:04:26.402 -->  00:04:27.516],AF,SPEAKER_25,266.40284375000005,267.51659375
[ 00:04:28.680 -->  00:04:29.052],AF,SPEAKER_25,268.68096875000003,269.05221875
[ 00:04:29.457 -->  00:04:31.296],AF,SPEAKER_25,269.45721875000004,271.29659375
[ 00:04:31.870 -->  00:04:32.444],AF,SPEAKER_25,271.87034375,272.44409375000004
[ 00:04:33.203 -->  00:04:37.641],AF,SPEAKER_25,273.20346875,277.64159375
[ 00:04:38.029 -->  00:04:40.712],AF,SPEAKER_25,278.02971875000003,280.71284375
[ 00:04:41.320 -->  00:04:43.412],AF,SPEAKER_25,281.32034375,283.41284375000004
[ 00:04:43.885 -->  00:04:47.479],AF,SPEAKER_25,283.88534375,287.47971875
[ 00:04:48.002 -->  00:04:48.019],AF,SPEAKER_25,288.00284375,288.01971875000004
[ 00:04:48.019 -->  00:04:48.036],AE,SPEAKER_24,288.01971875000004,288.03659375
[ 00:04:48.036 -->  00:04:48.053],AF,SPEAKER_25,288.03659375,288.05346875000004
[ 00:04:48.053 -->  00:04:48.087],AE,SPEAKER_24,288.05346875000004,288.08721875000003
[ 00:04:48.087 -->  00:04:53.520],AF,SPEAKER_25,288.08721875000003,293.52096875
[ 00:04:48.137 -->  00:04:48.407],AE,SPEAKER_24,288.13784375,288.40784375000004
[ 00:04:48.407 -->  00:04:48.964],AC,SPEAKER_21,288.40784375000004,288.96471875000003
[ 00:04:53.925 -->  00:04:55.596],AF,SPEAKER_25,293.92596875000004,295.59659375
[ 00:04:55.917 -->  00:04:58.043],AF,SPEAKER_25,295.91721875,298.04346875000005
[ 00:04:58.718 -->  00:04:59.545],AF,SPEAKER_25,298.71846875,299.54534375000003
[ 00:05:00.625 -->  00:05:04.894],AF,SPEAKER_25,300.62534375,304.89471875000004
[ 00:05:05.333 -->  00:05:08.235],AF,SPEAKER_25,305.33346875,308.23596875000004
[ 00:05:08.860 -->  00:05:12.117],AF,SPEAKER_25,308.86034375,312.11721875
[ 00:05:12.302 -->  00:05:14.175],AF,SPEAKER_25,312.30284375,314.17596875000004
[ 00:05:15.137 -->  00:05:16.757],AF,SPEAKER_25,315.13784375,316.75784375
[ 00:05:17.129 -->  00:05:17.753],AF,SPEAKER_25,317.12909375000004,317.75346875
[ 00:05:18.259 -->  00:05:21.955],AF,SPEAKER_25,318.25971875000005,321.95534375
[ 00:05:22.478 -->  00:05:24.959],AF,SPEAKER_25,322.47846875000005,324.95909375
[ 00:05:25.094 -->  00:05:26.174],AF,SPEAKER_25,325.09409375,326.17409375
[ 00:05:27.034 -->  00:05:31.017],AF,SPEAKER_25,327.03471875,331.01721875000004
[ 00:05:31.320 -->  00:05:32.114],AF,SPEAKER_25,331.32096875,332.11409375
[ 00:05:32.839 -->  00:05:35.472],AF,SPEAKER_25,332.83971875000003,335.47221875
[ 00:05:36.147 -->  00:05:41.918],AF,SPEAKER_25,336.14721875000004,341.91846875000005
[ 00:05:42.627 -->  00:05:43.470],AF,SPEAKER_25,342.62721875,343.47096875
[ 00:05:43.707 -->  00:05:45.647],AF,SPEAKER_25,343.70721875000004,345.64784375000005
[ 00:05:45.765 -->  00:05:46.980],AF,SPEAKER_25,345.76596875,346.98096875000005
[ 00:05:47.284 -->  00:05:49.562],AF,SPEAKER_25,347.28471875,349.56284375
[ 00:05:50.153 -->  00:05:52.347],AF,SPEAKER_25,350.15346875,352.34721875
[ 00:05:53.359 -->  00:05:58.624],AF,SPEAKER_25,353.35971875,358.62471875
[ 00:05:59.350 -->  00:06:01.645],AF,SPEAKER_25,359.35034375000004,361.64534375
[ 00:06:01.932 -->  00:06:03.653],AF,SPEAKER_25,361.93221875,363.65346875
[ 00:06:04.024 -->  00:06:06.032],AF,SPEAKER_25,364.02471875000003,366.03284375000004
[ 00:06:06.893 -->  00:06:12.074],AF,SPEAKER_25,366.89346875,372.07409375000003
[ 00:06:12.462 -->  00:06:15.870],AF,SPEAKER_25,372.46221875000003,375.87096875000003
[ 00:06:16.596 -->  00:06:17.592],AF,SPEAKER_25,376.59659375,377.59221875000003
[ 00:06:17.845 -->  00:06:20.207],AF,SPEAKER_25,377.84534375000004,380.20784375000005
[ 00:06:20.781 -->  00:06:22.300],AF,SPEAKER_25,380.78159375,382.30034375
[ 00:06:22.840 -->  00:06:25.050],AF,SPEAKER_25,382.84034375000005,385.05096875000004
[ 00:06:25.725 -->  00:06:30.450],AF,SPEAKER_25,385.72596875000005,390.45096875
[ 00:06:31.041 -->  00:06:34.382],AF,SPEAKER_25,391.04159375,394.38284375
[ 00:06:34.855 -->  00:06:37.605],AF,SPEAKER_25,394.85534375000003,397.60596875000005
[ 00:06:38.010 -->  00:06:39.141],AF,SPEAKER_25,398.01096875,399.14159375
[ 00:06:40.204 -->  00:06:40.727],AF,SPEAKER_25,400.20471875000004,400.72784375000003
[ 00:06:40.913 -->  00:06:46.735],AF,SPEAKER_25,400.91346875000005,406.73534375
[ 00:06:47.562 -->  00:06:52.017],AF,SPEAKER_25,407.56221875,412.01721875000004
[ 00:06:52.118 -->  00:06:54.835],AF,SPEAKER_25,412.11846875000003,414.83534375000005
[ 00:06:55.324 -->  00:06:57.197],AF,SPEAKER_25,415.32471875000005,417.19784375
[ 00:06:57.619 -->  00:06:59.475],AF,SPEAKER_25,417.61971875,419.47596875000005
[ 00:07:00.218 -->  00:07:03.644],AF,SPEAKER_25,420.21846875,423.64409375
[ 00:07:04.319 -->  00:07:06.428],AF,SPEAKER_25,424.31909375000004,426.42846875000004
[ 00:07:06.816 -->  00:07:12.368],AF,SPEAKER_25,426.81659375000004,432.36846875000003
[ 00:07:12.857 -->  00:07:13.229],AF,SPEAKER_25,432.85784375000003,433.22909375
[ 00:07:14.039 -->  00:07:17.970],AF,SPEAKER_25,434.03909375,437.97096875000005
[ 00:07:18.426 -->  00:07:22.695],AF,SPEAKER_25,438.42659375000005,442.69596875
[ 00:07:23.084 -->  00:07:25.092],AF,SPEAKER_25,443.08409375,445.09221875000003
[ 00:07:25.564 -->  00:07:29.091],AF,SPEAKER_25,445.56471875000005,449.09159375
[ 00:07:29.597 -->  00:07:31.386],AF,SPEAKER_25,449.59784375000004,451.38659375000003
[ 00:07:32.010 -->  00:07:33.360],AF,SPEAKER_25,452.01096875,453.36096875000004
[ 00:07:33.630 -->  00:07:37.259],AF,SPEAKER_25,453.63096875,457.25909375000003
[ 00:07:37.697 -->  00:07:39.992],AF,SPEAKER_25,457.69784375,459.99284375
[ 00:07:40.347 -->  00:07:40.870],AF,SPEAKER_25,460.34721875,460.87034375
[ 00:07:41.072 -->  00:07:43.452],AF,SPEAKER_25,461.07284375,463.45221875000004
[ 00:07:43.722 -->  00:07:44.599],AF,SPEAKER_25,463.72221875,464.59971875
[ 00:07:44.970 -->  00:07:47.974],AF,SPEAKER_25,464.97096875000005,467.97471875
[ 00:07:48.312 -->  00:07:50.539],AF,SPEAKER_25,468.31221875000006,470.53971875
[ 00:07:50.775 -->  00:07:52.902],AF,SPEAKER_25,470.77596875,472.90221875000003
[ 00:07:53.121 -->  00:07:54.319],AF,SPEAKER_25,473.12159375000005,474.31971875000005
[ 00:07:54.674 -->  00:07:55.484],AF,SPEAKER_25,474.67409375000005,475.48409375000006
[ 00:07:56.057 -->  00:07:59.550],AF,SPEAKER_25,476.05784375,479.55096875000004
[ 00:07:59.736 -->  00:08:01.879],AF,SPEAKER_25,479.73659375000005,481.87971875000005
[ 00:08:02.267 -->  00:08:03.685],AF,SPEAKER_25,482.26784375000005,483.68534375
[ 00:08:04.242 -->  00:08:06.739],AF,SPEAKER_25,484.24221875,486.73971875
[ 00:08:07.380 -->  00:08:09.608],AF,SPEAKER_25,487.38096875,489.60846875000004
[ 00:08:10.131 -->  00:08:10.992],AF,SPEAKER_25,490.13159375000004,490.99221875
[ 00:08:11.717 -->  00:08:14.620],AF,SPEAKER_25,491.71784375000004,494.62034375
[ 00:08:15.008 -->  00:08:15.514],AF,SPEAKER_25,495.00846875,495.51471875000004
[ 00:08:16.172 -->  00:08:17.742],AF,SPEAKER_25,496.17284375,497.74221875
[ 00:08:18.518 -->  00:08:22.905],AF,SPEAKER_25,498.51846875,502.90596875000006
[ 00:08:23.226 -->  00:08:24.542],AF,SPEAKER_25,503.22659375,504.54284375000003
[ 00:08:24.998 -->  00:08:26.348],AF,SPEAKER_25,504.99846875000003,506.34846875000005
[ 00:08:26.382 -->  00:08:29.892],AF,SPEAKER_25,506.38221875000005,509.89221875000004
[ 00:08:30.179 -->  00:08:31.512],AF,SPEAKER_25,510.17909375000005,511.51221875000005
[ 00:08:31.815 -->  00:08:34.313],AF,SPEAKER_25,511.81596875,514.3134687500001
[ 00:08:34.499 -->  00:08:35.528],AF,SPEAKER_25,514.4990937499999,515.52846875
[ 00:08:35.967 -->  00:08:42.075],AF,SPEAKER_25,515.96721875,522.0759687500001
[ 00:08:42.396 -->  00:08:44.320],AF,SPEAKER_25,522.39659375,524.3203437500001
[ 00:08:44.522 -->  00:08:45.788],AF,SPEAKER_25,524.52284375,525.78846875
[ 00:08:46.328 -->  00:08:46.767],AF,SPEAKER_25,526.32846875,526.76721875
[ 00:08:47.897 -->  00:08:53.685],AF,SPEAKER_25,527.89784375,533.68596875
[ 00:08:58.478 -->  00:09:00.773],AF,SPEAKER_25,538.47846875,540.7734687500001
[ 00:09:01.414 -->  00:09:06.510],AF,SPEAKER_25,541.41471875,546.5109687500001
[ 00:09:07.185 -->  00:09:07.945],AF,SPEAKER_25,547.18596875,547.9453437500001
[ 00:09:08.586 -->  00:09:12.569],AF,SPEAKER_25,548.58659375,552.5690937500001
[ 00:09:13.058 -->  00:09:13.514],AF,SPEAKER_25,553.05846875,553.51409375
[ 00:09:14.290 -->  00:09:16.534],AF,SPEAKER_25,554.2903437500001,556.5347187500001
[ 00:09:17.209 -->  00:09:20.601],AF,SPEAKER_25,557.2097187500001,560.6015937500001
[ 00:09:21.023 -->  00:09:23.115],AF,SPEAKER_25,561.0234687500001,563.1159687500001
[ 00:09:23.672 -->  00:09:26.237],AF,SPEAKER_25,563.6728437500001,566.2378437500001
[ 00:09:26.794 -->  00:09:28.634],AF,SPEAKER_25,566.7947187500001,568.6340937500001
[ 00:09:29.072 -->  00:09:29.595],AF,SPEAKER_25,569.07284375,569.5959687500001
[ 00:09:29.764 -->  00:09:33.527],AF,SPEAKER_25,569.7647187499999,573.5278437500001
[ 00:09:34.084 -->  00:09:34.540],AF,SPEAKER_25,574.0847187500001,574.5403437500001
[ 00:09:34.860 -->  00:09:36.345],AF,SPEAKER_25,574.86096875,576.3459687500001
[ 00:09:36.700 -->  00:09:40.463],AF,SPEAKER_25,576.70034375,580.46346875
[ 00:09:41.020 -->  00:09:41.560],AF,SPEAKER_25,581.0203437499999,581.5603437500001
[ 00:09:42.083 -->  00:09:43.332],AF,SPEAKER_25,582.0834687500001,583.33221875
[ 00:09:43.889 -->  00:09:45.036],AF,SPEAKER_25,583.88909375,585.0365937500001
[ 00:09:45.188 -->  00:09:45.627],AF,SPEAKER_25,585.1884687500001,585.6272187500001
[ 00:09:46.234 -->  00:09:46.909],AF,SPEAKER_25,586.23471875,586.9097187500001
[ 00:09:47.534 -->  00:09:50.554],AF,SPEAKER_25,587.53409375,590.5547187500001
[ 00:09:51.010 -->  00:09:53.119],AF,SPEAKER_25,591.01034375,593.11971875
[ 00:09:53.592 -->  00:09:54.030],AF,SPEAKER_25,593.59221875,594.03096875
[ 00:09:54.284 -->  00:09:56.258],AF,SPEAKER_25,594.28409375,596.25846875
[ 00:09:56.325 -->  00:10:01.759],AF,SPEAKER_25,596.3259687500001,601.75971875
[ 00:10:01.911 -->  00:10:06.231],AF,SPEAKER_25,601.9115937500001,606.23159375
[ 00:10:06.552 -->  00:10:07.834],AF,SPEAKER_25,606.5522187500001,607.8347187500001
[ 00:10:08.391 -->  00:10:09.201],AF,SPEAKER_25,608.3915937500001,609.20159375
[ 00:10:10.669 -->  00:10:12.357],AF,SPEAKER_25,610.6697187500001,612.3572187500001
[ 00:10:13.504 -->  00:10:15.934],AF,SPEAKER_25,613.5047187499999,615.93471875
[ 00:10:16.525 -->  00:10:20.744],AF,SPEAKER_25,616.52534375,620.74409375
[ 00:10:21.452 -->  00:10:22.802],AF,SPEAKER_25,621.45284375,622.80284375
[ 00:10:22.971 -->  00:10:25.435],AF,SPEAKER_25,622.97159375,625.4353437500001
[ 00:10:26.042 -->  00:10:28.219],V,SPEAKER_14,626.04284375,628.2197187500001
[ 00:10:27.038 -->  00:10:27.291],T,SPEAKER_11,627.03846875,627.29159375
[ 00:10:27.291 -->  00:10:27.325],AD,SPEAKER_22,627.29159375,627.32534375
[ 00:10:28.523 -->  00:10:28.557],V,SPEAKER_14,628.5234687500001,628.55721875
[ 00:10:28.557 -->  00:10:29.029],AF,SPEAKER_25,628.55721875,629.02971875
[ 00:10:29.029 -->  00:10:30.784],V,SPEAKER_14,629.02971875,630.7847187500001
[ 00:10:32.978 -->  00:10:33.383],V,SPEAKER_14,632.97846875,633.38346875
[ 00:10:33.383 -->  00:10:33.467],AK,SPEAKER_30,633.38346875,633.4678437499999
[ 00:10:33.467 -->  00:10:33.720],V,SPEAKER_14,633.4678437499999,633.7209687500001
[ 00:10:38.699 -->  00:10:39.374],V,SPEAKER_14,638.69909375,639.3740937499999
[ 00:10:39.390 -->  00:10:42.664],V,SPEAKER_14,639.39096875,642.66471875
[ 00:10:42.934 -->  00:10:43.474],V,SPEAKER_14,642.93471875,643.47471875
[ 00:10:43.542 -->  00:10:46.630],V,SPEAKER_14,643.5422187500001,646.6303437500001
[ 00:10:46.900 -->  00:10:50.376],V,SPEAKER_14,646.90034375,650.37659375
[ 00:10:50.646 -->  00:10:52.131],V,SPEAKER_14,650.64659375,652.1315937500001
[ 00:10:52.536 -->  00:10:53.127],V,SPEAKER_14,652.5365937500001,653.1272187500001
[ 00:10:53.262 -->  00:10:57.194],V,SPEAKER_14,653.2622187500001,657.1940937500001
[ 00:10:57.852 -->  00:11:06.509],V,SPEAKER_14,657.85221875,666.5090937500001
[ 00:11:06.880 -->  00:11:10.052],V,SPEAKER_14,666.8803437500001,670.05284375
[ 00:11:11.858 -->  00:11:17.444],V,SPEAKER_14,671.8584687500002,677.4440937500001
[ 00:11:17.967 -->  00:11:21.662],V,SPEAKER_14,677.96721875,681.6628437500001
[ 00:11:22.169 -->  00:11:23.654],V,SPEAKER_14,682.16909375,683.6540937500001
[ 00:11:24.447 -->  00:11:27.855],V,SPEAKER_14,684.44721875,687.8559687500001
[ 00:11:27.974 -->  00:11:30.589],V,SPEAKER_14,687.9740937500001,690.58971875
[ 00:11:31.568 -->  00:11:32.108],V,SPEAKER_14,691.56846875,692.1084687500002
[ 00:11:35.112 -->  00:11:37.238],V,SPEAKER_14,695.11221875,697.23846875
[ 00:11:37.575 -->  00:11:40.697],V,SPEAKER_14,697.5759687500001,700.69784375
[ 00:11:41.963 -->  00:11:45.304],V,SPEAKER_14,701.96346875,705.3047187500001
[ 00:11:45.675 -->  00:11:47.970],V,SPEAKER_14,705.67596875,707.9709687500001
[ 00:11:48.544 -->  00:11:53.961],V,SPEAKER_14,708.5447187500001,713.96159375
[ 00:11:55.480 -->  00:12:00.390],V,SPEAKER_14,715.48034375,720.39096875
[ 00:12:00.694 -->  00:12:02.280],V,SPEAKER_14,720.69471875,722.28096875
[ 00:12:07.799 -->  00:12:07.815],O,SPEAKER_06,727.7990937500001,727.8159687500001
[ 00:12:07.815 -->  00:12:07.832],AK,SPEAKER_30,727.8159687500001,727.8328437499999
[ 00:12:07.832 -->  00:12:08.558],O,SPEAKER_06,727.8328437499999,728.55846875
[ 00:12:08.558 -->  00:12:08.609],AK,SPEAKER_30,728.55846875,728.60909375
[ 00:12:12.895 -->  00:12:17.367],V,SPEAKER_14,732.8953437499999,737.3672187500001
[ 00:12:17.924 -->  00:12:22.328],V,SPEAKER_14,737.9240937500001,742.32846875
[ 00:12:22.665 -->  00:12:27.829],V,SPEAKER_14,742.66596875,747.82971875
[ 00:12:35.018 -->  00:12:39.490],V,SPEAKER_14,755.01846875,759.49034375
[ 00:12:39.912 -->  00:12:43.523],V,SPEAKER_14,759.91221875,763.5234687500001
[ 00:12:43.928 -->  00:12:45.852],V,SPEAKER_14,763.9284687500001,765.85221875
[ 00:12:46.223 -->  00:12:47.219],V,SPEAKER_14,766.2234687499999,767.21909375
[ 00:12:47.404 -->  00:12:49.244],V,SPEAKER_14,767.40471875,769.24409375
[ 00:12:50.054 -->  00:12:50.847],V,SPEAKER_14,770.05409375,770.8472187500001
[ 00:12:51.302 -->  00:12:54.660],V,SPEAKER_14,771.30284375,774.6609687499999
[ 00:12:55.538 -->  00:12:55.943],V,SPEAKER_14,775.53846875,775.94346875
[ 00:12:57.040 -->  00:13:00.314],V,SPEAKER_14,777.0403437500001,780.31409375
[ 00:13:00.651 -->  00:13:04.364],V,SPEAKER_14,780.6515937500001,784.3640937499999
[ 00:13:04.684 -->  00:13:06.119],V,SPEAKER_14,784.68471875,786.11909375
[ 00:13:09.915 -->  00:13:12.599],V,SPEAKER_14,789.91596875,792.5990937500001
[ 00:13:14.995 -->  00:13:16.480],V,SPEAKER_14,794.9953437500001,796.48034375
[ 00:13:19.433 -->  00:13:20.007],S,SPEAKER_10,799.43346875,800.00721875
[ 00:13:20.007 -->  00:13:20.024],V,SPEAKER_14,800.00721875,800.02409375
[ 00:13:20.766 -->  00:13:21.390],V,SPEAKER_14,800.7665937500001,801.39096875
[ 00:13:21.897 -->  00:13:24.563],V,SPEAKER_14,801.8972187500001,804.5634687500001
[ 00:13:24.749 -->  00:13:26.504],V,SPEAKER_14,804.7490937500002,806.50409375
[ 00:13:26.993 -->  00:13:28.967],V,SPEAKER_14,806.9934687500001,808.9678437500002
[ 00:13:29.625 -->  00:13:32.325],V,SPEAKER_14,809.6259687500001,812.3259687500001
[ 00:13:32.849 -->  00:13:35.819],V,SPEAKER_14,812.8490937500001,815.8190937500001
[ 00:13:36.173 -->  00:13:40.122],V,SPEAKER_14,816.17346875,820.12221875
[ 00:13:40.965 -->  00:13:41.303],V,SPEAKER_14,820.96596875,821.3034687500001
[ 00:13:41.860 -->  00:13:44.931],V,SPEAKER_14,821.8603437500001,824.93159375
[ 00:13:45.640 -->  00:13:48.222],V,SPEAKER_14,825.64034375,828.2222187500001
[ 00:13:48.610 -->  00:13:50.652],V,SPEAKER_14,828.6103437500001,830.65221875
[ 00:13:51.225 -->  00:13:53.014],V,SPEAKER_14,831.22596875,833.0147187500002
[ 00:13:53.554 -->  00:14:03.190],V,SPEAKER_14,833.5547187500001,843.19034375
[ 00:14:03.915 -->  00:14:05.400],V,SPEAKER_14,843.91596875,845.40096875
[ 00:14:06.025 -->  00:14:10.092],V,SPEAKER_14,846.02534375,850.09221875
[ 00:14:10.379 -->  00:14:16.639],V,SPEAKER_14,850.37909375,856.6397187500002
[ 00:14:17.820 -->  00:14:20.217],V,SPEAKER_14,857.82096875,860.21721875
[ 00:14:20.605 -->  00:14:22.124],V,SPEAKER_14,860.60534375,862.1240937500002
[ 00:14:22.697 -->  00:14:28.536],V,SPEAKER_14,862.69784375,868.5365937500001
[ 00:14:28.789 -->  00:14:30.494],V,SPEAKER_14,868.78971875,870.49409375
[ 00:14:31.253 -->  00:14:35.202],V,SPEAKER_14,871.2534687500001,875.2022187500002
[ 00:14:35.725 -->  00:14:37.345],V,SPEAKER_14,875.7253437500001,877.34534375
[ 00:14:37.750 -->  00:14:47.689],V,SPEAKER_14,877.75034375,887.6897187500001
[ 00:14:50.204 -->  00:14:57.089],V,SPEAKER_14,890.2040937500001,897.0890937500001
[ 00:14:57.089 -->  00:14:57.105],X,SPEAKER_16,897.0890937500001,897.1059687500001
[ 00:14:57.105 -->  00:15:06.640],V,SPEAKER_14,897.1059687500001,906.64034375
[ 00:15:06.910 -->  00:15:10.251],V,SPEAKER_14,906.91034375,910.25159375
[ 00:15:10.791 -->  00:15:14.723],V,SPEAKER_14,910.79159375,914.7234687500002
[ 00:15:15.347 -->  00:15:18.874],V,SPEAKER_14,915.34784375,918.87471875
[ 00:15:19.144 -->  00:15:22.266],V,SPEAKER_14,919.14471875,922.2665937500001
[ 00:15:22.620 -->  00:15:24.696],V,SPEAKER_14,922.62096875,924.6965937500001
[ 00:15:25.506 -->  00:15:28.476],V,SPEAKER_14,925.5065937500001,928.4765937500001
[ 00:15:28.797 -->  00:15:30.231],V,SPEAKER_14,928.79721875,930.23159375
[ 00:15:30.518 -->  00:15:32.644],V,SPEAKER_14,930.51846875,932.64471875
[ 00:15:33.235 -->  00:15:36.998],V,SPEAKER_14,933.2353437500001,936.99846875
[ 00:15:37.707 -->  00:15:41.993],V,SPEAKER_14,937.70721875,941.9934687500001
[ 00:15:42.246 -->  00:15:44.035],V,SPEAKER_14,942.2465937500001,944.03534375
[ 00:15:44.490 -->  00:15:48.929],V,SPEAKER_14,944.4909687500001,948.92909375
[ 00:15:49.418 -->  00:15:50.262],V,SPEAKER_14,949.4184687500001,950.2622187500001
[ 00:15:50.549 -->  00:15:52.439],V,SPEAKER_14,950.5490937500001,952.43909375
[ 00:15:52.725 -->  00:15:55.679],V,SPEAKER_14,952.72596875,955.67909375
[ 00:15:56.100 -->  00:15:58.665],V,SPEAKER_14,956.10096875,958.66596875
[ 00:15:59.104 -->  00:16:00.117],V,SPEAKER_14,959.1047187500001,960.1172187500001
[ 00:16:01.500 -->  00:16:05.905],V,SPEAKER_14,961.5009687500001,965.9053437500002
[ 00:16:06.445 -->  00:16:08.790],V,SPEAKER_14,966.4453437500001,968.79096875
[ 00:16:09.347 -->  00:16:12.908],V,SPEAKER_14,969.34784375,972.9084687500001
[ 00:16:13.532 -->  00:16:15.895],V,SPEAKER_14,973.53284375,975.8953437500002
[ 00:16:16.317 -->  00:16:18.679],V,SPEAKER_14,976.3172187500002,978.6797187500001
[ 00:16:19.067 -->  00:16:20.974],V,SPEAKER_14,979.0678437500001,980.97471875
[ 00:16:21.312 -->  00:16:26.999],V,SPEAKER_14,981.31221875,986.9990937500002
[ 00:16:28.821 -->  00:16:32.145],V,SPEAKER_14,988.8215937500001,992.1459687500001
[ 00:16:32.382 -->  00:16:35.976],V,SPEAKER_14,992.38221875,995.9765937500001
[ 00:16:37.174 -->  00:16:39.284],V,SPEAKER_14,997.17471875,999.28409375
[ 00:16:39.655 -->  00:16:42.962],V,SPEAKER_14,999.6553437500002,1002.96284375
[ 00:16:43.148 -->  00:16:44.262],V,SPEAKER_14,1003.1484687500001,1004.2622187500001
[ 00:16:44.667 -->  00:16:48.227],V,SPEAKER_14,1004.6672187500001,1008.2278437500001
[ 00:16:48.852 -->  00:16:51.383],V,SPEAKER_14,1008.85221875,1011.38346875
[ 00:16:52.125 -->  00:16:53.745],V,SPEAKER_14,1012.1259687500001,1013.74596875
[ 00:16:54.235 -->  00:16:59.483],V,SPEAKER_14,1014.2353437500001,1019.4834687500002
[ 00:16:59.820 -->  00:17:00.698],V,SPEAKER_14,1019.82096875,1020.6984687500001
[ 00:17:01.390 -->  00:17:02.385],V,SPEAKER_14,1021.39034375,1022.3859687500001
[ 00:17:02.588 -->  00:17:06.587],V,SPEAKER_14,1022.5884687500002,1026.58784375
[ 00:17:07.212 -->  00:17:09.439],V,SPEAKER_14,1027.2122187500001,1029.43971875
[ 00:17:10.317 -->  00:17:13.236],V,SPEAKER_14,1030.3172187500002,1033.23659375
[ 00:17:13.472 -->  00:17:17.168],V,SPEAKER_14,1033.47284375,1037.16846875
[ 00:17:17.792 -->  00:17:20.543],V,SPEAKER_14,1037.7928437500002,1040.54346875
[ 00:17:21.049 -->  00:17:25.082],V,SPEAKER_14,1041.0497187500002,1045.0828437500002
[ 00:17:25.538 -->  00:17:27.259],V,SPEAKER_14,1045.5384687500002,1047.25971875
[ 00:17:27.529 -->  00:17:28.862],V,SPEAKER_14,1047.52971875,1048.8628437500001
[ 00:17:29.132 -->  00:17:35.039],V,SPEAKER_14,1049.1328437500001,1055.0390937500001
[ 00:17:35.292 -->  00:17:39.156],V,SPEAKER_14,1055.29221875,1059.1565937500002
[ 00:17:40.489 -->  00:17:44.303],V,SPEAKER_14,1060.48971875,1064.30346875
[ 00:17:44.927 -->  00:17:49.703],V,SPEAKER_14,1064.9278437500002,1069.7034687500002
[ 00:17:50.007 -->  00:17:51.340],V,SPEAKER_14,1070.0072187500002,1071.34034375
[ 00:17:51.677 -->  00:17:53.483],V,SPEAKER_14,1071.6778437500002,1073.4834687500002
[ 00:17:53.939 -->  00:17:57.837],V,SPEAKER_14,1073.9390937500002,1077.8372187500001
[ 00:17:58.174 -->  00:18:00.267],V,SPEAKER_14,1078.1747187500002,1080.2672187500002
[ 00:18:00.435 -->  00:18:01.532],V,SPEAKER_14,1080.43596875,1081.5328437500002
[ 00:18:02.123 -->  00:18:07.354],V,SPEAKER_14,1082.12346875,1087.35471875
[ 00:18:07.945 -->  00:18:12.653],V,SPEAKER_14,1087.9453437500001,1092.6534687500002
[ 00:18:13.109 -->  00:18:15.859],V,SPEAKER_14,1093.10909375,1095.8597187500002
[ 00:18:16.500 -->  00:18:21.209],V,SPEAKER_14,1096.50096875,1101.2090937500002
[ 00:18:21.782 -->  00:18:25.647],V,SPEAKER_14,1101.7828437500002,1105.64721875
[ 00:18:26.355 -->  00:18:30.439],V,SPEAKER_14,1106.35596875,1110.43971875
[ 00:18:30.760 -->  00:18:32.346],V,SPEAKER_14,1110.7603437500002,1112.3465937500002
[ 00:18:32.667 -->  00:18:36.109],V,SPEAKER_14,1112.66721875,1116.1097187500002
[ 00:18:36.329 -->  00:18:37.341],V,SPEAKER_14,1116.32909375,1117.3415937500001
[ 00:18:38.573 -->  00:18:42.488],V,SPEAKER_14,1118.57346875,1122.48846875
[ 00:18:42.994 -->  00:18:44.817],V,SPEAKER_14,1122.9947187500002,1124.8172187500002
[ 00:18:45.492 -->  00:18:48.040],V,SPEAKER_14,1125.4922187500001,1128.0403437500001
[ 00:18:48.563 -->  00:18:49.002],V,SPEAKER_14,1128.56346875,1129.00221875
[ 00:18:49.305 -->  00:18:52.444],V,SPEAKER_14,1129.3059687500001,1132.4447187500002
[ 00:18:52.680 -->  00:18:54.402],V,SPEAKER_14,1132.6809687500001,1134.4022187500002
[ 00:18:54.908 -->  00:18:57.810],V,SPEAKER_14,1134.90846875,1137.81096875
[ 00:18:58.199 -->  00:18:59.245],V,SPEAKER_14,1138.1990937500002,1139.24534375
[ 00:18:59.650 -->  00:19:03.143],V,SPEAKER_14,1139.65034375,1143.1434687500002
[ 00:19:03.413 -->  00:19:05.016],V,SPEAKER_14,1143.4134687500002,1145.01659375
[ 00:19:08.138 -->  00:19:14.399],V,SPEAKER_14,1148.1384687500001,1154.39909375
[ 00:19:14.905 -->  00:19:18.415],V,SPEAKER_14,1154.9053437500002,1158.4153437500001
[ 00:19:18.955 -->  00:19:19.360],V,SPEAKER_14,1158.95534375,1159.36034375
[ 00:19:19.748 -->  00:19:22.870],V,SPEAKER_14,1159.74846875,1162.87034375
[ 00:19:23.190 -->  00:19:24.068],V,SPEAKER_14,1163.1909687500001,1164.0684687500002
[ 00:19:24.186 -->  00:19:27.797],V,SPEAKER_14,1164.1865937500002,1167.79784375
[ 00:19:27.915 -->  00:19:28.709],V,SPEAKER_14,1167.91596875,1168.7090937500002
[ 00:19:29.181 -->  00:19:32.033],V,SPEAKER_14,1169.18159375,1172.03346875
[ 00:19:32.421 -->  00:19:35.172],V,SPEAKER_14,1172.42159375,1175.1722187500002
[ 00:19:35.610 -->  00:19:37.112],V,SPEAKER_14,1175.6109687500002,1177.1128437500001
[ 00:19:37.568 -->  00:19:41.027],V,SPEAKER_14,1177.5684687500002,1181.02784375
[ 00:19:41.500 -->  00:19:44.639],V,SPEAKER_14,1181.5003437500002,1184.63909375
[ 00:19:45.499 -->  00:19:51.203],V,SPEAKER_14,1185.49971875,1191.2034687500002
[ 00:19:51.675 -->  00:19:52.587],V,SPEAKER_14,1191.67596875,1192.5872187500001
[ 00:19:52.772 -->  00:19:58.965],V,SPEAKER_14,1192.7728437500002,1198.9659687500002
[ 00:19:59.252 -->  00:20:01.328],V,SPEAKER_14,1199.2528437500002,1201.3284687500002
[ 00:20:01.733 -->  00:20:03.977],V,SPEAKER_14,1201.7334687500002,1203.9778437500001
[ 00:20:05.040 -->  00:20:09.310],V,SPEAKER_14,1205.04096875,1209.3103437500001
[ 00:20:09.816 -->  00:20:14.153],V,SPEAKER_14,1209.81659375,1214.1534687500002
[ 00:20:14.423 -->  00:20:15.925],V,SPEAKER_14,1214.4234687500002,1215.9253437500001
[ 00:20:16.954 -->  00:20:17.393],V,SPEAKER_14,1216.9547187500002,1217.3934687500002
[ 00:20:17.882 -->  00:20:21.949],V,SPEAKER_14,1217.8828437500001,1221.94971875
[ 00:20:22.320 -->  00:20:25.476],V,SPEAKER_14,1222.3209687500002,1225.4765937500001
[ 00:20:25.949 -->  00:20:26.792],V,SPEAKER_14,1225.9490937500002,1226.7928437500002
[ 00:20:27.552 -->  00:20:32.057],V,SPEAKER_14,1227.55221875,1232.05784375
[ 00:20:32.445 -->  00:20:34.251],V,SPEAKER_14,1232.4459687500002,1234.2515937500002
[ 00:20:34.622 -->  00:20:36.850],V,SPEAKER_14,1234.6228437500001,1236.85034375
[ 00:20:37.120 -->  00:20:39.145],V,SPEAKER_14,1237.12034375,1239.1453437500002
[ 00:20:39.921 -->  00:20:42.199],V,SPEAKER_14,1239.92159375,1242.19971875
[ 00:20:42.790 -->  00:20:47.397],V,SPEAKER_14,1242.7903437500001,1247.39721875
[ 00:20:48.021 -->  00:20:54.653],V,SPEAKER_14,1248.0215937500002,1254.6534687500002
[ 00:20:56.982 -->  00:21:05.284],V,SPEAKER_14,1256.9822187500001,1265.2847187500001
[ 00:21:05.959 -->  00:21:08.085],V,SPEAKER_14,1265.95971875,1268.0859687500001
[ 00:21:08.558 -->  00:21:14.802],V,SPEAKER_14,1268.5584687500002,1274.80221875
[ 00:21:15.612 -->  00:21:16.945],V,SPEAKER_14,1275.6122187500002,1276.9453437500001
[ 00:21:17.265 -->  00:21:18.700],V,SPEAKER_14,1277.2659687500002,1278.7003437500002
[ 00:21:19.020 -->  00:21:20.792],V,SPEAKER_14,1279.02096875,1280.7928437500002
[ 00:21:21.315 -->  00:21:26.969],V,SPEAKER_14,1281.3159687500001,1286.9690937500002
[ 00:21:27.542 -->  00:21:30.360],V,SPEAKER_14,1287.5428437500002,1290.3609687500002
[ 00:21:30.985 -->  00:21:35.457],V,SPEAKER_14,1290.98534375,1295.45721875
[ 00:21:36.368 -->  00:21:40.570],V,SPEAKER_14,1296.3684687500001,1300.5703437500001
[ 00:21:41.025 -->  00:21:46.611],V,SPEAKER_14,1301.0259687500002,1306.61159375
[ 00:21:47.185 -->  00:21:48.518],V,SPEAKER_14,1307.1853437500001,1308.5184687500002
[ 00:21:48.822 -->  00:21:50.678],V,SPEAKER_14,1308.82221875,1310.67846875
[ 00:21:51.083 -->  00:21:54.087],V,SPEAKER_14,1311.08346875,1314.0872187500001
[ 00:21:54.424 -->  00:21:56.129],V,SPEAKER_14,1314.4247187500002,1316.12909375
[ 00:21:56.466 -->  00:22:02.946],V,SPEAKER_14,1316.4665937500001,1322.9465937500001
[ 00:22:03.638 -->  00:22:08.903],V,SPEAKER_14,1323.6384687500001,1328.9034687500002
[ 00:22:09.240 -->  00:22:10.945],V,SPEAKER_14,1329.24096875,1330.9453437500001
[ 00:22:11.282 -->  00:22:13.358],V,SPEAKER_14,1331.2828437500002,1333.3584687500002
[ 00:22:14.151 -->  00:22:14.995],V,SPEAKER_14,1334.15159375,1334.99534375
[ 00:22:15.197 -->  00:22:16.767],V,SPEAKER_14,1335.1978437500002,1336.7672187500002
[ 00:22:17.189 -->  00:22:20.361],V,SPEAKER_14,1337.1890937500002,1340.36159375
[ 00:22:20.783 -->  00:22:23.618],V,SPEAKER_14,1340.78346875,1343.6184687500001
[ 00:22:24.175 -->  00:22:27.128],V,SPEAKER_14,1344.1753437500001,1347.1284687500001
[ 00:22:27.938 -->  00:22:30.435],V,SPEAKER_14,1347.93846875,1350.4359687500003
[ 00:22:30.840 -->  00:22:34.789],V,SPEAKER_14,1350.8409687500002,1354.7897187500002
[ 00:22:35.262 -->  00:22:38.974],V,SPEAKER_14,1355.26221875,1358.9747187500002
[ 00:22:39.700 -->  00:22:41.539],V,SPEAKER_14,1359.7003437500002,1361.5397187500002
[ 00:22:41.809 -->  00:22:44.475],V,SPEAKER_14,1361.8097187500002,1364.4759687500002
[ 00:22:44.830 -->  00:22:48.812],V,SPEAKER_14,1364.83034375,1368.8128437500002
[ 00:22:48.964 -->  00:22:49.656],V,SPEAKER_14,1368.9647187500002,1369.6565937500002
[ 00:22:50.264 -->  00:22:50.685],V,SPEAKER_14,1370.2640937500003,1370.6859687500003
[ 00:22:51.428 -->  00:22:55.005],V,SPEAKER_14,1371.42846875,1375.0059687500002
[ 00:22:55.326 -->  00:22:56.237],V,SPEAKER_14,1375.3265937500003,1376.2378437500001
[ 00:22:56.642 -->  00:22:59.562],V,SPEAKER_14,1376.64284375,1379.56221875
[ 00:23:00.422 -->  00:23:04.388],V,SPEAKER_14,1380.42284375,1384.3884687500001
[ 00:23:04.911 -->  00:23:12.944],V,SPEAKER_14,1384.91159375,1392.94409375
[ 00:23:14.361 -->  00:23:21.668],V,SPEAKER_14,1394.36159375,1401.66846875
[ 00:23:25.887 -->  00:23:29.498],V,SPEAKER_14,1405.88721875,1409.4984687500003
[ 00:23:29.987 -->  00:23:35.202],V,SPEAKER_14,1409.9878437500001,1415.2022187500002
[ 00:23:35.556 -->  00:23:38.661],V,SPEAKER_14,1415.55659375,1418.66159375
[ 00:23:38.864 -->  00:23:41.429],V,SPEAKER_14,1418.8640937500002,1421.4290937500002
[ 00:23:42.019 -->  00:23:45.209],V,SPEAKER_14,1422.01971875,1425.2090937500002
[ 00:23:45.276 -->  00:23:47.352],V,SPEAKER_14,1425.27659375,1427.3522187500002
[ 00:23:47.841 -->  00:23:49.529],V,SPEAKER_14,1427.8415937500001,1429.5290937500001
[ 00:23:50.220 -->  00:23:50.693],V,SPEAKER_14,1430.22096875,1430.6934687500002
[ 00:23:50.980 -->  00:23:55.182],V,SPEAKER_14,1430.9803437500002,1435.1822187500002
[ 00:23:55.334 -->  00:23:57.899],V,SPEAKER_14,1435.3340937500002,1437.8990937500002
[ 00:23:58.607 -->  00:24:04.092],V,SPEAKER_14,1438.6078437500003,1444.0922187500003
[ 00:24:04.784 -->  00:24:05.830],V,SPEAKER_14,1444.7840937500002,1445.83034375
[ 00:24:06.657 -->  00:24:09.745],V,SPEAKER_14,1446.65721875,1449.74534375
[ 00:24:10.420 -->  00:24:14.250],V,SPEAKER_14,1450.4203437500003,1454.25096875
[ 00:24:14.959 -->  00:24:19.077],V,SPEAKER_14,1454.95971875,1459.0772187500002
[ 00:24:19.465 -->  00:24:22.199],V,SPEAKER_14,1459.46534375,1462.1990937500002
[ 00:24:22.975 -->  00:24:26.333],V,SPEAKER_14,1462.97534375,1466.33346875
[ 00:24:26.535 -->  00:24:28.054],V,SPEAKER_14,1466.5359687500002,1468.0547187500001
[ 00:24:28.459 -->  00:24:35.277],V,SPEAKER_14,1468.45971875,1475.2772187500002
[ 00:24:35.682 -->  00:24:37.386],V,SPEAKER_14,1475.6822187500002,1477.3865937500002
[ 00:24:37.909 -->  00:24:44.372],V,SPEAKER_14,1477.9097187500001,1484.3728437500001
[ 00:24:44.845 -->  00:24:45.570],V,SPEAKER_14,1484.8453437500002,1485.5709687500002
[ 00:24:46.178 -->  00:24:48.186],V,SPEAKER_14,1486.17846875,1488.1865937500002
[ 00:24:48.642 -->  00:24:49.823],V,SPEAKER_14,1488.6422187500002,1489.82346875
[ 00:24:49.907 -->  00:24:51.274],V,SPEAKER_14,1489.9078437500002,1491.2747187500001
[ 00:24:51.679 -->  00:24:58.581],V,SPEAKER_14,1491.6797187500001,1498.5815937500001
[ 00:25:05.517 -->  00:25:05.753],Y,SPEAKER_17,1505.5172187500002,1505.7534687500001
[ 00:25:08.385 -->  00:25:13.870],V,SPEAKER_14,1508.38596875,1513.87034375
[ 00:25:14.275 -->  00:25:17.734],V,SPEAKER_14,1514.27534375,1517.7347187500002
[ 00:25:18.375 -->  00:25:22.830],V,SPEAKER_14,1518.37596875,1522.8309687500002
[ 00:25:23.539 -->  00:25:24.180],V,SPEAKER_14,1523.5397187500002,1524.1809687500001
[ 00:25:24.535 -->  00:25:27.404],V,SPEAKER_14,1524.5353437500003,1527.4040937500001
[ 00:25:27.758 -->  00:25:29.192],V,SPEAKER_14,1527.7584687500002,1529.19284375
[ 00:25:29.547 -->  00:25:32.247],V,SPEAKER_14,1529.5472187500002,1532.2472187500002
[ 00:25:33.259 -->  00:25:37.545],V,SPEAKER_14,1533.25971875,1537.5459687500002
[ 00:25:37.984 -->  00:25:39.722],V,SPEAKER_14,1537.9847187500002,1539.7228437500003
[ 00:25:39.874 -->  00:25:43.553],V,SPEAKER_14,1539.87471875,1543.55346875
[ 00:25:43.992 -->  00:25:44.481],V,SPEAKER_14,1543.9922187500001,1544.4815937500002
[ 00:25:44.802 -->  00:25:49.189],V,SPEAKER_14,1544.80221875,1549.18971875
[ 00:25:49.814 -->  00:25:53.222],V,SPEAKER_14,1549.8140937500002,1553.2228437500003
[ 00:25:53.324 -->  00:25:54.285],V,SPEAKER_14,1553.3240937500002,1554.2859687500002
[ 00:25:54.437 -->  00:25:57.239],V,SPEAKER_14,1554.4378437500002,1557.2390937500002
[ 00:25:57.998 -->  00:26:01.373],V,SPEAKER_14,1557.9984687500003,1561.3734687500003
[ 00:26:01.710 -->  00:26:05.963],V,SPEAKER_14,1561.7109687500001,1565.9634687500002
[ 00:26:06.520 -->  00:26:10.013],V,SPEAKER_14,1566.5203437500002,1570.0134687500001
[ 00:26:10.300 -->  00:26:21.336],V,SPEAKER_14,1570.3003437500001,1581.3365937500002
[ 00:26:22.298 -->  00:26:23.985],V,SPEAKER_14,1582.2984687500002,1583.9859687500002
[ 00:26:24.509 -->  00:26:26.247],V,SPEAKER_14,1584.5090937500001,1586.2472187500002
[ 00:26:26.719 -->  00:26:30.162],V,SPEAKER_14,1586.71971875,1590.1622187500002
[ 00:26:30.567 -->  00:26:32.474],V,SPEAKER_14,1590.5672187500002,1592.47409375
[ 00:26:32.845 -->  00:26:38.785],V,SPEAKER_14,1592.8453437500002,1598.7853437500003
[ 00:26:40.202 -->  00:26:43.223],V,SPEAKER_14,1600.20284375,1603.2234687500002
[ 00:26:44.877 -->  00:26:49.500],V,SPEAKER_14,1604.87721875,1609.50096875
[ 00:26:49.990 -->  00:26:52.082],V,SPEAKER_14,1609.9903437500002,1612.0828437500002
[ 00:26:52.740 -->  00:26:55.289],V,SPEAKER_14,1612.74096875,1615.2890937500001
[ 00:26:55.980 -->  00:26:57.600],V,SPEAKER_14,1615.98096875,1617.6009687500002
[ 00:26:58.242 -->  00:27:01.060],V,SPEAKER_14,1618.2422187500001,1621.0603437500001
[ 00:27:01.785 -->  00:27:02.612],V,SPEAKER_14,1621.7859687500002,1622.6128437500001
[ 00:27:03.034 -->  00:27:05.903],V,SPEAKER_14,1623.0347187500001,1625.9034687500002
[ 00:27:06.274 -->  00:27:07.692],V,SPEAKER_14,1626.2747187500001,1627.6922187500002
[ 00:27:08.147 -->  00:27:10.341],V,SPEAKER_14,1628.1478437500002,1630.3415937500001
[ 00:27:10.527 -->  00:27:14.138],V,SPEAKER_14,1630.5272187500002,1634.1384687500001
[ 00:27:14.492 -->  00:27:19.487],V,SPEAKER_14,1634.4928437500002,1639.4878437500001
[ 00:27:25.495 -->  00:27:25.529],X,SPEAKER_16,1645.49534375,1645.5290937500001
[ 00:27:25.529 -->  00:27:26.305],V,SPEAKER_14,1645.5290937500001,1646.3053437500002
[ 00:27:27.975 -->  00:27:30.490],V,SPEAKER_14,1647.9759687500002,1650.4903437500002
[ 00:27:31.350 -->  00:27:33.257],V,SPEAKER_14,1651.3509687500002,1653.2578437500001
[ 00:27:33.291 -->  00:27:37.982],V,SPEAKER_14,1653.2915937500002,1657.9828437500003
[ 00:27:38.961 -->  00:27:45.576],V,SPEAKER_14,1658.9615937500002,1665.5765937500003
[ 00:27:46.015 -->  00:27:49.356],V,SPEAKER_14,1666.01534375,1669.3565937500002
[ 00:27:49.592 -->  00:27:55.212],V,SPEAKER_14,1669.5928437500002,1675.2122187500001
[ 00:27:55.566 -->  00:27:58.334],V,SPEAKER_14,1675.5665937500003,1678.3340937500002
[ 00:27:58.502 -->  00:27:59.684],V,SPEAKER_14,1678.5028437500002,1679.68409375
[ 00:28:00.089 -->  00:28:00.814],V,SPEAKER_14,1680.08909375,1680.81471875
[ 00:28:01.219 -->  00:28:10.163],V,SPEAKER_14,1681.21971875,1690.1634687500002
[ 00:28:10.433 -->  00:28:13.319],V,SPEAKER_14,1690.4334687500002,1693.31909375
[ 00:28:13.572 -->  00:28:13.994],V,SPEAKER_14,1693.5722187500003,1693.9940937500003
[ 00:28:14.247 -->  00:28:16.170],V,SPEAKER_14,1694.2472187500002,1696.1709687500002
[ 00:28:16.660 -->  00:28:26.599],V,SPEAKER_14,1696.6603437500003,1706.5997187500002
[ 00:28:30.261 -->  00:28:34.277],V,SPEAKER_14,1710.2615937500002,1714.27784375
[ 00:28:34.817 -->  00:28:36.285],V,SPEAKER_14,1714.81784375,1716.2859687500002
[ 00:28:36.944 -->  00:28:38.783],V,SPEAKER_14,1716.94409375,1718.78346875
[ 00:28:39.087 -->  00:28:41.770],V,SPEAKER_14,1719.0872187500001,1721.7703437500002
[ 00:28:42.293 -->  00:28:45.685],V,SPEAKER_14,1722.29346875,1725.6853437500001
[ 00:28:46.005 -->  00:28:49.009],V,SPEAKER_14,1726.0059687500002,1729.0097187500003
[ 00:28:50.089 -->  00:28:56.519],V,SPEAKER_14,1730.0897187500002,1736.5190937500001
[ 00:28:56.839 -->  00:28:57.362],V,SPEAKER_14,1736.8397187500002,1737.3628437500001
[ 00:28:57.919 -->  00:28:59.759],V,SPEAKER_14,1737.9197187500001,1739.7590937500001
[ 00:29:00.552 -->  00:29:04.889],V,SPEAKER_14,1740.55221875,1744.8890937500003
[ 00:29:05.412 -->  00:29:06.998],V,SPEAKER_14,1745.4122187500002,1746.9984687500003
[ 00:29:07.352 -->  00:29:11.824],V,SPEAKER_14,1747.3528437500001,1751.82471875
[ 00:29:12.044 -->  00:29:15.199],V,SPEAKER_14,1752.0440937500002,1755.19971875
[ 00:29:15.908 -->  00:29:17.562],V,SPEAKER_14,1755.90846875,1757.5622187500003
[ 00:29:17.747 -->  00:29:18.760],V,SPEAKER_14,1757.7478437500001,1758.7603437500002
[ 00:29:19.148 -->  00:29:22.793],V,SPEAKER_14,1759.1484687500001,1762.79346875
[ 00:29:24.160 -->  00:29:24.936],V,SPEAKER_14,1764.1603437500003,1764.9365937500002
[ 00:29:24.970 -->  00:29:25.004],V,SPEAKER_14,1764.9703437500002,1765.0040937500003
[ 00:29:25.662 -->  00:29:26.708],V,SPEAKER_14,1765.6622187500002,1766.70846875
[ 00:29:27.822 -->  00:29:28.446],V,SPEAKER_14,1767.8222187500003,1768.4465937500001
[ 00:29:29.577 -->  00:29:30.505],V,SPEAKER_14,1769.5772187500002,1770.50534375
[ 00:29:31.028 -->  00:29:32.479],V,SPEAKER_14,1771.0284687500002,1772.47971875
[ 00:29:33.576 -->  00:29:44.005],AF,SPEAKER_25,1773.5765937500003,1784.00534375
[ 00:29:33.644 -->  00:29:33.998],V,SPEAKER_14,1773.6440937500001,1773.9984687500003
[ 00:29:38.655 -->  00:29:38.689],AD,SPEAKER_22,1778.6559687500003,1778.68971875
[ 00:29:38.689 -->  00:29:39.972],V,SPEAKER_14,1778.68971875,1779.9722187500001
[ 00:29:39.972 -->  00:29:40.140],AD,SPEAKER_22,1779.9722187500001,1780.1409687500002
[ 00:29:44.376 -->  00:29:49.202],AF,SPEAKER_25,1784.3765937500002,1789.2028437500003
[ 00:29:46.249 -->  00:29:46.300],AC,SPEAKER_21,1786.2497187500003,1786.3003437500001
[ 00:29:46.300 -->  00:29:47.076],V,SPEAKER_14,1786.3003437500001,1787.0765937500003
[ 00:29:49.388 -->  00:29:52.577],AF,SPEAKER_25,1789.3884687500001,1792.5778437500003
[ 00:29:52.679 -->  00:30:00.644],V,SPEAKER_14,1792.6790937500002,1800.6440937500001
[ 00:30:01.032 -->  00:30:04.035],V,SPEAKER_14,1801.03221875,1804.0359687500002
[ 00:30:04.862 -->  00:30:06.330],AK,SPEAKER_30,1804.8628437500001,1806.3309687500002
[ 00:30:06.330 -->  00:30:06.398],U,SPEAKER_13,1806.3309687500002,1806.3984687500001
[ 00:30:06.398 -->  00:30:10.836],V,SPEAKER_14,1806.3984687500001,1810.8365937500002
[ 00:30:06.702 -->  00:30:06.786],U,SPEAKER_13,1806.7022187500002,1806.78659375
[ 00:30:10.026 -->  00:30:10.549],U,SPEAKER_13,1810.02659375,1810.5497187500002
[ 00:30:10.836 -->  00:30:11.157],U,SPEAKER_13,1810.8365937500002,1811.15721875
[ 00:30:19.257 -->  00:30:20.084],AD,SPEAKER_22,1819.2572187500002,1820.0840937500002
[ 00:30:20.134 -->  00:30:26.732],AD,SPEAKER_22,1820.1347187500003,1826.7328437500003
[ 00:30:27.171 -->  00:30:43.371],AD,SPEAKER_22,1827.1715937500003,1843.37159375
[ 00:30:43.641 -->  00:30:45.379],AD,SPEAKER_22,1843.64159375,1845.3797187500002
[ 00:30:45.936 -->  00:30:51.370],AD,SPEAKER_22,1845.9365937500002,1851.37034375
[ 00:30:51.707 -->  00:30:58.879],AD,SPEAKER_22,1851.7078437500002,1858.8797187500002
[ 00:30:58.947 -->  00:31:00.567],AD,SPEAKER_22,1858.9472187500003,1860.5672187500002
[ 00:31:00.769 -->  00:31:04.245],AD,SPEAKER_22,1860.7697187500003,1864.2459687500002
[ 00:31:04.617 -->  00:31:07.789],AD,SPEAKER_22,1864.6172187500001,1867.7897187500002
[ 00:31:08.295 -->  00:31:09.443],AD,SPEAKER_22,1868.2959687500002,1869.4434687500002
[ 00:31:09.612 -->  00:31:14.489],AD,SPEAKER_22,1869.6122187500002,1874.4890937500002
[ 00:31:15.012 -->  00:31:19.619],AD,SPEAKER_22,1875.01221875,1879.6190937500003
[ 00:31:19.855 -->  00:31:24.681],AD,SPEAKER_22,1879.8553437500002,1884.6815937500003
[ 00:31:25.120 -->  00:31:29.136],AD,SPEAKER_22,1885.12034375,1889.1365937500002
[ 00:31:29.220 -->  00:31:32.865],AD,SPEAKER_22,1889.22096875,1892.86596875
[ 00:31:33.692 -->  00:31:34.165],AD,SPEAKER_22,1893.6928437500003,1894.1653437500001
[ 00:31:34.519 -->  00:31:38.384],AD,SPEAKER_22,1894.5197187500003,1898.3840937500001
[ 00:31:38.772 -->  00:31:42.535],AD,SPEAKER_22,1898.77221875,1902.5353437500003
[ 00:31:43.041 -->  00:31:43.379],AD,SPEAKER_22,1903.0415937500002,1903.3790937500003
[ 00:31:43.733 -->  00:31:55.275],AD,SPEAKER_22,1903.7334687500002,1915.2759687500002
[ 00:31:55.714 -->  00:31:59.849],AD,SPEAKER_22,1915.7147187500002,1919.8490937500003
[ 00:32:00.574 -->  00:32:05.839],AD,SPEAKER_22,1920.57471875,1925.8397187500002
[ 00:32:06.008 -->  00:32:09.687],AD,SPEAKER_22,1926.0084687500002,1929.6872187500003
[ 00:32:10.311 -->  00:32:11.813],AD,SPEAKER_22,1930.3115937500002,1931.81346875
[ 00:32:11.847 -->  00:32:19.255],AD,SPEAKER_22,1931.8472187500001,1939.2553437500003
[ 00:32:19.474 -->  00:32:21.499],AD,SPEAKER_22,1939.4747187500002,1941.4997187500003
[ 00:32:21.803 -->  00:32:22.343],AD,SPEAKER_22,1941.80346875,1942.3434687500003
[ 00:32:23.187 -->  00:32:26.106],AD,SPEAKER_22,1943.1872187500003,1946.1065937500002
[ 00:32:26.342 -->  00:32:30.359],AD,SPEAKER_22,1946.3428437500002,1950.3590937500003
[ 00:32:30.848 -->  00:32:32.873],AD,SPEAKER_22,1950.8484687500002,1952.8734687500003
[ 00:32:33.008 -->  00:32:36.484],AD,SPEAKER_22,1953.0084687500002,1956.4847187500002
[ 00:32:37.075 -->  00:32:38.931],AD,SPEAKER_22,1957.0753437500002,1958.9315937500003
[ 00:32:39.471 -->  00:32:39.960],AD,SPEAKER_22,1959.4715937500002,1959.9609687500001
[ 00:32:40.450 -->  00:32:50.001],AD,SPEAKER_22,1960.4503437500002,1970.0015937500002
[ 00:32:50.288 -->  00:33:02.067],AD,SPEAKER_22,1970.2884687500002,1982.0672187500002
[ 00:33:02.387 -->  00:33:12.647],AD,SPEAKER_22,1982.3878437500002,1992.6478437500002
[ 00:33:12.765 -->  00:33:14.318],AD,SPEAKER_22,1992.7659687500002,1994.3184687500002
[ 00:33:14.554 -->  00:33:16.883],AD,SPEAKER_22,1994.5547187500001,1996.8834687500002
[ 00:33:17.440 -->  00:33:22.300],AD,SPEAKER_22,1997.4403437500002,2002.3003437500001
[ 00:33:22.874 -->  00:33:29.404],AD,SPEAKER_22,2002.8740937500002,2009.4047187500003
[ 00:33:29.742 -->  00:33:32.695],AD,SPEAKER_22,2009.7422187500001,2012.6953437500001
[ 00:33:33.302 -->  00:33:49.536],AD,SPEAKER_22,2013.3028437500002,2029.5365937500003
[ 00:33:50.059 -->  00:34:08.858],AD,SPEAKER_22,2030.0597187500002,2048.8584687500006
[ 00:34:08.942 -->  00:34:10.377],AD,SPEAKER_22,2048.94284375,2050.37721875
[ 00:34:11.254 -->  00:34:25.817],AD,SPEAKER_22,2051.2547187500004,2065.81784375
[ 00:34:32.618 -->  00:34:34.289],AI,SPEAKER_28,2072.61846875,2074.2890937500006
[ 00:34:34.289 -->  00:34:34.744],AF,SPEAKER_25,2074.2890937500006,2074.74471875
[ 00:34:36.786 -->  00:34:41.174],AI,SPEAKER_28,2076.78659375,2081.17409375
[ 00:34:41.258 -->  00:34:45.173],AI,SPEAKER_28,2081.2584687500002,2085.17346875
[ 00:34:45.764 -->  00:34:47.451],AI,SPEAKER_28,2085.76409375,2087.45159375
[ 00:34:48.160 -->  00:34:52.075],AI,SPEAKER_28,2088.16034375,2092.07534375
[ 00:34:52.615 -->  00:34:56.074],AI,SPEAKER_28,2092.6153437500006,2096.07471875
[ 00:34:56.564 -->  00:35:01.407],AI,SPEAKER_28,2096.56409375,2101.4072187500005
[ 00:35:02.436 -->  00:35:07.735],AI,SPEAKER_28,2102.4365937500006,2107.7353437500005
[ 00:35:08.849 -->  00:35:10.199],AI,SPEAKER_28,2108.84909375,2110.1990937500004
[ 00:35:10.857 -->  00:35:12.173],AI,SPEAKER_28,2110.8572187500004,2112.17346875
[ 00:35:12.966 -->  00:35:14.198],AI,SPEAKER_28,2112.9665937500004,2114.19846875
[ 00:35:14.620 -->  00:35:18.147],AI,SPEAKER_28,2114.62034375,2118.1472187500003
[ 00:35:18.619 -->  00:35:21.623],AI,SPEAKER_28,2118.61971875,2121.62346875
[ 00:35:22.045 -->  00:35:24.542],AI,SPEAKER_28,2122.04534375,2124.5428437500004
[ 00:35:25.065 -->  00:35:31.022],AI,SPEAKER_28,2125.06596875,2131.02284375
[ 00:35:31.343 -->  00:35:33.115],AI,SPEAKER_28,2131.3434687500003,2133.1153437500006
[ 00:35:33.520 -->  00:35:34.769],AI,SPEAKER_28,2133.5203437500004,2134.76909375
[ 00:35:35.309 -->  00:35:38.363],AI,SPEAKER_28,2135.30909375,2138.36346875
[ 00:35:39.190 -->  00:35:42.784],AI,SPEAKER_28,2139.1903437500005,2142.78471875
[ 00:35:43.155 -->  00:35:45.704],AI,SPEAKER_28,2143.1559687500003,2145.7040937500005
[ 00:35:46.733 -->  00:35:47.138],AI,SPEAKER_28,2146.7334687500006,2147.1384687500004
[ 00:35:47.779 -->  00:35:49.112],AI,SPEAKER_28,2147.77971875,2149.11284375
[ 00:35:49.770 -->  00:35:51.458],AI,SPEAKER_28,2149.77096875,2151.45846875
[ 00:35:52.184 -->  00:35:53.095],AI,SPEAKER_28,2152.18409375,2153.09534375
[ 00:35:53.415 -->  00:35:55.086],AI,SPEAKER_28,2153.4159687500005,2155.0865937500002
[ 00:35:55.626 -->  00:35:56.267],AI,SPEAKER_28,2155.62659375,2156.26784375
[ 00:35:58.967 -->  00:35:59.035],X,SPEAKER_16,2158.9678437500006,2159.03534375
[ 00:35:59.980 -->  00:35:59.997],X,SPEAKER_16,2159.9803437500004,2159.99721875
[ 00:36:00.267 -->  00:36:00.284],X,SPEAKER_16,2160.26721875,2160.2840937500005
[ 00:36:01.887 -->  00:36:04.789],AI,SPEAKER_28,2161.88721875,2164.7897187500002
[ 00:36:05.127 -->  00:36:09.312],AI,SPEAKER_28,2165.12721875,2169.3122187500003
[ 00:36:09.717 -->  00:36:11.573],AI,SPEAKER_28,2169.71721875,2171.57346875
[ 00:36:11.961 -->  00:36:15.083],AI,SPEAKER_28,2171.9615937500002,2175.08346875
[ 00:36:15.927 -->  00:36:19.099],AI,SPEAKER_28,2175.92721875,2179.0997187500006
[ 00:36:20.129 -->  00:36:20.955],AI,SPEAKER_28,2180.12909375,2180.9559687500005
[ 00:36:21.175 -->  00:36:22.255],AI,SPEAKER_28,2181.17534375,2182.25534375
[ 00:36:22.626 -->  00:36:26.727],AI,SPEAKER_28,2182.62659375,2186.7272187500002
[ 00:36:27.385 -->  00:36:29.849],AI,SPEAKER_28,2187.38534375,2189.84909375
[ 00:36:30.321 -->  00:36:32.397],AI,SPEAKER_28,2190.32159375,2192.3972187500003
[ 00:36:32.886 -->  00:36:36.683],AI,SPEAKER_28,2192.8865937500004,2196.6834687500004
[ 00:36:37.088 -->  00:36:37.982],AI,SPEAKER_28,2197.08846875,2197.98284375
[ 00:36:38.438 -->  00:36:40.193],AI,SPEAKER_28,2198.4384687500005,2200.1934687500006
[ 00:36:41.526 -->  00:36:45.779],AI,SPEAKER_28,2201.52659375,2205.7790937500004
[ 00:36:46.015 -->  00:36:48.259],AI,SPEAKER_28,2206.0153437500003,2208.2597187500005
[ 00:36:49.440 -->  00:36:50.757],AI,SPEAKER_28,2209.44096875,2210.75721875
[ 00:36:50.959 -->  00:36:51.870],AI,SPEAKER_28,2210.9597187500003,2211.8709687500004
[ 00:36:52.782 -->  00:36:56.427],AI,SPEAKER_28,2212.7822187500005,2216.42721875
[ 00:36:57.625 -->  00:36:59.667],AI,SPEAKER_28,2217.62534375,2219.66721875
[ 00:37:00.578 -->  00:37:03.143],AI,SPEAKER_28,2220.57846875,2223.1434687500005
[ 00:37:03.835 -->  00:37:05.539],AI,SPEAKER_28,2223.83534375,2225.5397187500002
[ 00:37:05.826 -->  00:37:08.340],AI,SPEAKER_28,2225.82659375,2228.34096875
[ 00:37:08.678 -->  00:37:10.568],AI,SPEAKER_28,2228.6784687500003,2230.5684687500006
[ 00:37:10.990 -->  00:37:12.390],AI,SPEAKER_28,2230.9903437500006,2232.39096875
[ 00:37:12.492 -->  00:37:13.251],AI,SPEAKER_28,2232.4922187500006,2233.25159375
[ 00:37:14.382 -->  00:37:18.567],AI,SPEAKER_28,2234.38221875,2238.5672187500004
[ 00:37:18.904 -->  00:37:20.744],AI,SPEAKER_28,2238.90471875,2240.7440937500005
[ 00:37:21.165 -->  00:37:22.262],AI,SPEAKER_28,2241.1659687500005,2242.26284375
[ 00:37:23.039 -->  00:37:25.519],AI,SPEAKER_28,2243.0390937500006,2245.51971875
[ 00:37:25.755 -->  00:37:26.717],AI,SPEAKER_28,2245.7559687500006,2246.7178437500006
[ 00:37:27.291 -->  00:37:31.577],AI,SPEAKER_28,2247.29159375,2251.5778437500003
[ 00:37:32.640 -->  00:37:36.285],AI,SPEAKER_28,2252.64096875,2256.2859687500004
[ 00:37:37.129 -->  00:37:40.319],X,SPEAKER_16,2257.1297187500004,2260.3190937500003
[ 00:37:40.572 -->  00:37:40.639],X,SPEAKER_16,2260.5722187500005,2260.6397187500006
[ 00:37:40.690 -->  00:37:40.724],X,SPEAKER_16,2260.6903437500005,2260.72409375
[ 00:37:40.859 -->  00:37:42.563],X,SPEAKER_16,2260.8590937500003,2262.5634687500005
[ 00:37:42.968 -->  00:37:43.035],X,SPEAKER_16,2262.9684687500003,2263.0359687500004
[ 00:37:43.508 -->  00:37:45.837],AJ,SPEAKER_29,2263.5084687500002,2265.83721875
[ 00:37:45.989 -->  00:37:46.832],AJ,SPEAKER_29,2265.9890937500004,2266.8328437500004
[ 00:37:47.204 -->  00:37:50.039],AJ,SPEAKER_29,2267.2040937500005,2270.0390937500006
[ 00:37:50.342 -->  00:37:51.777],AJ,SPEAKER_29,2270.3428437500006,2271.7772187500004
[ 00:37:53.059 -->  00:37:54.224],AJ,SPEAKER_29,2273.05971875,2274.22409375
[ 00:37:55.523 -->  00:38:01.750],AJ,SPEAKER_29,2275.5234687500006,2281.75034375
[ 00:38:02.526 -->  00:38:07.589],AJ,SPEAKER_29,2282.52659375,2287.58909375
[ 00:38:09.023 -->  00:38:11.284],AJ,SPEAKER_29,2289.0234687500006,2291.28471875
[ 00:38:12.381 -->  00:38:14.760],AJ,SPEAKER_29,2292.3815937500003,2294.76096875
[ 00:38:15.790 -->  00:38:19.654],AJ,SPEAKER_29,2295.79034375,2299.65471875
[ 00:38:20.245 -->  00:38:25.341],AJ,SPEAKER_29,2300.24534375,2305.3415937500004
[ 00:38:27.197 -->  00:38:39.955],AJ,SPEAKER_29,2307.19784375,2319.95534375
[ 00:38:41.170 -->  00:38:42.638],AJ,SPEAKER_29,2321.17034375,2322.6384687500004
[ 00:38:43.161 -->  00:38:45.220],AJ,SPEAKER_29,2323.16159375,2325.22034375
[ 00:38:46.064 -->  00:38:46.654],AJ,SPEAKER_29,2326.06409375,2326.65471875
[ 00:38:48.055 -->  00:38:49.371],AJ,SPEAKER_29,2328.0553437500002,2329.37159375
[ 00:38:49.574 -->  00:38:51.514],AJ,SPEAKER_29,2329.5740937500004,2331.5147187500006
[ 00:38:52.054 -->  00:38:52.965],AJ,SPEAKER_29,2332.0547187500006,2332.96596875
[ 00:38:53.337 -->  00:38:54.552],AJ,SPEAKER_29,2333.33721875,2334.55221875
[ 00:38:54.889 -->  00:38:56.864],AJ,SPEAKER_29,2334.8897187500006,2336.8640937500004
[ 00:38:57.825 -->  00:39:01.217],AJ,SPEAKER_29,2337.8259687500004,2341.2178437500006
[ 00:39:01.454 -->  00:39:04.154],AJ,SPEAKER_29,2341.4540937500005,2344.1540937500004
[ 00:39:04.542 -->  00:39:08.153],AJ,SPEAKER_29,2344.54221875,2348.15346875
[ 00:39:09.165 -->  00:39:09.959],AJ,SPEAKER_29,2349.1659687500005,2349.9590937500006
[ 00:39:10.515 -->  00:39:13.080],AJ,SPEAKER_29,2350.51596875,2353.0809687500005
[ 00:39:13.502 -->  00:39:17.333],AJ,SPEAKER_29,2353.5028437500005,2357.33346875
[ 00:39:17.586 -->  00:39:20.084],AJ,SPEAKER_29,2357.5865937500002,2360.0840937500006
[ 00:39:20.877 -->  00:39:21.822],AJ,SPEAKER_29,2360.87721875,2361.8222187500005
[ 00:39:22.665 -->  00:39:27.576],AJ,SPEAKER_29,2362.6659687500005,2367.57659375
[ 00:39:28.099 -->  00:39:29.247],AJ,SPEAKER_29,2368.0997187500006,2369.24721875
[ 00:39:29.466 -->  00:39:36.756],AJ,SPEAKER_29,2369.4665937500004,2376.7565937500003
[ 00:39:45.059 -->  00:39:45.075],AH,SPEAKER_27,2385.05909375,2385.0759687500004
[ 00:39:45.075 -->  00:39:45.497],AJ,SPEAKER_29,2385.0759687500004,2385.4978437500004
[ 00:39:48.974 -->  00:39:49.024],X,SPEAKER_16,2388.97409375,2389.02471875
[ 00:39:50.745 -->  00:39:58.407],AJ,SPEAKER_29,2390.7459687500004,2398.4072187500005
[ 00:39:58.795 -->  00:39:59.672],AJ,SPEAKER_29,2398.79534375,2399.6728437500005
[ 00:39:59.959 -->  00:40:00.854],AJ,SPEAKER_29,2399.9597187500003,2400.85409375
[ 00:40:01.360 -->  00:40:02.980],AJ,SPEAKER_29,2401.3603437500005,2402.9803437500004
[ 00:40:03.469 -->  00:40:06.591],AJ,SPEAKER_29,2403.4697187500005,2406.5915937500004
[ 00:40:06.945 -->  00:40:08.684],AJ,SPEAKER_29,2406.9459687500002,2408.68409375
[ 00:40:09.055 -->  00:40:13.459],AJ,SPEAKER_29,2409.0553437500002,2413.4597187500003
[ 00:40:14.050 -->  00:40:17.205],AJ,SPEAKER_29,2414.05034375,2417.2059687500005
[ 00:40:18.083 -->  00:40:20.007],AJ,SPEAKER_29,2418.08346875,2420.00721875
[ 00:40:20.277 -->  00:40:21.812],AJ,SPEAKER_29,2420.2772187500004,2421.81284375
[ 00:40:22.437 -->  00:40:22.892],AJ,SPEAKER_29,2422.4372187500003,2422.89284375
[ 00:40:23.365 -->  00:40:24.344],AJ,SPEAKER_29,2423.3653437500006,2424.34409375
[ 00:40:24.563 -->  00:40:27.027],AJ,SPEAKER_29,2424.5634687500005,2427.0272187500004
[ 00:40:27.415 -->  00:40:30.233],AJ,SPEAKER_29,2427.41534375,2430.2334687500006
[ 00:40:30.604 -->  00:40:33.405],AJ,SPEAKER_29,2430.60471875,2433.4059687500003
[ 00:40:33.844 -->  00:40:34.789],AJ,SPEAKER_29,2433.8447187500005,2434.7897187500002
[ 00:40:35.886 -->  00:40:37.236],AJ,SPEAKER_29,2435.8865937500004,2437.23659375
[ 00:40:37.590 -->  00:40:39.464],AJ,SPEAKER_29,2437.59096875,2439.46409375
[ 00:40:39.734 -->  00:40:42.079],AJ,SPEAKER_29,2439.7340937500003,2442.07971875
[ 00:40:42.872 -->  00:40:44.256],AJ,SPEAKER_29,2442.8728437500004,2444.2565937500003
[ 00:40:44.847 -->  00:40:46.416],AJ,SPEAKER_29,2444.84721875,2446.41659375
[ 00:40:46.939 -->  00:40:48.205],AJ,SPEAKER_29,2446.93971875,2448.20534375
[ 00:40:48.930 -->  00:40:54.617],AJ,SPEAKER_29,2448.93096875,2454.6178437500002
[ 00:40:55.005 -->  00:40:57.385],AJ,SPEAKER_29,2455.0059687500006,2457.38534375
[ 00:40:57.942 -->  00:40:59.747],AJ,SPEAKER_29,2457.9422187500004,2459.7478437500004
[ 00:41:00.068 -->  00:41:01.536],AJ,SPEAKER_29,2460.0684687500006,2461.53659375
[ 00:41:03.696 -->  00:41:07.577],AJ,SPEAKER_29,2463.69659375,2467.5778437500003
[ 00:41:08.151 -->  00:41:11.104],AJ,SPEAKER_29,2468.15159375,2471.10471875
[ 00:41:13.669 -->  00:41:15.745],AJ,SPEAKER_29,2473.6697187500004,2475.74534375
[ 00:41:16.892 -->  00:41:20.453],AJ,SPEAKER_29,2476.89284375,2480.45346875
[ 00:41:21.567 -->  00:41:24.014],AJ,SPEAKER_29,2481.5672187500004,2484.01409375
[ 00:41:24.807 -->  00:41:31.034],AJ,SPEAKER_29,2484.80721875,2491.0340937500005
[ 00:41:32.502 -->  00:41:38.661],AJ,SPEAKER_29,2492.50221875,2498.66159375
[ 00:41:40.889 -->  00:41:43.217],AJ,SPEAKER_29,2500.88909375,2503.2178437500006
[ 00:41:43.875 -->  00:41:46.103],AJ,SPEAKER_29,2503.8759687500005,2506.1034687500005
[ 00:41:46.491 -->  00:41:47.858],AJ,SPEAKER_29,2506.49159375,2507.8584687500006
[ 00:41:48.347 -->  00:41:51.014],AJ,SPEAKER_29,2508.34784375,2511.01409375
[ 00:41:51.874 -->  00:41:54.152],AJ,SPEAKER_29,2511.8747187500003,2514.15284375
[ 00:41:55.047 -->  00:41:56.312],AJ,SPEAKER_29,2515.04721875,2516.31284375
[ 00:41:57.089 -->  00:41:57.780],AJ,SPEAKER_29,2517.08909375,2517.7809687500003
[ 00:41:58.928 -->  00:42:03.737],AJ,SPEAKER_29,2518.9284687500003,2523.73784375
[ 00:42:04.649 -->  00:42:07.230],AJ,SPEAKER_29,2524.6490937500002,2527.23096875
[ 00:42:07.619 -->  00:42:10.200],AJ,SPEAKER_29,2527.6190937500005,2530.2009687500004
[ 00:42:10.437 -->  00:42:12.681],AJ,SPEAKER_29,2530.4372187500003,2532.6815937500005
[ 00:42:13.542 -->  00:42:16.545],AJ,SPEAKER_29,2533.54221875,2536.5459687500006
[ 00:42:16.731 -->  00:42:18.334],AJ,SPEAKER_29,2536.73159375,2538.3347187500003
[ 00:42:18.824 -->  00:42:19.617],AJ,SPEAKER_29,2538.8240937500004,2539.6172187500006
[ 00:42:20.933 -->  00:42:22.806],AJ,SPEAKER_29,2540.9334687500004,2542.8065937500005
[ 00:42:23.667 -->  00:42:24.257],AJ,SPEAKER_29,2543.66721875,2544.2578437500006
[ 00:42:24.359 -->  00:42:27.092],AJ,SPEAKER_29,2544.3590937500003,2547.0928437500006
[ 00:42:27.278 -->  00:42:28.392],AJ,SPEAKER_29,2547.27846875,2548.39221875
[ 00:42:28.628 -->  00:42:30.349],AJ,SPEAKER_29,2548.62846875,2550.3497187500006
[ 00:42:30.518 -->  00:42:32.543],AJ,SPEAKER_29,2550.5184687500005,2552.54346875
[ 00:42:32.965 -->  00:42:34.382],AJ,SPEAKER_29,2552.96534375,2554.3828437500006
[ 00:42:34.855 -->  00:42:35.749],AJ,SPEAKER_29,2554.8553437500004,2555.7497187500003
[ 00:42:36.610 -->  00:42:37.386],AJ,SPEAKER_29,2556.6103437500005,2557.3865937500004
[ 00:42:37.555 -->  00:42:39.647],AJ,SPEAKER_29,2557.5553437500002,2559.64784375
[ 00:42:40.069 -->  00:42:42.955],AJ,SPEAKER_29,2560.06971875,2562.95534375
[ 00:42:43.529 -->  00:42:46.870],AJ,SPEAKER_29,2563.5290937500004,2566.87034375
[ 00:42:47.494 -->  00:42:50.211],AJ,SPEAKER_29,2567.49471875,2570.2115937500002
[ 00:43:00.758 -->  00:43:07.812],AJ,SPEAKER_29,2580.7584687500002,2587.8122187500003
[ 00:43:13.347 -->  00:43:13.414],Y,SPEAKER_17,2593.34721875,2593.4147187500002
[ 00:43:13.414 -->  00:43:15.524],AF,SPEAKER_25,2593.4147187500002,2595.5240937500002
[ 00:43:13.448 -->  00:43:13.769],Y,SPEAKER_17,2593.44846875,2593.76909375
[ 00:43:15.473 -->  00:43:15.507],Y,SPEAKER_17,2595.4734687500004,2595.50721875
[ 00:43:15.524 -->  00:43:19.034],Y,SPEAKER_17,2595.5240937500002,2599.0340937500005
[ 00:43:23.421 -->  00:43:23.860],X,SPEAKER_16,2603.4215937500003,2603.8603437500005
[ 00:43:25.277 -->  00:43:33.107],Y,SPEAKER_17,2605.27784375,2613.10784375
[ 00:43:33.327 -->  00:43:41.747],Y,SPEAKER_17,2613.3272187500006,2621.7478437500004
[ 00:43:34.052 -->  00:43:34.710],X,SPEAKER_16,2614.0528437500006,2614.7109687500006
[ 00:43:34.930 -->  00:43:37.326],AF,SPEAKER_25,2614.9303437500002,2617.32659375
[ 00:43:43.013 -->  00:43:43.030],Y,SPEAKER_17,2623.0134687500004,2623.0303437500006
[ 00:43:43.131 -->  00:43:43.975],Y,SPEAKER_17,2623.1315937500003,2623.9753437500003
[ 00:43:43.975 -->  00:43:44.920],X,SPEAKER_16,2623.9753437500003,2624.92034375
[ 00:43:44.920 -->  00:43:45.038],Y,SPEAKER_17,2624.92034375,2625.03846875
[ 00:43:45.797 -->  00:43:46.962],Y,SPEAKER_17,2625.7978437500005,2626.96221875
[ 00:43:59.432 -->  00:44:02.234],Y,SPEAKER_17,2639.43284375,2642.2340937500003
[ 00:44:02.250 -->  00:44:02.267],Y,SPEAKER_17,2642.2509687500005,2642.26784375
[ 00:44:02.267 -->  00:44:03.938],AF,SPEAKER_25,2642.26784375,2643.9384687500005
[ 00:44:04.529 -->  00:44:06.469],AF,SPEAKER_25,2644.5290937500004,2646.4697187500005
[ 00:44:04.647 -->  00:44:05.288],Y,SPEAKER_17,2644.6472187500003,2645.28846875
[ 00:44:06.469 -->  00:44:06.705],Y,SPEAKER_17,2646.4697187500005,2646.7059687500005
[ 00:44:22.247 -->  00:44:25.487],AF,SPEAKER_25,2662.2478437500004,2665.48784375
[ 00:44:25.791 -->  00:44:26.483],AC,SPEAKER_21,2665.79159375,2666.4834687500006
[ 00:44:38.970 -->  00:44:39.038],W,SPEAKER_15,2678.97096875,2679.03846875
[ 00:44:44.978 -->  00:44:45.029],Y,SPEAKER_17,2684.9784687500005,2685.0290937500004
[ 00:44:51.964 -->  00:44:52.032],Y,SPEAKER_17,2691.9647187500004,2692.0322187500005
[ 00:44:52.116 -->  00:44:53.027],Y,SPEAKER_17,2692.11659375,2693.02784375
[ 00:44:55.559 -->  00:44:56.031],Y,SPEAKER_17,2695.55909375,2696.03159375
[ 00:44:56.149 -->  00:44:56.335],Y,SPEAKER_17,2696.14971875,2696.33534375
[ 00:44:56.976 -->  00:44:57.027],Y,SPEAKER_17,2696.9765937500006,2697.0272187500004
[ 00:44:57.077 -->  00:44:57.499],Y,SPEAKER_17,2697.0778437500003,2697.4997187500003
[ 00:44:59.929 -->  00:45:00.469],Y,SPEAKER_17,2699.9297187500006,2700.4697187500005
[ 00:45:00.925 -->  00:45:00.959],X,SPEAKER_16,2700.92534375,2700.9590937500006
[ 00:45:00.959 -->  00:45:01.043],AK,SPEAKER_30,2700.9590937500006,2701.04346875
[ 00:45:01.026 -->  00:45:01.397],X,SPEAKER_16,2701.02659375,2701.39784375
[ 00:45:01.060 -->  00:45:01.735],AK,SPEAKER_30,2701.0603437500004,2701.7353437500005
[ 00:45:01.735 -->  00:45:03.422],Y,SPEAKER_17,2701.7353437500005,2703.4228437500005
[ 00:45:01.853 -->  00:45:01.870],AK,SPEAKER_30,2701.8534687500005,2701.87034375
[ 00:45:02.224 -->  00:45:02.241],X,SPEAKER_16,2702.2247187500006,2702.24159375
[ 00:45:02.275 -->  00:45:02.967],X,SPEAKER_16,2702.2753437500005,2702.96721875
[ 00:45:03.422 -->  00:45:04.232],X,SPEAKER_16,2703.4228437500005,2704.23284375
[ 00:45:04.384 -->  00:45:06.038],X,SPEAKER_16,2704.3847187500005,2706.03846875
[ 00:45:04.705 -->  00:45:04.755],Y,SPEAKER_17,2704.70534375,2704.7559687500006
[ 00:45:04.755 -->  00:45:05.144],AF,SPEAKER_25,2704.7559687500006,2705.14409375
[ 00:45:06.038 -->  00:45:08.249],Y,SPEAKER_17,2706.03846875,2708.2490937500006
[ 00:45:06.510 -->  00:45:07.540],X,SPEAKER_16,2706.51096875,2707.54034375
[ 00:45:08.249 -->  00:45:08.417],X,SPEAKER_16,2708.2490937500006,2708.4178437500004
[ 00:45:08.417 -->  00:45:11.084],AF,SPEAKER_25,2708.4178437500004,2711.0840937500006
[ 00:45:08.434 -->  00:45:08.586],X,SPEAKER_16,2708.4347187500007,2708.5865937500002
[ 00:45:16.281 -->  00:45:18.036],AF,SPEAKER_25,2716.28159375,2718.03659375
[ 00:45:18.795 -->  00:45:18.812],Y,SPEAKER_17,2718.7959687500006,2718.81284375
[ 00:45:18.812 -->  00:45:19.740],X,SPEAKER_16,2718.81284375,2719.7409687500003
[ 00:45:19.740 -->  00:45:22.491],AF,SPEAKER_25,2719.7409687500003,2722.49159375
[ 00:45:19.757 -->  00:45:20.483],X,SPEAKER_16,2719.7578437500006,2720.4834687500006
[ 00:45:22.525 -->  00:45:22.592],AF,SPEAKER_25,2722.5253437500005,2722.5928437500006
[ 00:45:22.592 -->  00:45:23.976],Y,SPEAKER_17,2722.5928437500006,2723.9765937500006
[ 00:45:23.976 -->  00:45:25.545],AF,SPEAKER_25,2723.9765937500006,2725.5459687500006
[ 00:45:24.010 -->  00:45:24.044],Y,SPEAKER_17,2724.01034375,2724.0440937500007
[ 00:45:25.799 -->  00:45:25.832],Y,SPEAKER_17,2725.79909375,2725.8328437500004
[ 00:45:25.832 -->  00:45:26.035],AQ,SPEAKER_37,2725.8328437500004,2726.03534375
[ 00:45:26.035 -->  00:45:26.794],Y,SPEAKER_17,2726.03534375,2726.7947187500004
[ 00:45:27.149 -->  00:45:30.220],AF,SPEAKER_25,2727.1490937500002,2730.22034375
[ 00:45:28.094 -->  00:45:28.904],Y,SPEAKER_17,2728.09409375,2728.9040937500004
[ 00:45:32.515 -->  00:45:32.802],Y,SPEAKER_17,2732.5153437500003,2732.80221875
[ 00:45:32.970 -->  00:45:33.038],Y,SPEAKER_17,2732.97096875,2733.03846875
[ 00:45:33.055 -->  00:45:34.692],Y,SPEAKER_17,2733.0553437500002,2734.6922187500004
[ 00:45:34.962 -->  00:45:35.029],Y,SPEAKER_17,2734.96221875,2735.02971875
[ 00:45:35.620 -->  00:45:35.755],Y,SPEAKER_17,2735.62034375,2735.75534375
[ 00:45:37.763 -->  00:45:38.944],AQ,SPEAKER_37,2737.7634687500004,2738.94471875
[ 00:45:38.944 -->  00:45:44.024],Y,SPEAKER_17,2738.94471875,2744.0240937500002
[ 00:45:45.323 -->  00:45:48.681],AF,SPEAKER_25,2745.32346875,2748.6815937500005
[ 00:45:55.971 -->  00:46:03.025],Y,SPEAKER_17,2755.9715937500005,2763.0253437500005
[ 00:46:14.972 -->  00:46:15.023],Y,SPEAKER_17,2774.97284375,2775.0234687500006
[ 00:46:20.946 -->  00:46:23.730],AF,SPEAKER_25,2780.94659375,2783.73096875
[ 00:46:23.730 -->  00:46:23.764],AC,SPEAKER_21,2783.73096875,2783.7647187500006
[ 00:46:25.907 -->  00:46:27.072],AF,SPEAKER_25,2785.90784375,2787.0722187500005
[ 00:46:28.185 -->  00:46:29.620],AF,SPEAKER_25,2788.18596875,2789.62034375
[ 00:46:30.666 -->  00:46:33.872],AF,SPEAKER_25,2790.66659375,2793.8728437500004
[ 00:46:34.463 -->  00:46:34.935],AF,SPEAKER_25,2794.46346875,2794.93596875
[ 00:46:35.526 -->  00:46:37.669],AF,SPEAKER_25,2795.52659375,2797.6697187500004
[ 00:46:38.175 -->  00:46:43.103],AF,SPEAKER_25,2798.17596875,2803.1034687500005
[ 00:46:43.575 -->  00:46:47.710],AF,SPEAKER_25,2803.5759687500004,2807.71034375
[ 00:46:48.132 -->  00:46:51.034],AF,SPEAKER_25,2808.13221875,2811.03471875
[ 00:46:51.422 -->  00:46:51.996],AF,SPEAKER_25,2811.4228437500005,2811.99659375
[ 00:46:52.452 -->  00:46:53.363],AF,SPEAKER_25,2812.4522187500006,2813.36346875
[ 00:46:53.970 -->  00:46:56.417],AF,SPEAKER_25,2813.97096875,2816.4178437500004
[ 00:46:56.637 -->  00:46:59.657],AF,SPEAKER_25,2816.63721875,2819.65784375
[ 00:46:59.961 -->  00:47:00.788],AF,SPEAKER_25,2819.9615937500002,2820.78846875
[ 00:47:00.990 -->  00:47:02.661],AF,SPEAKER_25,2820.9909687500003,2822.66159375
[ 00:47:02.847 -->  00:47:04.669],AF,SPEAKER_25,2822.84721875,2824.6697187500004
[ 00:47:04.804 -->  00:47:05.479],AF,SPEAKER_25,2824.8047187500006,2825.47971875
[ 00:47:05.834 -->  00:47:09.445],AF,SPEAKER_25,2825.8340937500006,2829.4453437500006
[ 00:47:10.424 -->  00:47:14.136],AF,SPEAKER_25,2830.42409375,2834.1365937500004
[ 00:47:15.857 -->  00:47:17.039],AF,SPEAKER_25,2835.85784375,2837.0390937500006
[ 00:47:17.562 -->  00:47:19.300],AF,SPEAKER_25,2837.5622187500003,2839.30034375
[ 00:47:22.169 -->  00:47:22.304],AF,SPEAKER_25,2842.1690937500007,2842.30409375
[ 00:47:22.574 -->  00:47:22.658],Z,SPEAKER_18,2842.5740937500004,2842.65846875
[ 00:47:22.658 -->  00:47:22.928],AC,SPEAKER_21,2842.65846875,2842.9284687500003
[ 00:47:22.928 -->  00:47:22.962],Z,SPEAKER_18,2842.9284687500003,2842.96221875
[ 00:47:22.962 -->  00:47:23.114],AC,SPEAKER_21,2842.96221875,2843.1140937500004
[ 00:47:23.114 -->  00:47:23.468],Z,SPEAKER_18,2843.1140937500004,2843.4684687500003
[ 00:47:23.468 -->  00:47:23.485],AC,SPEAKER_21,2843.4684687500003,2843.4853437500005
[ 00:47:23.485 -->  00:47:23.502],Z,SPEAKER_18,2843.4853437500005,2843.50221875
[ 00:47:23.940 -->  00:47:34.015],Z,SPEAKER_18,2843.94096875,2854.0153437500003
[ 00:47:34.454 -->  00:47:49.725],Z,SPEAKER_18,2854.4540937500005,2869.72596875
[ 00:47:50.012 -->  00:47:51.160],V,SPEAKER_14,2870.0128437500007,2871.16034375
[ 00:47:51.362 -->  00:47:53.235],V,SPEAKER_14,2871.36284375,2873.23596875
[ 00:47:53.792 -->  00:47:54.484],V,SPEAKER_14,2873.7928437500004,2874.48471875
[ 00:47:54.906 -->  00:47:57.505],V,SPEAKER_14,2874.90659375,2877.50534375
[ 00:47:58.095 -->  00:47:59.918],V,SPEAKER_14,2878.09596875,2879.91846875
[ 00:48:00.289 -->  00:48:04.440],V,SPEAKER_14,2880.2897187500002,2884.44096875
[ 00:48:05.014 -->  00:48:09.030],V,SPEAKER_14,2885.0147187500006,2889.0309687500003
[ 00:48:09.334 -->  00:48:11.342],V,SPEAKER_14,2889.3347187500003,2891.3428437500006
[ 00:48:11.967 -->  00:48:17.097],V,SPEAKER_14,2891.96721875,2897.09721875
[ 00:48:17.451 -->  00:48:20.826],V,SPEAKER_14,2897.45159375,2900.82659375
[ 00:48:21.366 -->  00:48:22.919],V,SPEAKER_14,2901.36659375,2902.9190937500007
[ 00:48:23.509 -->  00:48:26.597],V,SPEAKER_14,2903.5097187500005,2906.59784375
[ 00:48:27.070 -->  00:48:32.942],V,SPEAKER_14,2907.0703437500006,2912.94284375
[ 00:48:33.212 -->  00:48:35.085],V,SPEAKER_14,2913.2128437500005,2915.0859687500006
[ 00:48:36.267 -->  00:48:48.062],V,SPEAKER_14,2916.26721875,2928.06284375
[ 00:48:48.299 -->  00:48:48.737],Z,SPEAKER_18,2928.29909375,2928.73784375
[ 00:48:49.007 -->  00:49:12.109],Z,SPEAKER_18,2929.0078437500006,2952.10971875
[ 00:49:12.497 -->  00:49:20.513],Z,SPEAKER_18,2952.4978437500004,2960.5134687500004
[ 00:49:20.867 -->  00:49:46.652],Z,SPEAKER_18,2960.8678437500002,2986.65284375
[ 00:49:47.277 -->  00:49:47.884],AF,SPEAKER_25,2987.2772187500004,2987.8847187500005
[ 00:49:49.909 -->  00:49:52.002],AF,SPEAKER_25,2989.90971875,2992.00221875
[ 00:49:52.170 -->  00:49:57.030],AF,SPEAKER_25,2992.1709687500006,2997.0309687500003
[ 00:49:59.241 -->  00:50:01.232],AF,SPEAKER_25,2999.24159375,3001.23284375
[ 00:50:03.443 -->  00:50:12.994],AK,SPEAKER_30,3003.4434687500006,3012.99471875
[ 00:50:13.484 -->  00:50:31.202],AK,SPEAKER_30,3013.4840937500003,3031.2028437500003
[ 00:50:31.202 -->  00:50:31.354],X,SPEAKER_16,3031.2028437500003,3031.35471875
[ 00:50:31.354 -->  00:50:46.508],AK,SPEAKER_30,3031.35471875,3046.5084687500002
[ 00:50:35.624 -->  00:50:35.894],X,SPEAKER_16,3035.6240937500006,3035.89409375
[ 00:50:35.894 -->  00:50:35.978],AE,SPEAKER_24,3035.89409375,3035.9784687500005
[ 00:50:44.888 -->  00:50:45.411],V,SPEAKER_14,3044.8884687500004,3045.41159375
[ 00:50:46.508 -->  00:50:46.795],Q,SPEAKER_08,3046.5084687500002,3046.79534375
[ 00:50:47.267 -->  00:50:52.718],V,SPEAKER_14,3047.26784375,3052.7184687500003
[ 00:50:53.022 -->  00:50:57.122],V,SPEAKER_14,3053.0222187500003,3057.1228437500004
[ 00:50:57.527 -->  00:51:00.430],V,SPEAKER_14,3057.52784375,3060.4303437500002
[ 00:51:00.919 -->  00:51:18.756],V,SPEAKER_14,3060.9197187500004,3078.7565937500003
[ 00:51:20.680 -->  00:51:29.674],V,SPEAKER_14,3080.6803437500002,3089.6747187500005
[ 00:51:30.079 -->  00:51:34.298],V,SPEAKER_14,3090.07971875,3094.29846875
[ 00:51:34.602 -->  00:51:36.424],V,SPEAKER_14,3094.6022187500002,3096.4247187500005
[ 00:51:37.049 -->  00:51:40.170],V,SPEAKER_14,3097.04909375,3100.1709687500006
[ 00:51:40.778 -->  00:51:48.119],V,SPEAKER_14,3100.7784687500007,3108.1190937500005
[ 00:51:48.119 -->  00:51:48.912],X,SPEAKER_16,3108.1190937500005,3108.9122187500006
[ 00:51:48.355 -->  00:51:50.532],V,SPEAKER_14,3108.3553437500004,3110.5322187500005
[ 00:51:48.912 -->  00:51:48.929],Y,SPEAKER_17,3108.9122187500006,3108.92909375
[ 00:51:50.937 -->  00:51:53.384],V,SPEAKER_14,3110.9372187500003,3113.38409375
[ 00:51:53.687 -->  00:51:58.665],V,SPEAKER_14,3113.68784375,3118.6659687500005
[ 00:51:59.189 -->  00:52:00.876],V,SPEAKER_14,3119.18909375,3120.87659375
[ 00:52:01.028 -->  00:52:04.622],V,SPEAKER_14,3121.0284687500007,3124.6228437500004
[ 00:52:05.196 -->  00:52:10.478],V,SPEAKER_14,3125.19659375,3130.4784687500005
[ 00:52:08.959 -->  00:52:09.027],Y,SPEAKER_17,3128.9597187500003,3129.0272187500004
[ 00:52:09.027 -->  00:52:09.077],AB,SPEAKER_20,3129.0272187500004,3129.0778437500003
[ 00:52:09.077 -->  00:52:09.246],Y,SPEAKER_17,3129.0778437500003,3129.24659375
[ 00:52:09.246 -->  00:52:09.263],AB,SPEAKER_20,3129.24659375,3129.2634687500004
[ 00:52:09.263 -->  00:52:09.297],Y,SPEAKER_17,3129.2634687500004,3129.29721875
[ 00:52:10.967 -->  00:52:17.295],V,SPEAKER_14,3130.9678437500006,3137.2959687500006
[ 00:52:17.582 -->  00:52:22.763],V,SPEAKER_14,3137.5828437500004,3142.7634687500004
[ 00:52:21.700 -->  00:52:32.466],AK,SPEAKER_30,3141.7003437500007,3152.4665937500004
[ 00:52:22.763 -->  00:52:23.168],AJ,SPEAKER_29,3142.7634687500004,3143.16846875
[ 00:52:30.947 -->  00:52:31.724],V,SPEAKER_14,3150.94784375,3151.72409375
[ 00:52:32.466 -->  00:52:45.494],V,SPEAKER_14,3152.4665937500004,3165.4940937500005
[ 00:52:44.329 -->  00:52:44.599],AF,SPEAKER_25,3164.32971875,3164.5997187500006
[ 00:52:44.599 -->  00:52:44.633],G,SPEAKER_44,3164.5997187500006,3164.6334687500002
[ 00:52:48.092 -->  00:52:51.434],AF,SPEAKER_25,3168.0928437500006,3171.43409375
[ 00:52:51.434 -->  00:52:51.670],AE,SPEAKER_24,3171.43409375,3171.67034375
[ 00:52:51.670 -->  00:52:51.872],AF,SPEAKER_25,3171.67034375,3171.8728437500004
[ 00:52:51.872 -->  00:52:52.986],AE,SPEAKER_24,3171.8728437500004,3172.98659375
[ 00:52:52.986 -->  00:52:53.020],AF,SPEAKER_25,3172.98659375,3173.0203437500004
[ 00:52:53.847 -->  00:52:55.602],AF,SPEAKER_25,3173.84721875,3175.6022187500002
[ 00:52:56.226 -->  00:52:57.070],AF,SPEAKER_25,3176.2265937500006,3177.0703437500006
[ 00:52:57.964 -->  00:52:58.032],Y,SPEAKER_17,3177.9647187500004,3178.0322187500005
[ 00:52:59.669 -->  00:52:59.685],Y,SPEAKER_17,3179.6690937500007,3179.68596875
[ 00:52:59.685 -->  00:53:01.592],AF,SPEAKER_25,3179.68596875,3181.5928437500006
[ 00:53:02.082 -->  00:53:02.352],AF,SPEAKER_25,3182.0822187500007,3182.3522187500002
[ 00:53:03.229 -->  00:53:03.854],R,SPEAKER_09,3183.22971875,3183.85409375
[ 00:53:03.887 -->  00:53:05.187],R,SPEAKER_09,3183.8878437500007,3185.1872187500003
[ 00:53:05.524 -->  00:53:06.790],R,SPEAKER_09,3185.52471875,3186.79034375
[ 00:53:07.077 -->  00:53:11.785],R,SPEAKER_09,3187.0772187500006,3191.7853437500007
[ 00:53:11.886 -->  00:53:14.046],R,SPEAKER_09,3191.8865937500004,3194.0465937500003
[ 00:53:14.569 -->  00:53:16.746],R,SPEAKER_09,3194.56971875,3196.74659375
[ 00:53:17.100 -->  00:53:19.379],R,SPEAKER_09,3197.10096875,3199.3790937500007
[ 00:53:19.682 -->  00:53:20.762],R,SPEAKER_09,3199.68284375,3200.7628437500007
[ 00:53:21.539 -->  00:53:23.985],R,SPEAKER_09,3201.5390937500006,3203.98596875
[ 00:53:24.576 -->  00:53:28.170],R,SPEAKER_09,3204.57659375,3208.1709687500006
[ 00:53:28.795 -->  00:53:30.381],R,SPEAKER_09,3208.79534375,3210.3815937500003
[ 00:53:30.584 -->  00:53:33.435],R,SPEAKER_09,3210.5840937500006,3213.43596875
[ 00:53:34.094 -->  00:53:34.718],V,SPEAKER_14,3214.09409375,3214.7184687500003
[ 00:53:35.967 -->  00:53:39.477],V,SPEAKER_14,3215.96721875,3219.4772187500002
[ 00:53:39.848 -->  00:53:40.371],V,SPEAKER_14,3219.8484687500004,3220.37159375
[ 00:53:40.860 -->  00:53:43.797],V,SPEAKER_14,3220.86096875,3223.79721875
[ 00:53:44.303 -->  00:53:47.037],V,SPEAKER_14,3224.3034687500003,3227.0372187500006
[ 00:53:47.543 -->  00:53:48.707],V,SPEAKER_14,3227.54346875,3228.7078437500004
[ 00:53:49.180 -->  00:53:54.681],V,SPEAKER_14,3229.1803437500002,3234.6815937500005
[ 00:53:54.951 -->  00:53:55.896],V,SPEAKER_14,3234.95159375,3235.8965937500006
[ 00:53:56.031 -->  00:53:58.056],V,SPEAKER_14,3236.03159375,3238.0565937500005
[ 00:53:58.309 -->  00:53:59.457],V,SPEAKER_14,3238.3097187500007,3239.4572187500007
[ 00:54:00.233 -->  00:54:01.920],R,SPEAKER_09,3240.2334687500006,3241.9209687500006
[ 00:54:02.309 -->  00:54:08.164],R,SPEAKER_09,3242.30909375,3248.1647187500002
[ 00:54:08.485 -->  00:54:08.991],Q,SPEAKER_08,3248.4853437500005,3248.99159375
[ 00:54:08.991 -->  00:54:09.008],F,SPEAKER_43,3248.99159375,3249.0084687500002
[ 00:54:09.008 -->  00:54:09.329],R,SPEAKER_09,3249.0084687500002,3249.3290937500005
[ 00:54:09.143 -->  00:54:09.194],F,SPEAKER_43,3249.1434687500005,3249.1940937500003
[ 00:54:09.599 -->  00:54:11.894],R,SPEAKER_09,3249.59909375,3251.89409375
[ 00:54:12.248 -->  00:54:15.758],R,SPEAKER_09,3252.24846875,3255.7584687500002
[ 00:54:17.327 -->  00:54:17.850],V,SPEAKER_14,3257.3278437500003,3257.85096875
[ 00:54:17.479 -->  00:54:18.255],R,SPEAKER_09,3257.47971875,3258.2559687500006
[ 00:54:18.255 -->  00:54:18.390],AG,SPEAKER_26,3258.2559687500006,3258.39096875
[ 00:54:18.390 -->  00:54:19.335],R,SPEAKER_09,3258.39096875,3259.3359687500006
[ 00:54:19.724 -->  00:54:29.055],R,SPEAKER_09,3259.72409375,3269.05596875
[ 00:54:29.410 -->  00:54:32.802],R,SPEAKER_09,3269.4103437500007,3272.80221875
[ 00:54:33.072 -->  00:54:34.911],R,SPEAKER_09,3273.0722187500005,3274.91159375
[ 00:54:33.814 -->  00:54:33.983],AN,SPEAKER_33,3273.81471875,3273.9834687500006
[ 00:54:35.282 -->  00:54:38.556],R,SPEAKER_09,3275.28284375,3278.5565937500005
[ 00:54:39.434 -->  00:54:41.290],R,SPEAKER_09,3279.43409375,3281.29034375
[ 00:54:41.492 -->  00:54:43.281],V,SPEAKER_14,3281.4928437500002,3283.28159375
[ 00:54:43.568 -->  00:54:45.593],V,SPEAKER_14,3283.5684687500006,3285.5934687500003
[ 00:54:46.251 -->  00:54:48.023],V,SPEAKER_14,3286.25159375,3288.0234687500006
[ 00:54:48.732 -->  00:54:50.858],V,SPEAKER_14,3288.7322187500004,3290.8584687500006
[ 00:54:51.482 -->  00:54:52.410],V,SPEAKER_14,3291.48284375,3292.4109687500004
[ 00:54:53.052 -->  00:54:58.637],V,SPEAKER_14,3293.05221875,3298.6378437500007
[ 00:54:58.992 -->  00:55:00.595],V,SPEAKER_14,3298.9922187500006,3300.59534375
[ 00:55:01.101 -->  00:55:04.223],V,SPEAKER_14,3301.1015937500006,3304.2234687500004
[ 00:55:04.628 -->  00:55:08.357],V,SPEAKER_14,3304.62846875,3308.35784375
[ 00:55:08.560 -->  00:55:11.614],V,SPEAKER_14,3308.5603437500004,3311.61471875
[ 00:55:12.239 -->  00:55:12.762],V,SPEAKER_14,3312.2390937500004,3312.76221875
[ 00:55:13.032 -->  00:55:15.074],V,SPEAKER_14,3313.0322187500005,3315.0740937500004
[ 00:55:15.158 -->  00:55:19.124],V,SPEAKER_14,3315.15846875,3319.1240937500006
[ 00:55:19.529 -->  00:55:20.355],V,SPEAKER_14,3319.5290937500004,3320.35596875
[ 00:55:20.946 -->  00:55:23.157],V,SPEAKER_14,3320.94659375,3323.1572187500005
[ 00:55:23.309 -->  00:55:23.325],V,SPEAKER_14,3323.30909375,3323.3259687500004
[ 00:55:23.325 -->  00:55:28.590],R,SPEAKER_09,3323.3259687500004,3328.5909687500007
[ 00:55:29.232 -->  00:55:35.729],V,SPEAKER_14,3329.2322187500004,3335.72909375
[ 00:55:36.775 -->  00:55:43.170],V,SPEAKER_14,3336.7753437500005,3343.1709687500006
[ 00:55:43.694 -->  00:55:46.461],V,SPEAKER_14,3343.6940937500003,3346.4615937500002
[ 00:55:47.085 -->  00:55:49.532],V,SPEAKER_14,3347.0859687500006,3349.53284375
[ 00:55:49.988 -->  00:55:53.532],V,SPEAKER_14,3349.9884687500007,3353.5322187500005
[ 00:55:54.089 -->  00:55:56.772],V,SPEAKER_14,3354.08909375,3356.7722187500003
[ 00:55:57.430 -->  00:56:03.674],R,SPEAKER_09,3357.4303437500002,3363.67409375
[ 00:56:00.231 -->  00:56:00.687],V,SPEAKER_14,3360.2315937500007,3360.6872187500003
[ 00:56:03.825 -->  00:56:04.180],R,SPEAKER_09,3363.8259687500004,3364.1803437500002
[ 00:56:04.737 -->  00:56:07.437],R,SPEAKER_09,3364.7372187500005,3367.4372187500003
[ 00:56:06.660 -->  00:56:08.230],V,SPEAKER_14,3366.6609687500004,3368.2303437500004
[ 00:56:08.972 -->  00:56:16.971],V,SPEAKER_14,3368.9728437500007,3376.9715937500005
[ 00:56:17.325 -->  00:56:26.472],V,SPEAKER_14,3377.3259687500004,3386.47221875
[ 00:56:25.611 -->  00:56:31.433],R,SPEAKER_09,3385.61159375,3391.4334687500004
[ 00:56:31.720 -->  00:56:33.998],V,SPEAKER_14,3391.72034375,3393.99846875
[ 00:56:34.791 -->  00:56:39.314],R,SPEAKER_09,3394.79159375,3399.31409375
[ 00:56:39.719 -->  00:56:41.777],R,SPEAKER_09,3399.71909375,3401.77784375
[ 00:56:42.351 -->  00:56:45.945],R,SPEAKER_09,3402.3515937500006,3405.9459687500002
[ 00:56:46.772 -->  00:56:48.578],R,SPEAKER_09,3406.77284375,3408.57846875
[ 00:56:48.983 -->  00:56:51.008],R,SPEAKER_09,3408.9834687500006,3411.0084687500002
[ 00:56:52.020 -->  00:56:54.974],V,SPEAKER_14,3412.02096875,3414.97409375
[ 00:57:01.200 -->  00:57:01.589],J,SPEAKER_47,3421.2009687500004,3421.58909375
[ 00:57:01.977 -->  00:57:02.044],J,SPEAKER_47,3421.9772187500002,3422.0447187500004
[ 00:57:02.382 -->  00:57:07.394],J,SPEAKER_47,3422.38221875,3427.39409375
[ 00:57:08.001 -->  00:57:10.313],J,SPEAKER_47,3428.00159375,3430.3134687500005
[ 00:57:10.650 -->  00:57:18.615],J,SPEAKER_47,3430.65096875,3438.6159687500003
[ 00:57:19.206 -->  00:57:28.099],J,SPEAKER_47,3439.20659375,3448.0997187500006
[ 00:57:28.774 -->  00:57:29.213],J,SPEAKER_47,3448.77471875,3449.21346875
[ 00:57:29.685 -->  00:57:30.175],J,SPEAKER_47,3449.68596875,3450.17534375
[ 00:57:30.765 -->  00:57:32.723],J,SPEAKER_47,3450.76596875,3452.7234687500004
[ 00:57:33.280 -->  00:57:36.368],J,SPEAKER_47,3453.2803437500006,3456.36846875
[ 00:57:36.857 -->  00:57:39.439],J,SPEAKER_47,3456.85784375,3459.43971875
[ 00:57:39.912 -->  00:57:42.730],J,SPEAKER_47,3459.9122187500006,3462.7303437500004
[ 00:57:43.101 -->  00:57:47.252],J,SPEAKER_47,3463.1015937500006,3467.2528437500005
[ 00:57:48.012 -->  00:57:55.420],R,SPEAKER_09,3468.01221875,3475.42034375
[ 00:57:55.707 -->  00:57:57.057],R,SPEAKER_09,3475.7072187500007,3477.05721875
[ 00:57:58.626 -->  00:58:03.081],J,SPEAKER_47,3478.62659375,3483.08159375
[ 00:58:04.026 -->  00:58:11.114],R,SPEAKER_09,3484.02659375,3491.1140937500004
[ 00:58:11.384 -->  00:58:13.020],AF,SPEAKER_25,3491.38409375,3493.02096875
[ 00:58:13.020 -->  00:58:13.729],J,SPEAKER_47,3493.02096875,3493.72971875
[ 00:58:13.054 -->  00:58:13.915],R,SPEAKER_09,3493.0547187500006,3493.91534375
[ 00:58:14.354 -->  00:58:15.518],R,SPEAKER_09,3494.35409375,3495.5184687500005
[ 00:58:15.569 -->  00:58:20.564],J,SPEAKER_47,3495.5690937500003,3500.56409375
[ 00:58:21.019 -->  00:58:22.892],R,SPEAKER_09,3501.0197187500007,3502.89284375
[ 00:58:22.943 -->  00:58:22.960],R,SPEAKER_09,3502.9434687500006,3502.96034375
[ 00:58:22.960 -->  00:58:23.736],J,SPEAKER_47,3502.96034375,3503.73659375
[ 00:58:23.939 -->  00:58:25.964],R,SPEAKER_09,3503.93909375,3505.96409375
[ 00:58:25.964 -->  00:58:27.128],Y,SPEAKER_17,3505.96409375,3507.12846875
[ 00:58:27.955 -->  00:58:31.330],AF,SPEAKER_25,3507.95534375,3511.33034375
[ 00:58:30.959 -->  00:58:31.060],Y,SPEAKER_17,3510.9590937500006,3511.0603437500004
[ 00:58:31.060 -->  00:58:31.094],P,SPEAKER_07,3511.0603437500004,3511.09409375
[ 00:58:31.094 -->  00:58:31.279],Y,SPEAKER_17,3511.09409375,3511.27971875
[ 00:58:31.330 -->  00:58:32.325],Y,SPEAKER_17,3511.33034375,3512.3259687500004
[ 00:58:32.933 -->  00:58:40.594],AF,SPEAKER_25,3512.9334687500004,3520.5947187500005
[ 00:58:45.623 -->  00:58:45.994],AH,SPEAKER_27,3525.62346875,3525.99471875
[ 00:58:46.619 -->  00:58:56.794],AH,SPEAKER_27,3526.6190937500005,3536.7947187500004
[ 00:58:58.026 -->  00:58:59.747],V,SPEAKER_14,3538.02659375,3539.7478437500004
[ 00:58:59.950 -->  00:59:05.417],V,SPEAKER_14,3539.9503437500007,3545.4178437500004
[ 00:59:05.704 -->  00:59:07.611],V,SPEAKER_14,3545.70471875,3547.61159375
[ 00:59:07.915 -->  00:59:09.906],V,SPEAKER_14,3547.91534375,3549.90659375
[ 00:59:10.311 -->  00:59:14.074],V,SPEAKER_14,3550.3115937500006,3554.07471875
[ 00:59:14.564 -->  00:59:15.137],V,SPEAKER_14,3554.56409375,3555.1378437500007
[ 00:59:15.306 -->  00:59:18.951],V,SPEAKER_14,3555.3065937500005,3558.95159375
[ 00:59:19.525 -->  00:59:23.018],V,SPEAKER_14,3559.5253437500005,3563.0184687500005
[ 00:59:23.490 -->  00:59:25.229],V,SPEAKER_14,3563.4909687500003,3565.22909375
[ 00:59:25.397 -->  00:59:26.393],V,SPEAKER_14,3565.39784375,3566.3934687500005
[ 00:59:26.663 -->  00:59:27.827],V,SPEAKER_14,3566.66346875,3567.8278437500003
[ 00:59:28.300 -->  00:59:30.797],V,SPEAKER_14,3568.30034375,3570.7978437500005
[ 00:59:31.270 -->  00:59:34.375],V,SPEAKER_14,3571.2703437500004,3574.37534375
[ 00:59:34.544 -->  00:59:36.754],V,SPEAKER_14,3574.5440937500007,3576.7547187500004
[ 00:59:37.159 -->  00:59:38.189],V,SPEAKER_14,3577.15971875,3578.18909375
[ 00:59:38.610 -->  00:59:40.602],V,SPEAKER_14,3578.61096875,3580.6022187500002
[ 00:59:41.142 -->  00:59:43.437],V,SPEAKER_14,3581.14221875,3583.4372187500003
[ 00:59:44.112 -->  00:59:44.669],V,SPEAKER_14,3584.1122187500005,3584.6690937500007
[ 00:59:44.820 -->  00:59:52.313],V,SPEAKER_14,3584.8209687500002,3592.3134687500005
[ 00:59:52.431 -->  00:59:55.266],V,SPEAKER_14,3592.4315937500005,3595.2665937500005
[ 00:59:55.637 -->  00:59:58.304],V,SPEAKER_14,3595.6378437500007,3598.30409375
[ 00:59:58.371 -->  00:59:59.687],V,SPEAKER_14,3598.37159375,3599.68784375
[ 01:00:00.329 -->  01:00:06.437],V,SPEAKER_14,3600.3290937500005,3606.43784375
[ 01:00:06.657 -->  01:00:09.441],V,SPEAKER_14,3606.6572187500005,3609.4415937500007
[ 01:00:09.846 -->  01:00:09.964],AH,SPEAKER_27,3609.8465937500005,3609.9647187500004
[ 01:00:10.707 -->  01:00:13.424],AH,SPEAKER_27,3610.7072187500007,3613.42409375
[ 01:00:14.166 -->  01:00:17.237],V,SPEAKER_14,3614.16659375,3617.23784375
[ 01:00:17.760 -->  01:00:21.287],V,SPEAKER_14,3617.76096875,3621.2878437500003
[ 01:00:22.097 -->  01:00:22.570],V,SPEAKER_14,3622.0978437500007,3622.5703437500006
[ 01:00:23.059 -->  01:00:24.595],V,SPEAKER_14,3623.0597187500007,3624.59534375
[ 01:00:24.915 -->  01:00:27.160],V,SPEAKER_14,3624.9159687500005,3627.1603437500007
[ 01:00:27.396 -->  01:00:32.037],V,SPEAKER_14,3627.3965937500006,3632.0372187500006
[ 01:00:32.999 -->  01:00:33.758],C,SPEAKER_12,3632.9990937500006,3633.7584687500002
[ 01:00:36.154 -->  01:00:39.057],AF,SPEAKER_25,3636.15471875,3639.05721875
[ 01:00:40.137 -->  01:00:42.179],AF,SPEAKER_25,3640.13721875,3642.17909375
[ 01:00:44.204 -->  01:00:45.317],AF,SPEAKER_25,3644.2040937500005,3645.31784375
[ 01:00:48.810 -->  01:00:49.401],AF,SPEAKER_25,3648.81096875,3649.40159375
[ 01:00:51.021 -->  01:00:51.375],AF,SPEAKER_25,3651.0215937500006,3651.3759687500005
[ 01:00:52.000 -->  01:00:58.632],A,SPEAKER_00,3652.00034375,3658.63221875
[ 01:00:58.632 -->  01:00:58.699],V,SPEAKER_14,3658.63221875,3658.69971875
[ 01:00:58.699 -->  01:00:58.800],A,SPEAKER_00,3658.69971875,3658.8009687500007
[ 01:00:58.800 -->  01:00:58.902],V,SPEAKER_14,3658.8009687500007,3658.9022187500004
[ 01:00:58.902 -->  01:00:58.969],A,SPEAKER_00,3658.9022187500004,3658.9697187500005
[ 01:00:58.969 -->  01:00:59.037],V,SPEAKER_14,3658.9697187500005,3659.0372187500006
[ 01:00:59.037 -->  01:00:59.155],A,SPEAKER_00,3659.0372187500006,3659.1553437500006
[ 01:00:59.155 -->  01:00:59.172],AH,SPEAKER_27,3659.1553437500006,3659.17221875
[ 01:00:59.172 -->  01:00:59.189],A,SPEAKER_00,3659.17221875,3659.18909375
[ 01:00:59.425 -->  01:01:03.610],A,SPEAKER_00,3659.42534375,3663.6103437500005
[ 01:01:04.960 -->  01:01:07.238],A,SPEAKER_00,3664.96034375,3667.2384687500007
[ 01:01:08.065 -->  01:01:14.714],V,SPEAKER_14,3668.0653437500005,3674.71409375
[ 01:01:11.811 -->  01:01:12.233],A,SPEAKER_00,3671.8115937500006,3672.2334687500006
[ 01:01:13.482 -->  01:01:13.785],A,SPEAKER_00,3673.4822187500004,3673.7859687500004
[ 01:01:15.051 -->  01:01:16.047],A,SPEAKER_00,3675.0515937500004,3676.04721875
[ 01:01:18.038 -->  01:01:19.405],AF,SPEAKER_25,3678.03846875,3679.4053437500006
[ 01:01:18.342 -->  01:01:19.422],A,SPEAKER_00,3678.34221875,3679.42221875
[ 01:01:19.422 -->  01:01:22.797],AF,SPEAKER_25,3679.42221875,3682.79721875
[ 01:01:21.919 -->  01:01:21.953],A,SPEAKER_00,3681.9197187500004,3681.95346875
[ 01:01:21.953 -->  01:01:23.759],X,SPEAKER_16,3681.95346875,3683.75909375
[ 01:01:25.277 -->  01:01:26.003],AF,SPEAKER_25,3685.27784375,3686.00346875
[ 01:01:26.003 -->  01:01:26.020],T,SPEAKER_11,3686.00346875,3686.0203437500004
[ 01:01:28.467 -->  01:01:31.943],T,SPEAKER_11,3688.46721875,3691.9434687500006
[ 01:01:33.074 -->  01:01:35.318],U,SPEAKER_13,3693.0740937500004,3695.3184687500006
[ 01:01:35.504 -->  01:01:40.532],V,SPEAKER_14,3695.5040937500007,3700.53284375
[ 01:01:40.920 -->  01:01:41.562],V,SPEAKER_14,3700.9209687500006,3701.5622187500003
[ 01:01:42.625 -->  01:01:46.034],V,SPEAKER_14,3702.62534375,3706.0340937500005
[ 01:01:46.557 -->  01:01:50.252],V,SPEAKER_14,3706.55721875,3710.2528437500005
[ 01:01:50.674 -->  01:01:52.716],V,SPEAKER_14,3710.6747187500005,3712.7165937500004
[ 01:01:52.784 -->  01:01:57.255],V,SPEAKER_14,3712.7840937500005,3717.2559687500006
[ 01:01:57.964 -->  01:01:59.247],V,SPEAKER_14,3717.9647187500004,3719.2472187500007
[ 01:01:59.939 -->  01:02:03.297],V,SPEAKER_14,3719.93909375,3723.29721875
[ 01:02:03.651 -->  01:02:04.377],V,SPEAKER_14,3723.65159375,3724.37721875
[ 01:02:05.085 -->  01:02:08.511],V,SPEAKER_14,3725.0859687500006,3728.5115937500004
[ 01:02:08.730 -->  01:02:11.937],V,SPEAKER_14,3728.73096875,3731.9372187500003
[ 01:02:12.460 -->  01:02:16.392],V,SPEAKER_14,3732.46034375,3736.39221875
[ 01:02:16.915 -->  01:02:21.319],V,SPEAKER_14,3736.91534375,3741.31971875
[ 01:02:21.589 -->  01:02:23.817],V,SPEAKER_14,3741.5897187500004,3743.8172187500004
[ 01:02:24.390 -->  01:02:24.947],V,SPEAKER_14,3744.39096875,3744.94784375
[ 01:02:25.403 -->  01:02:32.946],V,SPEAKER_14,3745.4034687500007,3752.94659375
[ 01:02:33.773 -->  01:02:33.891],AA,SPEAKER_19,3753.7734687500006,3753.8915937500005
[ 01:02:33.891 -->  01:02:33.925],X,SPEAKER_16,3753.8915937500005,3753.92534375
[ 01:02:33.925 -->  01:02:33.942],V,SPEAKER_14,3753.92534375,3753.9422187500004
[ 01:02:34.178 -->  01:02:35.123],V,SPEAKER_14,3754.1784687500003,3755.12346875
[ 01:02:35.680 -->  01:02:35.967],AA,SPEAKER_19,3755.6803437500002,3755.96721875
[ 01:02:37.435 -->  01:02:37.755],AA,SPEAKER_19,3757.4353437500004,3757.7559687500006
[ 01:02:39.105 -->  01:02:42.126],AF,SPEAKER_25,3759.10596875,3762.12659375
[ 01:02:46.024 -->  01:02:46.058],AN,SPEAKER_33,3766.02471875,3766.0584687500004
[ 01:02:46.075 -->  01:02:50.918],AN,SPEAKER_33,3766.0753437500007,3770.91846875
[ 01:02:51.087 -->  01:02:53.787],AF,SPEAKER_25,3771.08721875,3773.7872187500006
[ 01:02:56.284 -->  01:02:57.938],AF,SPEAKER_25,3776.28471875,3777.9384687500005
[ 01:02:58.461 -->  01:03:04.047],AN,SPEAKER_33,3778.4615937500002,3784.04721875
[ 01:03:05.549 -->  01:03:05.565],AN,SPEAKER_33,3785.54909375,3785.56596875
[ 01:03:05.565 -->  01:03:05.599],AL,SPEAKER_31,3785.56596875,3785.5997187500006
[ 01:03:05.599 -->  01:03:12.029],AN,SPEAKER_33,3785.5997187500006,3792.0290937500004
[ 01:03:05.633 -->  01:03:05.768],AL,SPEAKER_31,3785.6334687500002,3785.7684687500005
[ 01:03:12.265 -->  01:03:15.876],AN,SPEAKER_33,3792.2653437500003,3795.87659375
[ 01:03:16.433 -->  01:03:21.225],AN,SPEAKER_33,3796.4334687500004,3801.22596875
[ 01:03:21.664 -->  01:03:25.005],AN,SPEAKER_33,3801.6647187500002,3805.0059687500006
[ 01:03:26.558 -->  01:03:34.979],AN,SPEAKER_33,3806.5584687500004,3814.97909375
[ 01:03:36.615 -->  01:03:43.281],AN,SPEAKER_33,3816.6159687500003,3823.28159375
[ 01:03:44.277 -->  01:03:48.968],AN,SPEAKER_33,3824.2772187500004,3828.9684687500003
[ 01:03:50.470 -->  01:03:50.976],AN,SPEAKER_33,3830.47034375,3830.9765937500006
[ 01:03:53.845 -->  01:04:00.426],V,SPEAKER_14,3833.84534375,3840.4265937500004
[ 01:04:00.662 -->  01:04:02.654],V,SPEAKER_14,3840.6628437500003,3842.6540937500004
[ 01:04:03.531 -->  01:04:08.442],V,SPEAKER_14,3843.53159375,3848.4422187500004
[ 01:04:09.066 -->  01:04:15.495],V,SPEAKER_14,3849.0665937500007,3855.4959687500004
[ 01:04:15.968 -->  01:04:20.220],V,SPEAKER_14,3855.9684687500003,3860.22096875
[ 01:04:20.271 -->  01:04:35.459],AN,SPEAKER_33,3860.2715937500006,3875.4590937500006
[ 01:04:31.425 -->  01:04:31.645],I,SPEAKER_46,3871.4259687500007,3871.6453437500004
[ 01:04:35.459 -->  01:04:35.594],AF,SPEAKER_25,3875.4590937500006,3875.59409375
[ 01:04:41.601 -->  01:04:45.955],AF,SPEAKER_25,3881.6015937500006,3885.95534375
[ 01:04:43.305 -->  01:04:43.592],Y,SPEAKER_17,3883.30596875,3883.5928437500006
[ 01:04:43.592 -->  01:04:43.643],J,SPEAKER_47,3883.5928437500006,3883.6434687500005
[ 01:04:47.490 -->  01:04:48.165],AF,SPEAKER_25,3887.4909687500003,3888.1659687500005
[ 01:04:50.798 -->  01:04:51.659],AF,SPEAKER_25,3890.79846875,3891.6590937500005
[ 01:04:53.211 -->  01:05:00.045],E,SPEAKER_34,3893.2115937500002,3900.0459687500006
[ 01:05:00.265 -->  01:05:02.627],E,SPEAKER_34,3900.2653437500003,3902.6278437500005
[ 01:05:03.454 -->  01:05:10.474],E,SPEAKER_34,3903.45471875,3910.4747187500006
[ 01:05:12.010 -->  01:05:12.246],E,SPEAKER_34,3912.01034375,3912.24659375
[ 01:05:12.246 -->  01:05:12.263],AD,SPEAKER_22,3912.24659375,3912.2634687500004
[ 01:05:13.056 -->  01:05:14.102],AD,SPEAKER_22,3913.0565937500005,3914.10284375
[ 01:05:14.389 -->  01:05:37.120],AD,SPEAKER_22,3914.3897187500006,3937.1203437500008
[ 01:05:37.339 -->  01:05:53.657],AD,SPEAKER_22,3937.3397187500004,3953.65784375
[ 01:05:44.258 -->  01:05:44.714],AK,SPEAKER_30,3944.2584687500002,3944.7140937500008
[ 01:05:47.700 -->  01:05:48.072],AK,SPEAKER_30,3947.7009687500004,3948.0722187500005
[ 01:05:48.072 -->  01:05:48.089],E,SPEAKER_34,3948.0722187500005,3948.0890937500008
[ 01:05:53.910 -->  01:05:57.302],E,SPEAKER_34,3953.9109687500004,3957.3028437500006
[ 01:05:57.792 -->  01:05:57.859],E,SPEAKER_34,3957.7922187500008,3957.85971875
[ 01:05:57.859 -->  01:05:58.079],AD,SPEAKER_22,3957.85971875,3958.0790937500005
[ 01:05:58.079 -->  01:06:27.441],E,SPEAKER_34,3958.0790937500005,3987.4415937500007
[ 01:05:59.361 -->  01:06:01.234],AD,SPEAKER_22,3959.36159375,3961.23471875
[ 01:06:02.264 -->  01:06:02.618],AD,SPEAKER_22,3962.26409375,3962.61846875
[ 01:06:27.660 -->  01:06:43.574],AD,SPEAKER_22,3987.6609687500004,4003.5740937500004
[ 01:06:39.726 -->  01:06:39.777],X,SPEAKER_16,3999.7265937500006,3999.7772187500004
[ 01:06:39.777 -->  01:06:39.810],V,SPEAKER_14,3999.7772187500004,3999.81096875
[ 01:06:39.810 -->  01:06:42.392],X,SPEAKER_16,3999.81096875,4002.39284375
[ 01:06:43.574 -->  01:06:43.759],X,SPEAKER_16,4003.5740937500004,4003.7597187500005
[ 01:06:43.759 -->  01:06:43.962],AD,SPEAKER_22,4003.7597187500005,4003.96221875
[ 01:06:43.962 -->  01:06:44.029],X,SPEAKER_16,4003.96221875,4004.02971875
[ 01:06:44.029 -->  01:06:49.024],AD,SPEAKER_22,4004.02971875,4009.02471875
[ 01:06:49.530 -->  01:06:58.356],AD,SPEAKER_22,4009.5309687500003,4018.3565937500007
[ 01:06:57.242 -->  01:06:57.293],E,SPEAKER_34,4017.2428437500002,4017.29346875
[ 01:06:57.293 -->  01:06:57.715],AB,SPEAKER_20,4017.29346875,4017.71534375
[ 01:06:57.715 -->  01:06:57.749],E,SPEAKER_34,4017.71534375,4017.7490937500006
[ 01:06:58.559 -->  01:07:03.874],AD,SPEAKER_22,4018.55909375,4023.8747187500003
[ 01:07:03.874 -->  01:07:04.397],E,SPEAKER_34,4023.8747187500003,4024.39784375
[ 01:07:04.617 -->  01:07:09.865],E,SPEAKER_34,4024.6172187500006,4029.8653437500006
[ 01:07:11.502 -->  01:07:11.907],E,SPEAKER_34,4031.50221875,4031.9072187500005
[ 01:07:12.295 -->  01:07:50.483],E,SPEAKER_34,4032.29534375,4070.4834687500006
[ 01:07:51.529 -->  01:07:54.128],E,SPEAKER_34,4071.52971875,4074.12846875
[ 01:07:54.972 -->  01:08:57.038],E,SPEAKER_34,4074.97221875,4137.038468750001
[ 01:08:57.662 -->  01:09:03.147],AF,SPEAKER_25,4137.66284375,4143.14721875
[ 01:09:01.999 -->  01:09:03.839],E,SPEAKER_34,4141.999718749999,4143.839093750001
[ 01:09:03.839 -->  01:09:05.526],AF,SPEAKER_25,4143.839093750001,4145.526593750001
[ 01:09:05.526 -->  01:09:12.259],E,SPEAKER_34,4145.526593750001,4152.25971875
[ 01:09:05.560 -->  01:09:05.594],AF,SPEAKER_25,4145.560343749999,4145.59409375
[ 01:09:13.339 -->  01:09:14.436],E,SPEAKER_34,4153.3397187499995,4154.436593750001
[ 01:09:14.436 -->  01:09:16.545],V,SPEAKER_14,4154.436593750001,4156.545968750001
[ 01:09:16.647 -->  01:09:16.664],E,SPEAKER_34,4156.64721875,4156.66409375
[ 01:09:16.664 -->  01:09:16.697],V,SPEAKER_14,4156.66409375,4156.69784375
[ 01:09:16.697 -->  01:09:17.052],E,SPEAKER_34,4156.69784375,4157.052218750001
[ 01:09:21.726 -->  01:09:26.856],E,SPEAKER_34,4161.72659375,4166.856593750001
[ 01:09:27.464 -->  01:09:29.320],AF,SPEAKER_25,4167.464093750001,4169.32034375
[ 01:09:29.387 -->  01:09:42.314],AF,SPEAKER_25,4169.387843750001,4182.314093749999
[ 01:09:42.550 -->  01:09:43.596],AF,SPEAKER_25,4182.550343749999,4183.5965937500005
[ 01:09:43.765 -->  01:09:43.782],AF,SPEAKER_25,4183.765343749999,4183.7822187500005
[ 01:09:43.782 -->  01:09:45.587],E,SPEAKER_34,4183.7822187500005,4185.58784375
[ 01:09:45.587 -->  01:09:46.735],AF,SPEAKER_25,4185.58784375,4186.7353437500005
[ 01:09:46.971 -->  01:09:47.089],AF,SPEAKER_25,4186.9715937500005,4187.0897187499995
[ 01:09:47.410 -->  01:09:48.810],AF,SPEAKER_25,4187.41034375,4188.81096875
[ 01:09:49.975 -->  01:09:55.577],F,SPEAKER_43,4189.97534375,4195.577843749999
[ 01:09:56.708 -->  01:10:00.336],F,SPEAKER_43,4196.708468750001,4200.33659375
[ 01:10:00.336 -->  01:10:00.404],AJ,SPEAKER_29,4200.33659375,4200.404093749999
[ 01:10:00.404 -->  01:10:00.420],F,SPEAKER_43,4200.404093749999,4200.420968750001
[ 01:10:00.420 -->  01:10:00.488],AJ,SPEAKER_29,4200.420968750001,4200.48846875
[ 01:10:00.488 -->  01:10:01.737],F,SPEAKER_43,4200.48846875,4201.7372187500005
[ 01:10:02.209 -->  01:10:07.609],F,SPEAKER_43,4202.20971875,4207.60971875
[ 01:10:06.563 -->  01:10:07.221],V,SPEAKER_14,4206.5634687500005,4207.2215937500005
[ 01:10:07.609 -->  01:10:18.257],V,SPEAKER_14,4207.60971875,4218.25784375
[ 01:10:18.426 -->  01:10:30.036],V,SPEAKER_14,4218.42659375,4230.036593750001
[ 01:10:18.730 -->  01:10:19.000],P,SPEAKER_07,4218.7303437499995,4219.00034375
[ 01:10:29.547 -->  01:10:34.491],F,SPEAKER_43,4229.54721875,4234.491593750001
[ 01:10:34.575 -->  01:10:40.515],V,SPEAKER_14,4234.575968749999,4240.51596875
[ 01:10:40.515 -->  01:10:55.349],F,SPEAKER_43,4240.51596875,4255.349093750001
[ 01:10:58.217 -->  01:10:58.234],F,SPEAKER_43,4258.217843750001,4258.23471875
[ 01:10:58.234 -->  01:11:00.462],AF,SPEAKER_25,4258.23471875,4260.462218750001
[ 01:10:58.487 -->  01:10:58.504],F,SPEAKER_43,4258.487843749999,4258.50471875
[ 01:10:58.504 -->  01:10:58.808],AE,SPEAKER_24,4258.50471875,4258.8084687499995
[ 01:10:58.808 -->  01:10:58.825],F,SPEAKER_43,4258.8084687499995,4258.825343750001
[ 01:10:59.517 -->  01:10:59.753],AE,SPEAKER_24,4259.517218749999,4259.753468749999
[ 01:11:01.710 -->  01:11:09.878],AF,SPEAKER_25,4261.71096875,4269.878468749999
[ 01:11:11.650 -->  01:11:14.384],AB,SPEAKER_20,4271.65034375,4274.384093750001
[ 01:11:16.476 -->  01:11:18.670],AB,SPEAKER_20,4276.47659375,4278.67034375
[ 01:11:21.083 -->  01:11:24.559],AB,SPEAKER_20,4281.083468750001,4284.559718750001
[ 01:11:24.998 -->  01:11:32.963],AB,SPEAKER_20,4284.99846875,4292.96346875
[ 01:11:33.672 -->  01:11:36.017],AB,SPEAKER_20,4293.67221875,4296.01784375
[ 01:11:36.152 -->  01:11:40.236],AB,SPEAKER_20,4296.15284375,4300.23659375
[ 01:11:40.742 -->  01:11:48.859],AB,SPEAKER_20,4300.74284375,4308.85971875
[ 01:11:49.669 -->  01:11:54.597],AB,SPEAKER_20,4309.669718749999,4314.597218749999
[ 01:11:54.664 -->  01:12:08.940],AB,SPEAKER_20,4314.66471875,4328.940968749999
[ 01:12:09.430 -->  01:12:10.746],AB,SPEAKER_20,4329.43034375,4330.74659375
[ 01:12:11.286 -->  01:12:13.176],AB,SPEAKER_20,4331.286593750001,4333.17659375
[ 01:12:13.868 -->  01:12:14.374],AB,SPEAKER_20,4333.868468750001,4334.374718749999
[ 01:12:14.695 -->  01:12:17.547],AB,SPEAKER_20,4334.69534375,4337.54721875
[ 01:12:18.087 -->  01:12:21.040],AB,SPEAKER_20,4338.087218750001,4341.040343750001
[ 01:12:21.664 -->  01:12:22.778],AB,SPEAKER_20,4341.66471875,4342.778468750001
[ 01:12:23.672 -->  01:12:34.540],AB,SPEAKER_20,4343.6728437500005,4354.540343750001
[ 01:12:35.316 -->  01:12:39.923],AB,SPEAKER_20,4355.31659375,4359.923468749999
[ 01:12:40.193 -->  01:12:40.699],AB,SPEAKER_20,4360.19346875,4360.69971875
[ 01:12:41.914 -->  01:12:43.349],AB,SPEAKER_20,4361.91471875,4363.349093750001
[ 01:12:43.939 -->  01:12:45.171],AB,SPEAKER_20,4363.93971875,4365.171593749999
[ 01:12:45.458 -->  01:12:48.529],AB,SPEAKER_20,4365.458468750001,4368.52971875
[ 01:12:49.069 -->  01:12:51.938],AB,SPEAKER_20,4369.069718750001,4371.9384687500005
[ 01:12:52.191 -->  01:12:54.419],AB,SPEAKER_20,4372.19159375,4374.419093750001
[ 01:12:55.110 -->  01:12:58.064],AB,SPEAKER_20,4375.110968749999,4378.064093749999
[ 01:12:58.384 -->  01:13:01.489],AB,SPEAKER_20,4378.38471875,4381.489718750001
[ 01:13:01.979 -->  01:13:02.991],AB,SPEAKER_20,4381.97909375,4382.991593750001
[ 01:13:04.628 -->  01:13:05.877],AB,SPEAKER_20,4384.628468749999,4385.87721875
[ 01:13:06.164 -->  01:13:08.999],AB,SPEAKER_20,4386.16409375,4388.999093750001
[ 01:13:09.623 -->  01:13:13.065],AB,SPEAKER_20,4389.62346875,4393.065968749999
[ 01:13:13.673 -->  01:13:15.833],AB,SPEAKER_20,4393.673468749999,4395.833468750001
[ 01:13:18.212 -->  01:13:28.050],AB,SPEAKER_20,4398.21284375,4408.05096875
[ 01:13:28.236 -->  01:13:30.750],AB,SPEAKER_20,4408.23659375,4410.7509687500005
[ 01:13:31.476 -->  01:13:31.695],AB,SPEAKER_20,4411.47659375,4411.69596875
[ 01:13:32.303 -->  01:13:32.573],AB,SPEAKER_20,4412.30346875,4412.573468750001
[ 01:13:32.978 -->  01:13:33.990],AB,SPEAKER_20,4412.97846875,4413.99096875
[ 01:13:34.969 -->  01:13:36.859],AB,SPEAKER_20,4414.9697187500005,4416.85971875
[ 01:13:37.230 -->  01:13:45.094],AB,SPEAKER_20,4417.23096875,4425.0947187500005
[ 01:13:46.073 -->  01:13:53.160],AB,SPEAKER_20,4426.073468750001,4433.16096875
[ 01:13:53.802 -->  01:13:54.814],AB,SPEAKER_20,4433.802218750001,4434.81471875
[ 01:13:55.742 -->  01:13:56.805],AB,SPEAKER_20,4435.74284375,4436.805968750001
[ 01:13:59.860 -->  01:14:00.282],AB,SPEAKER_20,4439.8603437500005,4440.2822187500005
[ 01:14:00.923 -->  01:14:01.446],AB,SPEAKER_20,4440.923468749999,4441.446593750001
[ 01:14:02.475 -->  01:14:06.897],AB,SPEAKER_20,4442.475968750001,4446.89721875
[ 01:14:07.943 -->  01:14:09.884],AB,SPEAKER_20,4447.94346875,4449.884093750001
[ 01:14:10.778 -->  01:14:14.811],AB,SPEAKER_20,4450.778468750001,4454.811593750001
[ 01:14:15.807 -->  01:14:17.140],AB,SPEAKER_20,4455.80721875,4457.140343749999
[ 01:14:17.882 -->  01:14:20.802],AB,SPEAKER_20,4457.88284375,4460.802218750001
[ 01:14:22.844 -->  01:14:25.780],AB,SPEAKER_20,4462.84409375,4465.780343750001
[ 01:14:26.860 -->  01:14:29.290],AB,SPEAKER_20,4466.8603437500005,4469.290343750001
[ 01:14:30.167 -->  01:14:32.125],AB,SPEAKER_20,4470.1678437499995,4472.12534375
[ 01:14:32.327 -->  01:14:33.593],AB,SPEAKER_20,4472.327843749999,4473.593468749999
[ 01:14:35.162 -->  01:14:38.335],AB,SPEAKER_20,4475.16284375,4478.335343750001
[ 01:14:38.976 -->  01:14:40.512],AB,SPEAKER_20,4478.97659375,4480.51221875
[ 01:14:40.934 -->  01:14:46.688],AB,SPEAKER_20,4480.93409375,4486.6884687500005
[ 01:14:47.262 -->  01:14:50.603],AB,SPEAKER_20,4487.26221875,4490.60346875
[ 01:14:48.392 -->  01:14:48.544],AN,SPEAKER_33,4488.39284375,4488.544718749999
[ 01:14:50.738 -->  01:14:53.809],AB,SPEAKER_20,4490.73846875,4493.809718750001
[ 01:14:53.910 -->  01:14:57.184],AB,SPEAKER_20,4493.91096875,4497.184718750001
[ 01:14:57.657 -->  01:15:00.795],AB,SPEAKER_20,4497.6572187500005,4500.795968750001
[ 01:15:00.914 -->  01:15:02.972],AB,SPEAKER_20,4500.91409375,4502.97284375
[ 01:15:03.293 -->  01:15:06.735],AB,SPEAKER_20,4503.29346875,4506.735968749999
[ 01:15:07.140 -->  01:15:07.950],AB,SPEAKER_20,4507.14096875,4507.950968749999
[ 01:15:08.744 -->  01:15:17.907],AB,SPEAKER_20,4508.74409375,4517.9072187500005
[ 01:15:18.126 -->  01:15:20.944],AB,SPEAKER_20,4518.126593749999,4520.944718750001
[ 01:15:21.164 -->  01:15:21.855],AB,SPEAKER_20,4521.16409375,4521.85596875
[ 01:15:22.176 -->  01:15:25.349],AB,SPEAKER_20,4522.17659375,4525.349093750001
[ 01:15:25.433 -->  01:15:43.034],AB,SPEAKER_20,4525.4334687499995,4543.0340937500005
[ 01:15:43.506 -->  01:15:45.970],AB,SPEAKER_20,4543.50659375,4545.970343749999
[ 01:15:46.392 -->  01:15:50.492],AB,SPEAKER_20,4546.392218749999,4550.49284375
[ 01:15:51.032 -->  01:15:52.399],AB,SPEAKER_20,4551.032843749999,4552.399718750001
[ 01:15:53.260 -->  01:16:01.596],AB,SPEAKER_20,4553.26034375,4561.5965937500005
[ 01:16:00.955 -->  01:16:01.697],F,SPEAKER_43,4560.95534375,4561.69784375
[ 01:16:02.254 -->  01:16:02.895],F,SPEAKER_43,4562.25471875,4562.895968750001
[ 01:16:02.845 -->  01:16:13.881],AB,SPEAKER_20,4562.845343749999,4573.88159375
[ 01:16:13.949 -->  01:16:13.965],AB,SPEAKER_20,4573.9490937499995,4573.965968750001
[ 01:16:13.965 -->  01:16:16.649],X,SPEAKER_16,4573.965968750001,4576.64909375
[ 01:16:14.151 -->  01:16:25.778],AB,SPEAKER_20,4574.151593750001,4585.778468750001
[ 01:16:23.584 -->  01:16:28.005],AF,SPEAKER_25,4583.58471875,4588.00596875
[ 01:16:28.360 -->  01:16:30.284],AF,SPEAKER_25,4588.3603437500005,4590.2840937500005
[ 01:16:30.705 -->  01:16:34.114],AF,SPEAKER_25,4590.7059687500005,4594.114718750001
[ 01:16:35.498 -->  01:16:36.173],AF,SPEAKER_25,4595.49846875,4596.173468749999
[ 01:16:36.578 -->  01:16:37.219],AF,SPEAKER_25,4596.57846875,4597.2197187500005
[ 01:16:38.468 -->  01:16:39.025],AF,SPEAKER_25,4598.468468749999,4599.02534375
[ 01:16:39.379 -->  01:16:41.489],AF,SPEAKER_25,4599.37971875,4601.48909375
[ 01:16:41.624 -->  01:16:50.348],AF,SPEAKER_25,4601.624093750001,4610.34846875
[ 01:16:50.415 -->  01:16:51.310],AF,SPEAKER_25,4610.41596875,4611.310343749999
[ 01:16:51.867 -->  01:16:54.482],AF,SPEAKER_25,4611.86721875,4614.48284375
[ 01:16:55.664 -->  01:17:03.257],AF,SPEAKER_25,4615.66409375,4623.25784375
[ 01:17:03.612 -->  01:17:05.063],AF,SPEAKER_25,4623.6122187500005,4625.0634687500005
[ 01:17:05.519 -->  01:17:08.759],AF,SPEAKER_25,4625.519093749999,4628.759093750001
[ 01:17:09.265 -->  01:17:10.986],AF,SPEAKER_25,4629.265343749999,4630.98659375
[ 01:17:11.509 -->  01:17:12.066],AF,SPEAKER_25,4631.50971875,4632.06659375
[ 01:17:12.623 -->  01:17:13.922],AF,SPEAKER_25,4632.62346875,4633.9228437500005
[ 01:17:13.973 -->  01:17:14.024],AF,SPEAKER_25,4633.97346875,4634.02409375
[ 01:17:14.260 -->  01:17:14.699],AF,SPEAKER_25,4634.26034375,4634.6990937499995
[ 01:17:15.407 -->  01:17:20.639],AB,SPEAKER_20,4635.407843749999,4640.63909375
[ 01:17:20.807 -->  01:17:24.840],AB,SPEAKER_20,4640.807843750001,4644.840968750001
[ 01:17:21.314 -->  01:17:22.714],AF,SPEAKER_25,4641.314093749999,4642.7147187499995
[ 01:17:23.895 -->  01:17:23.912],AC,SPEAKER_21,4643.895968750001,4643.91284375
[ 01:17:23.912 -->  01:17:23.963],X,SPEAKER_16,4643.91284375,4643.96346875
[ 01:17:23.963 -->  01:17:24.047],AF,SPEAKER_25,4643.96346875,4644.0478437500005
[ 01:17:25.330 -->  01:17:29.363],AB,SPEAKER_20,4645.33034375,4649.36346875
[ 01:17:27.878 -->  01:17:34.037],AF,SPEAKER_25,4647.878468749999,4654.03784375
[ 01:17:31.304 -->  01:17:31.759],AB,SPEAKER_20,4651.304093750001,4651.75971875
[ 01:17:32.957 -->  01:17:33.514],AB,SPEAKER_20,4652.95784375,4653.514718750001
[ 01:17:34.122 -->  01:17:40.500],AF,SPEAKER_25,4654.122218750001,4660.5009687500005
[ 01:17:40.652 -->  01:17:42.239],AF,SPEAKER_25,4660.65284375,4662.23909375
[ 01:17:42.795 -->  01:17:45.293],AF,SPEAKER_25,4662.795968750001,4665.29346875
[ 01:17:45.698 -->  01:17:46.238],AF,SPEAKER_25,4665.698468750001,4666.23846875
[ 01:17:46.491 -->  01:17:50.339],AF,SPEAKER_25,4666.491593750001,4670.339093750001
[ 01:17:50.693 -->  01:17:52.195],AF,SPEAKER_25,4670.69346875,4672.19534375
[ 01:17:53.005 -->  01:17:54.372],AF,SPEAKER_25,4673.005343750001,4674.372218750001
[ 01:17:55.165 -->  01:17:59.367],AF,SPEAKER_25,4675.165343750001,4679.36721875
[ 01:17:59.839 -->  01:18:02.354],AF,SPEAKER_25,4679.8397187499995,4682.35409375
[ 01:18:02.843 -->  01:18:03.585],AF,SPEAKER_25,4682.843468749999,4683.58596875
[ 01:18:04.649 -->  01:18:05.914],AF,SPEAKER_25,4684.64909375,4685.91471875
[ 01:18:06.134 -->  01:18:08.834],AF,SPEAKER_25,4686.134093750001,4688.83409375
[ 01:18:09.222 -->  01:18:09.728],AF,SPEAKER_25,4689.222218749999,4689.72846875
[ 01:18:10.234 -->  01:18:14.959],AF,SPEAKER_25,4690.23471875,4694.95971875
[ 01:18:15.516 -->  01:18:16.360],AF,SPEAKER_25,4695.5165937500005,4696.3603437500005
[ 01:18:16.967 -->  01:18:18.689],AF,SPEAKER_25,4696.967843750001,4698.689093749999
[ 01:18:19.296 -->  01:18:19.667],AF,SPEAKER_25,4699.296593749999,4699.6678437499995
[ 01:18:20.325 -->  01:18:20.933],AF,SPEAKER_25,4700.325968749999,4700.9334687499995
[ 01:18:21.608 -->  01:18:28.544],AF,SPEAKER_25,4701.608468750001,4708.544093750001
[ 01:18:31.379 -->  01:18:31.767],AF,SPEAKER_25,4711.37909375,4711.767218749999
[ 01:18:32.475 -->  01:18:33.336],AG,SPEAKER_26,4712.475968750001,4713.33659375
[ 01:18:34.973 -->  01:18:35.513],AF,SPEAKER_25,4714.97346875,4715.513468749999
[ 01:18:36.509 -->  01:18:36.812],AF,SPEAKER_25,4716.509093750001,4716.81284375
[ 01:18:40.356 -->  01:18:49.637],AO,SPEAKER_35,4720.356593750001,4729.637843750001
[ 01:18:49.890 -->  01:18:53.620],AO,SPEAKER_35,4729.89096875,4733.620343750001
[ 01:18:54.143 -->  01:18:59.324],AO,SPEAKER_35,4734.1434687500005,4739.3240937499995
[ 01:18:59.762 -->  01:19:08.031],AO,SPEAKER_35,4739.762843750001,4748.03159375
[ 01:19:08.571 -->  01:19:10.242],AO,SPEAKER_35,4748.571593750001,4750.24221875
[ 01:19:11.153 -->  01:19:11.237],AO,SPEAKER_35,4751.153468750001,4751.237843750001
[ 01:19:12.874 -->  01:19:13.448],AO,SPEAKER_35,4752.874718749999,4753.448468750001
[ 01:19:15.135 -->  01:19:15.220],AO,SPEAKER_35,4755.135968750001,4755.220343749999
[ 01:19:15.220 -->  01:19:15.270],X,SPEAKER_16,4755.220343749999,4755.270968750001
[ 01:19:15.270 -->  01:19:15.675],AO,SPEAKER_35,4755.270968750001,4755.67596875
[ 01:19:15.675 -->  01:19:15.794],X,SPEAKER_16,4755.67596875,4755.794093750001
[ 01:19:18.021 -->  01:19:30.728],AO,SPEAKER_35,4758.02159375,4770.72846875
[ 01:19:41.730 -->  01:19:42.169],O,SPEAKER_06,4781.73096875,4782.169718749999
[ 01:19:42.996 -->  01:19:49.004],O,SPEAKER_06,4782.99659375,4789.00409375
[ 01:19:49.662 -->  01:19:54.235],O,SPEAKER_06,4789.66221875,4794.2353437500005
[ 01:19:55.484 -->  01:20:01.440],O,SPEAKER_06,4795.484093749999,4801.440968750001
[ 01:20:02.369 -->  01:20:05.237],O,SPEAKER_06,4802.36909375,4805.237843750001
[ 01:20:05.288 -->  01:20:06.081],O,SPEAKER_06,4805.288468750001,4806.081593750001
[ 01:20:06.199 -->  01:20:09.186],O,SPEAKER_06,4806.19971875,4809.186593750001
[ 01:20:10.401 -->  01:20:12.443],O,SPEAKER_06,4810.401593750001,4812.44346875
[ 01:20:12.460 -->  01:20:13.742],O,SPEAKER_06,4812.460343750001,4813.74284375
[ 01:20:14.164 -->  01:20:16.392],O,SPEAKER_06,4814.16471875,4816.392218749999
[ 01:20:16.729 -->  01:20:18.417],O,SPEAKER_06,4816.729718750001,4818.417218750001
[ 01:20:18.957 -->  01:20:22.973],O,SPEAKER_06,4818.95721875,4822.97346875
[ 01:20:23.412 -->  01:20:25.167],O,SPEAKER_06,4823.41221875,4825.167218750001
[ 01:20:26.112 -->  01:20:27.765],O,SPEAKER_06,4826.1122187500005,4827.76596875
[ 01:20:28.440 -->  01:20:33.199],O,SPEAKER_06,4828.440968750001,4833.19971875
[ 01:20:34.802 -->  01:20:38.667],O,SPEAKER_06,4834.80284375,4838.667218750001
[ 01:20:39.139 -->  01:20:43.780],O,SPEAKER_06,4839.139718750001,4843.780343750001
[ 01:20:44.269 -->  01:20:49.686],O,SPEAKER_06,4844.26971875,4849.686593750001
[ 01:20:49.973 -->  01:20:52.420],O,SPEAKER_06,4849.97346875,4852.42034375
[ 01:20:53.027 -->  01:20:55.744],O,SPEAKER_06,4853.02784375,4855.74471875
[ 01:20:56.909 -->  01:20:59.676],O,SPEAKER_06,4856.9090937500005,4859.67659375
[ 01:21:00.216 -->  01:21:01.870],O,SPEAKER_06,4860.216593749999,4861.870343750001
[ 01:21:01.971 -->  01:21:04.300],O,SPEAKER_06,4861.9715937500005,4864.300343750001
[ 01:21:04.334 -->  01:21:06.527],O,SPEAKER_06,4864.33409375,4866.52784375
[ 01:21:06.797 -->  01:21:07.506],O,SPEAKER_06,4866.7978437500005,4867.50659375
[ 01:21:07.759 -->  01:21:09.008],O,SPEAKER_06,4867.75971875,4869.00846875
[ 01:21:09.902 -->  01:21:14.610],O,SPEAKER_06,4869.90284375,4874.610968749999
[ 01:21:15.066 -->  01:21:16.163],O,SPEAKER_06,4875.06659375,4876.163468750001
[ 01:21:16.686 -->  01:21:17.783],O,SPEAKER_06,4876.686593750001,4877.78346875
[ 01:21:18.694 -->  01:21:19.960],O,SPEAKER_06,4878.694718750001,4879.960343750001
[ 01:21:20.567 -->  01:21:21.749],O,SPEAKER_06,4880.567843750001,4881.749093750001
[ 01:21:22.137 -->  01:21:23.318],O,SPEAKER_06,4882.13721875,4883.31846875
[ 01:21:23.436 -->  01:21:24.735],O,SPEAKER_06,4883.436593750001,4884.735968749999
[ 01:21:25.022 -->  01:21:26.322],O,SPEAKER_06,4885.022843750001,4886.32221875
[ 01:21:26.693 -->  01:21:28.364],O,SPEAKER_06,4886.69346875,4888.36409375
[ 01:21:29.174 -->  01:21:33.156],O,SPEAKER_06,4889.17409375,4893.15659375
[ 01:21:34.219 -->  01:21:37.425],O,SPEAKER_06,4894.2197187500005,4897.42596875
[ 01:21:37.932 -->  01:21:42.319],O,SPEAKER_06,4897.93221875,4902.319718750001
[ 01:21:43.332 -->  01:21:46.470],O,SPEAKER_06,4903.33221875,4906.47096875
[ 01:21:47.044 -->  01:21:50.942],O,SPEAKER_06,4907.044718749999,4910.942843750001
[ 01:21:51.246 -->  01:21:52.394],O,SPEAKER_06,4911.24659375,4912.394093750001
[ 01:21:52.765 -->  01:21:54.705],O,SPEAKER_06,4912.765343749999,4914.7059687500005
[ 01:21:55.600 -->  01:21:57.625],O,SPEAKER_06,4915.60034375,4917.62534375
[ 01:21:58.064 -->  01:22:00.595],O,SPEAKER_06,4918.064093749999,4920.595343749999
[ 01:22:02.856 -->  01:22:06.113],O,SPEAKER_06,4922.856593750001,4926.11346875
[ 01:22:06.771 -->  01:22:11.766],O,SPEAKER_06,4926.77159375,4931.7665937500005
[ 01:22:12.205 -->  01:22:15.445],O,SPEAKER_06,4932.20534375,4935.44534375
[ 01:22:15.867 -->  01:22:16.947],O,SPEAKER_06,4935.86721875,4936.94721875
[ 01:22:17.520 -->  01:22:21.081],O,SPEAKER_06,4937.520968750001,4941.081593750001
[ 01:22:21.351 -->  01:22:23.984],O,SPEAKER_06,4941.35159375,4943.984093749999
[ 01:22:24.169 -->  01:22:25.789],O,SPEAKER_06,4944.169718749999,4945.78971875
[ 01:22:27.392 -->  01:22:33.518],O,SPEAKER_06,4947.39284375,4953.5184687500005
[ 01:22:34.902 -->  01:22:39.002],O,SPEAKER_06,4954.9022187499995,4959.0028437500005
[ 01:22:39.812 -->  01:22:45.094],O,SPEAKER_06,4959.81284375,4965.0947187500005
[ 01:22:45.600 -->  01:22:47.811],O,SPEAKER_06,4965.600968750001,4967.811593750001
[ 01:22:48.250 -->  01:22:49.904],O,SPEAKER_06,4968.25034375,4969.904093749999
[ 01:22:50.055 -->  01:22:51.034],O,SPEAKER_06,4970.055968750001,4971.034718750001
[ 01:22:51.422 -->  01:22:51.979],O,SPEAKER_06,4971.4228437500005,4971.979718750001
[ 01:22:52.182 -->  01:22:53.785],O,SPEAKER_06,4972.18221875,4973.78534375
[ 01:23:00.974 -->  01:23:05.800],O,SPEAKER_06,4980.974093750001,4985.800343750001
[ 01:23:06.306 -->  01:23:07.504],O,SPEAKER_06,4986.30659375,4987.50471875
[ 01:23:07.960 -->  01:23:12.297],O,SPEAKER_06,4987.960343750001,4992.29721875
[ 01:23:12.651 -->  01:23:16.988],O,SPEAKER_06,4992.651593750001,4996.98846875
[ 01:23:17.832 -->  01:23:21.544],O,SPEAKER_06,4997.83221875,5001.544718749999
[ 01:23:22.624 -->  01:23:27.855],O,SPEAKER_06,5002.624718749999,5007.85596875
[ 01:23:28.294 -->  01:23:31.112],O,SPEAKER_06,5008.294718749999,5011.112843750001
[ 01:23:31.821 -->  01:23:33.390],O,SPEAKER_06,5011.821593750001,5013.39096875
[ 01:23:34.302 -->  01:23:36.934],O,SPEAKER_06,5014.302218750001,5016.934718750001
[ 01:23:38.672 -->  01:23:40.090],O,SPEAKER_06,5018.6728437500005,5020.09034375
[ 01:23:40.545 -->  01:23:42.975],O,SPEAKER_06,5020.545968750001,5022.975968750001
[ 01:23:42.975 -->  01:23:43.026],E,SPEAKER_34,5022.975968750001,5023.026593750001
[ 01:23:43.026 -->  01:23:43.178],O,SPEAKER_06,5023.026593750001,5023.17846875
[ 01:23:43.178 -->  01:23:43.262],E,SPEAKER_34,5023.17846875,5023.262843750001
[ 01:23:43.262 -->  01:23:43.465],O,SPEAKER_06,5023.262843750001,5023.46534375
[ 01:23:43.465 -->  01:23:43.971],E,SPEAKER_34,5023.46534375,5023.9715937500005
[ 01:23:43.971 -->  01:23:44.984],O,SPEAKER_06,5023.9715937500005,5024.984093749999
[ 01:23:45.355 -->  01:23:45.760],O,SPEAKER_06,5025.3553437499995,5025.76034375
[ 01:23:45.760 -->  01:23:45.777],E,SPEAKER_34,5025.76034375,5025.7772187499995
[ 01:23:45.878 -->  01:23:45.895],E,SPEAKER_34,5025.878468750001,5025.89534375
[ 01:23:45.895 -->  01:23:47.346],O,SPEAKER_06,5025.89534375,5027.3465937500005
[ 01:23:47.802 -->  01:23:49.911],O,SPEAKER_06,5027.802218750001,5029.911593750001
[ 01:23:50.586 -->  01:23:50.940],O,SPEAKER_06,5030.58659375,5030.940968750001
[ 01:23:51.683 -->  01:23:53.117],O,SPEAKER_06,5031.6834687499995,5033.11784375
[ 01:23:55.716 -->  01:23:56.897],O,SPEAKER_06,5035.716593749999,5036.897843750001
[ 01:23:57.960 -->  01:24:02.500],O,SPEAKER_06,5037.96096875,5042.50034375
[ 01:24:02.905 -->  01:24:05.031],O,SPEAKER_06,5042.905343750001,5045.03159375
[ 01:24:06.162 -->  01:24:10.380],O,SPEAKER_06,5046.16221875,5050.38096875
[ 01:24:10.887 -->  01:24:13.823],O,SPEAKER_06,5050.88721875,5053.823468750001
[ 01:24:14.144 -->  01:24:16.877],O,SPEAKER_06,5054.144093750001,5056.8778437500005
[ 01:24:17.147 -->  01:24:20.100],O,SPEAKER_06,5057.147843750001,5060.100968750001
[ 01:24:20.775 -->  01:24:23.864],O,SPEAKER_06,5060.77596875,5063.86409375
[ 01:24:24.488 -->  01:24:25.973],O,SPEAKER_06,5064.48846875,5065.97346875
[ 01:24:26.243 -->  01:24:29.466],O,SPEAKER_06,5066.243468750001,5069.466593749999
[ 01:24:30.023 -->  01:24:34.529],O,SPEAKER_06,5070.02346875,5074.529093749999
[ 01:24:35.727 -->  01:24:37.971],O,SPEAKER_06,5075.72721875,5077.9715937500005
[ 01:24:38.174 -->  01:24:39.456],O,SPEAKER_06,5078.17409375,5079.456593750001
[ 01:24:39.659 -->  01:24:40.300],O,SPEAKER_06,5079.6590937500005,5080.300343750001
[ 01:24:40.992 -->  01:24:42.021],O,SPEAKER_06,5080.99221875,5082.02159375
[ 01:24:43.489 -->  01:24:45.987],O,SPEAKER_06,5083.489718750001,5085.9872187500005
[ 01:24:47.050 -->  01:24:53.766],O,SPEAKER_06,5087.050343750001,5093.7665937500005
[ 01:24:54.930 -->  01:24:56.787],O,SPEAKER_06,5094.930968750001,5096.78721875
[ 01:24:57.242 -->  01:25:00.533],O,SPEAKER_06,5097.24284375,5100.53346875
[ 01:25:01.056 -->  01:25:04.364],O,SPEAKER_06,5101.05659375,5104.36409375
[ 01:25:05.039 -->  01:25:09.831],O,SPEAKER_06,5105.03909375,5109.831593750001
[ 01:25:10.759 -->  01:25:12.464],O,SPEAKER_06,5110.75971875,5112.464093750001
[ 01:25:12.801 -->  01:25:14.674],O,SPEAKER_06,5112.80159375,5114.6747187500005
[ 01:25:15.029 -->  01:25:15.585],O,SPEAKER_06,5115.029093749999,5115.58596875
[ 01:25:16.395 -->  01:25:18.505],O,SPEAKER_06,5116.395968750001,5118.505343750001
[ 01:25:19.011 -->  01:25:21.255],O,SPEAKER_06,5119.0115937499995,5121.25596875
[ 01:25:21.677 -->  01:25:22.538],O,SPEAKER_06,5121.67784375,5122.538468750001
[ 01:25:22.842 -->  01:25:23.854],O,SPEAKER_06,5122.84221875,5123.854718750001
[ 01:25:24.107 -->  01:25:24.884],O,SPEAKER_06,5124.10784375,5124.884093750001
[ 01:25:25.778 -->  01:25:27.432],O,SPEAKER_06,5125.778468750001,5127.43221875
[ 01:25:27.887 -->  01:25:29.001],O,SPEAKER_06,5127.887843750001,5129.001593749999
[ 01:25:29.423 -->  01:25:30.975],O,SPEAKER_06,5129.423468749999,5130.975968750001
[ 01:25:32.444 -->  01:25:32.747],O,SPEAKER_06,5132.44409375,5132.747843749999
[ 01:25:33.000 -->  01:25:36.696],O,SPEAKER_06,5133.0009687500005,5136.696593750001
[ 01:25:36.949 -->  01:25:40.965],O,SPEAKER_06,5136.94971875,5140.965968750001
[ 01:25:41.100 -->  01:25:44.104],O,SPEAKER_06,5141.100968750001,5144.104718750001
[ 01:25:44.560 -->  01:25:46.517],O,SPEAKER_06,5144.560343749999,5146.51784375
[ 01:25:47.277 -->  01:25:52.559],O,SPEAKER_06,5147.2772187499995,5152.55909375
[ 01:25:53.200 -->  01:25:55.545],O,SPEAKER_06,5153.200343750001,5155.545968750001
[ 01:25:55.815 -->  01:25:58.870],O,SPEAKER_06,5155.815968750001,5158.870343750001
[ 01:25:59.157 -->  01:26:01.806],O,SPEAKER_06,5159.1572187500005,5161.80659375
[ 01:26:03.882 -->  01:26:09.585],O,SPEAKER_06,5163.882218750001,5169.58596875
[ 01:26:09.754 -->  01:26:12.792],O,SPEAKER_06,5169.75471875,5172.792218750001
[ 01:26:13.163 -->  01:26:14.715],O,SPEAKER_06,5173.163468750001,5174.715968750001
[ 01:26:14.969 -->  01:26:16.352],O,SPEAKER_06,5174.96909375,5176.352843750001
[ 01:26:16.859 -->  01:26:18.546],O,SPEAKER_06,5176.859093749999,5178.546593749999
[ 01:26:18.614 -->  01:26:19.930],O,SPEAKER_06,5178.61409375,5179.93034375
[ 01:26:20.369 -->  01:26:23.980],O,SPEAKER_06,5180.36909375,5183.9803437499995
[ 01:26:24.756 -->  01:26:25.920],O,SPEAKER_06,5184.75659375,5185.920968750001
[ 01:26:26.325 -->  01:26:28.317],O,SPEAKER_06,5186.325968749999,5188.31721875
[ 01:26:28.654 -->  01:26:33.700],O,SPEAKER_06,5188.65471875,5193.700343750001
[ 01:26:42.255 -->  01:26:46.643],O,SPEAKER_06,5202.25596875,5206.6434687500005
[ 01:26:47.250 -->  01:26:50.339],O,SPEAKER_06,5207.2509687500005,5210.339093750001
[ 01:26:50.507 -->  01:26:54.726],O,SPEAKER_06,5210.50784375,5214.72659375
[ 01:26:55.114 -->  01:26:57.629],O,SPEAKER_06,5215.114718750001,5217.62909375
[ 01:26:58.202 -->  01:26:59.620],O,SPEAKER_06,5218.202843749999,5219.620343750001
[ 01:27:00.666 -->  01:27:06.741],O,SPEAKER_06,5220.66659375,5226.741593750001
[ 01:27:07.349 -->  01:27:10.875],O,SPEAKER_06,5227.349093750001,5230.8759687500005
[ 01:27:11.601 -->  01:27:12.411],O,SPEAKER_06,5231.60159375,5232.411593750001
[ 01:27:16.039 -->  01:27:18.014],O,SPEAKER_06,5236.03971875,5238.01409375
[ 01:27:19.195 -->  01:27:19.330],X,SPEAKER_16,5239.19534375,5239.33034375
[ 01:27:19.853 -->  01:27:20.106],X,SPEAKER_16,5239.85346875,5240.106593750001
[ 01:27:21.051 -->  01:27:22.502],O,SPEAKER_06,5241.05159375,5242.5028437500005
[ 01:27:23.160 -->  01:27:27.210],O,SPEAKER_06,5243.16096875,5247.21096875
[ 01:27:27.953 -->  01:27:31.294],O,SPEAKER_06,5247.95346875,5251.294718749999
[ 01:27:31.564 -->  01:27:36.795],O,SPEAKER_06,5251.56471875,5256.795968750001
[ 01:27:37.825 -->  01:27:40.103],O,SPEAKER_06,5257.825343750001,5260.10346875
[ 01:27:40.862 -->  01:27:44.035],O,SPEAKER_06,5260.862843750001,5264.03534375
[ 01:27:44.406 -->  01:27:46.819],O,SPEAKER_06,5264.40659375,5266.819718750001
[ 01:27:47.123 -->  01:27:48.203],O,SPEAKER_06,5267.12346875,5268.20346875
[ 01:27:48.540 -->  01:27:50.363],O,SPEAKER_06,5268.54096875,5270.36346875
[ 01:27:50.397 -->  01:27:51.291],O,SPEAKER_06,5270.39721875,5271.29159375
[ 01:27:58.210 -->  01:28:05.922],O,SPEAKER_06,5278.210343750001,5285.92221875
[ 01:28:06.259 -->  01:28:07.845],O,SPEAKER_06,5286.25971875,5287.84596875
[ 01:28:09.938 -->  01:28:15.540],O,SPEAKER_06,5289.9384687500005,5295.54096875
[ 01:28:16.215 -->  01:28:21.902],O,SPEAKER_06,5296.215968750001,5301.90284375
[ 01:28:22.290 -->  01:28:23.033],O,SPEAKER_06,5302.29096875,5303.03346875
[ 01:28:23.640 -->  01:28:27.623],O,SPEAKER_06,5303.64096875,5307.62346875
[ 01:28:27.960 -->  01:28:28.703],O,SPEAKER_06,5307.96096875,5308.70346875
[ 01:28:28.973 -->  01:28:30.424],O,SPEAKER_06,5308.97346875,5310.4247187500005
[ 01:28:32.145 -->  01:28:34.356],O,SPEAKER_06,5312.145968750001,5314.356593750001
[ 01:28:34.761 -->  01:28:37.748],O,SPEAKER_06,5314.7615937499995,5317.74846875
[ 01:28:38.305 -->  01:28:40.161],O,SPEAKER_06,5318.30534375,5320.161593750001
[ 01:28:40.532 -->  01:28:42.000],O,SPEAKER_06,5320.532843749999,5322.0009687500005
[ 01:28:42.439 -->  01:28:45.780],O,SPEAKER_06,5322.43971875,5325.780968749999
[ 01:28:46.101 -->  01:28:48.160],O,SPEAKER_06,5326.10159375,5328.16034375
[ 01:28:48.649 -->  01:28:50.944],O,SPEAKER_06,5328.649718750001,5330.944718750001
[ 01:28:51.450 -->  01:28:56.631],O,SPEAKER_06,5331.450968749999,5336.63159375
[ 01:28:57.947 -->  01:29:02.537],O,SPEAKER_06,5337.94784375,5342.53784375
[ 01:29:04.242 -->  01:29:07.752],O,SPEAKER_06,5344.24221875,5347.75221875
[ 01:29:08.764 -->  01:29:10.097],O,SPEAKER_06,5348.764718750001,5350.09784375
[ 01:29:11.025 -->  01:29:12.105],O,SPEAKER_06,5351.02596875,5352.10596875
[ 01:29:12.578 -->  01:29:14.400],O,SPEAKER_06,5352.57846875,5354.40096875
[ 01:29:14.890 -->  01:29:17.522],O,SPEAKER_06,5354.890343749999,5357.522843750001
[ 01:29:19.412 -->  01:29:20.999],O,SPEAKER_06,5359.41284375,5360.999093750001
[ 01:29:22.450 -->  01:29:23.817],O,SPEAKER_06,5362.450343750001,5363.81721875
[ 01:29:25.859 -->  01:29:33.452],O,SPEAKER_06,5365.859093749999,5373.452843749999
[ 01:29:33.891 -->  01:29:37.570],O,SPEAKER_06,5373.8915937500005,5377.57034375
[ 01:29:46.395 -->  01:29:49.079],O,SPEAKER_06,5386.395968750001,5389.0790937500005
[ 01:29:49.416 -->  01:29:50.800],O,SPEAKER_06,5389.41659375,5390.800343750001
[ 01:29:51.340 -->  01:29:53.280],O,SPEAKER_06,5391.34034375,5393.280968749999
[ 01:29:53.854 -->  01:29:57.364],O,SPEAKER_06,5393.854718750001,5397.364718750001
[ 01:29:57.634 -->  01:29:59.136],O,SPEAKER_06,5397.63471875,5399.1365937499995
[ 01:29:59.625 -->  01:30:01.110],O,SPEAKER_06,5399.6259687500005,5401.110968749999
[ 01:30:02.055 -->  01:30:04.435],O,SPEAKER_06,5402.055968750001,5404.435343749999
[ 01:30:07.388 -->  01:30:09.194],O,SPEAKER_06,5407.388468749999,5409.19409375
[ 01:30:10.155 -->  01:30:19.032],O,SPEAKER_06,5410.155968749999,5419.0322187500005
[ 01:30:19.251 -->  01:30:20.297],O,SPEAKER_06,5419.251593749999,5420.2978437500005
[ 01:30:20.534 -->  01:30:24.533],O,SPEAKER_06,5420.5340937500005,5424.53346875
[ 01:30:25.056 -->  01:30:25.410],O,SPEAKER_06,5425.05659375,5425.41096875
[ 01:30:26.187 -->  01:30:27.351],O,SPEAKER_06,5426.187218749999,5427.35159375
[ 01:30:27.739 -->  01:30:28.971],O,SPEAKER_06,5427.739718750001,5428.9715937500005
[ 01:30:29.562 -->  01:30:30.152],O,SPEAKER_06,5429.562218749999,5430.15284375
[ 01:30:30.270 -->  01:30:34.337],O,SPEAKER_06,5430.270968750001,5434.33784375
[ 01:30:34.725 -->  01:30:36.919],O,SPEAKER_06,5434.725968750001,5436.919718749999
[ 01:30:37.189 -->  01:30:38.354],O,SPEAKER_06,5437.18971875,5438.35409375
[ 01:30:38.539 -->  01:30:40.395],O,SPEAKER_06,5438.53971875,5440.395968750001
[ 01:30:40.463 -->  01:30:43.281],O,SPEAKER_06,5440.46346875,5443.28159375
[ 01:30:44.226 -->  01:30:45.255],O,SPEAKER_06,5444.22659375,5445.25596875
[ 01:30:45.880 -->  01:30:48.479],O,SPEAKER_06,5445.880343750001,5448.47909375
[ 01:30:48.732 -->  01:30:50.132],O,SPEAKER_06,5448.732218749999,5450.13284375
[ 01:30:50.453 -->  01:30:52.005],O,SPEAKER_06,5450.45346875,5452.00596875
[ 01:30:52.815 -->  01:30:56.089],O,SPEAKER_06,5452.815968750001,5456.0897187499995
[ 01:30:56.511 -->  01:30:57.034],O,SPEAKER_06,5456.5115937499995,5457.034718750001
[ 01:30:57.507 -->  01:31:01.034],O,SPEAKER_06,5457.507218750001,5461.0340937500005
[ 01:31:01.455 -->  01:31:03.599],O,SPEAKER_06,5461.4559687500005,5463.599093750001
[ 01:31:04.088 -->  01:31:04.949],O,SPEAKER_06,5464.08846875,5464.9490937499995
[ 01:31:05.927 -->  01:31:06.720],O,SPEAKER_06,5465.92784375,5466.72096875
[ 01:31:07.007 -->  01:31:10.568],O,SPEAKER_06,5467.00784375,5470.56846875
[ 01:31:10.838 -->  01:31:11.445],O,SPEAKER_06,5470.83846875,5471.44596875
[ 01:31:12.053 -->  01:31:12.677],O,SPEAKER_06,5472.05346875,5472.67784375
[ 01:31:13.099 -->  01:31:16.035],O,SPEAKER_06,5473.09971875,5476.03596875
[ 01:31:16.035 -->  01:31:16.440],U,SPEAKER_13,5476.03596875,5476.440968750001
[ 01:31:17.031 -->  01:31:18.027],O,SPEAKER_06,5477.03159375,5478.0272187499995
[ 01:31:18.246 -->  01:31:18.854],O,SPEAKER_06,5478.24659375,5478.85409375
[ 01:31:18.972 -->  01:31:19.883],O,SPEAKER_06,5478.972218750001,5479.88346875
[ 01:31:20.541 -->  01:31:21.992],O,SPEAKER_06,5480.54159375,5481.99284375
[ 01:31:22.077 -->  01:31:23.798],X,SPEAKER_16,5482.077218750001,5483.798468749999
[ 01:31:25.266 -->  01:31:26.363],O,SPEAKER_06,5485.2665937500005,5486.36346875
[ 01:31:25.739 -->  01:31:25.874],X,SPEAKER_16,5485.73909375,5485.874093750001
[ 01:31:27.274 -->  01:31:31.392],O,SPEAKER_06,5487.274718750001,5491.392218749999
[ 01:31:32.978 -->  01:31:34.260],X,SPEAKER_16,5492.97846875,5494.260968750001
[ 01:31:34.277 -->  01:31:34.632],X,SPEAKER_16,5494.27784375,5494.632218750001
[ 01:31:38.462 -->  01:31:39.222],O,SPEAKER_06,5498.46284375,5499.222218750001
[ 01:31:39.525 -->  01:31:41.652],O,SPEAKER_06,5499.52596875,5501.6522187499995
[ 01:31:42.209 -->  01:31:45.162],O,SPEAKER_06,5502.20909375,5505.16221875
[ 01:31:45.651 -->  01:31:47.355],O,SPEAKER_06,5505.651593750001,5507.35596875
[ 01:31:47.423 -->  01:31:48.689],O,SPEAKER_06,5507.423468749999,5508.689093749999
[ 01:31:48.925 -->  01:31:52.232],O,SPEAKER_06,5508.925343750001,5512.23284375
[ 01:31:52.975 -->  01:31:53.025],X,SPEAKER_16,5512.97534375,5513.02596875
[ 01:31:53.093 -->  01:31:53.144],X,SPEAKER_16,5513.093468749999,5513.144093750001
[ 01:31:53.177 -->  01:31:53.346],X,SPEAKER_16,5513.17784375,5513.3465937500005
[ 01:31:53.515 -->  01:31:53.650],X,SPEAKER_16,5513.515343749999,5513.65034375
[ 01:31:53.920 -->  01:31:53.954],X,SPEAKER_16,5513.92034375,5513.9540937500005
[ 01:31:53.970 -->  01:31:54.038],X,SPEAKER_16,5513.97096875,5514.038468750001
[ 01:32:00.062 -->  01:32:02.459],O,SPEAKER_06,5520.06284375,5522.45909375
[ 01:32:02.678 -->  01:32:06.812],O,SPEAKER_06,5522.67846875,5526.81284375
[ 01:32:07.926 -->  01:32:11.217],O,SPEAKER_06,5527.92659375,5531.21721875
[ 01:32:12.027 -->  01:32:12.415],O,SPEAKER_06,5532.0272187499995,5532.415343750001
[ 01:32:12.837 -->  01:32:14.490],O,SPEAKER_06,5532.837218750001,5534.49096875
[ 01:32:14.744 -->  01:32:15.908],O,SPEAKER_06,5534.74409375,5535.90846875
[ 01:32:16.515 -->  01:32:17.916],O,SPEAKER_06,5536.51596875,5537.91659375
[ 01:32:17.967 -->  01:32:20.025],O,SPEAKER_06,5537.96721875,5540.02596875
[ 01:32:20.532 -->  01:32:20.920],O,SPEAKER_06,5540.5322187500005,5540.92034375
[ 01:32:35.162 -->  01:32:37.272],AF,SPEAKER_25,5555.16284375,5557.27221875
[ 01:32:37.592 -->  01:32:42.149],AF,SPEAKER_25,5557.592843750001,5562.14909375
[ 01:32:44.730 -->  01:32:47.025],AQ,SPEAKER_37,5564.73096875,5567.02596875
[ 01:32:47.127 -->  01:32:48.038],AQ,SPEAKER_37,5567.12721875,5568.038468750001
[ 01:32:48.713 -->  01:32:52.054],AQ,SPEAKER_37,5568.71346875,5572.05471875
[ 01:32:53.134 -->  01:32:58.720],AQ,SPEAKER_37,5573.13471875,5578.720343749999
[ 01:33:00.053 -->  01:33:05.082],AQ,SPEAKER_37,5580.05346875,5585.08221875
[ 01:33:05.284 -->  01:33:07.394],AQ,SPEAKER_37,5585.284718750001,5587.394093750001
[ 01:33:06.870 -->  01:33:10.195],AF,SPEAKER_25,5586.8709687499995,5590.19534375
[ 01:33:08.760 -->  01:33:09.014],AQ,SPEAKER_37,5588.760968750001,5589.01409375
[ 01:33:10.009 -->  01:33:11.815],AQ,SPEAKER_37,5590.00971875,5591.8153437500005
[ 01:33:10.549 -->  01:33:10.819],AF,SPEAKER_25,5590.5497187500005,5590.819718750001
[ 01:33:11.747 -->  01:33:11.764],AF,SPEAKER_25,5591.747843749999,5591.764718750001
[ 01:33:11.781 -->  01:33:13.215],AF,SPEAKER_25,5591.78159375,5593.215968750001
[ 01:33:13.215 -->  01:33:16.118],AQ,SPEAKER_37,5593.215968750001,5596.118468750001
[ 01:33:16.405 -->  01:33:21.720],AQ,SPEAKER_37,5596.405343750001,5601.72096875
[ 01:33:22.294 -->  01:33:25.534],AQ,SPEAKER_37,5602.294718749999,5605.534718750001
[ 01:33:25.973 -->  01:33:29.837],AQ,SPEAKER_37,5605.97346875,5609.83784375
[ 01:33:30.512 -->  01:33:30.546],AH,SPEAKER_27,5610.512843750001,5610.546593749999
[ 01:33:30.546 -->  01:33:30.563],AQ,SPEAKER_37,5610.546593749999,5610.5634687500005
[ 01:33:30.563 -->  01:33:30.934],AH,SPEAKER_27,5610.5634687500005,5610.934718750001
[ 01:33:30.934 -->  01:33:30.968],AQ,SPEAKER_37,5610.934718750001,5610.968468749999
[ 01:33:30.968 -->  01:33:31.002],AH,SPEAKER_27,5610.968468749999,5611.00221875
[ 01:33:32.993 -->  01:33:33.077],X,SPEAKER_16,5612.993468750001,5613.077843749999
[ 01:33:33.837 -->  01:33:35.676],AQ,SPEAKER_37,5613.837218750001,5615.67659375
[ 01:33:36.014 -->  01:33:38.697],AQ,SPEAKER_37,5616.01409375,5618.69721875
[ 01:33:39.473 -->  01:33:40.232],AQ,SPEAKER_37,5619.47346875,5620.23284375
[ 01:33:40.755 -->  01:33:41.245],AQ,SPEAKER_37,5620.75596875,5621.245343750001
[ 01:33:43.810 -->  01:33:47.151],AQ,SPEAKER_37,5623.810343749999,5627.151593750001
[ 01:33:48.974 -->  01:33:51.370],AQ,SPEAKER_37,5628.974093750001,5631.370343750001
[ 01:33:51.927 -->  01:34:01.799],AQ,SPEAKER_37,5631.927218750001,5641.79909375
[ 01:34:02.305 -->  01:34:04.684],AQ,SPEAKER_37,5642.30534375,5644.684718750001
[ 01:34:04.988 -->  01:34:05.410],AQ,SPEAKER_37,5644.98846875,5645.41034375
[ 01:34:05.747 -->  01:34:06.439],AQ,SPEAKER_37,5645.747843749999,5646.43971875
[ 01:34:07.604 -->  01:34:09.629],AQ,SPEAKER_37,5647.60409375,5649.62909375
[ 01:34:09.882 -->  01:34:11.805],AQ,SPEAKER_37,5649.882218750001,5651.805968750001
[ 01:34:12.025 -->  01:34:14.438],AQ,SPEAKER_37,5652.02534375,5654.4384687500005
[ 01:34:16.007 -->  01:34:16.649],AQ,SPEAKER_37,5656.00784375,5656.64909375
[ 01:34:17.627 -->  01:34:21.795],AQ,SPEAKER_37,5657.6278437500005,5661.795968750001
[ 01:34:22.099 -->  01:34:23.837],AQ,SPEAKER_37,5662.09971875,5663.83784375
[ 01:34:25.052 -->  01:34:27.499],AQ,SPEAKER_37,5665.05284375,5667.499718749999
[ 01:34:27.972 -->  01:34:32.832],AQ,SPEAKER_37,5667.972218750001,5672.83221875
[ 01:34:33.827 -->  01:34:35.582],AQ,SPEAKER_37,5673.827843749999,5675.58284375
[ 01:34:38.012 -->  01:34:41.269],AQ,SPEAKER_37,5678.012843750001,5681.26971875
[ 01:34:44.644 -->  01:34:45.302],AQ,SPEAKER_37,5684.64471875,5685.30284375
[ 01:34:45.640 -->  01:34:45.657],X,SPEAKER_16,5685.640343749999,5685.6572187500005
[ 01:34:45.657 -->  01:34:45.724],Y,SPEAKER_17,5685.6572187500005,5685.72471875
[ 01:34:45.724 -->  01:34:46.281],AQ,SPEAKER_37,5685.72471875,5686.28159375
[ 01:34:46.281 -->  01:34:46.484],Y,SPEAKER_17,5686.28159375,5686.484093749999
[ 01:34:46.568 -->  01:34:50.669],AQ,SPEAKER_37,5686.56846875,5690.669093750001
[ 01:34:51.327 -->  01:34:51.850],AQ,SPEAKER_37,5691.327218750001,5691.85034375
[ 01:34:53.841 -->  01:34:57.908],AQ,SPEAKER_37,5693.841593749999,5697.90846875
[ 01:34:58.110 -->  01:34:59.039],AQ,SPEAKER_37,5698.110968749999,5699.03909375
[ 01:34:59.241 -->  01:35:03.510],AQ,SPEAKER_37,5699.241593750001,5703.510968750001
[ 01:35:03.831 -->  01:35:06.919],AQ,SPEAKER_37,5703.831593750001,5706.919718749999
[ 01:35:07.290 -->  01:35:09.299],AQ,SPEAKER_37,5707.29096875,5709.29909375
[ 01:35:09.670 -->  01:35:18.546],AQ,SPEAKER_37,5709.67034375,5718.546593749999
[ 01:35:19.643 -->  01:35:22.208],AQ,SPEAKER_37,5719.6434687500005,5722.208468750001
[ 01:35:22.275 -->  01:35:24.081],AQ,SPEAKER_37,5722.27596875,5724.081593750001
[ 01:35:24.385 -->  01:35:24.891],AQ,SPEAKER_37,5724.38534375,5724.8915937500005
[ 01:35:25.127 -->  01:35:33.210],AQ,SPEAKER_37,5725.1278437500005,5733.21096875
[ 01:35:33.582 -->  01:35:37.514],AQ,SPEAKER_37,5733.58221875,5737.51409375
[ 01:35:37.902 -->  01:35:49.073],AQ,SPEAKER_37,5737.9022187499995,5749.073468750001
[ 01:35:49.967 -->  01:35:57.696],AQ,SPEAKER_37,5749.967843750001,5757.696593750001
[ 01:35:58.759 -->  01:36:05.324],AQ,SPEAKER_37,5758.75971875,5765.3240937499995
[ 01:36:05.678 -->  01:36:09.779],AQ,SPEAKER_37,5765.67846875,5769.779093749999
[ 01:36:10.960 -->  01:36:21.422],AQ,SPEAKER_37,5770.960343750001,5781.4228437500005
[ 01:36:22.064 -->  01:36:27.750],AQ,SPEAKER_37,5782.064093749999,5787.7509687500005
[ 01:36:27.919 -->  01:36:29.286],AQ,SPEAKER_37,5787.919718749999,5789.286593750001
[ 01:36:29.404 -->  01:36:37.926],AQ,SPEAKER_37,5789.40471875,5797.92659375
[ 01:36:39.209 -->  01:36:39.428],AQ,SPEAKER_37,5799.20909375,5799.42846875
[ 01:36:40.997 -->  01:36:41.115],AQ,SPEAKER_37,5800.997843749999,5801.11596875
[ 01:36:41.284 -->  01:36:49.266],AQ,SPEAKER_37,5801.284718750001,5809.2665937500005
[ 01:36:49.958 -->  01:36:50.802],AQ,SPEAKER_37,5809.958468750001,5810.802218750001
[ 01:36:50.802 -->  01:36:51.004],L,SPEAKER_03,5810.802218750001,5811.00471875
[ 01:36:51.004 -->  01:36:51.696],AQ,SPEAKER_37,5811.00471875,5811.696593750001
[ 01:36:51.696 -->  01:36:51.865],L,SPEAKER_03,5811.696593750001,5811.86534375
[ 01:36:52.253 -->  01:37:01.298],AQ,SPEAKER_37,5812.253468750001,5821.298468750001
[ 01:37:02.192 -->  01:37:04.251],AQ,SPEAKER_37,5822.192843750001,5824.251593750001
[ 01:37:05.415 -->  01:37:07.812],AQ,SPEAKER_37,5825.41596875,5827.812218749999
[ 01:37:08.419 -->  01:37:15.827],AQ,SPEAKER_37,5828.419718749999,5835.827843749999
[ 01:37:16.215 -->  01:37:18.460],AQ,SPEAKER_37,5836.215968750001,5838.460343750001
[ 01:37:18.679 -->  01:37:23.235],AQ,SPEAKER_37,5838.67971875,5843.235968750001
[ 01:37:23.489 -->  01:37:25.699],AQ,SPEAKER_37,5843.48909375,5845.69971875
[ 01:37:25.952 -->  01:37:27.336],AQ,SPEAKER_37,5845.952843749999,5847.33659375
[ 01:37:28.112 -->  01:37:34.238],AQ,SPEAKER_37,5848.112843750001,5854.23846875
[ 01:37:34.491 -->  01:37:40.229],AQ,SPEAKER_37,5854.491593750001,5860.22909375
[ 01:37:40.600 -->  01:37:44.903],AQ,SPEAKER_37,5860.60034375,5864.903468750001
[ 01:37:45.156 -->  01:37:46.860],AQ,SPEAKER_37,5865.15659375,5866.860968750001
[ 01:37:47.215 -->  01:37:48.919],AQ,SPEAKER_37,5867.21534375,5868.919718749999
[ 01:37:49.645 -->  01:37:56.327],AQ,SPEAKER_37,5869.64534375,5876.327843749999
[ 01:37:57.509 -->  01:38:03.989],AQ,SPEAKER_37,5877.509093750001,5883.98909375
[ 01:38:04.799 -->  01:38:06.165],AQ,SPEAKER_37,5884.79909375,5886.16596875
[ 01:38:06.874 -->  01:38:08.714],AQ,SPEAKER_37,5886.874718749999,5888.714093750001
[ 01:38:09.794 -->  01:38:17.927],AQ,SPEAKER_37,5889.794093750001,5897.92784375
[ 01:38:18.585 -->  01:38:24.104],AQ,SPEAKER_37,5898.58596875,5904.10409375
[ 01:38:24.542 -->  01:38:28.778],AQ,SPEAKER_37,5904.5428437499995,5908.778468750001
[ 01:38:28.879 -->  01:38:33.115],AQ,SPEAKER_37,5908.87971875,5913.11534375
[ 01:38:34.060 -->  01:38:37.384],AQ,SPEAKER_37,5914.060343749999,5917.38471875
[ 01:38:38.245 -->  01:38:41.265],AQ,SPEAKER_37,5918.245343750001,5921.26596875
[ 01:38:42.059 -->  01:38:44.607],AQ,SPEAKER_37,5922.05909375,5924.607218749999
[ 01:38:44.877 -->  01:39:00.199],AQ,SPEAKER_37,5924.87721875,5940.19971875
[ 01:39:00.891 -->  01:39:21.023],AQ,SPEAKER_37,5940.8915937500005,5961.02346875
[ 01:39:21.765 -->  01:39:22.170],AQ,SPEAKER_37,5961.76596875,5962.170968750001
[ 01:39:22.710 -->  01:39:23.520],AQ,SPEAKER_37,5962.71096875,5963.520968750001
[ 01:39:24.010 -->  01:39:26.170],AQ,SPEAKER_37,5964.01034375,5966.17034375
[ 01:39:26.389 -->  01:39:28.549],AQ,SPEAKER_37,5966.389718750001,5968.5497187500005
[ 01:39:28.617 -->  01:39:30.675],AQ,SPEAKER_37,5968.61721875,5970.67596875
[ 01:39:32.076 -->  01:39:33.949],AQ,SPEAKER_37,5972.07659375,5973.94971875
[ 01:39:34.793 -->  01:39:38.573],AQ,SPEAKER_37,5974.79346875,5978.573468750001
[ 01:39:38.944 -->  01:39:43.230],AQ,SPEAKER_37,5978.944718750001,5983.23096875
[ 01:39:43.585 -->  01:39:46.791],AQ,SPEAKER_37,5983.585343750001,5986.79159375
[ 01:39:47.247 -->  01:39:54.419],AQ,SPEAKER_37,5987.247218750001,5994.419093750001
[ 01:39:54.689 -->  01:40:01.641],AQ,SPEAKER_37,5994.689093750001,6001.6415937500005
[ 01:40:02.147 -->  01:40:07.834],AQ,SPEAKER_37,6002.147843750001,6007.83471875
[ 01:40:08.290 -->  01:40:11.260],AQ,SPEAKER_37,6008.290343750001,6011.26034375
[ 01:40:11.564 -->  01:40:15.023],AQ,SPEAKER_37,6011.564093750001,6015.02346875
[ 01:40:15.546 -->  01:40:16.626],AQ,SPEAKER_37,6015.546593749999,6016.626593750001
[ 01:40:18.060 -->  01:40:27.899],AQ,SPEAKER_37,6018.06096875,6027.89909375
[ 01:40:28.135 -->  01:40:32.100],AQ,SPEAKER_37,6028.13534375,6032.100968750001
[ 01:40:33.096 -->  01:40:33.687],AQ,SPEAKER_37,6033.0965937500005,6033.687218749999
[ 01:40:37.821 -->  01:40:40.791],AQ,SPEAKER_37,6037.821593750001,6040.79159375
[ 01:40:40.960 -->  01:40:41.500],AQ,SPEAKER_37,6040.960343750001,6041.50034375
[ 01:40:41.753 -->  01:40:48.351],AQ,SPEAKER_37,6041.753468750001,6048.35159375
[ 01:40:48.925 -->  01:40:50.376],AQ,SPEAKER_37,6048.925343750001,6050.376593750001
[ 01:40:50.629 -->  01:41:01.227],AQ,SPEAKER_37,6050.62971875,6061.22721875
[ 01:41:02.594 -->  01:41:08.112],AQ,SPEAKER_37,6062.59409375,6068.1122187500005
[ 01:41:09.630 -->  01:41:15.739],AQ,SPEAKER_37,6069.63096875,6075.739718750001
[ 01:41:16.110 -->  01:41:17.241],AQ,SPEAKER_37,6076.110968750001,6077.241593750001
[ 01:41:17.646 -->  01:41:20.802],AQ,SPEAKER_37,6077.64659375,6080.802218750001
[ 01:41:21.105 -->  01:41:21.882],AQ,SPEAKER_37,6081.10596875,6081.882218750001
[ 01:41:23.535 -->  01:41:25.510],AQ,SPEAKER_37,6083.53596875,6085.51034375
[ 01:41:25.949 -->  01:41:29.391],AQ,SPEAKER_37,6085.9490937499995,6089.3915937500005
[ 01:41:32.496 -->  01:41:37.947],AQ,SPEAKER_37,6092.49659375,6097.94721875
[ 01:41:38.099 -->  01:41:44.258],AQ,SPEAKER_37,6098.099093750001,6104.25846875
[ 01:41:44.646 -->  01:41:45.085],AQ,SPEAKER_37,6104.64659375,6105.085343750001
[ 01:41:45.338 -->  01:41:46.317],AQ,SPEAKER_37,6105.33846875,6106.31721875
[ 01:41:47.009 -->  01:41:48.983],AQ,SPEAKER_37,6107.009093750001,6108.983468750001
[ 01:41:50.012 -->  01:41:51.126],AQ,SPEAKER_37,6110.012843750001,6111.126593750001
[ 01:41:52.274 -->  01:41:56.948],AQ,SPEAKER_37,6112.27409375,6116.948468750001
[ 01:41:57.015 -->  01:41:57.049],AQ,SPEAKER_37,6117.01596875,6117.0497187500005
[ 01:41:57.150 -->  01:41:58.230],AQ,SPEAKER_37,6117.15096875,6118.23096875
[ 01:41:59.952 -->  01:42:00.424],AQ,SPEAKER_37,6119.952218750001,6120.4247187500005
[ 01:42:00.424 -->  01:42:01.875],X,SPEAKER_16,6120.4247187500005,6121.8759687500005
[ 01:42:02.365 -->  01:42:06.921],AQ,SPEAKER_37,6122.36534375,6126.921593749999
[ 01:42:07.073 -->  01:42:10.262],AQ,SPEAKER_37,6127.073468750001,6130.262843750001
[ 01:42:10.482 -->  01:42:12.709],AQ,SPEAKER_37,6130.482218749999,6132.70971875
[ 01:42:13.080 -->  01:42:16.455],AQ,SPEAKER_37,6133.0809687500005,6136.4559687500005
[ 01:42:16.776 -->  01:42:21.096],AQ,SPEAKER_37,6136.776593750001,6141.0965937500005
[ 01:42:21.501 -->  01:42:23.374],AQ,SPEAKER_37,6141.501593750001,6143.374718749999
[ 01:42:23.678 -->  01:42:25.551],AQ,SPEAKER_37,6143.67846875,6145.55159375
[ 01:42:26.395 -->  01:42:29.871],AQ,SPEAKER_37,6146.39534375,6149.87159375
[ 01:42:30.074 -->  01:42:34.934],AQ,SPEAKER_37,6150.0740937499995,6154.93409375
[ 01:42:35.204 -->  01:42:40.064],AQ,SPEAKER_37,6155.2040937500005,6160.064093750001
[ 01:42:42.291 -->  01:42:47.472],AQ,SPEAKER_37,6162.29159375,6167.472218750001
[ 01:42:47.809 -->  01:42:50.931],AQ,SPEAKER_37,6167.809718750001,6170.93159375
[ 01:42:51.420 -->  01:42:57.765],AQ,SPEAKER_37,6171.420968750001,6177.76596875
[ 01:42:58.407 -->  01:43:02.204],AQ,SPEAKER_37,6178.4072187500005,6182.2040937500005
[ 01:43:02.322 -->  01:43:06.608],AQ,SPEAKER_37,6182.32221875,6186.608468750001
[ 01:43:07.148 -->  01:43:15.518],AQ,SPEAKER_37,6187.14846875,6195.5184687500005
[ 01:43:16.007 -->  01:43:26.234],AQ,SPEAKER_37,6196.00784375,6206.234093749999
[ 01:43:26.875 -->  01:43:28.478],AQ,SPEAKER_37,6206.87534375,6208.47846875
[ 01:43:28.866 -->  01:43:37.624],AQ,SPEAKER_37,6208.866593750001,6217.624718749999
[ 01:43:39.244 -->  01:43:41.337],AQ,SPEAKER_37,6219.24471875,6221.337218750001
[ 01:43:42.383 -->  01:43:44.762],AQ,SPEAKER_37,6222.38346875,6224.762843750001
[ 01:43:45.387 -->  01:43:47.277],AQ,SPEAKER_37,6225.38721875,6227.2772187499995
[ 01:43:48.559 -->  01:43:51.259],AQ,SPEAKER_37,6228.559718750001,6231.25971875
[ 01:43:51.259 -->  01:43:54.449],A,SPEAKER_00,6231.25971875,6234.4490937499995
[ 01:43:54.617 -->  01:43:56.052],AQ,SPEAKER_37,6234.61784375,6236.052218750001
[ 01:43:56.744 -->  01:43:57.419],A,SPEAKER_00,6236.74409375,6237.419093750001
[ 01:43:57.942 -->  01:44:04.152],AQ,SPEAKER_37,6237.94221875,6244.1522187499995
[ 01:44:04.084 -->  01:44:07.155],AF,SPEAKER_25,6244.08471875,6247.155968749999
[ 01:44:06.683 -->  01:44:06.919],AQ,SPEAKER_37,6246.6834687499995,6246.919718749999
[ 01:44:07.155 -->  01:44:07.257],Y,SPEAKER_17,6247.155968749999,6247.257218750001
[ 01:44:07.257 -->  01:44:07.729],X,SPEAKER_16,6247.257218750001,6247.729718750001
[ 01:44:07.729 -->  01:44:07.763],Y,SPEAKER_17,6247.729718750001,6247.763468749999
[ 01:44:07.763 -->  01:44:07.780],X,SPEAKER_16,6247.763468749999,6247.780343750001
[ 01:44:08.438 -->  01:44:08.505],Y,SPEAKER_17,6248.4384687500005,6248.50596875
[ 01:44:08.505 -->  01:44:08.624],AF,SPEAKER_25,6248.50596875,6248.624093750001
[ 01:44:08.624 -->  01:44:08.691],Y,SPEAKER_17,6248.624093750001,6248.69159375
[ 01:44:08.691 -->  01:44:09.990],AF,SPEAKER_25,6248.69159375,6249.99096875
[ 01:44:09.332 -->  01:44:10.092],AQ,SPEAKER_37,6249.33284375,6250.09221875
[ 01:44:10.210 -->  01:44:10.750],AQ,SPEAKER_37,6250.210343750001,6250.75034375
[ 01:44:10.227 -->  01:44:10.699],AF,SPEAKER_25,6250.22721875,6250.69971875
[ 01:44:10.750 -->  01:44:13.062],AF,SPEAKER_25,6250.75034375,6253.062218749999
[ 01:44:12.977 -->  01:44:13.095],AQ,SPEAKER_37,6252.977843750001,6253.09596875
[ 01:44:13.095 -->  01:44:13.973],AF,SPEAKER_25,6253.09596875,6253.97346875
[ 01:44:13.416 -->  01:44:14.057],AQ,SPEAKER_37,6253.41659375,6254.057843750001
[ 01:44:14.631 -->  01:44:24.604],AQ,SPEAKER_37,6254.63159375,6264.604718750001
[ 01:44:24.807 -->  01:44:29.076],AQ,SPEAKER_37,6264.80721875,6269.07659375
[ 01:44:29.245 -->  01:44:30.848],AQ,SPEAKER_37,6269.245343750001,6270.84846875
[ 01:44:31.000 -->  01:44:36.045],AQ,SPEAKER_37,6271.00034375,6276.045968750001
[ 01:44:36.248 -->  01:44:39.454],AQ,SPEAKER_37,6276.24846875,6279.454718750001
[ 01:44:39.488 -->  01:44:45.630],AQ,SPEAKER_37,6279.48846875,6285.63096875
[ 01:44:49.090 -->  01:44:56.751],AQ,SPEAKER_37,6289.09034375,6296.751593750001
[ 01:44:58.557 -->  01:44:59.704],L,SPEAKER_03,6298.55721875,6299.704718750001
[ 01:44:59.704 -->  01:45:00.092],AQ,SPEAKER_37,6299.704718750001,6300.092843750001
[ 01:45:00.464 -->  01:45:10.521],AQ,SPEAKER_37,6300.464093750001,6310.52159375
[ 01:45:10.757 -->  01:45:12.259],AQ,SPEAKER_37,6310.75784375,6312.25971875
[ 01:45:12.462 -->  01:45:15.584],AQ,SPEAKER_37,6312.462218750001,6315.58409375
[ 01:45:15.989 -->  01:45:17.339],AQ,SPEAKER_37,6315.98909375,6317.339093750001
[ 01:45:18.064 -->  01:45:19.195],AQ,SPEAKER_37,6318.06471875,6319.19534375
[ 01:45:19.769 -->  01:45:20.798],AQ,SPEAKER_37,6319.769093750001,6320.798468750001
[ 01:45:21.051 -->  01:45:24.359],AQ,SPEAKER_37,6321.05159375,6324.359093749999
[ 01:45:24.696 -->  01:45:26.097],AQ,SPEAKER_37,6324.696593750001,6326.097218750001
[ 01:45:27.160 -->  01:45:30.045],AQ,SPEAKER_37,6327.16034375,6330.045968750001
[ 01:45:30.366 -->  01:45:44.035],AQ,SPEAKER_37,6330.366593750001,6344.03534375
[ 01:45:44.811 -->  01:45:47.039],AQ,SPEAKER_37,6344.811593750001,6347.03909375
[ 01:45:47.292 -->  01:45:49.469],AQ,SPEAKER_37,6347.292218750001,6349.46909375
[ 01:45:50.059 -->  01:45:54.919],AQ,SPEAKER_37,6350.059718750001,6354.919718749999
[ 01:45:56.016 -->  01:46:12.267],AQ,SPEAKER_37,6356.0165937500005,6372.267218750001
[ 01:46:24.147 -->  01:46:29.007],AO,SPEAKER_35,6384.14721875,6389.007218750001
[ 01:46:29.496 -->  01:46:29.513],A,SPEAKER_00,6389.49659375,6389.513468749999
[ 01:46:29.513 -->  01:46:37.613],AO,SPEAKER_35,6389.513468749999,6397.61346875
[ 01:46:37.967 -->  01:46:39.402],AO,SPEAKER_35,6397.967843750001,6399.4022187499995
[ 01:46:39.739 -->  01:46:42.979],AO,SPEAKER_35,6399.739718750001,6402.979718750001
[ 01:46:43.772 -->  01:46:46.624],AO,SPEAKER_35,6403.772843750001,6406.624718749999
[ 01:46:47.468 -->  01:46:53.610],AO,SPEAKER_35,6407.468468749999,6413.610968750001
[ 01:46:53.931 -->  01:46:57.711],AO,SPEAKER_35,6413.93159375,6417.71159375
[ 01:46:58.875 -->  01:47:06.486],AO,SPEAKER_35,6418.8759687500005,6426.48659375
[ 01:47:07.009 -->  01:47:11.734],AO,SPEAKER_35,6427.00971875,6431.73471875
[ 01:47:11.785 -->  01:47:13.101],AO,SPEAKER_35,6431.78534375,6433.10159375
[ 01:47:12.494 -->  01:47:13.017],AT,SPEAKER_40,6432.49409375,6433.017218750001
[ 01:47:14.417 -->  01:47:21.353],AO,SPEAKER_35,6434.4178437499995,6441.35346875
[ 01:47:21.893 -->  01:47:22.264],AO,SPEAKER_35,6441.8934687500005,6442.264718750001
[ 01:47:22.754 -->  01:47:31.815],AO,SPEAKER_35,6442.75409375,6451.815968750001
[ 01:47:32.322 -->  01:47:34.532],AO,SPEAKER_35,6452.32221875,6454.532843750001
[ 01:47:35.089 -->  01:47:36.152],AO,SPEAKER_35,6455.0897187499995,6456.15284375
[ 01:47:37.840 -->  01:47:38.363],AO,SPEAKER_35,6457.84034375,6458.36346875
[ 01:47:38.886 -->  01:47:42.970],AO,SPEAKER_35,6458.8865937499995,6462.970343750001
[ 01:47:43.358 -->  01:47:50.125],AO,SPEAKER_35,6463.358468750001,6470.12534375
[ 01:47:50.327 -->  01:47:51.239],AO,SPEAKER_35,6470.327843749999,6471.23909375
[ 01:47:51.779 -->  01:47:58.478],AO,SPEAKER_35,6471.779093749999,6478.47846875
[ 01:47:59.204 -->  01:48:05.025],AO,SPEAKER_35,6479.2040937500005,6485.02596875
[ 01:48:05.633 -->  01:48:09.126],AO,SPEAKER_35,6485.63346875,6489.126593750001
[ 01:48:09.531 -->  01:48:13.058],AO,SPEAKER_35,6489.53159375,6493.0584687499995
[ 01:48:13.260 -->  01:48:15.167],AO,SPEAKER_35,6493.260968750001,6495.1678437499995
[ 01:48:15.589 -->  01:48:16.062],AO,SPEAKER_35,6495.5897187499995,6496.062218749999
[ 01:48:24.381 -->  01:48:27.452],AF,SPEAKER_25,6504.38159375,6507.452843749999
[ 01:48:28.077 -->  01:48:28.549],AF,SPEAKER_25,6508.077218750001,6508.5497187500005
[ 01:48:28.937 -->  01:48:30.355],AF,SPEAKER_25,6508.93784375,6510.3553437499995
[ 01:48:30.709 -->  01:48:34.388],AF,SPEAKER_25,6510.70971875,6514.388468749999
[ 01:48:34.928 -->  01:48:36.447],AF,SPEAKER_25,6514.92846875,6516.44721875
[ 01:48:37.392 -->  01:48:40.817],AF,SPEAKER_25,6517.392218750001,6520.817843750001
[ 01:48:41.054 -->  01:48:44.445],AF,SPEAKER_25,6521.054093750001,6524.44596875
[ 01:48:44.648 -->  01:48:46.251],AF,SPEAKER_25,6524.64846875,6526.251593750001
[ 01:48:46.605 -->  01:48:47.061],AF,SPEAKER_25,6526.60596875,6527.061593750001
[ 01:48:47.264 -->  01:48:50.504],AF,SPEAKER_25,6527.26409375,6530.50409375
[ 01:48:50.841 -->  01:48:51.955],AF,SPEAKER_25,6530.841593749999,6531.95534375
[ 01:48:52.225 -->  01:48:53.237],AF,SPEAKER_25,6532.22534375,6533.237843750001
[ 01:48:53.659 -->  01:48:56.933],AF,SPEAKER_25,6533.659718750001,6536.9334687499995
[ 01:48:57.237 -->  01:49:04.982],AF,SPEAKER_25,6537.2372187500005,6544.98284375
[ 01:49:08.931 -->  01:49:09.674],AF,SPEAKER_25,6548.93159375,6549.67409375
[ 01:49:12.593 -->  01:49:14.162],AF,SPEAKER_25,6552.593468749999,6554.16284375
[ 01:49:15.057 -->  01:49:15.074],X,SPEAKER_16,6555.05721875,6555.0740937499995
[ 01:49:15.074 -->  01:49:18.044],M,SPEAKER_04,6555.0740937499995,6558.044093750001
[ 01:49:15.900 -->  01:49:16.272],X,SPEAKER_16,6555.90096875,6556.27221875
[ 01:49:19.343 -->  01:49:19.900],M,SPEAKER_04,6559.343468749999,6559.90034375
[ 01:49:20.457 -->  01:49:24.473],M,SPEAKER_04,6560.45721875,6564.47346875
[ 01:49:25.182 -->  01:49:25.705],M,SPEAKER_04,6565.18221875,6565.70534375
[ 01:49:26.464 -->  01:49:26.633],M,SPEAKER_04,6566.4647187499995,6566.63346875
[ 01:49:27.055 -->  01:49:29.164],M,SPEAKER_04,6567.05534375,6569.16471875
[ 01:49:29.957 -->  01:49:32.168],M,SPEAKER_04,6569.95784375,6572.16846875
[ 01:49:32.742 -->  01:49:33.822],M,SPEAKER_04,6572.74221875,6573.82221875
[ 01:49:34.109 -->  01:49:43.221],M,SPEAKER_04,6574.109093749999,6583.2215937500005
[ 01:49:43.761 -->  01:49:44.419],M,SPEAKER_04,6583.7615937499995,6584.419718749999
[ 01:49:45.314 -->  01:49:45.820],M,SPEAKER_04,6585.314093750001,6585.82034375
[ 01:49:46.360 -->  01:49:47.541],M,SPEAKER_04,6586.3603437500005,6587.54159375
[ 01:49:48.773 -->  01:49:58.932],M,SPEAKER_04,6588.77346875,6598.93221875
[ 01:49:59.522 -->  01:50:01.564],M,SPEAKER_04,6599.522843750001,6601.56471875
[ 01:50:02.475 -->  01:50:06.728],M,SPEAKER_04,6602.475968750001,6606.72846875
[ 01:50:04.467 -->  01:50:05.040],L,SPEAKER_03,6604.46721875,6605.04096875
[ 01:50:07.150 -->  01:50:08.095],M,SPEAKER_04,6607.15034375,6608.095343750001
[ 01:50:08.534 -->  01:50:09.242],M,SPEAKER_04,6608.5340937500005,6609.24284375
[ 01:50:09.512 -->  01:50:10.255],M,SPEAKER_04,6609.512843750001,6610.255343750001
[ 01:50:10.845 -->  01:50:11.942],M,SPEAKER_04,6610.84596875,6611.942843750001
[ 01:50:12.921 -->  01:50:15.014],M,SPEAKER_04,6612.921593749999,6615.01409375
[ 01:50:15.452 -->  01:50:17.967],M,SPEAKER_04,6615.452843749999,6617.96721875
[ 01:50:18.389 -->  01:50:22.337],M,SPEAKER_04,6618.38909375,6622.33784375
[ 01:50:22.742 -->  01:50:24.109],M,SPEAKER_04,6622.74284375,6624.10971875
[ 01:50:25.020 -->  01:50:25.864],M,SPEAKER_04,6625.020968750001,6625.864718750001
[ 01:50:26.016 -->  01:50:26.826],M,SPEAKER_04,6626.0165937500005,6626.82659375
[ 01:50:27.366 -->  01:50:30.674],M,SPEAKER_04,6627.366593750001,6630.67409375
[ 01:50:31.230 -->  01:50:33.762],M,SPEAKER_04,6631.23096875,6633.76221875
[ 01:50:34.133 -->  01:50:36.259],M,SPEAKER_04,6634.13346875,6636.25971875
[ 01:50:39.094 -->  01:50:40.866],M,SPEAKER_04,6639.0947187500005,6640.866593750001
[ 01:50:41.136 -->  01:50:42.216],AF,SPEAKER_25,6641.1365937499995,6642.216593749999
[ 01:50:42.587 -->  01:50:46.637],AF,SPEAKER_25,6642.58784375,6646.637843750001
[ 01:50:45.422 -->  01:50:45.642],M,SPEAKER_04,6645.4228437500005,6645.642218750001
[ 01:50:46.992 -->  01:50:49.405],AF,SPEAKER_25,6646.99221875,6649.405343750001
[ 01:50:49.709 -->  01:50:52.476],AF,SPEAKER_25,6649.70909375,6652.47659375
[ 01:50:51.615 -->  01:50:54.670],M,SPEAKER_04,6651.61596875,6654.67034375
[ 01:50:54.299 -->  01:50:58.602],AF,SPEAKER_25,6654.29909375,6658.60221875
[ 01:50:56.222 -->  01:50:57.032],M,SPEAKER_04,6656.22284375,6657.032843750001
[ 01:50:59.260 -->  01:51:02.972],M,SPEAKER_04,6659.26034375,6662.97284375
[ 01:51:01.589 -->  01:51:03.664],AF,SPEAKER_25,6661.589093750001,6663.66471875
[ 01:51:03.141 -->  01:51:03.715],M,SPEAKER_04,6663.1415937500005,6663.71534375
[ 01:51:03.715 -->  01:51:05.250],AF,SPEAKER_25,6663.71534375,6665.2509687500005
[ 01:51:03.749 -->  01:51:03.765],M,SPEAKER_04,6663.749093750001,6663.76596875
[ 01:51:05.318 -->  01:51:05.335],AF,SPEAKER_25,6665.31846875,6665.335343750001
[ 01:51:05.335 -->  01:51:06.060],M,SPEAKER_04,6665.335343750001,6666.06096875
[ 01:51:06.060 -->  01:51:09.385],AF,SPEAKER_25,6666.06096875,6669.38534375
[ 01:51:06.077 -->  01:51:06.280],M,SPEAKER_04,6666.077843749999,6666.280343750001
[ 01:51:06.600 -->  01:51:07.039],M,SPEAKER_04,6666.600968750001,6667.03971875
[ 01:51:09.672 -->  01:51:12.456],AF,SPEAKER_25,6669.67221875,6672.456593750001
[ 01:51:12.962 -->  01:51:13.536],AF,SPEAKER_25,6672.96284375,6673.536593750001
[ 01:51:13.654 -->  01:51:16.675],AF,SPEAKER_25,6673.65471875,6676.675343750001
[ 01:51:16.962 -->  01:51:17.822],AF,SPEAKER_25,6676.962218750001,6677.82284375
[ 01:51:18.261 -->  01:51:21.029],AF,SPEAKER_25,6678.2615937499995,6681.029093749999
[ 01:51:21.855 -->  01:51:22.058],AF,SPEAKER_25,6681.85596875,6682.0584687499995
[ 01:51:22.193 -->  01:51:22.986],AF,SPEAKER_25,6682.19346875,6682.98659375
[ 01:51:23.172 -->  01:51:24.471],AF,SPEAKER_25,6683.17221875,6684.4715937500005
[ 01:51:24.741 -->  01:51:27.880],AF,SPEAKER_25,6684.741593750001,6687.880343750001
[ 01:51:28.403 -->  01:51:28.859],AF,SPEAKER_25,6688.403468750001,6688.859093749999
[ 01:51:29.027 -->  01:51:30.529],AF,SPEAKER_25,6689.02784375,6690.52971875
[ 01:51:30.968 -->  01:51:31.356],AF,SPEAKER_25,6690.968468749999,6691.356593750001
[ 01:51:31.592 -->  01:51:33.263],AF,SPEAKER_25,6691.592843750001,6693.263468749999
[ 01:51:33.702 -->  01:51:34.225],AF,SPEAKER_25,6693.702218750001,6694.22534375
[ 01:51:35.102 -->  01:51:35.575],AF,SPEAKER_25,6695.102843750001,6695.575343750001
[ 01:51:35.963 -->  01:51:36.334],AF,SPEAKER_25,6695.96346875,6696.33471875
[ 01:51:36.554 -->  01:51:38.629],AF,SPEAKER_25,6696.554093750001,6698.62971875
[ 01:51:38.933 -->  01:51:39.540],AF,SPEAKER_25,6698.9334687499995,6699.54096875
[ 01:51:39.777 -->  01:51:40.502],AF,SPEAKER_25,6699.7772187499995,6700.5028437500005
[ 01:51:40.654 -->  01:51:43.877],AF,SPEAKER_25,6700.65471875,6703.8778437500005
[ 01:51:44.063 -->  01:51:44.890],AF,SPEAKER_25,6704.0634687500005,6704.890343749999
[ 01:51:45.683 -->  01:51:46.493],AF,SPEAKER_25,6705.6834687499995,6706.493468750001
[ 01:51:46.645 -->  01:51:49.260],AF,SPEAKER_25,6706.64534375,6709.260968750001
[ 01:51:49.750 -->  01:51:53.564],AF,SPEAKER_25,6709.75034375,6713.564093750001
[ 01:51:53.850 -->  01:51:56.399],AF,SPEAKER_25,6713.850968750001,6716.39909375
[ 01:51:56.652 -->  01:51:58.474],AF,SPEAKER_25,6716.6522187499995,6718.47471875
[ 01:51:58.660 -->  01:51:59.115],AF,SPEAKER_25,6718.66034375,6719.11596875
[ 01:51:59.453 -->  01:52:00.297],AF,SPEAKER_25,6719.45346875,6720.29721875
[ 01:52:00.465 -->  01:52:01.107],AF,SPEAKER_25,6720.465968750001,6721.107218749999
[ 01:52:01.410 -->  01:52:03.722],AF,SPEAKER_25,6721.41096875,6723.72284375
[ 01:52:03.925 -->  01:52:06.034],AF,SPEAKER_25,6723.925343750001,6726.034718750001
[ 01:52:06.473 -->  01:52:07.266],AF,SPEAKER_25,6726.47346875,6727.2665937500005
[ 01:52:08.650 -->  01:52:09.848],AF,SPEAKER_25,6728.65034375,6729.84846875
[ 01:52:09.966 -->  01:52:10.034],AF,SPEAKER_25,6729.966593749999,6730.0340937500005
[ 01:52:10.101 -->  01:52:15.501],AF,SPEAKER_25,6730.10159375,6735.501593750001
[ 01:52:15.670 -->  01:52:18.420],AF,SPEAKER_25,6735.67034375,6738.420968750001
[ 01:52:18.927 -->  01:52:19.247],AF,SPEAKER_25,6738.927218750001,6739.247843749999
[ 01:52:19.669 -->  01:52:26.099],AF,SPEAKER_25,6739.669718749999,6746.099093750001
[ 01:52:26.470 -->  01:52:29.507],AF,SPEAKER_25,6746.470343750001,6749.50784375
[ 01:52:27.280 -->  01:52:27.314],H,SPEAKER_45,6747.280343750001,6747.314093750001
[ 01:52:27.314 -->  01:52:27.415],X,SPEAKER_16,6747.314093750001,6747.415343750001
[ 01:52:27.415 -->  01:52:28.124],H,SPEAKER_45,6747.415343750001,6748.124093750001
[ 01:52:30.098 -->  01:52:30.115],AF,SPEAKER_25,6750.09846875,6750.11534375
[ 01:52:30.115 -->  01:52:35.954],H,SPEAKER_45,6750.11534375,6755.9540937500005
[ 01:52:30.216 -->  01:52:30.317],AF,SPEAKER_25,6750.216593749999,6750.317843750001
[ 01:52:30.351 -->  01:52:31.043],AF,SPEAKER_25,6750.35159375,6751.04346875
[ 01:52:36.173 -->  01:52:40.544],AF,SPEAKER_25,6756.173468750001,6760.544093750001
[ 01:52:37.034 -->  01:52:37.692],H,SPEAKER_45,6757.0340937500005,6757.69221875
[ 01:52:38.029 -->  01:52:38.333],H,SPEAKER_45,6758.02971875,6758.333468750001
[ 01:52:38.333 -->  01:52:38.451],Y,SPEAKER_17,6758.333468750001,6758.45159375
[ 01:52:40.577 -->  01:52:40.814],AF,SPEAKER_25,6760.577843749999,6760.814093750001
[ 01:52:40.814 -->  01:52:40.949],Y,SPEAKER_17,6760.814093750001,6760.9490937499995
[ 01:52:40.949 -->  01:52:41.016],AF,SPEAKER_25,6760.9490937499995,6761.0165937500005
[ 01:52:41.269 -->  01:52:41.843],AF,SPEAKER_25,6761.26971875,6761.843468749999
[ 01:52:42.062 -->  01:52:45.302],AF,SPEAKER_25,6762.06284375,6765.30284375
[ 01:52:45.674 -->  01:52:46.484],AF,SPEAKER_25,6765.67409375,6766.484093749999
[ 01:52:48.509 -->  01:52:48.880],Y,SPEAKER_17,6768.509093750001,6768.880343750001
[ 01:52:49.774 -->  01:52:54.229],R,SPEAKER_09,6769.774718750001,6774.229718750001
[ 01:52:54.229 -->  01:52:55.512],AF,SPEAKER_25,6774.229718750001,6775.51221875
[ 01:52:55.191 -->  01:52:55.478],R,SPEAKER_09,6775.19159375,6775.47846875
[ 01:52:55.512 -->  01:52:55.579],R,SPEAKER_09,6775.51221875,6775.579718750001
[ 01:52:55.579 -->  01:52:55.596],AF,SPEAKER_25,6775.579718750001,6775.5965937500005
[ 01:52:56.220 -->  01:52:57.165],AO,SPEAKER_35,6776.22096875,6777.16596875
[ 01:52:58.397 -->  01:52:58.448],AF,SPEAKER_25,6778.397843750001,6778.448468750001
[ 01:52:58.448 -->  01:52:59.089],AO,SPEAKER_35,6778.448468750001,6779.0897187499995
[ 01:53:00.254 -->  01:53:01.890],O,SPEAKER_06,6780.25409375,6781.89096875
[ 01:53:00.945 -->  01:53:01.806],R,SPEAKER_09,6780.94596875,6781.80659375
[ 01:53:01.806 -->  01:53:01.823],AF,SPEAKER_25,6781.80659375,6781.823468750001
[ 01:53:01.823 -->  01:53:01.857],AO,SPEAKER_35,6781.823468750001,6781.857218749999
[ 01:53:01.890 -->  01:53:01.924],AO,SPEAKER_35,6781.89096875,6781.9247187500005
[ 01:53:03.797 -->  01:53:08.067],R,SPEAKER_09,6783.7978437500005,6788.06721875
[ 01:53:08.320 -->  01:53:11.121],R,SPEAKER_09,6788.32034375,6791.12159375
[ 01:53:11.543 -->  01:53:14.361],R,SPEAKER_09,6791.54346875,6794.36159375
[ 01:53:14.901 -->  01:53:17.078],R,SPEAKER_09,6794.901593750001,6797.07846875
[ 01:53:17.702 -->  01:53:19.575],R,SPEAKER_09,6797.702843749999,6799.575968749999
[ 01:53:20.436 -->  01:53:31.894],R,SPEAKER_09,6800.436593750001,6811.89471875
[ 01:53:27.810 -->  01:53:27.844],W,SPEAKER_15,6807.81096875,6807.8447187500005
[ 01:53:27.844 -->  01:53:28.182],AO,SPEAKER_35,6807.8447187500005,6808.18221875
[ 01:53:28.182 -->  01:53:28.199],W,SPEAKER_15,6808.18221875,6808.1990937499995
[ 01:53:28.199 -->  01:53:28.232],AO,SPEAKER_35,6808.1990937499995,6808.23284375
[ 01:53:31.709 -->  01:53:34.527],AO,SPEAKER_35,6811.70909375,6814.5272187499995
[ 01:53:34.527 -->  01:53:34.814],X,SPEAKER_16,6814.5272187499995,6814.814093750001
[ 01:53:34.814 -->  01:53:34.965],AO,SPEAKER_35,6814.814093750001,6814.965968750001
[ 01:53:34.965 -->  01:53:35.033],X,SPEAKER_16,6814.965968750001,6815.03346875
[ 01:53:35.033 -->  01:53:44.483],AO,SPEAKER_35,6815.03346875,6824.483468750001
[ 01:53:35.117 -->  01:53:35.286],R,SPEAKER_09,6815.11784375,6815.286593750001
[ 01:53:44.685 -->  01:53:52.161],AO,SPEAKER_35,6824.68596875,6832.161593750001
[ 01:53:51.435 -->  01:54:04.750],R,SPEAKER_09,6831.43596875,6844.75034375
[ 01:53:59.097 -->  01:53:59.434],AO,SPEAKER_35,6839.097218750001,6839.434718750001
[ 01:54:00.514 -->  01:54:01.729],AO,SPEAKER_35,6840.514718750001,6841.729718750001
[ 01:54:06.184 -->  01:54:19.634],R,SPEAKER_09,6846.184718750001,6859.634093750001
[ 01:54:09.323 -->  01:54:09.559],N,SPEAKER_05,6849.323468750001,6849.559718750001
[ 01:54:11.736 -->  01:54:12.462],N,SPEAKER_05,6851.73659375,6852.462218750001
[ 01:54:19.870 -->  01:54:22.367],R,SPEAKER_09,6859.870343750001,6862.36784375
[ 01:54:20.849 -->  01:54:20.916],AN,SPEAKER_33,6860.849093750001,6860.91659375
[ 01:54:22.874 -->  01:54:23.312],R,SPEAKER_09,6862.874093750001,6863.31284375
[ 01:54:23.869 -->  01:54:25.995],R,SPEAKER_09,6863.86971875,6865.9959687499995
[ 01:54:26.434 -->  01:54:29.472],R,SPEAKER_09,6866.434718750001,6869.472218750001
[ 01:54:29.826 -->  01:54:34.484],R,SPEAKER_09,6869.82659375,6874.484093749999
[ 01:54:35.952 -->  01:54:37.116],R,SPEAKER_09,6875.952218750001,6877.116593750001
[ 01:54:37.690 -->  01:54:39.276],R,SPEAKER_09,6877.6903437500005,6879.276593750001
[ 01:54:40.424 -->  01:54:46.515],R,SPEAKER_09,6880.42409375,6886.51596875
[ 01:54:47.207 -->  01:54:49.317],R,SPEAKER_09,6887.20784375,6889.31721875
[ 01:54:51.139 -->  01:54:57.822],R,SPEAKER_09,6891.139718750001,6897.82221875
[ 01:54:57.332 -->  01:54:57.585],AL,SPEAKER_31,6897.33284375,6897.58596875
[ 01:54:59.155 -->  01:54:59.172],R,SPEAKER_09,6899.155343750001,6899.17221875
[ 01:54:59.172 -->  01:54:59.391],AL,SPEAKER_31,6899.17221875,6899.3915937500005
[ 01:55:00.117 -->  01:55:02.040],R,SPEAKER_09,6900.11721875,6902.04096875
[ 01:55:03.441 -->  01:55:06.951],O,SPEAKER_06,6903.44159375,6906.95159375
[ 01:55:06.732 -->  01:55:06.765],R,SPEAKER_09,6906.732218749999,6906.76596875
[ 01:55:08.250 -->  01:55:08.537],O,SPEAKER_06,6908.2509687500005,6908.53784375
[ 01:55:08.537 -->  01:55:08.892],U,SPEAKER_13,6908.53784375,6908.892218750001
[ 01:55:08.892 -->  01:55:08.925],AD,SPEAKER_22,6908.892218750001,6908.92596875
[ 01:55:13.026 -->  01:55:23.084],O,SPEAKER_06,6913.026593750001,6923.08409375
[ 01:55:24.467 -->  01:55:24.484],O,SPEAKER_06,6924.467843750001,6924.48471875
[ 01:55:27.387 -->  01:55:29.175],X,SPEAKER_16,6927.38721875,6929.17596875
[ 01:55:27.505 -->  01:55:28.095],O,SPEAKER_06,6927.505343750001,6928.09596875
[ 01:55:29.175 -->  01:55:36.617],O,SPEAKER_06,6929.17596875,6936.61784375
[ 01:55:37.292 -->  01:55:37.815],O,SPEAKER_06,6937.2928437499995,6937.815968750001
[ 01:55:38.895 -->  01:55:43.620],O,SPEAKER_06,6938.895968750001,6943.6209687499995
[ 01:55:43.806 -->  01:55:44.954],O,SPEAKER_06,6943.80659375,6944.9540937500005
[ 01:55:45.291 -->  01:55:46.371],O,SPEAKER_06,6945.29159375,6946.37159375
[ 01:55:47.114 -->  01:55:48.801],O,SPEAKER_06,6947.11409375,6948.80159375
[ 01:55:49.155 -->  01:55:50.995],O,SPEAKER_06,6949.155968750001,6950.995343750001
[ 01:55:51.417 -->  01:55:56.614],O,SPEAKER_06,6951.417218750001,6956.614718750001
[ 01:55:58.065 -->  01:55:58.656],O,SPEAKER_06,6958.065968750001,6958.65659375
[ 01:55:59.297 -->  01:56:06.014],AO,SPEAKER_35,6959.2978437500005,6966.01409375
[ 01:56:06.452 -->  01:56:18.332],AO,SPEAKER_35,6966.452843750001,6978.33284375
[ 01:56:20.070 -->  01:56:21.370],R,SPEAKER_09,6980.07096875,6981.370343750001
[ 01:56:21.657 -->  01:56:22.939],R,SPEAKER_09,6981.6572187500005,6982.93971875
[ 01:56:25.116 -->  01:56:26.972],R,SPEAKER_09,6985.116593750001,6986.97284375
[ 01:56:26.972 -->  01:56:27.698],AF,SPEAKER_25,6986.97284375,6987.698468750001
[ 01:56:27.698 -->  01:56:27.833],R,SPEAKER_09,6987.698468750001,6987.833468750001
[ 01:56:27.833 -->  01:56:27.951],AF,SPEAKER_25,6987.833468750001,6987.95159375
[ 01:56:27.951 -->  01:56:27.968],R,SPEAKER_09,6987.95159375,6987.968468750001
[ 01:56:27.968 -->  01:56:31.765],AF,SPEAKER_25,6987.968468750001,6991.765343750001
[ 01:56:34.718 -->  01:56:40.135],E,SPEAKER_34,6994.718468750001,7000.13534375
[ 01:56:40.422 -->  01:56:54.074],E,SPEAKER_34,7000.42221875,7014.0740937499995
[ 01:56:54.074 -->  01:56:55.305],O,SPEAKER_06,7014.0740937499995,7015.305968750001
[ 01:56:56.571 -->  01:57:02.157],AO,SPEAKER_35,7016.571593750001,7022.1572187500005
[ 01:57:02.629 -->  01:57:06.544],AO,SPEAKER_35,7022.62971875,7026.544718749999
[ 01:57:07.050 -->  01:57:12.704],AO,SPEAKER_35,7027.05096875,7032.7040937500005
[ 01:57:13.041 -->  01:57:15.589],AO,SPEAKER_35,7033.04159375,7035.5897187499995
[ 01:57:15.825 -->  01:57:20.449],AO,SPEAKER_35,7035.825968749999,7040.44971875
[ 01:57:20.955 -->  01:57:24.719],AO,SPEAKER_35,7040.9559687500005,7044.71909375
[ 01:57:24.904 -->  01:57:29.629],AO,SPEAKER_35,7044.90471875,7049.62971875
[ 01:57:29.882 -->  01:57:30.895],AO,SPEAKER_35,7049.88284375,7050.89534375
[ 01:57:31.604 -->  01:57:37.476],AO,SPEAKER_35,7051.60409375,7057.47659375
[ 01:57:37.679 -->  01:57:42.572],AO,SPEAKER_35,7057.679093750001,7062.57284375
[ 01:57:42.859 -->  01:57:43.129],E,SPEAKER_34,7062.85971875,7063.12971875
[ 01:57:43.129 -->  01:57:43.163],AF,SPEAKER_25,7063.12971875,7063.163468750001
[ 01:57:43.163 -->  01:57:43.281],E,SPEAKER_34,7063.163468750001,7063.28159375
[ 01:57:43.669 -->  01:57:44.024],E,SPEAKER_34,7063.669718749999,7064.02409375
[ 01:57:46.622 -->  01:57:46.757],AF,SPEAKER_25,7066.622843749999,7066.75784375
[ 01:57:46.757 -->  01:57:46.791],AE,SPEAKER_24,7066.75784375,7066.79159375
[ 01:57:46.791 -->  01:57:48.968],AF,SPEAKER_25,7066.79159375,7068.968468750001
[ 01:57:48.968 -->  01:57:49.035],AE,SPEAKER_24,7068.968468750001,7069.03596875
[ 01:57:49.035 -->  01:57:49.204],AF,SPEAKER_25,7069.03596875,7069.204718750001
[ 01:57:49.829 -->  01:57:53.474],AF,SPEAKER_25,7069.8290937500005,7073.474093750001
[ 01:57:54.790 -->  01:57:54.807],Y,SPEAKER_17,7074.790343750001,7074.80721875
[ 01:57:54.807 -->  01:57:55.144],X,SPEAKER_16,7074.80721875,7075.14471875
[ 01:57:56.410 -->  01:58:01.641],AF,SPEAKER_25,7076.41034375,7081.6415937500005
[ 01:58:03.278 -->  01:58:03.497],X,SPEAKER_16,7083.278468750001,7083.497843749999
[ 01:58:03.835 -->  01:58:04.409],X,SPEAKER_16,7083.835343750001,7084.4090937500005
[ 01:58:04.797 -->  01:58:05.185],AF,SPEAKER_25,7084.79721875,7085.185343749999
[ 01:58:05.185 -->  01:58:11.665],R,SPEAKER_09,7085.185343749999,7091.665343750001
[ 01:58:05.235 -->  01:58:05.320],AF,SPEAKER_25,7085.235968750001,7085.32034375
[ 01:58:12.323 -->  01:58:12.424],R,SPEAKER_09,7092.323468750001,7092.4247187500005
[ 01:58:12.694 -->  01:58:16.170],R,SPEAKER_09,7092.694718750001,7096.170968750001
[ 01:58:18.094 -->  01:58:19.140],AQ,SPEAKER_37,7098.0947187500005,7099.14096875
[ 01:58:19.748 -->  01:58:28.506],AQ,SPEAKER_37,7099.74846875,7108.50659375
[ 01:58:29.738 -->  01:58:31.712],R,SPEAKER_09,7109.73846875,7111.71284375
[ 01:58:31.341 -->  01:58:31.611],M,SPEAKER_04,7111.341593749999,7111.61159375
[ 01:58:31.965 -->  01:58:34.379],R,SPEAKER_09,7111.965968750001,7114.37909375
[ 01:58:36.353 -->  01:58:36.404],R,SPEAKER_09,7116.35346875,7116.404093749999
[ 01:58:36.404 -->  01:58:36.471],AQ,SPEAKER_37,7116.404093749999,7116.4715937500005
[ 01:58:36.471 -->  01:58:36.505],R,SPEAKER_09,7116.4715937500005,7116.505343750001
[ 01:58:36.505 -->  01:58:36.555],AQ,SPEAKER_37,7116.505343750001,7116.555968750001
[ 01:58:36.724 -->  01:58:40.960],R,SPEAKER_09,7116.72471875,7120.960343750001
[ 01:58:41.348 -->  01:58:41.753],AQ,SPEAKER_37,7121.34846875,7121.753468750001
[ 01:58:42.209 -->  01:58:46.832],AQ,SPEAKER_37,7122.20909375,7126.83284375
[ 01:58:47.558 -->  01:58:50.882],AQ,SPEAKER_37,7127.5584687499995,7130.88284375
[ 01:58:51.287 -->  01:58:57.548],AQ,SPEAKER_37,7131.28784375,7137.548468750001
[ 01:58:58.358 -->  01:59:05.226],R,SPEAKER_09,7138.358468750001,7145.22659375
[ 01:59:05.614 -->  01:59:08.297],R,SPEAKER_09,7145.614718750001,7148.2978437500005
[ 01:59:06.846 -->  01:59:07.302],AQ,SPEAKER_37,7146.8465937500005,7147.302218750001
[ 01:59:08.483 -->  01:59:13.883],AQ,SPEAKER_37,7148.483468750001,7153.88346875
[ 01:59:14.237 -->  01:59:14.895],R,SPEAKER_09,7154.237843750001,7154.895968750001
[ 01:59:14.895 -->  01:59:14.929],AQ,SPEAKER_37,7154.895968750001,7154.92971875
[ 01:59:14.997 -->  01:59:15.908],AQ,SPEAKER_37,7154.997218750001,7155.90846875
[ 01:59:16.212 -->  01:59:18.810],R,SPEAKER_09,7156.212218750001,7158.81096875
[ 01:59:16.330 -->  01:59:16.667],AQ,SPEAKER_37,7156.33034375,7156.6678437499995
[ 01:59:16.667 -->  01:59:17.477],S,SPEAKER_10,7156.6678437499995,7157.477843750001
[ 01:59:18.912 -->  01:59:19.384],R,SPEAKER_09,7158.91221875,7159.38471875
[ 01:59:21.004 -->  01:59:26.151],O,SPEAKER_06,7161.00471875,7166.151593750001
[ 01:59:26.640 -->  01:59:32.800],O,SPEAKER_06,7166.64096875,7172.800343750001
[ 01:59:33.610 -->  01:59:39.044],O,SPEAKER_06,7173.6103437500005,7179.044093750001
[ 01:59:39.651 -->  01:59:40.124],O,SPEAKER_06,7179.651593750001,7180.124093750001
[ 01:59:40.782 -->  01:59:40.917],R,SPEAKER_09,7180.7822187500005,7180.917218750001
[ 01:59:40.917 -->  01:59:40.984],AF,SPEAKER_25,7180.917218750001,7180.98471875
[ 01:59:40.984 -->  01:59:41.035],R,SPEAKER_09,7180.98471875,7181.03534375
[ 01:59:41.035 -->  01:59:41.237],AF,SPEAKER_25,7181.03534375,7181.237843750001
[ 01:59:41.237 -->  01:59:41.288],R,SPEAKER_09,7181.237843750001,7181.288468750001
[ 01:59:41.895 -->  01:59:42.857],R,SPEAKER_09,7181.895968750001,7182.85784375
[ 01:59:42.857 -->  01:59:43.330],AF,SPEAKER_25,7182.85784375,7183.33034375
[ 01:59:44.460 -->  01:59:52.729],AF,SPEAKER_25,7184.46096875,7192.729718750001
[ 01:59:52.780 -->  01:59:54.704],Y,SPEAKER_17,7192.780343750001,7194.7040937500005
[ 01:59:54.923 -->  01:59:57.015],AF,SPEAKER_25,7194.923468750001,7197.01596875
[ 01:59:56.290 -->  01:59:58.956],Y,SPEAKER_17,7196.290343750001,7198.956593750001
[ 01:59:59.884 -->  01:59:59.901],Y,SPEAKER_17,7199.88471875,7199.901593750001
[ 01:59:59.901 -->  02:00:01.504],AF,SPEAKER_25,7199.901593750001,7201.50471875
[ 01:59:59.918 -->  02:00:05.250],Y,SPEAKER_17,7199.91846875,7205.2509687500005
[ 02:00:03.681 -->  02:00:06.955],AF,SPEAKER_25,7203.68159375,7206.95534375
[ 02:00:07.410 -->  02:00:07.697],Y,SPEAKER_17,7207.41096875,7207.69784375
[ 02:00:09.925 -->  02:00:18.092],AK,SPEAKER_30,7209.925343750001,7218.092843750001
[ 02:00:19.071 -->  02:00:35.980],AK,SPEAKER_30,7219.071593750001,7235.9803437499995
[ 02:00:36.452 -->  02:00:37.296],AK,SPEAKER_30,7236.452843750001,7237.296593750001
[ 02:00:38.039 -->  02:00:38.950],AP,SPEAKER_36,7238.03909375,7238.950343750001
[ 02:00:38.933 -->  02:00:40.097],AK,SPEAKER_30,7238.9334687499995,7240.09784375
[ 02:00:39.203 -->  02:00:39.861],AP,SPEAKER_36,7239.20346875,7239.86159375
[ 02:00:40.874 -->  02:00:55.521],AK,SPEAKER_30,7240.874093750001,7255.52159375
[ 02:00:55.521 -->  02:00:55.740],AF,SPEAKER_25,7255.52159375,7255.74096875
[ 02:00:55.740 -->  02:00:55.859],AK,SPEAKER_30,7255.74096875,7255.859093750001
[ 02:00:56.331 -->  02:01:36.527],AK,SPEAKER_30,7256.331593750001,7296.52784375
[ 02:01:13.881 -->  02:01:14.151],X,SPEAKER_16,7273.88159375,7274.151593750001
[ 02:01:27.415 -->  02:01:28.680],AJ,SPEAKER_29,7287.415343750001,7288.680968750001
[ 02:01:36.882 -->  02:01:37.877],AK,SPEAKER_30,7296.882218750001,7297.8778437500005
[ 02:01:37.422 -->  02:01:39.700],AQ,SPEAKER_37,7297.42221875,7299.700343750001
[ 02:01:39.936 -->  02:01:41.387],AK,SPEAKER_30,7299.936593750001,7301.387843750001
[ 02:01:41.640 -->  02:01:45.117],AQ,SPEAKER_37,7301.64096875,7305.11721875
[ 02:01:46.534 -->  02:01:47.294],AQ,SPEAKER_37,7306.534718750001,7307.294093750001
[ 02:01:47.597 -->  02:01:48.829],AK,SPEAKER_30,7307.59784375,7308.829718750001
[ 02:01:48.914 -->  02:01:49.875],AQ,SPEAKER_37,7308.91409375,7309.8759687500005
[ 02:01:51.411 -->  02:01:53.757],AQ,SPEAKER_37,7311.411593750001,7313.757218750001
[ 02:01:51.529 -->  02:01:51.833],AK,SPEAKER_30,7311.52971875,7311.833468750001
[ 02:01:55.832 -->  02:01:59.984],O,SPEAKER_06,7315.83284375,7319.984093750001
[ 02:01:58.094 -->  02:02:03.308],AK,SPEAKER_30,7318.09409375,7323.3084687499995
[ 02:02:00.524 -->  02:02:01.300],O,SPEAKER_06,7320.52409375,7321.300343750001
[ 02:02:02.346 -->  02:02:13.787],O,SPEAKER_06,7322.3465937500005,7333.78784375
[ 02:02:14.749 -->  02:02:18.546],O,SPEAKER_06,7334.749718750001,7338.546593750001
[ 02:02:19.322 -->  02:02:26.460],O,SPEAKER_06,7339.32284375,7346.46096875
[ 02:02:27.405 -->  02:02:39.758],O,SPEAKER_06,7347.405968750001,7359.75846875
[ 02:02:39.792 -->  02:02:56.633],O,SPEAKER_06,7359.792218750001,7376.63346875
[ 02:02:57.004 -->  02:02:58.489],AK,SPEAKER_30,7377.00471875,7378.489718750001
[ 02:02:57.831 -->  02:03:12.681],O,SPEAKER_06,7377.831593750001,7392.68159375
[ 02:03:10.437 -->  02:03:20.055],AK,SPEAKER_30,7390.437218750001,7400.055968750001
[ 02:03:20.241 -->  02:03:28.932],AQ,SPEAKER_37,7400.241593750001,7408.93221875
[ 02:03:29.792 -->  02:03:32.408],AQ,SPEAKER_37,7409.7928437499995,7412.40846875
[ 02:03:33.015 -->  02:03:34.889],AQ,SPEAKER_37,7413.01596875,7414.88909375
[ 02:03:35.361 -->  02:03:39.327],AQ,SPEAKER_37,7415.36159375,7419.327218750001
[ 02:03:39.327 -->  02:03:55.965],AK,SPEAKER_30,7419.327218750001,7435.965968750001
[ 02:03:55.965 -->  02:03:56.033],AL,SPEAKER_31,7435.965968750001,7436.03346875
[ 02:03:56.033 -->  02:03:56.860],AK,SPEAKER_30,7436.03346875,7436.8603437500005
[ 02:03:57.535 -->  02:03:58.547],AK,SPEAKER_30,7437.53534375,7438.5478437500005
[ 02:03:59.256 -->  02:04:00.522],AK,SPEAKER_30,7439.25659375,7440.52221875
[ 02:04:00.944 -->  02:04:04.437],AK,SPEAKER_30,7440.94409375,7444.437218750001
[ 02:04:05.078 -->  02:04:07.052],AQ,SPEAKER_37,7445.07846875,7447.05284375
[ 02:04:07.373 -->  02:04:13.009],AQ,SPEAKER_37,7447.37346875,7453.00971875
[ 02:04:12.638 -->  02:04:16.165],AK,SPEAKER_30,7452.638468749999,7456.165343750001
[ 02:04:18.494 -->  02:04:19.253],AK,SPEAKER_30,7458.49409375,7459.253468750001
[ 02:04:18.645 -->  02:04:19.084],C,SPEAKER_12,7458.645968750001,7459.08471875
[ 02:04:19.084 -->  02:04:19.101],Y,SPEAKER_17,7459.08471875,7459.10159375
[ 02:04:19.388 -->  02:04:19.422],Y,SPEAKER_17,7459.388468749999,7459.42221875
[ 02:04:19.422 -->  02:04:19.439],AK,SPEAKER_30,7459.42221875,7459.439093750001
[ 02:04:19.439 -->  02:04:19.725],C,SPEAKER_12,7459.439093750001,7459.725968750001
[ 02:04:19.725 -->  02:04:19.742],AK,SPEAKER_30,7459.725968750001,7459.74284375
[ 02:04:24.315 -->  02:04:25.969],AF,SPEAKER_25,7464.315968750001,7465.9697187500005
[ 02:04:24.450 -->  02:04:24.704],AK,SPEAKER_30,7464.450968749999,7464.7040937500005
[ 02:04:26.762 -->  02:04:28.028],AK,SPEAKER_30,7466.762843750001,7468.028468750001
[ 02:04:28.129 -->  02:04:28.163],AK,SPEAKER_30,7468.12971875,7468.163468750001
[ 02:04:28.163 -->  02:04:28.433],AF,SPEAKER_25,7468.163468750001,7468.4334687499995
[ 02:04:29.209 -->  02:04:31.268],AF,SPEAKER_25,7469.20971875,7471.2684687500005
[ 02:04:31.909 -->  02:04:32.314],AF,SPEAKER_25,7471.909718750001,7472.31471875
[ 02:04:33.664 -->  02:04:35.250],AF,SPEAKER_25,7473.66471875,7475.2509687500005
[ 02:04:36.297 -->  02:04:37.225],AF,SPEAKER_25,7476.29721875,7477.22534375
[ 02:04:37.934 -->  02:04:39.047],AF,SPEAKER_25,7477.93409375,7479.0478437500005
[ 02:04:39.402 -->  02:04:41.393],AF,SPEAKER_25,7479.4022187499995,7481.3934687500005
[ 02:04:43.047 -->  02:04:44.481],AF,SPEAKER_25,7483.04721875,7484.481593750001
[ 02:04:47.114 -->  02:04:48.008],AF,SPEAKER_25,7487.11409375,7488.00846875
[ 02:04:50.067 -->  02:04:50.421],AF,SPEAKER_25,7490.06721875,7490.421593750001
[ 02:04:53.020 -->  02:04:53.037],L,SPEAKER_03,7493.02034375,7493.03721875
[ 02:04:53.037 -->  02:04:53.324],Y,SPEAKER_17,7493.03721875,7493.3240937499995
[ 02:04:55.922 -->  02:05:02.267],AU,SPEAKER_41,7495.9228437500005,7502.26784375
[ 02:05:02.774 -->  02:05:03.263],AU,SPEAKER_41,7502.77409375,7503.263468749999
[ 02:05:03.820 -->  02:05:04.124],AU,SPEAKER_41,7503.82034375,7504.124093750001
[ 02:05:05.052 -->  02:05:06.891],AU,SPEAKER_41,7505.052218750001,7506.8915937500005
[ 02:05:07.836 -->  02:05:10.317],AF,SPEAKER_25,7507.83659375,7510.31721875
[ 02:05:10.637 -->  02:05:12.038],AU,SPEAKER_41,7510.637843750001,7512.038468750001
[ 02:05:12.443 -->  02:05:13.607],AU,SPEAKER_41,7512.44346875,7513.60784375
[ 02:05:13.675 -->  02:05:14.620],AF,SPEAKER_25,7513.675343750001,7514.620343750001
[ 02:05:14.569 -->  02:05:15.075],AU,SPEAKER_41,7514.569718750001,7515.075968749999
[ 02:05:15.649 -->  02:05:16.425],AU,SPEAKER_41,7515.649718750001,7516.42596875
[ 02:05:17.050 -->  02:05:18.788],AU,SPEAKER_41,7517.050343750001,7518.788468750001
[ 02:05:19.142 -->  02:05:19.665],AU,SPEAKER_41,7519.14284375,7519.66596875
[ 02:05:20.847 -->  02:05:21.690],AU,SPEAKER_41,7520.847218750001,7521.690968750001
[ 02:05:22.585 -->  02:05:25.757],AU,SPEAKER_41,7522.585343750001,7525.75784375
[ 02:05:26.264 -->  02:05:27.782],AU,SPEAKER_41,7526.26409375,7527.782843750001
[ 02:05:28.339 -->  02:05:29.858],AU,SPEAKER_41,7528.3397187499995,7529.858468750001
[ 02:05:30.887 -->  02:05:31.225],AF,SPEAKER_25,7530.887843750001,7531.22534375
[ 02:05:32.794 -->  02:05:35.950],AF,SPEAKER_25,7532.794718749999,7535.950343750001
[ 02:05:36.135 -->  02:05:37.840],Y,SPEAKER_17,7536.135968750001,7537.84034375
[ 02:05:38.886 -->  02:05:43.847],Y,SPEAKER_17,7538.8865937499995,7543.84784375
[ 02:05:44.370 -->  02:05:46.362],Y,SPEAKER_17,7544.3709687499995,7546.3622187500005
[ 02:05:48.623 -->  02:05:51.863],AB,SPEAKER_20,7548.62346875,7551.86346875
[ 02:05:53.331 -->  02:06:13.109],AB,SPEAKER_20,7553.331593750001,7573.109093750001
[ 02:06:13.463 -->  02:06:20.517],AB,SPEAKER_20,7573.46346875,7580.517218750001
[ 02:06:20.770 -->  02:06:23.993],AB,SPEAKER_20,7580.77034375,7583.993468750001
[ 02:06:24.077 -->  02:06:28.448],AB,SPEAKER_20,7584.077843750001,7588.448468750001
[ 02:06:28.566 -->  02:06:32.633],AB,SPEAKER_20,7588.56659375,7592.63346875
[ 02:06:32.954 -->  02:06:33.679],AB,SPEAKER_20,7592.9540937500005,7593.67971875
[ 02:06:34.101 -->  02:06:34.557],AB,SPEAKER_20,7594.10159375,7594.55721875
[ 02:06:35.063 -->  02:06:35.367],AB,SPEAKER_20,7595.0634687500005,7595.36721875
[ 02:06:35.721 -->  02:06:38.927],AB,SPEAKER_20,7595.7215937500005,7598.92784375
[ 02:06:39.450 -->  02:06:42.994],AB,SPEAKER_20,7599.450968749999,7602.99471875
[ 02:06:43.382 -->  02:06:48.445],AB,SPEAKER_20,7603.38284375,7608.44534375
[ 02:06:49.035 -->  02:06:58.182],AB,SPEAKER_20,7609.03596875,7618.18221875
[ 02:06:58.705 -->  02:07:05.792],AB,SPEAKER_20,7618.70534375,7625.7928437499995
[ 02:07:06.434 -->  02:07:08.644],AB,SPEAKER_20,7626.43409375,7628.64471875
[ 02:07:08.745 -->  02:07:12.036],AB,SPEAKER_20,7628.7459687499995,7632.036593750001
[ 02:07:12.407 -->  02:07:19.124],AB,SPEAKER_20,7632.407843750001,7639.124093750001
[ 02:07:19.410 -->  02:07:50.224],AB,SPEAKER_20,7639.41096875,7670.22471875
[ 02:07:52.232 -->  02:07:52.992],AB,SPEAKER_20,7672.23284375,7672.99221875
[ 02:07:53.515 -->  02:07:56.265],AQ,SPEAKER_37,7673.515343750001,7676.26596875
[ 02:07:54.932 -->  02:07:55.304],AB,SPEAKER_20,7674.932843750001,7675.304093750001
[ 02:07:56.417 -->  02:07:57.750],AQ,SPEAKER_37,7676.4178437499995,7677.7509687500005
[ 02:07:59.674 -->  02:08:01.244],AQ,SPEAKER_37,7679.6747187500005,7681.24409375
[ 02:07:59.691 -->  02:08:01.277],AB,SPEAKER_20,7679.69159375,7681.27784375
[ 02:08:01.716 -->  02:08:13.394],AB,SPEAKER_20,7681.716593749999,7693.394093750001
[ 02:08:13.495 -->  02:08:13.883],X,SPEAKER_16,7693.495343750001,7693.88346875
[ 02:08:13.697 -->  02:08:15.503],AB,SPEAKER_20,7693.69784375,7695.503468750001
[ 02:08:16.009 -->  02:08:17.494],AB,SPEAKER_20,7696.00971875,7697.49471875
[ 02:08:17.781 -->  02:08:22.675],AB,SPEAKER_20,7697.78159375,7702.675343750001
[ 02:08:23.012 -->  02:08:30.522],AB,SPEAKER_20,7703.012843750001,7710.52221875
[ 02:08:30.927 -->  02:08:35.584],AB,SPEAKER_20,7710.927218750001,7715.58471875
[ 02:08:35.635 -->  02:08:41.541],AB,SPEAKER_20,7715.63534375,7721.54159375
[ 02:08:40.731 -->  02:08:40.748],I,SPEAKER_46,7720.731593750001,7720.74846875
[ 02:08:40.748 -->  02:08:42.300],X,SPEAKER_16,7720.74846875,7722.30096875
[ 02:08:41.710 -->  02:08:44.190],AB,SPEAKER_20,7721.710343750001,7724.190968750001
[ 02:08:44.342 -->  02:08:47.532],AB,SPEAKER_20,7724.342843750001,7727.5322187500005
[ 02:08:47.751 -->  02:08:55.412],AB,SPEAKER_20,7727.751593750001,7735.41284375
[ 02:08:55.497 -->  02:08:57.690],AB,SPEAKER_20,7735.497218750001,7737.690968750001
[ 02:08:57.994 -->  02:09:01.774],AB,SPEAKER_20,7737.99471875,7741.774718750001
[ 02:09:02.061 -->  02:09:04.390],AB,SPEAKER_20,7742.061593750001,7744.390343750001
[ 02:09:04.997 -->  02:09:11.916],AB,SPEAKER_20,7744.997843749999,7751.91659375
[ 02:09:12.237 -->  02:09:15.325],AB,SPEAKER_20,7752.2372187500005,7755.325343750001
[ 02:09:15.510 -->  02:09:21.164],AB,SPEAKER_20,7755.510968750001,7761.16409375
[ 02:09:21.602 -->  02:09:22.935],AB,SPEAKER_20,7761.602843750001,7762.93596875
[ 02:09:23.189 -->  02:09:28.268],AB,SPEAKER_20,7763.189093750001,7768.2684687500005
[ 02:09:28.639 -->  02:09:30.512],AB,SPEAKER_20,7768.639718750001,7770.512843750001
[ 02:09:31.069 -->  02:09:33.465],AB,SPEAKER_20,7771.069718750001,7773.465968750001
[ 02:09:34.157 -->  02:09:35.811],AB,SPEAKER_20,7774.157843750001,7775.811593750001
[ 02:09:36.064 -->  02:09:38.376],AB,SPEAKER_20,7776.06471875,7778.376593750001
[ 02:09:38.646 -->  02:09:40.418],AB,SPEAKER_20,7778.64659375,7780.41846875
[ 02:09:40.975 -->  02:09:42.274],AB,SPEAKER_20,7780.97534375,7782.274718750001
[ 02:09:43.506 -->  02:09:45.801],AF,SPEAKER_25,7783.50659375,7785.80159375
[ 02:09:45.683 -->  02:09:45.750],Y,SPEAKER_17,7785.6834687499995,7785.7509687500005
[ 02:09:45.801 -->  02:09:46.189],Y,SPEAKER_17,7785.80159375,7786.18971875
[ 02:09:46.949 -->  02:09:49.159],AF,SPEAKER_25,7786.9490937499995,7789.159718750001
[ 02:09:47.725 -->  02:09:47.809],AB,SPEAKER_20,7787.72534375,7787.809718750001
[ 02:09:47.809 -->  02:09:47.978],Y,SPEAKER_17,7787.809718750001,7787.97846875
[ 02:09:47.978 -->  02:09:49.176],AB,SPEAKER_20,7787.97846875,7789.17659375
[ 02:09:49.176 -->  02:09:49.210],AF,SPEAKER_25,7789.17659375,7789.210343750001
[ 02:09:50.324 -->  02:09:52.568],AB,SPEAKER_20,7790.3240937499995,7792.56846875
[ 02:09:53.665 -->  02:09:54.239],AF,SPEAKER_25,7793.665343750001,7794.23909375
[ 02:09:55.116 -->  02:09:58.491],AF,SPEAKER_25,7795.116593750001,7798.491593750001
[ 02:09:59.419 -->  02:10:01.545],AF,SPEAKER_25,7799.419718749999,7801.545968750001
[ 02:10:00.668 -->  02:10:03.942],O,SPEAKER_06,7800.66846875,7803.94221875
[ 02:10:01.545 -->  02:10:01.562],T,SPEAKER_11,7801.545968750001,7801.56284375
[ 02:10:01.562 -->  02:10:01.630],AF,SPEAKER_25,7801.56284375,7801.630343750001
[ 02:10:04.482 -->  02:10:05.849],O,SPEAKER_06,7804.482218749999,7805.849093750001
[ 02:10:05.950 -->  02:10:10.472],O,SPEAKER_06,7805.950343750001,7810.47284375
[ 02:10:10.911 -->  02:10:11.164],Y,SPEAKER_17,7810.911593750001,7811.16471875
[ 02:10:11.502 -->  02:10:11.552],Y,SPEAKER_17,7811.50221875,7811.55284375
[ 02:10:11.552 -->  02:10:12.109],V,SPEAKER_14,7811.55284375,7812.10971875
[ 02:10:12.109 -->  02:10:12.514],O,SPEAKER_06,7812.10971875,7812.514718750001
[ 02:10:12.143 -->  02:10:12.160],Y,SPEAKER_17,7812.1434687500005,7812.16034375
[ 02:10:12.514 -->  02:10:12.531],Y,SPEAKER_17,7812.514718750001,7812.53159375
[ 02:10:13.139 -->  02:10:13.814],O,SPEAKER_06,7813.13909375,7813.814093750001
[ 02:10:14.927 -->  02:10:15.754],O,SPEAKER_06,7814.92784375,7815.75471875
[ 02:10:15.923 -->  02:10:22.926],O,SPEAKER_06,7815.923468750001,7822.92659375
[ 02:10:23.534 -->  02:10:26.588],O,SPEAKER_06,7823.5340937500005,7826.58846875
[ 02:10:26.689 -->  02:10:27.887],O,SPEAKER_06,7826.68971875,7827.887843750001
[ 02:10:28.292 -->  02:10:30.452],O,SPEAKER_06,7828.2928437499995,7830.452843750001
[ 02:10:30.604 -->  02:10:31.937],O,SPEAKER_06,7830.604718750001,7831.93784375
[ 02:10:32.730 -->  02:10:35.295],O,SPEAKER_06,7832.73096875,7835.295968750001
[ 02:10:35.464 -->  02:10:39.464],O,SPEAKER_06,7835.4647187499995,7839.464093750001
[ 02:10:39.818 -->  02:10:43.379],O,SPEAKER_06,7839.81846875,7843.37909375
[ 02:10:43.902 -->  02:10:46.247],O,SPEAKER_06,7843.9022187499995,7846.247843749999
[ 02:10:47.192 -->  02:10:53.419],O,SPEAKER_06,7847.192843750001,7853.419718749999
[ 02:10:53.959 -->  02:10:55.022],O,SPEAKER_06,7853.95971875,7855.022843750001
[ 02:10:55.309 -->  02:10:58.701],O,SPEAKER_06,7855.309718750001,7858.70159375
[ 02:11:00.186 -->  02:11:01.907],O,SPEAKER_06,7860.186593750001,7861.907843750001
[ 02:11:02.245 -->  02:11:03.814],O,SPEAKER_06,7862.245343750001,7863.81471875
[ 02:11:04.101 -->  02:11:05.046],O,SPEAKER_06,7864.10159375,7865.046593750001
[ 02:11:05.400 -->  02:11:06.092],O,SPEAKER_06,7865.40096875,7866.092843750001
[ 02:11:06.531 -->  02:11:07.965],O,SPEAKER_06,7866.53159375,7867.965968750001
[ 02:11:08.269 -->  02:11:09.434],O,SPEAKER_06,7868.26971875,7869.43409375
[ 02:11:10.109 -->  02:11:17.196],O,SPEAKER_06,7870.109093750001,7877.196593750001
[ 02:11:18.428 -->  02:11:24.824],O,SPEAKER_06,7878.42846875,7884.8240937499995
[ 02:11:25.009 -->  02:11:30.780],O,SPEAKER_06,7885.00971875,7890.780968750001
[ 02:11:32.198 -->  02:11:39.522],O,SPEAKER_06,7892.198468750001,7899.52221875
[ 02:11:39.876 -->  02:11:41.496],O,SPEAKER_06,7899.876593750001,7901.49659375
[ 02:11:42.272 -->  02:11:45.799],O,SPEAKER_06,7902.272843750001,7905.7997187500005
[ 02:11:46.137 -->  02:11:47.976],O,SPEAKER_06,7906.13721875,7907.97659375
[ 02:11:47.976 -->  02:11:48.027],T,SPEAKER_11,7907.97659375,7908.0272187499995
[ 02:11:48.027 -->  02:11:48.533],O,SPEAKER_06,7908.0272187499995,7908.53346875
[ 02:11:48.752 -->  02:11:51.435],O,SPEAKER_06,7908.7528437500005,7911.43596875
[ 02:11:51.891 -->  02:11:55.013],O,SPEAKER_06,7911.8915937500005,7915.013468749999
[ 02:11:53.258 -->  02:11:53.275],T,SPEAKER_11,7913.25846875,7913.27534375
[ 02:11:53.275 -->  02:11:56.532],AF,SPEAKER_25,7913.27534375,7916.5322187500005
[ 02:11:56.076 -->  02:11:57.629],O,SPEAKER_06,7916.07659375,7917.62909375
[ 02:11:57.105 -->  02:12:01.088],AF,SPEAKER_25,7917.10596875,7921.08846875
[ 02:12:01.544 -->  02:12:04.851],AF,SPEAKER_25,7921.544093750001,7924.85159375
[ 02:12:02.826 -->  02:12:02.910],T,SPEAKER_11,7922.82659375,7922.91096875
[ 02:12:05.239 -->  02:12:05.273],X,SPEAKER_16,7925.239718750001,7925.27346875
[ 02:12:05.273 -->  02:12:05.745],AD,SPEAKER_22,7925.27346875,7925.7459687499995
[ 02:12:05.745 -->  02:12:09.998],AF,SPEAKER_25,7925.7459687499995,7929.99846875
[ 02:12:05.830 -->  02:12:06.015],AD,SPEAKER_22,7925.83034375,7926.01596875
[ 02:12:06.758 -->  02:12:07.433],AD,SPEAKER_22,7926.75846875,7927.4334687499995
[ 02:12:07.433 -->  02:12:07.500],X,SPEAKER_16,7927.4334687499995,7927.5009687500005
[ 02:12:07.500 -->  02:12:07.619],AD,SPEAKER_22,7927.5009687500005,7927.61909375
[ 02:12:11.719 -->  02:12:13.035],X,SPEAKER_16,7931.7197187500005,7933.03596875
[ 02:12:12.259 -->  02:12:16.832],AF,SPEAKER_25,7932.25971875,7936.83284375
[ 02:12:13.035 -->  02:12:14.014],H,SPEAKER_45,7933.03596875,7934.014718750001
[ 02:12:16.174 -->  02:12:16.191],O,SPEAKER_06,7936.1747187500005,7936.19159375
[ 02:12:16.191 -->  02:12:18.132],H,SPEAKER_45,7936.19159375,7938.132218750001
[ 02:12:16.832 -->  02:12:16.900],O,SPEAKER_06,7936.83284375,7936.90034375
[ 02:12:18.132 -->  02:12:18.149],AF,SPEAKER_25,7938.132218750001,7938.14909375
[ 02:12:18.149 -->  02:12:18.503],H,SPEAKER_45,7938.14909375,7938.503468750001
[ 02:12:18.165 -->  02:12:18.182],AF,SPEAKER_25,7938.16596875,7938.182843750001
[ 02:12:18.182 -->  02:12:21.490],O,SPEAKER_06,7938.182843750001,7941.49034375
[ 02:12:21.878 -->  02:12:36.407],O,SPEAKER_06,7941.878468750001,7956.407843750001
[ 02:12:36.660 -->  02:12:37.572],O,SPEAKER_06,7956.66096875,7957.57221875
[ 02:12:38.061 -->  02:12:40.525],O,SPEAKER_06,7958.061593750001,7960.52534375
[ 02:12:41.065 -->  02:12:43.259],O,SPEAKER_06,7961.0653437500005,7963.259093750001
[ 02:12:43.343 -->  02:12:44.423],O,SPEAKER_06,7963.343468750001,7964.423468750001
[ 02:12:44.659 -->  02:12:45.621],O,SPEAKER_06,7964.659718750001,7965.62159375
[ 02:12:46.178 -->  02:12:48.794],O,SPEAKER_06,7966.17846875,7968.794093750001
[ 02:12:48.962 -->  02:12:52.725],O,SPEAKER_06,7968.96284375,7972.725968750001
[ 02:12:53.147 -->  02:12:55.797],O,SPEAKER_06,7973.147843750001,7975.79721875
[ 02:12:56.033 -->  02:12:56.860],O,SPEAKER_06,7976.03346875,7976.8603437500005
[ 02:12:57.180 -->  02:12:57.855],O,SPEAKER_06,7977.180968750001,7977.85596875
[ 02:12:58.193 -->  02:13:02.175],O,SPEAKER_06,7978.19346875,7982.17596875
[ 02:13:02.631 -->  02:13:06.479],O,SPEAKER_06,7982.63159375,7986.47909375
[ 02:13:07.187 -->  02:13:07.964],O,SPEAKER_06,7987.18784375,7987.964093750001
[ 02:13:08.504 -->  02:13:10.461],O,SPEAKER_06,7988.50409375,7990.46159375
[ 02:13:10.815 -->  02:13:15.692],O,SPEAKER_06,7990.815968750001,7995.692843750001
[ 02:13:16.317 -->  02:13:18.224],O,SPEAKER_06,7996.31721875,7998.224093750001
[ 02:13:18.375 -->  02:13:20.299],O,SPEAKER_06,7998.3759687500005,8000.2997187500005
[ 02:13:20.535 -->  02:13:26.425],O,SPEAKER_06,8000.53596875,8006.425343750001
[ 02:13:26.864 -->  02:13:28.467],O,SPEAKER_06,8006.86409375,8008.46721875
[ 02:13:28.838 -->  02:13:35.824],O,SPEAKER_06,8008.83846875,8015.82471875
[ 02:13:36.314 -->  02:13:37.900],O,SPEAKER_06,8016.314093750001,8017.90034375
[ 02:13:39.790 -->  02:13:42.135],AF,SPEAKER_25,8019.790343750001,8022.135968750001
[ 02:13:42.372 -->  02:13:54.842],H,SPEAKER_45,8022.372218750001,8034.842843750001
[ 02:13:55.095 -->  02:14:14.519],H,SPEAKER_45,8035.09596875,8054.519093750001
[ 02:14:14.839 -->  02:14:28.390],H,SPEAKER_45,8054.8397187499995,8068.390343750001
[ 02:14:28.626 -->  02:14:33.587],H,SPEAKER_45,8068.626593750001,8073.58784375
[ 02:14:34.296 -->  02:14:44.843],H,SPEAKER_45,8074.296593750001,8084.843468750001
[ 02:14:45.079 -->  02:15:02.460],H,SPEAKER_45,8085.079718750001,8102.46096875
[ 02:15:02.629 -->  02:15:05.515],H,SPEAKER_45,8102.62971875,8105.515343750001
[ 02:15:06.240 -->  02:15:06.882],H,SPEAKER_45,8106.24096875,8106.882218750001
[ 02:15:07.506 -->  02:15:15.944],AQ,SPEAKER_37,8107.50659375,8115.94409375
[ 02:15:16.855 -->  02:15:18.222],AQ,SPEAKER_37,8116.8553437499995,8118.222218750001
[ 02:15:17.209 -->  02:15:18.424],D,SPEAKER_23,8117.20971875,8118.4247187500005
[ 02:15:18.424 -->  02:15:18.441],AQ,SPEAKER_37,8118.4247187500005,8118.44159375
[ 02:15:18.964 -->  02:15:19.521],AQ,SPEAKER_37,8118.9647187499995,8119.52159375
[ 02:15:20.095 -->  02:15:28.482],AQ,SPEAKER_37,8120.095343750001,8128.482218750001
[ 02:15:30.574 -->  02:15:31.975],O,SPEAKER_06,8130.57471875,8131.97534375
[ 02:15:31.975 -->  02:15:32.177],U,SPEAKER_13,8131.97534375,8132.17784375
[ 02:15:32.177 -->  02:15:32.329],O,SPEAKER_06,8132.17784375,8132.329718750001
[ 02:15:32.329 -->  02:15:32.397],U,SPEAKER_13,8132.329718750001,8132.39721875
[ 02:15:33.477 -->  02:15:42.589],O,SPEAKER_06,8133.47721875,8142.5897187499995
[ 02:15:43.095 -->  02:15:44.462],O,SPEAKER_06,8143.09596875,8144.46284375
[ 02:15:45.188 -->  02:15:50.436],O,SPEAKER_06,8145.1884687500005,8150.436593750001
[ 02:15:50.217 -->  02:15:50.234],Y,SPEAKER_17,8150.21721875,8150.234093750001
[ 02:15:50.234 -->  02:15:50.284],X,SPEAKER_16,8150.234093750001,8150.284718750001
[ 02:15:50.284 -->  02:15:50.318],Y,SPEAKER_17,8150.284718750001,8150.31846875
[ 02:15:50.436 -->  02:15:50.453],Y,SPEAKER_17,8150.436593750001,8150.45346875
[ 02:15:50.706 -->  02:15:52.934],O,SPEAKER_06,8150.706593750001,8152.93409375
[ 02:15:53.085 -->  02:15:55.465],O,SPEAKER_06,8153.08596875,8155.46534375
[ 02:15:55.583 -->  02:15:58.030],O,SPEAKER_06,8155.583468750001,8158.030343750001
[ 02:15:58.823 -->  02:16:01.050],O,SPEAKER_06,8158.823468750001,8161.05096875
[ 02:16:01.422 -->  02:16:02.316],O,SPEAKER_06,8161.42221875,8162.31659375
[ 02:16:02.738 -->  02:16:06.839],O,SPEAKER_06,8162.73846875,8166.839093750001
[ 02:16:07.159 -->  02:16:07.480],Y,SPEAKER_17,8167.159718750001,8167.4803437499995
[ 02:16:07.480 -->  02:16:12.475],O,SPEAKER_06,8167.4803437499995,8172.47534375
[ 02:16:12.947 -->  02:16:13.605],O,SPEAKER_06,8172.94784375,8173.60596875
[ 02:16:14.247 -->  02:16:16.424],O,SPEAKER_06,8174.247218750001,8176.42409375
[ 02:16:16.812 -->  02:16:17.655],O,SPEAKER_06,8176.812218750001,8177.655968750001
[ 02:16:17.706 -->  02:16:21.925],O,SPEAKER_06,8177.706593750001,8181.925343750001
[ 02:16:21.992 -->  02:16:24.287],O,SPEAKER_06,8181.99284375,8184.28784375
[ 02:16:24.524 -->  02:16:28.000],O,SPEAKER_06,8184.52409375,8188.00034375
[ 02:16:28.304 -->  02:16:33.450],O,SPEAKER_06,8188.304093750001,8193.45096875
[ 02:16:33.619 -->  02:16:37.112],O,SPEAKER_06,8193.61971875,8197.112843750001
[ 02:16:37.112 -->  02:16:37.264],H,SPEAKER_45,8197.112843750001,8197.26471875
[ 02:16:37.264 -->  02:16:38.175],O,SPEAKER_06,8197.26471875,8198.175968750002
[ 02:16:38.715 -->  02:16:45.870],H,SPEAKER_45,8198.715968750003,8205.870968750001
[ 02:16:46.056 -->  02:16:51.524],H,SPEAKER_45,8206.05659375,8211.524093750002
[ 02:16:50.984 -->  02:16:53.582],AF,SPEAKER_25,8210.984093750001,8213.582843750002
[ 02:16:53.582 -->  02:16:54.004],H,SPEAKER_45,8213.582843750002,8214.004718750002
[ 02:16:54.139 -->  02:17:15.554],H,SPEAKER_45,8214.13971875,8235.55409375
[ 02:17:17.292 -->  02:17:28.463],H,SPEAKER_45,8237.29221875,8248.46346875
[ 02:17:29.003 -->  02:17:35.854],H,SPEAKER_45,8249.003468750001,8255.85471875
[ 02:17:36.428 -->  02:17:36.479],H,SPEAKER_45,8256.42846875,8256.47909375
[ 02:17:37.002 -->  02:17:37.019],O,SPEAKER_06,8257.00221875,8257.019093750001
[ 02:17:37.019 -->  02:17:38.099],N,SPEAKER_05,8257.019093750001,8258.09909375
[ 02:17:38.841 -->  02:17:39.162],O,SPEAKER_06,8258.84159375,8259.16221875
[ 02:17:39.314 -->  02:17:41.760],O,SPEAKER_06,8259.31409375,8261.76096875
[ 02:17:42.250 -->  02:17:47.785],O,SPEAKER_06,8262.250343750002,8267.785343750002
[ 02:17:48.375 -->  02:17:49.860],O,SPEAKER_06,8268.375968750002,8269.86096875
[ 02:17:50.232 -->  02:17:51.329],O,SPEAKER_06,8270.23221875,8271.329093750002
[ 02:17:51.902 -->  02:17:52.341],O,SPEAKER_06,8271.902843750002,8272.34159375
[ 02:17:52.898 -->  02:17:54.299],O,SPEAKER_06,8272.898468750001,8274.29909375
[ 02:17:54.737 -->  02:17:59.462],O,SPEAKER_06,8274.737843750001,8279.46284375
[ 02:18:00.812 -->  02:18:09.267],O,SPEAKER_06,8280.812843750002,8289.26721875
[ 02:18:09.419 -->  02:18:14.177],O,SPEAKER_06,8289.419093750003,8294.17784375
[ 02:18:14.734 -->  02:18:15.105],AF,SPEAKER_25,8294.734718750002,8295.105968750002
[ 02:18:17.114 -->  02:18:17.654],O,SPEAKER_06,8297.114093750002,8297.65409375
[ 02:18:17.654 -->  02:18:17.670],AD,SPEAKER_22,8297.65409375,8297.67096875
[ 02:18:17.789 -->  02:18:23.796],AF,SPEAKER_25,8297.789093750001,8303.796593750001
[ 02:18:24.404 -->  02:18:25.922],AF,SPEAKER_25,8304.40409375,8305.922843750002
[ 02:18:26.817 -->  02:18:31.204],AF,SPEAKER_25,8306.817218750002,8311.20471875
[ 02:18:31.947 -->  02:18:32.858],AF,SPEAKER_25,8311.94721875,8312.85846875
[ 02:18:32.976 -->  02:18:34.343],AF,SPEAKER_25,8312.976593750001,8314.343468750001
[ 02:18:35.035 -->  02:18:35.372],AF,SPEAKER_25,8315.035343750002,8315.37284375
[ 02:18:35.558 -->  02:18:36.621],AF,SPEAKER_25,8315.558468750001,8316.621593750002
[ 02:18:37.347 -->  02:18:43.202],AF,SPEAKER_25,8317.347218750001,8323.202843750001
[ 02:18:43.439 -->  02:18:46.577],AF,SPEAKER_25,8323.43909375,8326.577843750001
[ 02:18:47.084 -->  02:18:49.345],AF,SPEAKER_25,8327.08409375,8329.34534375
[ 02:18:49.598 -->  02:18:50.087],AF,SPEAKER_25,8329.598468750002,8330.08784375
[ 02:18:50.560 -->  02:18:51.218],AF,SPEAKER_25,8330.56034375,8331.218468750001
[ 02:18:51.539 -->  02:18:54.323],AF,SPEAKER_25,8331.539093750001,8334.32346875
[ 02:18:54.914 -->  02:18:57.090],AF,SPEAKER_25,8334.914093750001,8337.090968750003
[ 02:18:57.597 -->  02:18:58.052],AF,SPEAKER_25,8337.597218750001,8338.05284375
[ 02:18:58.778 -->  02:19:01.225],AF,SPEAKER_25,8338.778468750003,8341.22534375
[ 02:19:01.394 -->  02:19:02.507],AF,SPEAKER_25,8341.394093750001,8342.507843750001
[ 02:19:02.794 -->  02:19:06.169],AF,SPEAKER_25,8342.79471875,8346.16971875
[ 02:19:06.675 -->  02:19:07.823],AF,SPEAKER_25,8346.675968750002,8347.82346875
[ 02:19:08.363 -->  02:19:10.607],AF,SPEAKER_25,8348.363468750002,8350.60784375
[ 02:19:10.962 -->  02:19:14.404],AF,SPEAKER_25,8350.962218750003,8354.40471875
[ 02:19:11.249 -->  02:19:11.400],I,SPEAKER_46,8351.24909375,8351.40096875
[ 02:19:16.142 -->  02:19:16.429],I,SPEAKER_46,8356.14284375,8356.429718750001
[ 02:19:17.594 -->  02:19:18.285],I,SPEAKER_46,8357.594093750002,8358.285968750002
[ 02:19:18.285 -->  02:19:18.336],Y,SPEAKER_17,8358.285968750002,8358.336593750002
[ 02:19:20.192 -->  02:19:20.614],I,SPEAKER_46,8360.19284375,8360.61471875
[ 02:19:20.614 -->  02:19:20.749],Y,SPEAKER_17,8360.61471875,8360.749718750001
[ 02:19:20.749 -->  02:19:20.783],I,SPEAKER_46,8360.749718750001,8360.78346875
[ 02:19:21.255 -->  02:19:25.137],I,SPEAKER_46,8361.25596875,8365.137218750002
[ 02:19:25.592 -->  02:19:29.288],I,SPEAKER_46,8365.59284375,8369.28846875
[ 02:19:29.963 -->  02:19:31.971],I,SPEAKER_46,8369.96346875,8371.97159375
[ 02:19:32.393 -->  02:19:41.640],I,SPEAKER_46,8372.39346875,8381.640968750002
[ 02:19:41.910 -->  02:19:51.884],I,SPEAKER_46,8381.910968750002,8391.884093750003
[ 02:19:52.373 -->  02:19:52.997],I,SPEAKER_46,8392.37346875,8392.99784375
[ 02:19:53.504 -->  02:19:53.993],I,SPEAKER_46,8393.504093750002,8393.993468750003
[ 02:19:54.786 -->  02:20:00.726],I,SPEAKER_46,8394.78659375,8400.726593750001
[ 02:19:57.655 -->  02:19:57.722],AE,SPEAKER_24,8397.65534375,8397.722843750002
[ 02:19:57.722 -->  02:19:57.824],S,SPEAKER_10,8397.722843750002,8397.824093750001
[ 02:19:57.824 -->  02:19:57.942],AE,SPEAKER_24,8397.824093750001,8397.942218750002
[ 02:20:01.367 -->  02:20:04.725],I,SPEAKER_46,8401.367843750002,8404.72596875
[ 02:20:05.316 -->  02:20:13.315],I,SPEAKER_46,8405.316593750002,8413.31534375
[ 02:20:13.872 -->  02:20:15.239],I,SPEAKER_46,8413.872218750003,8415.239093750002
[ 02:20:16.825 -->  02:20:17.534],I,SPEAKER_46,8416.825343750003,8417.53409375
[ 02:20:18.715 -->  02:20:19.626],I,SPEAKER_46,8418.715343750002,8419.62659375
[ 02:20:19.845 -->  02:20:23.119],I,SPEAKER_46,8419.84596875,8423.11971875
[ 02:20:23.693 -->  02:20:27.321],I,SPEAKER_46,8423.69346875,8427.321593750003
[ 02:20:28.418 -->  02:20:34.274],I,SPEAKER_46,8428.418468750002,8434.274093750002
[ 02:20:34.864 -->  02:20:38.897],I,SPEAKER_46,8434.86471875,8438.89784375
[ 02:20:39.505 -->  02:20:39.994],I,SPEAKER_46,8439.50534375,8439.99471875
[ 02:20:40.062 -->  02:20:45.732],I,SPEAKER_46,8440.062218750001,8445.73221875
[ 02:20:46.289 -->  02:20:50.018],I,SPEAKER_46,8446.289093750001,8450.01846875
[ 02:20:50.541 -->  02:20:56.110],I,SPEAKER_46,8450.54159375,8456.110343750002
[ 02:20:57.240 -->  02:21:04.379],I,SPEAKER_46,8457.24096875,8464.379093750002
[ 02:21:05.104 -->  02:21:05.425],I,SPEAKER_46,8465.10471875,8465.425343750001
[ 02:21:05.965 -->  02:21:06.032],W,SPEAKER_15,8465.965343750002,8466.03284375
[ 02:21:06.032 -->  02:21:06.049],I,SPEAKER_46,8466.03284375,8466.04971875
[ 02:21:06.049 -->  02:21:06.100],W,SPEAKER_15,8466.04971875,8466.10034375
[ 02:21:06.100 -->  02:21:06.134],I,SPEAKER_46,8466.10034375,8466.134093750003
[ 02:21:06.134 -->  02:21:06.269],W,SPEAKER_15,8466.134093750003,8466.269093750001
[ 02:21:06.269 -->  02:21:06.404],I,SPEAKER_46,8466.269093750001,8466.40409375
[ 02:21:06.404 -->  02:21:06.420],W,SPEAKER_15,8466.40409375,8466.42096875
[ 02:21:08.344 -->  02:21:08.867],AF,SPEAKER_25,8468.344718750002,8468.867843750002
[ 02:21:09.002 -->  02:21:11.348],I,SPEAKER_46,8469.00284375,8471.348468750002
[ 02:21:11.989 -->  02:21:14.099],I,SPEAKER_46,8471.98971875,8474.09909375
[ 02:21:14.655 -->  02:21:16.765],I,SPEAKER_46,8474.655968750001,8476.765343750001
[ 02:21:17.339 -->  02:21:17.760],I,SPEAKER_46,8477.33909375,8477.76096875
[ 02:21:18.570 -->  02:21:23.987],I,SPEAKER_46,8478.570968750002,8483.987843750001
[ 02:21:24.595 -->  02:21:34.332],I,SPEAKER_46,8484.59534375,8494.332218750002
[ 02:21:34.737 -->  02:21:44.507],I,SPEAKER_46,8494.73721875,8504.507843750001
[ 02:21:38.213 -->  02:21:38.652],AB,SPEAKER_20,8498.21346875,8498.652218750001
[ 02:21:44.575 -->  02:21:45.351],I,SPEAKER_46,8504.575343750003,8505.351593750001
[ 02:21:45.452 -->  02:21:48.355],I,SPEAKER_46,8505.452843750001,8508.355343750001
[ 02:21:48.777 -->  02:21:52.472],I,SPEAKER_46,8508.777218750001,8512.472843750002
[ 02:21:53.333 -->  02:21:56.539],I,SPEAKER_46,8513.33346875,8516.539718750002
[ 02:21:57.130 -->  02:21:58.699],I,SPEAKER_46,8517.13034375,8518.699718750002
[ 02:21:58.885 -->  02:22:03.627],I,SPEAKER_46,8518.88534375,8523.62721875
[ 02:22:03.779 -->  02:22:04.369],I,SPEAKER_46,8523.77909375,8524.36971875
[ 02:22:04.572 -->  02:22:05.888],I,SPEAKER_46,8524.57221875,8525.88846875
[ 02:22:06.495 -->  02:22:07.643],I,SPEAKER_46,8526.495968750001,8527.64346875
[ 02:22:08.639 -->  02:22:09.533],I,SPEAKER_46,8528.63909375,8529.53346875
[ 02:22:09.786 -->  02:22:10.680],I,SPEAKER_46,8529.78659375,8530.680968750003
[ 02:22:11.271 -->  02:22:13.887],I,SPEAKER_46,8531.27159375,8533.887218750002
[ 02:22:14.342 -->  02:22:15.186],I,SPEAKER_46,8534.34284375,8535.18659375
[ 02:22:15.591 -->  02:22:17.245],I,SPEAKER_46,8535.59159375,8537.24534375
[ 02:22:17.633 -->  02:22:21.025],I,SPEAKER_46,8537.633468750002,8541.02534375
[ 02:22:21.531 -->  02:22:27.792],I,SPEAKER_46,8541.531593750002,8547.79221875
[ 02:22:28.500 -->  02:22:30.998],I,SPEAKER_46,8548.500968750002,8550.99846875
[ 02:22:31.437 -->  02:22:33.681],I,SPEAKER_46,8551.437218750001,8553.68159375
[ 02:22:33.917 -->  02:22:37.917],I,SPEAKER_46,8553.917843750001,8557.91721875
[ 02:22:38.575 -->  02:22:39.064],I,SPEAKER_46,8558.575343750003,8559.06471875
[ 02:22:39.604 -->  02:22:43.047],I,SPEAKER_46,8559.60471875,8563.047218750002
[ 02:22:43.232 -->  02:22:49.510],I,SPEAKER_46,8563.23284375,8569.51034375
[ 02:22:49.712 -->  02:22:52.041],I,SPEAKER_46,8569.71284375,8572.04159375
[ 02:22:52.463 -->  02:22:54.066],I,SPEAKER_46,8572.46346875,8574.066593750002
[ 02:22:54.792 -->  02:22:59.871],I,SPEAKER_46,8574.79221875,8579.871593750002
[ 02:22:59.905 -->  02:23:00.428],I,SPEAKER_46,8579.90534375,8580.42846875
[ 02:23:00.698 -->  02:23:02.740],I,SPEAKER_46,8580.69846875,8582.74034375
[ 02:23:02.909 -->  02:23:05.406],I,SPEAKER_46,8582.90909375,8585.406593750002
[ 02:23:05.997 -->  02:23:07.347],I,SPEAKER_46,8585.997218750003,8587.347218750001
[ 02:23:07.600 -->  02:23:09.405],I,SPEAKER_46,8587.60034375,8589.405968750001
[ 02:23:09.608 -->  02:23:10.418],I,SPEAKER_46,8589.60846875,8590.418468750002
[ 02:23:10.823 -->  02:23:12.072],I,SPEAKER_46,8590.82346875,8592.07221875
[ 02:23:12.645 -->  02:23:14.839],I,SPEAKER_46,8592.64596875,8594.839718750001
[ 02:23:15.160 -->  02:23:16.307],I,SPEAKER_46,8595.160343750002,8596.30784375
[ 02:23:16.898 -->  02:23:18.265],I,SPEAKER_46,8596.898468750001,8598.265343750001
[ 02:23:18.771 -->  02:23:22.095],I,SPEAKER_46,8598.77159375,8602.09596875
[ 02:23:22.602 -->  02:23:25.065],I,SPEAKER_46,8602.602218750002,8605.065968750001
[ 02:23:25.200 -->  02:23:27.310],I,SPEAKER_46,8605.20096875,8607.31034375
[ 02:23:27.850 -->  02:23:31.815],I,SPEAKER_46,8607.85034375,8611.815968750001
[ 02:23:32.220 -->  02:23:33.570],I,SPEAKER_46,8612.22096875,8613.570968750002
[ 02:23:34.313 -->  02:23:34.752],I,SPEAKER_46,8614.313468750002,8614.75221875
[ 02:23:35.258 -->  02:23:37.097],I,SPEAKER_46,8615.258468750002,8617.097843750002
[ 02:23:37.604 -->  02:23:50.226],I,SPEAKER_46,8617.60409375,8630.226593750001
[ 02:23:45.636 -->  02:23:45.788],AB,SPEAKER_20,8625.636593750001,8625.78846875
[ 02:23:50.682 -->  02:23:51.509],I,SPEAKER_46,8630.68221875,8631.509093750003
[ 02:23:51.795 -->  02:23:55.913],I,SPEAKER_46,8631.79596875,8635.91346875
[ 02:23:56.082 -->  02:23:59.879],I,SPEAKER_46,8636.082218750002,8639.879093750002
[ 02:24:00.570 -->  02:24:02.511],I,SPEAKER_46,8640.570968750002,8642.511593750001
[ 02:24:02.815 -->  02:24:06.021],I,SPEAKER_46,8642.81534375,8646.02159375
[ 02:24:06.392 -->  02:24:29.545],I,SPEAKER_46,8646.39284375,8669.54534375
[ 02:24:30.422 -->  02:24:30.675],X,SPEAKER_16,8670.422843750002,8670.675968750002
[ 02:24:30.743 -->  02:24:31.047],X,SPEAKER_16,8670.743468750003,8671.047218750002
[ 02:24:31.182 -->  02:24:35.299],X,SPEAKER_16,8671.18221875,8675.29971875
[ 02:24:32.127 -->  02:24:32.599],AF,SPEAKER_25,8672.12721875,8672.59971875
[ 02:24:36.464 -->  02:24:37.054],AF,SPEAKER_25,8676.46409375,8677.054718750001
[ 02:24:40.142 -->  02:24:47.466],AF,SPEAKER_25,8680.14284375,8687.46659375
[ 02:24:47.685 -->  02:24:49.407],AF,SPEAKER_25,8687.68596875,8689.407218750002
[ 02:24:51.786 -->  02:24:56.410],W,SPEAKER_15,8691.78659375,8696.410343750002
[ 02:24:56.747 -->  02:24:58.688],W,SPEAKER_15,8696.74784375,8698.688468750002
[ 02:24:58.874 -->  02:24:59.650],W,SPEAKER_15,8698.87409375,8699.65034375
[ 02:25:00.139 -->  02:25:01.725],W,SPEAKER_15,8700.13971875,8701.72596875
[ 02:25:01.776 -->  02:25:02.822],W,SPEAKER_15,8701.77659375,8702.82284375
[ 02:25:03.227 -->  02:25:06.518],W,SPEAKER_15,8703.227843750003,8706.51846875
[ 02:25:07.075 -->  02:25:07.885],W,SPEAKER_15,8707.075343750003,8707.88534375
[ 02:25:08.290 -->  02:25:10.129],W,SPEAKER_15,8708.290343750003,8710.129718750002
[ 02:25:10.315 -->  02:25:11.614],W,SPEAKER_15,8710.31534375,8711.61471875
[ 02:25:12.745 -->  02:25:14.129],W,SPEAKER_15,8712.74534375,8714.129093750002
[ 02:25:14.550 -->  02:25:15.732],W,SPEAKER_15,8714.550968750002,8715.73221875
[ 02:25:17.402 -->  02:25:20.271],W,SPEAKER_15,8717.402843750002,8720.27159375
[ 02:25:20.440 -->  02:25:21.368],W,SPEAKER_15,8720.44034375,8721.368468750003
[ 02:25:21.840 -->  02:25:23.697],W,SPEAKER_15,8721.840968750003,8723.69721875
[ 02:25:24.119 -->  02:25:28.827],W,SPEAKER_15,8724.11909375,8728.82721875
[ 02:25:29.384 -->  02:25:32.117],W,SPEAKER_15,8729.384093750003,8732.117843750002
[ 02:25:32.691 -->  02:25:33.805],W,SPEAKER_15,8732.691593750002,8733.805343750002
[ 02:25:34.193 -->  02:25:38.327],W,SPEAKER_15,8734.19346875,8738.327843750001
[ 02:25:38.985 -->  02:25:44.909],W,SPEAKER_15,8738.98596875,8744.90909375
[ 02:25:45.195 -->  02:25:47.929],W,SPEAKER_15,8745.195968750002,8747.929718750001
[ 02:25:48.520 -->  02:25:48.908],W,SPEAKER_15,8748.520343750002,8748.90846875
[ 02:25:49.920 -->  02:25:52.435],W,SPEAKER_15,8749.92096875,8752.43534375
[ 02:25:52.890 -->  02:25:54.595],W,SPEAKER_15,8752.890968750002,8754.59534375
[ 02:25:54.730 -->  02:25:57.109],W,SPEAKER_15,8754.730343750001,8757.109718750002
[ 02:25:57.599 -->  02:25:59.050],W,SPEAKER_15,8757.59909375,8759.050343750001
[ 02:26:00.029 -->  02:26:05.783],W,SPEAKER_15,8760.02909375,8765.78346875
[ 02:26:06.458 -->  02:26:10.491],W,SPEAKER_15,8766.45846875,8770.49159375
[ 02:26:11.149 -->  02:26:14.069],W,SPEAKER_15,8771.149718750003,8774.06909375
[ 02:26:15.081 -->  02:26:16.532],W,SPEAKER_15,8775.081593750001,8776.53284375
[ 02:26:17.258 -->  02:26:19.452],W,SPEAKER_15,8777.258468750002,8779.45221875
[ 02:26:20.025 -->  02:26:20.852],W,SPEAKER_15,8780.02596875,8780.852843750003
[ 02:26:21.055 -->  02:26:24.143],W,SPEAKER_15,8781.055343750002,8784.14346875
[ 02:26:24.615 -->  02:26:25.965],W,SPEAKER_15,8784.61596875,8785.965968750003
[ 02:26:26.455 -->  02:26:28.125],W,SPEAKER_15,8786.45534375,8788.125968750002
[ 02:26:28.615 -->  02:26:29.509],W,SPEAKER_15,8788.61534375,8789.50971875
[ 02:26:30.269 -->  02:26:30.724],W,SPEAKER_15,8790.269093750001,8790.72471875
[ 02:26:31.095 -->  02:26:31.889],W,SPEAKER_15,8791.09596875,8791.88909375
[ 02:26:32.344 -->  02:26:32.867],W,SPEAKER_15,8792.344718750002,8792.867843750002
[ 02:26:33.930 -->  02:26:34.808],W,SPEAKER_15,8793.930968750003,8794.808468750001
[ 02:26:35.331 -->  02:26:39.364],W,SPEAKER_15,8795.331593750001,8799.36471875
[ 02:26:39.651 -->  02:26:41.001],W,SPEAKER_15,8799.65159375,8801.00159375
[ 02:26:41.710 -->  02:26:48.038],W,SPEAKER_15,8801.71034375,8808.03846875
[ 02:26:48.662 -->  02:26:52.257],W,SPEAKER_15,8808.66284375,8812.25721875
[ 02:26:53.100 -->  02:26:56.357],W,SPEAKER_15,8813.10096875,8816.35784375
[ 02:26:56.847 -->  02:26:58.787],W,SPEAKER_15,8816.847218750001,8818.78784375
[ 02:26:59.884 -->  02:27:02.635],W,SPEAKER_15,8819.88471875,8822.63534375
[ 02:27:03.259 -->  02:27:07.478],W,SPEAKER_15,8823.25971875,8827.47846875
[ 02:27:07.883 -->  02:27:08.642],W,SPEAKER_15,8827.883468750002,8828.64284375
[ 02:27:10.515 -->  02:27:12.591],W,SPEAKER_15,8830.515968750002,8832.59159375
[ 02:27:13.148 -->  02:27:15.561],W,SPEAKER_15,8833.148468750001,8835.56159375
[ 02:27:15.966 -->  02:27:16.658],W,SPEAKER_15,8835.96659375,8836.65846875
[ 02:27:17.569 -->  02:27:19.915],W,SPEAKER_15,8837.56971875,8839.915343750003
[ 02:27:20.387 -->  02:27:20.809],W,SPEAKER_15,8840.387843750003,8840.809718750003
[ 02:27:21.180 -->  02:27:22.075],W,SPEAKER_15,8841.180968750003,8842.075343750003
[ 02:27:22.446 -->  02:27:23.425],W,SPEAKER_15,8842.446593750003,8843.425343750001
[ 02:27:23.813 -->  02:27:26.935],W,SPEAKER_15,8843.813468750002,8846.93534375
[ 02:27:27.593 -->  02:27:27.998],W,SPEAKER_15,8847.593468750001,8847.99846875
[ 02:27:28.403 -->  02:27:29.652],W,SPEAKER_15,8848.403468750003,8849.652218750001
[ 02:27:29.837 -->  02:27:30.968],W,SPEAKER_15,8849.83784375,8850.968468750001
[ 02:27:31.339 -->  02:27:34.647],W,SPEAKER_15,8851.339718750001,8854.64721875
[ 02:27:35.204 -->  02:27:36.047],W,SPEAKER_15,8855.204093750002,8856.047843750002
[ 02:27:36.402 -->  02:27:38.680],W,SPEAKER_15,8856.402218750001,8858.680343750002
[ 02:27:39.659 -->  02:27:42.240],W,SPEAKER_15,8859.65909375,8862.24096875
[ 02:27:42.780 -->  02:27:44.400],W,SPEAKER_15,8862.780968750001,8864.40096875
[ 02:27:45.632 -->  02:27:46.088],W,SPEAKER_15,8865.632843750001,8866.08846875
[ 02:27:46.442 -->  02:27:49.649],W,SPEAKER_15,8866.44284375,8869.649093750002
[ 02:27:50.070 -->  02:27:54.002],W,SPEAKER_15,8870.070968750002,8874.00284375
[ 02:27:54.390 -->  02:27:56.280],W,SPEAKER_15,8874.390968750002,8876.280968750001
[ 02:27:57.141 -->  02:28:00.972],W,SPEAKER_15,8877.141593750002,8880.972218750001
[ 02:28:01.613 -->  02:28:02.862],W,SPEAKER_15,8881.613468750002,8882.86221875
[ 02:28:03.435 -->  02:28:04.937],W,SPEAKER_15,8883.43596875,8884.937843750002
[ 02:28:05.393 -->  02:28:06.473],W,SPEAKER_15,8885.39346875,8886.473468750002
[ 02:28:06.659 -->  02:28:08.042],W,SPEAKER_15,8886.65909375,8888.042843750001
[ 02:28:08.515 -->  02:28:08.970],W,SPEAKER_15,8888.515343750001,8888.97096875
[ 02:28:09.426 -->  02:28:09.949],W,SPEAKER_15,8889.426593750002,8889.949718750002
[ 02:28:10.219 -->  02:28:10.962],W,SPEAKER_15,8890.219718750002,8890.962218750003
[ 02:28:11.434 -->  02:28:15.349],W,SPEAKER_15,8891.434718750003,8895.34971875
[ 02:28:16.665 -->  02:28:17.037],W,SPEAKER_15,8896.66596875,8897.03721875
[ 02:28:17.374 -->  02:28:18.370],W,SPEAKER_15,8897.374718750001,8898.37034375
[ 02:28:18.505 -->  02:28:22.740],W,SPEAKER_15,8898.50534375,8902.74096875
[ 02:28:25.002 -->  02:28:27.989],W,SPEAKER_15,8905.00221875,8907.989093750002
[ 02:28:28.174 -->  02:28:28.984],W,SPEAKER_15,8908.17471875,8908.984718750002
[ 02:28:29.136 -->  02:28:30.739],W,SPEAKER_15,8909.136593750001,8910.73971875
[ 02:28:31.195 -->  02:28:34.232],W,SPEAKER_15,8911.195343750001,8914.23284375
[ 02:28:34.874 -->  02:28:37.742],W,SPEAKER_15,8914.87409375,8917.742843750002
[ 02:28:38.350 -->  02:28:39.784],W,SPEAKER_15,8918.35034375,8919.784718750001
[ 02:28:40.932 -->  02:28:45.015],W,SPEAKER_15,8920.93221875,8925.015968750002
[ 02:28:45.150 -->  02:28:50.264],W,SPEAKER_15,8925.15096875,8930.26409375
[ 02:28:50.584 -->  02:28:51.917],W,SPEAKER_15,8930.58471875,8931.917843750001
[ 02:28:52.187 -->  02:28:53.925],W,SPEAKER_15,8932.187843750002,8933.925968750002
[ 02:28:54.381 -->  02:28:57.132],W,SPEAKER_15,8934.38159375,8937.13221875
[ 02:28:58.043 -->  02:28:58.566],W,SPEAKER_15,8938.043468750002,8938.566593750002
[ 02:28:58.819 -->  02:29:02.582],W,SPEAKER_15,8938.81971875,8942.582843750002
[ 02:29:02.954 -->  02:29:04.945],W,SPEAKER_15,8942.954093750002,8944.945343750001
[ 02:29:05.181 -->  02:29:07.290],W,SPEAKER_15,8945.18159375,8947.29096875
[ 02:29:07.560 -->  02:29:09.062],W,SPEAKER_15,8947.56096875,8949.062843750002
[ 02:29:09.940 -->  02:29:11.070],W,SPEAKER_15,8949.94034375,8951.070968750002
[ 02:29:11.307 -->  02:29:13.551],W,SPEAKER_15,8951.30721875,8953.551593750002
[ 02:29:14.783 -->  02:29:15.255],W,SPEAKER_15,8954.78346875,8955.25596875
[ 02:29:16.065 -->  02:29:19.339],W,SPEAKER_15,8956.065968750001,8959.339718750001
[ 02:29:19.559 -->  02:29:20.588],W,SPEAKER_15,8959.559093750002,8960.58846875
[ 02:29:20.875 -->  02:29:23.811],W,SPEAKER_15,8960.875343750002,8963.81159375
[ 02:29:24.267 -->  02:29:26.730],W,SPEAKER_15,8964.26721875,8966.730968750002
[ 02:29:27.405 -->  02:29:28.958],W,SPEAKER_15,8967.405968750001,8968.95846875
[ 02:29:32.873 -->  02:29:33.025],AG,SPEAKER_26,8972.87346875,8973.02534375
[ 02:29:33.025 -->  02:29:34.105],AF,SPEAKER_25,8973.02534375,8974.105343750001
[ 02:29:35.860 -->  02:29:36.653],AF,SPEAKER_25,8975.860343750002,8976.653468750003
[ 02:29:36.754 -->  02:29:40.770],AF,SPEAKER_25,8976.754718750002,8980.77096875
[ 02:29:41.361 -->  02:29:42.779],AD,SPEAKER_22,8981.36159375,8982.77909375
[ 02:29:42.779 -->  02:29:43.774],AF,SPEAKER_25,8982.77909375,8983.774718750003
[ 02:29:45.799 -->  02:29:45.816],AD,SPEAKER_22,8985.79971875,8985.816593750002
[ 02:29:45.816 -->  02:29:46.508],D,SPEAKER_23,8985.816593750002,8986.508468750002
[ 02:29:50.592 -->  02:29:51.672],D,SPEAKER_23,8990.59221875,8991.672218750002
[ 02:29:52.313 -->  02:29:52.499],D,SPEAKER_23,8992.313468750002,8992.49909375
[ 02:29:54.304 -->  02:29:55.654],D,SPEAKER_23,8994.304718750001,8995.65471875
[ 02:29:55.840 -->  02:29:55.874],D,SPEAKER_23,8995.840343750002,8995.87409375
[ 02:29:58.472 -->  02:29:58.506],E,SPEAKER_34,8998.472843750002,8998.50659375
[ 02:29:58.506 -->  02:29:59.940],D,SPEAKER_23,8998.50659375,8999.940968750001
[ 02:30:04.024 -->  02:30:07.686],D,SPEAKER_23,9004.024718750003,9007.68659375
[ 02:30:10.099 -->  02:30:12.040],AF,SPEAKER_25,9010.09971875,9012.040343750003
[ 02:30:12.040 -->  02:30:12.546],D,SPEAKER_23,9012.040343750003,9012.546593750001
[ 02:30:14.622 -->  02:30:22.283],D,SPEAKER_23,9014.622218750003,9022.28346875
[ 02:30:22.772 -->  02:30:25.185],D,SPEAKER_23,9022.77284375,9025.18596875
[ 02:30:26.215 -->  02:30:27.126],D,SPEAKER_23,9026.215343750002,9027.12659375
[ 02:30:30.265 -->  02:30:30.737],D,SPEAKER_23,9030.265343750001,9030.737843750001
[ 02:30:31.952 -->  02:30:41.672],D,SPEAKER_23,9031.952843750001,9041.672843750002
[ 02:30:42.719 -->  02:30:43.579],D,SPEAKER_23,9042.719093750002,9043.57971875
[ 02:30:44.524 -->  02:30:45.756],D,SPEAKER_23,9044.524718750003,9045.75659375
[ 02:30:46.229 -->  02:30:48.659],D,SPEAKER_23,9046.22909375,9048.65909375
[ 02:30:49.519 -->  02:30:51.224],D,SPEAKER_23,9049.519718750002,9051.22409375
[ 02:30:52.000 -->  02:30:56.084],D,SPEAKER_23,9052.000343750002,9056.08409375
[ 02:30:56.539 -->  02:30:57.737],D,SPEAKER_23,9056.539718750002,9057.737843750001
[ 02:30:58.682 -->  02:31:02.850],D,SPEAKER_23,9058.68284375,9062.85096875
[ 02:31:04.032 -->  02:31:04.403],D,SPEAKER_23,9064.032218750002,9064.403468750003
[ 02:31:04.487 -->  02:31:07.795],D,SPEAKER_23,9064.487843750001,9067.79534375
[ 02:31:09.685 -->  02:31:16.755],D,SPEAKER_23,9069.68534375,9076.75596875
[ 02:31:17.144 -->  02:31:18.679],D,SPEAKER_23,9077.144093750001,9078.679718750001
[ 02:31:19.034 -->  02:31:21.531],D,SPEAKER_23,9079.03409375,9081.531593750002
[ 02:31:21.666 -->  02:31:23.826],D,SPEAKER_23,9081.66659375,9083.82659375
[ 02:31:24.299 -->  02:31:25.902],D,SPEAKER_23,9084.29909375,9085.902218750001
[ 02:31:26.070 -->  02:31:27.336],D,SPEAKER_23,9086.070968750002,9087.336593750002
[ 02:31:27.572 -->  02:31:28.467],D,SPEAKER_23,9087.57284375,9088.46721875
[ 02:31:28.669 -->  02:31:29.918],D,SPEAKER_23,9088.66971875,9089.918468750002
[ 02:31:30.019 -->  02:31:33.158],D,SPEAKER_23,9090.019718750002,9093.15846875
[ 02:31:33.597 -->  02:31:39.351],D,SPEAKER_23,9093.597218750001,9099.351593750001
[ 02:31:39.874 -->  02:31:40.229],D,SPEAKER_23,9099.874718750001,9100.22909375
[ 02:31:40.819 -->  02:31:41.781],D,SPEAKER_23,9100.81971875,9101.781593750002
[ 02:31:41.967 -->  02:31:43.671],D,SPEAKER_23,9101.96721875,9103.671593750001
[ 02:31:43.975 -->  02:31:47.856],D,SPEAKER_23,9103.97534375,9107.856593750003
[ 02:31:48.160 -->  02:31:48.565],D,SPEAKER_23,9108.160343750002,9108.56534375
[ 02:31:49.493 -->  02:31:50.016],D,SPEAKER_23,9109.493468750003,9110.016593750002
[ 02:31:50.016 -->  02:31:50.033],O,SPEAKER_06,9110.016593750002,9110.03346875
[ 02:31:50.624 -->  02:31:51.366],D,SPEAKER_23,9110.62409375,9111.36659375
[ 02:31:51.872 -->  02:31:55.500],D,SPEAKER_23,9111.87284375,9115.500968750002
[ 02:31:56.614 -->  02:31:57.222],D,SPEAKER_23,9116.61471875,9117.222218750001
[ 02:31:57.745 -->  02:31:58.740],D,SPEAKER_23,9117.74534375,9118.74096875
[ 02:31:59.129 -->  02:32:00.344],D,SPEAKER_23,9119.129093750002,9120.344093750002
[ 02:32:00.765 -->  02:32:01.677],D,SPEAKER_23,9120.765968750002,9121.67721875
[ 02:32:01.879 -->  02:32:05.474],D,SPEAKER_23,9121.879718750002,9125.47409375
[ 02:32:05.676 -->  02:32:07.212],D,SPEAKER_23,9125.676593750002,9127.212218750003
[ 02:32:07.380 -->  02:32:08.477],D,SPEAKER_23,9127.38096875,9128.477843750003
[ 02:32:08.646 -->  02:32:09.574],D,SPEAKER_23,9128.64659375,9129.574718750002
[ 02:32:09.794 -->  02:32:13.877],D,SPEAKER_23,9129.794093750003,9133.87784375
[ 02:32:14.114 -->  02:32:14.468],D,SPEAKER_23,9134.114093750002,9134.468468750001
[ 02:32:14.856 -->  02:32:16.307],D,SPEAKER_23,9134.856593750003,9136.30784375
[ 02:32:16.577 -->  02:32:17.792],D,SPEAKER_23,9136.577843750001,9137.792843750001
[ 02:32:18.147 -->  02:32:18.822],D,SPEAKER_23,9138.14721875,9138.82221875
[ 02:32:19.277 -->  02:32:21.640],D,SPEAKER_23,9139.277843750002,9141.640343750001
[ 02:32:22.028 -->  02:32:23.530],D,SPEAKER_23,9142.028468750003,9143.53034375
[ 02:32:23.783 -->  02:32:25.268],D,SPEAKER_23,9143.78346875,9145.26846875
[ 02:32:25.369 -->  02:32:25.960],D,SPEAKER_23,9145.36971875,9145.96034375
[ 02:32:26.297 -->  02:32:27.732],D,SPEAKER_23,9146.297843750002,9147.73221875
[ 02:32:28.120 -->  02:32:29.048],D,SPEAKER_23,9148.12034375,9149.04846875
[ 02:32:29.537 -->  02:32:29.554],S,SPEAKER_10,9149.53784375,9149.554718750001
[ 02:32:29.554 -->  02:32:29.976],D,SPEAKER_23,9149.554718750001,9149.976593750001
[ 02:32:29.976 -->  02:32:30.027],S,SPEAKER_10,9149.976593750001,9150.027218750001
[ 02:32:30.719 -->  02:32:30.769],S,SPEAKER_10,9150.719093750002,9150.769718750002
[ 02:32:30.769 -->  02:32:30.972],D,SPEAKER_23,9150.769718750002,9150.972218750001
[ 02:32:30.972 -->  02:32:31.022],S,SPEAKER_10,9150.972218750001,9151.02284375
[ 02:32:31.022 -->  02:32:31.174],D,SPEAKER_23,9151.02284375,9151.17471875
[ 02:32:32.102 -->  02:32:32.136],S,SPEAKER_10,9152.102843750003,9152.136593750001
[ 02:32:32.136 -->  02:32:33.317],D,SPEAKER_23,9152.136593750001,9153.31784375
[ 02:32:33.317 -->  02:32:33.334],S,SPEAKER_10,9153.31784375,9153.33471875
[ 02:32:33.689 -->  02:32:34.482],D,SPEAKER_23,9153.68909375,9154.48221875
[ 02:32:35.309 -->  02:32:36.085],D,SPEAKER_23,9155.309093750002,9156.08534375
[ 02:32:36.861 -->  02:32:37.485],D,SPEAKER_23,9156.86159375,9157.48596875
[ 02:32:37.924 -->  02:32:40.270],D,SPEAKER_23,9157.92471875,9160.270343750002
[ 02:32:40.658 -->  02:32:42.869],D,SPEAKER_23,9160.65846875,9162.86909375
[ 02:32:43.155 -->  02:32:47.340],D,SPEAKER_23,9163.155968750001,9167.340968750003
[ 02:32:47.627 -->  02:32:50.125],D,SPEAKER_23,9167.62784375,9170.125343750002
[ 02:32:50.462 -->  02:32:53.534],D,SPEAKER_23,9170.46284375,9173.53409375
[ 02:32:53.584 -->  02:32:54.293],D,SPEAKER_23,9173.58471875,9174.293468750002
[ 02:32:54.630 -->  02:32:55.019],D,SPEAKER_23,9174.63096875,9175.019093750001
[ 02:32:55.744 -->  02:33:00.014],D,SPEAKER_23,9175.74471875,9180.01409375
[ 02:33:00.503 -->  02:33:01.600],D,SPEAKER_23,9180.503468750001,9181.60034375
[ 02:33:02.055 -->  02:33:03.321],D,SPEAKER_23,9182.055968750003,9183.321593750003
[ 02:33:04.131 -->  02:33:07.388],D,SPEAKER_23,9184.13159375,9187.38846875
[ 02:33:07.709 -->  02:33:11.573],D,SPEAKER_23,9187.70909375,9191.57346875
[ 02:33:12.349 -->  02:33:16.872],D,SPEAKER_23,9192.34971875,9196.872218750003
[ 02:33:17.699 -->  02:33:17.935],D,SPEAKER_23,9197.699093750001,9197.93534375
[ 02:33:18.880 -->  02:33:21.310],D,SPEAKER_23,9198.88034375,9201.31034375
[ 02:33:22.609 -->  02:33:22.997],D,SPEAKER_23,9202.609718750002,9202.99784375
[ 02:33:23.183 -->  02:33:23.925],D,SPEAKER_23,9203.183468750001,9203.925968750002
[ 02:33:24.330 -->  02:33:27.520],D,SPEAKER_23,9204.33096875,9207.520343750002
[ 02:33:27.739 -->  02:33:30.524],D,SPEAKER_23,9207.73971875,9210.524093750002
[ 02:33:30.642 -->  02:33:33.190],D,SPEAKER_23,9210.64221875,9213.19034375
[ 02:33:33.494 -->  02:33:35.097],D,SPEAKER_23,9213.49409375,9215.097218750001
[ 02:33:35.519 -->  02:33:37.982],D,SPEAKER_23,9215.519093750001,9217.98284375
[ 02:33:38.286 -->  02:33:42.775],D,SPEAKER_23,9218.28659375,9222.77534375
[ 02:33:43.146 -->  02:33:44.901],D,SPEAKER_23,9223.14659375,9224.90159375
[ 02:33:45.475 -->  02:33:48.411],D,SPEAKER_23,9225.47534375,9228.41159375
[ 02:33:48.495 -->  02:33:53.389],D,SPEAKER_23,9228.495968750001,9233.38971875
[ 02:33:53.828 -->  02:33:59.076],D,SPEAKER_23,9233.828468750002,9239.07659375
[ 02:33:59.245 -->  02:34:00.426],D,SPEAKER_23,9239.24534375,9240.426593750002
[ 02:34:00.848 -->  02:34:05.978],D,SPEAKER_23,9240.848468750002,9245.97846875
[ 02:34:05.978 -->  02:34:06.265],Z,SPEAKER_18,9245.97846875,9246.265343750001
[ 02:34:06.265 -->  02:34:06.450],D,SPEAKER_23,9246.265343750001,9246.45096875
[ 02:34:06.450 -->  02:34:07.311],Z,SPEAKER_18,9246.45096875,9247.31159375
[ 02:34:07.615 -->  02:34:08.948],D,SPEAKER_23,9247.61534375,9248.94846875
[ 02:34:09.387 -->  02:34:11.024],Z,SPEAKER_18,9249.387218750002,9251.024093750002
[ 02:34:11.024 -->  02:34:11.867],D,SPEAKER_23,9251.024093750002,9251.867843750002
[ 02:34:12.407 -->  02:34:12.441],Z,SPEAKER_18,9252.40784375,9252.441593750002
[ 02:34:12.441 -->  02:34:15.411],D,SPEAKER_23,9252.441593750002,9255.41159375
[ 02:34:15.749 -->  02:34:16.997],D,SPEAKER_23,9255.74909375,9256.99784375
[ 02:34:17.082 -->  02:34:19.174],D,SPEAKER_23,9257.082218750002,9259.17471875
[ 02:34:19.545 -->  02:34:23.005],D,SPEAKER_23,9259.54596875,9263.00534375
[ 02:34:23.393 -->  02:34:29.485],D,SPEAKER_23,9263.39346875,9269.485343750002
[ 02:34:29.856 -->  02:34:37.230],D,SPEAKER_23,9269.856593750003,9277.230968750002
[ 02:34:37.754 -->  02:34:38.024],D,SPEAKER_23,9277.754093750002,9278.024093750002
[ 02:34:38.209 -->  02:34:39.255],D,SPEAKER_23,9278.20971875,9279.25596875
[ 02:34:39.677 -->  02:34:40.234],D,SPEAKER_23,9279.67784375,9280.234718750002
[ 02:34:41.129 -->  02:34:41.466],D,SPEAKER_23,9281.129093750002,9281.46659375
[ 02:34:41.837 -->  02:34:42.310],D,SPEAKER_23,9281.83784375,9282.31034375
[ 02:34:42.732 -->  02:34:45.972],D,SPEAKER_23,9282.73221875,9285.972218750001
[ 02:34:46.005 -->  02:34:51.844],D,SPEAKER_23,9286.00596875,9291.844718750002
[ 02:34:52.114 -->  02:34:54.645],D,SPEAKER_23,9292.11471875,9294.64596875
[ 02:34:54.949 -->  02:34:57.109],D,SPEAKER_23,9294.949718750002,9297.109718750002
[ 02:34:57.430 -->  02:35:01.041],D,SPEAKER_23,9297.430343750002,9301.04159375
[ 02:35:01.514 -->  02:35:02.729],D,SPEAKER_23,9301.51409375,9302.72909375
[ 02:35:03.015 -->  02:35:04.484],D,SPEAKER_23,9303.015968750002,9304.484093750001
[ 02:35:04.737 -->  02:35:10.660],D,SPEAKER_23,9304.73721875,9310.660343750002
[ 02:35:11.487 -->  02:35:13.326],D,SPEAKER_23,9311.48721875,9313.32659375
[ 02:35:13.680 -->  02:35:15.334],D,SPEAKER_23,9313.680968750003,9315.33471875
[ 02:35:15.604 -->  02:35:16.718],D,SPEAKER_23,9315.60471875,9316.718468750001
[ 02:35:17.359 -->  02:35:17.933],D,SPEAKER_23,9317.359718750002,9317.933468750001
[ 02:35:19.182 -->  02:35:21.848],D,SPEAKER_23,9319.18221875,9321.848468750002
[ 02:35:22.337 -->  02:35:25.881],D,SPEAKER_23,9322.33784375,9325.88159375
[ 02:35:26.202 -->  02:35:29.037],D,SPEAKER_23,9326.20221875,9329.03721875
[ 02:35:29.374 -->  02:35:30.876],D,SPEAKER_23,9329.374718750001,9330.87659375
[ 02:35:31.905 -->  02:35:34.791],D,SPEAKER_23,9331.905968750001,9334.79159375
[ 02:35:34.926 -->  02:35:38.470],D,SPEAKER_23,9334.926593750002,9338.47034375
[ 02:35:38.571 -->  02:35:42.807],D,SPEAKER_23,9338.571593750003,9342.80721875
[ 02:35:43.144 -->  02:35:45.372],D,SPEAKER_23,9343.144718750002,9345.372218750003
[ 02:35:45.608 -->  02:35:46.553],D,SPEAKER_23,9345.60846875,9346.55346875
[ 02:35:47.329 -->  02:35:48.764],D,SPEAKER_23,9347.32971875,9348.76409375
[ 02:35:49.320 -->  02:35:50.468],D,SPEAKER_23,9349.320968750002,9350.468468750001
[ 02:35:51.126 -->  02:35:51.700],D,SPEAKER_23,9351.12659375,9351.700343750003
[ 02:35:52.527 -->  02:35:54.012],D,SPEAKER_23,9352.527218750001,9354.012218750002
[ 02:35:54.332 -->  02:35:55.176],D,SPEAKER_23,9354.332843750002,9355.176593750002
[ 02:35:55.784 -->  02:35:56.442],D,SPEAKER_23,9355.78409375,9356.442218750002
[ 02:35:57.775 -->  02:36:01.184],D,SPEAKER_23,9357.77534375,9361.184093750002
[ 02:36:01.352 -->  02:36:03.495],D,SPEAKER_23,9361.352843750003,9363.495968750001
[ 02:36:04.002 -->  02:36:04.930],D,SPEAKER_23,9364.00221875,9364.930343750002
[ 02:36:05.149 -->  02:36:06.584],D,SPEAKER_23,9365.149718750003,9366.58409375
[ 02:36:06.870 -->  02:36:08.322],D,SPEAKER_23,9366.870968750001,9368.32221875
[ 02:36:08.592 -->  02:36:10.752],D,SPEAKER_23,9368.59221875,9370.75221875
[ 02:36:11.005 -->  02:36:13.806],D,SPEAKER_23,9371.00534375,9373.80659375
[ 02:36:14.177 -->  02:36:15.139],D,SPEAKER_23,9374.17784375,9375.13971875
[ 02:36:16.641 -->  02:36:19.898],D,SPEAKER_23,9376.641593750002,9379.898468750001
[ 02:36:20.168 -->  02:36:20.691],D,SPEAKER_23,9380.168468750002,9380.691593750002
[ 02:36:21.535 -->  02:36:22.716],D,SPEAKER_23,9381.535343750002,9382.71659375
[ 02:36:23.138 -->  02:36:25.349],D,SPEAKER_23,9383.13846875,9385.34909375
[ 02:36:25.416 -->  02:36:27.509],D,SPEAKER_23,9385.41659375,9387.509093750003
[ 02:36:27.677 -->  02:36:33.128],D,SPEAKER_23,9387.67784375,9393.128468750001
[ 02:36:33.314 -->  02:36:34.849],D,SPEAKER_23,9393.31409375,9394.84971875
[ 02:36:35.271 -->  02:36:38.865],D,SPEAKER_23,9395.27159375,9398.86596875
[ 02:36:39.372 -->  02:36:40.992],D,SPEAKER_23,9399.372218750003,9400.992218750001
[ 02:36:41.549 -->  02:36:42.359],D,SPEAKER_23,9401.54909375,9402.359093750001
[ 02:36:42.662 -->  02:36:44.265],D,SPEAKER_23,9402.66284375,9404.265968750002
[ 02:36:44.924 -->  02:36:47.860],D,SPEAKER_23,9404.92409375,9407.860343750002
[ 02:36:48.670 -->  02:36:49.176],D,SPEAKER_23,9408.67034375,9409.176593750002
[ 02:36:50.070 -->  02:36:50.374],D,SPEAKER_23,9410.070968750002,9410.374718750001
[ 02:36:51.032 -->  02:36:54.340],D,SPEAKER_23,9411.03284375,9414.340343750002
[ 02:36:54.829 -->  02:36:56.804],D,SPEAKER_23,9414.82971875,9416.80409375
[ 02:36:57.006 -->  02:37:00.094],D,SPEAKER_23,9417.00659375,9420.094718750002
[ 02:37:01.191 -->  02:37:02.507],D,SPEAKER_23,9421.191593750002,9422.507843750001
[ 02:37:03.402 -->  02:37:09.831],D,SPEAKER_23,9423.402218750001,9429.831593750001
[ 02:37:11.384 -->  02:37:12.750],D,SPEAKER_23,9431.384093750003,9432.750968750002
[ 02:37:13.307 -->  02:37:16.395],D,SPEAKER_23,9433.30784375,9436.39596875
[ 02:37:16.682 -->  02:37:17.459],D,SPEAKER_23,9436.68284375,9437.45909375
[ 02:37:17.864 -->  02:37:21.374],D,SPEAKER_23,9437.864093750002,9441.37409375
[ 02:37:21.711 -->  02:37:25.356],D,SPEAKER_23,9441.711593750002,9445.356593750003
[ 02:37:25.812 -->  02:37:28.022],D,SPEAKER_23,9445.812218750001,9448.02284375
[ 02:37:28.748 -->  02:37:31.617],D,SPEAKER_23,9448.74846875,9451.617218750001
[ 02:37:32.849 -->  02:37:34.064],D,SPEAKER_23,9452.84909375,9454.06409375
[ 02:37:34.806 -->  02:37:36.932],D,SPEAKER_23,9454.80659375,9456.93284375
[ 02:37:37.455 -->  02:37:38.940],D,SPEAKER_23,9457.45596875,9458.940968750001
[ 02:37:39.278 -->  02:37:43.632],D,SPEAKER_23,9459.278468750003,9463.63221875
[ 02:37:44.239 -->  02:37:45.100],D,SPEAKER_23,9464.23971875,9465.10034375
[ 02:37:45.404 -->  02:37:47.260],D,SPEAKER_23,9465.40409375,9467.26034375
[ 02:37:47.327 -->  02:37:48.728],D,SPEAKER_23,9467.327843750001,9468.72846875
[ 02:37:49.302 -->  02:37:51.917],D,SPEAKER_23,9469.30221875,9471.917843750001
[ 02:37:52.440 -->  02:37:53.048],D,SPEAKER_23,9472.440968750001,9473.04846875
[ 02:37:53.301 -->  02:37:56.052],D,SPEAKER_23,9473.301593750002,9476.05221875
[ 02:37:56.339 -->  02:37:57.520],D,SPEAKER_23,9476.33909375,9477.520343750002
[ 02:37:57.857 -->  02:38:00.034],D,SPEAKER_23,9477.85784375,9480.034718750001
[ 02:38:00.051 -->  02:38:00.929],D,SPEAKER_23,9480.051593750002,9480.92909375
[ 02:38:01.806 -->  02:38:01.975],D,SPEAKER_23,9481.80659375,9481.97534375
[ 02:38:02.667 -->  02:38:02.987],D,SPEAKER_23,9482.66721875,9482.987843750001
[ 02:38:03.308 -->  02:38:07.577],D,SPEAKER_23,9483.308468750001,9487.577843750001
[ 02:38:07.830 -->  02:38:10.834],D,SPEAKER_23,9487.83096875,9490.83471875
[ 02:38:11.054 -->  02:38:12.066],D,SPEAKER_23,9491.05409375,9492.066593750002
[ 02:38:13.062 -->  02:38:13.534],D,SPEAKER_23,9493.062218750001,9493.534718750001
[ 02:38:14.918 -->  02:38:15.829],D,SPEAKER_23,9494.918468750002,9495.82971875
[ 02:38:16.032 -->  02:38:17.061],D,SPEAKER_23,9496.032218750002,9497.06159375
[ 02:38:17.230 -->  02:38:19.559],D,SPEAKER_23,9497.230343750001,9499.559093750002
[ 02:38:19.964 -->  02:38:22.090],D,SPEAKER_23,9499.96409375,9502.090343750002
[ 02:38:22.529 -->  02:38:23.895],D,SPEAKER_23,9502.52909375,9503.89596875
[ 02:38:24.368 -->  02:38:27.254],D,SPEAKER_23,9504.368468750003,9507.254093750002
[ 02:38:27.557 -->  02:38:29.363],D,SPEAKER_23,9507.55784375,9509.363468750002
[ 02:38:29.633 -->  02:38:31.185],D,SPEAKER_23,9509.633468750002,9511.18596875
[ 02:38:31.472 -->  02:38:31.810],D,SPEAKER_23,9511.472843750002,9511.81034375
[ 02:38:32.181 -->  02:38:36.265],D,SPEAKER_23,9512.18159375,9516.265343750001
[ 02:38:37.176 -->  02:38:37.429],D,SPEAKER_23,9517.176593750002,9517.429718750001
[ 02:38:37.750 -->  02:38:38.813],D,SPEAKER_23,9517.750343750002,9518.813468750002
[ 02:38:39.049 -->  02:38:41.631],D,SPEAKER_23,9519.04971875,9521.63159375
[ 02:38:42.424 -->  02:38:43.302],D,SPEAKER_23,9522.42471875,9523.30221875
[ 02:38:43.605 -->  02:38:49.191],D,SPEAKER_23,9523.605968750002,9529.191593750002
[ 02:38:49.697 -->  02:38:50.204],D,SPEAKER_23,9529.69784375,9530.204093750002
[ 02:38:51.300 -->  02:38:51.790],D,SPEAKER_23,9531.300968750002,9531.790343750003
[ 02:38:52.988 -->  02:38:53.427],D,SPEAKER_23,9532.988468750002,9533.42721875
[ 02:38:53.950 -->  02:38:56.819],D,SPEAKER_23,9533.950343750003,9536.81909375
[ 02:38:57.426 -->  02:38:57.882],D,SPEAKER_23,9537.426593750002,9537.88221875
[ 02:38:58.675 -->  02:38:59.890],D,SPEAKER_23,9538.675343750001,9539.890343750001
[ 02:39:00.430 -->  02:39:01.392],D,SPEAKER_23,9540.430343750002,9541.39221875
[ 02:39:01.662 -->  02:39:05.357],D,SPEAKER_23,9541.66221875,9545.35784375
[ 02:39:05.914 -->  02:39:08.310],D,SPEAKER_23,9545.914718750002,9548.31096875
[ 02:39:10.217 -->  02:39:13.980],D,SPEAKER_23,9550.21784375,9553.980968750002
[ 02:39:14.470 -->  02:39:15.533],D,SPEAKER_23,9554.47034375,9555.53346875
[ 02:39:15.702 -->  02:39:18.891],D,SPEAKER_23,9555.70221875,9558.891593750002
[ 02:39:19.499 -->  02:39:22.587],D,SPEAKER_23,9559.49909375,9562.587218750003
[ 02:39:22.857 -->  02:39:23.194],AN,SPEAKER_33,9562.85721875,9563.19471875
[ 02:39:23.194 -->  02:39:27.835],D,SPEAKER_23,9563.19471875,9567.83534375
[ 02:39:23.211 -->  02:39:23.228],AN,SPEAKER_33,9563.211593750002,9563.22846875
[ 02:39:28.274 -->  02:39:29.370],D,SPEAKER_23,9568.274093750002,9569.370968750001
[ 02:39:29.539 -->  02:39:30.670],D,SPEAKER_23,9569.539718750002,9570.67034375
[ 02:39:31.092 -->  02:39:31.851],D,SPEAKER_23,9571.09221875,9571.851593750001
[ 02:39:32.070 -->  02:39:34.652],D,SPEAKER_23,9572.070968750002,9574.652843750002
[ 02:39:34.990 -->  02:39:39.647],D,SPEAKER_23,9574.99034375,9579.64784375
[ 02:39:39.951 -->  02:39:42.162],D,SPEAKER_23,9579.95159375,9582.16221875
[ 02:39:42.567 -->  02:39:43.883],D,SPEAKER_23,9582.567218750002,9583.883468750002
[ 02:39:44.946 -->  02:39:48.524],D,SPEAKER_23,9584.946593750003,9588.524093750002
[ 02:39:49.452 -->  02:39:53.822],D,SPEAKER_23,9589.45221875,9593.82284375
[ 02:39:54.244 -->  02:39:55.290],D,SPEAKER_23,9594.24471875,9595.29096875
[ 02:39:56.252 -->  02:40:00.505],D,SPEAKER_23,9596.25284375,9600.50534375
[ 02:40:00.825 -->  02:40:02.952],D,SPEAKER_23,9600.82596875,9602.95221875
[ 02:40:03.340 -->  02:40:08.909],D,SPEAKER_23,9603.340343750002,9608.90909375
[ 02:40:09.145 -->  02:40:09.803],D,SPEAKER_23,9609.145343750002,9609.80346875
[ 02:40:10.056 -->  02:40:15.186],D,SPEAKER_23,9610.05659375,9615.18659375
[ 02:40:15.372 -->  02:40:16.215],D,SPEAKER_23,9615.372218750003,9616.215968750003
[ 02:40:16.958 -->  02:40:17.464],D,SPEAKER_23,9616.95846875,9617.464718750001
[ 02:40:18.780 -->  02:40:19.067],D,SPEAKER_23,9618.780968750001,9619.06784375
[ 02:40:19.253 -->  02:40:19.624],D,SPEAKER_23,9619.253468750001,9619.624718750001
[ 02:40:19.860 -->  02:40:22.240],D,SPEAKER_23,9619.86096875,9622.24034375
[ 02:40:22.392 -->  02:40:25.109],D,SPEAKER_23,9622.39221875,9625.109093750001
[ 02:40:25.530 -->  02:40:33.850],D,SPEAKER_23,9625.530968750001,9633.85034375
[ 02:40:34.052 -->  02:40:34.795],D,SPEAKER_23,9634.05284375,9634.79534375
[ 02:40:35.014 -->  02:40:38.440],D,SPEAKER_23,9635.01471875,9638.44034375
[ 02:40:38.625 -->  02:40:40.667],D,SPEAKER_23,9638.625968750002,9640.667843750001
[ 02:40:40.937 -->  02:40:41.950],D,SPEAKER_23,9640.937843750002,9641.950343750003
[ 02:40:43.064 -->  02:40:44.852],D,SPEAKER_23,9643.06409375,9644.852843750003
[ 02:40:44.886 -->  02:40:46.557],D,SPEAKER_23,9644.886593750001,9646.55721875
[ 02:40:46.810 -->  02:40:47.400],D,SPEAKER_23,9646.81034375,9647.40096875
[ 02:40:47.721 -->  02:40:50.860],D,SPEAKER_23,9647.72159375,9650.860343750002
[ 02:40:51.282 -->  02:40:51.771],D,SPEAKER_23,9651.282218750002,9651.77159375
[ 02:40:51.957 -->  02:40:53.324],D,SPEAKER_23,9651.957218750002,9653.324093750001
[ 02:40:53.695 -->  02:40:57.762],D,SPEAKER_23,9653.695343750001,9657.762218750002
[ 02:40:58.184 -->  02:41:00.580],D,SPEAKER_23,9658.184093750002,9660.58034375
[ 02:41:01.154 -->  02:41:03.044],D,SPEAKER_23,9661.15409375,9663.044093750003
[ 02:41:03.212 -->  02:41:05.980],D,SPEAKER_23,9663.21284375,9665.980343750001
[ 02:41:06.604 -->  02:41:07.313],D,SPEAKER_23,9666.60471875,9667.313468750002
[ 02:41:07.701 -->  02:41:08.342],D,SPEAKER_23,9667.70159375,9668.34284375
[ 02:41:08.511 -->  02:41:11.549],D,SPEAKER_23,9668.511593750001,9671.54909375
[ 02:41:12.156 -->  02:41:13.675],D,SPEAKER_23,9672.156593750002,9673.675343750001
[ 02:41:15.531 -->  02:41:16.004],D,SPEAKER_23,9675.531593750002,9676.004093750002
[ 02:41:17.556 -->  02:41:18.062],D,SPEAKER_23,9677.55659375,9678.062843750002
[ 02:41:18.248 -->  02:41:22.315],D,SPEAKER_23,9678.24846875,9682.31534375
[ 02:41:22.585 -->  02:41:25.285],D,SPEAKER_23,9682.58534375,9685.285343750002
[ 02:41:25.538 -->  02:41:27.090],D,SPEAKER_23,9685.53846875,9687.090968750003
[ 02:41:27.512 -->  02:41:28.019],D,SPEAKER_23,9687.512843750003,9688.019093750001
[ 02:41:28.491 -->  02:41:29.892],D,SPEAKER_23,9688.49159375,9689.89221875
[ 02:41:30.077 -->  02:41:31.647],D,SPEAKER_23,9690.077843750001,9691.64721875
[ 02:41:32.305 -->  02:41:33.250],D,SPEAKER_23,9692.305343750002,9693.250343750002
[ 02:41:33.402 -->  02:41:36.760],D,SPEAKER_23,9693.402218750001,9696.76034375
[ 02:41:37.148 -->  02:41:39.527],D,SPEAKER_23,9697.148468750001,9699.527843750002
[ 02:41:40.709 -->  02:41:41.502],D,SPEAKER_23,9700.70909375,9701.50221875
[ 02:41:42.059 -->  02:41:44.624],D,SPEAKER_23,9702.059093750002,9704.62409375
[ 02:41:44.944 -->  02:41:49.264],D,SPEAKER_23,9704.94471875,9709.26471875
[ 02:41:49.754 -->  02:41:53.314],D,SPEAKER_23,9709.754093750002,9713.31471875
[ 02:41:53.567 -->  02:41:54.040],D,SPEAKER_23,9713.56784375,9714.040343750003
[ 02:41:54.428 -->  02:41:55.845],D,SPEAKER_23,9714.42846875,9715.84596875
[ 02:41:56.082 -->  02:41:56.790],D,SPEAKER_23,9716.082218750002,9716.79096875
[ 02:41:56.993 -->  02:41:59.575],D,SPEAKER_23,9716.993468750003,9719.575343750003
[ 02:41:59.997 -->  02:42:04.384],D,SPEAKER_23,9719.997218750003,9724.38471875
[ 02:42:04.755 -->  02:42:08.620],D,SPEAKER_23,9724.75596875,9728.62034375
[ 02:42:09.312 -->  02:42:11.387],D,SPEAKER_23,9729.312218750001,9731.387843750003
[ 02:42:11.775 -->  02:42:12.754],D,SPEAKER_23,9731.77596875,9732.754718750002
[ 02:42:12.990 -->  02:42:14.543],D,SPEAKER_23,9732.99096875,9734.543468750002
[ 02:42:15.387 -->  02:42:15.977],Z,SPEAKER_18,9735.387218750002,9735.977843750003
[ 02:42:16.129 -->  02:42:16.180],Z,SPEAKER_18,9736.129718750002,9736.180343750002
[ 02:42:16.180 -->  02:42:16.365],D,SPEAKER_23,9736.180343750002,9736.36596875
[ 02:42:16.365 -->  02:42:17.243],Z,SPEAKER_18,9736.36596875,9737.243468750003
[ 02:42:17.243 -->  02:42:17.260],D,SPEAKER_23,9737.243468750003,9737.26034375
[ 02:42:17.378 -->  02:42:22.356],D,SPEAKER_23,9737.378468750001,9742.356593750003
[ 02:42:23.048 -->  02:42:23.740],D,SPEAKER_23,9743.04846875,9743.74034375
[ 02:42:24.415 -->  02:42:24.769],D,SPEAKER_23,9744.415343750003,9744.769718750002
[ 02:42:25.039 -->  02:42:25.394],D,SPEAKER_23,9745.039718750002,9745.394093750001
[ 02:42:25.680 -->  02:42:28.499],D,SPEAKER_23,9745.680968750003,9748.49909375
[ 02:42:29.174 -->  02:42:30.642],D,SPEAKER_23,9749.17409375,9750.64221875
[ 02:42:31.452 -->  02:42:31.722],D,SPEAKER_23,9751.45221875,9751.722218750001
[ 02:42:31.823 -->  02:42:33.291],D,SPEAKER_23,9751.82346875,9753.29159375
[ 02:42:33.679 -->  02:42:33.915],D,SPEAKER_23,9753.679718750001,9753.91596875
[ 02:42:34.169 -->  02:42:35.232],D,SPEAKER_23,9754.169093750003,9755.23221875
[ 02:42:35.367 -->  02:42:38.235],D,SPEAKER_23,9755.367218750001,9758.23596875
[ 02:42:38.556 -->  02:42:38.826],C,SPEAKER_12,9758.55659375,9758.82659375
[ 02:42:39.164 -->  02:42:42.235],D,SPEAKER_23,9759.164093750001,9762.235343750002
[ 02:42:42.302 -->  02:42:42.927],D,SPEAKER_23,9762.30284375,9762.92721875
[ 02:42:43.298 -->  02:42:43.720],D,SPEAKER_23,9763.29846875,9763.72034375
[ 02:42:44.699 -->  02:42:48.276],D,SPEAKER_23,9764.699093750001,9768.27659375
[ 02:42:48.681 -->  02:42:51.246],D,SPEAKER_23,9768.68159375,9771.246593750002
[ 02:42:51.482 -->  02:42:56.039],D,SPEAKER_23,9771.48284375,9776.039093750001
[ 02:42:56.072 -->  02:42:58.334],D,SPEAKER_23,9776.07284375,9778.33409375
[ 02:42:59.110 -->  02:42:59.616],D,SPEAKER_23,9779.110343750002,9779.61659375
[ 02:43:00.797 -->  02:43:01.320],D,SPEAKER_23,9780.797843750002,9781.320968750002
[ 02:43:02.265 -->  02:43:04.763],D,SPEAKER_23,9782.265968750002,9784.76346875
[ 02:43:04.999 -->  02:43:07.328],D,SPEAKER_23,9784.999718750001,9787.328468750002
[ 02:43:07.716 -->  02:43:09.201],D,SPEAKER_23,9787.71659375,9789.20159375
[ 02:43:09.606 -->  02:43:10.889],D,SPEAKER_23,9789.606593750003,9790.88909375
[ 02:43:11.192 -->  02:43:11.327],AT,SPEAKER_40,9791.19284375,9791.327843750001
[ 02:43:11.327 -->  02:43:14.989],D,SPEAKER_23,9791.327843750001,9794.98971875
[ 02:43:15.529 -->  02:43:15.850],D,SPEAKER_23,9795.52971875,9795.85034375
[ 02:43:16.339 -->  02:43:19.934],D,SPEAKER_23,9796.339718750001,9799.934093750002
[ 02:43:21.115 -->  02:43:25.199],D,SPEAKER_23,9801.11534375,9805.199093750001
[ 02:43:26.329 -->  02:43:28.135],D,SPEAKER_23,9806.32971875,9808.13534375
[ 02:43:28.827 -->  02:43:30.869],D,SPEAKER_23,9808.82721875,9810.86909375
[ 02:43:30.953 -->  02:43:32.185],D,SPEAKER_23,9810.953468750002,9812.18534375
[ 02:43:32.320 -->  02:43:34.716],D,SPEAKER_23,9812.320343750001,9814.71659375
[ 02:43:34.935 -->  02:43:38.361],D,SPEAKER_23,9814.93596875,9818.36159375
[ 02:43:38.479 -->  02:43:40.842],D,SPEAKER_23,9818.47971875,9820.84221875
[ 02:43:41.567 -->  02:43:43.964],D,SPEAKER_23,9821.56784375,9823.96409375
[ 02:43:44.284 -->  02:43:48.722],D,SPEAKER_23,9824.284718750001,9828.722843750002
[ 02:43:48.908 -->  02:43:53.177],D,SPEAKER_23,9828.90846875,9833.17784375
[ 02:43:53.734 -->  02:43:54.021],D,SPEAKER_23,9833.734718750002,9834.02159375
[ 02:43:54.966 -->  02:43:57.261],D,SPEAKER_23,9834.96659375,9837.261593750001
[ 02:43:57.447 -->  02:43:58.527],D,SPEAKER_23,9837.44721875,9838.527218750001
[ 02:43:59.100 -->  02:44:01.547],D,SPEAKER_23,9839.10096875,9841.547843750002
[ 02:44:01.986 -->  02:44:04.028],D,SPEAKER_23,9841.98659375,9844.028468750003
[ 02:44:04.990 -->  02:44:05.294],D,SPEAKER_23,9844.99034375,9845.294093750003
[ 02:44:05.749 -->  02:44:09.276],D,SPEAKER_23,9845.749718750001,9849.27659375
[ 02:44:09.850 -->  02:44:13.512],D,SPEAKER_23,9849.85034375,9853.512218750002
[ 02:44:14.980 -->  02:44:17.697],D,SPEAKER_23,9854.980343750001,9857.69721875
[ 02:44:19.469 -->  02:44:20.684],D,SPEAKER_23,9859.469093750002,9860.684093750002
[ 02:44:21.494 -->  02:44:22.523],D,SPEAKER_23,9861.49409375,9862.523468750001
[ 02:44:22.692 -->  02:44:24.210],D,SPEAKER_23,9862.692218750002,9864.210968750001
[ 02:44:24.767 -->  02:44:29.509],D,SPEAKER_23,9864.76784375,9869.50971875
[ 02:44:29.864 -->  02:44:30.910],D,SPEAKER_23,9869.864093750002,9870.910343750002
[ 02:44:31.399 -->  02:44:32.243],D,SPEAKER_23,9871.399718750003,9872.243468750003
[ 02:44:32.580 -->  02:44:33.137],D,SPEAKER_23,9872.58096875,9873.137843750003
[ 02:44:33.340 -->  02:44:36.630],D,SPEAKER_23,9873.340343750002,9876.63096875
[ 02:44:36.884 -->  02:44:37.221],D,SPEAKER_23,9876.884093750003,9877.22159375
[ 02:44:37.373 -->  02:44:39.330],AF,SPEAKER_25,9877.37346875,9879.33096875
[ 02:44:39.415 -->  02:44:39.482],AF,SPEAKER_25,9879.415343750003,9879.48284375
[ 02:44:39.482 -->  02:44:41.322],D,SPEAKER_23,9879.48284375,9881.32221875
[ 02:44:41.440 -->  02:44:45.372],D,SPEAKER_23,9881.44034375,9885.372218750003
[ 02:44:43.262 -->  02:44:43.347],AF,SPEAKER_25,9883.262843750003,9883.347218750001
[ 02:44:45.372 -->  02:44:45.389],AF,SPEAKER_25,9885.372218750003,9885.38909375
[ 02:44:45.389 -->  02:44:45.422],D,SPEAKER_23,9885.38909375,9885.422843750002
[ 02:44:45.422 -->  02:44:45.625],AF,SPEAKER_25,9885.422843750002,9885.625343750002
[ 02:44:46.367 -->  02:44:49.270],D,SPEAKER_23,9886.367843750002,9889.270343750002
[ 02:44:49.844 -->  02:44:52.425],D,SPEAKER_23,9889.844093750002,9892.425968750002
[ 02:44:52.645 -->  02:44:55.176],D,SPEAKER_23,9892.645343750002,9895.176593750002
[ 02:44:55.564 -->  02:44:56.492],D,SPEAKER_23,9895.56471875,9896.492843750002
[ 02:44:56.880 -->  02:44:57.977],D,SPEAKER_23,9896.88096875,9897.977843750003
[ 02:44:58.922 -->  02:45:03.310],D,SPEAKER_23,9898.922843750002,9903.31034375
[ 02:45:03.816 -->  02:45:07.765],D,SPEAKER_23,9903.816593750002,9907.765343750001
[ 02:45:08.035 -->  02:45:08.845],D,SPEAKER_23,9908.035343750002,9908.84534375
[ 02:45:10.127 -->  02:45:13.334],D,SPEAKER_23,9910.12784375,9913.33409375
[ 02:45:13.637 -->  02:45:15.004],D,SPEAKER_23,9913.637843750003,9915.004718750002
[ 02:45:15.915 -->  02:45:19.020],D,SPEAKER_23,9915.91596875,9919.02096875
[ 02:45:19.982 -->  02:45:20.978],D,SPEAKER_23,9919.98284375,9920.97846875
[ 02:45:21.417 -->  02:45:23.610],D,SPEAKER_23,9921.41721875,9923.61096875
[ 02:45:23.948 -->  02:45:27.779],D,SPEAKER_23,9923.94846875,9927.77909375
[ 02:45:28.099 -->  02:45:30.715],D,SPEAKER_23,9928.09971875,9930.715343750002
[ 02:45:31.103 -->  02:45:31.795],D,SPEAKER_23,9931.10346875,9931.79534375
[ 02:45:32.385 -->  02:45:32.689],D,SPEAKER_23,9932.38596875,9932.68971875
[ 02:45:33.060 -->  02:45:35.659],D,SPEAKER_23,9933.06096875,9935.659718750001
[ 02:45:35.811 -->  02:45:39.000],D,SPEAKER_23,9935.81159375,9939.000968750002
[ 02:45:39.270 -->  02:45:40.941],D,SPEAKER_23,9939.27096875,9940.941593750002
[ 02:45:41.852 -->  02:45:43.101],D,SPEAKER_23,9941.852843750003,9943.101593750001
[ 02:45:43.304 -->  02:45:45.852],D,SPEAKER_23,9943.30409375,9945.852218750002
[ 02:45:46.122 -->  02:45:47.016],D,SPEAKER_23,9946.122218750003,9947.016593750002
[ 02:45:47.624 -->  02:45:49.514],D,SPEAKER_23,9947.62409375,9949.51409375
[ 02:45:49.952 -->  02:45:52.433],D,SPEAKER_23,9949.952843750001,9952.433468750001
[ 02:45:53.024 -->  02:45:55.977],D,SPEAKER_23,9953.024093750002,9955.977218750002
[ 02:45:56.162 -->  02:45:58.575],D,SPEAKER_23,9956.16284375,9958.57596875
[ 02:45:58.930 -->  02:45:59.234],D,SPEAKER_23,9958.930343750002,9959.234093750001
[ 02:45:59.740 -->  02:46:02.170],D,SPEAKER_23,9959.74034375,9962.17034375
[ 02:46:03.267 -->  02:46:03.655],D,SPEAKER_23,9963.26721875,9963.65534375
[ 02:46:04.904 -->  02:46:05.612],D,SPEAKER_23,9964.90409375,9965.612843750001
[ 02:46:05.916 -->  02:46:09.747],D,SPEAKER_23,9965.91659375,9969.747218750003
[ 02:46:10.337 -->  02:46:11.805],D,SPEAKER_23,9970.33784375,9971.805968750003
[ 02:46:12.430 -->  02:46:12.734],D,SPEAKER_23,9972.430343750002,9972.734093750001
[ 02:46:12.953 -->  02:46:14.910],D,SPEAKER_23,9972.953468750002,9974.910968750002
[ 02:46:15.450 -->  02:46:21.390],D,SPEAKER_23,9975.45096875,9981.390968750002
[ 02:46:21.576 -->  02:46:24.141],D,SPEAKER_23,9981.57659375,9984.141593750002
[ 02:46:24.580 -->  02:46:27.229],D,SPEAKER_23,9984.58034375,9987.22971875
[ 02:46:27.668 -->  02:46:30.942],D,SPEAKER_23,9987.668468750002,9990.942218750002
[ 02:46:31.262 -->  02:46:31.920],D,SPEAKER_23,9991.262843750003,9991.92096875
[ 02:46:32.410 -->  02:46:34.469],D,SPEAKER_23,9992.410343750002,9994.469093750002
[ 02:46:35.009 -->  02:46:36.966],D,SPEAKER_23,9995.009093750003,9996.96659375
[ 02:46:37.489 -->  02:46:45.809],D,SPEAKER_23,9997.48971875,10005.809093750002
[ 02:46:46.214 -->  02:46:46.551],D,SPEAKER_23,10006.21409375,10006.551593750002
[ 02:46:46.821 -->  02:46:47.648],D,SPEAKER_23,10006.821593750003,10007.648468750001
[ 02:46:48.475 -->  02:46:53.200],D,SPEAKER_23,10008.47534375,10013.200343750003
[ 02:46:53.807 -->  02:46:56.136],D,SPEAKER_23,10013.80784375,10016.136593750001
[ 02:46:56.355 -->  02:46:58.144],D,SPEAKER_23,10016.355968750002,10018.144718750002
[ 02:46:58.515 -->  02:47:02.987],D,SPEAKER_23,10018.515968750002,10022.987843750001
[ 02:47:03.477 -->  02:47:05.232],D,SPEAKER_23,10023.477218750002,10025.23221875
[ 02:47:05.890 -->  02:47:06.345],D,SPEAKER_23,10025.890343750001,10026.34596875
[ 02:47:07.358 -->  02:47:09.822],D,SPEAKER_23,10027.35846875,10029.82221875
[ 02:47:10.311 -->  02:47:11.357],D,SPEAKER_23,10030.31159375,10031.35784375
[ 02:47:11.610 -->  02:47:12.167],D,SPEAKER_23,10031.61096875,10032.167843750001
[ 02:47:12.589 -->  02:47:15.880],D,SPEAKER_23,10032.589718750001,10035.88034375
[ 02:47:16.133 -->  02:47:18.681],D,SPEAKER_23,10036.133468750002,10038.68159375
[ 02:47:19.542 -->  02:47:24.385],D,SPEAKER_23,10039.54221875,10044.38534375
[ 02:47:24.689 -->  02:47:26.325],D,SPEAKER_23,10044.68909375,10046.32596875
[ 02:47:27.000 -->  02:47:34.645],D,SPEAKER_23,10047.000968750002,10054.645343750002
[ 02:47:36.029 -->  02:47:38.087],D,SPEAKER_23,10056.02909375,10058.08784375
[ 02:47:38.526 -->  02:47:41.125],D,SPEAKER_23,10058.52659375,10061.125343750002
[ 02:47:41.699 -->  02:47:41.969],D,SPEAKER_23,10061.699093750001,10061.969093750002
[ 02:47:42.458 -->  02:47:44.550],D,SPEAKER_23,10062.45846875,10064.550968750002
[ 02:47:44.854 -->  02:47:49.225],D,SPEAKER_23,10064.85471875,10069.22534375
[ 02:47:49.647 -->  02:47:51.030],AF,SPEAKER_25,10069.64721875,10071.030968750001
[ 02:47:54.422 -->  02:47:54.760],AF,SPEAKER_25,10074.422843750002,10074.76034375
[ 02:47:55.199 -->  02:47:56.245],AF,SPEAKER_25,10075.199093750001,10076.24534375
[ 02:47:56.380 -->  02:47:59.670],AF,SPEAKER_25,10076.38034375,10079.67096875
[ 02:48:00.143 -->  02:48:07.332],AF,SPEAKER_25,10080.14346875,10087.332218750002
[ 02:48:07.855 -->  02:48:08.294],AF,SPEAKER_25,10087.855343750001,10088.294093750003
[ 02:48:09.137 -->  02:48:11.584],AF,SPEAKER_25,10089.137843750003,10091.58471875
[ 02:48:11.905 -->  02:48:15.719],AF,SPEAKER_25,10091.90534375,10095.719093750002
[ 02:48:16.039 -->  02:48:17.963],AF,SPEAKER_25,10096.039718750002,10097.96346875
[ 02:48:18.672 -->  02:48:23.802],AF,SPEAKER_25,10098.672218750002,10103.80221875
[ 02:48:24.527 -->  02:48:27.919],AM,SPEAKER_32,10104.527843750002,10107.91971875
[ 02:48:28.594 -->  02:48:28.965],AF,SPEAKER_25,10108.594718750002,10108.965968750003
[ 02:48:28.965 -->  02:48:32.492],AM,SPEAKER_32,10108.965968750003,10112.492843750002
[ 02:48:29.472 -->  02:48:29.775],AF,SPEAKER_25,10109.472218750001,10109.77596875
[ 02:48:32.492 -->  02:48:35.732],AF,SPEAKER_25,10112.492843750002,10115.73284375
[ 02:48:35.074 -->  02:48:38.550],AM,SPEAKER_32,10115.074718750002,10118.550968750002
[ 02:48:38.685 -->  02:48:44.204],AM,SPEAKER_32,10118.68596875,10124.204093750002
[ 02:48:43.849 -->  02:48:45.115],AF,SPEAKER_25,10123.84971875,10125.11534375
[ 02:48:45.554 -->  02:48:46.026],AF,SPEAKER_25,10125.55409375,10126.02659375
[ 02:48:46.161 -->  02:48:47.815],AF,SPEAKER_25,10126.16159375,10127.81534375
[ 02:48:46.600 -->  02:48:46.971],AM,SPEAKER_32,10126.60034375,10126.97159375
[ 02:48:48.186 -->  02:48:49.080],AF,SPEAKER_25,10128.18659375,10129.08096875
[ 02:48:49.215 -->  02:48:52.354],AF,SPEAKER_25,10129.215968750003,10132.35471875
[ 02:48:52.810 -->  02:48:53.164],AF,SPEAKER_25,10132.81034375,10133.164718750002
[ 02:48:54.514 -->  02:48:55.122],AF,SPEAKER_25,10134.51471875,10135.122218750003
[ 02:48:55.510 -->  02:48:57.197],AF,SPEAKER_25,10135.51034375,10137.19784375
[ 02:48:57.552 -->  02:49:00.437],AF,SPEAKER_25,10137.55221875,10140.437843750002
[ 02:49:00.825 -->  02:49:01.686],AF,SPEAKER_25,10140.82596875,10141.68659375
[ 02:49:02.142 -->  02:49:02.631],AF,SPEAKER_25,10142.14221875,10142.63159375
[ 02:49:02.817 -->  02:49:05.635],AF,SPEAKER_25,10142.817218750002,10145.63534375
[ 02:49:05.955 -->  02:49:08.689],AF,SPEAKER_25,10145.95596875,10148.68971875
[ 02:49:08.706 -->  02:49:08.723],AF,SPEAKER_25,10148.706593750001,10148.723468750002
[ 02:49:08.875 -->  02:49:09.415],AF,SPEAKER_25,10148.875343750002,10149.415343750003
[ 02:49:10.664 -->  02:49:11.912],AF,SPEAKER_25,10150.664093750001,10151.91284375
[ 02:49:12.233 -->  02:49:13.330],AF,SPEAKER_25,10152.23346875,10153.33034375
[ 02:49:13.465 -->  02:49:15.119],AF,SPEAKER_25,10153.465343750002,10155.11909375
[ 02:49:15.557 -->  02:49:18.207],AF,SPEAKER_25,10155.55784375,10158.207218750002
[ 02:49:18.915 -->  02:49:19.979],AF,SPEAKER_25,10158.91596875,10159.97909375
[ 02:49:20.367 -->  02:49:23.100],AF,SPEAKER_25,10160.367218750001,10163.10096875
[ 02:49:23.708 -->  02:49:26.172],AF,SPEAKER_25,10163.70846875,10166.172218750002
[ 02:49:26.982 -->  02:49:28.095],AF,SPEAKER_25,10166.98221875,10168.09596875
[ 02:49:28.399 -->  02:49:30.036],AF,SPEAKER_25,10168.399718750003,10170.03659375
[ 02:49:32.989 -->  02:49:36.854],Z,SPEAKER_18,10172.98971875,10176.85409375
[ 02:49:37.242 -->  02:49:42.254],Z,SPEAKER_18,10177.242218750001,10182.254093750002
[ 02:49:44.397 -->  02:49:45.814],AF,SPEAKER_25,10184.39721875,10185.81471875
[ 02:49:46.405 -->  02:49:51.855],Z,SPEAKER_18,10186.40534375,10191.855968750002
[ 02:49:52.395 -->  02:49:53.796],Z,SPEAKER_18,10192.39596875,10193.796593750001
[ 02:49:54.944 -->  02:49:55.028],Z,SPEAKER_18,10194.94409375,10195.028468750003
[ 02:49:55.028 -->  02:49:55.551],D,SPEAKER_23,10195.028468750003,10195.551593750002
[ 02:49:55.551 -->  02:49:55.602],Z,SPEAKER_18,10195.551593750002,10195.602218750002
[ 02:49:55.602 -->  02:49:55.635],D,SPEAKER_23,10195.602218750002,10195.63596875
[ 02:49:55.635 -->  02:49:55.754],Z,SPEAKER_18,10195.63596875,10195.754093750002
[ 02:49:55.754 -->  02:49:55.804],D,SPEAKER_23,10195.754093750002,10195.804718750001
[ 02:49:55.804 -->  02:49:56.057],Z,SPEAKER_18,10195.804718750001,10196.05784375
[ 02:49:56.175 -->  02:49:56.564],Z,SPEAKER_18,10196.175968750002,10196.56409375
[ 02:49:57.036 -->  02:49:57.542],Z,SPEAKER_18,10197.03659375,10197.542843750001
[ 02:49:58.369 -->  02:50:00.411],Z,SPEAKER_18,10198.36971875,10200.41159375
[ 02:50:00.715 -->  02:50:02.706],Z,SPEAKER_18,10200.715343750002,10202.706593750001
[ 02:50:03.786 -->  02:50:06.824],Z,SPEAKER_18,10203.78659375,10206.824093750001
[ 02:50:06.975 -->  02:50:13.405],Z,SPEAKER_18,10206.97596875,10213.40534375
[ 02:50:13.776 -->  02:50:14.670],Z,SPEAKER_18,10213.77659375,10214.67096875
[ 02:50:15.126 -->  02:50:15.734],Z,SPEAKER_18,10215.12659375,10215.734093750001
[ 02:50:15.970 -->  02:50:24.559],Z,SPEAKER_18,10215.97034375,10224.559718750003
[ 02:50:25.167 -->  02:50:26.061],Z,SPEAKER_18,10225.16721875,10226.06159375
[ 02:50:26.483 -->  02:50:26.517],Z,SPEAKER_18,10226.48346875,10226.51721875
[ 02:50:26.517 -->  02:50:26.702],I,SPEAKER_46,10226.51721875,10226.702843750001
[ 02:50:27.765 -->  02:50:33.570],Z,SPEAKER_18,10227.765968750002,10233.570968750002
[ 02:50:34.515 -->  02:50:42.126],Z,SPEAKER_18,10234.515968750002,10242.12659375
[ 02:50:42.869 -->  02:50:43.729],Z,SPEAKER_18,10242.86909375,10243.72971875
[ 02:50:43.679 -->  02:50:45.332],I,SPEAKER_46,10243.67909375,10245.332843750002
[ 02:50:46.024 -->  02:50:47.459],I,SPEAKER_46,10246.024718750003,10247.45909375
[ 02:50:48.370 -->  02:50:56.115],I,SPEAKER_46,10248.37034375,10256.11596875
[ 02:50:56.453 -->  02:50:57.719],I,SPEAKER_46,10256.453468750002,10257.719093750002
[ 02:50:58.427 -->  02:51:00.132],I,SPEAKER_46,10258.42784375,10260.13221875
[ 02:51:00.503 -->  02:51:00.874],I,SPEAKER_46,10260.503468750001,10260.874718750001
[ 02:51:01.229 -->  02:51:03.237],I,SPEAKER_46,10261.22909375,10263.23721875
[ 02:51:03.540 -->  02:51:04.232],I,SPEAKER_46,10263.54096875,10264.23284375
[ 02:51:04.992 -->  02:51:06.038],I,SPEAKER_46,10264.992218750001,10266.03846875
[ 02:51:06.814 -->  02:51:19.673],I,SPEAKER_46,10266.81471875,10279.67346875
[ 02:51:20.145 -->  02:51:23.757],I,SPEAKER_46,10280.14596875,10283.75721875
[ 02:51:24.162 -->  02:51:27.081],I,SPEAKER_46,10284.16221875,10287.081593750001
[ 02:51:27.807 -->  02:51:29.444],I,SPEAKER_46,10287.80721875,10289.44409375
[ 02:51:29.511 -->  02:51:31.840],I,SPEAKER_46,10289.511593750001,10291.840343750002
[ 02:51:32.515 -->  02:51:33.865],I,SPEAKER_46,10292.515343750001,10293.86534375
[ 02:51:34.320 -->  02:51:37.375],I,SPEAKER_46,10294.320968750002,10297.375343750002
[ 02:51:37.847 -->  02:51:44.547],I,SPEAKER_46,10297.847843750002,10304.547218750002
[ 02:51:44.631 -->  02:51:51.786],I,SPEAKER_46,10304.63159375,10311.78659375
[ 02:51:52.056 -->  02:51:56.393],I,SPEAKER_46,10312.05659375,10316.39346875
[ 02:51:52.512 -->  02:51:52.664],H,SPEAKER_45,10312.512218750002,10312.664093750001
[ 02:51:56.967 -->  02:52:00.224],I,SPEAKER_46,10316.96721875,10320.22409375
[ 02:52:00.629 -->  02:52:02.350],I,SPEAKER_46,10320.629093750002,10322.35034375
[ 02:52:02.789 -->  02:52:06.889],I,SPEAKER_46,10322.789093750001,10326.88971875
[ 02:52:07.193 -->  02:52:09.994],I,SPEAKER_46,10327.19346875,10329.99471875
[ 02:52:11.024 -->  02:52:22.347],I,SPEAKER_46,10331.024093750002,10342.347218750001
[ 02:52:22.347 -->  02:52:22.364],Z,SPEAKER_18,10342.347218750001,10342.364093750002
[ 02:52:22.617 -->  02:52:31.982],Z,SPEAKER_18,10342.617218750001,10351.98284375
[ 02:52:30.143 -->  02:52:34.041],I,SPEAKER_46,10350.14346875,10354.04159375
[ 02:52:32.792 -->  02:52:44.909],Z,SPEAKER_18,10352.792843750001,10364.90909375
[ 02:52:35.526 -->  02:52:37.450],I,SPEAKER_46,10355.52659375,10357.450343750003
[ 02:52:37.450 -->  02:52:37.467],AC,SPEAKER_21,10357.450343750003,10357.46721875
[ 02:52:44.824 -->  02:52:45.482],Y,SPEAKER_17,10364.824718750002,10365.48284375
[ 02:52:45.803 -->  02:52:48.756],Z,SPEAKER_18,10365.80346875,10368.75659375
[ 02:52:49.144 -->  02:52:55.304],Z,SPEAKER_18,10369.144718750002,10375.30409375
[ 02:52:55.236 -->  02:52:58.712],I,SPEAKER_46,10375.23659375,10378.71284375
[ 02:52:59.320 -->  02:53:02.138],Z,SPEAKER_18,10379.320343750001,10382.13846875
[ 02:53:02.138 -->  02:53:08.652],I,SPEAKER_46,10382.13846875,10388.652218750001
[ 02:53:08.820 -->  02:53:11.807],I,SPEAKER_46,10388.820968750002,10391.80784375
[ 02:53:12.027 -->  02:53:16.532],I,SPEAKER_46,10392.027218750001,10396.53284375
[ 02:53:16.752 -->  02:53:25.864],I,SPEAKER_46,10396.75221875,10405.86471875
[ 02:53:26.489 -->  02:53:30.015],I,SPEAKER_46,10406.489093750002,10410.015968750002
[ 02:53:30.150 -->  02:53:32.648],I,SPEAKER_46,10410.15096875,10412.648468750001
[ 02:53:32.277 -->  02:53:35.534],Z,SPEAKER_18,10412.277218750001,10415.53409375
[ 02:53:35.044 -->  02:53:43.195],I,SPEAKER_46,10415.04471875,10423.195343750001
[ 02:53:43.549 -->  02:53:48.629],I,SPEAKER_46,10423.54971875,10428.629093750002
[ 02:53:48.949 -->  02:53:51.362],I,SPEAKER_46,10428.949718750002,10431.362843750001
[ 02:53:51.464 -->  02:53:55.159],I,SPEAKER_46,10431.46409375,10435.159718750001
[ 02:53:51.801 -->  02:53:51.902],AL,SPEAKER_31,10431.801593750002,10431.902843750002
[ 02:53:55.412 -->  02:53:56.121],I,SPEAKER_46,10435.41284375,10436.121593750002
[ 02:53:56.762 -->  02:53:58.484],I,SPEAKER_46,10436.762843750003,10438.484093750001
[ 02:53:58.872 -->  02:54:02.382],I,SPEAKER_46,10438.872218750003,10442.38221875
[ 02:54:02.770 -->  02:54:05.436],I,SPEAKER_46,10442.770343750002,10445.43659375
[ 02:54:05.723 -->  02:54:09.638],I,SPEAKER_46,10445.723468750002,10449.63846875
[ 02:54:10.026 -->  02:54:11.410],I,SPEAKER_46,10450.02659375,10451.410343750002
[ 02:54:11.916 -->  02:54:14.211],I,SPEAKER_46,10451.91659375,10454.211593750002
[ 02:54:14.565 -->  02:54:21.805],I,SPEAKER_46,10454.565968750001,10461.805343750002
[ 02:54:21.957 -->  02:54:23.155],AF,SPEAKER_25,10461.957218750002,10463.15534375
[ 02:54:23.003 -->  02:54:23.070],I,SPEAKER_46,10463.003468750001,10463.070968750002
[ 02:54:23.155 -->  02:54:25.028],I,SPEAKER_46,10463.15534375,10465.028468750003
[ 02:54:25.028 -->  02:54:25.365],AF,SPEAKER_25,10465.028468750003,10465.36596875
[ 02:54:27.644 -->  02:54:27.660],AD,SPEAKER_22,10467.644093750001,10467.660968750002
[ 02:54:27.660 -->  02:54:28.622],AF,SPEAKER_25,10467.660968750002,10468.62284375
[ 02:54:28.217 -->  02:54:28.302],AD,SPEAKER_22,10468.21784375,10468.30221875
[ 02:54:28.302 -->  02:54:28.369],X,SPEAKER_16,10468.30221875,10468.36971875
[ 02:54:28.369 -->  02:54:28.994],Y,SPEAKER_17,10468.36971875,10468.99409375
[ 02:54:28.994 -->  02:54:29.027],X,SPEAKER_16,10468.99409375,10469.027843750002
[ 02:54:30.968 -->  02:54:31.761],AF,SPEAKER_25,10470.968468750001,10471.761593750001
[ 02:54:31.964 -->  02:54:32.031],AF,SPEAKER_25,10471.96409375,10472.031593750002
[ 02:54:32.470 -->  02:54:33.668],AF,SPEAKER_25,10472.47034375,10473.668468750002
[ 02:54:33.668 -->  02:54:34.984],Y,SPEAKER_17,10473.668468750002,10474.984718750002
[ 02:54:35.609 -->  02:54:41.954],Z,SPEAKER_18,10475.609093750001,10481.954093750002
[ 02:54:40.536 -->  02:54:41.650],AF,SPEAKER_25,10480.53659375,10481.65034375
[ 02:54:41.954 -->  02:54:43.017],AF,SPEAKER_25,10481.954093750002,10483.01721875
[ 02:54:43.017 -->  02:54:43.050],X,SPEAKER_16,10483.01721875,10483.050968750002
[ 02:54:43.455 -->  02:54:44.080],AF,SPEAKER_25,10483.45596875,10484.08034375
[ 02:54:44.417 -->  02:54:47.556],AF,SPEAKER_25,10484.417843750001,10487.55659375
[ 02:54:47.556 -->  02:54:47.995],AC,SPEAKER_21,10487.55659375,10487.99534375
[ 02:54:48.687 -->  02:54:49.024],AF,SPEAKER_25,10488.687218750001,10489.024718750003
[ 02:54:49.024 -->  02:54:49.109],AC,SPEAKER_21,10489.024718750003,10489.109093750001
[ 02:54:49.649 -->  02:54:50.796],AF,SPEAKER_25,10489.649093750002,10490.796593750001
[ 02:54:51.083 -->  02:54:54.897],AF,SPEAKER_25,10491.08346875,10494.89721875
[ 02:54:55.875 -->  02:54:55.960],X,SPEAKER_16,10495.875968750002,10495.96034375
[ 02:54:58.980 -->  02:55:03.756],AN,SPEAKER_33,10498.980968750002,10503.75659375
[ 02:55:00.415 -->  02:55:00.449],AL,SPEAKER_31,10500.415343750003,10500.449093750001
[ 02:55:00.449 -->  02:55:01.005],Y,SPEAKER_17,10500.449093750001,10501.00596875
[ 02:55:03.351 -->  02:55:04.735],S,SPEAKER_10,10503.351593750001,10504.735343750002
[ 02:55:04.735 -->  02:55:11.603],AN,SPEAKER_33,10504.735343750002,10511.60346875
[ 02:55:12.615 -->  02:55:17.999],AN,SPEAKER_33,10512.61596875,10517.99909375
[ 02:55:19.129 -->  02:55:24.799],AN,SPEAKER_33,10519.129718750002,10524.79971875
[ 02:55:25.761 -->  02:55:25.964],AN,SPEAKER_33,10525.761593750001,10525.96409375
[ 02:55:25.964 -->  02:55:26.031],AL,SPEAKER_31,10525.96409375,10526.031593750002
[ 02:55:26.031 -->  02:55:26.267],AN,SPEAKER_33,10526.031593750002,10526.26784375
[ 02:55:26.267 -->  02:55:26.335],AL,SPEAKER_31,10526.26784375,10526.33534375
[ 02:55:26.335 -->  02:55:26.385],AN,SPEAKER_33,10526.33534375,10526.38596875
[ 02:55:27.634 -->  02:55:27.668],AL,SPEAKER_31,10527.63471875,10527.668468750002
[ 02:55:27.668 -->  02:55:27.972],AN,SPEAKER_33,10527.668468750002,10527.972218750001
[ 02:55:27.972 -->  02:55:28.022],AL,SPEAKER_31,10527.972218750001,10528.02284375
[ 02:55:28.022 -->  02:55:32.815],AN,SPEAKER_33,10528.02284375,10532.81534375
[ 02:55:34.097 -->  02:55:38.198],AN,SPEAKER_33,10534.097843750002,10538.19846875
[ 02:55:39.514 -->  02:55:48.171],I,SPEAKER_46,10539.51471875,10548.171593750001
[ 02:55:49.572 -->  02:55:50.010],Y,SPEAKER_17,10549.57221875,10550.01096875
[ 02:55:50.010 -->  02:55:51.715],I,SPEAKER_46,10550.01096875,10551.715343750002
[ 02:55:53.352 -->  02:55:55.832],Y,SPEAKER_17,10553.352218750002,10555.832843750002
[ 02:55:56.980 -->  02:55:58.465],AF,SPEAKER_25,10556.980343750001,10558.465343750002
[ 02:56:00.237 -->  02:56:00.962],AF,SPEAKER_25,10560.23721875,10560.96284375
[ 02:56:03.882 -->  02:56:04.118],E,SPEAKER_34,10563.88221875,10564.118468750003
[ 02:56:04.607 -->  02:56:08.016],E,SPEAKER_34,10564.60784375,10568.016593750002
[ 02:56:08.522 -->  02:56:38.509],E,SPEAKER_34,10568.52284375,10598.50971875
[ 02:56:40.619 -->  02:56:50.541],E,SPEAKER_34,10600.61909375,10610.54159375
[ 02:56:51.975 -->  02:56:59.468],E,SPEAKER_34,10611.97596875,10619.468468750001
[ 02:56:58.574 -->  02:57:02.320],D,SPEAKER_23,10618.574093750001,10622.320343750001
[ 02:57:03.180 -->  02:57:04.530],D,SPEAKER_23,10623.180968750003,10624.530968750001
[ 02:57:05.526 -->  02:57:06.910],E,SPEAKER_34,10625.52659375,10626.910343750002
[ 02:57:07.332 -->  02:57:07.349],E,SPEAKER_34,10627.332218750002,10627.349093750003
[ 02:57:07.349 -->  02:57:10.099],D,SPEAKER_23,10627.349093750003,10630.09971875
[ 02:57:12.293 -->  02:57:13.204],D,SPEAKER_23,10632.293468750002,10633.20471875
[ 02:57:13.694 -->  02:57:20.477],E,SPEAKER_34,10633.69409375,10640.477843750003
[ 02:57:20.005 -->  02:57:23.110],D,SPEAKER_23,10640.005343750003,10643.110343750002
[ 02:57:23.549 -->  02:57:25.860],D,SPEAKER_23,10643.54909375,10645.86096875
[ 02:57:26.130 -->  02:57:27.109],D,SPEAKER_23,10646.13096875,10647.109718750002
[ 02:57:27.902 -->  02:57:28.392],D,SPEAKER_23,10647.902843750002,10648.39221875
[ 02:57:28.830 -->  02:57:32.712],E,SPEAKER_34,10648.83096875,10652.712218750003
[ 02:57:29.455 -->  02:57:29.826],D,SPEAKER_23,10649.45534375,10649.82659375
[ 02:57:32.712 -->  02:57:32.729],D,SPEAKER_23,10652.712218750003,10652.72909375
[ 02:57:34.956 -->  02:57:39.850],D,SPEAKER_23,10654.956593750001,10659.85034375
[ 02:57:40.305 -->  02:57:41.672],D,SPEAKER_23,10660.305968750003,10661.672843750002
[ 02:57:41.976 -->  02:57:43.174],D,SPEAKER_23,10661.976593750001,10663.17471875
[ 02:57:43.545 -->  02:57:46.195],D,SPEAKER_23,10663.54596875,10666.195343750001
[ 02:57:46.448 -->  02:57:48.119],D,SPEAKER_23,10666.44846875,10668.11909375
[ 02:57:48.456 -->  02:57:50.903],D,SPEAKER_23,10668.456593750001,10670.903468750003
[ 02:57:51.409 -->  02:57:54.008],D,SPEAKER_23,10671.409718750001,10674.008468750002
[ 02:57:54.312 -->  02:57:56.961],D,SPEAKER_23,10674.312218750001,10676.961593750002
[ 02:57:57.180 -->  02:57:57.518],D,SPEAKER_23,10677.180968750003,10677.51846875
[ 02:57:57.906 -->  02:58:01.264],D,SPEAKER_23,10677.906593750002,10681.26471875
[ 02:58:02.040 -->  02:58:03.289],D,SPEAKER_23,10682.04096875,10683.289718750002
[ 02:58:03.981 -->  02:58:07.440],D,SPEAKER_23,10683.981593750003,10687.440968750001
[ 02:58:08.048 -->  02:58:11.490],D,SPEAKER_23,10688.04846875,10691.49096875
[ 02:58:11.659 -->  02:58:14.055],D,SPEAKER_23,10691.659718750001,10694.055968750003
[ 02:58:14.714 -->  02:58:15.237],D,SPEAKER_23,10694.71409375,10695.23721875
[ 02:58:15.827 -->  02:58:17.447],D,SPEAKER_23,10695.827843750001,10697.44784375
[ 02:58:18.156 -->  02:58:20.907],D,SPEAKER_23,10698.156593750002,10700.907218750002
[ 02:58:21.109 -->  02:58:21.818],D,SPEAKER_23,10701.109718750002,10701.81846875
[ 02:58:22.206 -->  02:58:22.915],D,SPEAKER_23,10702.206593750001,10702.915343750003
[ 02:58:22.932 -->  02:58:28.517],D,SPEAKER_23,10702.93221875,10708.51784375
[ 02:58:29.631 -->  02:58:33.259],D,SPEAKER_23,10709.63159375,10713.25971875
[ 02:58:33.816 -->  02:58:35.200],D,SPEAKER_23,10713.816593750002,10715.200343750003
[ 02:58:35.622 -->  02:58:36.567],D,SPEAKER_23,10715.622218750003,10716.567218750002
[ 02:58:37.225 -->  02:58:37.529],D,SPEAKER_23,10717.22534375,10717.52909375
[ 02:58:38.018 -->  02:58:42.068],D,SPEAKER_23,10718.01846875,10722.06846875
[ 02:58:42.692 -->  02:58:45.477],D,SPEAKER_23,10722.692843750003,10725.477218750002
[ 02:58:45.932 -->  02:58:46.202],D,SPEAKER_23,10725.93284375,10726.202843750001
[ 02:58:46.641 -->  02:58:48.059],D,SPEAKER_23,10726.641593750002,10728.059093750002
[ 02:58:48.312 -->  02:58:49.172],D,SPEAKER_23,10728.312218750001,10729.172843750002
[ 02:58:49.527 -->  02:58:50.067],D,SPEAKER_23,10729.527218750001,10730.067218750002
[ 02:58:50.168 -->  02:58:53.712],D,SPEAKER_23,10730.168468750002,10733.712218750003
[ 02:58:54.100 -->  02:58:54.657],D,SPEAKER_23,10734.10034375,10734.657218750002
[ 02:58:54.758 -->  02:58:55.568],D,SPEAKER_23,10734.758468750002,10735.56846875
[ 02:58:56.935 -->  02:58:57.255],D,SPEAKER_23,10736.93534375,10737.25596875
[ 02:58:57.711 -->  02:58:58.184],D,SPEAKER_23,10737.711593750002,10738.184093750002
[ 02:58:58.285 -->  02:58:59.820],D,SPEAKER_23,10738.285343750002,10739.820968750002
[ 02:59:00.141 -->  02:59:03.786],D,SPEAKER_23,10740.141593750002,10743.786593750003
[ 02:59:04.107 -->  02:59:05.575],D,SPEAKER_23,10744.10721875,10745.575343750003
[ 02:59:05.693 -->  02:59:08.157],D,SPEAKER_23,10745.69346875,10748.157218750002
[ 02:59:08.815 -->  02:59:09.068],D,SPEAKER_23,10748.81534375,10749.06846875
[ 02:59:09.439 -->  02:59:11.160],D,SPEAKER_23,10749.43971875,10751.160968750002
[ 02:59:11.717 -->  02:59:14.755],D,SPEAKER_23,10751.71784375,10754.755343750003
[ 02:59:15.464 -->  02:59:17.016],D,SPEAKER_23,10755.46409375,10757.016593750002
[ 02:59:17.455 -->  02:59:21.184],D,SPEAKER_23,10757.45534375,10761.184718750003
[ 02:59:21.150 -->  02:59:21.623],E,SPEAKER_34,10761.15096875,10761.62346875
[ 02:59:21.539 -->  02:59:23.226],D,SPEAKER_23,10761.539093750001,10763.226593750001
[ 02:59:24.660 -->  02:59:29.217],D,SPEAKER_23,10764.660968750002,10769.21721875
[ 02:59:29.706 -->  02:59:31.647],D,SPEAKER_23,10769.706593750001,10771.64721875
[ 02:59:31.917 -->  02:59:36.203],D,SPEAKER_23,10771.91721875,10776.203468750002
[ 02:59:36.321 -->  02:59:37.300],D,SPEAKER_23,10776.321593750003,10777.300343750001
[ 02:59:37.418 -->  02:59:39.038],D,SPEAKER_23,10777.418468750002,10779.03846875
[ 02:59:39.730 -->  02:59:40.287],D,SPEAKER_23,10779.730343750001,10780.28721875
[ 02:59:40.709 -->  02:59:43.122],D,SPEAKER_23,10780.70909375,10783.122218750003
[ 02:59:43.510 -->  02:59:46.902],D,SPEAKER_23,10783.51034375,10786.902218750001
[ 02:59:43.527 -->  02:59:43.965],E,SPEAKER_34,10783.527218750001,10783.965968750003
[ 02:59:45.349 -->  02:59:45.906],E,SPEAKER_34,10785.34971875,10785.906593750002
[ 02:59:46.041 -->  02:59:47.222],E,SPEAKER_34,10786.04159375,10787.222843750002
[ 02:59:47.729 -->  02:59:52.032],E,SPEAKER_34,10787.72909375,10792.032218750002
[ 02:59:52.774 -->  02:59:57.162],E,SPEAKER_34,10792.774718750003,10797.16221875
[ 02:59:57.415 -->  02:59:59.794],E,SPEAKER_34,10797.415343750003,10799.79471875
[ 03:00:00.098 -->  03:00:02.899],E,SPEAKER_34,10800.098468750002,10802.899718750003
[ 03:00:03.490 -->  03:00:05.869],E,SPEAKER_34,10803.49034375,10805.86971875
[ 03:00:06.105 -->  03:00:08.721],E,SPEAKER_34,10806.105968750002,10808.72159375
[ 03:00:09.649 -->  03:00:14.340],D,SPEAKER_23,10809.649718750003,10814.340968750003
[ 03:00:15.015 -->  03:00:17.040],D,SPEAKER_23,10815.015968750002,10817.04096875
[ 03:00:17.294 -->  03:00:19.909],D,SPEAKER_23,10817.294093750003,10819.909718750001
[ 03:00:19.943 -->  03:00:21.462],D,SPEAKER_23,10819.94346875,10821.462218750003
[ 03:00:21.698 -->  03:00:25.275],D,SPEAKER_23,10821.69846875,10825.27596875
[ 03:00:25.461 -->  03:00:28.836],D,SPEAKER_23,10825.461593750002,10828.836593750002
[ 03:00:28.920 -->  03:00:29.798],D,SPEAKER_23,10828.92096875,10829.79846875
[ 03:00:30.017 -->  03:00:35.232],D,SPEAKER_23,10830.01784375,10835.23221875
[ 03:00:35.620 -->  03:00:36.548],D,SPEAKER_23,10835.62034375,10836.54846875
[ 03:00:36.852 -->  03:00:37.172],D,SPEAKER_23,10836.852218750002,10837.172843750002
[ 03:00:37.915 -->  03:00:38.792],D,SPEAKER_23,10837.915343750003,10838.792843750001
[ 03:00:38.944 -->  03:00:39.855],D,SPEAKER_23,10838.94471875,10839.855968750002
[ 03:00:40.395 -->  03:00:43.095],D,SPEAKER_23,10840.395968750003,10843.09596875
[ 03:00:43.382 -->  03:00:43.872],D,SPEAKER_23,10843.382843750001,10843.872218750003
[ 03:00:44.108 -->  03:00:48.664],D,SPEAKER_23,10844.10846875,10848.664718750002
[ 03:00:48.664 -->  03:00:51.584],E,SPEAKER_34,10848.664718750002,10851.58409375
[ 03:00:48.698 -->  03:00:48.816],D,SPEAKER_23,10848.69846875,10848.816593750002
[ 03:00:53.339 -->  03:00:57.743],E,SPEAKER_34,10853.33909375,10857.743468750003
[ 03:00:57.929 -->  03:00:59.785],E,SPEAKER_34,10857.92909375,10859.785343750002
[ 03:01:00.342 -->  03:01:03.025],E,SPEAKER_34,10860.34221875,10863.02534375
[ 03:01:03.447 -->  03:01:04.510],E,SPEAKER_34,10863.44721875,10864.51034375
[ 03:01:05.033 -->  03:01:06.248],E,SPEAKER_34,10865.03346875,10866.24846875
[ 03:01:07.328 -->  03:01:12.323],D,SPEAKER_23,10867.328468750002,10872.32346875
[ 03:01:12.745 -->  03:01:15.765],D,SPEAKER_23,10872.74534375,10875.765968750002
[ 03:01:16.103 -->  03:01:20.507],D,SPEAKER_23,10876.10346875,10880.507843750001
[ 03:01:21.334 -->  03:01:25.907],D,SPEAKER_23,10881.33471875,10885.90784375
[ 03:01:26.414 -->  03:01:27.105],D,SPEAKER_23,10886.414093750001,10887.105968750002
[ 03:01:27.426 -->  03:01:28.793],D,SPEAKER_23,10887.426593750002,10888.793468750002
[ 03:01:29.873 -->  03:01:30.464],E,SPEAKER_34,10889.87346875,10890.46409375
[ 03:01:30.464 -->  03:01:30.480],AL,SPEAKER_31,10890.46409375,10890.480968750002
[ 03:01:32.505 -->  03:01:32.759],D,SPEAKER_23,10892.50596875,10892.759093750003
[ 03:01:33.434 -->  03:01:33.467],D,SPEAKER_23,10893.434093750002,10893.46784375
[ 03:01:33.467 -->  03:01:34.311],AF,SPEAKER_25,10893.46784375,10894.31159375
[ 03:01:34.311 -->  03:01:34.328],D,SPEAKER_23,10894.31159375,10894.328468750002
[ 03:01:34.800 -->  03:01:36.404],AF,SPEAKER_25,10894.800968750002,10896.40409375
[ 03:01:36.420 -->  03:01:37.568],AF,SPEAKER_25,10896.42096875,10897.56846875
[ 03:01:38.378 -->  03:01:39.306],AF,SPEAKER_25,10898.378468750001,10899.30659375
[ 03:01:43.238 -->  03:01:43.727],R,SPEAKER_09,10903.238468750002,10903.727843750003
[ 03:01:43.862 -->  03:01:48.570],R,SPEAKER_09,10903.862843750001,10908.570968750002
[ 03:01:49.482 -->  03:01:49.954],R,SPEAKER_09,10909.48221875,10909.95471875
[ 03:01:50.579 -->  03:01:54.949],R,SPEAKER_09,10910.579093750002,10914.949718750002
[ 03:01:55.304 -->  03:01:55.995],R,SPEAKER_09,10915.30409375,10915.995968750001
[ 03:01:56.164 -->  03:01:58.881],R,SPEAKER_09,10916.164718750002,10918.88159375
[ 03:01:59.320 -->  03:02:01.260],R,SPEAKER_09,10919.320343750001,10921.26096875
[ 03:02:01.615 -->  03:02:03.437],R,SPEAKER_09,10921.61534375,10923.437843750002
[ 03:02:03.623 -->  03:02:04.855],R,SPEAKER_09,10923.62346875,10924.855343750001
[ 03:02:05.952 -->  03:02:08.736],W,SPEAKER_15,10925.95221875,10928.73659375
[ 03:02:09.917 -->  03:02:10.407],W,SPEAKER_15,10929.917843750001,10930.407218750002
[ 03:02:10.643 -->  03:02:16.870],W,SPEAKER_15,10930.64346875,10936.87034375
[ 03:02:18.017 -->  03:02:18.439],W,SPEAKER_15,10938.01784375,10938.43971875
[ 03:02:19.114 -->  03:02:22.354],W,SPEAKER_15,10939.114718750003,10942.35471875
[ 03:02:23.282 -->  03:02:28.007],W,SPEAKER_15,10943.28284375,10948.007843750001
[ 03:02:28.075 -->  03:02:29.526],W,SPEAKER_15,10948.075343750003,10949.52659375
[ 03:02:29.864 -->  03:02:31.349],W,SPEAKER_15,10949.864093750002,10951.349093750003
[ 03:02:31.905 -->  03:02:33.357],W,SPEAKER_15,10951.905968750001,10953.35721875
[ 03:02:33.964 -->  03:02:35.314],W,SPEAKER_15,10953.964718750001,10955.31471875
[ 03:02:36.259 -->  03:02:42.132],W,SPEAKER_15,10956.25971875,10962.13221875
[ 03:02:40.832 -->  03:02:41.389],AE,SPEAKER_24,10960.832843750002,10961.38971875
[ 03:02:42.267 -->  03:02:43.110],W,SPEAKER_15,10962.26721875,10963.11096875
[ 03:02:42.587 -->  03:02:42.925],AE,SPEAKER_24,10962.58784375,10962.925343750001
[ 03:02:43.549 -->  03:02:44.646],W,SPEAKER_15,10963.54971875,10964.64659375
[ 03:02:45.119 -->  03:02:49.860],W,SPEAKER_15,10965.11909375,10969.86096875
[ 03:02:50.451 -->  03:02:51.784],W,SPEAKER_15,10970.45159375,10971.784718750001
[ 03:02:52.797 -->  03:02:57.252],W,SPEAKER_15,10972.797218750002,10977.25221875
[ 03:02:57.606 -->  03:02:58.197],W,SPEAKER_15,10977.606593750003,10978.19721875
[ 03:02:58.568 -->  03:02:59.952],W,SPEAKER_15,10978.56846875,10979.95221875
[ 03:03:00.255 -->  03:03:01.268],W,SPEAKER_15,10980.25596875,10981.26846875
[ 03:03:01.454 -->  03:03:06.516],W,SPEAKER_15,10981.454093750002,10986.516593750002
[ 03:03:07.157 -->  03:03:07.444],W,SPEAKER_15,10987.15784375,10987.44471875
[ 03:03:07.731 -->  03:03:09.047],W,SPEAKER_15,10987.731593750003,10989.047843750002
[ 03:03:09.452 -->  03:03:11.106],W,SPEAKER_15,10989.452843750001,10991.106593750003
[ 03:03:11.629 -->  03:03:12.844],W,SPEAKER_15,10991.629718750002,10992.844718750002
[ 03:03:13.283 -->  03:03:19.139],W,SPEAKER_15,10993.28346875,10999.13909375
[ 03:03:19.476 -->  03:03:23.340],W,SPEAKER_15,10999.476593750001,11003.340968750003
[ 03:03:19.881 -->  03:03:20.016],R,SPEAKER_09,10999.88159375,11000.016593750002
[ 03:03:23.610 -->  03:03:34.174],R,SPEAKER_09,11003.61096875,11014.17471875
[ 03:03:34.849 -->  03:03:37.313],R,SPEAKER_09,11014.84971875,11017.313468750002
[ 03:03:37.802 -->  03:03:38.444],R,SPEAKER_09,11017.80284375,11018.44409375
[ 03:03:39.270 -->  03:03:41.211],W,SPEAKER_15,11019.270968750003,11021.211593750002
[ 03:03:41.970 -->  03:03:45.599],W,SPEAKER_15,11021.97096875,11025.599093750003
[ 03:03:45.919 -->  03:03:48.332],W,SPEAKER_15,11025.91971875,11028.332843750002
[ 03:03:48.720 -->  03:03:52.770],W,SPEAKER_15,11028.72096875,11032.770968750003
[ 03:03:52.939 -->  03:03:55.403],W,SPEAKER_15,11032.93971875,11035.403468750003
[ 03:03:55.049 -->  03:03:56.162],R,SPEAKER_09,11035.04909375,11036.16284375
[ 03:03:55.622 -->  03:03:57.934],W,SPEAKER_15,11035.62284375,11037.934718750003
[ 03:03:58.356 -->  03:04:04.515],R,SPEAKER_09,11038.356593750003,11044.515968750002
[ 03:04:04.785 -->  03:04:05.730],W,SPEAKER_15,11044.785968750002,11045.730968750002
[ 03:04:05.798 -->  03:04:07.722],R,SPEAKER_09,11045.79846875,11047.722218750001
[ 03:04:09.612 -->  03:04:09.662],R,SPEAKER_09,11049.61221875,11049.66284375
[ 03:04:09.662 -->  03:04:10.202],AF,SPEAKER_25,11049.66284375,11050.202843750001
[ 03:04:11.367 -->  03:04:11.400],AF,SPEAKER_25,11051.367218750001,11051.40096875
[ 03:04:11.400 -->  03:04:11.738],R,SPEAKER_09,11051.40096875,11051.738468750002
[ 03:04:11.738 -->  03:04:12.413],AF,SPEAKER_25,11051.738468750002,11052.41346875
[ 03:04:12.413 -->  03:04:12.497],R,SPEAKER_09,11052.41346875,11052.49784375
[ 03:04:12.497 -->  03:04:12.531],AF,SPEAKER_25,11052.49784375,11052.531593750002
[ 03:04:12.531 -->  03:04:14.775],R,SPEAKER_09,11052.531593750002,11054.77596875
[ 03:04:12.750 -->  03:04:13.257],AF,SPEAKER_25,11052.750968750002,11053.25721875
[ 03:04:18.167 -->  03:04:18.269],R,SPEAKER_09,11058.167843750001,11058.269093750001
[ 03:04:18.269 -->  03:04:18.775],AF,SPEAKER_25,11058.269093750001,11058.77534375
[ 03:04:18.775 -->  03:04:18.842],R,SPEAKER_09,11058.77534375,11058.84284375
[ 03:04:21.779 -->  03:04:21.795],H,SPEAKER_45,11061.77909375,11061.79596875
[ 03:04:21.795 -->  03:04:21.812],G,SPEAKER_44,11061.79596875,11061.812843750002
[ 03:04:21.812 -->  03:04:21.846],AF,SPEAKER_25,11061.812843750002,11061.84659375
[ 03:04:21.846 -->  03:04:21.880],G,SPEAKER_44,11061.84659375,11061.880343750003
[ 03:04:21.880 -->  03:04:21.947],AF,SPEAKER_25,11061.880343750003,11061.94784375
[ 03:04:21.947 -->  03:04:22.285],G,SPEAKER_44,11061.94784375,11062.285343750002
[ 03:04:21.998 -->  03:04:46.247],H,SPEAKER_45,11061.99846875,11086.24784375
[ 03:04:22.285 -->  03:04:22.302],AF,SPEAKER_25,11062.285343750002,11062.302218750003
[ 03:04:22.302 -->  03:04:22.437],G,SPEAKER_44,11062.302218750003,11062.437218750001
[ 03:04:46.500 -->  03:04:50.179],D,SPEAKER_23,11086.500968750002,11090.179718750001
[ 03:04:49.808 -->  03:04:50.162],H,SPEAKER_45,11089.808468750001,11090.16284375
[ 03:04:50.179 -->  03:04:50.196],H,SPEAKER_45,11090.179718750001,11090.196593750003
[ 03:04:50.196 -->  03:04:50.972],D,SPEAKER_23,11090.196593750003,11090.972843750002
[ 03:04:50.972 -->  03:04:56.794],H,SPEAKER_45,11090.972843750002,11096.79471875
[ 03:04:58.397 -->  03:05:02.110],H,SPEAKER_45,11098.39784375,11102.110343750002
[ 03:05:02.481 -->  03:05:03.055],H,SPEAKER_45,11102.481593750003,11103.055343750002
[ 03:05:03.325 -->  03:05:09.552],H,SPEAKER_45,11103.325343750003,11109.552218750003
[ 03:05:09.822 -->  03:05:12.741],H,SPEAKER_45,11109.82221875,11112.74159375
[ 03:05:13.517 -->  03:05:14.564],H,SPEAKER_45,11113.51784375,11114.56409375
[ 03:05:14.564 -->  03:05:14.580],Z,SPEAKER_18,11114.56409375,11114.58096875
[ 03:05:14.901 -->  03:05:16.572],H,SPEAKER_45,11114.90159375,11116.57221875
[ 03:05:16.572 -->  03:05:16.656],Z,SPEAKER_18,11116.57221875,11116.656593750002
[ 03:05:16.656 -->  03:05:20.639],D,SPEAKER_23,11116.656593750002,11120.63909375
[ 03:05:20.757 -->  03:05:21.735],D,SPEAKER_23,11120.75721875,11121.73596875
[ 03:05:22.309 -->  03:05:25.819],D,SPEAKER_23,11122.309718750003,11125.81971875
[ 03:05:26.039 -->  03:05:28.232],D,SPEAKER_23,11126.039093750001,11128.23284375
[ 03:05:28.739 -->  03:05:32.114],D,SPEAKER_23,11128.739093750002,11132.114093750002
[ 03:05:32.114 -->  03:05:32.485],H,SPEAKER_45,11132.114093750002,11132.485343750002
[ 03:05:32.485 -->  03:05:32.502],D,SPEAKER_23,11132.485343750002,11132.50221875
[ 03:05:32.552 -->  03:05:34.122],D,SPEAKER_23,11132.55284375,11134.122218750003
[ 03:05:34.324 -->  03:05:36.889],D,SPEAKER_23,11134.324718750002,11136.88971875
[ 03:05:36.974 -->  03:05:39.572],H,SPEAKER_45,11136.974093750003,11139.57284375
[ 03:05:39.893 -->  03:05:40.467],H,SPEAKER_45,11139.89346875,11140.46721875
[ 03:05:40.467 -->  03:05:44.348],D,SPEAKER_23,11140.46721875,11144.348468750002
[ 03:05:43.319 -->  03:05:43.791],H,SPEAKER_45,11143.31909375,11143.79159375
[ 03:05:44.601 -->  03:05:45.209],H,SPEAKER_45,11144.601593750001,11145.20909375
[ 03:05:45.192 -->  03:05:48.634],D,SPEAKER_23,11145.192218750002,11148.63471875
[ 03:05:48.651 -->  03:05:48.668],D,SPEAKER_23,11148.65159375,11148.668468750002
[ 03:05:48.668 -->  03:05:49.039],H,SPEAKER_45,11148.668468750002,11149.039718750002
[ 03:05:48.685 -->  03:05:52.414],D,SPEAKER_23,11148.68534375,11152.414718750002
[ 03:05:52.769 -->  03:05:54.186],D,SPEAKER_23,11152.769093750001,11154.18659375
[ 03:05:54.591 -->  03:05:54.979],H,SPEAKER_45,11154.59159375,11154.97971875
[ 03:05:55.334 -->  03:05:56.751],H,SPEAKER_45,11155.33409375,11156.75159375
[ 03:05:56.903 -->  03:05:57.629],H,SPEAKER_45,11156.903468750003,11157.629093750002
[ 03:05:58.219 -->  03:06:02.168],H,SPEAKER_45,11158.219718750002,11162.168468750002
[ 03:06:02.775 -->  03:06:03.653],H,SPEAKER_45,11162.77596875,11163.653468750003
[ 03:06:03.889 -->  03:06:11.129],H,SPEAKER_45,11163.88971875,11171.129093750002
[ 03:06:08.614 -->  03:06:08.985],X,SPEAKER_16,11168.614718750003,11168.98596875
[ 03:06:11.618 -->  03:06:18.975],H,SPEAKER_45,11171.618468750003,11178.97596875
[ 03:06:19.144 -->  03:06:24.392],H,SPEAKER_45,11179.144718750002,11184.39284375
[ 03:06:24.797 -->  03:06:25.185],H,SPEAKER_45,11184.797843750002,11185.18596875
[ 03:06:26.029 -->  03:06:31.615],H,SPEAKER_45,11186.02971875,11191.61534375
[ 03:06:32.054 -->  03:06:33.944],H,SPEAKER_45,11192.05409375,11193.94409375
[ 03:06:34.382 -->  03:06:43.782],H,SPEAKER_45,11194.382843750001,11203.782218750002
[ 03:06:44.339 -->  03:06:46.650],H,SPEAKER_45,11204.33909375,11206.65096875
[ 03:06:46.988 -->  03:06:52.894],H,SPEAKER_45,11206.988468750002,11212.894718750002
[ 03:06:53.400 -->  03:06:59.526],D,SPEAKER_23,11213.40096875,11219.52659375
[ 03:06:59.982 -->  03:07:00.825],D,SPEAKER_23,11219.98221875,11220.82596875
[ 03:07:01.247 -->  03:07:04.825],D,SPEAKER_23,11221.24784375,11224.825343750003
[ 03:07:05.466 -->  03:07:06.664],D,SPEAKER_23,11225.46659375,11226.664718750002
[ 03:07:06.934 -->  03:07:08.909],D,SPEAKER_23,11226.934718750003,11228.90909375
[ 03:07:07.035 -->  03:07:07.356],O,SPEAKER_06,11227.035968750002,11227.356593750003
[ 03:07:09.567 -->  03:07:14.325],D,SPEAKER_23,11229.567218750002,11234.32596875
[ 03:07:14.916 -->  03:07:20.265],D,SPEAKER_23,11234.91659375,11240.265968750002
[ 03:07:20.569 -->  03:07:29.479],D,SPEAKER_23,11240.56971875,11249.47971875
[ 03:07:30.053 -->  03:07:37.765],D,SPEAKER_23,11250.05346875,11257.765343750001
[ 03:07:38.204 -->  03:07:39.098],D,SPEAKER_23,11258.204093750002,11259.098468750002
[ 03:07:39.317 -->  03:07:43.350],D,SPEAKER_23,11259.317843750003,11263.35096875
[ 03:07:43.739 -->  03:07:44.127],D,SPEAKER_23,11263.739093750002,11264.12721875
[ 03:07:44.430 -->  03:07:48.042],D,SPEAKER_23,11264.430968750003,11268.04221875
[ 03:07:48.345 -->  03:07:49.139],D,SPEAKER_23,11268.34596875,11269.13909375
[ 03:07:49.628 -->  03:07:51.045],D,SPEAKER_23,11269.628468750001,11271.04596875
[ 03:07:51.602 -->  03:07:51.670],D,SPEAKER_23,11271.602843750003,11271.67034375
[ 03:07:51.822 -->  03:07:56.513],D,SPEAKER_23,11271.82221875,11276.51346875
[ 03:07:56.952 -->  03:07:58.605],D,SPEAKER_23,11276.95221875,11278.605968750002
[ 03:07:58.825 -->  03:08:01.727],D,SPEAKER_23,11278.825343750003,11281.727843750003
[ 03:08:02.149 -->  03:08:03.094],D,SPEAKER_23,11282.149718750003,11283.094718750002
[ 03:08:03.195 -->  03:08:05.153],D,SPEAKER_23,11283.195968750002,11285.153468750003
[ 03:08:05.490 -->  03:08:07.330],D,SPEAKER_23,11285.49096875,11287.33034375
[ 03:08:07.819 -->  03:08:10.097],D,SPEAKER_23,11287.81971875,11290.097843750002
[ 03:08:10.620 -->  03:08:12.139],D,SPEAKER_23,11290.620968750001,11292.13971875
[ 03:08:12.629 -->  03:08:14.282],D,SPEAKER_23,11292.629093750002,11294.28284375
[ 03:08:14.485 -->  03:08:15.514],D,SPEAKER_23,11294.485343750002,11295.51471875
[ 03:08:16.037 -->  03:08:16.645],D,SPEAKER_23,11296.03784375,11296.645343750002
[ 03:08:16.915 -->  03:08:25.825],D,SPEAKER_23,11296.915343750003,11305.825343750003
[ 03:08:26.567 -->  03:08:30.617],D,SPEAKER_23,11306.567843750003,11310.617843750002
[ 03:08:30.938 -->  03:08:32.440],D,SPEAKER_23,11310.938468750002,11312.44034375
[ 03:08:32.811 -->  03:08:33.520],D,SPEAKER_23,11312.81159375,11313.520343750002
[ 03:08:34.026 -->  03:08:36.372],D,SPEAKER_23,11314.02659375,11316.372218750003
[ 03:08:36.810 -->  03:08:40.590],D,SPEAKER_23,11316.81096875,11320.590968750003
[ 03:08:40.911 -->  03:08:43.611],D,SPEAKER_23,11320.911593750003,11323.61159375
[ 03:08:44.286 -->  03:08:47.864],D,SPEAKER_23,11324.286593750003,11327.864093750002
[ 03:08:48.083 -->  03:08:48.960],D,SPEAKER_23,11328.083468750003,11328.960968750001
[ 03:08:49.500 -->  03:08:50.040],D,SPEAKER_23,11329.500968750002,11330.04096875
[ 03:08:50.496 -->  03:08:53.770],D,SPEAKER_23,11330.496593750002,11333.770343750002
[ 03:08:54.715 -->  03:08:55.137],D,SPEAKER_23,11334.715343750002,11335.137218750002
[ 03:08:55.272 -->  03:08:55.694],D,SPEAKER_23,11335.27221875,11335.69409375
[ 03:08:56.419 -->  03:09:02.359],D,SPEAKER_23,11336.41971875,11342.359718750002
[ 03:09:02.680 -->  03:09:03.169],D,SPEAKER_23,11342.680343750002,11343.16971875
[ 03:09:03.540 -->  03:09:05.869],D,SPEAKER_23,11343.54096875,11345.86971875
[ 03:09:06.173 -->  03:09:07.354],D,SPEAKER_23,11346.17346875,11347.35471875
[ 03:09:07.742 -->  03:09:11.421],D,SPEAKER_23,11347.742843750002,11351.421593750001
[ 03:09:11.961 -->  03:09:15.994],D,SPEAKER_23,11351.961593750002,11355.99471875
[ 03:09:16.365 -->  03:09:16.770],D,SPEAKER_23,11356.36596875,11356.770968750003
[ 03:09:17.192 -->  03:09:19.605],D,SPEAKER_23,11357.192843750003,11359.605968750002
[ 03:09:19.875 -->  03:09:20.635],D,SPEAKER_23,11359.875968750002,11360.63534375
[ 03:09:21.090 -->  03:09:24.482],D,SPEAKER_23,11361.090968750003,11364.48284375
[ 03:09:24.921 -->  03:09:26.541],D,SPEAKER_23,11364.921593750001,11366.54159375
[ 03:09:26.541 -->  03:09:43.720],H,SPEAKER_45,11366.54159375,11383.72034375
[ 03:09:46.774 -->  03:09:54.267],AF,SPEAKER_25,11386.774718750003,11394.26721875
[ 03:09:58.418 -->  03:09:58.975],AF,SPEAKER_25,11398.418468750002,11398.97534375
[ 03:09:59.684 -->  03:10:01.844],AF,SPEAKER_25,11399.684093750002,11401.844093750002
[ 03:10:03.345 -->  03:10:05.421],AF,SPEAKER_25,11403.34596875,11405.421593750001
[ 03:10:05.674 -->  03:10:06.130],AF,SPEAKER_25,11405.67471875,11406.130343750003
[ 03:10:06.552 -->  03:10:07.750],AF,SPEAKER_25,11406.552218750003,11407.750343750002
[ 03:10:08.475 -->  03:10:13.234],AF,SPEAKER_25,11408.47596875,11413.234718750002
[ 03:10:13.707 -->  03:10:15.664],AF,SPEAKER_25,11413.707218750002,11415.664718750002
[ 03:10:16.002 -->  03:10:16.575],AF,SPEAKER_25,11416.00221875,11416.57596875
[ 03:10:17.301 -->  03:10:18.162],AF,SPEAKER_25,11417.301593750002,11418.16221875
[ 03:10:18.972 -->  03:10:23.933],AF,SPEAKER_25,11418.972218750001,11423.933468750001
[ 03:10:28.304 -->  03:10:29.957],AF,SPEAKER_25,11428.30409375,11429.957843750002
[ 03:10:30.413 -->  03:10:32.151],AF,SPEAKER_25,11430.41346875,11432.15159375
[ 03:10:32.640 -->  03:10:33.079],AF,SPEAKER_25,11432.640968750002,11433.07971875
[ 03:10:33.585 -->  03:10:36.522],AF,SPEAKER_25,11433.585968750001,11436.52221875
[ 03:10:36.792 -->  03:10:43.154],AF,SPEAKER_25,11436.79221875,11443.15409375
[ 03:10:43.120 -->  03:10:43.137],X,SPEAKER_16,11443.12034375,11443.137218750002
[ 03:10:43.154 -->  03:10:47.237],X,SPEAKER_16,11443.15409375,11447.237843750001
[ 03:10:47.237 -->  03:10:54.038],AF,SPEAKER_25,11447.237843750001,11454.03846875
[ 03:10:55.034 -->  03:10:55.067],AF,SPEAKER_25,11455.03409375,11455.067843750003
[ 03:10:55.067 -->  03:10:55.253],X,SPEAKER_16,11455.067843750003,11455.253468750001
[ 03:10:55.962 -->  03:10:56.029],X,SPEAKER_16,11455.962218750003,11456.02971875
[ 03:10:56.822 -->  03:10:57.480],AF,SPEAKER_25,11456.82284375,11457.480968750002
[ 03:10:59.387 -->  03:11:03.404],AF,SPEAKER_25,11459.387843750003,11463.40409375
[ 03:11:04.450 -->  03:11:05.260],AF,SPEAKER_25,11464.450343750003,11465.26034375
[ 03:11:05.547 -->  03:11:06.795],AF,SPEAKER_25,11465.547218750002,11466.79596875
[ 03:11:07.420 -->  03:11:09.057],AF,SPEAKER_25,11467.42034375,11469.05721875
[ 03:11:10.457 -->  03:11:12.752],AF,SPEAKER_25,11470.457843750002,11472.75284375
[ 03:11:14.625 -->  03:11:15.233],AF,SPEAKER_25,11474.625968750002,11475.23346875
[ 03:11:15.284 -->  03:11:16.330],AF,SPEAKER_25,11475.28409375,11476.33034375
[ 03:11:16.971 -->  03:11:17.714],AF,SPEAKER_25,11476.97159375,11477.71409375
[ 03:11:17.849 -->  03:11:17.882],AF,SPEAKER_25,11477.849093750003,11477.882843750001
[ 03:11:18.929 -->  03:11:19.317],AF,SPEAKER_25,11478.92909375,11479.317218750002
[ 03:11:20.802 -->  03:11:22.320],AF,SPEAKER_25,11480.802218750003,11482.320968750002
[ 03:11:22.995 -->  03:11:24.362],AF,SPEAKER_25,11482.995968750001,11484.362843750001
[ 03:11:25.662 -->  03:11:28.075],AF,SPEAKER_25,11485.66221875,11488.075343750003
[ 03:11:28.935 -->  03:11:30.032],AF,SPEAKER_25,11488.93596875,11490.03284375
[ 03:11:30.927 -->  03:11:31.349],AF,SPEAKER_25,11490.927218750003,11491.349093750003
[ 03:11:32.378 -->  03:11:33.897],AF,SPEAKER_25,11492.378468750001,11493.89721875
[ 03:11:34.285 -->  03:11:35.685],AF,SPEAKER_25,11494.285343750002,11495.68596875
[ 03:11:36.563 -->  03:11:38.892],AF,SPEAKER_25,11496.563468750002,11498.89221875
[ 03:11:39.617 -->  03:11:40.107],AF,SPEAKER_25,11499.617843750002,11500.10721875
[ 03:11:40.529 -->  03:11:41.659],AF,SPEAKER_25,11500.52909375,11501.659718750001
[ 03:11:44.612 -->  03:11:44.984],Y,SPEAKER_17,11504.612843750001,11504.984093750001
[ 03:11:46.958 -->  03:11:48.899],AF,SPEAKER_25,11506.958468750003,11508.899093750002
[ 03:11:48.899 -->  03:11:49.607],Y,SPEAKER_17,11508.899093750002,11509.60784375
[ 03:11:49.624 -->  03:11:49.725],Y,SPEAKER_17,11509.624718750001,11509.72596875
[ 03:11:49.725 -->  03:11:50.434],AF,SPEAKER_25,11509.72596875,11510.434718750003
[ 03:11:50.249 -->  03:11:50.805],Y,SPEAKER_17,11510.24909375,11510.805968750003
[ 03:11:50.670 -->  03:11:51.599],AF,SPEAKER_25,11510.67096875,11511.599093750003
[ 03:11:51.852 -->  03:11:53.472],Y,SPEAKER_17,11511.852218750002,11513.472218750001
[ 03:11:53.522 -->  03:11:53.539],Y,SPEAKER_17,11513.52284375,11513.539718750002
[ 03:11:53.539 -->  03:11:55.902],AF,SPEAKER_25,11513.539718750002,11515.902218750001
[ 03:11:55.935 -->  03:11:57.302],AF,SPEAKER_25,11515.93596875,11517.30284375
[ 03:11:57.336 -->  03:11:57.707],AF,SPEAKER_25,11517.336593750002,11517.707843750002
[ 03:11:57.370 -->  03:11:57.792],AM,SPEAKER_32,11517.37034375,11517.79221875
[ 03:11:57.792 -->  03:11:59.192],AF,SPEAKER_25,11517.79221875,11519.192843750003
[ 03:11:58.703 -->  03:11:58.939],AM,SPEAKER_32,11518.703468750002,11518.93971875
[ 03:11:59.479 -->  03:12:00.272],AF,SPEAKER_25,11519.47971875,11520.27284375
[ 03:12:00.120 -->  03:12:12.321],AM,SPEAKER_32,11520.120968750001,11532.321593750003
[ 03:12:13.553 -->  03:12:26.530],AM,SPEAKER_32,11533.55346875,11546.53034375
[ 03:12:28.285 -->  03:12:35.389],AM,SPEAKER_32,11548.285343750002,11555.38971875
[ 03:12:35.642 -->  03:12:38.292],AM,SPEAKER_32,11555.64284375,11558.29221875
[ 03:12:39.338 -->  03:12:41.768],AM,SPEAKER_32,11559.33846875,11561.76846875
[ 03:12:41.886 -->  03:12:46.172],AM,SPEAKER_32,11561.886593750001,11566.172843750002
[ 03:12:46.965 -->  03:12:53.040],AM,SPEAKER_32,11566.965968750003,11573.04096875
[ 03:12:53.496 -->  03:12:55.875],AM,SPEAKER_32,11573.496593750002,11575.875968750002
[ 03:12:56.382 -->  03:12:59.217],AM,SPEAKER_32,11576.38221875,11579.21721875
[ 03:13:00.297 -->  03:13:01.022],AM,SPEAKER_32,11580.297218750002,11581.02284375
[ 03:13:01.613 -->  03:13:04.667],AM,SPEAKER_32,11581.613468750002,11584.667843750001
[ 03:13:05.427 -->  03:13:09.595],AM,SPEAKER_32,11585.427218750003,11589.59534375
[ 03:13:10.202 -->  03:13:12.919],AM,SPEAKER_32,11590.202843750001,11592.91971875
[ 03:13:13.274 -->  03:13:14.927],AM,SPEAKER_32,11593.274093750002,11594.92784375
[ 03:13:15.855 -->  03:13:20.192],AM,SPEAKER_32,11595.855968750002,11600.192843750003
[ 03:13:20.429 -->  03:13:34.857],AM,SPEAKER_32,11600.42909375,11614.85721875
[ 03:13:35.886 -->  03:13:36.426],AM,SPEAKER_32,11615.886593750001,11616.426593750002
[ 03:13:37.017 -->  03:13:37.793],AM,SPEAKER_32,11617.01721875,11617.793468750002
[ 03:13:38.029 -->  03:13:42.029],AM,SPEAKER_32,11618.02971875,11622.02909375
[ 03:13:42.602 -->  03:13:43.969],AM,SPEAKER_32,11622.602843750003,11623.969718750002
[ 03:13:45.066 -->  03:13:46.534],AM,SPEAKER_32,11625.066593750002,11626.534718750001
[ 03:13:47.209 -->  03:13:48.610],AM,SPEAKER_32,11627.20971875,11628.610343750002
[ 03:13:48.829 -->  03:13:55.900],AM,SPEAKER_32,11628.82971875,11635.90034375
[ 03:13:56.524 -->  03:14:00.372],AM,SPEAKER_32,11636.524718750003,11640.372218750003
[ 03:14:01.317 -->  03:14:02.430],AM,SPEAKER_32,11641.317218750002,11642.430968750003
[ 03:14:03.359 -->  03:14:04.371],AM,SPEAKER_32,11643.359093750001,11644.371593750002
[ 03:14:04.742 -->  03:14:12.454],AM,SPEAKER_32,11644.742843750002,11652.45471875
[ 03:14:13.011 -->  03:14:15.036],AM,SPEAKER_32,11653.011593750001,11655.036593750003
[ 03:14:15.475 -->  03:14:20.470],AM,SPEAKER_32,11655.47534375,11660.47034375
[ 03:14:21.027 -->  03:14:22.124],AM,SPEAKER_32,11661.027218750001,11662.12409375
[ 03:14:22.664 -->  03:14:23.271],AM,SPEAKER_32,11662.664093750001,11663.27159375
[ 03:14:24.300 -->  03:14:27.321],AM,SPEAKER_32,11664.300968750002,11667.321593750003
[ 03:14:27.557 -->  03:14:28.975],AM,SPEAKER_32,11667.55784375,11668.97534375
[ 03:14:29.329 -->  03:14:30.409],AM,SPEAKER_32,11669.32971875,11670.409718750001
[ 03:14:30.645 -->  03:14:31.709],AM,SPEAKER_32,11670.645968750003,11671.70909375
[ 03:14:32.147 -->  03:14:33.615],AM,SPEAKER_32,11672.14784375,11673.61596875
[ 03:14:34.729 -->  03:14:42.255],AM,SPEAKER_32,11674.72971875,11682.25596875
[ 03:14:42.559 -->  03:14:46.609],AM,SPEAKER_32,11682.559718750003,11686.609718750002
[ 03:14:46.845 -->  03:14:50.524],AM,SPEAKER_32,11686.84596875,11690.524718750003
[ 03:14:51.047 -->  03:15:01.223],AM,SPEAKER_32,11691.047843750002,11701.223468750002
[ 03:15:01.965 -->  03:15:04.514],AM,SPEAKER_32,11701.965968750003,11704.51409375
[ 03:15:04.800 -->  03:15:05.762],AM,SPEAKER_32,11704.800968750002,11705.762843750003
[ 03:15:06.387 -->  03:15:07.889],AM,SPEAKER_32,11706.387218750002,11707.88909375
[ 03:15:07.939 -->  03:15:09.947],AM,SPEAKER_32,11707.93971875,11709.94784375
[ 03:15:09.964 -->  03:15:10.032],AM,SPEAKER_32,11709.964718750001,11710.032218750002
[ 03:15:10.251 -->  03:15:14.082],AM,SPEAKER_32,11710.25159375,11714.082218750002
[ 03:15:18.975 -->  03:15:19.161],X,SPEAKER_16,11718.97596875,11719.161593750003
[ 03:15:20.697 -->  03:15:26.299],AF,SPEAKER_25,11720.69721875,11726.29971875
[ 03:15:25.050 -->  03:15:25.169],Y,SPEAKER_17,11725.050968750002,11725.169093750003
[ 03:15:26.029 -->  03:15:26.265],Y,SPEAKER_17,11726.02971875,11726.265968750002
[ 03:15:26.299 -->  03:15:26.974],Y,SPEAKER_17,11726.29971875,11726.97471875
[ 03:15:26.974 -->  03:15:27.278],AF,SPEAKER_25,11726.97471875,11727.278468750003
[ 03:15:27.025 -->  03:15:27.261],Y,SPEAKER_17,11727.02534375,11727.261593750001
[ 03:15:27.278 -->  03:15:40.103],Y,SPEAKER_17,11727.278468750003,11740.10346875
[ 03:15:28.139 -->  03:15:28.577],AF,SPEAKER_25,11728.13909375,11728.577843750001
[ 03:15:34.585 -->  03:15:35.091],R,SPEAKER_09,11734.58534375,11735.09159375
[ 03:15:37.133 -->  03:15:37.977],R,SPEAKER_09,11737.133468750002,11737.977218750002
[ 03:15:37.977 -->  03:15:38.179],AD,SPEAKER_22,11737.977218750002,11738.179718750001
[ 03:15:41.200 -->  03:15:46.904],AF,SPEAKER_25,11741.200343750003,11746.90409375
[ 03:16:03.323 -->  03:16:03.728],AF,SPEAKER_25,11763.32346875,11763.72846875
[ 03:16:03.981 -->  03:16:04.420],Y,SPEAKER_17,11763.981593750003,11764.42034375
[ 03:16:05.972 -->  03:16:13.954],AR,SPEAKER_38,11765.972843750002,11773.95471875
[ 03:16:14.764 -->  03:16:17.127],AR,SPEAKER_38,11774.76471875,11777.12721875
[ 03:16:17.329 -->  03:16:18.510],AR,SPEAKER_38,11777.32971875,11778.51096875
[ 03:16:18.882 -->  03:16:20.839],AR,SPEAKER_38,11778.88221875,11780.839718750001
[ 03:16:21.278 -->  03:16:24.889],AR,SPEAKER_38,11781.278468750003,11784.88971875
[ 03:16:25.294 -->  03:16:29.496],AR,SPEAKER_38,11785.29471875,11789.496593750002
[ 03:16:29.699 -->  03:16:31.639],AR,SPEAKER_38,11789.699093750001,11791.63971875
[ 03:16:31.960 -->  03:16:32.972],AR,SPEAKER_38,11791.96034375,11792.972843750002
[ 03:16:33.563 -->  03:16:35.402],AR,SPEAKER_38,11793.563468750002,11795.402843750002
[ 03:16:35.841 -->  03:16:37.022],AR,SPEAKER_38,11795.84159375,11797.02284375
[ 03:16:37.242 -->  03:16:39.267],AR,SPEAKER_38,11797.242218750001,11799.26721875
[ 03:16:39.503 -->  03:16:40.887],AR,SPEAKER_38,11799.503468750001,11800.887218750002
[ 03:16:41.342 -->  03:16:44.144],AR,SPEAKER_38,11801.34284375,11804.144093750001
[ 03:16:44.802 -->  03:16:47.164],AR,SPEAKER_38,11804.802218750003,11807.164718750002
[ 03:16:47.670 -->  03:16:50.607],AR,SPEAKER_38,11807.67096875,11810.60721875
[ 03:16:51.012 -->  03:16:53.982],AR,SPEAKER_38,11811.012218750002,11813.98221875
[ 03:16:55.045 -->  03:17:04.394],AR,SPEAKER_38,11815.04534375,11824.394093750001
[ 03:17:04.664 -->  03:17:10.401],AR,SPEAKER_38,11824.664093750001,11830.40159375
[ 03:17:10.772 -->  03:17:11.346],AR,SPEAKER_38,11830.77284375,11831.34659375
[ 03:17:11.785 -->  03:17:12.359],AF,SPEAKER_25,11831.785343750002,11832.359093750001
[ 03:17:12.983 -->  03:17:13.034],X,SPEAKER_16,11832.98346875,11833.03409375
[ 03:17:14.772 -->  03:17:15.025],AF,SPEAKER_25,11834.77221875,11835.02534375
[ 03:17:17.421 -->  03:17:18.805],AF,SPEAKER_25,11837.421593750001,11838.805343750002
[ 03:17:31.259 -->  03:17:33.537],T,SPEAKER_11,11851.259093750003,11853.53721875
[ 03:17:33.874 -->  03:17:39.595],T,SPEAKER_11,11853.874718750001,11859.59534375
[ 03:17:39.949 -->  03:17:42.312],T,SPEAKER_11,11859.949718750002,11862.312218750001
[ 03:17:42.734 -->  03:17:48.825],T,SPEAKER_11,11862.734093750001,11868.82596875
[ 03:17:49.399 -->  03:17:52.707],T,SPEAKER_11,11869.399718750003,11872.707218750002
[ 03:17:53.314 -->  03:17:57.111],T,SPEAKER_11,11873.31471875,11877.11159375
[ 03:17:57.685 -->  03:18:03.490],T,SPEAKER_11,11877.68534375,11883.49034375
[ 03:18:04.047 -->  03:18:06.089],T,SPEAKER_11,11884.047218750002,11886.08909375
[ 03:18:06.527 -->  03:18:09.312],T,SPEAKER_11,11886.527843750002,11889.312218750001
[ 03:18:09.970 -->  03:18:14.897],T,SPEAKER_11,11889.97034375,11894.89784375
[ 03:18:15.201 -->  03:18:17.310],T,SPEAKER_11,11895.20159375,11897.31096875
[ 03:18:18.137 -->  03:18:21.411],T,SPEAKER_11,11898.137843750003,11901.411593750003
[ 03:18:21.799 -->  03:18:26.625],T,SPEAKER_11,11901.79971875,11906.625968750002
[ 03:18:27.064 -->  03:18:29.562],T,SPEAKER_11,11907.06471875,11909.562218750001
[ 03:18:30.524 -->  03:18:35.940],T,SPEAKER_11,11910.524093750002,11915.940968750001
[ 03:18:36.413 -->  03:18:38.539],T,SPEAKER_11,11916.41346875,11918.539718750002
[ 03:18:39.012 -->  03:18:41.931],T,SPEAKER_11,11919.012218750002,11921.93159375
[ 03:18:42.927 -->  03:18:46.892],T,SPEAKER_11,11922.927218750003,11926.89284375
[ 03:18:47.331 -->  03:18:48.175],T,SPEAKER_11,11927.331593750001,11928.175343750001
[ 03:18:48.479 -->  03:18:50.875],T,SPEAKER_11,11928.47909375,11930.875343750002
[ 03:18:51.027 -->  03:18:53.490],T,SPEAKER_11,11931.027218750001,11933.49096875
[ 03:18:54.115 -->  03:18:58.435],T,SPEAKER_11,11934.11534375,11938.43534375
[ 03:18:59.177 -->  03:19:01.523],T,SPEAKER_11,11939.17784375,11941.523468750001
[ 03:19:01.945 -->  03:19:02.654],T,SPEAKER_11,11941.945343750001,11942.65409375
[ 03:19:02.974 -->  03:19:03.379],T,SPEAKER_11,11942.97471875,11943.379718750002
[ 03:19:03.683 -->  03:19:06.501],T,SPEAKER_11,11943.683468750001,11946.50159375
[ 03:19:06.754 -->  03:19:10.500],T,SPEAKER_11,11946.754718750002,11950.500968750002
[ 03:19:10.770 -->  03:19:12.677],T,SPEAKER_11,11950.770968750003,11952.67784375
[ 03:19:13.167 -->  03:19:15.647],T,SPEAKER_11,11953.16721875,11955.64784375
[ 03:19:16.305 -->  03:19:19.073],T,SPEAKER_11,11956.305968750003,11959.07346875
[ 03:19:19.461 -->  03:19:22.920],T,SPEAKER_11,11959.461593750002,11962.92096875
[ 03:19:23.207 -->  03:19:25.283],T,SPEAKER_11,11963.207843750002,11965.28346875
[ 03:19:25.604 -->  03:19:26.700],T,SPEAKER_11,11965.60409375,11966.70096875
[ 03:19:27.527 -->  03:19:31.577],T,SPEAKER_11,11967.527843750002,11971.577843750001
[ 03:19:31.915 -->  03:19:35.594],T,SPEAKER_11,11971.915343750003,11975.594093750002
[ 03:19:35.931 -->  03:19:38.344],T,SPEAKER_11,11975.93159375,11978.344718750002
[ 03:19:39.255 -->  03:19:39.863],AF,SPEAKER_25,11979.25596875,11979.863468750002
[ 03:19:43.677 -->  03:19:48.165],AF,SPEAKER_25,11983.677218750003,11988.16596875
[ 03:19:48.587 -->  03:19:49.229],AF,SPEAKER_25,11988.58784375,11989.22909375
[ 03:19:51.355 -->  03:19:56.789],AF,SPEAKER_25,11991.355343750001,11996.789093750001
[ 03:19:57.818 -->  03:20:03.117],AF,SPEAKER_25,11997.81846875,12003.117218750001
[ 03:20:03.353 -->  03:20:05.918],AF,SPEAKER_25,12003.35346875,12005.918468750002
[ 03:20:06.222 -->  03:20:10.002],AF,SPEAKER_25,12006.222218750001,12010.00221875
[ 03:20:10.255 -->  03:20:14.710],AF,SPEAKER_25,12010.255343750003,12014.71034375
[ 03:20:14.912 -->  03:20:17.325],AF,SPEAKER_25,12014.91284375,12017.32596875
[ 03:20:17.494 -->  03:20:18.895],AF,SPEAKER_25,12017.49471875,12018.895343750002
[ 03:20:19.232 -->  03:20:19.722],AF,SPEAKER_25,12019.23284375,12019.722218750001
[ 03:20:20.582 -->  03:20:22.337],AF,SPEAKER_25,12020.582843750002,12022.33784375
[ 03:20:22.709 -->  03:20:24.008],AF,SPEAKER_25,12022.70909375,12024.008468750002
[ 03:20:24.092 -->  03:20:28.227],AF,SPEAKER_25,12024.09284375,12028.227218750002
[ 03:20:30.066 -->  03:20:33.120],AF,SPEAKER_25,12030.066593750002,12033.120968750001
[ 03:20:33.475 -->  03:20:35.145],AF,SPEAKER_25,12033.47534375,12035.145968750003
[ 03:20:35.601 -->  03:20:38.655],AF,SPEAKER_25,12035.601593750001,12038.655968750001
[ 03:20:40.090 -->  03:20:40.613],AF,SPEAKER_25,12040.090343750002,12040.613468750002
[ 03:20:41.845 -->  03:20:44.005],AF,SPEAKER_25,12041.84534375,12044.005343750003
[ 03:20:47.059 -->  03:20:47.987],H,SPEAKER_45,12047.059718750003,12047.987843750001
[ 03:20:47.987 -->  03:20:48.004],Z,SPEAKER_18,12047.987843750001,12048.004718750002
[ 03:20:48.004 -->  03:20:48.038],H,SPEAKER_45,12048.004718750002,12048.03846875
[ 03:20:48.055 -->  03:20:48.240],H,SPEAKER_45,12048.055343750002,12048.24096875
[ 03:20:48.240 -->  03:20:48.780],AF,SPEAKER_25,12048.24096875,12048.780968750001
[ 03:20:48.780 -->  03:20:48.983],H,SPEAKER_45,12048.780968750001,12048.98346875
[ 03:20:48.983 -->  03:20:49.034],AF,SPEAKER_25,12048.98346875,12049.03409375
[ 03:20:49.034 -->  03:20:49.337],H,SPEAKER_45,12049.03409375,12049.33784375
[ 03:20:49.337 -->  03:20:49.455],AF,SPEAKER_25,12049.33784375,12049.45596875
[ 03:20:49.455 -->  03:20:49.540],H,SPEAKER_45,12049.45596875,12049.540343750003
[ 03:20:49.540 -->  03:20:49.607],AF,SPEAKER_25,12049.540343750003,12049.60784375
[ 03:20:49.607 -->  03:21:00.154],H,SPEAKER_45,12049.60784375,12060.15471875
[ 03:20:50.654 -->  03:20:51.244],Z,SPEAKER_18,12050.65409375,12051.24471875
[ 03:20:51.244 -->  03:20:51.261],AF,SPEAKER_25,12051.24471875,12051.261593750001
[ 03:21:00.407 -->  03:21:00.795],H,SPEAKER_45,12060.40784375,12060.79596875
[ 03:21:01.015 -->  03:21:02.264],H,SPEAKER_45,12061.015343750001,12062.26409375
[ 03:21:03.512 -->  03:21:06.668],H,SPEAKER_45,12063.512843750003,12066.668468750002
[ 03:21:07.225 -->  03:21:08.794],H,SPEAKER_45,12067.22534375,12068.79471875
[ 03:21:08.963 -->  03:21:10.431],H,SPEAKER_45,12068.96346875,12070.43159375
[ 03:21:11.258 -->  03:21:14.852],H,SPEAKER_45,12071.258468750002,12074.852843750003
[ 03:21:15.089 -->  03:21:17.890],H,SPEAKER_45,12075.08909375,12077.890343750001
[ 03:21:18.126 -->  03:21:18.683],H,SPEAKER_45,12078.12659375,12078.683468750001
[ 03:21:19.527 -->  03:21:20.573],H,SPEAKER_45,12079.527218750001,12080.57346875
[ 03:21:20.775 -->  03:21:23.189],H,SPEAKER_45,12080.77596875,12083.18909375
[ 03:21:23.577 -->  03:21:24.218],H,SPEAKER_45,12083.57721875,12084.218468750001
[ 03:21:25.332 -->  03:21:26.108],H,SPEAKER_45,12085.332218750002,12086.10846875
[ 03:21:26.547 -->  03:21:26.564],V,SPEAKER_14,12086.547218750002,12086.56409375
[ 03:21:26.564 -->  03:21:27.137],H,SPEAKER_45,12086.56409375,12087.137843750003
[ 03:21:27.492 -->  03:21:32.014],H,SPEAKER_45,12087.492218750001,12092.01471875
[ 03:21:32.909 -->  03:21:33.398],H,SPEAKER_45,12092.90909375,12093.398468750001
[ 03:21:33.398 -->  03:21:33.465],V,SPEAKER_14,12093.398468750001,12093.465968750003
[ 03:21:33.735 -->  03:21:35.760],H,SPEAKER_45,12093.73596875,12095.76096875
[ 03:21:35.963 -->  03:21:39.152],H,SPEAKER_45,12095.96346875,12099.152843750002
[ 03:21:39.726 -->  03:21:40.334],V,SPEAKER_14,12099.726593750001,12100.33409375
[ 03:21:40.890 -->  03:21:41.262],V,SPEAKER_14,12100.890968750002,12101.262218750002
[ 03:21:41.565 -->  03:21:47.489],V,SPEAKER_14,12101.565968750001,12107.489093750002
[ 03:21:48.164 -->  03:21:48.822],V,SPEAKER_14,12108.164093750001,12108.82221875
[ 03:21:49.210 -->  03:21:53.226],V,SPEAKER_14,12109.21034375,12113.226593750001
[ 03:21:53.682 -->  03:21:57.664],V,SPEAKER_14,12113.68221875,12117.664718750002
[ 03:21:57.209 -->  03:21:57.698],H,SPEAKER_45,12117.20909375,12117.69846875
[ 03:21:58.289 -->  03:22:10.574],H,SPEAKER_45,12118.289093750001,12130.574093750001
[ 03:22:11.603 -->  03:22:14.522],H,SPEAKER_45,12131.60346875,12134.52284375
[ 03:22:15.045 -->  03:22:17.610],H,SPEAKER_45,12135.04596875,12137.61096875
[ 03:22:18.404 -->  03:22:27.685],H,SPEAKER_45,12138.40409375,12147.68534375
[ 03:22:27.837 -->  03:22:29.069],V,SPEAKER_14,12147.837218750003,12149.06909375
[ 03:22:29.237 -->  03:22:36.966],V,SPEAKER_14,12149.237843750001,12156.96659375
[ 03:22:36.966 -->  03:22:37.034],H,SPEAKER_45,12156.96659375,12157.03409375
[ 03:22:37.034 -->  03:22:38.299],V,SPEAKER_14,12157.03409375,12158.29971875
[ 03:22:38.299 -->  03:22:38.333],H,SPEAKER_45,12158.29971875,12158.333468750003
[ 03:22:39.582 -->  03:22:42.990],V,SPEAKER_14,12159.582218750002,12162.99096875
[ 03:22:45.049 -->  03:22:52.035],V,SPEAKER_14,12165.04971875,12172.035968750002
[ 03:22:52.035 -->  03:22:53.318],H,SPEAKER_45,12172.035968750002,12173.31846875
[ 03:22:53.234 -->  03:22:56.980],V,SPEAKER_14,12173.234093750001,12176.980343750001
[ 03:22:57.267 -->  03:23:31.304],H,SPEAKER_45,12177.26721875,12211.30409375
[ 03:22:57.857 -->  03:22:58.262],V,SPEAKER_14,12177.85784375,12178.262843750003
[ 03:23:31.725 -->  03:23:33.852],H,SPEAKER_45,12211.72596875,12213.852218750002
[ 03:23:34.425 -->  03:23:42.897],H,SPEAKER_45,12214.425968750002,12222.89721875
[ 03:23:43.268 -->  03:23:54.456],H,SPEAKER_45,12223.26846875,12234.456593750001
[ 03:23:55.604 -->  03:23:59.907],V,SPEAKER_14,12235.60409375,12239.907218750002
[ 03:24:00.177 -->  03:24:03.029],V,SPEAKER_14,12240.177218750003,12243.02909375
[ 03:24:03.434 -->  03:24:04.598],V,SPEAKER_14,12243.434093750002,12244.598468750002
[ 03:24:05.155 -->  03:24:07.534],V,SPEAKER_14,12245.15534375,12247.534718750001
[ 03:24:08.024 -->  03:24:10.200],V,SPEAKER_14,12248.024093750002,12250.20096875
[ 03:24:10.200 -->  03:24:10.251],H,SPEAKER_45,12250.20096875,12250.25159375
[ 03:24:10.605 -->  03:24:10.977],V,SPEAKER_14,12250.605968750002,12250.977218750002
[ 03:24:10.977 -->  03:24:12.833],H,SPEAKER_45,12250.977218750002,12252.833468750003
[ 03:24:12.833 -->  03:24:14.740],V,SPEAKER_14,12252.833468750003,12254.74034375
[ 03:24:12.850 -->  03:24:13.424],H,SPEAKER_45,12252.85034375,12253.42409375
[ 03:24:13.424 -->  03:24:13.440],U,SPEAKER_13,12253.42409375,12253.440968750001
[ 03:24:14.234 -->  03:24:38.517],H,SPEAKER_45,12254.234093750001,12278.51721875
[ 03:24:39.715 -->  03:24:42.077],H,SPEAKER_45,12279.715343750002,12282.077843750001
[ 03:24:42.212 -->  03:24:42.314],H,SPEAKER_45,12282.21284375,12282.31409375
[ 03:24:42.314 -->  03:24:42.617],X,SPEAKER_16,12282.31409375,12282.617843750002
[ 03:24:42.617 -->  03:24:42.769],H,SPEAKER_45,12282.617843750002,12282.769718750002
[ 03:24:43.157 -->  03:24:44.372],H,SPEAKER_45,12283.15784375,12284.37284375
[ 03:24:44.862 -->  03:24:45.537],AF,SPEAKER_25,12284.86221875,12285.53721875
[ 03:24:45.537 -->  03:24:45.722],X,SPEAKER_16,12285.53721875,12285.722843750002
[ 03:24:45.722 -->  03:24:45.739],AF,SPEAKER_25,12285.722843750002,12285.739718750003
[ 03:24:45.739 -->  03:24:45.975],X,SPEAKER_16,12285.739718750003,12285.97596875
[ 03:24:45.975 -->  03:24:46.026],Y,SPEAKER_17,12285.97596875,12286.02659375
[ 03:24:47.005 -->  03:24:48.625],AF,SPEAKER_25,12287.005343750003,12288.625343750002
[ 03:24:49.350 -->  03:24:52.928],AF,SPEAKER_25,12289.35096875,12292.92846875
[ 03:24:53.974 -->  03:24:54.902],AF,SPEAKER_25,12293.97471875,12294.902843750002
[ 03:24:54.902 -->  03:24:55.037],Y,SPEAKER_17,12294.902843750002,12295.03784375
[ 03:24:55.206 -->  03:24:56.809],AF,SPEAKER_25,12295.206593750001,12296.809718750003
[ 03:25:01.905 -->  03:25:01.956],AF,SPEAKER_25,12301.905968750001,12301.956593750001
[ 03:25:01.956 -->  03:25:02.007],L,SPEAKER_03,12301.956593750001,12302.00721875
[ 03:25:02.007 -->  03:25:03.981],AF,SPEAKER_25,12302.00721875,12303.981593750003
[ 03:25:03.644 -->  03:25:03.863],L,SPEAKER_03,12303.644093750001,12303.863468750002
[ 03:25:05.230 -->  03:25:05.247],AF,SPEAKER_25,12305.230343750001,12305.247218750003
[ 03:25:05.247 -->  03:25:05.280],L,SPEAKER_03,12305.247218750003,12305.280968750001
[ 03:25:05.280 -->  03:25:06.428],AF,SPEAKER_25,12305.280968750001,12306.42846875
[ 03:25:05.348 -->  03:25:14.174],L,SPEAKER_03,12305.348468750002,12314.17409375
[ 03:25:14.427 -->  03:25:17.734],L,SPEAKER_03,12314.427218750003,12317.734718750002
[ 03:25:18.173 -->  03:25:22.628],L,SPEAKER_03,12318.17346875,12322.628468750001
[ 03:25:22.712 -->  03:25:26.357],L,SPEAKER_03,12322.71284375,12326.35784375
[ 03:25:26.745 -->  03:25:29.007],L,SPEAKER_03,12326.745968750001,12329.00721875
[ 03:25:29.564 -->  03:25:32.196],L,SPEAKER_03,12329.56409375,12332.196593750003
[ 03:25:32.854 -->  03:25:38.710],L,SPEAKER_03,12332.85471875,12338.71034375
[ 03:25:39.064 -->  03:25:40.735],L,SPEAKER_03,12339.06471875,12340.735343750002
[ 03:25:40.920 -->  03:26:00.057],L,SPEAKER_03,12340.92096875,12360.05721875
[ 03:26:01.339 -->  03:26:01.845],AF,SPEAKER_25,12361.339718750001,12361.84596875
[ 03:26:04.292 -->  03:26:06.807],AF,SPEAKER_25,12364.292843750001,12366.80721875
[ 03:26:10.992 -->  03:26:22.230],C,SPEAKER_12,12370.992218750001,12382.230968750002
[ 03:26:22.669 -->  03:26:44.489],C,SPEAKER_12,12382.66971875,12404.489093750002
[ 03:26:44.640 -->  03:26:48.201],C,SPEAKER_12,12404.640968750002,12408.20159375
[ 03:26:48.572 -->  03:26:49.298],C,SPEAKER_12,12408.57284375,12409.29846875
[ 03:26:49.703 -->  03:26:50.243],C,SPEAKER_12,12409.703468750002,12410.243468750003
[ 03:26:50.462 -->  03:26:54.765],C,SPEAKER_12,12410.46284375,12414.765968750002
[ 03:26:55.120 -->  03:26:58.630],AF,SPEAKER_25,12415.12034375,12418.630343750003
[ 03:26:59.170 -->  03:26:59.474],C,SPEAKER_12,12419.17034375,12419.474093750003
[ 03:26:59.676 -->  03:26:59.912],C,SPEAKER_12,12419.676593750002,12419.91284375
[ 03:27:00.840 -->  03:27:01.971],AF,SPEAKER_25,12420.840968750003,12421.97159375
[ 03:27:01.262 -->  03:27:11.522],C,SPEAKER_12,12421.262843750003,12431.52284375
[ 03:27:01.971 -->  03:27:01.988],AH,SPEAKER_27,12421.97159375,12421.988468750002
[ 03:27:13.075 -->  03:27:13.800],AF,SPEAKER_25,12433.075343750003,12433.800968750002
[ 03:27:15.117 -->  03:27:16.028],AF,SPEAKER_25,12435.117218750001,12436.028468750003
[ 03:27:21.124 -->  03:27:28.195],R,SPEAKER_09,12441.124718750001,12448.195343750001
[ 03:27:28.802 -->  03:27:30.321],R,SPEAKER_09,12448.80284375,12450.321593750003
[ 03:27:30.709 -->  03:27:36.092],R,SPEAKER_09,12450.70971875,12456.09284375
[ 03:27:36.210 -->  03:27:38.505],R,SPEAKER_09,12456.210968750001,12458.50596875
[ 03:27:39.872 -->  03:27:40.463],U,SPEAKER_13,12459.87284375,12460.46346875
[ 03:27:40.986 -->  03:27:45.610],R,SPEAKER_09,12460.98659375,12465.610343750002
[ 03:27:45.880 -->  03:27:49.390],R,SPEAKER_09,12465.880343750003,12469.390343750001
[ 03:27:49.677 -->  03:27:57.338],R,SPEAKER_09,12469.677218750003,12477.33846875
[ 03:27:56.747 -->  03:27:57.085],F,SPEAKER_43,12476.74784375,12477.08534375
[ 03:27:57.625 -->  03:28:00.764],R,SPEAKER_09,12477.625343750002,12480.76409375
[ 03:28:01.506 -->  03:28:02.097],R,SPEAKER_09,12481.50659375,12482.097218750001
[ 03:28:02.333 -->  03:28:07.733],R,SPEAKER_09,12482.333468750003,12487.73346875
[ 03:28:08.307 -->  03:28:08.864],R,SPEAKER_09,12488.30721875,12488.864093750002
[ 03:28:09.285 -->  03:28:10.787],R,SPEAKER_09,12489.285968750002,12490.78784375
[ 03:28:11.040 -->  03:28:13.386],R,SPEAKER_09,12491.04096875,12493.386593750001
[ 03:28:13.724 -->  03:28:20.339],R,SPEAKER_09,12493.724093750003,12500.33909375
[ 03:28:16.660 -->  03:28:16.980],X,SPEAKER_16,12496.660343750002,12496.980968750002
[ 03:28:22.802 -->  03:28:30.615],V,SPEAKER_14,12502.80284375,12510.61596875
[ 03:28:31.746 -->  03:28:32.489],V,SPEAKER_14,12511.746593750002,12512.489093750002
[ 03:28:35.054 -->  03:28:36.015],V,SPEAKER_14,12515.05409375,12516.015968750002
[ 03:28:36.606 -->  03:28:36.623],V,SPEAKER_14,12516.606593750003,12516.62346875
[ 03:28:36.623 -->  03:28:36.944],AR,SPEAKER_38,12516.62346875,12516.94409375
[ 03:28:36.944 -->  03:28:37.011],V,SPEAKER_14,12516.94409375,12517.011593750001
[ 03:28:37.450 -->  03:28:37.821],V,SPEAKER_14,12517.450343750003,12517.821593750003
[ 03:28:39.171 -->  03:28:47.474],AV,SPEAKER_42,12519.171593750001,12527.474093750003
[ 03:28:44.622 -->  03:28:44.841],AT,SPEAKER_40,12524.622218750003,12524.84159375
[ 03:28:47.929 -->  03:29:02.475],AV,SPEAKER_42,12527.929718750001,12542.47596875
[ 03:29:03.049 -->  03:29:11.942],AV,SPEAKER_42,12543.04971875,12551.942843750003
[ 03:29:12.314 -->  03:29:13.444],AV,SPEAKER_42,12552.31409375,12553.44471875
[ 03:29:14.355 -->  03:29:15.975],AV,SPEAKER_42,12554.355968750002,12555.97596875
[ 03:29:16.549 -->  03:29:24.497],AV,SPEAKER_42,12556.54971875,12564.49784375
[ 03:29:24.801 -->  03:29:27.839],AV,SPEAKER_42,12564.801593750002,12567.83909375
[ 03:29:28.277 -->  03:29:32.327],AV,SPEAKER_42,12568.277843750002,12572.327843750001
[ 03:29:32.665 -->  03:29:43.448],R,SPEAKER_09,12572.665343750003,12583.44846875
[ 03:29:43.634 -->  03:29:45.304],R,SPEAKER_09,12583.634093750003,12585.304718750001
[ 03:29:45.540 -->  03:29:46.350],AV,SPEAKER_42,12585.54096875,12586.35096875
[ 03:29:45.827 -->  03:29:46.519],R,SPEAKER_09,12585.827843750001,12586.519718750002
[ 03:29:46.739 -->  03:29:55.345],AV,SPEAKER_42,12586.739093750002,12595.34534375
[ 03:29:55.480 -->  03:30:06.010],AV,SPEAKER_42,12595.480343750001,12606.01034375
[ 03:30:04.474 -->  03:30:11.612],R,SPEAKER_09,12604.47471875,12611.612843750001
[ 03:30:11.393 -->  03:30:29.972],AV,SPEAKER_42,12611.39346875,12629.972843750002
[ 03:30:28.892 -->  03:30:33.955],R,SPEAKER_09,12628.89284375,12633.95534375
[ 03:30:32.858 -->  03:30:33.280],AV,SPEAKER_42,12632.85846875,12633.28034375
[ 03:30:35.659 -->  03:30:38.562],R,SPEAKER_09,12635.659718750001,12638.562218750001
[ 03:30:39.760 -->  03:30:49.244],AV,SPEAKER_42,12639.76034375,12649.24409375
[ 03:30:49.581 -->  03:30:50.239],AF,SPEAKER_25,12649.581593750001,12650.239718750003
[ 03:30:50.239 -->  03:30:50.256],R,SPEAKER_09,12650.239718750003,12650.25659375
[ 03:30:50.256 -->  03:30:50.273],AF,SPEAKER_25,12650.25659375,12650.273468750001
[ 03:30:50.273 -->  03:30:50.307],R,SPEAKER_09,12650.273468750001,12650.30721875
[ 03:30:51.640 -->  03:30:58.913],AF,SPEAKER_25,12651.640343750001,12658.91346875
[ 03:30:59.571 -->  03:31:01.748],AF,SPEAKER_25,12659.571593750003,12661.74846875
[ 03:31:02.625 -->  03:31:06.051],AF,SPEAKER_25,12662.625968750002,12666.051593750002
[ 03:31:06.962 -->  03:31:10.776],AF,SPEAKER_25,12666.96284375,12670.77659375
[ 03:31:10.793 -->  03:31:13.240],AF,SPEAKER_25,12670.793468750002,12673.24034375
[ 03:31:13.459 -->  03:31:13.982],AF,SPEAKER_25,12673.45971875,12673.98284375
[ 03:31:15.248 -->  03:31:17.020],AF,SPEAKER_25,12675.24846875,12677.020343750002
[ 03:31:17.577 -->  03:31:19.365],AF,SPEAKER_25,12677.57721875,12679.36596875
[ 03:31:20.631 -->  03:31:20.749],X,SPEAKER_16,12680.63159375,12680.749718750001
[ 03:31:21.863 -->  03:31:22.437],AF,SPEAKER_25,12681.863468750002,12682.437218750001
[ 03:31:22.437 -->  03:31:22.470],Q,SPEAKER_08,12682.437218750001,12682.47096875
[ 03:31:23.264 -->  03:31:23.669],AF,SPEAKER_25,12683.26409375,12683.669093750003
[ 03:31:25.035 -->  03:31:27.499],AF,SPEAKER_25,12685.035968750002,12687.499718750001
[ 03:31:27.972 -->  03:31:29.828],AF,SPEAKER_25,12687.972218750001,12689.828468750002
[ 03:31:30.621 -->  03:31:33.861],AF,SPEAKER_25,12690.621593750002,12693.86159375
[ 03:31:42.299 -->  03:31:46.872],U,SPEAKER_13,12702.29909375,12706.872218750003
[ 03:31:47.007 -->  03:31:48.947],U,SPEAKER_13,12707.00721875,12708.94784375
[ 03:31:49.656 -->  03:31:52.272],U,SPEAKER_13,12709.656593750002,12712.27221875
[ 03:31:53.942 -->  03:32:00.827],U,SPEAKER_13,12713.942843750003,12720.827843750001
[ 03:32:01.317 -->  03:32:02.582],U,SPEAKER_13,12721.317218750002,12722.582843750002
[ 03:32:02.717 -->  03:32:04.590],U,SPEAKER_13,12722.71784375,12724.590968750003
[ 03:32:05.063 -->  03:32:08.522],U,SPEAKER_13,12725.063468750002,12728.52284375
[ 03:32:09.248 -->  03:32:16.082],U,SPEAKER_13,12729.24846875,12736.082843750002
[ 03:32:16.150 -->  03:32:17.669],U,SPEAKER_13,12736.15034375,12737.669093750003
[ 03:32:17.989 -->  03:32:19.778],U,SPEAKER_13,12737.989718750003,12739.778468750003
[ 03:32:20.352 -->  03:32:25.735],U,SPEAKER_13,12740.352218750002,12745.735343750002
[ 03:32:26.207 -->  03:32:29.515],U,SPEAKER_13,12746.207843750002,12749.515343750001
[ 03:32:30.612 -->  03:32:32.772],U,SPEAKER_13,12750.61221875,12752.77221875
[ 03:32:33.143 -->  03:32:41.665],U,SPEAKER_13,12753.14346875,12761.665343750003
[ 03:32:42.323 -->  03:32:45.074],U,SPEAKER_13,12762.32346875,12765.074093750001
[ 03:32:45.276 -->  03:32:47.335],U,SPEAKER_13,12765.27659375,12767.33534375
[ 03:32:47.909 -->  03:32:50.980],U,SPEAKER_13,12767.90909375,12770.980343750001
[ 03:32:51.216 -->  03:32:52.195],U,SPEAKER_13,12771.21659375,12772.195343750001
[ 03:32:53.123 -->  03:32:55.519],U,SPEAKER_13,12773.12346875,12775.519718750002
[ 03:32:55.975 -->  03:33:01.257],U,SPEAKER_13,12775.97534375,12781.25721875
[ 03:33:01.577 -->  03:33:01.932],U,SPEAKER_13,12781.577843750001,12781.93221875
[ 03:33:02.320 -->  03:33:03.974],U,SPEAKER_13,12782.320343750001,12783.974093750003
[ 03:33:04.817 -->  03:33:15.347],U,SPEAKER_13,12784.817843750003,12795.347843750002
[ 03:33:15.921 -->  03:33:22.266],U,SPEAKER_13,12795.921593750001,12802.266593750002
[ 03:33:22.890 -->  03:33:27.717],U,SPEAKER_13,12802.890968750002,12807.71721875
[ 03:33:27.767 -->  03:33:30.434],U,SPEAKER_13,12807.76784375,12810.434093750002
[ 03:33:31.277 -->  03:33:31.294],X,SPEAKER_16,12811.277843750002,12811.29471875
[ 03:33:31.294 -->  03:33:32.560],AF,SPEAKER_25,12811.29471875,12812.56034375
[ 03:33:32.560 -->  03:33:32.948],X,SPEAKER_16,12812.56034375,12812.94846875
[ 03:33:36.441 -->  03:33:39.647],AF,SPEAKER_25,12816.441593750002,12819.64784375
[ 03:33:42.685 -->  03:33:53.316],AH,SPEAKER_27,12822.68534375,12833.316593750002
[ 03:33:55.949 -->  03:33:59.678],AH,SPEAKER_27,12835.949093750001,12839.67846875
[ 03:34:00.404 -->  03:34:04.909],V,SPEAKER_14,12840.40409375,12844.909718750001
[ 03:34:05.483 -->  03:34:07.947],V,SPEAKER_14,12845.48346875,12847.94721875
[ 03:34:09.314 -->  03:34:11.541],AH,SPEAKER_27,12849.314093750003,12851.54159375
[ 03:34:12.672 -->  03:34:15.237],V,SPEAKER_14,12852.672218750002,12855.23721875
[ 03:34:15.372 -->  03:34:16.553],AH,SPEAKER_27,12855.372218750003,12856.55346875
[ 03:34:17.414 -->  03:34:17.954],AF,SPEAKER_25,12857.414093750001,12857.954093750002
[ 03:34:19.692 -->  03:34:20.417],AF,SPEAKER_25,12859.692218750002,12860.417843750001
[ 03:34:21.902 -->  03:34:22.949],AF,SPEAKER_25,12861.902843750002,12862.949093750001
[ 03:34:23.219 -->  03:34:25.193],AF,SPEAKER_25,12863.219093750002,12865.19346875
[ 03:34:25.665 -->  03:34:26.729],AF,SPEAKER_25,12865.66596875,12866.72909375
[ 03:34:33.681 -->  03:34:40.009],AT,SPEAKER_40,12873.68159375,12880.00971875
[ 03:34:40.094 -->  03:34:41.477],AT,SPEAKER_40,12880.094093750002,12881.477843750003
[ 03:34:41.680 -->  03:34:44.802],AT,SPEAKER_40,12881.680343750002,12884.802218750003
[ 03:34:45.325 -->  03:34:50.894],AT,SPEAKER_40,12885.325343750003,12890.894093750001
[ 03:34:51.518 -->  03:34:53.391],AT,SPEAKER_40,12891.51846875,12893.391593750002
[ 03:34:53.965 -->  03:34:54.657],AT,SPEAKER_40,12893.965343750002,12894.657218750002
[ 03:34:56.108 -->  03:35:03.162],AT,SPEAKER_40,12896.10846875,12903.16221875
[ 03:35:03.837 -->  03:35:06.638],AT,SPEAKER_40,12903.837218750003,12906.63846875
[ 03:35:07.262 -->  03:35:16.679],AT,SPEAKER_40,12907.262843750003,12916.67909375
[ 03:35:18.197 -->  03:35:26.601],AT,SPEAKER_40,12918.19784375,12926.601593750001
[ 03:35:26.702 -->  03:35:28.137],AT,SPEAKER_40,12926.702843750001,12928.137218750002
[ 03:35:28.609 -->  03:35:33.250],AT,SPEAKER_40,12928.609718750002,12933.250343750002
[ 03:35:34.026 -->  03:35:40.945],AT,SPEAKER_40,12934.02659375,12940.945343750001
[ 03:35:41.417 -->  03:35:45.602],AT,SPEAKER_40,12941.417843750001,12945.602843750003
[ 03:35:45.855 -->  03:35:48.842],AT,SPEAKER_40,12945.855968750002,12948.84284375
[ 03:35:49.365 -->  03:35:51.390],AT,SPEAKER_40,12949.36596875,12951.390968750002
[ 03:35:51.728 -->  03:36:01.465],AT,SPEAKER_40,12951.72846875,12961.465343750002
[ 03:36:02.207 -->  03:36:04.249],AT,SPEAKER_40,12962.207843750002,12964.249718750001
[ 03:36:04.553 -->  03:36:15.032],AT,SPEAKER_40,12964.55346875,12975.032843750003
[ 03:36:15.488 -->  03:36:20.635],AT,SPEAKER_40,12975.488468750002,12980.63534375
[ 03:36:21.293 -->  03:36:28.313],AT,SPEAKER_40,12981.293468750002,12988.313468750002
[ 03:36:29.747 -->  03:36:31.688],AT,SPEAKER_40,12989.74784375,12991.688468750002
[ 03:36:32.464 -->  03:36:33.679],AT,SPEAKER_40,12992.464718750001,12993.679718750001
[ 03:36:34.169 -->  03:36:43.298],AT,SPEAKER_40,12994.169093750003,13003.298468750003
[ 03:36:43.939 -->  03:36:45.374],AT,SPEAKER_40,13003.93971875,13005.37409375
[ 03:36:45.694 -->  03:36:49.643],AT,SPEAKER_40,13005.69471875,13009.64346875
[ 03:36:50.250 -->  03:36:52.596],AT,SPEAKER_40,13010.250968750002,13012.59659375
[ 03:36:53.305 -->  03:36:56.039],AT,SPEAKER_40,13013.305343750002,13016.039093750001
[ 03:36:56.849 -->  03:37:03.700],AT,SPEAKER_40,13016.849093750003,13023.700343750003
[ 03:37:04.240 -->  03:37:08.610],AT,SPEAKER_40,13024.24034375,13028.610968750003
[ 03:37:09.454 -->  03:37:18.347],AT,SPEAKER_40,13029.454718750003,13038.347843750002
[ 03:37:18.735 -->  03:37:20.119],AT,SPEAKER_40,13038.735968750003,13040.11971875
[ 03:37:20.237 -->  03:37:24.405],AT,SPEAKER_40,13040.237843750001,13044.405968750001
[ 03:37:24.895 -->  03:37:30.025],AT,SPEAKER_40,13044.895343750002,13050.02534375
[ 03:37:31.054 -->  03:37:41.230],AT,SPEAKER_40,13051.054718750001,13061.230343750001
[ 03:37:41.145 -->  03:37:44.200],AF,SPEAKER_25,13061.145968750003,13064.200343750003
[ 03:37:42.394 -->  03:37:45.432],AT,SPEAKER_40,13062.394718750002,13065.43221875
[ 03:37:45.904 -->  03:37:46.343],AF,SPEAKER_25,13065.90471875,13066.343468750001
[ 03:37:52.907 -->  03:37:53.397],AF,SPEAKER_25,13072.907843750003,13073.39721875
[ 03:37:54.713 -->  03:37:55.371],AF,SPEAKER_25,13074.71346875,13075.371593750002
[ 03:37:57.126 -->  03:38:00.180],AF,SPEAKER_25,13077.126593750003,13080.180968750003
[ 03:38:10.727 -->  03:38:22.945],AS,SPEAKER_39,13090.727843750003,13102.945343750001
[ 03:38:23.502 -->  03:38:30.184],AS,SPEAKER_39,13103.50221875,13110.184718750003
[ 03:38:30.606 -->  03:38:32.682],AS,SPEAKER_39,13110.606593750003,13112.68221875
[ 03:38:33.306 -->  03:38:33.981],AS,SPEAKER_39,13113.30659375,13113.981593750003
[ 03:38:34.352 -->  03:38:35.078],AS,SPEAKER_39,13114.352843750003,13115.078468750002
[ 03:38:36.057 -->  03:38:47.211],AS,SPEAKER_39,13116.05721875,13127.211593750002
[ 03:38:48.848 -->  03:38:54.315],AS,SPEAKER_39,13128.848468750002,13134.315968750001
[ 03:38:54.974 -->  03:38:56.307],AS,SPEAKER_39,13134.974093750003,13136.30721875
[ 03:38:56.391 -->  03:39:01.167],AS,SPEAKER_39,13136.391593750002,13141.16721875
[ 03:39:01.774 -->  03:39:04.896],AS,SPEAKER_39,13141.774718750003,13144.89659375
[ 03:39:05.520 -->  03:39:08.659],AS,SPEAKER_39,13145.520968750003,13148.659718750001
[ 03:39:08.946 -->  03:39:15.038],AS,SPEAKER_39,13148.946593750003,13155.03846875
[ 03:39:15.932 -->  03:39:18.278],AS,SPEAKER_39,13155.93284375,13158.278468750003
[ 03:39:18.767 -->  03:39:22.311],AS,SPEAKER_39,13158.76784375,13162.31159375
[ 03:39:22.969 -->  03:39:24.741],AS,SPEAKER_39,13162.969718750002,13164.74159375
[ 03:39:25.180 -->  03:39:25.551],AS,SPEAKER_39,13165.180343750002,13165.551593750002
[ 03:39:25.652 -->  03:39:28.065],AS,SPEAKER_39,13165.652843750002,13168.065968750001
[ 03:39:28.437 -->  03:39:31.035],AS,SPEAKER_39,13168.437218750001,13171.035968750002
[ 03:39:31.845 -->  03:39:32.115],AS,SPEAKER_39,13171.84596875,13172.11596875
[ 03:39:32.774 -->  03:39:34.697],AS,SPEAKER_39,13172.774093750002,13174.69784375
[ 03:39:35.085 -->  03:39:37.161],AS,SPEAKER_39,13175.085968750001,13177.161593750003
[ 03:39:37.414 -->  03:39:40.452],AS,SPEAKER_39,13177.414718750002,13180.45221875
[ 03:39:41.093 -->  03:39:42.156],AS,SPEAKER_39,13181.093468750001,13182.156593750002
[ 03:39:42.797 -->  03:39:57.597],AS,SPEAKER_39,13182.797843750002,13197.597218750001
[ 03:39:59.335 -->  03:40:03.891],AS,SPEAKER_39,13199.33534375,13203.891593750002
[ 03:40:04.431 -->  03:40:08.279],AS,SPEAKER_39,13204.43159375,13208.27909375
[ 03:40:09.089 -->  03:40:11.687],AS,SPEAKER_39,13209.08909375,13211.687843750002
[ 03:40:12.042 -->  03:40:14.151],AS,SPEAKER_39,13212.04221875,13214.15159375
[ 03:40:14.539 -->  03:40:19.028],AS,SPEAKER_39,13214.539718750002,13219.028468750003
[ 03:40:19.517 -->  03:40:28.545],AS,SPEAKER_39,13219.51784375,13228.54596875
[ 03:40:29.271 -->  03:40:30.520],AS,SPEAKER_39,13229.27159375,13230.520343750002
[ 03:40:31.262 -->  03:40:31.634],AS,SPEAKER_39,13231.262843750003,13231.634093750003
[ 03:40:32.106 -->  03:40:35.160],AS,SPEAKER_39,13232.106593750003,13235.160968750002
[ 03:40:35.684 -->  03:40:37.827],AS,SPEAKER_39,13235.684093750002,13237.82721875
[ 03:40:39.548 -->  03:40:39.767],AS,SPEAKER_39,13239.548468750003,13239.76784375
[ 03:40:40.493 -->  03:40:43.345],AS,SPEAKER_39,13240.493468750003,13243.345343750003
[ 03:40:43.547 -->  03:40:45.134],AS,SPEAKER_39,13243.547843750002,13245.134093750003
[ 03:40:45.437 -->  03:40:46.635],AS,SPEAKER_39,13245.437843750002,13246.63596875
[ 03:40:46.990 -->  03:40:48.795],AS,SPEAKER_39,13246.99034375,13248.79596875
[ 03:40:49.015 -->  03:40:53.200],AS,SPEAKER_39,13249.015343750001,13253.200343750003
[ 03:40:53.571 -->  03:40:54.077],AF,SPEAKER_25,13253.571593750003,13254.077843750001
[ 03:41:02.565 -->  03:41:03.932],AF,SPEAKER_25,13262.565968750001,13263.93284375
[ 03:41:05.873 -->  03:41:08.539],AF,SPEAKER_25,13265.87346875,13268.539718750002
[ 03:41:08.404 -->  03:41:24.672],Z,SPEAKER_18,13268.40471875,13284.672218750002
[ 03:41:28.401 -->  03:41:33.194],V,SPEAKER_14,13288.40159375,13293.19409375
[ 03:41:33.801 -->  03:41:34.392],V,SPEAKER_14,13293.801593750002,13294.392218750003
[ 03:41:35.117 -->  03:41:36.585],V,SPEAKER_14,13295.117843750002,13296.585968750001
[ 03:41:37.024 -->  03:41:37.952],V,SPEAKER_14,13297.024718750003,13297.952843750001
[ 03:41:37.986 -->  03:41:38.864],V,SPEAKER_14,13297.98659375,13298.864093750002
[ 03:41:39.606 -->  03:41:43.892],V,SPEAKER_14,13299.606593750003,13303.89284375
[ 03:41:44.837 -->  03:41:45.850],V,SPEAKER_14,13304.83784375,13305.85034375
[ 03:41:46.964 -->  03:41:56.127],Z,SPEAKER_18,13306.96409375,13316.12721875
[ 03:42:00.295 -->  03:42:03.855],V,SPEAKER_14,13320.29534375,13323.855968750002
[ 03:42:04.227 -->  03:42:22.519],Z,SPEAKER_18,13324.227218750002,13342.519718750002
[ 03:42:24.814 -->  03:42:30.180],J,SPEAKER_47,13344.81471875,13350.180968750003
[ 03:42:30.602 -->  03:42:39.698],J,SPEAKER_47,13350.602843750003,13359.69846875
[ 03:42:40.305 -->  03:42:41.993],J,SPEAKER_47,13360.305968750003,13361.993468750003
[ 03:42:42.128 -->  03:42:46.769],J,SPEAKER_47,13362.128468750001,13366.769093750001
[ 03:42:46.769 -->  03:42:46.785],Q,SPEAKER_08,13366.769093750001,13366.785968750002
[ 03:42:46.971 -->  03:42:46.988],Q,SPEAKER_08,13366.97159375,13366.988468750002
[ 03:42:47.579 -->  03:42:48.102],Q,SPEAKER_08,13367.579093750002,13368.102218750002
[ 03:42:52.455 -->  03:42:58.497],AF,SPEAKER_25,13372.45596875,13378.497218750003
[ 03:42:59.543 -->  03:43:00.876],AF,SPEAKER_25,13379.543468750002,13380.876593750003
[ 03:43:01.754 -->  03:43:05.027],AF,SPEAKER_25,13381.754093750002,13385.027843750002
[ 03:43:05.129 -->  03:43:07.137],AF,SPEAKER_25,13385.129093750002,13387.137218750002
[ 03:43:07.356 -->  03:43:19.304],AF,SPEAKER_25,13387.356593750003,13399.30409375
[ 03:43:19.877 -->  03:43:19.894],X,SPEAKER_16,13399.87784375,13399.894718750002
[ 03:43:19.894 -->  03:43:20.552],Y,SPEAKER_17,13399.894718750002,13400.55284375
[ 03:43:21.042 -->  03:43:23.033],AF,SPEAKER_25,13401.04221875,13403.03346875
[ 03:43:22.830 -->  03:43:23.725],Y,SPEAKER_17,13402.83096875,13403.72534375
[ 03:43:23.033 -->  03:43:35.740],R,SPEAKER_09,13403.03346875,13415.74034375
[ 03:43:23.742 -->  03:43:23.826],Y,SPEAKER_17,13403.742218750001,13403.82659375
[ 03:43:30.171 -->  03:43:30.694],AA,SPEAKER_19,13410.171593750001,13410.69471875
[ 03:43:37.039 -->  03:43:39.621],V,SPEAKER_14,13417.039718750002,13419.621593750002
[ 03:43:39.874 -->  03:43:39.975],R,SPEAKER_09,13419.874718750001,13419.97596875
[ 03:43:39.975 -->  03:43:40.583],AF,SPEAKER_25,13419.97596875,13420.583468750003
[ 03:43:42.085 -->  03:43:42.119],V,SPEAKER_14,13422.08534375,13422.11909375
[ 03:43:42.119 -->  03:43:42.524],Y,SPEAKER_17,13422.11909375,13422.524093750002
[ 03:43:44.127 -->  03:43:48.835],AF,SPEAKER_25,13424.12721875,13428.83534375
[ 03:43:48.970 -->  03:43:52.615],AF,SPEAKER_25,13428.970343750003,13432.61534375
[ 03:43:52.277 -->  03:43:54.049],A,SPEAKER_00,13432.277843750002,13434.04971875
[ 03:43:54.049 -->  03:43:54.117],Y,SPEAKER_17,13434.04971875,13434.117218750001
[ 03:43:54.117 -->  03:43:54.150],A,SPEAKER_00,13434.117218750001,13434.15096875
[ 03:43:54.302 -->  03:43:55.298],AF,SPEAKER_25,13434.30284375,13435.298468750003
[ 03:43:55.568 -->  03:43:58.572],AF,SPEAKER_25,13435.56846875,13438.57221875
[ 03:44:02.234 -->  03:44:02.639],AF,SPEAKER_25,13442.234093750001,13442.63909375
[ 03:44:05.642 -->  03:44:05.676],AP,SPEAKER_36,13445.64284375,13445.676593750002
[ 03:44:05.676 -->  03:44:05.794],AQ,SPEAKER_37,13445.676593750002,13445.79471875
[ 03:44:05.794 -->  03:44:06.959],AP,SPEAKER_36,13445.79471875,13446.95909375
[ 03:44:07.245 -->  03:44:09.237],AP,SPEAKER_36,13447.245968750001,13449.23721875
[ 03:44:09.912 -->  03:44:13.995],AP,SPEAKER_36,13449.91221875,13453.995968750001
[ 03:44:14.552 -->  03:44:17.809],AP,SPEAKER_36,13454.55284375,13457.809718750003
[ 03:44:18.164 -->  03:44:22.905],AP,SPEAKER_36,13458.164093750001,13462.905968750001
[ 03:44:23.445 -->  03:44:25.690],AP,SPEAKER_36,13463.445968750002,13465.69034375
[ 03:44:25.859 -->  03:44:29.976],AP,SPEAKER_36,13465.859093750001,13469.976593750001
[ 03:44:30.516 -->  03:44:32.777],AP,SPEAKER_36,13470.516593750002,13472.777843750002
[ 03:44:33.537 -->  03:44:36.135],AP,SPEAKER_36,13473.53721875,13476.13596875
[ 03:44:36.439 -->  03:44:38.886],AP,SPEAKER_36,13476.43971875,13478.886593750001
[ 03:44:39.510 -->  03:44:42.717],AP,SPEAKER_36,13479.51096875,13482.71721875
[ 03:44:43.527 -->  03:44:46.682],AP,SPEAKER_36,13483.527218750001,13486.68284375
[ 03:44:46.969 -->  03:44:52.538],AP,SPEAKER_36,13486.969718750002,13492.53846875
[ 03:44:52.977 -->  03:44:59.052],AP,SPEAKER_36,13492.977218750002,13499.052218750003
[ 03:44:59.575 -->  03:45:02.545],AP,SPEAKER_36,13499.575343750003,13502.54534375
[ 03:45:02.832 -->  03:45:05.785],AP,SPEAKER_36,13502.832218750002,13505.785343750002
[ 03:45:06.375 -->  03:45:08.552],AP,SPEAKER_36,13506.375968750002,13508.55284375
[ 03:45:08.856 -->  03:45:12.923],AP,SPEAKER_36,13508.856593750003,13512.923468750003
[ 03:45:13.429 -->  03:45:15.015],AP,SPEAKER_36,13513.429718750001,13515.015968750002
[ 03:45:15.606 -->  03:45:21.107],AP,SPEAKER_36,13515.606593750003,13521.10784375
[ 03:45:21.647 -->  03:45:26.609],AP,SPEAKER_36,13521.64784375,13526.609093750001
[ 03:45:26.946 -->  03:45:31.199],AP,SPEAKER_36,13526.946593750003,13531.199093750001
[ 03:45:31.840 -->  03:45:39.535],AP,SPEAKER_36,13531.840343750002,13539.535343750002
[ 03:45:40.328 -->  03:45:45.171],AP,SPEAKER_36,13540.328468750002,13545.171593750001
[ 03:45:45.779 -->  03:45:49.052],AP,SPEAKER_36,13545.77909375,13549.05284375
[ 03:45:49.339 -->  03:45:53.929],AP,SPEAKER_36,13549.339718750001,13553.929718750001
[ 03:45:54.216 -->  03:46:00.291],AP,SPEAKER_36,13554.21659375,13560.29159375
[ 03:46:00.764 -->  03:46:04.206],AP,SPEAKER_36,13560.76409375,13564.206593750001
[ 03:46:04.645 -->  03:46:06.518],AP,SPEAKER_36,13564.645343750002,13566.51846875
[ 03:46:06.788 -->  03:46:16.052],AP,SPEAKER_36,13566.78846875,13576.05284375
[ 03:46:16.542 -->  03:46:19.343],AP,SPEAKER_36,13576.54221875,13579.343468750001
[ 03:46:20.001 -->  03:46:26.447],AP,SPEAKER_36,13580.001593750003,13586.44784375
[ 03:46:26.700 -->  03:46:29.417],AP,SPEAKER_36,13586.70096875,13589.417843750001
[ 03:46:30.008 -->  03:46:31.763],AP,SPEAKER_36,13590.008468750002,13591.76346875
[ 03:46:31.915 -->  03:46:34.885],AP,SPEAKER_36,13591.915343750003,13594.88534375
[ 03:46:35.121 -->  03:46:39.239],AP,SPEAKER_36,13595.121593750002,13599.239093750002
[ 03:46:40.032 -->  03:46:42.327],AP,SPEAKER_36,13600.032218750002,13602.32721875
[ 03:46:42.563 -->  03:46:46.056],AP,SPEAKER_36,13602.563468750002,13606.05659375
[ 03:46:46.883 -->  03:46:50.055],AP,SPEAKER_36,13606.883468750002,13610.055968750003
[ 03:46:50.460 -->  03:46:53.279],AP,SPEAKER_36,13610.460968750001,13613.27909375
[ 03:46:53.785 -->  03:47:03.488],AP,SPEAKER_36,13613.785343750002,13623.488468750002
[ 03:47:04.011 -->  03:47:05.969],AP,SPEAKER_36,13624.011593750001,13625.969093750002
[ 03:47:06.255 -->  03:47:08.399],AP,SPEAKER_36,13626.25596875,13628.399093750002
[ 03:47:09.327 -->  03:47:14.153],AP,SPEAKER_36,13629.32721875,13634.153468750003
[ 03:47:14.288 -->  03:47:16.920],AF,SPEAKER_25,13634.28846875,13636.92096875
[ 03:47:17.629 -->  03:47:17.984],AP,SPEAKER_36,13637.629718750002,13637.984093750001
[ 03:47:18.237 -->  03:47:19.553],AF,SPEAKER_25,13638.23721875,13639.55346875
[ 03:47:20.295 -->  03:47:20.515],X,SPEAKER_16,13640.29596875,13640.515343750001
[ 03:47:22.962 -->  03:47:23.147],X,SPEAKER_16,13642.962218750003,13643.14784375
[ 03:47:23.974 -->  03:47:24.025],X,SPEAKER_16,13643.97471875,13644.02534375
[ 03:47:24.177 -->  03:47:24.784],X,SPEAKER_16,13644.177218750003,13644.784718750001
[ 03:47:25.189 -->  03:47:28.800],AF,SPEAKER_25,13645.18971875,13648.800968750002
[ 03:47:29.729 -->  03:47:32.817],AF,SPEAKER_25,13649.72909375,13652.817218750002
[ 03:47:35.939 -->  03:47:36.141],AF,SPEAKER_25,13655.939093750003,13656.141593750002
[ 03:47:36.310 -->  03:47:41.001],AF,SPEAKER_25,13656.31034375,13661.001593750003
[ 03:47:47.970 -->  03:47:48.021],Y,SPEAKER_17,13667.97096875,13668.02159375
[ 03:48:00.880 -->  03:48:14.515],N,SPEAKER_05,13680.880343750003,13694.515343750001
[ 03:48:14.970 -->  03:48:19.746],N,SPEAKER_05,13694.97096875,13699.746593750002
[ 03:48:20.151 -->  03:48:21.467],N,SPEAKER_05,13700.15159375,13701.46784375
[ 03:48:21.822 -->  03:48:22.412],N,SPEAKER_05,13701.82221875,13702.41284375
[ 03:48:22.581 -->  03:48:26.648],N,SPEAKER_05,13702.581593750001,13706.648468750001
[ 03:48:26.699 -->  03:48:31.204],N,SPEAKER_05,13706.699093750001,13711.204718750003
[ 03:48:31.390 -->  03:48:34.275],N,SPEAKER_05,13711.390343750001,13714.27596875
[ 03:48:31.761 -->  03:48:31.930],AH,SPEAKER_27,13711.761593750001,13711.930343750002
[ 03:48:34.613 -->  03:48:37.161],N,SPEAKER_05,13714.613468750002,13717.161593750003
[ 03:48:37.701 -->  03:48:39.861],N,SPEAKER_05,13717.70159375,13719.86159375
[ 03:48:40.199 -->  03:48:44.957],N,SPEAKER_05,13720.199093750001,13724.957843750002
[ 03:48:45.632 -->  03:48:51.083],N,SPEAKER_05,13725.632843750001,13731.083468750003
[ 03:48:51.522 -->  03:48:56.550],N,SPEAKER_05,13731.52221875,13736.550968750002
[ 03:48:57.445 -->  03:49:01.900],N,SPEAKER_05,13737.445343750001,13741.90034375
[ 03:49:02.355 -->  03:49:03.840],N,SPEAKER_05,13742.355968750002,13743.840968750003
[ 03:49:04.515 -->  03:49:11.586],N,SPEAKER_05,13744.515968750002,13751.586593750002
[ 03:49:12.143 -->  03:49:18.117],N,SPEAKER_05,13752.14346875,13758.117218750001
[ 03:49:18.876 -->  03:49:20.310],N,SPEAKER_05,13758.876593750003,13760.31096875
[ 03:49:20.952 -->  03:49:24.985],N,SPEAKER_05,13760.95221875,13764.985343750002
[ 03:49:26.487 -->  03:49:27.432],N,SPEAKER_05,13766.48721875,13767.43221875
[ 03:49:28.377 -->  03:49:32.359],N,SPEAKER_05,13768.37721875,13772.359718750002
[ 03:49:32.967 -->  03:49:44.155],N,SPEAKER_05,13772.96721875,13784.15534375
[ 03:49:45.032 -->  03:49:50.753],N,SPEAKER_05,13785.032843750003,13790.753468750001
[ 03:49:51.394 -->  03:49:55.478],N,SPEAKER_05,13791.394718750002,13795.47846875
[ 03:49:55.917 -->  03:50:00.355],N,SPEAKER_05,13795.91721875,13800.355343750001
[ 03:50:01.654 -->  03:50:03.915],N,SPEAKER_05,13801.65471875,13803.91596875
[ 03:50:04.810 -->  03:50:06.767],N,SPEAKER_05,13804.81034375,13806.76784375
[ 03:50:07.746 -->  03:50:10.581],N,SPEAKER_05,13807.746593750002,13810.581593750001
[ 03:50:11.307 -->  03:50:13.939],N,SPEAKER_05,13811.30721875,13813.93971875
[ 03:50:14.496 -->  03:50:17.871],N,SPEAKER_05,13814.496593750002,13817.871593750002
[ 03:50:17.922 -->  03:50:20.352],N,SPEAKER_05,13817.922218750002,13820.352218750002
[ 03:50:20.976 -->  03:50:24.047],N,SPEAKER_05,13820.976593750001,13824.047843750002
[ 03:50:24.419 -->  03:50:28.064],N,SPEAKER_05,13824.419093750003,13828.064093750003
[ 03:50:28.637 -->  03:50:32.603],N,SPEAKER_05,13828.637843750003,13832.60346875
[ 03:50:32.907 -->  03:50:35.489],N,SPEAKER_05,13832.907218750002,13835.489093750002
[ 03:50:43.724 -->  03:50:44.517],AF,SPEAKER_25,13843.724093750003,13844.517218750003
[ 03:50:47.402 -->  03:50:47.537],AL,SPEAKER_31,13847.402843750002,13847.53784375
[ 03:50:48.584 -->  03:50:55.502],AF,SPEAKER_25,13848.58409375,13855.50284375
[ 03:50:58.844 -->  03:51:00.160],AF,SPEAKER_25,13858.844093750002,13860.160343750002
[ 03:51:03.265 -->  03:51:03.906],AF,SPEAKER_25,13863.265343750001,13863.906593750002
[ 03:51:05.189 -->  03:51:07.399],AF,SPEAKER_25,13865.189093750003,13867.399718750003
[ 03:51:11.871 -->  03:51:12.040],AF,SPEAKER_25,13871.871593750002,13872.040343750003
[ 03:51:12.040 -->  03:51:12.681],Q,SPEAKER_08,13872.040343750003,13872.68159375
[ 03:51:15.786 -->  03:51:17.187],AF,SPEAKER_25,13875.786593750003,13877.187218750001
[ 03:51:18.959 -->  03:51:19.667],AF,SPEAKER_25,13878.95909375,13879.667843750001
[ 03:51:25.641 -->  03:51:30.147],G,SPEAKER_44,13885.641593750002,13890.14721875
[ 03:51:30.619 -->  03:51:33.150],G,SPEAKER_44,13890.61971875,13893.15096875
[ 03:51:33.522 -->  03:51:36.205],G,SPEAKER_44,13893.52221875,13896.20534375
[ 03:51:36.458 -->  03:51:38.129],G,SPEAKER_44,13896.458468750003,13898.129093750002
[ 03:51:38.517 -->  03:51:41.014],G,SPEAKER_44,13898.517218750003,13901.01471875
[ 03:51:41.723 -->  03:51:45.587],G,SPEAKER_44,13901.723468750002,13905.58784375
[ 03:51:45.655 -->  03:51:49.418],G,SPEAKER_44,13905.65534375,13909.418468750002
[ 03:51:49.890 -->  03:51:51.426],G,SPEAKER_44,13909.890968750002,13911.426593750002
[ 03:51:51.679 -->  03:51:52.827],AC,SPEAKER_21,13911.679718750001,13912.82721875
[ 03:51:52.827 -->  03:51:53.620],G,SPEAKER_44,13912.82721875,13913.62034375
[ 03:51:54.194 -->  03:51:54.953],G,SPEAKER_44,13914.19409375,13914.953468750002
[ 03:51:55.881 -->  03:52:02.142],G,SPEAKER_44,13915.88159375,13922.142218750003
[ 03:52:02.496 -->  03:52:03.610],G,SPEAKER_44,13922.496593750002,13923.610343750002
[ 03:52:03.964 -->  03:52:13.043],G,SPEAKER_44,13923.964718750001,13933.043468750002
[ 03:52:13.769 -->  03:52:15.979],G,SPEAKER_44,13933.769093750001,13935.97971875
[ 03:52:16.688 -->  03:52:17.903],G,SPEAKER_44,13936.688468750002,13937.903468750003
[ 03:52:18.494 -->  03:52:27.269],G,SPEAKER_44,13938.49409375,13947.269093750001
[ 03:52:27.640 -->  03:52:28.889],G,SPEAKER_44,13947.640343750001,13948.88909375
[ 03:52:29.496 -->  03:52:31.420],G,SPEAKER_44,13949.496593750002,13951.42034375
[ 03:52:31.875 -->  03:52:37.529],G,SPEAKER_44,13951.875968750002,13957.52909375
[ 03:52:37.900 -->  03:52:40.229],G,SPEAKER_44,13957.90034375,13960.22909375
[ 03:52:40.735 -->  03:52:42.979],G,SPEAKER_44,13960.735343750002,13962.97971875
[ 03:52:43.435 -->  03:52:49.071],G,SPEAKER_44,13963.43534375,13969.071593750003
[ 03:52:49.476 -->  03:52:53.357],G,SPEAKER_44,13969.476593750001,13973.35784375
[ 03:52:53.813 -->  03:52:57.880],G,SPEAKER_44,13973.813468750002,13977.880343750003
[ 03:52:58.504 -->  03:53:04.478],G,SPEAKER_44,13978.504718750002,13984.47846875
[ 03:53:04.731 -->  03:53:09.220],G,SPEAKER_44,13984.731593750003,13989.220343750003
[ 03:53:09.473 -->  03:53:11.650],G,SPEAKER_44,13989.473468750002,13991.65034375
[ 03:53:12.021 -->  03:53:17.202],G,SPEAKER_44,13992.02159375,13997.20221875
[ 03:53:17.455 -->  03:53:19.429],G,SPEAKER_44,13997.45534375,13999.429718750001
[ 03:53:19.699 -->  03:53:25.859],G,SPEAKER_44,13999.699718750002,14005.859093750001
[ 03:53:25.994 -->  03:53:28.845],G,SPEAKER_44,14005.99409375,14008.84596875
[ 03:53:29.436 -->  03:53:33.081],G,SPEAKER_44,14009.43659375,14013.081593750001
[ 03:53:33.368 -->  03:53:34.549],G,SPEAKER_44,14013.368468750003,14014.54971875
[ 03:53:34.904 -->  03:53:35.764],G,SPEAKER_44,14014.90409375,14015.76471875
[ 03:53:36.203 -->  03:53:38.177],G,SPEAKER_44,14016.203468750002,14018.17784375
[ 03:53:38.481 -->  03:53:41.822],G,SPEAKER_44,14018.481593750003,14021.82284375
[ 03:53:42.261 -->  03:53:44.370],G,SPEAKER_44,14022.261593750001,14024.370968750001
[ 03:53:44.607 -->  03:53:45.265],G,SPEAKER_44,14024.60721875,14025.265343750001
[ 03:53:46.109 -->  03:53:48.117],G,SPEAKER_44,14026.109093750001,14028.117218750001
[ 03:53:48.606 -->  03:53:58.664],G,SPEAKER_44,14028.606593750003,14038.664093750001
[ 03:53:59.524 -->  03:53:59.997],F,SPEAKER_43,14039.524718750003,14039.997218750003
[ 03:54:05.177 -->  03:54:05.886],AF,SPEAKER_25,14045.17784375,14045.886593750001
[ 03:54:08.738 -->  03:54:10.560],AF,SPEAKER_25,14048.738468750002,14050.56096875
[ 03:54:13.159 -->  03:54:17.226],AF,SPEAKER_25,14053.159718750001,14057.226593750001
[ 03:54:17.226 -->  03:54:17.243],H,SPEAKER_45,14057.226593750001,14057.243468750003
[ 03:54:17.817 -->  03:54:18.424],H,SPEAKER_45,14057.817218750002,14058.42471875
[ 03:54:18.728 -->  03:54:18.964],AF,SPEAKER_25,14058.72846875,14058.964718750001
[ 03:54:18.964 -->  03:54:19.184],H,SPEAKER_45,14058.964718750001,14059.184093750002
[ 03:54:19.184 -->  03:54:19.251],AF,SPEAKER_25,14059.184093750002,14059.251593750003
[ 03:54:19.639 -->  03:54:19.724],AF,SPEAKER_25,14059.63971875,14059.724093750003
[ 03:54:19.724 -->  03:54:28.026],H,SPEAKER_45,14059.724093750003,14068.02659375
[ 03:54:28.229 -->  03:54:31.148],H,SPEAKER_45,14068.22909375,14071.148468750001
[ 03:54:31.215 -->  03:54:39.315],H,SPEAKER_45,14071.215968750003,14079.315968750001
[ 03:54:39.720 -->  03:54:42.471],H,SPEAKER_45,14079.72096875,14082.47159375
[ 03:54:42.690 -->  03:54:46.656],H,SPEAKER_45,14082.690968750001,14086.656593750002
[ 03:54:46.926 -->  03:54:50.200],H,SPEAKER_45,14086.926593750002,14090.200343750003
[ 03:54:50.858 -->  03:54:51.584],H,SPEAKER_45,14090.85846875,14091.58409375
[ 03:54:52.545 -->  03:54:56.663],H,SPEAKER_45,14092.54596875,14096.66346875
[ 03:54:57.355 -->  03:55:09.539],H,SPEAKER_45,14097.355343750001,14109.539093750001
[ 03:55:10.028 -->  03:55:14.888],H,SPEAKER_45,14110.028468750003,14114.88846875
[ 03:55:15.006 -->  03:55:34.277],H,SPEAKER_45,14115.00659375,14134.277843750002
[ 03:55:34.665 -->  03:55:37.365],H,SPEAKER_45,14134.66596875,14137.36596875
[ 03:55:38.648 -->  03:55:46.579],H,SPEAKER_45,14138.648468750001,14146.579718750003
[ 03:55:46.748 -->  03:55:48.874],H,SPEAKER_45,14146.74846875,14148.874718750001
[ 03:55:49.144 -->  03:55:54.662],H,SPEAKER_45,14149.144718750002,14154.66284375
[ 03:55:56.417 -->  03:55:56.502],H,SPEAKER_45,14156.417843750001,14156.50221875
[ 03:55:56.721 -->  03:56:17.528],H,SPEAKER_45,14156.72159375,14177.528468750003
[ 03:56:17.781 -->  03:56:25.139],H,SPEAKER_45,14177.781593750002,14185.13909375
[ 03:56:25.830 -->  03:56:26.674],V,SPEAKER_14,14185.83096875,14186.67471875
[ 03:56:26.792 -->  03:56:28.395],V,SPEAKER_14,14186.792843750001,14188.395968750003
[ 03:56:29.425 -->  03:56:32.564],V,SPEAKER_14,14189.425343750001,14192.564093750003
[ 03:56:33.222 -->  03:56:33.711],V,SPEAKER_14,14193.222218750001,14193.711593750002
[ 03:56:34.015 -->  03:56:39.010],V,SPEAKER_14,14194.015343750001,14199.01034375
[ 03:56:39.600 -->  03:56:41.474],V,SPEAKER_14,14199.60096875,14201.474093750003
[ 03:56:41.862 -->  03:56:45.827],V,SPEAKER_14,14201.86221875,14205.827843750001
[ 03:56:46.215 -->  03:56:47.262],V,SPEAKER_14,14206.215968750003,14207.262218750002
[ 03:56:47.346 -->  03:56:47.819],Y,SPEAKER_17,14207.34659375,14207.81909375
[ 03:56:47.920 -->  03:56:53.421],V,SPEAKER_14,14207.92034375,14213.421593750001
[ 03:56:54.113 -->  03:56:58.737],V,SPEAKER_14,14214.113468750002,14218.73721875
[ 03:56:59.445 -->  03:57:01.200],V,SPEAKER_14,14219.445968750002,14221.20096875
[ 03:57:01.504 -->  03:57:09.368],H,SPEAKER_45,14221.504718750002,14229.368468750003
[ 03:57:09.739 -->  03:57:15.156],H,SPEAKER_45,14229.739718750003,14235.156593750002
[ 03:57:15.645 -->  03:57:16.506],H,SPEAKER_45,14235.645968750003,14236.50659375
[ 03:57:17.215 -->  03:57:23.745],H,SPEAKER_45,14237.215343750002,14243.745968750001
[ 03:57:24.167 -->  03:57:30.833],H,SPEAKER_45,14244.167843750001,14250.833468750003
[ 03:57:31.407 -->  03:57:41.650],H,SPEAKER_45,14251.407218750002,14261.65034375
[ 03:57:41.768 -->  03:57:43.084],V,SPEAKER_14,14261.76846875,14263.08471875
[ 03:57:43.810 -->  03:57:45.362],V,SPEAKER_14,14263.81034375,14265.362843750001
[ 03:57:45.683 -->  03:57:50.256],V,SPEAKER_14,14265.683468750001,14270.25659375
[ 03:57:50.948 -->  03:57:55.403],V,SPEAKER_14,14270.94846875,14275.403468750003
[ 03:57:55.909 -->  03:57:59.993],V,SPEAKER_14,14275.909718750001,14279.993468750003
[ 03:58:00.516 -->  03:58:01.073],V,SPEAKER_14,14280.516593750002,14281.07346875
[ 03:58:01.596 -->  03:58:03.435],V,SPEAKER_14,14281.59659375,14283.43596875
[ 03:58:03.655 -->  03:58:05.157],V,SPEAKER_14,14283.65534375,14285.157218750002
[ 03:58:05.562 -->  03:58:08.498],V,SPEAKER_14,14285.562218750001,14288.49846875
[ 03:58:09.055 -->  03:58:15.231],V,SPEAKER_14,14289.055343750002,14295.231593750003
[ 03:58:15.569 -->  03:58:19.905],V,SPEAKER_14,14295.56909375,14299.905968750001
[ 03:58:20.547 -->  03:58:22.032],V,SPEAKER_14,14300.547218750002,14302.032218750002
[ 03:58:22.673 -->  03:58:23.837],V,SPEAKER_14,14302.673468750003,14303.83784375
[ 03:58:24.225 -->  03:58:27.280],V,SPEAKER_14,14304.22596875,14307.28034375
[ 03:58:27.567 -->  03:58:29.204],V,SPEAKER_14,14307.567218750002,14309.204093750002
[ 03:58:29.744 -->  03:58:33.524],V,SPEAKER_14,14309.74409375,14313.524093750002
[ 03:58:33.895 -->  03:58:36.713],V,SPEAKER_14,14313.895343750002,14316.71346875
[ 03:58:37.320 -->  03:58:39.143],V,SPEAKER_14,14317.320968750002,14319.14346875
[ 03:58:39.329 -->  03:58:42.045],V,SPEAKER_14,14319.329093750002,14322.04596875
[ 03:58:42.552 -->  03:58:45.404],V,SPEAKER_14,14322.552218750003,14325.40409375
[ 03:58:46.011 -->  03:58:48.239],V,SPEAKER_14,14326.011593750001,14328.239093750002
[ 03:58:48.829 -->  03:58:53.200],V,SPEAKER_14,14328.829718750003,14333.200343750003
[ 03:58:53.858 -->  03:58:56.524],V,SPEAKER_14,14333.85846875,14336.524718750003
[ 03:58:56.980 -->  03:58:59.072],V,SPEAKER_14,14336.980343750001,14339.07284375
[ 03:58:59.562 -->  03:59:01.958],V,SPEAKER_14,14339.562218750001,14341.958468750003
[ 03:59:02.346 -->  03:59:06.902],V,SPEAKER_14,14342.34659375,14346.902843750002
[ 03:59:07.139 -->  03:59:10.615],V,SPEAKER_14,14347.13909375,14350.61534375
[ 03:59:11.374 -->  03:59:15.576],V,SPEAKER_14,14351.374718750001,14355.57659375
[ 03:59:16.082 -->  03:59:20.925],V,SPEAKER_14,14356.082843750002,14360.925968750002
[ 03:59:21.415 -->  03:59:23.895],V,SPEAKER_14,14361.415343750003,14363.895968750003
[ 03:59:24.368 -->  03:59:30.038],V,SPEAKER_14,14364.368468750003,14370.03846875
[ 03:59:30.645 -->  03:59:31.911],V,SPEAKER_14,14370.645968750003,14371.911593750003
[ 03:59:32.367 -->  03:59:37.311],V,SPEAKER_14,14372.367218750001,14377.31159375
[ 03:59:37.767 -->  03:59:41.395],H,SPEAKER_45,14377.767218750003,14381.395343750002
[ 03:59:42.525 -->  03:59:43.437],H,SPEAKER_45,14382.52596875,14383.437218750001
[ 03:59:43.589 -->  03:59:47.554],H,SPEAKER_45,14383.58909375,14387.554718750001
[ 03:59:48.077 -->  03:59:51.672],H,SPEAKER_45,14388.077843750001,14391.672218750002
[ 03:59:51.975 -->  03:59:56.009],H,SPEAKER_45,14391.97596875,14396.009093750003
[ 03:59:56.464 -->  03:59:56.920],V,SPEAKER_14,14396.464718750001,14396.92034375
[ 03:59:56.970 -->  04:00:03.771],V,SPEAKER_14,14396.97096875,14403.77159375
[ 04:00:03.906 -->  04:00:07.163],V,SPEAKER_14,14403.906593750002,14407.16346875
[ 04:00:07.720 -->  04:00:13.457],V,SPEAKER_14,14407.720343750003,14413.457843750002
[ 04:00:14.065 -->  04:00:16.647],V,SPEAKER_14,14414.06534375,14416.64721875
[ 04:00:17.372 -->  04:00:18.655],V,SPEAKER_14,14417.37284375,14418.65534375
[ 04:00:19.110 -->  04:00:22.283],V,SPEAKER_14,14419.110968750003,14422.28346875
[ 04:00:22.654 -->  04:00:26.181],V,SPEAKER_14,14422.65471875,14426.18159375
[ 04:00:26.654 -->  04:00:30.197],V,SPEAKER_14,14426.65409375,14430.19784375
[ 04:00:30.805 -->  04:00:35.327],V,SPEAKER_14,14430.805343750002,14435.327843750001
[ 04:00:36.002 -->  04:00:40.778],V,SPEAKER_14,14436.00284375,14440.778468750003
[ 04:00:40.947 -->  04:00:42.769],V,SPEAKER_14,14440.94721875,14442.769718750002
[ 04:00:43.005 -->  04:00:48.642],V,SPEAKER_14,14443.00596875,14448.642218750003
[ 04:00:49.097 -->  04:00:49.671],V,SPEAKER_14,14449.097843750002,14449.671593750001
[ 04:00:50.009 -->  04:00:53.940],V,SPEAKER_14,14450.009093750003,14453.940968750001
[ 04:00:54.177 -->  04:00:54.683],V,SPEAKER_14,14454.177218750003,14454.683468750001
[ 04:00:54.261 -->  04:00:54.345],H,SPEAKER_45,14454.261593750001,14454.34596875
[ 04:00:54.345 -->  04:00:54.649],AF,SPEAKER_25,14454.34596875,14454.649718750003
[ 04:00:54.649 -->  04:00:54.666],H,SPEAKER_45,14454.649718750003,14454.66659375
[ 04:00:54.683 -->  04:00:54.750],H,SPEAKER_45,14454.683468750001,14454.750968750002
[ 04:00:54.750 -->  04:00:54.852],V,SPEAKER_14,14454.750968750002,14454.852218750002
[ 04:00:54.852 -->  04:00:55.493],H,SPEAKER_45,14454.852218750002,14455.493468750003
[ 04:00:55.493 -->  04:00:56.100],AF,SPEAKER_25,14455.493468750003,14456.10096875
[ 04:00:56.100 -->  04:00:56.286],H,SPEAKER_45,14456.10096875,14456.286593750003
[ 04:00:56.286 -->  04:01:03.475],AF,SPEAKER_25,14456.286593750003,14463.47534375
[ 04:00:56.421 -->  04:00:57.197],V,SPEAKER_14,14456.421593750001,14457.19784375
[ 04:00:57.197 -->  04:00:57.231],H,SPEAKER_45,14457.19784375,14457.231593750003
[ 04:01:03.762 -->  04:01:07.997],AF,SPEAKER_25,14463.762218750002,14467.99784375
[ 04:01:08.554 -->  04:01:09.989],AF,SPEAKER_25,14468.554718750001,14469.989093750002
[ 04:01:10.343 -->  04:01:10.360],X,SPEAKER_16,14470.343468750001,14470.360343750002
[ 04:01:10.360 -->  04:01:10.495],AF,SPEAKER_25,14470.360343750002,14470.49534375
[ 04:01:10.495 -->  04:01:10.529],X,SPEAKER_16,14470.49534375,14470.52909375
[ 04:01:10.950 -->  04:01:12.351],AF,SPEAKER_25,14470.95096875,14472.351593750001
[ 04:01:12.300 -->  04:01:12.317],Y,SPEAKER_17,14472.300968750002,14472.317843750003
[ 04:01:12.317 -->  04:01:13.296],X,SPEAKER_16,14472.317843750003,14473.296593750001
[ 04:01:13.296 -->  04:01:13.313],Y,SPEAKER_17,14473.296593750001,14473.313468750002
[ 04:01:13.802 -->  04:01:16.874],AF,SPEAKER_25,14473.80284375,14476.87409375
[ 04:01:16.620 -->  04:01:20.974],AB,SPEAKER_20,14476.620968750001,14480.97471875
[ 04:01:20.974 -->  04:01:22.037],AM,SPEAKER_32,14480.97471875,14482.03784375
[ 04:01:22.037 -->  04:01:32.736],AB,SPEAKER_20,14482.03784375,14492.73659375
[ 04:01:33.529 -->  04:01:34.457],AB,SPEAKER_20,14493.52971875,14494.457843750002
[ 04:01:34.896 -->  04:01:35.959],AM,SPEAKER_32,14494.89659375,14495.95971875
[ 04:01:35.605 -->  04:01:38.085],AB,SPEAKER_20,14495.605343750001,14498.085968750001
[ 04:01:38.322 -->  04:01:42.068],AB,SPEAKER_20,14498.32221875,14502.06846875
[ 04:01:42.119 -->  04:01:48.227],AB,SPEAKER_20,14502.11909375,14508.227843750003
[ 04:01:48.227 -->  04:01:48.244],AF,SPEAKER_25,14508.227843750003,14508.24471875
[ 04:01:49.442 -->  04:01:49.611],AB,SPEAKER_20,14509.442843750003,14509.61159375
[ 04:01:49.611 -->  04:01:49.645],AF,SPEAKER_25,14509.61159375,14509.645343750002
[ 04:01:50.235 -->  04:01:50.877],AF,SPEAKER_25,14510.235968750003,14510.87721875
[ 04:01:51.805 -->  04:01:53.492],AF,SPEAKER_25,14511.805343750002,14513.492843750002
[ 04:01:56.969 -->  04:02:01.120],AF,SPEAKER_25,14516.969093750002,14521.12034375
[ 04:02:00.360 -->  04:02:04.765],Y,SPEAKER_17,14520.360968750003,14524.765343750001
[ 04:02:02.655 -->  04:02:03.769],H,SPEAKER_45,14522.655968750001,14523.769718750002
[ 04:02:04.292 -->  04:02:04.883],AF,SPEAKER_25,14524.292843750001,14524.883468750002
[ 04:02:04.883 -->  04:02:04.934],Y,SPEAKER_17,14524.883468750002,14524.934093750002
[ 04:02:05.001 -->  04:02:05.997],Y,SPEAKER_17,14525.001593750003,14525.997218750003
[ 04:02:05.997 -->  04:02:14.535],AF,SPEAKER_25,14525.997218750003,14534.535968750002
[ 04:02:12.595 -->  04:02:13.034],Y,SPEAKER_17,14532.595343750003,14533.03409375
[ 04:02:15.025 -->  04:02:15.480],Y,SPEAKER_17,14535.02534375,14535.480968750002
[ 04:02:16.240 -->  04:02:16.257],Y,SPEAKER_17,14536.24034375,14536.25721875
[ 04:02:16.257 -->  04:02:17.944],AF,SPEAKER_25,14536.25721875,14537.94471875
[ 04:02:18.214 -->  04:02:19.193],Y,SPEAKER_17,14538.214718750001,14539.19346875
[ 04:02:20.374 -->  04:02:24.981],AF,SPEAKER_25,14540.374718750001,14544.981593750003
[ 04:02:37.131 -->  04:02:37.401],AE,SPEAKER_24,14557.13159375,14557.40159375
[ 04:02:37.401 -->  04:02:38.144],Y,SPEAKER_17,14557.40159375,14558.144093750001
[ 04:02:39.375 -->  04:02:44.894],AE,SPEAKER_24,14559.375968750002,14564.894093750001
[ 04:02:45.484 -->  04:02:50.834],AE,SPEAKER_24,14565.484718750002,14570.83409375
[ 04:02:51.188 -->  04:02:52.605],AE,SPEAKER_24,14571.188468750002,14572.605968750002
[ 04:02:53.129 -->  04:02:53.770],AE,SPEAKER_24,14573.129093750002,14573.770343750002
[ 04:02:54.057 -->  04:02:57.904],AE,SPEAKER_24,14574.05721875,14577.90471875
[ 04:02:58.377 -->  04:03:00.959],AE,SPEAKER_24,14578.37721875,14580.95909375
[ 04:03:01.347 -->  04:03:02.342],AE,SPEAKER_24,14581.347218750001,14582.34284375
[ 04:03:02.764 -->  04:03:06.764],AE,SPEAKER_24,14582.76471875,14586.76409375
[ 04:03:06.966 -->  04:03:07.034],AE,SPEAKER_24,14586.96659375,14587.03409375
[ 04:03:07.253 -->  04:03:11.522],AE,SPEAKER_24,14587.253468750001,14591.52284375
[ 04:03:12.029 -->  04:03:13.649],AE,SPEAKER_24,14592.02909375,14593.649093750002
[ 04:03:13.800 -->  04:03:29.882],AE,SPEAKER_24,14593.800968750002,14609.882843750001
[ 04:03:30.220 -->  04:03:46.487],AE,SPEAKER_24,14610.220343750003,14626.487843750001
[ 04:03:46.757 -->  04:03:50.284],AE,SPEAKER_24,14626.757843750001,14630.284718750001
[ 04:03:51.297 -->  04:03:54.030],AE,SPEAKER_24,14631.297218750002,14634.030968750001
[ 04:03:54.520 -->  04:03:59.397],AE,SPEAKER_24,14634.520343750002,14639.39721875
[ 04:03:59.785 -->  04:04:02.772],AE,SPEAKER_24,14639.785343750002,14642.77221875
[ 04:04:03.261 -->  04:04:44.993],AE,SPEAKER_24,14643.261593750001,14684.993468750003
[ 04:04:46.478 -->  04:04:49.026],X,SPEAKER_16,14686.47846875,14689.02659375
[ 04:04:54.072 -->  04:04:56.299],AF,SPEAKER_25,14694.07221875,14696.29971875
[ 04:04:56.299 -->  04:04:56.316],Y,SPEAKER_17,14696.29971875,14696.316593750002
[ 04:04:56.468 -->  04:04:57.514],Y,SPEAKER_17,14696.468468750001,14697.51471875
[ 04:04:57.970 -->  04:04:58.037],Y,SPEAKER_17,14697.970343750003,14698.03784375
[ 04:04:58.695 -->  04:04:59.657],AF,SPEAKER_25,14698.695968750002,14699.657843750003
[ 04:05:01.480 -->  04:05:01.902],AF,SPEAKER_25,14701.480343750001,14701.902218750001
[ 04:05:02.644 -->  04:05:04.720],AF,SPEAKER_25,14702.644718750002,14704.720343750003
[ 04:05:17.444 -->  04:05:17.747],AE,SPEAKER_24,14717.44409375,14717.74784375
[ 04:05:22.979 -->  04:05:23.873],AA,SPEAKER_19,14722.97909375,14723.87346875
[ 04:05:25.122 -->  04:05:30.032],AA,SPEAKER_19,14725.122218750003,14730.032843750003
[ 04:05:30.960 -->  04:05:33.036],AF,SPEAKER_25,14730.960968750001,14733.036593750003
[ 04:05:32.378 -->  04:05:32.850],AA,SPEAKER_19,14732.378468750001,14732.85096875
[ 04:05:33.036 -->  04:05:40.394],AA,SPEAKER_19,14733.036593750003,14740.394093750001
[ 04:05:41.895 -->  04:05:44.106],AA,SPEAKER_19,14741.895968750003,14744.106593750003
[ 04:05:45.945 -->  04:05:51.480],AA,SPEAKER_19,14745.945968750002,14751.480968750002
[ 04:05:52.004 -->  04:06:03.462],AA,SPEAKER_19,14752.004093750002,14763.462218750003
[ 04:06:06.550 -->  04:06:09.570],AA,SPEAKER_19,14766.550343750001,14769.570968750002
[ 04:06:12.557 -->  04:06:14.734],AA,SPEAKER_19,14772.55784375,14774.734718750002
[ 04:06:15.409 -->  04:06:16.270],AA,SPEAKER_19,14775.409718750001,14776.270343750002
[ 04:06:16.995 -->  04:06:18.244],AA,SPEAKER_19,14776.995968750001,14778.24471875
[ 04:06:19.307 -->  04:06:22.058],AA,SPEAKER_19,14779.30784375,14782.058468750001
[ 04:06:22.429 -->  04:06:24.775],AA,SPEAKER_19,14782.429718750001,14784.77534375
[ 04:06:25.382 -->  04:06:26.834],AA,SPEAKER_19,14785.382843750001,14786.83409375
[ 04:06:28.015 -->  04:06:29.601],AA,SPEAKER_19,14788.015343750001,14789.601593750001
[ 04:06:31.120 -->  04:06:33.432],AA,SPEAKER_19,14791.12034375,14793.43221875
[ 04:06:35.946 -->  04:06:43.320],AA,SPEAKER_19,14795.946593750003,14803.320968750002
[ 04:06:45.210 -->  04:06:50.830],AA,SPEAKER_19,14805.210968750001,14810.83034375
[ 04:06:54.846 -->  04:07:01.444],AA,SPEAKER_19,14814.84659375,14821.44471875
[ 04:07:03.402 -->  04:07:04.887],AA,SPEAKER_19,14823.402218750001,14824.887218750002
[ 04:07:06.878 -->  04:07:08.498],AA,SPEAKER_19,14826.878468750001,14828.49846875
[ 04:07:08.970 -->  04:07:10.067],AA,SPEAKER_19,14828.97096875,14830.067843750003
[ 04:07:12.497 -->  04:07:16.716],AA,SPEAKER_19,14832.49784375,14836.71659375
[ 04:07:21.340 -->  04:07:23.449],AA,SPEAKER_19,14841.340343750002,14843.449718750002
[ 04:07:25.035 -->  04:07:25.980],AA,SPEAKER_19,14845.035968750002,14845.980968750002
[ 04:07:25.069 -->  04:07:25.508],X,SPEAKER_16,14845.06971875,14845.508468750002
[ 04:07:26.453 -->  04:07:33.304],AA,SPEAKER_19,14846.453468750002,14853.304718750001
[ 04:07:34.519 -->  04:07:34.924],AA,SPEAKER_19,14854.519718750002,14854.92471875
[ 04:07:35.970 -->  04:07:39.683],AA,SPEAKER_19,14855.97096875,14859.683468750001
[ 04:07:39.869 -->  04:07:40.223],X,SPEAKER_16,14859.86909375,14860.223468750002
[ 04:07:46.652 -->  04:07:47.597],AF,SPEAKER_25,14866.652843750002,14867.597843750002
[ 04:07:50.905 -->  04:07:51.377],AF,SPEAKER_25,14870.90534375,14871.37784375
[ 04:07:53.301 -->  04:07:53.892],AF,SPEAKER_25,14873.301593750002,14873.892218750003
[ 04:07:54.060 -->  04:07:54.297],X,SPEAKER_16,14874.06096875,14874.297218750002
[ 04:08:08.117 -->  04:08:11.982],AU,SPEAKER_41,14888.117843750002,14891.98221875
[ 04:08:12.977 -->  04:08:15.846],AU,SPEAKER_41,14892.977843750003,14895.84659375
[ 04:08:16.285 -->  04:08:16.757],AU,SPEAKER_41,14896.285343750002,14896.757843750001
[ 04:08:17.449 -->  04:08:18.614],AU,SPEAKER_41,14897.449718750002,14898.614093750002
[ 04:08:18.900 -->  04:08:20.757],AU,SPEAKER_41,14898.90096875,14900.75721875
[ 04:08:20.993 -->  04:08:25.060],AU,SPEAKER_41,14900.993468750003,14905.06034375
[ 04:08:25.482 -->  04:08:27.203],AU,SPEAKER_41,14905.48221875,14907.203468750002
[ 04:08:28.232 -->  04:08:30.814],AU,SPEAKER_41,14908.23284375,14910.81471875
[ 04:08:31.590 -->  04:08:37.210],AU,SPEAKER_41,14911.590968750003,14917.21034375
[ 04:08:37.311 -->  04:08:38.425],AU,SPEAKER_41,14917.31159375,14918.425343750001
[ 04:08:38.796 -->  04:08:39.809],AU,SPEAKER_41,14918.796593750001,14919.809093750002
[ 04:08:40.079 -->  04:08:42.120],AU,SPEAKER_41,14920.079093750002,14922.120968750001
[ 04:08:42.542 -->  04:08:43.116],AU,SPEAKER_41,14922.542843750001,14923.11659375
[ 04:08:45.074 -->  04:08:46.440],AU,SPEAKER_41,14925.074093750001,14926.440968750001
[ 04:08:46.542 -->  04:08:53.730],AU,SPEAKER_41,14926.54221875,14933.730968750002
[ 04:08:53.933 -->  04:08:56.751],V,SPEAKER_14,14933.933468750001,14936.751593750003
[ 04:08:56.819 -->  04:08:58.742],V,SPEAKER_14,14936.81909375,14938.742843750002
[ 04:08:59.299 -->  04:09:03.265],V,SPEAKER_14,14939.29971875,14943.265343750001
[ 04:09:03.704 -->  04:09:06.134],V,SPEAKER_14,14943.704093750002,14946.134093750003
[ 04:09:06.572 -->  04:09:08.699],V,SPEAKER_14,14946.57284375,14948.699093750001
[ 04:09:09.272 -->  04:09:15.938],V,SPEAKER_14,14949.27284375,14955.938468750002
[ 04:09:16.647 -->  04:09:21.254],V,SPEAKER_14,14956.64721875,14961.254093750002
[ 04:09:21.827 -->  04:09:38.264],V,SPEAKER_14,14961.827843750001,14978.26409375
[ 04:09:39.310 -->  04:09:42.212],V,SPEAKER_14,14979.310343750003,14982.21284375
[ 04:09:42.381 -->  04:09:45.435],V,SPEAKER_14,14982.38159375,14985.43596875
[ 04:09:45.891 -->  04:09:46.448],V,SPEAKER_14,14985.891593750002,14986.44846875
[ 04:09:46.701 -->  04:09:53.890],V,SPEAKER_14,14986.70159375,14993.890343750001
[ 04:09:54.396 -->  04:09:55.358],V,SPEAKER_14,14994.39659375,14995.35846875
[ 04:09:55.814 -->  04:09:58.227],V,SPEAKER_14,14995.814093750003,14998.227218750002
[ 04:09:58.463 -->  04:09:59.172],V,SPEAKER_14,14998.46346875,14999.172218750002
[ 04:09:59.543 -->  04:10:01.821],V,SPEAKER_14,14999.543468750002,15001.821593750003
[ 04:10:01.973 -->  04:10:02.007],V,SPEAKER_14,15001.973468750002,15002.00721875
[ 04:10:02.327 -->  04:10:05.618],V,SPEAKER_14,15002.327843750001,15005.618468750003
[ 04:10:12.014 -->  04:10:14.309],AF,SPEAKER_25,15012.01409375,15014.309093750002
[ 04:10:13.144 -->  04:10:13.364],AH,SPEAKER_27,15013.144718750002,15013.364093750002
[ 04:10:14.967 -->  04:10:14.984],AF,SPEAKER_25,15014.96721875,15014.984093750001
[ 04:10:15.439 -->  04:10:16.620],AF,SPEAKER_25,15015.43971875,15016.620968750001
[ 04:10:21.160 -->  04:10:21.345],AF,SPEAKER_25,15021.160343750002,15021.34596875
[ 04:10:21.345 -->  04:10:22.223],AC,SPEAKER_21,15021.34596875,15022.223468750002
[ 04:10:22.223 -->  04:10:22.560],AF,SPEAKER_25,15022.223468750002,15022.56096875
[ 04:10:22.560 -->  04:10:22.729],AC,SPEAKER_21,15022.56096875,15022.72971875
[ 04:10:23.691 -->  04:10:23.978],AF,SPEAKER_25,15023.691593750002,15023.97846875
[ 04:10:23.978 -->  04:10:24.130],AC,SPEAKER_21,15023.97846875,15024.130343750003
[ 04:10:25.716 -->  04:10:28.905],AF,SPEAKER_25,15025.716593750003,15028.905968750001
[ 04:10:35.166 -->  04:10:36.314],AF,SPEAKER_25,15035.16659375,15036.314093750003
[ 04:10:41.342 -->  04:10:43.536],AF,SPEAKER_25,15041.34284375,15043.536593750003
[ 04:10:46.962 -->  04:10:47.063],R,SPEAKER_09,15046.962218750003,15047.063468750002
[ 04:10:47.063 -->  04:10:47.097],AF,SPEAKER_25,15047.063468750002,15047.097218750001
[ 04:10:47.097 -->  04:10:47.350],R,SPEAKER_09,15047.097218750001,15047.35034375
[ 04:10:51.636 -->  04:10:52.125],U,SPEAKER_13,15051.636593750001,15052.125968750002
[ 04:11:00.934 -->  04:11:01.778],Y,SPEAKER_17,15060.934718750003,15061.778468750003
[ 04:11:01.913 -->  04:11:01.964],Y,SPEAKER_17,15061.91346875,15061.96409375
[ 04:11:01.964 -->  04:11:01.980],S,SPEAKER_10,15061.96409375,15061.980968750002
[ 04:11:03.415 -->  04:11:08.039],S,SPEAKER_10,15063.415343750003,15068.039093750001
[ 04:11:08.190 -->  04:11:09.912],S,SPEAKER_10,15068.190968750001,15069.91221875
[ 04:11:11.059 -->  04:11:12.240],S,SPEAKER_10,15071.059718750003,15072.24096875
[ 04:11:12.679 -->  04:11:13.827],S,SPEAKER_10,15072.679718750001,15073.82721875
[ 04:11:14.519 -->  04:11:15.514],S,SPEAKER_10,15074.519093750001,15075.51471875
[ 04:11:16.172 -->  04:11:17.202],S,SPEAKER_10,15076.172843750002,15077.20221875
[ 04:11:18.062 -->  04:11:19.969],S,SPEAKER_10,15078.062843750002,15079.969718750002
[ 04:11:20.492 -->  04:11:21.758],S,SPEAKER_10,15080.492843750002,15081.758468750002
[ 04:11:22.534 -->  04:11:24.002],S,SPEAKER_10,15082.534718750001,15084.00284375
[ 04:11:24.458 -->  04:11:25.622],S,SPEAKER_10,15084.458468750003,15085.622843750003
[ 04:11:25.977 -->  04:11:26.922],S,SPEAKER_10,15085.977218750002,15086.922218750002
[ 04:11:27.411 -->  04:11:27.951],S,SPEAKER_10,15087.411593750003,15087.95159375
[ 04:11:28.559 -->  04:11:32.035],S,SPEAKER_10,15088.559093750002,15092.035343750002
[ 04:11:32.254 -->  04:11:34.262],S,SPEAKER_10,15092.254718750002,15094.262843750003
[ 04:11:35.039 -->  04:11:35.545],S,SPEAKER_10,15095.039093750001,15095.54534375
[ 04:11:36.119 -->  04:11:36.422],S,SPEAKER_10,15096.11909375,15096.422843750002
[ 04:11:37.064 -->  04:11:38.363],S,SPEAKER_10,15097.064093750003,15098.363468750002
[ 04:11:38.802 -->  04:11:39.662],S,SPEAKER_10,15098.802218750003,15099.66284375
[ 04:11:40.287 -->  04:11:41.535],S,SPEAKER_10,15100.28721875,15101.535968750002
[ 04:11:41.873 -->  04:11:42.666],S,SPEAKER_10,15101.87346875,15102.66659375
[ 04:11:43.611 -->  04:11:45.889],S,SPEAKER_10,15103.61159375,15105.88971875
[ 04:11:46.952 -->  04:11:51.542],S,SPEAKER_10,15106.952843750001,15111.542843750001
[ 04:11:52.437 -->  04:11:54.765],S,SPEAKER_10,15112.437218750001,15114.765968750002
[ 04:11:55.947 -->  04:11:56.385],S,SPEAKER_10,15115.94721875,15116.38596875
[ 04:11:56.588 -->  04:11:57.398],S,SPEAKER_10,15116.58846875,15117.398468750001
[ 04:11:57.955 -->  04:12:00.942],S,SPEAKER_10,15117.95534375,15120.942218750002
[ 04:12:00.975 -->  04:12:01.026],S,SPEAKER_10,15120.97596875,15121.02659375
[ 04:12:01.448 -->  04:12:05.414],S,SPEAKER_10,15121.44846875,15125.414093750001
[ 04:12:06.899 -->  04:12:08.367],S,SPEAKER_10,15126.899093750002,15128.367218750001
[ 04:12:08.755 -->  04:12:11.033],S,SPEAKER_10,15128.755343750003,15131.03346875
[ 04:12:11.708 -->  04:12:17.310],S,SPEAKER_10,15131.708468750003,15137.31096875
[ 04:12:18.154 -->  04:12:21.225],S,SPEAKER_10,15138.15471875,15141.22596875
[ 04:12:21.765 -->  04:12:22.390],S,SPEAKER_10,15141.765968750002,15142.390343750001
[ 04:12:22.525 -->  04:12:22.964],S,SPEAKER_10,15142.52534375,15142.96409375
[ 04:12:23.436 -->  04:12:25.495],S,SPEAKER_10,15143.43659375,15145.49534375
[ 04:12:26.035 -->  04:12:31.806],S,SPEAKER_10,15146.035343750002,15151.80659375
[ 04:12:32.211 -->  04:12:32.667],S,SPEAKER_10,15152.211593750002,15152.66721875
[ 04:12:33.021 -->  04:12:33.443],S,SPEAKER_10,15153.02159375,15153.44346875
[ 04:12:34.472 -->  04:12:35.907],S,SPEAKER_10,15154.472843750002,15155.907218750002
[ 04:12:36.126 -->  04:12:37.982],S,SPEAKER_10,15156.126593750003,15157.98284375
[ 04:12:39.012 -->  04:12:41.965],S,SPEAKER_10,15159.012218750002,15161.965343750002
[ 04:12:42.252 -->  04:12:43.365],S,SPEAKER_10,15162.25221875,15163.36596875
[ 04:12:43.973 -->  04:12:45.154],S,SPEAKER_10,15163.973468750002,15165.15471875
[ 04:12:45.509 -->  04:12:46.454],S,SPEAKER_10,15165.509093750003,15166.454093750002
[ 04:12:46.842 -->  04:12:53.254],S,SPEAKER_10,15166.84221875,15173.254718750002
[ 04:12:53.980 -->  04:12:54.351],S,SPEAKER_10,15173.980343750001,15174.351593750001
[ 04:12:54.570 -->  04:12:57.119],S,SPEAKER_10,15174.570968750002,15177.11909375
[ 04:12:57.591 -->  04:12:59.329],S,SPEAKER_10,15177.591593750003,15179.329718750003
[ 04:13:00.814 -->  04:13:01.236],S,SPEAKER_10,15180.81471875,15181.23659375
[ 04:13:02.839 -->  04:13:02.856],AI,SPEAKER_28,15182.839718750001,15182.856593750003
[ 04:13:02.856 -->  04:13:06.653],S,SPEAKER_10,15182.856593750003,15186.653468750003
[ 04:13:07.007 -->  04:13:10.399],S,SPEAKER_10,15187.007843750001,15190.399718750003
[ 04:13:11.007 -->  04:13:14.297],S,SPEAKER_10,15191.00721875,15194.297843750002
[ 04:13:15.529 -->  04:13:32.995],S,SPEAKER_10,15195.52971875,15212.99534375
[ 04:13:33.822 -->  04:13:35.340],S,SPEAKER_10,15213.82221875,15215.340968750003
[ 04:13:36.285 -->  04:13:39.002],S,SPEAKER_10,15216.285968750002,15219.00284375
[ 04:13:39.492 -->  04:13:39.627],S,SPEAKER_10,15219.492218750001,15219.62721875
[ 04:13:39.627 -->  04:13:39.779],AA,SPEAKER_19,15219.62721875,15219.779093750003
[ 04:13:39.779 -->  04:13:39.812],S,SPEAKER_10,15219.779093750003,15219.812843750002
[ 04:13:39.812 -->  04:13:39.846],AA,SPEAKER_19,15219.812843750002,15219.84659375
[ 04:13:39.846 -->  04:13:42.512],S,SPEAKER_10,15219.84659375,15222.512843750003
[ 04:13:42.664 -->  04:13:43.930],S,SPEAKER_10,15222.664718750002,15223.930343750002
[ 04:13:44.048 -->  04:13:46.714],S,SPEAKER_10,15224.048468750003,15226.714718750001
[ 04:13:46.950 -->  04:13:49.718],S,SPEAKER_10,15226.950968750003,15229.718468750001
[ 04:13:50.157 -->  04:13:50.798],AF,SPEAKER_25,15230.157218750002,15230.798468750003
[ 04:14:01.547 -->  04:14:03.674],AF,SPEAKER_25,15241.547843750002,15243.67409375
[ 04:14:07.217 -->  04:14:07.926],AF,SPEAKER_25,15247.21784375,15247.926593750002
[ 04:14:11.774 -->  04:14:14.069],AF,SPEAKER_25,15251.774093750002,15254.06909375
[ 04:14:15.807 -->  04:14:16.515],AF,SPEAKER_25,15255.80721875,15256.515968750002
[ 04:14:22.911 -->  04:14:23.299],AF,SPEAKER_25,15262.911593750003,15263.29971875
[ 04:14:27.434 -->  04:14:31.669],AL,SPEAKER_31,15267.434093750002,15271.669718750003
[ 04:14:32.867 -->  04:14:33.104],AL,SPEAKER_31,15272.867843750002,15273.10409375
[ 04:14:33.272 -->  04:14:38.419],AL,SPEAKER_31,15273.27284375,15278.419718750003
[ 04:14:38.875 -->  04:14:42.672],AL,SPEAKER_31,15278.875343750002,15282.672218750002
[ 04:14:43.077 -->  04:14:51.362],AL,SPEAKER_31,15283.07721875,15291.362843750001
[ 04:14:52.949 -->  04:14:58.804],AL,SPEAKER_31,15292.949093750001,15298.804718750001
[ 04:14:58.973 -->  04:15:08.204],AL,SPEAKER_31,15298.973468750002,15308.204093750002
[ 04:15:08.980 -->  04:15:13.097],AL,SPEAKER_31,15308.980343750001,15313.097843750002
[ 04:15:13.654 -->  04:15:17.046],AL,SPEAKER_31,15313.65471875,15317.046593750001
[ 04:15:18.194 -->  04:15:25.939],AL,SPEAKER_31,15318.19409375,15325.93971875
[ 04:15:26.952 -->  04:15:31.845],AL,SPEAKER_31,15326.95221875,15331.84596875
[ 04:15:33.752 -->  04:15:34.292],AL,SPEAKER_31,15333.75284375,15334.292843750001
[ 04:15:35.237 -->  04:15:35.980],AL,SPEAKER_31,15335.237843750001,15335.980343750001
[ 04:15:36.402 -->  04:15:39.929],AL,SPEAKER_31,15336.402218750001,15339.92909375
[ 04:15:40.199 -->  04:15:40.924],AL,SPEAKER_31,15340.199093750001,15340.92471875
[ 04:15:41.211 -->  04:15:42.747],AL,SPEAKER_31,15341.211593750002,15342.747218750003
[ 04:15:44.029 -->  04:15:46.037],AL,SPEAKER_31,15344.02971875,15346.03784375
[ 04:15:46.493 -->  04:15:47.117],AL,SPEAKER_31,15346.493468750003,15347.117843750002
[ 04:15:47.624 -->  04:15:52.568],AL,SPEAKER_31,15347.62409375,15352.56846875
[ 04:15:53.108 -->  04:16:07.924],AL,SPEAKER_31,15353.10846875,15367.92471875
[ 04:16:07.975 -->  04:16:07.992],AL,SPEAKER_31,15367.97534375,15367.992218750001
[ 04:16:08.093 -->  04:16:15.450],AL,SPEAKER_31,15368.093468750001,15375.450968750003
[ 04:16:15.518 -->  04:16:15.585],AL,SPEAKER_31,15375.51846875,15375.585968750001
[ 04:16:16.260 -->  04:16:20.479],AL,SPEAKER_31,15376.26096875,15380.47971875
[ 04:16:21.542 -->  04:16:23.972],AL,SPEAKER_31,15381.542843750001,15383.972843750002
[ 04:16:24.411 -->  04:16:38.654],AL,SPEAKER_31,15384.411593750003,15398.654093750003
[ 04:16:39.261 -->  04:16:44.104],AL,SPEAKER_31,15399.261593750001,15404.10471875
[ 04:16:45.201 -->  04:16:48.694],AL,SPEAKER_31,15405.20159375,15408.69471875
[ 04:16:49.774 -->  04:16:56.069],AL,SPEAKER_31,15409.774718750003,15416.06909375
[ 04:16:56.811 -->  04:17:02.515],AL,SPEAKER_31,15416.81159375,15422.515343750001
[ 04:17:03.122 -->  04:17:03.696],AL,SPEAKER_31,15423.122843750003,15423.696593750003
[ 04:17:05.215 -->  04:17:27.439],AL,SPEAKER_31,15425.215343750002,15447.43971875
[ 04:17:28.857 -->  04:17:32.535],AL,SPEAKER_31,15448.857218750003,15452.535968750002
[ 04:17:33.227 -->  04:17:37.885],AL,SPEAKER_31,15453.227843750003,15457.88534375
[ 04:17:38.357 -->  04:17:39.522],AL,SPEAKER_31,15458.35784375,15459.52221875
[ 04:17:38.391 -->  04:17:38.762],AF,SPEAKER_25,15458.391593750002,15458.762843750003
[ 04:17:39.437 -->  04:17:41.715],AF,SPEAKER_25,15459.437843750002,15461.715968750003
[ 04:17:41.715 -->  04:17:42.070],AL,SPEAKER_31,15461.715968750003,15462.070343750001
[ 04:17:42.677 -->  04:17:42.812],AL,SPEAKER_31,15462.67784375,15462.812843750002
[ 04:17:42.812 -->  04:17:42.863],AF,SPEAKER_25,15462.812843750002,15462.863468750002
[ 04:17:42.863 -->  04:17:42.998],AL,SPEAKER_31,15462.863468750002,15462.99846875
[ 04:17:43.487 -->  04:17:43.909],AL,SPEAKER_31,15463.487843750001,15463.909718750001
[ 04:17:44.145 -->  04:17:51.638],AL,SPEAKER_31,15464.145968750003,15471.638468750003
[ 04:17:52.161 -->  04:17:53.190],AL,SPEAKER_31,15472.161593750003,15473.190968750001
[ 04:17:53.764 -->  04:17:54.760],X,SPEAKER_16,15473.76471875,15474.76034375
[ 04:17:57.443 -->  04:17:59.586],AF,SPEAKER_25,15477.44346875,15479.586593750002
[ 04:18:02.961 -->  04:18:06.404],AF,SPEAKER_25,15482.961593750002,15486.404093750003
[ 04:18:13.542 -->  04:18:17.001],AU,SPEAKER_41,15493.54221875,15497.001593750003
[ 04:18:18.486 -->  04:18:19.684],AF,SPEAKER_25,15498.48659375,15499.684718750003
[ 04:18:20.984 -->  04:18:26.654],AU,SPEAKER_41,15500.984093750001,15506.654093750003
[ 04:18:26.738 -->  04:18:28.392],AU,SPEAKER_41,15506.738468750002,15508.392218750003
[ 04:18:28.392 -->  04:18:28.611],X,SPEAKER_16,15508.392218750003,15508.61159375
[ 04:18:30.434 -->  04:18:32.526],AU,SPEAKER_41,15510.434093750002,15512.52659375
[ 04:18:32.762 -->  04:18:35.496],AU,SPEAKER_41,15512.762843750003,15515.496593750002
[ 04:18:36.644 -->  04:18:38.500],AU,SPEAKER_41,15516.644093750001,15518.500343750002
[ 04:18:40.710 -->  04:18:47.410],AU,SPEAKER_41,15520.710968750001,15527.410343750002
[ 04:18:49.772 -->  04:18:55.847],D,SPEAKER_23,15529.77284375,15535.847843750002
[ 04:18:56.472 -->  04:18:58.530],D,SPEAKER_23,15536.472218750001,15538.530968750001
[ 04:18:58.615 -->  04:19:01.737],D,SPEAKER_23,15538.61534375,15541.73721875
[ 04:19:01.990 -->  04:19:02.918],D,SPEAKER_23,15541.99034375,15542.918468750002
[ 04:19:03.306 -->  04:19:04.150],D,SPEAKER_23,15543.30659375,15544.15034375
[ 04:19:04.639 -->  04:19:07.305],D,SPEAKER_23,15544.63971875,15547.305968750003
[ 04:19:07.525 -->  04:19:09.769],D,SPEAKER_23,15547.52534375,15549.769718750002
[ 04:19:10.124 -->  04:19:15.237],D,SPEAKER_23,15550.12409375,15555.23721875
[ 04:19:15.692 -->  04:19:16.064],D,SPEAKER_23,15555.692843750003,15556.064093750003
[ 04:19:16.570 -->  04:19:21.565],D,SPEAKER_23,15556.570343750001,15561.56534375
[ 04:19:22.071 -->  04:19:34.356],D,SPEAKER_23,15562.071593750003,15574.356593750003
[ 04:19:34.997 -->  04:19:35.419],X,SPEAKER_16,15574.997843750003,15575.419718750003
[ 04:19:35.419 -->  04:19:35.436],AU,SPEAKER_41,15575.419718750003,15575.43659375
[ 04:19:36.803 -->  04:19:37.259],D,SPEAKER_23,15576.80346875,15577.259093750003
[ 04:19:37.259 -->  04:19:37.292],AF,SPEAKER_25,15577.259093750003,15577.292843750001
[ 04:19:39.756 -->  04:19:40.752],AF,SPEAKER_25,15579.75659375,15580.75221875
[ 04:19:43.654 -->  04:19:43.975],AF,SPEAKER_25,15583.65471875,15583.97534375
[ 04:19:46.709 -->  04:19:52.159],AF,SPEAKER_25,15586.70909375,15592.159718750001
[ 04:19:57.998 -->  04:20:02.858],AF,SPEAKER_25,15597.99846875,15602.85846875
[ 04:20:10.030 -->  04:20:13.304],Q,SPEAKER_08,15610.03034375,15613.30409375
[ 04:20:13.304 -->  04:20:17.725],AG,SPEAKER_26,15613.30409375,15617.72534375
[ 04:20:17.725 -->  04:20:17.809],Q,SPEAKER_08,15617.72534375,15617.809718750003
[ 04:20:18.653 -->  04:20:31.461],Q,SPEAKER_08,15618.653468750003,15631.461593750002
[ 04:20:31.714 -->  04:20:32.254],Q,SPEAKER_08,15631.714718750001,15632.254718750002
[ 04:20:32.710 -->  04:20:34.296],Q,SPEAKER_08,15632.71034375,15634.296593750001
[ 04:20:34.701 -->  04:20:40.725],Q,SPEAKER_08,15634.70159375,15640.72596875
[ 04:20:42.801 -->  04:20:55.103],Q,SPEAKER_08,15642.801593750002,15655.10346875
[ 04:20:57.600 -->  04:21:23.740],Q,SPEAKER_08,15657.60096875,15683.74034375
[ 04:21:24.212 -->  04:21:32.295],Q,SPEAKER_08,15684.21284375,15692.29596875
[ 04:21:38.725 -->  04:21:55.144],Q,SPEAKER_08,15698.72534375,15715.144718750002
[ 04:21:56.477 -->  04:22:14.112],Q,SPEAKER_08,15716.477843750003,15734.11221875
[ 04:22:14.905 -->  04:22:18.651],Q,SPEAKER_08,15734.90534375,15738.65159375
[ 04:22:19.022 -->  04:22:20.406],Q,SPEAKER_08,15739.02284375,15740.406593750002
[ 04:22:20.710 -->  04:22:23.933],Q,SPEAKER_08,15740.71034375,15743.933468750001
[ 04:22:24.692 -->  04:22:27.629],Q,SPEAKER_08,15744.692843750003,15747.629093750002
[ 04:22:27.915 -->  04:22:28.844],Q,SPEAKER_08,15747.91596875,15748.844093750002
[ 04:22:29.333 -->  04:22:30.278],Q,SPEAKER_08,15749.333468750003,15750.278468750003
[ 04:22:30.700 -->  04:22:31.240],Q,SPEAKER_08,15750.700343750003,15751.24034375
[ 04:22:31.544 -->  04:22:33.113],Q,SPEAKER_08,15751.544093750003,15753.113468750002
[ 04:22:33.670 -->  04:22:35.594],Q,SPEAKER_08,15753.67034375,15755.594093750002
[ 04:22:35.729 -->  04:22:39.374],Q,SPEAKER_08,15755.72909375,15759.37409375
[ 04:22:40.032 -->  04:22:40.454],Q,SPEAKER_08,15760.032218750002,15760.454093750002
[ 04:22:40.656 -->  04:22:42.647],Q,SPEAKER_08,15760.656593750002,15762.64784375
[ 04:22:43.069 -->  04:22:46.174],Q,SPEAKER_08,15763.06971875,15766.17471875
[ 04:22:46.596 -->  04:22:51.591],Q,SPEAKER_08,15766.59659375,15771.591593750003
[ 04:22:52.047 -->  04:22:57.784],Q,SPEAKER_08,15772.047218750002,15777.784718750001
[ 04:22:59.354 -->  04:23:16.532],Q,SPEAKER_08,15779.35409375,15796.532843750003
[ 04:23:16.988 -->  04:23:19.941],Q,SPEAKER_08,15796.988468750002,15799.941593750002
[ 04:23:20.700 -->  04:23:22.118],Q,SPEAKER_08,15800.700968750003,15802.118468750003
[ 04:23:22.354 -->  04:23:26.455],Q,SPEAKER_08,15802.35471875,15806.45534375
[ 04:23:27.248 -->  04:23:28.379],Q,SPEAKER_08,15807.24846875,15808.379093750002
[ 04:23:28.615 -->  04:23:29.914],Q,SPEAKER_08,15808.61534375,15809.914718750002
[ 04:23:30.015 -->  04:23:32.277],Q,SPEAKER_08,15810.015968750002,15812.277218750001
[ 04:23:32.597 -->  04:23:38.757],Q,SPEAKER_08,15812.597843750002,15818.75721875
[ 04:23:36.158 -->  04:23:37.947],AF,SPEAKER_25,15816.15846875,15817.94721875
[ 04:23:38.757 -->  04:23:40.157],AF,SPEAKER_25,15818.75721875,15820.157843750003
[ 04:23:38.774 -->  04:23:39.735],Q,SPEAKER_08,15818.774093750002,15819.735968750003
[ 04:23:40.157 -->  04:23:40.900],Q,SPEAKER_08,15820.157843750003,15820.90034375
[ 04:23:40.967 -->  04:24:48.957],Q,SPEAKER_08,15820.96784375,15888.957218750002
[ 04:23:43.347 -->  04:23:44.174],AK,SPEAKER_30,15823.347218750001,15824.17409375
[ 04:24:49.952 -->  04:24:56.635],Q,SPEAKER_08,15889.952843750001,15896.63534375
[ 04:24:57.344 -->  04:25:16.024],Q,SPEAKER_08,15897.344093750002,15916.024718750003
[ 04:25:16.294 -->  04:25:20.057],Q,SPEAKER_08,15916.294718750003,15920.05784375
[ 04:25:20.580 -->  04:25:23.922],Q,SPEAKER_08,15920.58096875,15923.922218750002
[ 04:25:24.293 -->  04:25:24.394],Q,SPEAKER_08,15924.293468750002,15924.394718750002
[ 04:25:30.486 -->  04:25:34.806],AF,SPEAKER_25,15930.48659375,15934.80659375
[ 04:25:35.751 -->  04:25:37.135],AF,SPEAKER_25,15935.751593750003,15937.13534375
[ 04:25:37.135 -->  04:25:37.169],AD,SPEAKER_22,15937.13534375,15937.169093750003
[ 04:25:37.979 -->  04:25:38.316],AF,SPEAKER_25,15937.97909375,15938.316593750002
[ 04:25:38.738 -->  04:25:40.189],AF,SPEAKER_25,15938.738468750002,15940.18971875
[ 04:25:41.033 -->  04:25:45.032],AF,SPEAKER_25,15941.03346875,15945.032843750003
[ 04:25:45.623 -->  04:25:47.125],AF,SPEAKER_25,15945.62346875,15947.125343750002
[ 04:25:47.665 -->  04:25:49.065],AF,SPEAKER_25,15947.665343750003,15949.065968750001
[ 04:25:49.065 -->  04:25:49.319],X,SPEAKER_16,15949.065968750001,15949.31909375
[ 04:25:49.859 -->  04:25:50.365],AF,SPEAKER_25,15949.859093750001,15950.36534375
[ 04:25:51.158 -->  04:25:55.579],AF,SPEAKER_25,15951.15846875,15955.579718750003
[ 04:25:55.883 -->  04:25:57.689],AF,SPEAKER_25,15955.883468750002,15957.689093750003
[ 04:25:58.431 -->  04:25:59.309],AF,SPEAKER_25,15958.43159375,15959.309093750002
[ 04:25:59.798 -->  04:26:01.553],AF,SPEAKER_25,15959.798468750003,15961.55346875
[ 04:26:01.907 -->  04:26:04.557],AF,SPEAKER_25,15961.907843750003,15964.55721875
[ 04:26:04.810 -->  04:26:06.514],AF,SPEAKER_25,15964.810343750003,15966.51471875
[ 04:26:07.071 -->  04:26:07.797],AF,SPEAKER_25,15967.071593750003,15967.797218750002
[ 04:26:08.961 -->  04:26:09.400],AF,SPEAKER_25,15968.961593750002,15969.40034375
[ 04:26:09.839 -->  04:26:10.294],AF,SPEAKER_25,15969.83909375,15970.294718750003
[ 04:26:11.121 -->  04:26:13.011],AF,SPEAKER_25,15971.121593750002,15973.011593750001
[ 04:26:13.652 -->  04:26:14.091],AF,SPEAKER_25,15973.652843750002,15974.091593750003
[ 04:26:15.019 -->  04:26:15.677],AF,SPEAKER_25,15975.019718750002,15975.67784375
[ 04:26:16.065 -->  04:26:20.369],AF,SPEAKER_25,15976.065968750001,15980.36909375
[ 04:26:20.740 -->  04:26:21.077],AF,SPEAKER_25,15980.74034375,15981.077843750001
[ 04:26:22.967 -->  04:26:25.870],H,SPEAKER_45,15982.96784375,15985.87034375
[ 04:26:26.157 -->  04:26:32.519],H,SPEAKER_45,15986.157218750002,15992.519093750001
[ 04:26:33.025 -->  04:26:34.982],H,SPEAKER_45,15993.02534375,15994.98284375
[ 04:26:35.168 -->  04:26:35.792],H,SPEAKER_45,15995.168468750002,15995.792843750001
[ 04:26:36.045 -->  04:26:48.634],H,SPEAKER_45,15996.04596875,16008.63471875
[ 04:26:50.339 -->  04:26:54.473],V,SPEAKER_14,16010.33909375,16014.473468750002
[ 04:26:54.625 -->  04:26:55.435],V,SPEAKER_14,16014.625343750002,16015.435343750003
[ 04:26:55.722 -->  04:27:00.447],V,SPEAKER_14,16015.722218750001,16020.44721875
[ 04:27:01.139 -->  04:27:01.965],V,SPEAKER_14,16021.13909375,16021.965968750003
[ 04:27:02.252 -->  04:27:02.961],V,SPEAKER_14,16022.25284375,16022.961593750002
[ 04:27:03.299 -->  04:27:05.475],V,SPEAKER_14,16023.29909375,16025.47596875
[ 04:27:06.184 -->  04:27:06.741],V,SPEAKER_14,16026.184718750003,16026.74159375
[ 04:27:07.534 -->  04:27:13.390],V,SPEAKER_14,16027.534718750001,16033.390343750001
[ 04:27:14.335 -->  04:27:28.594],V,SPEAKER_14,16034.33534375,16048.594718750002
[ 04:27:25.135 -->  04:27:25.439],U,SPEAKER_13,16045.13534375,16045.439093750003
[ 04:27:28.712 -->  04:27:32.999],V,SPEAKER_14,16048.71284375,16052.99909375
[ 04:27:32.999 -->  04:27:33.184],H,SPEAKER_45,16052.99909375,16053.184718750003
[ 04:27:33.184 -->  04:27:33.623],V,SPEAKER_14,16053.184718750003,16053.62346875
[ 04:27:33.623 -->  04:27:33.657],H,SPEAKER_45,16053.62346875,16053.657218750002
[ 04:27:33.893 -->  04:27:37.977],H,SPEAKER_45,16053.89346875,16057.977218750002
[ 04:27:37.977 -->  04:27:38.027],Y,SPEAKER_17,16057.977218750002,16058.027843750002
[ 04:27:38.027 -->  04:27:38.078],H,SPEAKER_45,16058.027843750002,16058.078468750002
[ 04:27:38.078 -->  04:27:38.129],Y,SPEAKER_17,16058.078468750002,16058.129093750002
[ 04:27:38.348 -->  04:27:39.107],H,SPEAKER_45,16058.348468750002,16059.10784375
[ 04:27:39.242 -->  04:27:40.643],X,SPEAKER_16,16059.242843750002,16060.64346875
[ 04:27:40.845 -->  04:27:49.857],H,SPEAKER_45,16060.84596875,16069.857218750003
[ 04:27:40.964 -->  04:27:42.769],X,SPEAKER_16,16060.96409375,16062.769718750002
[ 04:27:49.941 -->  04:27:49.958],H,SPEAKER_45,16069.941593750002,16069.958468750003
[ 04:27:50.144 -->  04:27:50.650],H,SPEAKER_45,16070.144093750001,16070.65034375
[ 04:27:51.392 -->  04:27:56.016],H,SPEAKER_45,16071.39284375,16076.016593750002
[ 04:27:56.404 -->  04:28:00.454],H,SPEAKER_45,16076.40471875,16080.454718750003
[ 04:28:00.690 -->  04:28:08.807],H,SPEAKER_45,16080.690968750001,16088.80784375
[ 04:28:09.111 -->  04:28:11.355],H,SPEAKER_45,16089.11159375,16091.355968750002
[ 04:28:12.840 -->  04:28:18.308],V,SPEAKER_14,16092.840968750003,16098.308468750001
[ 04:28:18.865 -->  04:28:22.814],V,SPEAKER_14,16098.86534375,16102.814093750003
[ 04:28:23.505 -->  04:28:26.307],V,SPEAKER_14,16103.50596875,16106.30721875
[ 04:28:26.712 -->  04:28:28.872],V,SPEAKER_14,16106.712218750003,16108.872218750003
[ 04:28:29.496 -->  04:28:31.622],V,SPEAKER_14,16109.496593750002,16111.622843750003
[ 04:28:32.500 -->  04:28:39.992],V,SPEAKER_14,16112.500343750002,16119.992843750002
[ 04:28:40.701 -->  04:28:45.494],V,SPEAKER_14,16120.70159375,16125.49409375
[ 04:28:48.109 -->  04:28:48.531],H,SPEAKER_45,16128.109718750002,16128.531593750002
[ 04:28:48.970 -->  04:28:51.788],H,SPEAKER_45,16128.970343750003,16131.78846875
[ 04:28:52.851 -->  04:28:57.272],AF,SPEAKER_25,16132.851593750001,16137.27284375
[ 04:28:57.492 -->  04:29:01.035],AF,SPEAKER_25,16137.492218750001,16141.035968750002
[ 04:29:01.964 -->  04:29:02.622],AF,SPEAKER_25,16141.96409375,16142.622218750003
[ 04:29:05.845 -->  04:29:12.645],E,SPEAKER_34,16145.845343750003,16152.645968750003
[ 04:29:12.696 -->  04:29:16.409],E,SPEAKER_34,16152.696593750003,16156.40909375
[ 04:29:16.577 -->  04:29:18.231],E,SPEAKER_34,16156.577843750001,16158.231593750003
[ 04:29:19.075 -->  04:29:21.184],E,SPEAKER_34,16159.075343750003,16161.184718750003
[ 04:29:21.724 -->  04:29:24.762],AF,SPEAKER_25,16161.72471875,16164.762218750002
[ 04:29:25.504 -->  04:29:26.399],AF,SPEAKER_25,16165.504718750002,16166.399093750002
[ 04:29:26.753 -->  04:29:27.462],AF,SPEAKER_25,16166.753468750001,16167.462218750003
[ 04:29:27.681 -->  04:29:28.457],AF,SPEAKER_25,16167.68159375,16168.457843750002
[ 04:29:30.060 -->  04:29:35.528],AF,SPEAKER_25,16170.06096875,16175.528468750003
[ 04:29:35.967 -->  04:29:42.801],AF,SPEAKER_25,16175.96721875,16182.801593750002
[ 04:29:54.681 -->  04:29:56.166],AG,SPEAKER_26,16194.68159375,16196.16659375
[ 04:29:56.166 -->  04:30:19.875],AB,SPEAKER_20,16196.16659375,16219.875968750002
[ 04:30:19.875 -->  04:30:19.892],AF,SPEAKER_25,16219.875968750002,16219.89284375
[ 04:30:19.892 -->  04:30:20.027],P,SPEAKER_07,16219.89284375,16220.027843750002
[ 04:30:20.027 -->  04:30:20.972],AF,SPEAKER_25,16220.027843750002,16220.972843750002
[ 04:30:20.061 -->  04:30:20.264],AB,SPEAKER_20,16220.06159375,16220.26409375
[ 04:30:20.972 -->  04:30:21.023],P,SPEAKER_07,16220.972843750002,16221.023468750001
[ 04:30:21.023 -->  04:30:33.072],AF,SPEAKER_25,16221.023468750001,16233.07221875
[ 04:30:21.664 -->  04:30:24.212],P,SPEAKER_07,16221.664718750002,16224.21284375
[ 04:30:33.342 -->  04:30:38.961],AF,SPEAKER_25,16233.34221875,16238.961593750002
[ 04:30:39.282 -->  04:30:39.332],Y,SPEAKER_17,16239.282218750002,16239.332843750002
[ 04:30:39.332 -->  04:30:40.193],AG,SPEAKER_26,16239.332843750002,16240.19346875
[ 04:30:40.193 -->  04:30:40.244],Y,SPEAKER_17,16240.19346875,16240.24409375
[ 04:30:40.244 -->  04:30:40.311],AG,SPEAKER_26,16240.24409375,16240.31159375
[ 04:30:40.851 -->  04:30:43.416],AF,SPEAKER_25,16240.851593750001,16243.41659375
[ 04:30:43.416 -->  04:31:05.354],AC,SPEAKER_21,16243.41659375,16265.35409375
[ 04:31:05.725 -->  04:31:06.113],AC,SPEAKER_21,16265.72534375,16266.113468750002
[ 04:31:06.383 -->  04:31:06.687],AK,SPEAKER_30,16266.383468750002,16266.687218750001
[ 04:31:06.906 -->  04:31:07.412],AC,SPEAKER_21,16266.906593750002,16267.41284375
[ 04:31:08.391 -->  04:31:14.314],AC,SPEAKER_21,16268.391593750002,16274.31471875
[ 04:31:14.534 -->  04:31:17.369],AC,SPEAKER_21,16274.53409375,16277.36909375
[ 04:31:17.487 -->  04:31:22.060],AC,SPEAKER_21,16277.48721875,16282.060343750003
[ 04:31:22.364 -->  04:31:24.473],AC,SPEAKER_21,16282.364093750002,16284.473468750002
[ 04:31:24.743 -->  04:31:30.109],AC,SPEAKER_21,16284.743468750003,16290.109718750002
[ 04:31:30.717 -->  04:31:32.252],AC,SPEAKER_21,16290.71721875,16292.25284375
[ 04:31:33.906 -->  04:31:34.767],AC,SPEAKER_21,16293.906593750002,16294.767218750003
[ 04:31:35.003 -->  04:31:38.310],AC,SPEAKER_21,16295.003468750001,16298.31096875
[ 04:31:38.800 -->  04:31:45.533],AC,SPEAKER_21,16298.800343750001,16305.53346875
[ 04:31:45.921 -->  04:31:46.664],AC,SPEAKER_21,16305.921593750001,16306.664093750001
[ 04:31:47.052 -->  04:31:47.592],AC,SPEAKER_21,16307.052218750003,16307.59221875
[ 04:31:48.014 -->  04:31:51.625],AC,SPEAKER_21,16308.01409375,16311.625343750002
[ 04:31:51.979 -->  04:31:52.671],AC,SPEAKER_21,16311.97971875,16312.671593750001
[ 04:31:53.042 -->  04:31:57.599],AC,SPEAKER_21,16313.042843750001,16317.599093750003
[ 04:31:58.037 -->  04:31:59.691],AC,SPEAKER_21,16318.03784375,16319.691593750002
[ 04:31:59.995 -->  04:32:05.007],AC,SPEAKER_21,16319.99534375,16325.00721875
[ 04:32:05.766 -->  04:32:07.622],AC,SPEAKER_21,16325.766593750002,16327.622843750003
[ 04:32:08.247 -->  04:32:12.364],AC,SPEAKER_21,16328.247218750003,16332.364718750003
[ 04:32:12.820 -->  04:32:16.954],AC,SPEAKER_21,16332.820343750001,16336.954718750003
[ 04:32:17.309 -->  04:32:24.092],AC,SPEAKER_21,16337.309093750002,16344.09284375
[ 04:32:24.430 -->  04:32:28.007],AC,SPEAKER_21,16344.430343750002,16348.007843750001
[ 04:32:28.649 -->  04:32:31.163],AC,SPEAKER_21,16348.649093750002,16351.16346875
[ 04:32:31.315 -->  04:32:34.943],AC,SPEAKER_21,16351.31534375,16354.94346875
[ 04:32:34.960 -->  04:32:36.107],AC,SPEAKER_21,16354.96034375,16356.10784375
[ 04:32:36.850 -->  04:32:41.322],AC,SPEAKER_21,16356.85034375,16361.32221875
[ 04:32:41.474 -->  04:32:45.203],AC,SPEAKER_21,16361.474093750003,16365.203468750002
[ 04:32:45.557 -->  04:32:55.598],AC,SPEAKER_21,16365.55784375,16375.598468750002
[ 04:32:55.851 -->  04:32:56.712],AC,SPEAKER_21,16375.851593750001,16376.712218750003
[ 04:32:56.914 -->  04:33:01.960],AC,SPEAKER_21,16376.914718750002,16381.96034375
[ 04:33:02.179 -->  04:33:02.770],AC,SPEAKER_21,16382.179718750001,16382.770343750002
[ 04:33:02.955 -->  04:33:03.462],AC,SPEAKER_21,16382.95596875,16383.462218750003
[ 04:33:03.934 -->  04:33:10.532],AC,SPEAKER_21,16383.934718750003,16390.53284375
[ 04:33:11.106 -->  04:33:12.760],AC,SPEAKER_21,16391.106593750003,16392.76034375
[ 04:33:13.165 -->  04:33:19.105],AC,SPEAKER_21,16393.16534375,16399.10534375
[ 04:33:19.290 -->  04:33:25.602],AC,SPEAKER_21,16399.29096875,16405.60221875
[ 04:33:25.889 -->  04:33:30.495],AC,SPEAKER_21,16405.889093750004,16410.49596875
[ 04:33:30.816 -->  04:33:33.803],AC,SPEAKER_21,16410.81659375,16413.803468750004
[ 04:33:34.630 -->  04:33:35.862],AC,SPEAKER_21,16414.630343750003,16415.86221875
[ 04:33:36.014 -->  04:33:39.287],AC,SPEAKER_21,16416.014093750004,16419.287843750004
[ 04:33:39.591 -->  04:33:41.160],AC,SPEAKER_21,16419.591593750003,16421.160968750002
[ 04:33:41.464 -->  04:33:44.147],AC,SPEAKER_21,16421.46471875,16424.147843749997
[ 04:33:44.822 -->  04:33:47.961],AC,SPEAKER_21,16424.82284375,16427.96159375
[ 04:33:48.501 -->  04:33:51.370],AC,SPEAKER_21,16428.50159375,16431.37034375
[ 04:33:51.589 -->  04:33:55.200],AC,SPEAKER_21,16431.58971875,16435.200968750003
[ 04:33:55.572 -->  04:33:58.424],AC,SPEAKER_21,16435.57221875,16438.42409375
[ 04:33:58.812 -->  04:34:00.820],AC,SPEAKER_21,16438.812218749998,16440.820343749998
[ 04:34:01.107 -->  04:34:01.495],AC,SPEAKER_21,16441.107218750003,16441.49534375
[ 04:34:01.748 -->  04:34:03.452],AC,SPEAKER_21,16441.748468750004,16443.452843749998
[ 04:34:03.689 -->  04:34:08.582],AC,SPEAKER_21,16443.68909375,16448.582843750002
[ 04:34:08.785 -->  04:34:09.173],AC,SPEAKER_21,16448.78534375,16449.17346875
[ 04:34:09.375 -->  04:34:10.017],AF,SPEAKER_25,16449.37596875,16450.01721875
[ 04:34:10.253 -->  04:34:13.864],AF,SPEAKER_25,16450.25346875,16453.864718750003
[ 04:34:14.489 -->  04:34:16.244],AF,SPEAKER_25,16454.489093750002,16456.24409375
[ 04:34:16.530 -->  04:34:17.644],AF,SPEAKER_25,16456.530968749998,16457.64471875
[ 04:34:18.150 -->  04:34:21.053],AF,SPEAKER_25,16458.15096875,16461.053468750004
[ 04:34:21.323 -->  04:34:28.427],AF,SPEAKER_25,16461.32346875,16468.427843750003
[ 04:34:27.145 -->  04:34:29.929],X,SPEAKER_16,16467.145343750002,16469.929718749998
[ 04:34:28.427 -->  04:34:29.406],Y,SPEAKER_17,16468.427843750003,16469.406593749998
[ 04:34:30.587 -->  04:34:31.802],AF,SPEAKER_25,16470.58784375,16471.802843750003
[ 04:34:32.511 -->  04:34:32.730],X,SPEAKER_16,16472.51159375,16472.730968750002
[ 04:34:35.734 -->  04:34:38.198],AF,SPEAKER_25,16475.734718749998,16478.19846875
[ 04:34:38.434 -->  04:34:38.924],AF,SPEAKER_25,16478.434718750003,16478.92409375
[ 04:34:39.497 -->  04:34:40.493],AF,SPEAKER_25,16479.497843750003,16480.49346875
[ 04:34:41.725 -->  04:34:42.974],AD,SPEAKER_22,16481.725343750004,16482.974093750003
[ 04:34:42.974 -->  04:34:43.277],AF,SPEAKER_25,16482.974093750003,16483.277843750002
[ 04:34:48.525 -->  04:34:54.027],K,SPEAKER_02,16488.52596875,16494.02721875
[ 04:34:54.482 -->  04:34:56.507],K,SPEAKER_02,16494.482843750004,16496.507843749998
[ 04:34:57.132 -->  04:35:01.317],K,SPEAKER_02,16497.132218749997,16501.317218750002
[ 04:35:01.637 -->  04:35:02.076],K,SPEAKER_02,16501.637843750003,16502.076593750004
[ 04:35:02.684 -->  04:35:03.375],K,SPEAKER_02,16502.684093750002,16503.37596875
[ 04:35:03.612 -->  04:35:04.523],K,SPEAKER_02,16503.61221875,16504.523468749998
[ 04:35:04.793 -->  04:35:05.350],K,SPEAKER_02,16504.793468750002,16505.350343750004
[ 04:35:05.755 -->  04:35:10.328],K,SPEAKER_02,16505.755343750003,16510.328468749998
[ 04:35:10.547 -->  04:35:16.589],K,SPEAKER_02,16510.54784375,16516.58909375
[ 04:35:16.690 -->  04:35:19.879],K,SPEAKER_02,16516.69034375,16519.879718750002
[ 04:35:20.200 -->  04:35:22.410],K,SPEAKER_02,16520.200343750003,16522.410968750002
[ 04:35:23.035 -->  04:35:24.081],K,SPEAKER_02,16523.03534375,16524.08159375
[ 04:35:24.722 -->  04:35:26.562],K,SPEAKER_02,16524.72284375,16526.562218749998
[ 04:35:26.849 -->  04:35:29.987],K,SPEAKER_02,16526.849093750003,16529.98784375
[ 04:35:30.662 -->  04:35:32.519],K,SPEAKER_02,16530.662843750004,16532.51909375
[ 04:35:33.008 -->  04:35:33.599],K,SPEAKER_02,16533.00846875,16533.599093750003
[ 04:35:34.240 -->  04:35:37.227],K,SPEAKER_02,16534.240343750003,16537.22721875
[ 04:35:37.682 -->  04:35:38.661],K,SPEAKER_02,16537.68284375,16538.661593750003
[ 04:35:39.167 -->  04:35:40.922],K,SPEAKER_02,16539.16784375,16540.92284375
[ 04:35:41.327 -->  04:35:41.969],K,SPEAKER_02,16541.327843749998,16541.969093749998
[ 04:35:42.610 -->  04:35:44.618],K,SPEAKER_02,16542.61034375,16544.61846875
[ 04:35:45.040 -->  04:35:49.832],K,SPEAKER_02,16545.04034375,16549.832843750002
[ 04:35:49.950 -->  04:35:50.507],K,SPEAKER_02,16549.950968750003,16550.507843749998
[ 04:35:50.862 -->  04:35:51.199],K,SPEAKER_02,16550.86221875,16551.199718750002
[ 04:35:51.824 -->  04:35:52.566],K,SPEAKER_02,16551.82409375,16552.56659375
[ 04:35:53.494 -->  04:35:56.262],K,SPEAKER_02,16553.49471875,16556.262218750002
[ 04:35:56.987 -->  04:35:58.455],K,SPEAKER_02,16556.98784375,16558.45596875
[ 04:35:58.945 -->  04:36:00.818],K,SPEAKER_02,16558.945343749998,16560.818468750003
[ 04:36:00.885 -->  04:36:03.113],K,SPEAKER_02,16560.88596875,16563.11346875
[ 04:36:03.332 -->  04:36:04.935],K,SPEAKER_02,16563.332843750002,16564.935968750004
[ 04:36:05.138 -->  04:36:08.901],K,SPEAKER_02,16565.138468750003,16568.90159375
[ 04:36:10.369 -->  04:36:13.761],AF,SPEAKER_25,16570.36971875,16573.76159375
[ 04:36:14.014 -->  04:36:19.971],AF,SPEAKER_25,16574.014718749997,16579.97159375
[ 04:36:19.937 -->  04:36:23.346],K,SPEAKER_02,16579.937843749998,16583.34659375
[ 04:36:24.730 -->  04:36:34.129],AF,SPEAKER_25,16584.73034375,16594.129718750002
[ 04:36:26.485 -->  04:36:28.037],K,SPEAKER_02,16586.48534375,16588.037843750004
[ 04:36:33.285 -->  04:36:33.522],K,SPEAKER_02,16593.285968750002,16593.522218750004
[ 04:36:34.568 -->  04:36:34.990],K,SPEAKER_02,16594.568468750003,16594.990343750003
[ 04:36:35.024 -->  04:36:35.412],AF,SPEAKER_25,16595.02409375,16595.412218750003
[ 04:36:35.378 -->  04:36:38.635],K,SPEAKER_02,16595.37846875,16598.63534375
[ 04:36:39.597 -->  04:36:45.317],K,SPEAKER_02,16599.59721875,16605.317843750003
[ 04:36:45.942 -->  04:36:47.612],K,SPEAKER_02,16605.942218750002,16607.61284375
[ 04:36:48.439 -->  04:36:54.312],K,SPEAKER_02,16608.43971875,16614.312218749998
[ 04:36:54.480 -->  04:36:58.058],K,SPEAKER_02,16614.480968750002,16618.05846875
[ 04:36:58.362 -->  04:37:02.699],K,SPEAKER_02,16618.36221875,16622.69909375
[ 04:37:03.002 -->  04:37:03.728],K,SPEAKER_02,16623.00284375,16623.72846875
[ 04:37:04.082 -->  04:37:04.656],K,SPEAKER_02,16624.082843750002,16624.656593749998
[ 04:37:05.095 -->  04:37:07.322],K,SPEAKER_02,16625.09534375,16627.32284375
[ 04:37:07.829 -->  04:37:11.237],K,SPEAKER_02,16627.82909375,16631.23784375
[ 04:37:12.047 -->  04:37:14.865],K,SPEAKER_02,16632.04784375,16634.865968750004
[ 04:37:15.321 -->  04:37:16.890],K,SPEAKER_02,16635.32159375,16636.890968749998
[ 04:37:17.430 -->  04:37:22.510],AF,SPEAKER_25,16637.43096875,16642.51034375
[ 04:37:17.464 -->  04:37:18.004],K,SPEAKER_02,16637.46471875,16638.004718750002
[ 04:37:22.510 -->  04:37:22.898],K,SPEAKER_02,16642.51034375,16642.898468749998
[ 04:37:22.898 -->  04:37:23.860],AF,SPEAKER_25,16642.898468749998,16643.86034375
[ 04:37:24.889 -->  04:37:34.086],AF,SPEAKER_25,16644.889718749997,16654.08659375
[ 04:37:34.086 -->  04:37:34.154],Y,SPEAKER_17,16654.08659375,16654.154093750003
[ 04:37:35.301 -->  04:37:35.335],AB,SPEAKER_20,16655.301593750002,16655.335343749997
[ 04:37:35.335 -->  04:37:35.369],AF,SPEAKER_25,16655.335343749997,16655.36909375
[ 04:37:35.369 -->  04:37:35.487],AB,SPEAKER_20,16655.36909375,16655.48721875
[ 04:37:35.487 -->  04:37:36.027],AF,SPEAKER_25,16655.48721875,16656.02721875
[ 04:37:36.027 -->  04:37:44.667],AB,SPEAKER_20,16656.02721875,16664.66721875
[ 04:37:46.050 -->  04:37:46.067],AB,SPEAKER_20,16666.05096875,16666.067843750003
[ 04:37:46.067 -->  04:37:46.304],I,SPEAKER_46,16666.067843750003,16666.304093749997
[ 04:37:46.894 -->  04:37:48.042],V,SPEAKER_14,16666.89471875,16668.04221875
[ 04:37:49.645 -->  04:37:57.222],V,SPEAKER_14,16669.645343750002,16677.22221875
[ 04:37:58.555 -->  04:38:11.886],V,SPEAKER_14,16678.55534375,16691.88659375
[ 04:38:12.426 -->  04:38:13.590],V,SPEAKER_14,16692.426593750002,16693.590968750003
[ 04:38:13.759 -->  04:38:19.716],V,SPEAKER_14,16693.75971875,16699.716593750003
[ 04:38:20.357 -->  04:38:24.627],V,SPEAKER_14,16700.357843750004,16704.62721875
[ 04:38:25.049 -->  04:38:27.360],V,SPEAKER_14,16705.04909375,16707.36096875
[ 04:38:27.900 -->  04:38:30.989],V,SPEAKER_14,16707.90096875,16710.989093750002
[ 04:38:31.326 -->  04:38:34.330],V,SPEAKER_14,16711.326593750004,16714.33034375
[ 04:38:34.785 -->  04:38:35.427],V,SPEAKER_14,16714.785968750002,16715.427218750003
[ 04:38:35.832 -->  04:38:38.616],V,SPEAKER_14,16715.83221875,16718.616593749997
[ 04:38:39.055 -->  04:38:40.405],V,SPEAKER_14,16719.05534375,16720.405343749997
[ 04:38:41.046 -->  04:38:54.647],V,SPEAKER_14,16721.046593749998,16734.647843749997
[ 04:38:54.884 -->  04:38:55.896],AB,SPEAKER_20,16734.88409375,16735.896593750003
[ 04:38:56.959 -->  04:39:07.118],AB,SPEAKER_20,16736.959718750004,16747.11846875
[ 04:39:07.337 -->  04:39:07.557],W,SPEAKER_15,16747.33784375,16747.55721875
[ 04:39:07.439 -->  04:39:08.907],AB,SPEAKER_20,16747.43909375,16748.90721875
[ 04:39:07.557 -->  04:39:07.607],R,SPEAKER_09,16747.55721875,16747.607843750004
[ 04:39:09.345 -->  04:39:09.970],W,SPEAKER_15,16749.34596875,16749.97034375
[ 04:39:09.970 -->  04:39:10.037],R,SPEAKER_09,16749.97034375,16750.037843750004
[ 04:39:10.037 -->  04:39:10.054],AB,SPEAKER_20,16750.037843750004,16750.054718749998
[ 04:39:10.054 -->  04:39:10.139],R,SPEAKER_09,16750.054718749998,16750.139093750004
[ 04:39:10.139 -->  04:39:10.155],AB,SPEAKER_20,16750.139093750004,16750.155968749998
[ 04:39:10.223 -->  04:39:10.290],AB,SPEAKER_20,16750.223468750002,16750.29096875
[ 04:39:10.290 -->  04:39:10.307],W,SPEAKER_15,16750.29096875,16750.30784375
[ 04:39:10.307 -->  04:39:10.358],R,SPEAKER_09,16750.30784375,16750.358468749997
[ 04:39:10.358 -->  04:39:12.332],AB,SPEAKER_20,16750.358468749997,16752.332843750002
[ 04:39:10.493 -->  04:39:10.915],R,SPEAKER_09,16750.49346875,16750.91534375
[ 04:39:13.699 -->  04:39:14.627],AB,SPEAKER_20,16753.699718750002,16754.62784375
[ 04:39:14.729 -->  04:39:15.589],AV,SPEAKER_42,16754.72909375,16755.58971875
[ 04:39:16.028 -->  04:39:28.904],AV,SPEAKER_42,16756.028468750003,16768.904093750003
[ 04:39:29.376 -->  04:39:31.064],AV,SPEAKER_42,16769.37659375,16771.06409375
[ 04:39:31.334 -->  04:39:31.975],AV,SPEAKER_42,16771.334093750003,16771.975343750004
[ 04:39:32.481 -->  04:39:33.662],AV,SPEAKER_42,16772.481593750003,16773.662843750004
[ 04:39:34.000 -->  04:39:40.446],AV,SPEAKER_42,16774.000343749998,16780.44659375
[ 04:39:40.969 -->  04:39:50.402],AV,SPEAKER_42,16780.96971875,16790.402843750002
[ 04:39:50.774 -->  04:39:53.862],AV,SPEAKER_42,16790.77409375,16793.86221875
[ 04:39:54.047 -->  04:39:55.532],AV,SPEAKER_42,16794.04784375,16795.53284375
[ 04:39:56.055 -->  04:40:03.818],AV,SPEAKER_42,16796.05596875,16803.818468750003
[ 04:40:04.105 -->  04:40:08.138],AV,SPEAKER_42,16804.10534375,16808.138468750003
[ 04:40:08.475 -->  04:40:17.436],AV,SPEAKER_42,16808.475968749997,16817.436593749997
[ 04:40:17.993 -->  04:40:18.735],AV,SPEAKER_42,16817.99346875,16818.73596875
[ 04:40:19.005 -->  04:40:30.345],AV,SPEAKER_42,16819.005968750003,16830.34596875
[ 04:40:32.404 -->  04:40:34.800],AF,SPEAKER_25,16832.404718750004,16834.80096875
[ 04:40:37.652 -->  04:40:39.154],AF,SPEAKER_25,16837.652843750002,16839.154718750004
[ 04:40:38.783 -->  04:40:39.137],Y,SPEAKER_17,16838.78346875,16839.137843750003
[ 04:40:39.154 -->  04:40:39.188],Y,SPEAKER_17,16839.154718750004,16839.18846875
[ 04:40:39.188 -->  04:40:39.492],X,SPEAKER_16,16839.18846875,16839.492218749998
[ 04:40:39.492 -->  04:40:40.504],Y,SPEAKER_17,16839.492218749998,16840.504718750002
[ 04:40:40.504 -->  04:40:42.175],AF,SPEAKER_25,16840.504718750002,16842.17534375
[ 04:40:41.804 -->  04:40:41.820],Y,SPEAKER_17,16841.804093749997,16841.82096875
[ 04:40:41.820 -->  04:40:42.715],AK,SPEAKER_30,16841.82096875,16842.715343750002
[ 04:40:42.715 -->  04:40:42.749],Y,SPEAKER_17,16842.715343750002,16842.749093749997
[ 04:40:42.749 -->  04:40:42.782],AK,SPEAKER_30,16842.749093749997,16842.78284375
[ 04:40:43.626 -->  04:40:43.694],Y,SPEAKER_17,16843.62659375,16843.694093750004
[ 04:40:44.099 -->  04:40:44.115],Y,SPEAKER_17,16844.099093750003,16844.115968750004
[ 04:40:44.115 -->  04:40:46.562],AK,SPEAKER_30,16844.115968750004,16846.562843749998
[ 04:40:47.912 -->  04:40:48.419],AK,SPEAKER_30,16847.912843750004,16848.419093750003
[ 04:40:49.701 -->  04:40:51.490],AK,SPEAKER_30,16849.701593750004,16851.490343750003
[ 04:40:51.962 -->  04:41:03.032],AK,SPEAKER_30,16851.96284375,16863.03284375
[ 04:41:03.032 -->  04:41:06.542],V,SPEAKER_14,16863.03284375,16866.54284375
[ 04:41:06.542 -->  04:41:07.960],AK,SPEAKER_30,16866.54284375,16867.960343749997
[ 04:41:07.757 -->  04:41:10.137],V,SPEAKER_14,16867.757843749998,16870.137218750002
[ 04:41:09.495 -->  04:41:10.154],AK,SPEAKER_30,16869.49596875,16870.154093750003
[ 04:41:12.837 -->  04:41:12.854],V,SPEAKER_14,16872.83721875,16872.85409375
[ 04:41:12.854 -->  04:41:13.309],AF,SPEAKER_25,16872.85409375,16873.309718750003
[ 04:41:13.967 -->  04:41:14.423],AK,SPEAKER_30,16873.967843749997,16874.42346875
[ 04:41:14.693 -->  04:41:19.283],AF,SPEAKER_25,16874.693468750003,16879.28346875
[ 04:41:18.000 -->  04:41:18.152],AK,SPEAKER_30,16878.00096875,16878.152843750002
[ 04:41:19.823 -->  04:41:20.211],AF,SPEAKER_25,16879.82346875,16880.21159375
[ 04:41:23.772 -->  04:41:24.160],AF,SPEAKER_25,16883.772218750004,16884.16034375
[ 04:41:24.379 -->  04:41:27.501],AF,SPEAKER_25,16884.379718750002,16887.50159375
[ 04:41:28.210 -->  04:41:31.112],AF,SPEAKER_25,16888.210343749997,16891.11284375
[ 04:41:29.948 -->  04:41:30.674],AK,SPEAKER_30,16889.94846875,16890.67409375
[ 04:41:31.365 -->  04:41:31.804],AF,SPEAKER_25,16891.365968750004,16891.804718749998
[ 04:41:32.412 -->  04:41:32.580],X,SPEAKER_16,16892.412218750003,16892.58096875
[ 04:41:37.339 -->  04:41:37.694],P,SPEAKER_07,16897.33971875,16897.694093750004
[ 04:41:38.925 -->  04:41:47.886],P,SPEAKER_07,16898.92596875,16907.88659375
[ 04:41:40.849 -->  04:41:42.030],AF,SPEAKER_25,16900.849718750003,16902.030968749998
[ 04:41:43.094 -->  04:41:43.735],AF,SPEAKER_25,16903.094093749998,16903.73534375
[ 04:41:48.932 -->  04:41:49.742],P,SPEAKER_07,16908.93284375,16909.74284375
[ 04:41:50.012 -->  04:41:53.033],P,SPEAKER_07,16910.012843750003,16913.03346875
[ 04:41:53.269 -->  04:41:55.716],P,SPEAKER_07,16913.26971875,16915.716593750003
[ 04:41:56.408 -->  04:41:57.167],P,SPEAKER_07,16916.40846875,16917.16784375
[ 04:41:58.079 -->  04:41:59.007],P,SPEAKER_07,16918.07909375,16919.007218749997
[ 04:42:00.525 -->  04:42:01.167],P,SPEAKER_07,16920.52596875,16921.16721875
[ 04:42:01.234 -->  04:42:06.617],P,SPEAKER_07,16921.234718749998,16926.61784375
[ 04:42:06.702 -->  04:42:08.288],P,SPEAKER_07,16926.702218749997,16928.288468749997
[ 04:42:08.524 -->  04:42:09.098],P,SPEAKER_07,16928.52471875,16929.098468750002
[ 04:42:09.925 -->  04:42:11.325],P,SPEAKER_07,16929.92534375,16931.325968750003
[ 04:42:11.984 -->  04:42:12.321],P,SPEAKER_07,16931.984093749998,16932.32159375
[ 04:42:12.726 -->  04:42:16.742],P,SPEAKER_07,16932.726593749998,16936.74284375
[ 04:42:17.198 -->  04:42:18.295],P,SPEAKER_07,16937.19846875,16938.295343750004
[ 04:42:18.970 -->  04:42:26.243],P,SPEAKER_07,16938.97034375,16946.24346875
[ 04:42:27.239 -->  04:42:31.812],P,SPEAKER_07,16947.239093750002,16951.812218749998
[ 04:42:33.044 -->  04:42:34.427],P,SPEAKER_07,16953.044093750003,16954.427843750003
[ 04:42:34.866 -->  04:42:35.271],P,SPEAKER_07,16954.866593749997,16955.271593750003
[ 04:42:35.777 -->  04:42:39.237],P,SPEAKER_07,16955.777843750002,16959.23721875
[ 04:42:39.979 -->  04:42:40.789],P,SPEAKER_07,16959.97971875,16960.78971875
[ 04:42:41.464 -->  04:42:41.835],P,SPEAKER_07,16961.46471875,16961.835968749998
[ 04:42:42.899 -->  04:42:49.547],P,SPEAKER_07,16962.89909375,16969.54784375
[ 04:42:49.817 -->  04:42:51.100],P,SPEAKER_07,16969.817843750003,16971.100343750004
[ 04:42:51.150 -->  04:42:53.850],P,SPEAKER_07,16971.15096875,16973.850968749997
[ 04:42:54.795 -->  04:42:59.031],P,SPEAKER_07,16974.795968749997,16979.031593749998
[ 04:42:59.689 -->  04:43:00.229],P,SPEAKER_07,16979.68971875,16980.22971875
[ 04:43:00.854 -->  04:43:02.136],P,SPEAKER_07,16980.85409375,16982.13659375
[ 04:43:02.389 -->  04:43:03.030],P,SPEAKER_07,16982.389718749997,16983.030968749998
[ 04:43:03.638 -->  04:43:08.869],P,SPEAKER_07,16983.638468750003,16988.86971875
[ 04:43:09.544 -->  04:43:10.050],P,SPEAKER_07,16989.544718750003,16990.05096875
[ 04:43:11.400 -->  04:43:19.315],P,SPEAKER_07,16991.40096875,16999.31534375
[ 04:43:19.551 -->  04:43:22.099],P,SPEAKER_07,16999.551593750002,17002.099718750003
[ 04:43:22.774 -->  04:43:24.141],P,SPEAKER_07,17002.77471875,17004.14159375
[ 04:43:24.563 -->  04:43:24.985],P,SPEAKER_07,17004.56346875,17004.98534375
[ 04:43:25.609 -->  04:43:26.115],P,SPEAKER_07,17005.609718749998,17006.115968750004
[ 04:43:26.537 -->  04:43:27.314],P,SPEAKER_07,17006.537843750004,17007.31409375
[ 04:43:27.786 -->  04:43:35.667],P,SPEAKER_07,17007.786593750003,17015.66721875
[ 04:43:36.375 -->  04:43:37.675],P,SPEAKER_07,17016.37596875,17017.67534375
[ 04:43:38.147 -->  04:43:38.839],P,SPEAKER_07,17018.147843749997,17018.83971875
[ 04:43:39.210 -->  04:43:40.307],P,SPEAKER_07,17019.210968749998,17020.30784375
[ 04:43:41.708 -->  04:43:42.400],P,SPEAKER_07,17021.708468750003,17022.40034375
[ 04:43:43.142 -->  04:43:45.218],P,SPEAKER_07,17023.14284375,17025.218468749998
[ 04:43:45.758 -->  04:43:49.015],P,SPEAKER_07,17025.75846875,17029.015343749998
[ 04:43:49.470 -->  04:43:54.600],P,SPEAKER_07,17029.47096875,17034.600968749997
[ 04:43:54.904 -->  04:43:54.955],P,SPEAKER_07,17034.904718750004,17034.95534375
[ 04:43:54.972 -->  04:43:55.799],P,SPEAKER_07,17034.97221875,17035.79909375
[ 04:43:56.558 -->  04:43:58.667],P,SPEAKER_07,17036.55846875,17038.66784375
[ 04:43:59.511 -->  04:44:00.287],P,SPEAKER_07,17039.51159375,17040.287843750004
[ 04:44:00.760 -->  04:44:01.249],P,SPEAKER_07,17040.76034375,17041.249718749998
[ 04:44:03.139 -->  04:44:06.869],P,SPEAKER_07,17043.139718749997,17046.86909375
[ 04:44:06.970 -->  04:44:07.122],X,SPEAKER_16,17046.97034375,17047.122218750003
[ 04:44:07.628 -->  04:44:09.889],P,SPEAKER_07,17047.62846875,17049.889718749997
[ 04:44:10.311 -->  04:44:10.902],P,SPEAKER_07,17050.311593749997,17050.90221875
[ 04:44:12.353 -->  04:44:16.605],P,SPEAKER_07,17052.35346875,17056.605968750002
[ 04:44:17.635 -->  04:44:19.778],P,SPEAKER_07,17057.63534375,17059.778468750003
[ 04:44:20.537 -->  04:44:22.562],P,SPEAKER_07,17060.537843750004,17062.562843749998
[ 04:44:22.647 -->  04:44:25.195],P,SPEAKER_07,17062.647218750004,17065.195343749998
[ 04:44:25.870 -->  04:44:26.646],P,SPEAKER_07,17065.87034375,17066.646593750003
[ 04:44:27.895 -->  04:44:29.447],P,SPEAKER_07,17067.895343750002,17069.44784375
[ 04:44:33.177 -->  04:44:38.965],AF,SPEAKER_25,17073.177218750003,17078.965343750002
[ 04:44:43.656 -->  04:44:45.867],AF,SPEAKER_25,17083.656593749998,17085.867218749998
[ 04:44:49.208 -->  04:44:52.465],AF,SPEAKER_25,17089.208468750003,17092.465343750002
[ 04:44:56.093 -->  04:44:57.004],AF,SPEAKER_25,17096.093468749998,17097.004718750002
[ 04:44:58.472 -->  04:45:00.869],AF,SPEAKER_25,17098.47284375,17100.86909375
[ 04:45:01.139 -->  04:45:07.973],B,SPEAKER_01,17101.139093750004,17107.973468750002
[ 04:45:08.091 -->  04:45:09.272],B,SPEAKER_01,17108.091593750003,17109.272843749997
[ 04:45:09.559 -->  04:45:16.343],B,SPEAKER_01,17109.559718750003,17116.343468749998
[ 04:45:16.697 -->  04:45:22.502],B,SPEAKER_01,17116.69784375,17122.50284375
[ 04:45:22.789 -->  04:45:38.770],B,SPEAKER_01,17122.78971875,17138.770343750002
[ 04:45:39.259 -->  04:45:47.275],B,SPEAKER_01,17139.25971875,17147.27534375
[ 04:45:47.528 -->  04:46:00.336],B,SPEAKER_01,17147.528468750003,17160.33659375
[ 04:46:01.230 -->  04:46:14.477],B,SPEAKER_01,17161.230968750002,17174.47784375
[ 04:46:14.680 -->  04:46:17.498],B,SPEAKER_01,17174.68034375,17177.498468750004
[ 04:46:18.359 -->  04:46:20.417],B,SPEAKER_01,17178.359093749998,17180.41784375
[ 04:46:20.957 -->  04:46:27.539],B,SPEAKER_01,17180.957843750002,17187.539093749998
[ 04:46:27.657 -->  04:46:30.677],B,SPEAKER_01,17187.65721875,17190.677843750003
[ 04:46:31.049 -->  04:46:50.134],B,SPEAKER_01,17191.04909375,17210.13471875
[ 04:46:50.505 -->  04:46:51.518],B,SPEAKER_01,17210.505968750003,17211.51846875
[ 04:46:51.940 -->  04:46:52.733],B,SPEAKER_01,17211.94034375,17212.733468749997
[ 04:46:53.239 -->  04:46:56.445],B,SPEAKER_01,17213.239718750003,17216.44596875
[ 04:46:56.580 -->  04:47:03.955],B,SPEAKER_01,17216.58096875,17223.95534375
[ 04:47:04.394 -->  04:47:06.790],B,SPEAKER_01,17224.39409375,17226.79034375
[ 04:47:07.499 -->  04:47:09.034],B,SPEAKER_01,17227.499093749997,17229.03471875
[ 04:47:10.755 -->  04:47:13.962],B,SPEAKER_01,17230.755968750003,17233.96221875
[ 04:47:15.700 -->  04:47:16.189],AF,SPEAKER_25,17235.700343750003,17236.18971875
[ 04:47:21.235 -->  04:47:22.517],AF,SPEAKER_25,17241.23534375,17242.51784375
[ 04:47:23.412 -->  04:47:24.036],AF,SPEAKER_25,17243.412218750003,17244.036593750003
[ 04:47:24.660 -->  04:47:26.196],AF,SPEAKER_25,17244.660968750002,17246.19659375
[ 04:47:26.432 -->  04:47:30.297],AF,SPEAKER_25,17246.43284375,17250.297218749998
[ 04:47:31.461 -->  04:47:32.659],AF,SPEAKER_25,17251.46159375,17252.65971875
[ 04:47:33.098 -->  04:47:35.899],AF,SPEAKER_25,17253.098468750002,17255.89971875
[ 04:47:36.135 -->  04:47:39.325],AF,SPEAKER_25,17256.13596875,17259.325343750003
[ 04:47:39.696 -->  04:47:41.130],AF,SPEAKER_25,17259.69659375,17261.130968750003
[ 04:47:43.139 -->  04:47:43.493],AF,SPEAKER_25,17263.139093750004,17263.49346875
[ 04:47:44.877 -->  04:47:46.834],AF,SPEAKER_25,17264.87721875,17266.834718750004
[ 04:47:45.349 -->  04:47:45.383],X,SPEAKER_16,17265.349718750003,17265.38346875
[ 04:47:45.383 -->  04:47:45.450],AD,SPEAKER_22,17265.38346875,17265.450968750003
[ 04:47:45.450 -->  04:47:45.518],X,SPEAKER_16,17265.450968750003,17265.51846875
[ 04:47:45.518 -->  04:47:45.805],AD,SPEAKER_22,17265.51846875,17265.80534375
[ 04:47:45.805 -->  04:47:45.906],X,SPEAKER_16,17265.80534375,17265.906593749998
[ 04:47:48.420 -->  04:47:48.690],X,SPEAKER_16,17268.420968749997,17268.69096875
[ 04:47:48.690 -->  04:47:51.947],AF,SPEAKER_25,17268.69096875,17271.94784375
[ 04:47:48.977 -->  04:47:49.737],X,SPEAKER_16,17268.97784375,17269.73721875
