source_file,segment_id,start,end,duration_seconds,speaker,text,n_text_words,n_aligned_words,n_words_with_speaker
CyrusOne/Cyrusone_Hearing_12032025.mp3,0,0.74,1.941,1.201,SPEAKER_12,THE BOARD WILL COME TO ORDER.,6,6,6
CyrusOne/Cyrusone_Hearing_12032025.mp3,1,3.301,5.102,1.8010000000000002,SPEAKER_12,INVOCATION BY MS. FULGENZI.,4,4,4
CyrusOne/Cyrusone_Hearing_12032025.mp3,2,5.982,7.662,1.6799999999999997,SPEAKER_12,PLEDGE OF ALLEGIANCE BY MR. CHUMMELIN.,6,6,6
CyrusOne/Cyrusone_Hearing_12032025.mp3,3,7.682,15.565,7.882999999999999,SPEAKER_16,"DEVON, FOLLOW ME OUT.",4,4,4
CyrusOne/Cyrusone_Hearing_12032025.mp3,4,15.605,17.245,1.6400000000000006,SPEAKER_41,PLEASE GUIDE US.,3,3,3
CyrusOne/Cyrusone_Hearing_12032025.mp3,5,17.746,23.287,5.541,SPEAKER_41,PLEASE HELP US TO SHOW OUR NEIGHBORS COMPASSION AND GRACE AND ALL THOSE THAT WE AGREE WITH OR DISAGREE WITH.,20,20,20
CyrusOne/Cyrusone_Hearing_12032025.mp3,6,24.028,28.589,4.561,SPEAKER_41,PLEASE HELP US ALL TO LISTEN AND TO LEARN TONIGHT SO THAT WE MAY MAKE THE BEST CHOICES FOR OUR COMMUNITY.,21,21,21
CyrusOne/Cyrusone_Hearing_12032025.mp3,7,30.087,35.011,4.924000000000003,SPEAKER_41,"And dear Lord, please bless everyone in this room and our community as we go into the holiday season.",19,19,19
CyrusOne/Cyrusone_Hearing_12032025.mp3,8,35.071,39.274,4.203000000000003,SPEAKER_41,"May everyone enjoy faith, family, and this season.",8,8,8
CyrusOne/Cyrusone_Hearing_12032025.mp3,9,39.754,39.934,0.17999999999999972,SPEAKER_41,Amen.,1,1,1
CyrusOne/Cyrusone_Hearing_12032025.mp3,10,39.954,55.225,15.271,SPEAKER_17,"I pledge allegiance to the flag of the United States of America and to the republic for which it stands, one nation, under God, indivisible, with liberty and justice for all.",31,31,31
CyrusOne/Cyrusone_Hearing_12032025.mp3,11,60.77,86.045,25.275,SPEAKER_12,an announcement to the public we will be closing the sign-up sheet speak tonight thirty minutes into the program so if you want to sign up to speak tonight please go outside there's a sign-up sheet the clerk will call the roll on this special hearing here's here canman canman excuse constant here desco,54,54,54
CyrusOne/Cyrusone_Hearing_12032025.mp3,12,89.2,89.68,0.480000000000004,SPEAKER_26,Excuse.,1,1,1
CyrusOne/Cyrusone_Hearing_12032025.mp3,13,90.401,90.561,0.1600000000000108,SPEAKER_26,Diener.,1,1,1
CyrusOne/Cyrusone_Hearing_12032025.mp3,14,90.581,90.701,0.11999999999999034,SPEAKER_26,Here.,1,1,1
CyrusOne/Cyrusone_Hearing_12032025.mp3,15,91.642,92.182,0.5400000000000063,SPEAKER_26,DelGiorno.,1,1,1
CyrusOne/Cyrusone_Hearing_12032025.mp3,16,92.382,92.623,0.24099999999999966,SPEAKER_26,Here.,1,1,1
CyrusOne/Cyrusone_Hearing_12032025.mp3,17,92.823,93.183,0.36000000000001364,SPEAKER_26,Steppe.,1,1,1
CyrusOne/Cyrusone_Hearing_12032025.mp3,18,95.305,95.525,0.21999999999999886,SPEAKER_26,Excuse.,1,1,1
CyrusOne/Cyrusone_Hearing_12032025.mp3,19,96.265,96.886,0.6209999999999951,SPEAKER_26,Douglas Williams.,2,2,2
CyrusOne/Cyrusone_Hearing_12032025.mp3,20,97.786,97.887,0.10099999999999909,SPEAKER_26,Here.,1,1,1
CyrusOne/Cyrusone_Hearing_12032025.mp3,21,97.907,98.247,0.3400000000000034,SPEAKER_26,Forsyth.,1,1,1
CyrusOne/Cyrusone_Hearing_12032025.mp3,22,98.267,98.387,0.12000000000000455,SPEAKER_26,Here.,1,1,1
CyrusOne/Cyrusone_Hearing_12032025.mp3,23,99.348,99.628,0.28000000000000114,SPEAKER_26,Frazee.,1,1,1
CyrusOne/Cyrusone_Hearing_12032025.mp3,24,99.648,99.748,0.10000000000000853,SPEAKER_26,Here.,1,1,1
CyrusOne/Cyrusone_Hearing_12032025.mp3,25,100.649,101.089,0.4399999999999977,SPEAKER_26,Fulgenzi.,1,1,1
CyrusOne/Cyrusone_Hearing_12032025.mp3,26,101.109,101.229,0.12000000000000455,SPEAKER_26,Here.,1,1,1
CyrusOne/Cyrusone_Hearing_12032025.mp3,27,102.05,102.39,0.3400000000000034,SPEAKER_26,Guyton.,1,1,1
CyrusOne/Cyrusone_Hearing_12032025.mp3,28,103.46,103.88,0.4200000000000017,SPEAKER_26,Excused.,1,1,1
CyrusOne/Cyrusone_Hearing_12032025.mp3,29,103.9,104.0,0.09999999999999432,SPEAKER_26,Hall.,1,1,1
CyrusOne/Cyrusone_Hearing_12032025.mp3,30,105.18,105.46,0.2799999999999869,SPEAKER_26,Here.,1,1,1
CyrusOne/Cyrusone_Hearing_12032025.mp3,31,106.721,107.041,0.3199999999999932,SPEAKER_26,Crell.,1,1,1
CyrusOne/Cyrusone_Hearing_12032025.mp3,32,107.321,107.461,0.14000000000000057,SPEAKER_26,Here.,1,1,1
CyrusOne/Cyrusone_Hearing_12032025.mp3,33,108.041,108.381,0.3400000000000034,SPEAKER_26,Lathan.,1,1,1
CyrusOne/Cyrusone_Hearing_12032025.mp3,34,109.081,109.221,0.14000000000000057,SPEAKER_17,Here.,1,1,1
CyrusOne/Cyrusone_Hearing_12032025.mp3,35,110.321,110.741,0.4200000000000017,SPEAKER_26,Madonia.,1,1,1
CyrusOne/Cyrusone_Hearing_12032025.mp3,36,111.002,111.222,0.21999999999999886,SPEAKER_26,Here.,1,1,1
CyrusOne/Cyrusone_Hearing_12032025.mp3,37,111.822,112.282,0.45999999999999375,SPEAKER_26,McGuire.,1,1,1
CyrusOne/Cyrusone_Hearing_12032025.mp3,38,113.802,114.202,0.3999999999999915,SPEAKER_26,Excused.,1,1,1
CyrusOne/Cyrusone_Hearing_12032025.mp3,39,115.562,115.963,0.40099999999999625,SPEAKER_26,Mendenhall.,1,1,1
CyrusOne/Cyrusone_Hearing_12032025.mp3,40,116.403,116.583,0.1799999999999926,SPEAKER_17,Here.,1,1,1
CyrusOne/Cyrusone_Hearing_12032025.mp3,41,117.123,117.403,0.28000000000000114,SPEAKER_26,Miller.,1,1,1
CyrusOne/Cyrusone_Hearing_12032025.mp3,42,117.743,117.943,0.20000000000000284,SPEAKER_17,Here.,1,1,1
CyrusOne/Cyrusone_Hearing_12032025.mp3,43,119.063,119.343,0.28000000000000114,SPEAKER_26,Rader.,1,1,1
CyrusOne/Cyrusone_Hearing_12032025.mp3,44,119.843,120.043,0.20000000000000284,SPEAKER_26,Here.,1,1,1
CyrusOne/Cyrusone_Hearing_12032025.mp3,45,120.443,120.764,0.32099999999999795,SPEAKER_26,Scaife.,1,1,1
CyrusOne/Cyrusone_Hearing_12032025.mp3,46,121.024,121.204,0.1799999999999926,SPEAKER_26,Here.,1,1,1
CyrusOne/Cyrusone_Hearing_12032025.mp3,47,121.684,122.064,0.37999999999999545,SPEAKER_26,Shackman.,1,1,1
CyrusOne/Cyrusone_Hearing_12032025.mp3,48,122.424,122.604,0.1799999999999926,SPEAKER_26,Here.,1,1,1
CyrusOne/Cyrusone_Hearing_12032025.mp3,49,122.924,123.264,0.3399999999999892,SPEAKER_26,Shepard.,1,1,1
CyrusOne/Cyrusone_Hearing_12032025.mp3,50,125.064,125.464,0.4000000000000057,SPEAKER_26,Excused.,1,1,1
CyrusOne/Cyrusone_Hearing_12032025.mp3,51,126.325,126.665,0.3400000000000034,SPEAKER_26,Small.,1,1,1
CyrusOne/Cyrusone_Hearing_12032025.mp3,52,127.925,128.025,0.10000000000000853,SPEAKER_26,Here.,1,1,1
CyrusOne/Cyrusone_Hearing_12032025.mp3,53,128.045,128.285,0.2400000000000091,SPEAKER_26,Stumpf.,1,1,1
CyrusOne/Cyrusone_Hearing_12032025.mp3,54,128.705,128.905,0.19999999999998863,SPEAKER_26,Here.,1,1,1
CyrusOne/Cyrusone_Hearing_12032025.mp3,55,129.285,129.665,0.37999999999999545,SPEAKER_26,Thomas.,1,1,1
CyrusOne/Cyrusone_Hearing_12032025.mp3,56,129.845,130.005,0.1599999999999966,SPEAKER_26,Here.,1,1,1
CyrusOne/Cyrusone_Hearing_12032025.mp3,57,130.465,130.826,0.36099999999999,SPEAKER_26,Chumlin.,1,1,1
CyrusOne/Cyrusone_Hearing_12032025.mp3,58,131.066,131.206,0.13999999999998636,SPEAKER_26,Here.,1,1,1
CyrusOne/Cyrusone_Hearing_12032025.mp3,59,131.646,132.106,0.46000000000000796,SPEAKER_26,Truex.,1,1,1
CyrusOne/Cyrusone_Hearing_12032025.mp3,60,132.586,132.786,0.19999999999998863,SPEAKER_07,Here.,1,1,1
CyrusOne/Cyrusone_Hearing_12032025.mp3,61,133.178,158.204,25.02600000000001,SPEAKER_12,chairman's also present twenty three present six acts thank you mister clark we know we have a number of board members who are still trying to find a place to park but they will be here here shortly and we have a long agenda tonight so we thought it was important to go ahead and get started uh... is there a motion from the flora for organizing this evening's meeting mr delgiano mr delgiano is recognized,76,76,76
CyrusOne/Cyrusone_Hearing_12032025.mp3,62,163.15,172.881,9.730999999999995,SPEAKER_18,"Mr. Chairman, there is a resolution that has been distributed establishing purpose and procedure for today's public hearing on the proposed data center, and I would move that that be adopted.",31,31,31
CyrusOne/Cyrusone_Hearing_12032025.mp3,63,173.221,173.762,0.5409999999999968,SPEAKER_12,Is there a second?,4,4,4
CyrusOne/Cyrusone_Hearing_12032025.mp3,64,173.782,175.443,1.6610000000000014,SPEAKER_12,Second.,1,1,1
CyrusOne/Cyrusone_Hearing_12032025.mp3,65,175.464,176.685,1.2210000000000036,SPEAKER_12,All in favor signify by saying aye.,7,7,7
CyrusOne/Cyrusone_Hearing_12032025.mp3,66,177.305,177.406,0.10099999999999909,SPEAKER_18,Aye.,1,1,1
CyrusOne/Cyrusone_Hearing_12032025.mp3,67,177.426,178.287,0.8610000000000184,SPEAKER_12,"Opposed, no.",2,2,2
CyrusOne/Cyrusone_Hearing_12032025.mp3,68,178.407,179.027,0.6199999999999761,SPEAKER_12,The ayes have it.,4,4,4
CyrusOne/Cyrusone_Hearing_12032025.mp3,69,179.428,181.049,1.6210000000000093,SPEAKER_12,Motion to organize the meeting is approved.,7,7,7
CyrusOne/Cyrusone_Hearing_12032025.mp3,70,181.49,184.293,2.8029999999999973,SPEAKER_12,Is there a motion for a temporary chairman for the hearing?,11,11,11
CyrusOne/Cyrusone_Hearing_12032025.mp3,71,187.437,188.077,0.6399999999999864,SPEAKER_30,Chairman.,1,1,1
CyrusOne/Cyrusone_Hearing_12032025.mp3,72,188.478,189.078,0.5999999999999943,SPEAKER_30,Mr. Madonia.,2,2,2
CyrusOne/Cyrusone_Hearing_12032025.mp3,73,189.778,194.741,4.963000000000022,SPEAKER_30,"I move that Mr. Stump, District 16 board member, be appointed chairman of the meeting.",15,15,15
CyrusOne/Cyrusone_Hearing_12032025.mp3,74,194.921,195.522,0.6009999999999991,SPEAKER_12,Is there a second?,4,4,4
CyrusOne/Cyrusone_Hearing_12032025.mp3,75,196.943,197.123,0.1799999999999784,SPEAKER_12,Second.,1,1,1
CyrusOne/Cyrusone_Hearing_12032025.mp3,76,197.143,198.023,0.8799999999999955,SPEAKER_12,Second by Mr. Desjardins.,4,4,4
CyrusOne/Cyrusone_Hearing_12032025.mp3,77,198.043,204.427,6.383999999999986,SPEAKER_12,"All in favor of the motion for Mr. Stump to serve as the presiding chairman of the hearing, signify by saying aye.",22,22,22
CyrusOne/Cyrusone_Hearing_12032025.mp3,78,204.447,204.567,0.12000000000000455,SPEAKER_12,Aye.,1,1,1
CyrusOne/Cyrusone_Hearing_12032025.mp3,79,205.588,206.208,0.6200000000000045,SPEAKER_12,"Opposed, no.",2,2,2
CyrusOne/Cyrusone_Hearing_12032025.mp3,80,206.228,207.629,1.400999999999982,SPEAKER_12,The ayes have it.,4,4,4
CyrusOne/Cyrusone_Hearing_12032025.mp3,81,207.689,211.151,3.4620000000000175,SPEAKER_12,"Mr. Stump, if you would come up and take charge of the meeting, please.",14,14,14
CyrusOne/Cyrusone_Hearing_12032025.mp3,82,240.773,241.513,0.7400000000000091,SPEAKER_25,"Hello, everyone.",2,2,2
CyrusOne/Cyrusone_Hearing_12032025.mp3,83,245.616,246.376,0.7599999999999909,SPEAKER_25,Thank you again.,3,3,3
CyrusOne/Cyrusone_Hearing_12032025.mp3,84,246.396,263.166,16.77000000000001,SPEAKER_25,"The last time we were in this room a few months back, many months back, we were talking about the carbon dioxide lines, and I much appreciated running that meeting, and I thank you for asking me, board members, to run this one.",43,43,43
CyrusOne/Cyrusone_Hearing_12032025.mp3,85,264.026,266.187,2.1610000000000014,SPEAKER_25,"As you can tell, I have a little bit of a cold tonight.",13,13,13
CyrusOne/Cyrusone_Hearing_12032025.mp3,86,266.528,267.428,0.8999999999999773,SPEAKER_25,"You will not get it, sir.",6,6,6
CyrusOne/Cyrusone_Hearing_12032025.mp3,87,270.161,273.984,3.822999999999979,SPEAKER_25,First thing I'd like to do is an intro.,9,9,9
CyrusOne/Cyrusone_Hearing_12032025.mp3,88,274.584,283.371,8.786999999999978,SPEAKER_25,"Thank you, Chairman Van Meter, and thank you to my fellow board members for your confidence in asking me to preside over tonight's hearing.",24,24,24
CyrusOne/Cyrusone_Hearing_12032025.mp3,89,283.391,287.454,4.062999999999988,SPEAKER_25,I also want to thank all of the presenters that are here this evening.,14,14,14
CyrusOne/Cyrusone_Hearing_12032025.mp3,90,288.135,298.043,9.908000000000015,SPEAKER_25,"Every time a presenter gets up here tonight, whether concerned citizens or proponents of this project, I might have them introduce themselves before they start to talk.",27,27,27
CyrusOne/Cyrusone_Hearing_12032025.mp3,91,298.932,304.816,5.883999999999958,SPEAKER_25,And I'd like to thank as well every member of the public who took the time to attend.,18,18,18
CyrusOne/Cyrusone_Hearing_12032025.mp3,92,305.356,308.258,2.901999999999987,SPEAKER_25,Your participation is an important part of this process.,9,9,9
CyrusOne/Cyrusone_Hearing_12032025.mp3,93,308.918,316.783,7.865000000000009,SPEAKER_25,"I know that many board members and many members of our community have questions about this project, this proposed project.",20,20,20
CyrusOne/Cyrusone_Hearing_12032025.mp3,94,317.183,326.188,9.004999999999995,SPEAKER_25,"Tonight we'll give residents the opportunity to hear directly from the developer, from the opponents of the project, and from our professional staff.",23,23,23
CyrusOne/Cyrusone_Hearing_12032025.mp3,95,327.112,332.173,5.060999999999979,SPEAKER_25,OUR HOPE IS THAT THESE PRESENTATIONS WILL HELP ADDRESS THE QUESTIONS AND CONCERNS THAT HAVE BEEN RAISED.,17,17,17
CyrusOne/Cyrusone_Hearing_12032025.mp3,96,332.853,335.454,2.600999999999999,SPEAKER_25,TONIGHT'S HEARING WILL FOLLOW A STRUCTURED SCHEDULE.,7,7,7
CyrusOne/Cyrusone_Hearing_12032025.mp3,97,336.154,341.936,5.781999999999982,SPEAKER_25,"WE WILL BEGIN WITH A 30-MINUTE PRESENTATION FROM CYRUS I, FOLLOWED BY A BOARD MEMBER QUESTION VARIANT.",17,17,17
CyrusOne/Cyrusone_Hearing_12032025.mp3,98,342.796,352.338,9.54200000000003,SPEAKER_25,"AFTER THAT, THE COALITION FOR THE SPRINGFIELD UTILITY FUTURE WILL PROVIDE THEIR 30-MINUTE PRESENTATION, AND AGAIN, FOLLOWED BY QUESTIONS FROM THE BOARD.",22,22,22
CyrusOne/Cyrusone_Hearing_12032025.mp3,99,353.38,358.643,5.262999999999977,SPEAKER_25,County staff and subject matter experts will then give their presentation and take board questions.,15,15,15
CyrusOne/Cyrusone_Hearing_12032025.mp3,100,359.463,366.046,6.58299999999997,SPEAKER_25,"At the conclusion of these presentations, we will move into public comment, where each speaker will have three minutes.",19,19,19
CyrusOne/Cyrusone_Hearing_12032025.mp3,101,366.967,375.831,8.864000000000033,SPEAKER_25,"I want to remind everyone that only recognized speakers, whether they're presenters, board members, or members of the public, should be speaking at any given time.",26,26,26
CyrusOne/Cyrusone_Hearing_12032025.mp3,102,376.611,382.254,5.643000000000029,SPEAKER_25,Please allow them to be heard clearly without interruption in a respectful environment,13,13,13
CyrusOne/Cyrusone_Hearing_12032025.mp3,103,382.86,390.405,7.544999999999959,SPEAKER_25,"just like we had at the carbon dioxide lines, will allow us to work through the information before us in a constructive manner.",23,23,23
CyrusOne/Cyrusone_Hearing_12032025.mp3,104,391.085,399.09,8.004999999999995,SPEAKER_25,I think it's important that we all listen closely to the presentations as your questions may very well be addressed during these sessions.,23,23,23
CyrusOne/Cyrusone_Hearing_12032025.mp3,105,400.311,406.695,6.3840000000000146,SPEAKER_25,"So if you were going to come up and say something, everything that you were going to ask may be answered already.",22,22,22
CyrusOne/Cyrusone_Hearing_12032025.mp3,106,407.622,432.329,24.706999999999994,SPEAKER_25,many of you will remember that the twenty twenty three public hearing on the carbon dioxide pipeline that was a long night with many strong opinions that the community showed patients and respect throughout that process i hope we can maintain that same level of civility this evening and i also want to remind uh... the people and uh... the developers and everyone here tonight that has an interest on either side of this project,75,75,75
CyrusOne/Cyrusone_Hearing_12032025.mp3,107,434.719,437.901,3.1820000000000164,SPEAKER_25,And there was people that were asking for a moratorium.,10,10,10
CyrusOne/Cyrusone_Hearing_12032025.mp3,108,438.461,449.087,10.625999999999976,SPEAKER_25,"Well, there's going to be basically a de facto moratorium anyway because of the lengthy part of this process, the large scope of the process, and you'll hear more about that tonight.",32,32,32
CyrusOne/Cyrusone_Hearing_12032025.mp3,109,449.627,457.192,7.564999999999998,SPEAKER_25,But there's still probably going to be a couple more county board meetings before we even vote for this as county board members.,23,23,23
CyrusOne/Cyrusone_Hearing_12032025.mp3,110,457.732,463.395,5.662999999999954,SPEAKER_25,There's going to be a couple more zoning meetings at the county building before we even vote.,17,17,17
CyrusOne/Cyrusone_Hearing_12032025.mp3,111,463.933,464.593,0.660000000000025,SPEAKER_25,this project.,2,2,2
CyrusOne/Cyrusone_Hearing_12032025.mp3,112,464.954,475.5,10.545999999999992,SPEAKER_25,There's going to be a couple more Zoning Board of Appeals meetings and that's the group of five that will send the County Board the recommendation of a yes or no to the project.,34,34,34
CyrusOne/Cyrusone_Hearing_12032025.mp3,113,476.12,486.706,10.586000000000013,SPEAKER_25,And at any of those six that I just told you about the public can come up or any group can come up that signs up and talk and say what they want to say about the project one way or another.,42,42,42
CyrusOne/Cyrusone_Hearing_12032025.mp3,114,487.447,490.489,3.041999999999973,SPEAKER_25,Then there will be a final County Board meeting and,10,10,10
CyrusOne/Cyrusone_Hearing_12032025.mp3,115,491.878,515.442,23.56400000000002,SPEAKER_25,will also be a final zoning board of appeals meeting and that will be our final vote but normally on these zoning issues things will carry or they'll go a month or two and that's it this one here it may it may get out into the light spring area here but not sure yet i just wanted to let you know that for anyone that wanted a moratorium or thought that they needed more time,76,76,76
CyrusOne/Cyrusone_Hearing_12032025.mp3,116,516.124,526.694,10.569999999999936,SPEAKER_25,"As always, these big projects work themselves out, and you will get plenty of time to say whatever it is that you want to say to the full county board at any time.",33,33,33
CyrusOne/Cyrusone_Hearing_12032025.mp3,117,527.995,533.601,5.6059999999999945,SPEAKER_25,"Is there any county board members that have any questions before I go into the itinerary, how we do this?",20,20,20
CyrusOne/Cyrusone_Hearing_12032025.mp3,118,538.565,540.367,1.8019999999999072,SPEAKER_25,"Okay, where are the water stations at?",7,7,7
CyrusOne/Cyrusone_Hearing_12032025.mp3,119,541.512,568.603,27.091000000000008,SPEAKER_25,everyone in this room if you need water there's water stations at both sides of this room over here and uh... so under the first thing as you see board members under exhibit one the roll call rules welcome the very first thing we're going to do is the cyrus one presentation but when they give their presentation here it's going to be for thirty minutes up to thirty minutes and then we're going to have a thirty minute,79,79,79
CyrusOne/Cyrusone_Hearing_12032025.mp3,120,569.949,599.503,29.554000000000087,SPEAKER_25,board member question from the sanguine county board members only when they do do this each board member can be recognized up to two times and in them two times five minutes will go by and that's your time and the people that you're talking about are asking the questions to together so if both times add up to the five minutes we have to move on to the next board member just so that for the public knows,79,79,79
CyrusOne/Cyrusone_Hearing_12032025.mp3,121,599.853,601.353,1.5,SPEAKER_25,There's 29 of us up here.,6,6,6
CyrusOne/Cyrusone_Hearing_12032025.mp3,122,601.433,605.954,4.520999999999958,SPEAKER_25,"So with these four different sessions, it's hard to regulate that sometimes.",12,12,12
CyrusOne/Cyrusone_Hearing_12032025.mp3,123,605.994,607.754,1.759999999999991,SPEAKER_25,But we seem to get it done.,7,7,7
CyrusOne/Cyrusone_Hearing_12032025.mp3,124,608.595,617.036,8.440999999999917,SPEAKER_25,"And so with that being said, I would like to call up the very first speaker.",16,16,16
CyrusOne/Cyrusone_Hearing_12032025.mp3,125,617.396,618.856,1.4600000000000364,SPEAKER_25,And it's from Cyrus One.,5,5,5
CyrusOne/Cyrusone_Hearing_12032025.mp3,126,619.256,620.317,1.0610000000000355,SPEAKER_25,And where are they going to come up to?,9,9,9
CyrusOne/Cyrusone_Hearing_12032025.mp3,127,620.377,620.697,0.32000000000005,SPEAKER_25,Right here?,2,2,2
CyrusOne/Cyrusone_Hearing_12032025.mp3,128,621.657,621.777,0.12000000000000455,SPEAKER_25,OK.,1,1,1
CyrusOne/Cyrusone_Hearing_12032025.mp3,129,622.337,622.717,0.37999999999999545,SPEAKER_25,Thank you.,2,2,2
CyrusOne/Cyrusone_Hearing_12032025.mp3,130,624.077,625.037,0.9600000000000364,SPEAKER_25,Please introduce yourself.,3,3,3
CyrusOne/Cyrusone_Hearing_12032025.mp3,131,625.057,626.498,1.441000000000031,SPEAKER_14,"BRAD HOUTT, Good evening.",4,4,4
CyrusOne/Cyrusone_Hearing_12032025.mp3,132,626.518,628.058,1.5399999999999636,SPEAKER_14,My name is Brad Houtt with Cyrus One.,8,8,8
CyrusOne/Cyrusone_Hearing_12032025.mp3,133,628.691,629.331,0.6399999999999864,SPEAKER_25,Is there a clicker?,4,4,4
CyrusOne/Cyrusone_Hearing_12032025.mp3,134,629.351,629.671,0.32000000000005,SPEAKER_14,Perfect.,1,1,1
CyrusOne/Cyrusone_Hearing_12032025.mp3,135,630.051,630.791,0.7400000000000091,SPEAKER_14,Thank you very much.,4,4,4
CyrusOne/Cyrusone_Hearing_12032025.mp3,136,632.632,632.892,0.2600000000001046,,All right.,2,2,0
CyrusOne/Cyrusone_Hearing_12032025.mp3,137,633.032,633.452,0.4199999999999591,SPEAKER_14,Let me just get...,4,4,4
CyrusOne/Cyrusone_Hearing_12032025.mp3,138,638.713,639.073,0.36000000000001364,SPEAKER_14,Very good.,2,2,2
CyrusOne/Cyrusone_Hearing_12032025.mp3,139,640.033,641.474,1.441000000000031,SPEAKER_14,"Thank you, everyone, for coming out tonight.",7,7,7
CyrusOne/Cyrusone_Hearing_12032025.mp3,140,641.494,642.634,1.1399999999999864,SPEAKER_14,This has been an incredible turnout.,6,6,6
CyrusOne/Cyrusone_Hearing_12032025.mp3,141,643.694,657.137,13.442999999999984,SPEAKER_14,"Greatly appreciate you taking time out of your lives and your evening to learn more about this project, and I hope that we're able to deliver some information that answers the questions that you have, and we're happy to provide any follow-up answers to questions that come after this as well.",51,51,51
CyrusOne/Cyrusone_Hearing_12032025.mp3,142,658.069,664.415,6.346000000000004,SPEAKER_14,"So I'm joined here tonight by a few colleagues, seen here up on the screen and seated here to the right, which are available to help me answer questions.",29,29,29
CyrusOne/Cyrusone_Hearing_12032025.mp3,143,664.435,669.861,5.426000000000045,SPEAKER_14,They may come up from the county board members as we proceed with the evening's activities.,16,16,16
CyrusOne/Cyrusone_Hearing_12032025.mp3,144,671.943,677.448,5.5049999999999955,SPEAKER_14,"As a matter of introduction, for those that aren't familiar, Cyrus One, we're a global owner, operator, and developer of data centers.",22,22,22
CyrusOne/Cyrusone_Hearing_12032025.mp3,145,678.004,683.586,5.581999999999994,SPEAKER_14,"We're based in Dallas, Texas, and we operate over 55 data centers across the United States, Europe, and Japan.",19,19,19
CyrusOne/Cyrusone_Hearing_12032025.mp3,146,683.606,687.787,4.18100000000004,SPEAKER_14,"While we're based in Dallas, we have a significant presence in Illinois currently.",13,13,13
CyrusOne/Cyrusone_Hearing_12032025.mp3,147,688.428,700.672,12.244000000000028,SPEAKER_14,"We've invested over $1.2 billion in Illinois, with four operational data centers currently and six in development.",17,17,17
CyrusOne/Cyrusone_Hearing_12032025.mp3,148,702.043,707.945,5.902000000000044,SPEAKER_14,across these activities in northern Illinois currently we're supporting hundreds of employees and contractors currently.,15,15,15
CyrusOne/Cyrusone_Hearing_12032025.mp3,149,708.566,713.908,5.3419999999999845,SPEAKER_14,"The idea of this project is to bring this economic impact, these jobs and this investment to central Illinois.",19,19,19
CyrusOne/Cyrusone_Hearing_12032025.mp3,150,715.568,722.231,6.663000000000011,SPEAKER_14,And with this campus it represents a continued commitment to bringing additional economic investment to communities across the state.,19,19,19
CyrusOne/Cyrusone_Hearing_12032025.mp3,151,733.198,737.302,4.104000000000042,SPEAKER_14,"Further into the introduction, I wanted to provide an overview of the sites that we operate.",16,16,16
CyrusOne/Cyrusone_Hearing_12032025.mp3,152,738.103,739.624,1.5210000000000719,SPEAKER_14,So we've got a presence in North America.,8,8,8
CyrusOne/Cyrusone_Hearing_12032025.mp3,153,739.824,742.266,2.4420000000000073,SPEAKER_14,We operate in Europe across multiple countries.,7,7,7
CyrusOne/Cyrusone_Hearing_12032025.mp3,154,742.727,747.711,4.984000000000037,SPEAKER_14,We have a small presence in Japan as a result of a joint venture we have with a power company there.,21,21,21
CyrusOne/Cyrusone_Hearing_12032025.mp3,155,755.055,770.724,15.669000000000096,SPEAKER_14,"So talking about the site itself, I think most people are familiar with where this is located, but generally it's 280 acres directly just north of the Black Diamond, Double Black Diamond solar farm, roughly two and a quarter miles east of Louder.",43,43,43
CyrusOne/Cyrusone_Hearing_12032025.mp3,156,771.383,774.625,3.241999999999962,SPEAKER_14,"or, sorry, west of Lowder and about three miles west of Waverly.",12,12,12
CyrusOne/Cyrusone_Hearing_12032025.mp3,157,777.147,786.073,8.92599999999993,SPEAKER_14,"It's the double black diamond solar farm covers 4,100 acres, and we really chose this site because of its proximity to existing infrastructure and power capacity.",26,26,26
CyrusOne/Cyrusone_Hearing_12032025.mp3,158,789.996,796.361,6.365000000000009,SPEAKER_14,"Across the 280 acres, and I'll pull up our site plan, we have six buildings planned.",16,16,16
CyrusOne/Cyrusone_Hearing_12032025.mp3,159,799.497,799.957,0.4600000000000364,SPEAKER_10,"Oh, my goodness.",3,3,3
CyrusOne/Cyrusone_Hearing_12032025.mp3,160,800.818,801.238,0.42000000000007276,SPEAKER_14,There we go.,3,3,3
CyrusOne/Cyrusone_Hearing_12032025.mp3,161,802.239,804.521,2.2819999999999254,SPEAKER_14,Six buildings planned across the 280 acres.,7,7,7
CyrusOne/Cyrusone_Hearing_12032025.mp3,162,804.841,806.002,1.1609999999999445,SPEAKER_14,So that's six data centers.,5,5,5
CyrusOne/Cyrusone_Hearing_12032025.mp3,163,806.222,808.944,2.72199999999998,SPEAKER_14,The buildings are shown there in black and orange.,9,9,9
CyrusOne/Cyrusone_Hearing_12032025.mp3,164,809.845,820.113,10.268000000000029,SPEAKER_14,"The black portions of the building are the data hall center space, and then the orange portions have the equipment yards that contain the emergency generators and support backup equipment.",30,30,30
CyrusOne/Cyrusone_Hearing_12032025.mp3,165,821.94,824.962,3.0219999999999345,SPEAKER_14,"ALL TOLD, EACH BUILDING TAKES 12 TO 15 MONTHS TO CONSTRUCT.",11,11,11
CyrusOne/Cyrusone_Hearing_12032025.mp3,166,825.923,828.204,2.280999999999949,SPEAKER_14,"SO WITH SIX BUILDINGS, WE COULD AS MANY AS SIX PHASES.",11,11,11
CyrusOne/Cyrusone_Hearing_12032025.mp3,167,828.665,833.008,4.343000000000075,SPEAKER_14,WE COULD BE BUILDING TWO OF THESE BUILDINGS AT ONCE IF WE SEE THE DEMAND FOR THAT.,17,17,17
CyrusOne/Cyrusone_Hearing_12032025.mp3,168,833.889,841.634,7.7450000000000045,SPEAKER_14,"BUT ON THE SHORT END, SEEING SIX BUILDINGS AND UNDERSTANDING 12 MONTHS PER BUILDING, THIS IS A SIX-YEAR DEVELOPMENT CYCLE FOR THIS CAMPUS.",23,23,23
CyrusOne/Cyrusone_Hearing_12032025.mp3,169,841.994,846.317,4.322999999999979,SPEAKER_14,"AND ON THE LONG END, IT'S POSSIBLY UP TO EIGHT OR NINE YEARS.",13,13,13
CyrusOne/Cyrusone_Hearing_12032025.mp3,170,846.698,850.0,3.302000000000021,SPEAKER_14,SO THAT'S A LONG-TERM DEVELOPMENT CYCLE THAT'S PROVIDING HUNDREDS OF JOBS,11,11,11
CyrusOne/Cyrusone_Hearing_12032025.mp3,171,850.503,856.577,6.073999999999955,SPEAKER_14,hundreds of union labor jobs here locally in Sangamon County to help us realize the vision that's shown on the screen.,21,21,21
CyrusOne/Cyrusone_Hearing_12032025.mp3,172,857.86,860.145,2.284999999999968,SPEAKER_14,We have on-site water detention ponds to control runoff.,9,9,9
CyrusOne/Cyrusone_Hearing_12032025.mp3,173,860.679,862.08,1.4010000000000673,SPEAKER_14,to the neighboring farms.,4,4,4
CyrusOne/Cyrusone_Hearing_12032025.mp3,174,862.74,870.426,7.6860000000000355,SPEAKER_14,We're using existing drainageways and are conducting a drain tile survey to make sure that the existing drainageways are maintained or protected as much as possible.,26,26,26
CyrusOne/Cyrusone_Hearing_12032025.mp3,175,871.447,875.149,3.701999999999998,SPEAKER_14,We have an onsite substation that transforms power to deliver the power to the buildings.,15,15,15
CyrusOne/Cyrusone_Hearing_12032025.mp3,176,875.75,887.658,11.908000000000015,SPEAKER_14,"And then we have an onsite septic field to receive the water that's taken from our buildings, which is largely the water from the toilets, the sinks, and the drains onsite.",31,31,31
CyrusOne/Cyrusone_Hearing_12032025.mp3,177,890.407,895.432,5.024999999999977,SPEAKER_14,"SO FOR THOSE NOT FAMILIAR WITH WHAT ONE OF OUR DATA CENTERS LOOKS LIKE, THIS IS A RENDERING OF ONE OF THOSE BUILDINGS.",23,23,23
CyrusOne/Cyrusone_Hearing_12032025.mp3,178,895.693,896.794,1.100999999999999,SPEAKER_14,SO IMAGINE SIX OF THESE.,5,5,5
CyrusOne/Cyrusone_Hearing_12032025.mp3,179,897.395,901.479,4.08400000000006,SPEAKER_14,AND THERE'S A FEW THINGS THAT I WANT TO POINT OUT AS IT RELATES TO THE BUILDING AND HOW IT OPERATES.,21,21,21
CyrusOne/Cyrusone_Hearing_12032025.mp3,180,902.26,904.742,2.481999999999971,SPEAKER_14,YOU'LL SEE ON THE FRONT END THERE'S AN OFFICE COMPONENT.,10,10,10
CyrusOne/Cyrusone_Hearing_12032025.mp3,181,904.782,906.484,1.7019999999999982,SPEAKER_14,THAT OFFICE COMPONENT IS WHERE YOU SEE THOSE WINDOWS.,9,9,9
CyrusOne/Cyrusone_Hearing_12032025.mp3,182,906.504,910.128,3.6240000000000236,SPEAKER_14,BECAUSE I WANT TO HIGHLIGHT THAT THERE'S PEOPLE THAT ARE WORKING HERE EVERY SINGLE DAY.,15,15,15
CyrusOne/Cyrusone_Hearing_12032025.mp3,183,911.028,912.049,1.0209999999999582,SPEAKER_14,ACROSS THREE DIFFERENT SHIFTS.,4,4,4
CyrusOne/Cyrusone_Hearing_12032025.mp3,184,912.069,914.691,2.622000000000071,SPEAKER_14,"THIS IS A 24-7, 365 FACILITY.",6,6,6
CyrusOne/Cyrusone_Hearing_12032025.mp3,185,915.511,924.657,9.146000000000072,SPEAKER_14,SO WE HAVE TO MAINTAIN AN ENVIRONMENT AND A FACILITY THAT'S CAPABLE OF HOUSING SERVERS THAT CAN COMMUNICATE WITH THE NATION AND WITH THE WORLD AT ALL TIMES.,28,28,28
CyrusOne/Cyrusone_Hearing_12032025.mp3,186,925.858,932.623,6.7650000000001,SPEAKER_14,"BEHIND THAT OFFICE COMPONENT, HOUSING THE PERMANENT WORKFORCE, THERE'S THE DATA HALL CENTER SPACE, THE WHITE SPACE AS WE CALL IT IN THE INDUSTRY.",24,24,24
CyrusOne/Cyrusone_Hearing_12032025.mp3,187,933.424,936.966,3.54200000000003,SPEAKER_14,WITHIN THAT WHITE SPACE ARE THE SERVERS THAT OUR TENANTS BRING TO THESE FACILITIES.,14,14,14
CyrusOne/Cyrusone_Hearing_12032025.mp3,188,937.853,941.934,4.081000000000017,SPEAKER_14,"If you're not familiar with what we do as a company, we own all of this infrastructure.",17,17,17
CyrusOne/Cyrusone_Hearing_12032025.mp3,189,942.314,944.034,1.7200000000000273,SPEAKER_14,The one thing we don't own are the servers.,9,9,9
CyrusOne/Cyrusone_Hearing_12032025.mp3,190,944.535,950.236,5.701000000000022,SPEAKER_14,"The servers are owned by our customers, which are some of the largest technology companies, name brand companies that you're familiar with.",22,22,22
CyrusOne/Cyrusone_Hearing_12032025.mp3,191,950.596,960.038,9.442000000000007,SPEAKER_14,"And it's their job to bring the servers to manage the data, manage cybersecurity, ensure that the data that they're storing there is protected and used appropriately.",27,27,27
CyrusOne/Cyrusone_Hearing_12032025.mp3,192,961.541,965.822,4.280999999999949,SPEAKER_14,"FOR US AS AN INFRASTRUCTURE COMPANY, OUR JOB IS TO MAKE SURE THIS FACILITY NEVER GOES DOWN.",17,17,17
CyrusOne/Cyrusone_Hearing_12032025.mp3,193,966.742,973.644,6.902000000000044,SPEAKER_14,"TO MAINTAIN AN ENVIRONMENT WITHIN THAT WHITE HALL SPACE OF CONSTANT HUMIDITY, CONSTANT TEMPERATURE AT ALL TIMES.",17,17,17
CyrusOne/Cyrusone_Hearing_12032025.mp3,194,973.684,975.844,2.160000000000082,SPEAKER_14,"SO ON THE ROOF, YOU SEE THE CHILLERS.",8,8,8
CyrusOne/Cyrusone_Hearing_12032025.mp3,195,976.485,978.645,2.159999999999968,SPEAKER_14,THAT'S WHAT'S DELIVERING THE COOLING FOR THE DATA CENTER.,9,9,9
CyrusOne/Cyrusone_Hearing_12032025.mp3,196,979.225,986.907,7.682000000000016,SPEAKER_14,"THEN ON THE SIDES OF THE BUILDING, ON EITHER SIDE, THOSE ARE THE EMERGENCY GENERATORS THAT ARE THERE IN THE EVENT THAT WE HAVE A PARTIAL OR TOTAL LOSS OF POWER.",31,31,31
CyrusOne/Cyrusone_Hearing_12032025.mp3,197,988.885,995.909,7.024000000000001,SPEAKER_14,I'll highlight a few topics that have come up throughout the course of discussion publicly about this project and just highlight those real quick.,24,24,24
CyrusOne/Cyrusone_Hearing_12032025.mp3,198,997.249,999.13,1.8809999999999718,SPEAKER_14,The first is from a water usage standpoint.,8,8,8
CyrusOne/Cyrusone_Hearing_12032025.mp3,199,999.991,1001.672,1.68100000000004,SPEAKER_14,There's three components to our water usage.,7,7,7
CyrusOne/Cyrusone_Hearing_12032025.mp3,200,1002.072,1004.133,2.0610000000000355,SPEAKER_14,One is for the cooling system.,6,6,6
CyrusOne/Cyrusone_Hearing_12032025.mp3,201,1004.844,1011.327,6.482999999999947,SPEAKER_14,"Two is for fire suppression, and then three is for the domestic use for the facilities related to the toilets and sinks.",22,22,22
CyrusOne/Cyrusone_Hearing_12032025.mp3,202,1012.227,1016.029,3.802000000000021,SPEAKER_14,"As it relates to the cooling, we use a closed-loop system.",11,11,11
CyrusOne/Cyrusone_Hearing_12032025.mp3,203,1016.069,1020.691,4.622000000000071,SPEAKER_14,"So this is a system that requires 225,000 gallons of water in a one-time fill.",15,15,15
CyrusOne/Cyrusone_Hearing_12032025.mp3,204,1021.692,1029.495,7.802999999999884,SPEAKER_14,"Once it's closed, there's very little water, very little need for makeup water, maybe 50 to 100 gallons a year to make sure that it remains pressurized.",27,27,27
CyrusOne/Cyrusone_Hearing_12032025.mp3,205,1030.656,1033.137,2.4809999999999945,SPEAKER_14,"With respect to flushing the system, I've heard concerns that",10,10,10
CyrusOne/Cyrusone_Hearing_12032025.mp3,206,1033.507,1037.17,3.663000000000011,SPEAKER_14,"that you have to dump all this water back into the ground and then refill it, and that is not the case.",22,22,22
CyrusOne/Cyrusone_Hearing_12032025.mp3,207,1037.85,1045.115,7.2650000000001,SPEAKER_14,"As demonstrated in the picture to the right, top right, that's what a filter looks like that's attached to one of our buildings at the end of a construction process.",30,30,30
CyrusOne/Cyrusone_Hearing_12032025.mp3,208,1045.575,1048.818,3.242999999999938,SPEAKER_14,"So one end is connected to a supply line, the other is connected to a return line.",17,17,17
CyrusOne/Cyrusone_Hearing_12032025.mp3,209,1049.178,1052.18,3.0019999999999527,SPEAKER_14,That water is coming out of the building through a filter and then back into the building.,17,17,17
CyrusOne/Cyrusone_Hearing_12032025.mp3,210,1052.4,1059.085,6.684999999999945,SPEAKER_14,"And so in doing that, we're not releasing water into the ground or into the environment, and we're maintaining that closed-loop system.",22,22,22
CyrusOne/Cyrusone_Hearing_12032025.mp3,211,1060.533,1064.296,3.7630000000001473,SPEAKER_14,It's very unlikely that we'd ever need to discharge all of the water at once out of the facility.,19,19,19
CyrusOne/Cyrusone_Hearing_12032025.mp3,212,1064.996,1082.388,17.391999999999825,SPEAKER_14,"At a building level and at a campus level, there's valves to shut off portions of our building so that if we were to have a leak in one portion of the building, say right over this table, for example, we could shut off the valves for the cooling system here and make the repairs so that the rest of the building was still operational.",65,65,65
CyrusOne/Cyrusone_Hearing_12032025.mp3,213,1082.468,1087.251,4.782999999999902,SPEAKER_14,So to imagine a scenario where we'd have to dump everything out is hard to imagine if we did.,19,19,19
CyrusOne/Cyrusone_Hearing_12032025.mp3,214,1088.078,1090.339,2.2609999999999673,SPEAKER_14,We would not be able to put that down into the septic system.,13,13,13
CyrusOne/Cyrusone_Hearing_12032025.mp3,215,1090.439,1092.579,2.1399999999998727,SPEAKER_14,The septic system is designed for domestic loads.,8,8,8
CyrusOne/Cyrusone_Hearing_12032025.mp3,216,1093.159,1101.202,8.042999999999893,SPEAKER_14,"If we dumped it into the ground, all of the water would back up and water would be coming up from our drains and our toilets, and we'd basically sabotage our own facility.",33,33,33
CyrusOne/Cyrusone_Hearing_12032025.mp3,217,1101.942,1105.643,3.701000000000022,SPEAKER_14,So I just make that point because it's something that we've seen and we've heard some comments about.,18,18,18
CyrusOne/Cyrusone_Hearing_12032025.mp3,218,1107.123,1117.286,10.163000000000011,SPEAKER_14,"If we did need to drain the system entirely, we would use a baker tank so that water can come out of the system, live in the baker tank, and then go back into the system once the repairs are made.",41,41,41
CyrusOne/Cyrusone_Hearing_12032025.mp3,219,1118.737,1122.498,3.7609999999999673,SPEAKER_14,"FOR FIRE SUPPRESSION, WE HAVE AN ON-SITE ABOVE GROUND STORAGE TANK WITH A PUMP.",14,14,14
CyrusOne/Cyrusone_Hearing_12032025.mp3,220,1122.999,1124.759,1.759999999999991,SPEAKER_14,WE'RE SUPPLYING OUR OWN FIRE SUPPRESSION WATER.,7,7,7
CyrusOne/Cyrusone_Hearing_12032025.mp3,221,1125.78,1134.343,8.563000000000102,SPEAKER_14,"AND THEN FOR DOMESTIC USES, WE'RE CONNECTING TO A LOCAL WATER SOURCE TO PROVIDE THE WATER FOR THAT 1100 GALLONS PER DAY PER BUILDING.",24,24,24
CyrusOne/Cyrusone_Hearing_12032025.mp3,222,1134.363,1139.185,4.821999999999889,SPEAKER_14,SO THAT'S THE ESTIMATE THAT'S NEEDED FOR HUMIDIFICATION FOR THE DOMESTIC LOAD.,12,12,12
CyrusOne/Cyrusone_Hearing_12032025.mp3,223,1139.725,1144.947,5.22199999999998,SPEAKER_14,"ACROSS THE ENTIRE CAMPUS, IT'S 6600 GALLONS PER DAY THAT'S FORECASTED FOR THE CAMPUS.",14,14,14
CyrusOne/Cyrusone_Hearing_12032025.mp3,224,1148.195,1158.02,9.825000000000045,SPEAKER_14,"Electricity and power grid, so we'll have another speaker here in a moment who will touch on this, but I just want to just highlight just the unique attributes and assets that this is.",34,34,34
CyrusOne/Cyrusone_Hearing_12032025.mp3,225,1158.1,1175.129,17.028999999999996,SPEAKER_14,"So that existing substation that sits down there on the right-hand side, if you were to try to start to build a new substation today, it would take probably three to six years to get that substation built because of the lead times for transformers and the equipment that lives in that substation.",53,53,53
CyrusOne/Cyrusone_Hearing_12032025.mp3,226,1175.669,1176.99,1.3209999999999127,SPEAKER_14,That substation is there today.,5,5,5
CyrusOne/Cyrusone_Hearing_12032025.mp3,227,1177.645,1184.627,6.981999999999971,SPEAKER_14,"It has the capacity to deliver power to this project, and it's a big reason of why we selected this site.",21,21,21
CyrusOne/Cyrusone_Hearing_12032025.mp3,228,1185.587,1191.169,5.582000000000107,SPEAKER_14,"In many cases, if you're trying to start a new data center project, it could take five years before you're operational because of the power of lead times.",28,28,28
CyrusOne/Cyrusone_Hearing_12032025.mp3,229,1191.729,1195.41,3.68100000000004,SPEAKER_14,Having this there today means we can have people working on this site in 2026.,15,15,15
CyrusOne/Cyrusone_Hearing_12032025.mp3,230,1196.498,1225.364,28.865999999999985,SPEAKER_14,we have a first building operationally realizing uh... tax benefits in twenty twenty seven so i want to highlight that because this does not exist most places out there maybe a lot of places it's something very unique to the county and uh... the previous interest investments infrastructure really provide an opportunity that doesn't exist in other places that will have a line extensions up to our site running to the north and then to the west we're paying for those extensions those are not socialized or not paid,89,89,89
CyrusOne/Cyrusone_Hearing_12032025.mp3,231,1226.072,1226.792,0.7200000000000273,SPEAKER_14,by the rate class.,4,4,4
CyrusOne/Cyrusone_Hearing_12032025.mp3,232,1228.052,1232.013,3.9610000000000127,SPEAKER_14,"The rural electrical cooperative, convenience cooperative is the service provider.",10,10,10
CyrusOne/Cyrusone_Hearing_12032025.mp3,233,1232.533,1234.174,1.6410000000000764,SPEAKER_14,Ameren provides the transmission power.,5,5,5
CyrusOne/Cyrusone_Hearing_12032025.mp3,234,1234.774,1239.115,4.341000000000122,SPEAKER_14,We pay our full share of the infrastructure costs tied with bringing this site online.,15,15,15
CyrusOne/Cyrusone_Hearing_12032025.mp3,235,1240.035,1245.016,4.9809999999999945,SPEAKER_14,Ameren and MISO have conducted studies and both have confirmed that there's no strain on the grid.,17,17,17
CyrusOne/Cyrusone_Hearing_12032025.mp3,236,1245.076,1247.416,2.339999999999918,SPEAKER_14,So we've heard about concerns about brownouts or blackouts.,9,9,9
CyrusOne/Cyrusone_Hearing_12032025.mp3,237,1248.297,1254.578,6.280999999999949,SPEAKER_14,That's been proven to not be the case and this load can be satisfactorily served from this location.,18,18,18
CyrusOne/Cyrusone_Hearing_12032025.mp3,238,1256.999,1257.959,0.9600000000000364,SPEAKER_14,We'll talk about sound.,4,4,4
CyrusOne/Cyrusone_Hearing_12032025.mp3,239,1258.059,1258.96,0.9010000000000673,SPEAKER_14,This is another topic.,4,4,4
CyrusOne/Cyrusone_Hearing_12032025.mp3,240,1259.0,1265.222,6.22199999999998,SPEAKER_14,So every single data center that's operating today at one point or another has had to deal with a sound issue.,21,21,21
CyrusOne/Cyrusone_Hearing_12032025.mp3,241,1266.282,1268.003,1.7210000000000036,SPEAKER_14,We have 55 data centers currently.,6,6,6
CyrusOne/Cyrusone_Hearing_12032025.mp3,242,1268.603,1274.785,6.182000000000016,SPEAKER_14,"We've had two facilities where we've had noise issues that we've had to address, most recently in Aurora, Illinois.",19,19,19
CyrusOne/Cyrusone_Hearing_12032025.mp3,243,1275.705,1280.647,4.942000000000007,SPEAKER_14,"And so in part of, we learned about an issue there early last year and very quickly",17,17,17
CyrusOne/Cyrusone_Hearing_12032025.mp3,244,1281.853,1287.675,5.821999999999889,SPEAKER_14,WORKED TO SET UP MEETINGS WITH THE RESIDENTS AND UNDERSTOOD THE CONCERNS AND THE ISSUES THAT THEY WERE SEEING.,19,19,19
CyrusOne/Cyrusone_Hearing_12032025.mp3,245,1287.695,1295.516,7.82100000000014,SPEAKER_14,"IN RESPONSE TO THAT, WE CAME UP WITH A MITIGATION PLAN THAT WE PUT IN PLACE AND ARE DELIVERING ON THAT MITIGATION PLAN, WHICH IS PARTIALLY COMPLETE AND WILL BE COMPLETE IN 2026.",33,33,33
CyrusOne/Cyrusone_Hearing_12032025.mp3,246,1296.637,1306.599,9.961999999999989,SPEAKER_14,WHAT THAT PLAN HELPED INFORM AND PART OF WHAT WE HAD ALREADY BEEN WORKING ON WERE IMPROVEMENTS TO OUR UNDERSTANDING OF NOISE AND HOW SOUND TRAVELS OR EMINATES FROM THESE BUILDINGS.,31,31,31
CyrusOne/Cyrusone_Hearing_12032025.mp3,247,1307.219,1310.54,3.3209999999999127,SPEAKER_14,AND SO THROUGH OUR OWN LESSONS LEARNED ON THAT PROJECT AND ALSO,12,12,12
CyrusOne/Cyrusone_Hearing_12032025.mp3,248,1311.283,1314.064,2.7810000000001764,SPEAKER_14,just evolving and understanding on noise in general.,8,8,8
CyrusOne/Cyrusone_Hearing_12032025.mp3,249,1314.464,1322.867,8.40300000000002,SPEAKER_14,We've landed on a world-class design that's instituted in our new projects that are under development today and that will be implemented on this site.,25,25,25
CyrusOne/Cyrusone_Hearing_12032025.mp3,250,1323.847,1324.987,1.1400000000001,SPEAKER_14,There's two things to highlight.,5,5,5
CyrusOne/Cyrusone_Hearing_12032025.mp3,251,1325.147,1328.828,3.68100000000004,SPEAKER_14,"If you're not familiar with the data center, there's two primary noise sources.",13,13,13
CyrusOne/Cyrusone_Hearing_12032025.mp3,252,1329.389,1333.39,4.001000000000204,SPEAKER_14,"One is the chillers on top of the roof, and then two are the generators, which sit on the ground.",20,20,20
CyrusOne/Cyrusone_Hearing_12032025.mp3,253,1334.17,1340.372,6.201999999999998,SPEAKER_14,"So for the chillers, on the top picture to the right, what you see surrounding the chillers are noise attenuation panels.",21,21,21
CyrusOne/Cyrusone_Hearing_12032025.mp3,254,1340.8,1347.103,6.303000000000111,SPEAKER_14,So those are there to capture noise that are emanating out from the chillers and mitigate it from expanding out from the site.,23,23,23
CyrusOne/Cyrusone_Hearing_12032025.mp3,255,1347.984,1350.405,2.421000000000049,SPEAKER_14,On top of the chillers are noise attenuation enclosures.,9,9,9
CyrusOne/Cyrusone_Hearing_12032025.mp3,256,1350.885,1354.767,3.882000000000062,SPEAKER_14,"Those are taking the fan noise, this hum that you'll hear people talk about associated with data centers,",18,18,18
CyrusOne/Cyrusone_Hearing_12032025.mp3,257,1355.399,1358.944,3.5450000000000728,SPEAKER_14,and dissipating it and enclosing it so that it doesn't cascade out from the site.,15,15,15
CyrusOne/Cyrusone_Hearing_12032025.mp3,258,1359.905,1361.427,1.5219999999999345,SPEAKER_14,These are improvements that will be in place here.,9,9,9
CyrusOne/Cyrusone_Hearing_12032025.mp3,259,1361.828,1364.452,2.6240000000000236,SPEAKER_14,They're in place on our projects that are being built currently.,11,11,11
CyrusOne/Cyrusone_Hearing_12032025.mp3,260,1364.912,1369.559,4.6469999999999345,SPEAKER_14,"And as an industry, you're seeing things like this instituted as a result of some of the issues that other people have seen.",23,23,23
CyrusOne/Cyrusone_Hearing_12032025.mp3,261,1371.501,1376.163,4.662000000000035,SPEAKER_14,"At the generator level, we surround our generators with masonry enclosures.",11,11,11
CyrusOne/Cyrusone_Hearing_12032025.mp3,262,1376.683,1383.166,6.482999999999947,SPEAKER_14,"That's a 24-foot, roughly 8-inch thick masonry wall that is surrounding the emergency generators.",14,14,14
CyrusOne/Cyrusone_Hearing_12032025.mp3,263,1383.206,1392.909,9.703000000000202,SPEAKER_14,"So if they did have to run, and they run for roughly 10 to 15 hours per year for maintenance purposes, that noise is dissipated and stopped from traveling outward from the site.",33,33,33
CyrusOne/Cyrusone_Hearing_12032025.mp3,264,1394.47,1397.331,2.8609999999998763,SPEAKER_14,"Inside of the generator wall, there's generator enclosures.",8,8,8
CyrusOne/Cyrusone_Hearing_12032025.mp3,265,1397.942,1401.625,3.6829999999999927,SPEAKER_14,that also help enclose the sound at the source of the engines.,12,12,12
CyrusOne/Cyrusone_Hearing_12032025.mp3,266,1405.968,1407.028,1.0599999999999454,SPEAKER_14,Lighting is another concern.,4,4,4
CyrusOne/Cyrusone_Hearing_12032025.mp3,267,1407.349,1421.419,14.070000000000164,SPEAKER_14,"I think when people think of industrial projects, you picture this large industrial facility, and I think a lot of times it's tied to logistics buildings, where you've got 30 loading docks on this side, 30 loading docks on this side, and a huge parking field.",46,46,46
CyrusOne/Cyrusone_Hearing_12032025.mp3,268,1422.159,1427.303,5.1440000000000055,SPEAKER_14,"And you've got trucks that need to be going in and out throughout all hours of the night, and you've got a cascade light",24,24,24
CyrusOne/Cyrusone_Hearing_12032025.mp3,269,1428.165,1431.367,3.201999999999998,SPEAKER_14,across this entire campus.,4,4,4
CyrusOne/Cyrusone_Hearing_12032025.mp3,270,1431.687,1436.451,4.764000000000124,SPEAKER_14,"That's the fear, and I understand that fear, but that's not the case, and it's not how data centers operate.",20,20,20
CyrusOne/Cyrusone_Hearing_12032025.mp3,271,1436.471,1437.911,1.4400000000000546,SPEAKER_14,We do not have 30 loading docks.,7,7,7
CyrusOne/Cyrusone_Hearing_12032025.mp3,272,1438.852,1447.618,8.765999999999849,SPEAKER_14,"Each building has two loading docks, and they're screened from the public right-of-way, and we're not getting nighttime deliveries.",19,19,19
CyrusOne/Cyrusone_Hearing_12032025.mp3,273,1447.678,1449.719,2.04099999999994,SPEAKER_14,Most of our deliveries are coming during the daytime.,9,9,9
CyrusOne/Cyrusone_Hearing_12032025.mp3,274,1450.5,1454.262,3.7619999999999436,SPEAKER_14,What that means from a lighting perspective is we don't need to cascade light out throughout this entire campus.,19,19,19
CyrusOne/Cyrusone_Hearing_12032025.mp3,275,1455.023,1457.264,2.2409999999999854,SPEAKER_14,"ADDITIONALLY, THE CAMPUS WILL BE LEAD CERTIFIED.",7,7,7
CyrusOne/Cyrusone_Hearing_12032025.mp3,276,1457.284,1462.227,4.942999999999984,SPEAKER_14,SO WITH THE LEAD CERTIFICATION COMES A REQUIREMENT THAT WE MEET DARK SKY COMPLIANCE REQUIREMENTS.,15,15,15
CyrusOne/Cyrusone_Hearing_12032025.mp3,277,1463.088,1465.689,2.6010000000001128,SPEAKER_14,"AND THAT'S A WHOLE LIST OF THINGS I COULD GO THROUGH, BUT DON'T HAVE TIME.",15,15,15
CyrusOne/Cyrusone_Hearing_12032025.mp3,278,1465.709,1467.69,1.9809999999999945,SPEAKER_14,"BUT GENERALLY, THERE'S A FEW PRIMARY THINGS.",7,7,7
CyrusOne/Cyrusone_Hearing_12032025.mp3,279,1467.85,1471.513,3.663000000000011,SPEAKER_14,"ONE, YOU'RE PUTTING LIGHT ONLY AT THE PLACES THAT NEED IT.",11,11,11
CyrusOne/Cyrusone_Hearing_12032025.mp3,280,1471.773,1477.296,5.523000000000138,SPEAKER_14,"SO IF AN AREA DOESN'T NEED TO BE LIGHTED, WE'RE NOT CASCADING LIGHT TO OPEN SPACES THAT DON'T NEED IT.",20,20,20
CyrusOne/Cyrusone_Hearing_12032025.mp3,281,1477.976,1480.037,2.060999999999922,SPEAKER_14,WE'RE USING DOWNLIT LED LIGHTS.,5,5,5
CyrusOne/Cyrusone_Hearing_12032025.mp3,282,1480.218,1484.36,4.141999999999825,SPEAKER_14,"AND TO THE EXTENT WE CAN USE MOTION CONTROLS OR OTHER DEVICES TO CONTROL WHEN THEY'RE ON AND OFF,",19,19,19
CyrusOne/Cyrusone_Hearing_12032025.mp3,283,1484.965,1485.525,0.5600000000001728,SPEAKER_14,WE'RE DOING THAT.,3,3,3
CyrusOne/Cyrusone_Hearing_12032025.mp3,284,1486.165,1498.49,12.325000000000045,SPEAKER_14,THERE'S AN EXAMPLE OF A DOWNLIT CAMPUS HERE AND I WOULD ARGUE THAT CAMPUS IS BUILT A FEW YEARS AGO AND I SAY THE DARK SKY STANDARDS ARE ACTUALLY EVEN MORE STRINGENT THAN WHAT YOU SEE THERE.,37,37,37
CyrusOne/Cyrusone_Hearing_12032025.mp3,285,1508.446,1509.907,1.4610000000000127,SPEAKER_14,Sustainability and climate neutrality.,4,4,4
CyrusOne/Cyrusone_Hearing_12032025.mp3,286,1511.087,1517.37,6.282999999999902,SPEAKER_14,"Our company is committed to being climate neutral by 2030, and many of our tenants are as well, and that means a few different things.",25,25,25
CyrusOne/Cyrusone_Hearing_12032025.mp3,287,1517.53,1522.872,5.342000000000098,SPEAKER_14,"One, for all of the power we're purchasing, we're committed to purchasing carbon-free electricity contracts.",15,15,15
CyrusOne/Cyrusone_Hearing_12032025.mp3,288,1523.932,1532.276,8.344000000000051,SPEAKER_14,That demand for electricity contracts that we're creating along with our tenants is spurring additional renewable developments in Illinois and elsewhere throughout the United States.,25,25,25
CyrusOne/Cyrusone_Hearing_12032025.mp3,289,1533.283,1549.125,15.842000000000098,SPEAKER_14,"With respect to water, we don't use a lot of water on a daily basis, but despite the minimal amount of water, we're investing in water restoration projects locally and regionally where they're available, and if they're not available, we're identifying projects, and we're working on that now locally as well.",51,51,51
CyrusOne/Cyrusone_Hearing_12032025.mp3,290,1549.957,1565.905,15.947999999999865,SPEAKER_14,uh... to get to the point where we're creating a net positive water status where what we're taking uh... we're investing in giving back with respect to water biodiversity so our with our landscaping standards our campuses may in the past may have looked like a golf course in terms of the perfectly manicured lawns,55,55,55
CyrusOne/Cyrusone_Hearing_12032025.mp3,291,1566.92,1581.266,14.346000000000004,SPEAKER_14,"Our future facilities, we're designating space for natural vegetation, for things that grow naturally, wildflowers and other things that can serve local pollinators or the local birds or other animals that exist in the environments that we're locating in.",39,39,39
CyrusOne/Cyrusone_Hearing_12032025.mp3,292,1582.346,1583.907,1.5609999999999218,SPEAKER_14,And then we promote a circular economy.,7,7,7
CyrusOne/Cyrusone_Hearing_12032025.mp3,293,1584.687,1588.83,4.143000000000029,SPEAKER_14,So minimizing the waste that we bring and having onsite recycling programs.,12,12,12
CyrusOne/Cyrusone_Hearing_12032025.mp3,294,1589.01,1592.452,3.4420000000000073,SPEAKER_14,"We get a lot of cardboard, which means we recycle a ton of cardboard.",14,14,14
CyrusOne/Cyrusone_Hearing_12032025.mp3,295,1592.892,1598.596,5.703999999999951,SPEAKER_14,We also recycle a lot of e-waste and provide ways for electronic waste to leave our facilities.,17,17,17
CyrusOne/Cyrusone_Hearing_12032025.mp3,296,1600.217,1611.924,11.70699999999988,SPEAKER_14,"So beyond the major talking points that we hear about maybe controversially about data centers, I want to talk about the positive because these are things that I think often they get",32,32,32
CyrusOne/Cyrusone_Hearing_12032025.mp3,297,1612.801,1615.222,2.421000000000049,SPEAKER_14,"TALKED ABOUT, BUT MAYBE NOT TO THE DETAIL THAT I THINK THEY NEED TO BE.",15,15,15
CyrusOne/Cyrusone_Hearing_12032025.mp3,298,1616.143,1621.045,4.902000000000044,SPEAKER_14,"SO FROM A CONSTRUCTION PERSPECTIVE, THERE'S 500 PLUS JOBS THAT ARE REQUIRED TO BUILD ONE OF THESE BUILDINGS.",18,18,18
CyrusOne/Cyrusone_Hearing_12032025.mp3,299,1621.805,1625.107,3.3019999999999072,SPEAKER_14,WE'RE GOING TO NEED EVERY UNION TRADE THAT'S AVAILABLE TO US LOCALLY.,12,12,12
CyrusOne/Cyrusone_Hearing_12032025.mp3,300,1625.287,1627.688,2.4010000000000673,SPEAKER_14,WE'VE COMMITTED TO SIGNING A PROJECT LABOR AGREEMENT.,8,8,8
CyrusOne/Cyrusone_Hearing_12032025.mp3,301,1628.229,1629.149,0.9199999999998454,SPEAKER_14,IT'S NOT LIFT SERVICE.,4,4,4
CyrusOne/Cyrusone_Hearing_12032025.mp3,302,1629.189,1634.111,4.9220000000000255,SPEAKER_14,WE'VE SIGNED PLAs FOR ALL OF OUR DEVELOPMENTS IN THE CHICAGOLAND REGION AND NORTHERN ILLINOIS REGION.,16,16,16
CyrusOne/Cyrusone_Hearing_12032025.mp3,303,1634.572,1639.314,4.742000000000189,SPEAKER_14,"SO WE HAVE A TRACK RECORD OF USING UNION LABOR, AND WE'RE PROUD TO USE UNION LABOR.",17,17,17
CyrusOne/Cyrusone_Hearing_12032025.mp3,304,1645.706,1646.146,0.44000000000005457,SPEAKER_14,Thank you.,2,2,2
CyrusOne/Cyrusone_Hearing_12032025.mp3,305,1648.087,1652.208,4.121000000000095,SPEAKER_14,"Once constructed, we'll have 100 permanent positions on site.",9,9,9
CyrusOne/Cyrusone_Hearing_12032025.mp3,306,1652.368,1657.929,5.561000000000149,SPEAKER_14,"In addition to that, we're triggering the need for 350-plus additional supporting jobs in the local community.",17,17,17
CyrusOne/Cyrusone_Hearing_12032025.mp3,307,1659.169,1660.99,1.8209999999999127,SPEAKER_14,There's a rendering up there of a campus.,8,8,8
CyrusOne/Cyrusone_Hearing_12032025.mp3,308,1661.01,1662.03,1.0199999999999818,SPEAKER_14,There's three buildings on there.,5,5,5
CyrusOne/Cyrusone_Hearing_12032025.mp3,309,1662.05,1665.551,3.5009999999999764,SPEAKER_14,"You can imagine all the chillers, the generators, all the mechanical equipment that's on there.",15,15,15
CyrusOne/Cyrusone_Hearing_12032025.mp3,310,1666.091,1675.213,9.122000000000071,SPEAKER_14,"All of this equipment has to be serviced weekly, monthly, or quarterly with strict maintenance logs to maintain the world-class facility that we have to operate for our tenants.",29,29,29
CyrusOne/Cyrusone_Hearing_12032025.mp3,311,1675.633,1687.04,11.406999999999925,SPEAKER_14,"What that means is the local HVAC businesses, plumbing businesses, refrigeration businesses, electricians, will need maintenance contracts with these people to come to our facility every day to be maintaining this equipment.",32,32,32
CyrusOne/Cyrusone_Hearing_12032025.mp3,312,1687.36,1690.141,2.7810000000001764,SPEAKER_14,So there's a much broader impact beyond the construction jobs.,10,10,10
CyrusOne/Cyrusone_Hearing_12032025.mp3,313,1690.482,1696.145,5.663000000000011,SPEAKER_14,"The 100 permanent jobs that we're creating, there's this indirect need for labor forces, for local companies.",17,17,17
CyrusOne/Cyrusone_Hearing_12032025.mp3,314,1696.717,1699.201,2.4839999999999236,SPEAKER_14,We can't wait three hours for someone to drive down from Chicago.,12,12,12
CyrusOne/Cyrusone_Hearing_12032025.mp3,315,1699.221,1701.184,1.9629999999999654,SPEAKER_14,We can't wait an hour and a half for someone to come from St. Louis.,15,15,15
CyrusOne/Cyrusone_Hearing_12032025.mp3,316,1701.204,1701.945,0.7409999999999854,SPEAKER_14,They have to live here.,5,5,5
CyrusOne/Cyrusone_Hearing_12032025.mp3,317,1702.286,1702.927,0.640999999999849,SPEAKER_14,They have to be here.,5,5,5
CyrusOne/Cyrusone_Hearing_12032025.mp3,318,1702.947,1704.389,1.4420000000000073,SPEAKER_14,They have to be able to get to our site quickly.,11,11,11
CyrusOne/Cyrusone_Hearing_12032025.mp3,319,1704.669,1706.552,1.8829999999998108,SPEAKER_14,And that's what we'll need from the local labor force.,10,10,10
CyrusOne/Cyrusone_Hearing_12032025.mp3,320,1710.338,1714.14,3.8020000000001346,SPEAKER_14,"and I'm quickly running out of time here, but I'll run through the economic impact.",15,15,15
CyrusOne/Cyrusone_Hearing_12032025.mp3,321,1714.18,1716.282,2.1019999999998618,SPEAKER_14,"So to cover the job side, taxes.",7,7,6
CyrusOne/Cyrusone_Hearing_12032025.mp3,322,1716.962,1721.085,4.123000000000047,SPEAKER_14,"So $500 million plus investment, $6 million annually in property taxes.",11,11,11
CyrusOne/Cyrusone_Hearing_12032025.mp3,323,1721.125,1724.106,2.9809999999999945,SPEAKER_14,That's funding over $100 million in 20 years.,8,8,8
CyrusOne/Cyrusone_Hearing_12032025.mp3,324,1724.166,1728.989,4.823000000000093,SPEAKER_14,"It's funding for schools, libraries, community college, fire departments, emergency services, county services.",13,13,13
CyrusOne/Cyrusone_Hearing_12032025.mp3,325,1730.21,1739.756,9.54600000000005,SPEAKER_14,"Absent of investment, all of these agencies have difficult conversations about cutting services, about trying to find new revenue, about how are we going to continue to operate in the face of rising costs.",34,34,34
CyrusOne/Cyrusone_Hearing_12032025.mp3,326,1740.623,1743.004,2.380999999999858,SPEAKER_14,"WITH OUR PROJECTS, WE HAVE THE OPPORTUNITY TO SWITCH THAT CONVERSATION.",11,11,11
CyrusOne/Cyrusone_Hearing_12032025.mp3,327,1743.405,1746.967,3.5620000000001255,SPEAKER_14,"MORE REVENUE, MORE BIGGER BUDGETS, MORE STAFF.",7,7,7
CyrusOne/Cyrusone_Hearing_12032025.mp3,328,1747.407,1755.171,7.764000000000124,SPEAKER_14,"THERE'S A HIRING ELEMENT TO EACH OF THESE AGENCIES THAT GETS UNLOCKED WHEN YOU EXPAND THEIR BUDGETS AND THE REVENUE THAT'S AVAILABLE TO THEM, AND I WANTED TO HIGHLIGHT THAT.",30,30,30
CyrusOne/Cyrusone_Hearing_12032025.mp3,329,1755.932,1762.756,6.824000000000069,SPEAKER_14,"WE ALREADY TALKED ABOUT THE PLA AND OUR COMMITMENT TO THAT, AND WE DID PROVIDE A LETTER TO THE TRADE ASSOCIATION DEMONSTRATING THAT AS WELL.",25,25,25
CyrusOne/Cyrusone_Hearing_12032025.mp3,330,1764.216,1764.857,0.6410000000000764,SPEAKER_14,BEYOND JOBS...,2,2,2
CyrusOne/Cyrusone_Hearing_12032025.mp3,331,1765.842,1792.495,26.652999999999793,SPEAKER_25,and taxes we're going to have 100 people living and working here sir i just want to remind you you have about eight minutes left and tell you i understand that you have two hours we're going to we're strict on our time on this tonight you're going to have plenty of people asking questions but i understand you have two other people that's going to yield your time you're good for eight more minutes i just won't let you know and in eight minutes the other groups have to come up and okay,94,94,94
CyrusOne/Cyrusone_Hearing_12032025.mp3,332,1792.759,1801.321,8.561999999999898,SPEAKER_14,"I WILL JUST SAY BEYOND JOBS AND TAXES, WE'RE COMMITTED TO DOING PLENTY OF OTHER THINGS FROM A COMMUNITY PARTICIPATION PERSPECTIVE.",21,21,21
CyrusOne/Cyrusone_Hearing_12032025.mp3,333,1801.481,1802.742,1.2609999999999673,SPEAKER_14,HAPPY TO CONTINUE THE CONVERSATION.,5,5,5
CyrusOne/Cyrusone_Hearing_12032025.mp3,334,1802.762,1803.662,0.900000000000091,SPEAKER_14,I'LL SEE YOU THE REST OF MY TIME.,8,8,8
CyrusOne/Cyrusone_Hearing_12032025.mp3,335,1803.682,1804.002,0.31999999999993634,SPEAKER_14,THANK YOU.,2,2,2
CyrusOne/Cyrusone_Hearing_12032025.mp3,336,1804.922,1807.103,2.18100000000004,SPEAKER_30,YOU STILL HAVE EIGHT MINUTES.,5,5,5
CyrusOne/Cyrusone_Hearing_12032025.mp3,337,1807.123,1810.324,3.201000000000022,SPEAKER_14,"SORRY, I WILL TURN THE REST OF MY TIME OVER TO SEAN TO TALK ABOUT POWER.",16,16,16
CyrusOne/Cyrusone_Hearing_12032025.mp3,338,1810.404,1810.544,0.14000000000010004,SPEAKER_14,OKAY.,1,1,1
CyrusOne/Cyrusone_Hearing_12032025.mp3,339,1810.824,1811.124,0.2999999999999545,SPEAKER_13,THANK YOU.,2,2,2
CyrusOne/Cyrusone_Hearing_12032025.mp3,340,1819.326,1819.786,0.4600000000000364,SPEAKER_22,GOOD EVENING.,2,2,2
CyrusOne/Cyrusone_Hearing_12032025.mp3,341,1820.52,1821.5,0.9800000000000182,SPEAKER_22,My name is Sean Middleton.,5,5,5
CyrusOne/Cyrusone_Hearing_12032025.mp3,342,1821.54,1829.242,7.701999999999998,SPEAKER_22,"I'm the President and CEO of Rural Electric Convenience Cooperative, or RECC as we like to refer to ourselves, right here in Auburn we hail from.",26,26,26
CyrusOne/Cyrusone_Hearing_12032025.mp3,343,1829.743,1834.784,5.041000000000167,SPEAKER_22,"And we've been your provider since 1936, as many co-ops are, the RE8 program.",14,14,14
CyrusOne/Cyrusone_Hearing_12032025.mp3,344,1835.404,1840.445,5.04099999999994,SPEAKER_22,I've been in the utility industry over 29 years this year and been in co-ops most of it.,18,18,18
CyrusOne/Cyrusone_Hearing_12032025.mp3,345,1840.866,1849.808,8.942000000000007,SPEAKER_22,"So the main points I want to note for everyone tonight is as a cooperative, right at our bylaws, we have an obligation to serve loads that locate within our territories.",31,31,31
CyrusOne/Cyrusone_Hearing_12032025.mp3,346,1850.108,1855.29,5.182000000000016,SPEAKER_22,We're looking forward to growth when it happens to locate in the rural areas in the communities that we serve.,20,20,20
CyrusOne/Cyrusone_Hearing_12032025.mp3,347,1855.671,1858.772,3.1009999999998854,SPEAKER_22,"And just so you know, we serve the south half of Sangamon County.",13,13,13
CyrusOne/Cyrusone_Hearing_12032025.mp3,348,1859.112,1863.014,3.9019999999998163,SPEAKER_22,"So pretty much in the rural area, many people probably have REA service, they call it.",16,16,16
CyrusOne/Cyrusone_Hearing_12032025.mp3,349,1863.334,1864.195,0.8609999999998763,SPEAKER_22,It's RECC.,2,2,2
CyrusOne/Cyrusone_Hearing_12032025.mp3,350,1864.715,1871.938,7.223000000000184,SPEAKER_22,"But if you're in the south half of Sangamon and you're not in a town like Auburn or Louder or Pawnee, then we're your provider.",25,25,25
CyrusOne/Cyrusone_Hearing_12032025.mp3,351,1872.419,1874.48,2.060999999999922,SPEAKER_22,And we're also an adjacent four other counties.,8,8,8
CyrusOne/Cyrusone_Hearing_12032025.mp3,352,1875.14,1879.502,4.361999999999853,SPEAKER_22,"And so it's important to note, since we are the local distribution provider,",13,13,13
CyrusOne/Cyrusone_Hearing_12032025.mp3,353,1880.003,1884.566,4.563000000000102,SPEAKER_22,We have wholesale energy provided to us from an entity called Nextera Energy Marketing.,14,14,14
CyrusOne/Cyrusone_Hearing_12032025.mp3,354,1885.207,1888.229,3.0219999999999345,SPEAKER_22,Plenty of resources and capacity to go to the market and procure.,12,12,12
CyrusOne/Cyrusone_Hearing_12032025.mp3,355,1888.249,1892.952,4.7029999999999745,SPEAKER_22,"They do it for us all day long, 24-7, for our members the way they depend on us.",18,18,17
CyrusOne/Cyrusone_Hearing_12032025.mp3,356,1893.853,1901.038,7.184999999999945,SPEAKER_22,"And one other thing is that, of course, Ameren Transmission will be providing the wires because, like Brad was mentioning, they already have the infrastructure.",25,25,25
CyrusOne/Cyrusone_Hearing_12032025.mp3,357,1901.058,1903.3,2.241999999999962,SPEAKER_22,And I think it's important to note that,8,8,8
CyrusOne/Cyrusone_Hearing_12032025.mp3,358,1903.81,1907.251,3.441000000000031,SPEAKER_22,"That great big transmission line, I was going back and looking at specs on that.",15,15,15
CyrusOne/Cyrusone_Hearing_12032025.mp3,359,1907.412,1915.275,7.863000000000056,SPEAKER_22,"2021, that Illinois River transmission line went right through our area and it went from Missouri clear over across through Illinois to Indiana.",23,23,23
CyrusOne/Cyrusone_Hearing_12032025.mp3,360,1915.755,1919.857,4.101999999999862,SPEAKER_22,"And when that thing was built, they intended for it to bring in more renewable energy and loads.",18,18,18
CyrusOne/Cyrusone_Hearing_12032025.mp3,361,1920.657,1923.298,2.6410000000000764,SPEAKER_22,"Oh yeah, we have renewable energy here because of it, don't we?",12,12,12
CyrusOne/Cyrusone_Hearing_12032025.mp3,362,1923.458,1925.819,2.3609999999998763,SPEAKER_22,And now we have loads looking at the same prospect.,10,10,10
CyrusOne/Cyrusone_Hearing_12032025.mp3,363,1926.139,1929.601,3.4620000000002165,SPEAKER_22,So I think it's important to kind of note that the infrastructure already existed.,14,14,14
CyrusOne/Cyrusone_Hearing_12032025.mp3,364,1930.348,1933.75,3.4020000000000437,SPEAKER_22,We weren't having to build that new multi-million dollar substation.,10,10,10
CyrusOne/Cyrusone_Hearing_12032025.mp3,365,1933.83,1939.112,5.282000000000153,SPEAKER_22,"Ameren already put it in place, and they put provisions for future capacities to connect to it.",17,17,17
CyrusOne/Cyrusone_Hearing_12032025.mp3,366,1939.612,1941.393,1.780999999999949,SPEAKER_22,"It was already built for that, just in case.",9,9,9
CyrusOne/Cyrusone_Hearing_12032025.mp3,367,1941.873,1942.273,0.3999999999998636,SPEAKER_22,Good thing.,2,2,2
CyrusOne/Cyrusone_Hearing_12032025.mp3,368,1943.234,1946.055,2.82100000000014,SPEAKER_22,So the other thing I should note is from the cooperatives' benefit.,12,12,12
CyrusOne/Cyrusone_Hearing_12032025.mp3,369,1946.435,1950.397,3.961999999999989,SPEAKER_22,"We're the rural provider, and a lot of people have quizzed us in questions, saying, is this going to raise our rates?",22,22,22
CyrusOne/Cyrusone_Hearing_12032025.mp3,370,1951.077,1958.901,7.824000000000069,SPEAKER_22,"One thing I want to note from this summer, if you watched what happened with the power prices across central Illinois, if you're a rural electric member, what happened to your rates?",32,32,32
CyrusOne/Cyrusone_Hearing_12032025.mp3,371,1959.561,1959.881,0.3200000000001637,SPEAKER_22,Nothing.,1,1,1
CyrusOne/Cyrusone_Hearing_12032025.mp3,372,1960.49,1987.378,26.88799999999992,SPEAKER_22,crickets right we kept them in lock and that's because our wholesale rates have been locked for us and they continue to be locked through 2033 right now under our existing contract so nothing to do with data centers impacts our wholesale procurement and a sophisticated member customer like Cyrus One we would allow to connect through our lines to get to the resources they need so that's important to know all members will benefit this won't cause an increase in rates for our members,85,85,85
CyrusOne/Cyrusone_Hearing_12032025.mp3,373,1988.023,2002.336,14.313000000000102,SPEAKER_22,"As a matter of fact, the margin we're able to bring to the co-op, the local electric co-op, will put pressure to bring rates to, I want to not raise rates for the foreseeable future because data center margins have enabled the cooperative to have new opportunities.",47,47,47
CyrusOne/Cyrusone_Hearing_12032025.mp3,374,2002.957,2005.279,2.321999999999889,SPEAKER_22,"And the last thing, he was talking about the reliability.",10,10,10
CyrusOne/Cyrusone_Hearing_12032025.mp3,375,2005.299,2006.56,1.2609999999999673,SPEAKER_22,That's an important consideration.,4,4,4
CyrusOne/Cyrusone_Hearing_12032025.mp3,376,2006.8,2008.162,1.36200000000008,SPEAKER_22,I was involved in the application.,6,6,6
CyrusOne/Cyrusone_Hearing_12032025.mp3,377,2008.222,2012.646,4.423999999999978,SPEAKER_22,"One of the first things we had to do, we put this thing forward to the Ameren Transmission System.",19,19,19
CyrusOne/Cyrusone_Hearing_12032025.mp3,378,2013.449,2015.25,1.8009999999999309,SPEAKER_22,and had them do their independent studies.,7,7,7
CyrusOne/Cyrusone_Hearing_12032025.mp3,379,2015.491,2017.852,2.3610000000001037,SPEAKER_22,They came back and passed it with flying colors.,9,9,9
CyrusOne/Cyrusone_Hearing_12032025.mp3,380,2017.872,2022.135,4.26299999999992,SPEAKER_22,There was more than enough adequate capacity for local transmission and resources to serve it.,15,15,15
CyrusOne/Cyrusone_Hearing_12032025.mp3,381,2022.436,2023.256,0.8200000000001637,SPEAKER_22,That's not good enough.,4,4,4
CyrusOne/Cyrusone_Hearing_12032025.mp3,382,2023.336,2026.999,3.663000000000011,SPEAKER_22,They passed it on to the mid-continental independent system operator.,10,10,10
CyrusOne/Cyrusone_Hearing_12032025.mp3,383,2027.039,2029.561,2.5219999999999345,SPEAKER_22,I call it the energy traffic cop for the Midwest.,10,10,10
CyrusOne/Cyrusone_Hearing_12032025.mp3,384,2030.161,2033.804,3.643000000000029,SPEAKER_22,"It looks from Wisconsin down to Louisiana, and they had to look this thing over.",15,15,15
CyrusOne/Cyrusone_Hearing_12032025.mp3,385,2034.084,2036.025,1.941000000000031,SPEAKER_22,It took many months of scrutiny from them.,8,8,8
CyrusOne/Cyrusone_Hearing_12032025.mp3,386,2036.365,2042.71,6.345000000000027,SPEAKER_22,"They came back, and I can read you word for word, no harm, steady state analysis, and no impact whatsoever.",20,20,20
CyrusOne/Cyrusone_Hearing_12032025.mp3,387,2043.029,2045.791,2.7619999999999436,SPEAKER_22,Transmission planning load study for this load.,7,7,7
CyrusOne/Cyrusone_Hearing_12032025.mp3,388,2046.251,2050.394,4.142999999999802,SPEAKER_22,"No new reliability issues, thermal or voltage, were observed for this project.",12,12,12
CyrusOne/Cyrusone_Hearing_12032025.mp3,389,2051.294,2054.537,3.242999999999938,SPEAKER_22,"Blackouts, brownouts, all those concerns, that's not a consideration.",9,9,9
CyrusOne/Cyrusone_Hearing_12032025.mp3,390,2054.557,2058.279,3.7220000000002074,SPEAKER_22,The line was already built for this capacity many years prior to now.,13,13,13
CyrusOne/Cyrusone_Hearing_12032025.mp3,391,2058.599,2065.164,6.565000000000055,SPEAKER_22,"It was ready for this load, and we're ready as an electric cooperative to take this on and provide benefit for rural members in this area.",26,26,26
CyrusOne/Cyrusone_Hearing_12032025.mp3,392,2065.424,2065.764,0.3400000000001455,SPEAKER_22,Thank you.,2,2,2
CyrusOne/Cyrusone_Hearing_12032025.mp3,393,2072.678,2073.739,1.0610000000001492,SPEAKER_28,"All right, I'll be quick, Greg.",6,6,6
CyrusOne/Cyrusone_Hearing_12032025.mp3,394,2074.299,2074.64,0.3409999999998945,SPEAKER_25,Thank you.,2,2,2
CyrusOne/Cyrusone_Hearing_12032025.mp3,395,2076.842,2080.885,4.04300000000012,SPEAKER_28,"Thank you, Sangamon County Board members and the IRS One team for allowing me to speak tonight.",17,17,17
CyrusOne/Cyrusone_Hearing_12032025.mp3,396,2081.485,2082.546,1.0609999999996944,SPEAKER_28,My name is Aaron Guernsey.,5,5,5
CyrusOne/Cyrusone_Hearing_12032025.mp3,397,2083.507,2101.322,17.815000000000055,SPEAKER_28,"I am a resident of Sangamon County, but tonight I'm going to speak, and make no mistake, as president of the Central Illinois Building and Construction Trades Council, business manager of Plumbers and Steamfitters Local 137 here in Springfield, and as the building trades president, I represent over 10,000 working families",51,51,51
CyrusOne/Cyrusone_Hearing_12032025.mp3,398,2102.67,2107.671,5.000999999999749,SPEAKER_28,"of organized trades labor here in the city of Springfield, Sangamon, and the surrounding counties.",15,15,15
CyrusOne/Cyrusone_Hearing_12032025.mp3,399,2109.332,2110.232,0.900000000000091,SPEAKER_28,Let me be direct.,4,4,4
CyrusOne/Cyrusone_Hearing_12032025.mp3,400,2110.952,2116.473,5.520999999999731,SPEAKER_28,"If your electric rates were to rise, it's not because of this data center.",14,14,14
CyrusOne/Cyrusone_Hearing_12032025.mp3,401,2116.854,2118.074,1.2200000000002547,SPEAKER_28,"Obviously, we just heard that.",5,5,5
CyrusOne/Cyrusone_Hearing_12032025.mp3,402,2118.694,2124.155,5.46100000000024,SPEAKER_28,But because of the 400 to 500 data centers projected to be built nationwide by 2030.,16,16,16
CyrusOne/Cyrusone_Hearing_12032025.mp3,403,2124.275,2130.977,6.701999999999771,SPEAKER_28,"If this facility isn't built here, it will be built in Iowa, Missouri, or Indiana.",15,15,15
CyrusOne/Cyrusone_Hearing_12032025.mp3,404,2131.437,2138.383,6.945999999999913,SPEAKER_28,"And we will still face higher rates, but without the benefit of the tax revenue that would stay right here in central Illinois.",23,23,23
CyrusOne/Cyrusone_Hearing_12032025.mp3,405,2139.224,2145.649,6.424999999999727,SPEAKER_28,"The revenue will support our schools, libraries, fire districts, and other vital services that strengthen our communities.",17,17,17
CyrusOne/Cyrusone_Hearing_12032025.mp3,406,2146.81,2149.072,2.262000000000171,SPEAKER_28,"Now, who's going to build this facility?",7,7,7
CyrusOne/Cyrusone_Hearing_12032025.mp3,407,2149.833,2155.057,5.223999999999705,SPEAKER_28,The men and women of organized labor seated and sitting right here in front of me.,16,16,16
CyrusOne/Cyrusone_Hearing_12032025.mp3,408,2155.758,2156.218,0.4600000000000364,SPEAKER_28,We've built...,2,2,2
CyrusOne/Cyrusone_Hearing_12032025.mp3,409,2161.937,2164.76,2.82300000000032,SPEAKER_28,We built projects like this across Central Illinois for years.,10,10,10
CyrusOne/Cyrusone_Hearing_12032025.mp3,410,2165.18,2175.108,9.928000000000338,SPEAKER_28,"Memorial Medical Center, HSHS, Springfield Clinic, AT&T, and Horace Mann all rely on closed-loop data systems constructed by our tradespeople.",20,20,20
CyrusOne/Cyrusone_Hearing_12032025.mp3,411,2175.989,2179.071,3.08199999999988,SPEAKER_28,"And I have personally worked on these, but it's been a few years ago.",14,14,14
CyrusOne/Cyrusone_Hearing_12032025.mp3,412,2180.252,2189.8,9.54800000000023,SPEAKER_28,"And tonight, I hold my hand while Brad was talking about the commitment letter from Cyrus One to engage in a project labor agreement with the Central Illinois Building Construction Trades Council",32,32,32
CyrusOne/Cyrusone_Hearing_12032025.mp3,413,2190.345,2200.29,9.945000000000164,SPEAKER_28,"that ensures that local tradespeople will build this $500 million project with fair wages, strong benefits, and the highest safety standards.",21,21,21
CyrusOne/Cyrusone_Hearing_12032025.mp3,414,2201.55,2208.213,6.663000000000011,SPEAKER_28,"Cyrus One has already proven itself to be a partner to organized labor in Chicagoland, and now they want to bring that partnership here.",24,24,24
CyrusOne/Cyrusone_Hearing_12032025.mp3,415,2209.474,2211.895,2.4209999999998217,SPEAKER_28,Think about what that means for just a second.,9,9,9
CyrusOne/Cyrusone_Hearing_12032025.mp3,416,2212.816,2214.577,1.761000000000422,SPEAKER_28,These workers are not just builders.,6,6,6
CyrusOne/Cyrusone_Hearing_12032025.mp3,417,2214.897,2216.377,1.4800000000000182,SPEAKER_28,They are your neighbors.,4,4,4
CyrusOne/Cyrusone_Hearing_12032025.mp3,418,2217.678,2219.659,1.981000000000222,SPEAKER_28,They buy cars at your local dealerships.,7,7,7
CyrusOne/Cyrusone_Hearing_12032025.mp3,419,2220.602,2221.863,1.2609999999999673,SPEAKER_28,They eat at our restaurants.,5,5,5
CyrusOne/Cyrusone_Hearing_12032025.mp3,420,2221.903,2223.104,1.2010000000000218,SPEAKER_28,They shop at our stores.,5,5,5
CyrusOne/Cyrusone_Hearing_12032025.mp3,421,2223.865,2225.506,1.6410000000000764,SPEAKER_28,They coach our kids' sports teams.,6,6,6
CyrusOne/Cyrusone_Hearing_12032025.mp3,422,2225.867,2233.253,7.385999999999967,SPEAKER_28,"And on Sundays, they sit beside you in church, putting money in the collection plate, praying for their family and yours.",21,21,21
CyrusOne/Cyrusone_Hearing_12032025.mp3,423,2234.414,2237.036,2.6219999999998436,SPEAKER_28,This project is about more than steel and concrete.,9,9,9
CyrusOne/Cyrusone_Hearing_12032025.mp3,424,2237.056,2242.261,5.204999999999927,SPEAKER_28,"It's about investing in the people, in the community, and the future of Sangamon County.",15,15,15
CyrusOne/Cyrusone_Hearing_12032025.mp3,425,2243.142,2246.685,3.54300000000012,SPEAKER_28,"On behalf of the thousand working families that I represent,",10,10,10
CyrusOne/Cyrusone_Hearing_12032025.mp3,426,2247.412,2251.556,4.144000000000233,SPEAKER_28,I urge you to see the opportunity before us and make this project a reality.,15,15,15
CyrusOne/Cyrusone_Hearing_12032025.mp3,427,2252.717,2256.4,3.6829999999999927,SPEAKER_28,"Now I'd like to introduce my colleague, Brad Shivey, and thank you for your time tonight.",16,16,16
CyrusOne/Cyrusone_Hearing_12032025.mp3,428,2263.546,2265.668,2.1220000000002983,SPEAKER_29,"Brad Shivey, Ventinova Consulting.",4,4,4
CyrusOne/Cyrusone_Hearing_12032025.mp3,429,2265.688,2271.813,6.125,SPEAKER_29,I have the honor of working for many of the organizations represented by these men and women here tonight.,19,19,19
CyrusOne/Cyrusone_Hearing_12032025.mp3,430,2273.114,2274.035,0.9209999999998217,SPEAKER_29,What you look at is the,6,6,6
CyrusOne/Cyrusone_Hearing_12032025.mp3,431,2275.577,2279.5,3.9229999999997744,SPEAKER_29,the absolute economic engine that runs Sandman County.,8,8,8
CyrusOne/Cyrusone_Hearing_12032025.mp3,432,2280.14,2281.701,1.5610000000001492,SPEAKER_29,That's the blue-collar class.,4,4,4
CyrusOne/Cyrusone_Hearing_12032025.mp3,433,2282.602,2287.585,4.983000000000175,SPEAKER_29,"We fight all the wars, we pay all the taxes, we build all the roads, and we build all the schools.",21,21,21
CyrusOne/Cyrusone_Hearing_12032025.mp3,434,2289.147,2304.497,15.349999999999909,SPEAKER_29,"Every time I go to one of these events, and I've gone to many over the three decades, where Q5, back in the day, Q5, now Sandman County Growth Alliance, they bring these projects in, and there's always people that want to be obstructionists.",44,44,44
CyrusOne/Cyrusone_Hearing_12032025.mp3,435,2304.517,2305.318,0.8010000000003856,SPEAKER_29,They want to stop it.,5,5,5
CyrusOne/Cyrusone_Hearing_12032025.mp3,436,2307.241,2312.444,5.2029999999999745,SPEAKER_29,Then what I hear is that the only reason the union members are there is because of money.,18,18,18
CyrusOne/Cyrusone_Hearing_12032025.mp3,437,2312.824,2313.685,0.8609999999998763,SPEAKER_29,It's all about money.,4,4,4
CyrusOne/Cyrusone_Hearing_12032025.mp3,438,2314.125,2319.948,5.822999999999865,SPEAKER_29,"They don't really care about the community or the environment, even though many of us are fourth generation living in Springfield.",21,21,21
CyrusOne/Cyrusone_Hearing_12032025.mp3,439,2321.189,2322.63,1.4410000000002583,SPEAKER_29,So they say it's all about the money.,8,8,8
CyrusOne/Cyrusone_Hearing_12032025.mp3,440,2323.21,2331.515,8.304999999999836,SPEAKER_29,"Well, I think it's important for the members here tonight to see what the face of that economic engine looks like.",21,21,21
CyrusOne/Cyrusone_Hearing_12032025.mp3,441,2332.095,2336.838,4.743000000000393,SPEAKER_29,"But not only that, as many of you know, by ordinance for Sangamon County,",14,14,14
CyrusOne/Cyrusone_Hearing_12032025.mp3,442,2337.969,2348.196,10.226999999999862,SPEAKER_29,"LDRT, Labor's Disaster Response Team, which has had 13 deployments, nine within same accounting, are by ordinance, your own ordinance, first responders for this county.",25,25,25
CyrusOne/Cyrusone_Hearing_12032025.mp3,443,2349.256,2357.381,8.125,SPEAKER_29,"It's important to know that people that volunteer and lose money to go to those, they leave jobs to go to disasters.",22,22,22
CyrusOne/Cyrusone_Hearing_12032025.mp3,444,2357.682,2360.143,2.46100000000024,SPEAKER_29,"While others go the other way, we run towards it.",10,10,10
CyrusOne/Cyrusone_Hearing_12032025.mp3,445,2360.944,2367.568,6.624000000000251,SPEAKER_29,It is important that people see what this economic engine does for the community besides,15,15,15
CyrusOne/Cyrusone_Hearing_12032025.mp3,446,2368.157,2369.217,1.0599999999999454,SPEAKER_29,the financial benefit.,3,3,3
CyrusOne/Cyrusone_Hearing_12032025.mp3,447,2369.618,2376.801,7.182999999999993,SPEAKER_29,"If you've been on a deployment for LDRT within Salmon County for many of the trades, please take this moment to stand so you can be recognized.",27,27,27
CyrusOne/Cyrusone_Hearing_12032025.mp3,448,2385.124,2387.445,2.3210000000003674,SPEAKER_29,Thank you.,2,2,2
CyrusOne/Cyrusone_Hearing_12032025.mp3,449,2390.806,2392.507,1.7010000000000218,SPEAKER_29,When I came home from the military,7,7,7
CyrusOne/Cyrusone_Hearing_12032025.mp3,450,2392.972,2398.393,5.420999999999822,SPEAKER_29,I REMEMBER SITTING AROUND A TABLE AND AT THAT TIME WHAT WAS DISCUSSED IS THERE WAS TWO OPPORTUNITIES FOR EMPLOYMENT IN THIS COMMUNITY.,23,23,23
CyrusOne/Cyrusone_Hearing_12032025.mp3,451,2398.793,2400.853,2.0599999999999454,SPEAKER_29,THE MEDICAL DISTRICT OR STATE EMPLOYEES.,6,6,6
CyrusOne/Cyrusone_Hearing_12032025.mp3,452,2401.393,2402.974,1.581000000000131,SPEAKER_29,DRIVE THROUGH DOWNTOWN SPRINGFIELD.,4,4,4
CyrusOne/Cyrusone_Hearing_12032025.mp3,453,2403.514,2408.595,5.080999999999676,SPEAKER_29,THE STATE HAS REDUCED THEIR FOOTPRINT WITHIN THIS COMMUNITY TO A LEVEL I'VE NEVER SEEN BEFORE.,16,16,16
CyrusOne/Cyrusone_Hearing_12032025.mp3,454,2409.135,2410.215,1.0799999999999272,SPEAKER_29,THE MEDICAL INDUSTRY.,3,3,3
CyrusOne/Cyrusone_Hearing_12032025.mp3,455,2410.275,2411.795,1.5199999999999818,SPEAKER_29,LOOK AT THE TOP OF THE NEWSPAPERS.,7,7,7
CyrusOne/Cyrusone_Hearing_12032025.mp3,456,2411.855,2412.455,0.599999999999909,SPEAKER_29,WE ALL READ IT.,4,4,4
CyrusOne/Cyrusone_Hearing_12032025.mp3,457,2412.475,2413.456,0.9810000000002219,SPEAKER_29,LOOK AT SOCIAL MEDIA.,4,4,4
CyrusOne/Cyrusone_Hearing_12032025.mp3,458,2414.116,2417.176,3.0599999999999454,SPEAKER_29,"70 PEOPLE LAID OFF HERE, 100 PEOPLE LAID OFF HERE.",10,10,10
CyrusOne/Cyrusone_Hearing_12032025.mp3,459,2418.136,2421.717,3.581000000000131,SPEAKER_29,"DURING THAT SAME 24 MONTHS, THE ORGANIZATIONS HERE",8,8,8
CyrusOne/Cyrusone_Hearing_12032025.mp3,460,2422.454,2427.677,5.222999999999956,SPEAKER_29,"Tonight have added 1,000 men and women to our memberships.",10,10,10
CyrusOne/Cyrusone_Hearing_12032025.mp3,461,2427.977,2430.238,2.2609999999999673,SPEAKER_29,"1,000 have entered our apprenticeship programs.",6,6,6
CyrusOne/Cyrusone_Hearing_12032025.mp3,462,2430.678,2437.241,6.563000000000102,SPEAKER_29,"We had to take 160 apprentices just for Double Black Diamond, just for that project alone.",16,16,16
CyrusOne/Cyrusone_Hearing_12032025.mp3,463,2437.602,2445.786,8.184000000000196,SPEAKER_29,"So when you talk about an economic engine and what a project like this and this PLA does for this family, because we are a family.",26,26,26
CyrusOne/Cyrusone_Hearing_12032025.mp3,464,2445.806,2446.406,0.599999999999909,SPEAKER_29,We're all together.,3,3,3
CyrusOne/Cyrusone_Hearing_12032025.mp3,465,2446.966,2448.267,1.3009999999999309,SPEAKER_29,What is it if not a family?,7,7,7
CyrusOne/Cyrusone_Hearing_12032025.mp3,466,2448.954,2454.697,5.742999999999938,SPEAKER_29,then why would you donate your time to a community and put yourself at risk if you don't see this community as a family?,24,24,24
CyrusOne/Cyrusone_Hearing_12032025.mp3,467,2455.097,2461.901,6.803999999999633,SPEAKER_29,"If you don't look to the right or the left and realize that your success is their success, all of your success is our success.",25,25,25
CyrusOne/Cyrusone_Hearing_12032025.mp3,468,2463.722,2471.206,7.483999999999924,SPEAKER_29,"These projects are imperative, imperative to the survival of the economic engine of this community.",15,15,15
CyrusOne/Cyrusone_Hearing_12032025.mp3,469,2473.767,2475.808,2.0410000000001673,SPEAKER_29,"If we don't do these projects,",6,6,6
CyrusOne/Cyrusone_Hearing_12032025.mp3,470,2476.93,2477.83,0.900000000000091,SPEAKER_29,THEN WHAT DO WE DO?,5,5,5
CyrusOne/Cyrusone_Hearing_12032025.mp3,471,2478.09,2480.431,2.3409999999998945,SPEAKER_29,WHY DO WE HAVE THE SAMMON COUNTY GROWTH ALLIANCE?,9,9,9
CyrusOne/Cyrusone_Hearing_12032025.mp3,472,2481.611,2487.093,5.481999999999971,SPEAKER_29,WHY DO WE HAVE ALL OF THESE MEETINGS ABOUT NEW SCHOOLS AND NEW ROADS?,14,14,14
CyrusOne/Cyrusone_Hearing_12032025.mp3,473,2487.173,2487.873,0.7000000000002728,SPEAKER_29,WHY DO WE DO THAT?,5,5,5
CyrusOne/Cyrusone_Hearing_12032025.mp3,474,2488.093,2491.014,2.9210000000002765,SPEAKER_29,BECAUSE IT IS IMPERATIVE TO THE SUCCESS OF THIS COMMUNITY.,10,10,10
CyrusOne/Cyrusone_Hearing_12032025.mp3,475,2492.554,2496.055,3.500999999999749,SPEAKER_29,"THE BLUE COLLAR CLASS AND THE MEN AND WOMEN HERE, LOOK AT THE FACES.",14,14,14
CyrusOne/Cyrusone_Hearing_12032025.mp3,476,2496.095,2497.076,0.9810000000002219,SPEAKER_29,LOOK AT THE DIVERSITY.,4,4,4
CyrusOne/Cyrusone_Hearing_12032025.mp3,477,2497.396,2498.616,1.2199999999998,SPEAKER_29,LOOK AT THE OPPORTUNITY.,4,4,4
CyrusOne/Cyrusone_Hearing_12032025.mp3,478,2500.977,2503.137,2.1600000000003092,SPEAKER_29,WE CHANGE THIS COMMUNITY FROM WITHIN.,6,6,6
CyrusOne/Cyrusone_Hearing_12032025.mp3,479,2503.997,2506.058,2.061000000000149,SPEAKER_29,PROJECTS LIKE THIS AND THESE PARTNERSHIPS,6,6,6
CyrusOne/Cyrusone_Hearing_12032025.mp3,480,2506.568,2511.009,4.4409999999998035,SPEAKER_29,GIVE US AN OPPORTUNITY TO WORK TOGETHER TO BETTER THIS ENTIRE COMMUNITY.,12,12,12
CyrusOne/Cyrusone_Hearing_12032025.mp3,481,2511.949,2514.17,2.2210000000000036,SPEAKER_29,WE WON'T ALLOW INDIVIDUALS TO STOP THAT.,7,7,7
CyrusOne/Cyrusone_Hearing_12032025.mp3,482,2515.13,2516.331,1.2010000000000218,SPEAKER_29,WE CANNOT DO THAT.,4,4,4
CyrusOne/Cyrusone_Hearing_12032025.mp3,483,2517.191,2528.654,11.463000000000193,SPEAKER_29,"WITH THAT, RESPECTFULLY TO ALL OF THE BOARD MEMBERS, AND I HOPE YOU UNDERSTAND THIS IS WITH THE UTMOST RESPECT, THESE MEN AND WOMEN WENT TO WORK THIS MORNING AT 0600 IN INCLEMENT WEATHER.",34,34,34
CyrusOne/Cyrusone_Hearing_12032025.mp3,484,2528.854,2532.635,3.781000000000404,SPEAKER_29,"THEY HAVEN'T SEEN THEIR FAMILIES, THEY FROZE ALL DAY, AND THEY HAVEN'T HAD DINNER.",14,14,14
CyrusOne/Cyrusone_Hearing_12032025.mp3,485,2533.582,2538.345,4.76299999999992,SPEAKER_29,But it's important enough to be here tonight so you see that they're part of us.,16,16,16
CyrusOne/Cyrusone_Hearing_12032025.mp3,486,2538.885,2539.606,0.7210000000000036,SPEAKER_29,We are one.,3,3,3
CyrusOne/Cyrusone_Hearing_12032025.mp3,487,2541.047,2542.768,1.7210000000000036,SPEAKER_29,Our success is together.,4,4,4
CyrusOne/Cyrusone_Hearing_12032025.mp3,488,2543.688,2545.649,1.9609999999997854,SPEAKER_29,So they left those families.,5,5,5
CyrusOne/Cyrusone_Hearing_12032025.mp3,489,2545.89,2546.57,0.680000000000291,SPEAKER_29,They've not eaten.,3,3,3
CyrusOne/Cyrusone_Hearing_12032025.mp3,490,2546.59,2547.11,0.5199999999999818,SPEAKER_29,They came here.,3,3,3
CyrusOne/Cyrusone_Hearing_12032025.mp3,491,2547.37,2554.375,7.005000000000109,SPEAKER_29,"But tomorrow morning, when it's 20-something degrees out, at 0600, they'll be on that job, part of that economic engine.",20,20,20
CyrusOne/Cyrusone_Hearing_12032025.mp3,492,2554.935,2562.96,8.025000000000091,SPEAKER_29,"So with that, when I finish, I hope you understand, with all due respect, that these men and women need to get back on those jobs",26,26,26
CyrusOne/Cyrusone_Hearing_12032025.mp3,493,2563.586,2566.829,3.243000000000393,SPEAKER_29,that fund and run that economic engine.,7,7,7
CyrusOne/Cyrusone_Hearing_12032025.mp3,494,2567.57,2570.152,2.58199999999988,SPEAKER_29,Thank you so much for the time you've allowed us tonight.,11,11,11
CyrusOne/Cyrusone_Hearing_12032025.mp3,495,2580.822,2583.545,2.7229999999999563,SPEAKER_29,"So with that, let's go to our families.",8,8,8
CyrusOne/Cyrusone_Hearing_12032025.mp3,496,2583.825,2586.868,3.04300000000012,SPEAKER_29,"With all due respect, everyone, thank you so much for your time.",12,12,12
CyrusOne/Cyrusone_Hearing_12032025.mp3,497,2587.268,2587.649,0.3809999999998581,SPEAKER_29,Let's go.,2,2,2
CyrusOne/Cyrusone_Hearing_12032025.mp3,498,2593.48,2614.054,20.57400000000007,SPEAKER_17,We'll give it time to settle out.,7,7,7
CyrusOne/Cyrusone_Hearing_12032025.mp3,499,2615.235,2617.076,1.8409999999998945,SPEAKER_17,We'll give it a minute to clear out.,8,8,8
CyrusOne/Cyrusone_Hearing_12032025.mp3,500,2642.4,2643.56,1.1599999999998545,SPEAKER_25,"Aaron, see you, bud.",4,4,4
CyrusOne/Cyrusone_Hearing_12032025.mp3,501,2644.801,2645.721,0.9200000000000728,SPEAKER_25,You guys did a good job.,6,6,6
CyrusOne/Cyrusone_Hearing_12032025.mp3,502,2645.942,2646.342,0.40000000000009095,SPEAKER_25,Good job.,2,2,2
CyrusOne/Cyrusone_Hearing_12032025.mp3,503,2662.282,2666.345,4.062999999999647,SPEAKER_25,to the board members i'm giving just a few minutes for the room to settle down,16,16,16
CyrusOne/Cyrusone_Hearing_12032025.mp3,504,2689.48,2695.685,6.204999999999927,SPEAKER_17,Okay.,1,1,1
CyrusOne/Cyrusone_Hearing_12032025.mp3,505,2701.01,2701.45,0.4399999999995998,SPEAKER_30,Okay.,1,1,1
CyrusOne/Cyrusone_Hearing_12032025.mp3,506,2701.95,2705.013,3.063000000000102,SPEAKER_16,Okay.,1,1,1
CyrusOne/Cyrusone_Hearing_12032025.mp3,507,2706.394,2709.957,3.563000000000102,SPEAKER_17,I've got that.,3,3,3
CyrusOne/Cyrusone_Hearing_12032025.mp3,508,2710.177,2710.898,0.7210000000000036,SPEAKER_25,I'll put it with this.,5,5,5
CyrusOne/Cyrusone_Hearing_12032025.mp3,509,2712.479,2717.864,5.385000000000218,SPEAKER_25,"We'll give it about one more minute, Joel.",8,8,7
CyrusOne/Cyrusone_Hearing_12032025.mp3,510,2721.576,2722.437,0.8609999999998763,SPEAKER_25,You want these with it?,5,5,5
CyrusOne/Cyrusone_Hearing_12032025.mp3,511,2724.018,2725.379,1.3609999999998763,SPEAKER_25,Do I call these people up too?,7,7,7
CyrusOne/Cyrusone_Hearing_12032025.mp3,512,2725.879,2728.761,2.882000000000062,SPEAKER_25,"Yeah, they'll be called first.",5,5,5
CyrusOne/Cyrusone_Hearing_12032025.mp3,513,2728.781,2729.282,0.5010000000002037,SPEAKER_25,"Okay, first.",2,2,2
CyrusOne/Cyrusone_Hearing_12032025.mp3,514,2729.802,2738.228,8.42599999999993,SPEAKER_17,"Second, okay.",2,2,2
CyrusOne/Cyrusone_Hearing_12032025.mp3,515,2738.268,2743.772,5.503999999999905,SPEAKER_17,Gotcha.,1,1,1
CyrusOne/Cyrusone_Hearing_12032025.mp3,516,2745.473,2748.655,3.1820000000002437,SPEAKER_25,"Okay, everyone, we're going to resume in about 30 seconds.",10,10,10
CyrusOne/Cyrusone_Hearing_12032025.mp3,517,2781.059,2783.64,2.580999999999676,SPEAKER_25,"Okay, everyone, we're calling the meeting back to order.",9,9,9
CyrusOne/Cyrusone_Hearing_12032025.mp3,518,2785.92,2797.603,11.682999999999993,SPEAKER_25,"And what we're going to do first now, from our county, the Salmon County board members, my colleagues, I recognize Tony DelGiorno.",22,22,22
CyrusOne/Cyrusone_Hearing_12032025.mp3,519,2798.23,2825.427,27.197000000000116,SPEAKER_25,who's going to start the beginning of the question period of uh... cyrus one now remember this board members you can be recognized up to two times if you wish total of five minutes across those two times and out of that uh... five minutes that's including the time that the person answering your question is so if they've answered your question and you know you have something else you want to say stop them,75,75,75
CyrusOne/Cyrusone_Hearing_12032025.mp3,520,2825.911,2829.452,3.5410000000001673,SPEAKER_25,BECAUSE YOU WANT TO LEAVE YOUR TIME FOR WHATEVER ELSE IT IS YOU'RE WANTING TO ASK.,16,16,16
CyrusOne/Cyrusone_Hearing_12032025.mp3,521,2830.572,2831.492,0.9200000000000728,SPEAKER_25,"SO, OKAY.",2,2,2
CyrusOne/Cyrusone_Hearing_12032025.mp3,522,2831.632,2833.673,2.0409999999997126,SPEAKER_25,"WITH THAT, TONY DOZERNO, I RECOGNIZE YOU.",7,7,7
CyrusOne/Cyrusone_Hearing_12032025.mp3,523,2833.773,2834.053,0.27999999999974534,SPEAKER_25,PLEASE.,1,1,1
CyrusOne/Cyrusone_Hearing_12032025.mp3,524,2834.073,2836.354,2.280999999999949,SPEAKER_25,"THANK YOU, MR. CHAIRMAN.",4,4,4
CyrusOne/Cyrusone_Hearing_12032025.mp3,525,2836.374,2836.774,0.40000000000009095,SPEAKER_25,SPEAKERS?,1,1,1
CyrusOne/Cyrusone_Hearing_12032025.mp3,526,2837.654,2839.194,1.5399999999999636,SPEAKER_25,RAISE YOUR HAND AND THEY'LL GET YOUR SPEAKER ON.,9,9,9
CyrusOne/Cyrusone_Hearing_12032025.mp3,527,2839.214,2842.255,3.0410000000001673,SPEAKER_25,ALL RIGHT.,2,2,2
CyrusOne/Cyrusone_Hearing_12032025.mp3,528,2842.655,2844.296,1.6409999999996217,SPEAKER_18,"THANK YOU, MR. CHAIRMAN.",4,4,4
CyrusOne/Cyrusone_Hearing_12032025.mp3,529,2844.676,2852.478,7.802000000000135,SPEAKER_18,QUESTION FOR CYRUS 1 IN TERMS OF TIMELINE FOR PROPOSING THIS FOR FINAL VOTE.,14,14,14
CyrusOne/Cyrusone_Hearing_12032025.mp3,530,2852.558,2853.918,1.3600000000001273,SPEAKER_18,"MY UNDERSTANDING, ORIGINALLY,",3,3,3
CyrusOne/Cyrusone_Hearing_12032025.mp3,531,2854.968,2859.213,4.245000000000346,SPEAKER_18,was that it was to go to our Zoning Board of Appeals this month.,14,14,14
CyrusOne/Cyrusone_Hearing_12032025.mp3,532,2859.373,2861.135,1.762000000000171,SPEAKER_18,I understand that's been pushed back.,6,6,6
CyrusOne/Cyrusone_Hearing_12032025.mp3,533,2861.535,2869.583,8.04800000000023,SPEAKER_18,Could you clarify why it's been pushed back and what your current timeline for asking for a final vote would be?,21,21,21
CyrusOne/Cyrusone_Hearing_12032025.mp3,534,2870.09,2870.871,0.7809999999999491,SPEAKER_14,"YES, ABSOLUTELY.",2,2,2
CyrusOne/Cyrusone_Hearing_12032025.mp3,535,2871.671,2876.795,5.124000000000251,SPEAKER_14,"SO WHEN WE SUBMITTED, WHEN WE SUBMITTED, I'M TRYING TO REMEMBER THE EXACT DATE.",14,14,14
CyrusOne/Cyrusone_Hearing_12032025.mp3,536,2877.035,2878.577,1.542000000000371,SPEAKER_14,WHAT WAS IT?,3,3,3
CyrusOne/Cyrusone_Hearing_12032025.mp3,537,2879.157,2880.638,1.4809999999997672,SPEAKER_14,OCTOBER 10TH.,2,2,2
CyrusOne/Cyrusone_Hearing_12032025.mp3,538,2880.698,2884.421,3.7229999999999563,SPEAKER_14,"NATURALLY, WE TARGETED THE FIRST MEETING THAT WE COULD POSSIBLY PRESENT IT.",12,12,12
CyrusOne/Cyrusone_Hearing_12032025.mp3,539,2885.262,2891.367,6.105000000000018,SPEAKER_14,"AND THIS IS AN UNUSUAL FOR ANY OF OUR PROJECTS WHERE WE SUBMIT AN APPLICATION, THE STAFF REVIEWS IT AND THEY COME BACK WITH COMMENTS.",25,25,25
CyrusOne/Cyrusone_Hearing_12032025.mp3,540,2892.067,2897.071,5.003999999999905,SPEAKER_14,AND THE COMMENTS ARE SOMETIMES VERY EASY TO PICK UP AND OTHER TIMES IT MAKES US REALIZE WE NEED TO DO MORE ON THE ENGINEERING.,25,25,25
CyrusOne/Cyrusone_Hearing_12032025.mp3,541,2897.485,2902.955,5.4699999999998,SPEAKER_14,We've got to do more work and provide more detail so that the staff can adequately make a recommendation on the project.,22,22,22
CyrusOne/Cyrusone_Hearing_12032025.mp3,542,2903.556,2906.602,3.0459999999998217,SPEAKER_14,And so we've got a little bit more engineering to do and more detail to add to the drawings.,19,19,19
CyrusOne/Cyrusone_Hearing_12032025.mp3,543,2907.267,2911.769,4.501999999999953,SPEAKER_14,So that was the reason for the delay was seeing the staff comments and needing that more time.,18,18,18
CyrusOne/Cyrusone_Hearing_12032025.mp3,544,2911.789,2913.51,1.7210000000000036,SPEAKER_14,It wasn't going to be ready.,6,6,6
CyrusOne/Cyrusone_Hearing_12032025.mp3,545,2913.55,2924.214,10.66399999999976,SPEAKER_14,"Going forward, I think I would like to target approval by Q1 of 26, so on the late end of March, if we can get to that date.",28,28,28
CyrusOne/Cyrusone_Hearing_12032025.mp3,546,2924.494,2925.595,1.100999999999658,SPEAKER_14,"If we get to February, great.",6,6,6
CyrusOne/Cyrusone_Hearing_12032025.mp3,547,2925.715,2927.976,2.2609999999999673,SPEAKER_14,"But like I said, we still got some engineering to do.",11,11,11
CyrusOne/Cyrusone_Hearing_12032025.mp3,548,2928.376,2928.616,0.23999999999978172,SPEAKER_18,Okay.,1,1,1
CyrusOne/Cyrusone_Hearing_12032025.mp3,549,2929.196,2935.159,5.963000000000193,SPEAKER_18,"And, Mr. Chairman, I would just like to point out a lot of folks have raised with us",18,18,18
CyrusOne/Cyrusone_Hearing_12032025.mp3,550,2935.632,2941.273,5.641000000000076,SPEAKER_18,"the idea of doing a moratorium for 180 days, which would be roughly six months.",15,15,15
CyrusOne/Cyrusone_Hearing_12032025.mp3,551,2941.333,2946.455,5.121999999999844,SPEAKER_18,"The original application, I think he just said, was filed in October.",12,12,12
CyrusOne/Cyrusone_Hearing_12032025.mp3,552,2946.475,2954.757,8.282000000000153,SPEAKER_18,"So right now, if we're looking toward late March as a possible vote, that's close to 180 days.",18,18,18
CyrusOne/Cyrusone_Hearing_12032025.mp3,553,2954.877,2960.458,5.581000000000131,SPEAKER_18,"And as Mr. Chairman, you had pointed out, there will be several ZBA meetings, zoning meetings,",16,16,16
CyrusOne/Cyrusone_Hearing_12032025.mp3,554,2961.475,2968.219,6.744000000000142,SPEAKER_18,AT LEAST THREE MORE COUNTY BOARD MEETINGS WHERE FOLKS CAN RAISE MORE QUESTIONS OR CONCERNS.,15,15,15
CyrusOne/Cyrusone_Hearing_12032025.mp3,555,2969.159,2977.663,8.503999999999905,SPEAKER_18,"AND I HOPE THAT THROUGHOUT ALL OF THOSE MEETINGS AND PROCESSES, SOMEONE FROM CYRUS LUNG COULD BE AVAILABLE TO ADDRESS THOSE THROUGHOUT.",22,22,22
CyrusOne/Cyrusone_Hearing_12032025.mp3,556,2977.703,2984.847,7.144000000000233,SPEAKER_18,SO I THINK WE'LL HAVE PLENTY OF TIME TO VET ALL OF THE CONCERNS THAT PEOPLE ARE WORRIED ABOUT.,19,19,19
CyrusOne/Cyrusone_Hearing_12032025.mp3,557,2985.567,2986.507,0.9400000000000546,SPEAKER_18,"AND WITH THAT, I'LL YIELD.",5,5,5
CyrusOne/Cyrusone_Hearing_12032025.mp3,558,2989.97,2991.75,1.7800000000002,SPEAKER_25,"Thank you very much, Tony.",5,5,5
CyrusOne/Cyrusone_Hearing_12032025.mp3,559,2992.351,2996.992,4.641000000000076,SPEAKER_25,And is there any questions now for Cyrus 1 from the board members?,13,13,13
CyrusOne/Cyrusone_Hearing_12032025.mp3,560,2999.292,2999.933,0.6410000000000764,SPEAKER_25,Jeff Thomas?,2,2,2
CyrusOne/Cyrusone_Hearing_12032025.mp3,561,3000.153,3001.173,1.0199999999999818,SPEAKER_25,"Raise your hand, Jeff Thomas.",5,5,5
CyrusOne/Cyrusone_Hearing_12032025.mp3,562,3001.193,3003.774,2.580999999999676,SPEAKER_30,I have a question.,4,4,4
CyrusOne/Cyrusone_Hearing_12032025.mp3,563,3003.794,3012.016,8.222000000000207,SPEAKER_30,I appreciate that you guys have went back because I am on the zoning committee and you did take us seriously and take the time to reevaluate a little bit.,30,30,30
CyrusOne/Cyrusone_Hearing_12032025.mp3,564,3012.096,3012.916,0.8200000000001637,SPEAKER_30,I appreciate that.,3,3,3
CyrusOne/Cyrusone_Hearing_12032025.mp3,565,3014.536,3016.717,2.18100000000004,SPEAKER_30,Sounds like you're working towards a lot of our questions.,10,10,10
CyrusOne/Cyrusone_Hearing_12032025.mp3,566,3016.997,3017.157,0.16000000000030923,SPEAKER_30,Yep.,1,1,1
CyrusOne/Cyrusone_Hearing_12032025.mp3,567,3017.476,3021.901,4.424999999999727,SPEAKER_30,My question right now is something that's probably off topic a little bit.,13,13,13
CyrusOne/Cyrusone_Hearing_12032025.mp3,568,3021.961,3029.629,7.66800000000012,SPEAKER_30,"Since it's in such a rural area, how do you with volunteer fire departments have a response?",17,17,17
CyrusOne/Cyrusone_Hearing_12032025.mp3,569,3029.649,3031.03,1.3810000000003129,SPEAKER_30,I know that's something you're working on.,7,7,7
CyrusOne/Cyrusone_Hearing_12032025.mp3,570,3031.771,3033.353,1.58199999999988,SPEAKER_30,What would that look like?,5,5,5
CyrusOne/Cyrusone_Hearing_12032025.mp3,571,3033.653,3040.26,6.607000000000426,SPEAKER_30,"I know money will be provided and that will help to do that, but I'm wondering how that looks as friends of mine.",23,23,23
CyrusOne/Cyrusone_Hearing_12032025.mp3,572,3040.871,3057.078,16.20699999999988,SPEAKER_14,myself in the emergency field how that would look as a response in a rural area like that yeah so the rural fire district is one of the will be one of the taxing entities receiving the revenue from this but we did share um our plans with them the fire hydrant locations and everything else and,57,57,57
CyrusOne/Cyrusone_Hearing_12032025.mp3,573,3057.588,3063.951,6.362999999999829,SPEAKER_14,I'm sure there's plenty more questions that they may want to have answered based on how fire departments treat these facilities and other locations.,24,24,24
CyrusOne/Cyrusone_Hearing_12032025.mp3,574,3064.671,3075.336,10.664999999999964,SPEAKER_14,"What I'll say is in terms of when you think of the investment that we're making here and the servers and the equipment that's contained within this facility, it's a significant investment for our tenants.",35,35,35
CyrusOne/Cyrusone_Hearing_12032025.mp3,575,3075.937,3078.558,2.6210000000000946,SPEAKER_14,What that means is our fire prevention systems are,9,9,9
CyrusOne/Cyrusone_Hearing_12032025.mp3,576,3080.719,3086.004,5.2849999999998545,SPEAKER_14,"state-of-the-art, world-class, the most expensive fire prevention systems you can imagine.",11,11,11
CyrusOne/Cyrusone_Hearing_12032025.mp3,577,3086.564,3096.452,9.888000000000375,SPEAKER_14,We have a very early smoke detection system that will identify even if there's a hint of smoke happening and shoot water directly at the source.,26,26,26
CyrusOne/Cyrusone_Hearing_12032025.mp3,578,3097.672,3100.133,2.4609999999997854,SPEAKER_14,to capture where a fire is spreading out.,8,8,8
CyrusOne/Cyrusone_Hearing_12032025.mp3,579,3100.853,3107.956,7.1030000000000655,SPEAKER_14,And I say that because the idea of a fire being able to cascade or move throughout a building like it would in another building doesn't exist here.,28,28,28
CyrusOne/Cyrusone_Hearing_12032025.mp3,580,3108.516,3116.319,7.802999999999884,SPEAKER_14,"We do not want a data center going up in flames and then drowning it with water and losing the investment that we've made, that our customers made.",28,28,28
CyrusOne/Cyrusone_Hearing_12032025.mp3,581,3116.339,3118.62,2.280999999999949,SPEAKER_14,It's just unfathomable and we cannot let it happen.,9,9,9
CyrusOne/Cyrusone_Hearing_12032025.mp3,582,3119.386,3124.568,5.182000000000244,SPEAKER_14,So I think the actual need for the fire department to actually have to come in and actually fight a fire is extremely low.,24,24,24
CyrusOne/Cyrusone_Hearing_12032025.mp3,583,3125.388,3128.769,3.380999999999858,SPEAKER_14,"With that being said, they need to be prepared for anything, right?",12,12,12
CyrusOne/Cyrusone_Hearing_12032025.mp3,584,3128.829,3130.45,1.6209999999996398,SPEAKER_14,That's the job.,3,3,3
CyrusOne/Cyrusone_Hearing_12032025.mp3,585,3131.15,3137.232,6.08199999999988,SPEAKER_14,And we can help prepare them for that and help teach them some best practices based on what we've seen in other places.,23,23,23
CyrusOne/Cyrusone_Hearing_12032025.mp3,586,3137.733,3142.814,5.080999999999676,SPEAKER_14,Even have them have other fire departments come and meet with them and share their best practices.,17,17,17
CyrusOne/Cyrusone_Hearing_12032025.mp3,587,3142.834,3146.816,3.981999999999971,SPEAKER_30,That is my question is would you guys provide something because it is a very unique,16,16,16
CyrusOne/Cyrusone_Hearing_12032025.mp3,588,3147.605,3152.429,4.824000000000069,SPEAKER_30,BUILDING WITH VERY UNIQUE STUFF THAT THEY MAY HAVE NOT BEEN EXPOSED TO EVER.,14,14,14
CyrusOne/Cyrusone_Hearing_12032025.mp3,589,3152.669,3153.069,0.40000000000009095,SPEAKER_14,ABSOLUTELY.,1,1,1
CyrusOne/Cyrusone_Hearing_12032025.mp3,590,3153.189,3157.432,4.242999999999938,SPEAKER_14,"YEAH, I THINK THE BIG QUESTION WE GET IS ABOUT ACCESS TO THE ROOF AND FIRE AND LADDERS LIKE LADDER HEIGHT.",21,21,21
CyrusOne/Cyrusone_Hearing_12032025.mp3,591,3157.813,3159.674,1.8609999999998763,SPEAKER_14,HOW BIG OF A LADDER DO WE NEED TO GET ON TOP OF YOUR ROOF?,15,15,15
CyrusOne/Cyrusone_Hearing_12032025.mp3,592,3159.754,3161.636,1.8820000000000618,SPEAKER_14,WHERE CAN WE PARK THE TRUCK TO GET UP?,9,9,9
CyrusOne/Cyrusone_Hearing_12032025.mp3,593,3162.396,3165.138,2.7419999999997344,SPEAKER_14,AND THOSE ARE THINGS THAT WE CAN DEFINITELY PROVIDE TRAINING ON.,11,11,11
CyrusOne/Cyrusone_Hearing_12032025.mp3,594,3165.158,3165.558,0.40000000000009095,SPEAKER_14,THANK YOU.,2,2,2
CyrusOne/Cyrusone_Hearing_12032025.mp3,595,3168.2,3169.481,1.2810000000004038,SPEAKER_25,"ANY OTHER QUESTIONS, JEFF?",4,4,4
CyrusOne/Cyrusone_Hearing_12032025.mp3,596,3169.722,3169.902,0.1799999999998363,SPEAKER_25,NO.,1,1,1
CyrusOne/Cyrusone_Hearing_12032025.mp3,597,3170.462,3171.643,1.18100000000004,SPEAKER_25,OKAY.,1,1,1
CyrusOne/Cyrusone_Hearing_12032025.mp3,598,3171.983,3172.944,0.9609999999997854,SPEAKER_24,THERE'S HIS TIME THERE.,4,4,4
CyrusOne/Cyrusone_Hearing_12032025.mp3,599,3173.965,3174.405,0.44000000000005457,SPEAKER_25,ALL RIGHT.,2,2,2
CyrusOne/Cyrusone_Hearing_12032025.mp3,600,3174.545,3175.406,0.8609999999998763,SPEAKER_25,OTHER BOARD MEMBERS?,3,3,3
CyrusOne/Cyrusone_Hearing_12032025.mp3,601,3176.366,3177.067,0.7010000000000218,SPEAKER_25,SAM CAMMON.,2,2,2
CyrusOne/Cyrusone_Hearing_12032025.mp3,602,3179.773,3181.373,1.599999999999909,SPEAKER_25,Raise your hand so they can get your mic on.,10,10,10
CyrusOne/Cyrusone_Hearing_12032025.mp3,603,3181.393,3182.353,0.9600000000000364,SPEAKER_25,Okay.,1,1,1
CyrusOne/Cyrusone_Hearing_12032025.mp3,604,3183.254,3185.114,1.8600000000001273,SPEAKER_09,"Sam, is it on now?",5,5,5
CyrusOne/Cyrusone_Hearing_12032025.mp3,605,3185.634,3186.135,0.5010000000002037,SPEAKER_09,"It is, sir.",3,3,3
CyrusOne/Cyrusone_Hearing_12032025.mp3,606,3186.415,3186.755,0.3400000000001455,SPEAKER_09,Okay.,1,1,1
CyrusOne/Cyrusone_Hearing_12032025.mp3,607,3187.155,3203.94,16.784999999999854,SPEAKER_09,"In that map you showed of the area where the Cyrus 1 data center will be, you showed there's six buildings, but then there was a lot of space in that wasn't a square, whatever that shape was.",38,38,38
CyrusOne/Cyrusone_Hearing_12032025.mp3,608,3204.757,3206.602,1.8449999999998,SPEAKER_09,"that was not, there was no buildings there.",8,8,8
CyrusOne/Cyrusone_Hearing_12032025.mp3,609,3206.622,3208.205,1.5830000000000837,SPEAKER_09,It looked like it was just empty space.,8,8,8
CyrusOne/Cyrusone_Hearing_12032025.mp3,610,3208.887,3213.438,4.550999999999931,SPEAKER_09,What is going to be in that space that you're taking away that has no buildings on it?,18,18,18
CyrusOne/Cyrusone_Hearing_12032025.mp3,611,3216.293,3223.736,7.442999999999756,SPEAKER_14,One thing that was not shown on that plan that we're incorporating into the plan as part of the comments is the on-site above ground tank for fire suppression.,29,29,29
CyrusOne/Cyrusone_Hearing_12032025.mp3,612,3224.637,3226.998,2.3609999999998763,SPEAKER_14,So some of that space could be used for that.,10,10,10
CyrusOne/Cyrusone_Hearing_12032025.mp3,613,3227.658,3239.363,11.704999999999927,SPEAKER_14,"If it's open space, then we would just landscape and plant it with the biodiverse plantings that we talked about that are part of our standard landscape basis of design.",30,30,30
CyrusOne/Cyrusone_Hearing_12032025.mp3,614,3240.303,3241.824,1.5210000000001855,SPEAKER_09,"Well, also, by the way, that",6,6,6
CyrusOne/Cyrusone_Hearing_12032025.mp3,615,3242.472,3248.133,5.6609999999996035,SPEAKER_09,"POWER POINT THAT YOU SHOWED US, CAN YOU GET THAT TO THE COUNTY BOARD OFFICE SO IT COULD BE SENT TO ALL THE COUNTY BOARD MEMBERS?",26,26,26
CyrusOne/Cyrusone_Hearing_12032025.mp3,616,3248.533,3249.253,0.7200000000002547,SPEAKER_08,YES.,1,1,1
CyrusOne/Cyrusone_Hearing_12032025.mp3,617,3249.693,3255.815,6.121999999999844,SPEAKER_09,"NOW, YOU'RE TAKING ABOUT 280 ACRES OF PRIME FARM LAND OUT OF PRODUCTION, CORRECT?",14,14,14
CyrusOne/Cyrusone_Hearing_12032025.mp3,618,3257.415,3258.055,0.6399999999998727,SPEAKER_09,IS THAT CORRECT?,3,3,3
CyrusOne/Cyrusone_Hearing_12032025.mp3,619,3258.195,3258.435,0.23999999999978172,SPEAKER_26,YEAH.,1,1,1
CyrusOne/Cyrusone_Hearing_12032025.mp3,620,3258.895,3263.056,4.161000000000058,SPEAKER_09,SO WHAT I'M WONDERING IS WHY YOU WANT A COUPLE THINGS.,11,11,11
CyrusOne/Cyrusone_Hearing_12032025.mp3,621,3263.176,3268.357,5.18100000000004,SPEAKER_09,"ONE, WHY ARE YOU TAKING ALL THIS EXTRA LAND THAT YOU DON'T NEED JUST FOR LANDSCAPING OUT OF PRODUCTION?",19,19,19
CyrusOne/Cyrusone_Hearing_12032025.mp3,622,3269.524,3272.366,2.8420000000000982,SPEAKER_09,"Why not, you're building six buildings.",6,6,6
CyrusOne/Cyrusone_Hearing_12032025.mp3,623,3272.386,3277.569,5.182999999999993,SPEAKER_09,You could probably build that all vertically and take a lot less farmland out of production.,16,16,16
CyrusOne/Cyrusone_Hearing_12032025.mp3,624,3277.609,3280.13,2.5210000000001855,SPEAKER_09,Why not do it that way?,6,6,6
CyrusOne/Cyrusone_Hearing_12032025.mp3,625,3280.17,3281.771,1.6010000000001128,SPEAKER_09,So that's a two-part question.,5,5,5
CyrusOne/Cyrusone_Hearing_12032025.mp3,626,3282.251,3286.654,4.402999999999793,SPEAKER_14,Building vertically is structurally extremely difficult.,6,6,6
CyrusOne/Cyrusone_Hearing_12032025.mp3,627,3286.994,3292.377,5.382999999999811,SPEAKER_14,The loads that we have sitting on the slabs are extremely dense and heavy.,14,14,14
CyrusOne/Cyrusone_Hearing_12032025.mp3,628,3293.578,3294.779,1.2010000000000218,SPEAKER_14,You can do two-story data centers.,6,6,6
CyrusOne/Cyrusone_Hearing_12032025.mp3,629,3294.799,3296.72,1.9209999999998217,SPEAKER_14,"When you get above two-story, it gets to become very difficult.",11,11,11
CyrusOne/Cyrusone_Hearing_12032025.mp3,630,3296.78,3298.461,1.6809999999995853,SPEAKER_14,The other thing that people get concerned about is,9,9,9
CyrusOne/Cyrusone_Hearing_12032025.mp3,631,3299.066,3311.613,12.547000000000025,SPEAKER_14,"If you have a four-story data center and there's a leak or a fire on the fourth floor, now all that water is going to the third floor, to the second floor, to the first floor, and you threaten the investment that's on every single one of those floors.",49,49,49
CyrusOne/Cyrusone_Hearing_12032025.mp3,632,3313.114,3323.059,9.945000000000164,SPEAKER_14,"So beyond the cost and the structural concerns, there's a real operational concern where you could have a catastrophic loss of all that space as a result of being multi-level.",30,30,30
CyrusOne/Cyrusone_Hearing_12032025.mp3,633,3323.459,3323.779,0.3200000000001637,SPEAKER_09,Okay.,1,1,1
CyrusOne/Cyrusone_Hearing_12032025.mp3,634,3323.879,3328.562,4.682999999999993,SPEAKER_09,"Well, if you can do two stories, why not do two stories and take half as much farmland out of production?",21,21,21
CyrusOne/Cyrusone_Hearing_12032025.mp3,635,3329.398,3334.459,5.060999999999694,SPEAKER_14,"The functionally, it's inefficient for us to do two stories.",10,10,10
CyrusOne/Cyrusone_Hearing_12032025.mp3,636,3336.899,3347.441,10.541999999999916,SPEAKER_14,"This is the, in terms of the design of these buildings and the number of compute load that we can fit into each one of these buildings, it's aligned with what our customers are telling that they want and they need.",41,41,41
CyrusOne/Cyrusone_Hearing_12032025.mp3,637,3347.501,3356.683,9.181999999999789,SPEAKER_14,They wanna be able to move around within one story and they're also still concerned even though it's two story about the prospect of a failure on floor two causing issues on floor one.,34,34,34
CyrusOne/Cyrusone_Hearing_12032025.mp3,638,3357.742,3360.206,2.463999999999942,SPEAKER_09,You mean a failure on the second floor could affect the first?,12,12,12
CyrusOne/Cyrusone_Hearing_12032025.mp3,639,3360.326,3360.868,0.5419999999999163,SPEAKER_09,Right.,1,1,1
CyrusOne/Cyrusone_Hearing_12032025.mp3,640,3361.228,3364.174,2.9459999999999127,SPEAKER_09,"Would the construction costs be higher to do a two, you know,",12,12,12
CyrusOne/Cyrusone_Hearing_12032025.mp3,641,3364.8,3368.041,3.2409999999999854,SPEAKER_09,two stories as opposed to two buildings on one story?,10,10,10
CyrusOne/Cyrusone_Hearing_12032025.mp3,642,3369.181,3376.762,7.581000000000131,SPEAKER_14,"Most of our construction costs are in the equipment and the MEP systems, mechanical electrical plumbing, fire prevention systems.",19,19,19
CyrusOne/Cyrusone_Hearing_12032025.mp3,643,3377.563,3386.064,8.500999999999749,SPEAKER_14,"The concrete and steel, you'd have maybe a little bit more cost in concrete and steel, but I'd say it's negligible relative to the other costs.",26,26,26
CyrusOne/Cyrusone_Hearing_12032025.mp3,644,3386.144,3388.505,2.361000000000331,SPEAKER_09,So the main reason is for efficiency.,7,7,7
CyrusOne/Cyrusone_Hearing_12032025.mp3,645,3388.645,3391.385,2.7400000000002365,SPEAKER_09,It's why you would only build one story.,8,8,8
CyrusOne/Cyrusone_Hearing_12032025.mp3,646,3391.846,3393.886,2.0399999999999636,SPEAKER_14,Efficiency and that operational concern about,6,6,6
CyrusOne/Cyrusone_Hearing_12032025.mp3,647,3394.855,3411.009,16.153999999999996,SPEAKER_09,"Now, also, on the PowerPoint it said you were committed to carbon-free electricity, but isn't it correct you're going to get all your electricity from MISO and 90% plus of that is carbon-produced electricity, isn't it?",36,36,36
CyrusOne/Cyrusone_Hearing_12032025.mp3,648,3412.21,3412.81,0.599999999999909,SPEAKER_14,That I don't know.,4,4,4
CyrusOne/Cyrusone_Hearing_12032025.mp3,649,3412.85,3414.872,2.0219999999999345,SPEAKER_14,I do have a power expert here that can speak to that.,12,12,12
CyrusOne/Cyrusone_Hearing_12032025.mp3,650,3422.553,3423.794,1.2409999999999854,SPEAKER_47,"Hi, I'm Eric Hoger.",4,4,4
CyrusOne/Cyrusone_Hearing_12032025.mp3,651,3423.994,3427.316,3.3219999999996617,SPEAKER_47,I'm the Senior Director of Power and Energy for Cyrus One.,11,11,11
CyrusOne/Cyrusone_Hearing_12032025.mp3,652,3428.456,3438.523,10.067000000000007,SPEAKER_47,"To answer your question, we will be getting power from the grid, but we will do other transactions, both Cyrus One and our customers.",24,24,24
CyrusOne/Cyrusone_Hearing_12032025.mp3,653,3439.283,3448.05,8.76700000000028,SPEAKER_47,to carbon-free or provide renewable transactions that provide carbon-free power to our site.,13,13,13
CyrusOne/Cyrusone_Hearing_12032025.mp3,654,3449.891,3467.125,17.233999999999924,SPEAKER_47,And our site today in Aurora is almost entirely carbon-free power through both Cyrus One purchasing 50% carbon-free power and our customers at that site also purchasing renewable power.,29,29,29
CyrusOne/Cyrusone_Hearing_12032025.mp3,655,3468.495,3477.059,8.564000000000306,SPEAKER_09,Is it true that this data center will use more electricity than is produced by the CWLP electric power plant?,20,20,20
CyrusOne/Cyrusone_Hearing_12032025.mp3,656,3479.08,3481.301,2.2210000000000036,SPEAKER_47,I wouldn't be able to comment on that.,8,8,8
CyrusOne/Cyrusone_Hearing_12032025.mp3,657,3481.321,3482.882,1.5610000000001492,SPEAKER_47,I don't know the size of that plant.,8,8,8
CyrusOne/Cyrusone_Hearing_12032025.mp3,658,3484.423,3491.126,6.703000000000429,SPEAKER_09,"Well, how many megawatts a day does, or whatever the measure is, would the Cirrus One plant use?",18,18,18
CyrusOne/Cyrusone_Hearing_12032025.mp3,659,3491.426,3493.807,2.380999999999858,SPEAKER_25,"Sam, you've got 15 seconds on this question.",8,8,8
CyrusOne/Cyrusone_Hearing_12032025.mp3,660,3493.827,3495.448,1.6209999999996398,SPEAKER_09,"Okay, that's a quick answer.",5,5,5
CyrusOne/Cyrusone_Hearing_12032025.mp3,661,3495.608,3500.47,4.861999999999625,SPEAKER_47,"Yep, we're 634 megawatts total for Phase I and II.",10,10,10
CyrusOne/Cyrusone_Hearing_12032025.mp3,662,3501.07,3501.81,0.7399999999997817,SPEAKER_09,That's per day?,3,3,3
CyrusOne/Cyrusone_Hearing_12032025.mp3,663,3502.551,3503.671,1.1199999999998909,SPEAKER_47,That's per hour.,3,3,3
CyrusOne/Cyrusone_Hearing_12032025.mp3,664,3504.071,3504.552,0.4810000000002219,SPEAKER_09,Per dollar.,2,2,2
CyrusOne/Cyrusone_Hearing_12032025.mp3,665,3508.073,3508.493,0.42000000000007276,SPEAKER_25,Okay.,1,1,1
CyrusOne/Cyrusone_Hearing_12032025.mp3,666,3508.673,3509.054,0.38100000000031287,SPEAKER_25,Thank you.,2,2,2
CyrusOne/Cyrusone_Hearing_12032025.mp3,667,3509.574,3510.074,0.5,SPEAKER_25,Thank you.,2,2,2
CyrusOne/Cyrusone_Hearing_12032025.mp3,668,3510.914,3511.234,0.31999999999970896,SPEAKER_25,Okay.,1,1,1
CyrusOne/Cyrusone_Hearing_12032025.mp3,669,3512.977,3513.657,0.680000000000291,SPEAKER_25,"My, okay.",2,2,2
CyrusOne/Cyrusone_Hearing_12032025.mp3,670,3514.438,3514.898,0.4600000000000364,SPEAKER_25,Thank you.,2,2,2
CyrusOne/Cyrusone_Hearing_12032025.mp3,671,3515.698,3518.959,3.2609999999999673,SPEAKER_25,"Okay, next board member, Tom Frazee.",6,6,6
CyrusOne/Cyrusone_Hearing_12032025.mp3,672,3520.039,3520.56,0.5209999999997308,SPEAKER_25,Raise your hand.,3,3,3
CyrusOne/Cyrusone_Hearing_12032025.mp3,673,3525.661,3527.062,1.40099999999984,SPEAKER_27,Hello.,1,1,1
CyrusOne/Cyrusone_Hearing_12032025.mp3,674,3527.082,3528.122,1.0399999999999636,SPEAKER_27,This is a question for Brad.,6,6,6
CyrusOne/Cyrusone_Hearing_12032025.mp3,675,3529.162,3530.843,1.68100000000004,SPEAKER_27,This is a closed water system.,6,6,6
CyrusOne/Cyrusone_Hearing_12032025.mp3,676,3531.983,3536.805,4.821999999999662,SPEAKER_27,"Do you have to, is there any additives that's added to that system that maybe make it hazardous?",18,18,18
CyrusOne/Cyrusone_Hearing_12032025.mp3,677,3538.047,3539.568,1.5210000000001855,SPEAKER_14,There's two things added to the system.,7,7,7
CyrusOne/Cyrusone_Hearing_12032025.mp3,678,3540.108,3546.172,6.063999999999851,SPEAKER_14,"One is the microbiocide to kill bacteria, legionnaires, disease, other things that grow in water.",15,15,15
CyrusOne/Cyrusone_Hearing_12032025.mp3,679,3546.212,3552.036,5.824000000000069,SPEAKER_14,And then the other is an anti-corrosion inhibitor to prevent rust.,11,11,11
CyrusOne/Cyrusone_Hearing_12032025.mp3,680,3552.576,3553.997,1.4209999999998217,SPEAKER_14,So those are the only two that are added.,9,9,9
CyrusOne/Cyrusone_Hearing_12032025.mp3,681,3555.397,3558.922,3.525000000000091,SPEAKER_14,"When we talk about microbiocides, it's similar to when you shock a pool.",13,13,13
CyrusOne/Cyrusone_Hearing_12032025.mp3,682,3559.743,3567.775,8.032000000000153,SPEAKER_14,"The difference between a swimming pool is a swimming pool is exposed to sunlight, bugs, leafs, and other materials getting into it.",22,22,22
CyrusOne/Cyrusone_Hearing_12032025.mp3,683,3568.536,3570.739,2.2029999999999745,SPEAKER_14,So that has to be shocked weekly in most cases.,10,10,10
CyrusOne/Cyrusone_Hearing_12032025.mp3,684,3571.38,3574.303,2.9229999999997744,SPEAKER_14,Our system doesn't have any exposure to those elements.,9,9,9
CyrusOne/Cyrusone_Hearing_12032025.mp3,685,3574.563,3576.685,2.1219999999998436,SPEAKER_14,It's completely closed the entire time.,6,6,6
CyrusOne/Cyrusone_Hearing_12032025.mp3,686,3577.226,3580.569,3.342999999999847,SPEAKER_14,"Nonetheless, there's still bacteria growth that's adhering to water.",9,9,9
CyrusOne/Cyrusone_Hearing_12032025.mp3,687,3581.43,3589.918,8.488000000000284,SPEAKER_14,So it's administered roughly quarterly to get enough in there to ensure that it's killing what it needs to.,19,19,19
CyrusOne/Cyrusone_Hearing_12032025.mp3,688,3590.514,3599.663,9.148999999999887,SPEAKER_14,"The system's monitored in real time, so if something were to start going in there, it would mean we had to bring our third-party vendor out sooner to do that shock treatment.",32,32,32
CyrusOne/Cyrusone_Hearing_12032025.mp3,689,3601.045,3609.393,8.347999999999956,SPEAKER_14,"But generally, the chemical itself is not unlike anything that's used in swimming pools or in other cooling systems throughout the country or the county.",25,25,25
CyrusOne/Cyrusone_Hearing_12032025.mp3,690,3610.774,3613.317,2.54300000000012,SPEAKER_27,So the system's basically something like the hospital would have used?,11,11,11
CyrusOne/Cyrusone_Hearing_12032025.mp3,691,3614.27,3618.733,4.463000000000193,SPEAKER_14,"YEAH, A HOSPITAL OR, I MEAN, ANY LARGE-SCALE HOSPITAL.",9,9,9
CyrusOne/Cyrusone_Hearing_12032025.mp3,692,3618.853,3621.254,2.40099999999984,SPEAKER_14,"COULD BE A HIGH-RISE APARTMENT BUILDING, OFFICE BUILDING, ARENAS.",9,9,9
CyrusOne/Cyrusone_Hearing_12032025.mp3,693,3623.075,3624.236,1.1610000000000582,SPEAKER_14,COULD BE OTHER INDUSTRIAL FACILITIES.,5,5,5
CyrusOne/Cyrusone_Hearing_12032025.mp3,694,3624.296,3628.499,4.2029999999999745,SPEAKER_14,"IT'S NOT, OUR COOLING SYSTEM IS NOT UNIQUE TO US SPECIFICALLY.",11,11,11
CyrusOne/Cyrusone_Hearing_12032025.mp3,695,3628.519,3631.961,3.4420000000000073,SPEAKER_14,IT'S A SYSTEM THAT'S USED REGULARLY ON OTHER FACILITIES.,9,9,9
CyrusOne/Cyrusone_Hearing_12032025.mp3,696,3633.021,3633.262,0.24099999999998545,SPEAKER_12,OKAY.,1,1,1
CyrusOne/Cyrusone_Hearing_12032025.mp3,697,3633.422,3633.722,0.3000000000001819,SPEAKER_12,THANK YOU.,2,2,2
CyrusOne/Cyrusone_Hearing_12032025.mp3,698,3636.263,3636.684,0.4210000000002765,SPEAKER_25,OKAY.,1,1,1
CyrusOne/Cyrusone_Hearing_12032025.mp3,699,3636.944,3637.964,1.0199999999999818,SPEAKER_25,"TOM, ANYTHING ELSE THEN?",4,4,4
CyrusOne/Cyrusone_Hearing_12032025.mp3,700,3638.665,3638.965,0.3000000000001819,SPEAKER_25,OKAY.,1,1,1
CyrusOne/Cyrusone_Hearing_12032025.mp3,701,3640.326,3642.087,1.7609999999999673,SPEAKER_25,"NEXT BOARD MEMBER, KATHY SCAFE, PLEASE.",6,6,6
CyrusOne/Cyrusone_Hearing_12032025.mp3,702,3644.281,3645.281,1.0,SPEAKER_25,"Raise your hand, Kathy.",4,4,4
CyrusOne/Cyrusone_Hearing_12032025.mp3,703,3648.843,3649.323,0.4800000000000182,SPEAKER_25,Got her on?,3,3,3
CyrusOne/Cyrusone_Hearing_12032025.mp3,704,3651.203,3652.144,0.9409999999998035,SPEAKER_25,Okay.,1,1,1
CyrusOne/Cyrusone_Hearing_12032025.mp3,705,3652.184,3653.144,0.9599999999995816,SPEAKER_00,My question is for Brad.,5,5,5
CyrusOne/Cyrusone_Hearing_12032025.mp3,706,3653.704,3656.505,2.800999999999931,SPEAKER_00,"As far as the generators, are they gas or diesel?",10,10,10
CyrusOne/Cyrusone_Hearing_12032025.mp3,707,3656.725,3658.226,1.5010000000002037,SPEAKER_00,I'm just asking for like a sound.,7,7,7
CyrusOne/Cyrusone_Hearing_12032025.mp3,708,3658.546,3659.106,0.5600000000004002,SPEAKER_00,They're diesel.,2,2,2
CyrusOne/Cyrusone_Hearing_12032025.mp3,709,3659.506,3659.846,0.3400000000001455,SPEAKER_00,Diesel?,1,1,1
CyrusOne/Cyrusone_Hearing_12032025.mp3,710,3660.507,3667.269,6.761999999999716,SPEAKER_00,"And then will the vents on them be higher up so it muffles the sound as much as it can, I guess?",22,22,22
CyrusOne/Cyrusone_Hearing_12032025.mp3,711,3668.148,3695.272,27.123999999999796,SPEAKER_14,yeah they're yeah they're on the back of them to the units they're pointed up so they're not pointing out so up to get the uh yeah the emissions out yep okay thank you is that it for you kathy yes you took a whopping 27 seconds brad miller i'll follow up with that brad about the the diesel generators how many generators were going to be at that site,70,70,69
CyrusOne/Cyrusone_Hearing_12032025.mp3,712,3695.544,3698.248,2.7040000000001783,SPEAKER_14,So each facility has 56 generators.,6,6,6
CyrusOne/Cyrusone_Hearing_12032025.mp3,713,3698.869,3699.991,1.1219999999998436,SPEAKER_14,And there's a reason for that.,6,6,6
CyrusOne/Cyrusone_Hearing_12032025.mp3,714,3700.051,3705.94,5.889000000000124,SPEAKER_14,So the generators serve specific parts of the building.,9,9,9
CyrusOne/Cyrusone_Hearing_12032025.mp3,715,3707.082,3710.147,3.0650000000000546,SPEAKER_14,And so we want the generators to kick on only when they're needed to.,14,14,14
CyrusOne/Cyrusone_Hearing_12032025.mp3,716,3710.718,3719.18,8.461999999999989,SPEAKER_14,"You could build a separate power plant to back up the entire facility, but if you've lost that power plant, you'd lose the ability to shut down pieces of the building at a time.",34,34,34
CyrusOne/Cyrusone_Hearing_12032025.mp3,717,3720.201,3721.441,1.2399999999997817,SPEAKER_14,So it's 56 per building.,5,5,5
CyrusOne/Cyrusone_Hearing_12032025.mp3,718,3721.501,3731.864,10.362999999999829,SPEAKER_14,"Each has their own self-contained tank, and that's helpful as well in the fact that we won't be storing all of the diesel for all of these generators in one location.",31,31,31
CyrusOne/Cyrusone_Hearing_12032025.mp3,719,3732.884,3734.024,1.1399999999998727,SPEAKER_14,That would be extremely hazardous.,5,5,5
CyrusOne/Cyrusone_Hearing_12032025.mp3,720,3734.084,3736.345,2.2609999999999673,SPEAKER_14,"And so with the double wall protection that each generator has,",11,11,11
CyrusOne/Cyrusone_Hearing_12032025.mp3,721,3736.985,3741.187,4.201999999999771,SPEAKER_14,"If there's a failure on one generator, it doesn't mean we're losing the whole campus or losing a whole row.",20,20,20
CyrusOne/Cyrusone_Hearing_12032025.mp3,722,3741.787,3743.728,1.9410000000002583,SPEAKER_14,It's really localized to that individual unit.,7,7,7
CyrusOne/Cyrusone_Hearing_12032025.mp3,723,3744.648,3747.89,3.2419999999997344,SPEAKER_14,And then we've obviously got monitoring protocols to test.,9,9,9
CyrusOne/Cyrusone_Hearing_12032025.mp3,724,3748.13,3752.832,4.701999999999771,SPEAKER_14,"If there is a leak, if there's hydrocarbons present, we're notified immediately if there's a situation like that.",18,18,18
CyrusOne/Cyrusone_Hearing_12032025.mp3,725,3754.233,3755.093,0.8599999999996726,SPEAKER_14,Thank you.,2,2,2
CyrusOne/Cyrusone_Hearing_12032025.mp3,726,3759.175,3759.575,0.3999999999996362,SPEAKER_25,All right.,2,2,2
CyrusOne/Cyrusone_Hearing_12032025.mp3,727,3760.695,3762.036,1.3409999999998945,SPEAKER_25,"Next question, David Mendenhall.",4,4,4
CyrusOne/Cyrusone_Hearing_12032025.mp3,728,3771.141,3771.621,0.4800000000000182,SPEAKER_25,"Hold on, Dave.",3,3,3
CyrusOne/Cyrusone_Hearing_12032025.mp3,729,3771.861,3772.682,0.8209999999999127,SPEAKER_25,I'm not sure you're on.,5,5,5
CyrusOne/Cyrusone_Hearing_12032025.mp3,730,3773.202,3773.703,0.500999999999749,SPEAKER_25,Raise your hand.,3,3,3
CyrusOne/Cyrusone_Hearing_12032025.mp3,731,3776.384,3776.725,0.3409999999998945,SPEAKER_25,Test it.,2,2,2
CyrusOne/Cyrusone_Hearing_12032025.mp3,732,3777.445,3777.906,0.46099999999978536,SPEAKER_25,Okay.,1,1,1
CyrusOne/Cyrusone_Hearing_12032025.mp3,733,3778.546,3780.547,2.0010000000002037,SPEAKER_33,"It creates a lot of jobs, and I support that.",10,10,10
CyrusOne/Cyrusone_Hearing_12032025.mp3,734,3780.567,3784.01,3.443000000000211,SPEAKER_33,"It's going to be good for Springfield businesses, and I support that.",12,12,12
CyrusOne/Cyrusone_Hearing_12032025.mp3,735,3785.611,3795.678,10.067000000000007,SPEAKER_33,"But if we continue to take prime land out of production, it has a negative effect on the ag businesses, and not just on this 280 acres, but anything in the future.",32,32,32
CyrusOne/Cyrusone_Hearing_12032025.mp3,736,3796.615,3799.896,3.281000000000404,SPEAKER_33,"It hurts the seed dealers, the chemical dealers, the fertilizer dealers.",11,11,11
CyrusOne/Cyrusone_Hearing_12032025.mp3,737,3799.997,3801.057,1.0599999999999454,SPEAKER_33,It just goes on and on.,6,6,6
CyrusOne/Cyrusone_Hearing_12032025.mp3,738,3801.817,3814.903,13.085999999999785,SPEAKER_33,"And as we continue to take prime land out of production, as we continue to take prime land out of production, it's going to put some farmers out of business because cash rent prices are going to go up and they're not going to be able to afford that.",49,49,49
CyrusOne/Cyrusone_Hearing_12032025.mp3,739,3816.684,3823.187,6.502999999999702,SPEAKER_33,"There are numerous, and just in Salmon County, there are numerous other places that the data centers could be built",20,20,20
CyrusOne/Cyrusone_Hearing_12032025.mp3,740,3824.367,3828.95,4.582999999999629,SPEAKER_33,"and it doesn't have a negative effect on agriculture, why weren't those sites looked at?",15,15,15
CyrusOne/Cyrusone_Hearing_12032025.mp3,741,3830.551,3830.891,0.3400000000001455,SPEAKER_33,Thank you.,2,2,2
CyrusOne/Cyrusone_Hearing_12032025.mp3,742,3833.913,3836.915,3.0019999999999527,SPEAKER_14,"Yeah, we've looked at many sites in central Illinois.",9,9,9
CyrusOne/Cyrusone_Hearing_12032025.mp3,743,3837.375,3842.578,5.2029999999999745,SPEAKER_14,It's proximity to the infrastructure that's a quarter mile away and across the street.,14,14,14
CyrusOne/Cyrusone_Hearing_12032025.mp3,744,3843.915,3848.359,4.44399999999996,SPEAKER_14,"Not every site, not every farmland has the access to the infrastructure that sits there today.",16,16,16
CyrusOne/Cyrusone_Hearing_12032025.mp3,745,3849.219,3859.107,9.88799999999992,SPEAKER_14,It's unparalleled across the region to have the 345 KV lines and the substation literally within a quarter mile or a half mile of the site.,26,26,26
CyrusOne/Cyrusone_Hearing_12032025.mp3,746,3859.127,3860.148,1.0210000000001855,SPEAKER_14,That's why we chose this site.,6,6,6
CyrusOne/Cyrusone_Hearing_12032025.mp3,747,3860.608,3861.449,0.8409999999998945,SPEAKER_33,And I understand that.,4,4,4
CyrusOne/Cyrusone_Hearing_12032025.mp3,748,3862.27,3868.775,6.505000000000109,SPEAKER_33,"And with that being said, there's still some sites that falls within what you just said in Simon County that could be looked at.",24,24,24
CyrusOne/Cyrusone_Hearing_12032025.mp3,749,3869.751,3872.852,3.100999999999658,SPEAKER_33,And the Sangamon Growth Alliance and no one else has sent you to look at that.,16,16,16
CyrusOne/Cyrusone_Hearing_12032025.mp3,750,3873.192,3873.932,0.7399999999997817,SPEAKER_33,And they're available.,3,3,3
CyrusOne/Cyrusone_Hearing_12032025.mp3,751,3874.612,3875.552,0.9400000000000546,SPEAKER_33,Thank you.,2,2,2
CyrusOne/Cyrusone_Hearing_12032025.mp3,752,3881.714,3882.994,1.2800000000002,SPEAKER_25,"David, that's it?",3,3,3
CyrusOne/Cyrusone_Hearing_12032025.mp3,753,3883.774,3884.074,0.3000000000001819,SPEAKER_25,Okay.,1,1,1
CyrusOne/Cyrusone_Hearing_12032025.mp3,754,3885.055,3885.855,0.8000000000001819,SPEAKER_25,Another board member?,3,3,3
CyrusOne/Cyrusone_Hearing_12032025.mp3,755,3887.555,3888.095,0.5399999999999636,SPEAKER_25,Mark Ayers?,2,2,2
CyrusOne/Cyrusone_Hearing_12032025.mp3,756,3890.836,3891.616,0.7800000000002001,SPEAKER_25,Raise your hand higher.,4,4,4
CyrusOne/Cyrusone_Hearing_12032025.mp3,757,3893.297,3893.757,0.4600000000000364,SPEAKER_34,"Hi, there we go.",4,4,4
CyrusOne/Cyrusone_Hearing_12032025.mp3,758,3893.797,3894.377,0.5799999999999272,SPEAKER_34,I think we got it.,5,5,5
CyrusOne/Cyrusone_Hearing_12032025.mp3,759,3894.897,3896.817,1.9200000000000728,SPEAKER_34,"Hey, thank you so much for coming today.",8,8,8
CyrusOne/Cyrusone_Hearing_12032025.mp3,760,3896.837,3897.698,0.8609999999998763,SPEAKER_34,I really appreciate it.,4,4,4
CyrusOne/Cyrusone_Hearing_12032025.mp3,761,3897.718,3899.518,1.800000000000182,SPEAKER_34,And thanks for the meeting earlier this afternoon.,8,8,8
CyrusOne/Cyrusone_Hearing_12032025.mp3,762,3900.336,3902.538,2.2020000000002256,SPEAKER_34,to answer some of my questions in person.,8,8,8
CyrusOne/Cyrusone_Hearing_12032025.mp3,763,3904.079,3906.021,1.9420000000000073,SPEAKER_34,"Could you, a couple of clarifying questions.",7,7,7
CyrusOne/Cyrusone_Hearing_12032025.mp3,764,3906.061,3907.402,1.3409999999998945,SPEAKER_34,How much is it per hour?,6,6,6
CyrusOne/Cyrusone_Hearing_12032025.mp3,765,3907.442,3909.864,2.4220000000000255,SPEAKER_34,It's 600 megawatts per hour?,5,5,5
CyrusOne/Cyrusone_Hearing_12032025.mp3,766,3909.944,3910.424,0.4800000000000182,SPEAKER_34,Is that what?,3,3,3
CyrusOne/Cyrusone_Hearing_12032025.mp3,767,3912.026,3913.987,1.96100000000024,SPEAKER_22,Do you want to speak to how?,7,7,7
CyrusOne/Cyrusone_Hearing_12032025.mp3,768,3914.528,3921.734,7.206000000000131,SPEAKER_22,"That was, I mean, when you talk about a load, and I mean, obviously, we're the electric provider, but you're talking about, that's considered demand.",25,25,25
CyrusOne/Cyrusone_Hearing_12032025.mp3,769,3922.254,3927.739,5.485000000000127,SPEAKER_22,"Demand over time is what, you talk about your bill on your, your electric bill is kilowatt hours.",18,18,18
CyrusOne/Cyrusone_Hearing_12032025.mp3,770,3928.344,3958.034,29.690000000000055,SPEAKER_22,it's kilowatts so in this case it's megawatts so 636 is its instantaneous rating and so then so think of that the way it's metered yeah they're average per hour if you want to call that in a monthly time it's kill it's megawatt hours that you get build on so you get build on how you use energy right now then how use over time okay so the best way to think of it is at any given time it could produce a maximum 636 that's its instantaneous ability 636 megawatts per hour yeah,95,95,95
CyrusOne/Cyrusone_Hearing_12032025.mp3,771,3961.281,3961.861,0.5799999999999272,SPEAKER_34,I understand.,2,2,2
CyrusOne/Cyrusone_Hearing_12032025.mp3,772,3962.322,3962.742,0.42000000000007276,SPEAKER_34,Thank you.,2,2,2
CyrusOne/Cyrusone_Hearing_12032025.mp3,773,3964.043,3969.428,5.3849999999997635,SPEAKER_34,"Could you also explain again, because I still have trouble understanding the MISO study.",14,14,14
CyrusOne/Cyrusone_Hearing_12032025.mp3,774,3970.429,3972.391,1.961999999999989,SPEAKER_34,I know this was broken out into two phases.,9,9,9
CyrusOne/Cyrusone_Hearing_12032025.mp3,775,3972.531,3973.572,1.0410000000001673,SPEAKER_34,One was done already.,4,4,4
CyrusOne/Cyrusone_Hearing_12032025.mp3,776,3974.193,3976.976,2.7829999999999018,SPEAKER_34,"MISO said, yeah, we can supply this energy.",8,8,8
CyrusOne/Cyrusone_Hearing_12032025.mp3,777,3977.656,3979.438,1.7820000000001528,SPEAKER_34,Talk more about that second phase.,6,6,6
CyrusOne/Cyrusone_Hearing_12032025.mp3,778,3979.982,3981.003,1.0210000000001855,SPEAKER_34,Is that done yet?,4,4,4
CyrusOne/Cyrusone_Hearing_12032025.mp3,779,3981.443,3984.225,2.781999999999698,SPEAKER_34,What happens if they say they can't supply that?,9,9,9
CyrusOne/Cyrusone_Hearing_12032025.mp3,780,3984.285,3987.306,3.0210000000001855,SPEAKER_34,Talk more about that second phase and what happens if they can't supply.,13,13,13
CyrusOne/Cyrusone_Hearing_12032025.mp3,781,3987.727,3988.287,0.5599999999999454,SPEAKER_22,Great.,1,1,1
CyrusOne/Cyrusone_Hearing_12032025.mp3,782,3988.727,3989.308,0.581000000000131,SPEAKER_22,Excellent point.,2,2,2
CyrusOne/Cyrusone_Hearing_12032025.mp3,783,3989.608,3996.332,6.723999999999705,SPEAKER_22,"And as of the last county board meeting when I spoke, I hadn't received an appropriation, but we have now.",20,20,20
CyrusOne/Cyrusone_Hearing_12032025.mp3,784,3996.952,3999.674,2.7219999999997526,SPEAKER_22,The second phase has officially been approved on MISO as well.,11,11,11
CyrusOne/Cyrusone_Hearing_12032025.mp3,785,3999.714,4003.436,3.7220000000002074,SPEAKER_22,So the entire 636 has been approved at the MISO footprint.,11,11,11
CyrusOne/Cyrusone_Hearing_12032025.mp3,786,4004.456,4005.957,1.500999999999749,SPEAKER_22,And Ameren had already approved them.,6,6,6
CyrusOne/Cyrusone_Hearing_12032025.mp3,787,4006.458,4008.679,2.2210000000000036,SPEAKER_22,And how that worked is Ameren had to approve,9,9,9
CyrusOne/Cyrusone_Hearing_12032025.mp3,788,4009.709,4014.39,4.68100000000004,SPEAKER_22,"THEN FULLY VET IT BEFORE THEY EVER, THEY ACTUALLY PASS THE APPLICATION ON TO MISO.",15,15,15
CyrusOne/Cyrusone_Hearing_12032025.mp3,789,4014.951,4016.651,1.699999999999818,SPEAKER_22,AND SO THEN MISO DOES ITS OWN WORK.,8,8,8
CyrusOne/Cyrusone_Hearing_12032025.mp3,790,4016.671,4023.573,6.902000000000044,SPEAKER_22,"BUT YEAH, AS OF ABOUT TWO WEEKS AGO, OR A WEEK AGO, MISO COMMITTED TO APPROVING THE SECOND PHASE.",19,19,19
CyrusOne/Cyrusone_Hearing_12032025.mp3,791,4023.713,4024.434,0.7210000000000036,SPEAKER_34,OKAY.,1,1,1
CyrusOne/Cyrusone_Hearing_12032025.mp3,792,4024.914,4029.055,4.140999999999622,SPEAKER_34,"I'M GOING THROUGH MY NOTES OF WHAT, I'VE GOT SOME MORE QUESTIONS I THINK ABOUT.",15,15,15
CyrusOne/Cyrusone_Hearing_12032025.mp3,793,4032.476,4035.357,2.880999999999858,SPEAKER_34,"WELL, I MEAN, I'LL JUST HIT UPON WHAT I'VE RECEIVED SO FAR.",12,12,12
CyrusOne/Cyrusone_Hearing_12032025.mp3,794,4035.757,4038.438,2.68100000000004,SPEAKER_34,"YOU KNOW, MY DISTRICT AND DISTRICT 12, IT'S",8,8,8
CyrusOne/Cyrusone_Hearing_12032025.mp3,795,4039.262,4046.406,7.143999999999778,SPEAKER_34,"I mean, I'm an environmentalist, and so is most of my district, and I shared with you guys earlier today my concerns about mainly energy consumption.",26,26,26
CyrusOne/Cyrusone_Hearing_12032025.mp3,796,4047.126,4052.629,5.502999999999702,SPEAKER_34,"You know, I think you guys have done a fairly good job of explaining the water usage, the closed-loop system.",20,20,20
CyrusOne/Cyrusone_Hearing_12032025.mp3,797,4053.67,4056.872,3.201999999999771,SPEAKER_34,I know I don't have any more questions upon that so much.,12,12,12
CyrusOne/Cyrusone_Hearing_12032025.mp3,798,4056.912,4063.796,6.8840000000000146,SPEAKER_34,I know others might still have questions about water and what chemicals are in the water and how that might be impacting,22,22,22
CyrusOne/Cyrusone_Hearing_12032025.mp3,799,4066.057,4086.19,20.133000000000266,SPEAKER_34,"folks around where this is Cyrus one Center but I guess it's to me it's hard to fathom double black with 800 megawatts and I'm and I'm picturing this in my head of 800 megawatts 4,000 acres I mean it's massive spread and then I picture 280 acres",48,48,48
CyrusOne/Cyrusone_Hearing_12032025.mp3,800,4088.121,4111.168,23.04699999999957,SPEAKER_34,pulling 600 or you know plus I mean it's just it's almost like to me it nullifies double black time in a way that's how I'm picturing it it's like that's being removed from the grid and you're pulling that from the grid and but I what that troubles me you know as a you know someone that's got solar panels on their home I want to see you put energy onto the grid that wasn't there before,78,78,78
CyrusOne/Cyrusone_Hearing_12032025.mp3,801,4113.0,4122.963,9.962999999999738,SPEAKER_34,"So, I mean, it did please me to see that you're talking about climate neutral plans for 2030 that, you know, I hope to see more of that if the project is approved.",33,33,33
CyrusOne/Cyrusone_Hearing_12032025.mp3,802,4124.103,4128.764,4.661000000000058,SPEAKER_34,"I was pleased to see biodiversity, plants, habitat, pollinator gardens.",10,10,10
CyrusOne/Cyrusone_Hearing_12032025.mp3,803,4129.324,4131.065,1.7409999999999854,SPEAKER_34,"None of that stuff is there now, right?",8,8,8
CyrusOne/Cyrusone_Hearing_12032025.mp3,804,4131.125,4132.005,0.8800000000001091,SPEAKER_34,"I mean, so I think that",6,6,6
CyrusOne/Cyrusone_Hearing_12032025.mp3,805,4132.623,4135.684,3.061000000000604,SPEAKER_34,That is a net plus in the pro column.,9,9,9
CyrusOne/Cyrusone_Hearing_12032025.mp3,806,4137.705,4142.007,4.30199999999968,SPEAKER_25,"Mark, out of respect, I want to let you know that one minute includes his answers.",16,16,16
CyrusOne/Cyrusone_Hearing_12032025.mp3,807,4142.147,4142.547,0.3999999999996362,SPEAKER_25,One minute.,2,2,2
CyrusOne/Cyrusone_Hearing_12032025.mp3,808,4142.647,4143.287,0.6400000000003274,SPEAKER_34,I got one minute left.,5,5,5
CyrusOne/Cyrusone_Hearing_12032025.mp3,809,4143.487,4143.768,0.28099999999994907,SPEAKER_34,Okay.,1,1,1
CyrusOne/Cyrusone_Hearing_12032025.mp3,810,4144.088,4145.528,1.4400000000005093,SPEAKER_25,"Well, including his answers.",4,4,4
CyrusOne/Cyrusone_Hearing_12032025.mp3,811,4145.608,4146.869,1.2609999999995125,SPEAKER_34,Okay.,1,1,1
CyrusOne/Cyrusone_Hearing_12032025.mp3,812,4147.369,4154.412,7.043000000000575,SPEAKER_34,"And I think, do you guys have any plans to put solar in this current development to offset your usage?",20,20,20
CyrusOne/Cyrusone_Hearing_12032025.mp3,813,4154.632,4156.453,1.8210000000008222,SPEAKER_14,It's not on our specific plan currently.,7,7,7
CyrusOne/Cyrusone_Hearing_12032025.mp3,814,4156.753,4157.033,0.28000000000065484,SPEAKER_34,Okay.,1,1,1
CyrusOne/Cyrusone_Hearing_12032025.mp3,815,4161.783,4164.926,3.143000000000029,SPEAKER_34,"I have another bite at the apple, is that right, at some point later tonight?",15,15,15
CyrusOne/Cyrusone_Hearing_12032025.mp3,816,4164.986,4166.807,1.8209999999999127,SPEAKER_34,Is that the rules?,4,4,4
CyrusOne/Cyrusone_Hearing_12032025.mp3,817,4167.608,4169.189,1.581000000000131,SPEAKER_25,Let me stop the time real quick.,7,7,7
CyrusOne/Cyrusone_Hearing_12032025.mp3,818,4169.529,4170.35,0.8209999999999127,SPEAKER_25,"Yes, sir.",2,2,2
CyrusOne/Cyrusone_Hearing_12032025.mp3,819,4170.75,4183.601,12.850999999999658,SPEAKER_25,"Even at the very end, when we're done, after the public and everything, if you've seen on the, you have another four total clarifying questions to ask any of the staff, the professionals, whatever you want to ask.",38,38,38
CyrusOne/Cyrusone_Hearing_12032025.mp3,820,4183.861,4185.342,1.4809999999997672,SPEAKER_34,"I might have more, but thank you so much.",9,9,9
CyrusOne/Cyrusone_Hearing_12032025.mp3,821,4185.582,4186.403,0.8209999999999127,SPEAKER_25,"Okay, thank you.",3,3,3
CyrusOne/Cyrusone_Hearing_12032025.mp3,822,4187.564,4188.725,1.1610000000000582,SPEAKER_25,"Tim Crell, you're next, sir.",5,5,5
CyrusOne/Cyrusone_Hearing_12032025.mp3,823,4190.018,4190.778,0.7600000000002183,SPEAKER_43,"Yeah, it's a good evening.",5,5,5
CyrusOne/Cyrusone_Hearing_12032025.mp3,824,4190.798,4192.659,1.8609999999998763,SPEAKER_43,Thank you for your presentation.,5,5,5
CyrusOne/Cyrusone_Hearing_12032025.mp3,825,4193.439,4198.44,5.000999999999294,SPEAKER_43,My question is about who's going to be using this data center.,12,12,12
CyrusOne/Cyrusone_Hearing_12032025.mp3,826,4198.46,4200.681,2.220999999999549,SPEAKER_43,You said all your customers are going to be in there.,11,11,11
CyrusOne/Cyrusone_Hearing_12032025.mp3,827,4200.901,4207.562,6.661000000000058,SPEAKER_43,"Who's some of your, you can't name them all, but who would be some of the top ones that we're talking about?",22,22,22
CyrusOne/Cyrusone_Hearing_12032025.mp3,828,4207.742,4215.104,7.36200000000008,SPEAKER_14,"Yeah, we can't name clients, but it's the world's largest technology companies, financial institutions.",14,14,14
CyrusOne/Cyrusone_Hearing_12032025.mp3,829,4215.744,4217.985,2.2409999999999854,SPEAKER_14,"In some cases, it could be gaming platforms.",8,8,8
CyrusOne/Cyrusone_Hearing_12032025.mp3,830,4219.285,4223.286,4.001000000000204,SPEAKER_14,"Anybody that needs server space, and it doesn't have to be one tenant on this space.",16,16,16
CyrusOne/Cyrusone_Hearing_12032025.mp3,831,4223.306,4226.907,3.6010000000005675,SPEAKER_14,"It could be one tenant takes two buildings, another takes two, another takes the other three.",16,16,16
CyrusOne/Cyrusone_Hearing_12032025.mp3,832,4226.987,4230.168,3.1809999999995853,SPEAKER_14,"So we don't have any lease assigned for this yet, obviously.",11,11,11
CyrusOne/Cyrusone_Hearing_12032025.mp3,833,4230.248,4234.869,4.621000000000095,SPEAKER_43,Would a lot of our medical facilities and providers be part of this?,13,13,13
CyrusOne/Cyrusone_Hearing_12032025.mp3,834,4235.169,4240.39,5.221000000000458,SPEAKER_14,I would imagine your medical facilities are hosted by somebody who is a tenant of ours.,16,16,16
CyrusOne/Cyrusone_Hearing_12032025.mp3,835,4240.61,4246.511,5.901000000000749,SPEAKER_43,Having two big major hospitals in the county and all of our medical facilities,14,14,14
CyrusOne/Cyrusone_Hearing_12032025.mp3,836,4247.523,4253.128,5.604999999999563,SPEAKER_43,"I imagine they consume a lot of power also, wouldn't they, a day?",13,13,13
CyrusOne/Cyrusone_Hearing_12032025.mp3,837,4253.908,4254.368,0.4600000000000364,SPEAKER_43,Absolutely.,1,1,1
CyrusOne/Cyrusone_Hearing_12032025.mp3,838,4254.789,4255.249,0.4600000000000364,SPEAKER_43,All right.,2,2,2
CyrusOne/Cyrusone_Hearing_12032025.mp3,839,4258.312,4259.092,0.7799999999997453,SPEAKER_25,"Anything else, Tim?",3,3,3
CyrusOne/Cyrusone_Hearing_12032025.mp3,840,4259.593,4259.733,0.14000000000032742,SPEAKER_25,No.,1,1,1
CyrusOne/Cyrusone_Hearing_12032025.mp3,841,4260.073,4262.355,2.2819999999992433,SPEAKER_25,Okay.,1,1,1
CyrusOne/Cyrusone_Hearing_12032025.mp3,842,4263.155,4263.676,0.5210000000006403,SPEAKER_25,Okay.,1,1,1
CyrusOne/Cyrusone_Hearing_12032025.mp3,843,4264.136,4265.637,1.5009999999992942,SPEAKER_25,Where are we at on this number here?,8,8,8
CyrusOne/Cyrusone_Hearing_12032025.mp3,844,4266.178,4266.598,0.42000000000007276,SPEAKER_25,One second.,2,2,2
CyrusOne/Cyrusone_Hearing_12032025.mp3,845,4267.058,4268.66,1.6019999999998618,SPEAKER_25,"Okay, thank you.",3,3,3
CyrusOne/Cyrusone_Hearing_12032025.mp3,846,4269.04,4269.8,0.7600000000002183,SPEAKER_25,"Craig Hall, please.",3,3,3
CyrusOne/Cyrusone_Hearing_12032025.mp3,847,4272.082,4273.884,1.8019999999996799,SPEAKER_20,"Chairman, can you hear me?",5,5,5
CyrusOne/Cyrusone_Hearing_12032025.mp3,848,4273.944,4274.264,0.31999999999970896,SPEAKER_20,Excuse me?,2,2,2
CyrusOne/Cyrusone_Hearing_12032025.mp3,849,4276.613,4276.993,0.38000000000010914,SPEAKER_20,YOU'RE ON.,2,2,2
CyrusOne/Cyrusone_Hearing_12032025.mp3,850,4277.073,4278.515,1.4420000000000073,SPEAKER_20,GOOD DEAL.,2,2,2
CyrusOne/Cyrusone_Hearing_12032025.mp3,851,4281.177,4285.3,4.123000000000502,SPEAKER_20,OUR FAMILY HAS FARMED IN THIS AREA FOR LONGER THAN MOST FAMILIES HAVE.,13,13,13
CyrusOne/Cyrusone_Hearing_12032025.mp3,852,4285.32,4288.563,3.243000000000393,SPEAKER_20,THIS LAND IS VERY VALUABLE IN PRODUCTION AND FEEDING THE WORLD.,11,11,11
CyrusOne/Cyrusone_Hearing_12032025.mp3,853,4289.083,4290.644,1.561000000000604,SPEAKER_20,WE TAKE IT VERY SERIOUSLY.,5,5,5
CyrusOne/Cyrusone_Hearing_12032025.mp3,854,4291.845,4305.216,13.371000000000095,SPEAKER_20,"I'VE TALKED TO FARMERS WHO ARE FOR THIS AND OPPOSED TO THIS, AND THE REASONING ALWAYS GOES BACK TO GOOD BLACK DIRT, BUT WE ALSO HAVE THE RESPONSIBILITY TO BE A GOOD NEIGHBOR TO EACH OTHER.",36,36,36
CyrusOne/Cyrusone_Hearing_12032025.mp3,855,4305.912,4308.753,2.8409999999994398,SPEAKER_20,other and we had a township meeting about a week and a half ago.,14,14,14
CyrusOne/Cyrusone_Hearing_12032025.mp3,856,4309.813,4323.938,14.125,SPEAKER_20,And if you ever wanted to teach or take students from a class and learn how to be civil and learn to be specific minded we had a great Q&A that night.,32,32,32
CyrusOne/Cyrusone_Hearing_12032025.mp3,857,4324.518,4325.639,1.1210000000000946,SPEAKER_20,It was very respectful.,4,4,4
CyrusOne/Cyrusone_Hearing_12032025.mp3,858,4325.859,4328.88,3.020999999999731,SPEAKER_20,Some of the questions that weren't answered are being answered here tonight.,12,12,12
CyrusOne/Cyrusone_Hearing_12032025.mp3,859,4329.56,4333.141,3.5809999999992215,SPEAKER_20,Some of the concerns are from past experiences.,8,8,8
CyrusOne/Cyrusone_Hearing_12032025.mp3,860,4334.105,4344.874,10.769000000000233,SPEAKER_20,"And nothing to take away from the solar project, but the contractors that we dealt with in our township, they pretty much went through our township.",26,26,26
CyrusOne/Cyrusone_Hearing_12032025.mp3,861,4345.374,4349.878,4.503999999999905,SPEAKER_20,"We've talked to the company, and there was not much respect given back.",13,13,13
CyrusOne/Cyrusone_Hearing_12032025.mp3,862,4350.018,4360.607,10.588999999999942,SPEAKER_20,"I don't want to have that taste in my mouth with this group, but we had speeding beer cans, going through stop signs.",23,23,23
CyrusOne/Cyrusone_Hearing_12032025.mp3,863,4362.028,4363.229,1.2010000000000218,SPEAKER_20,"May 20th, I went to a",6,6,6
CyrusOne/Cyrusone_Hearing_12032025.mp3,864,4364.013,4374.396,10.38299999999981,SPEAKER_20,"I was going through the farm area on a tractor May 20th at 3 o'clock, a contractor after the solar project was done, and they were a group out of Arizona.",31,31,31
CyrusOne/Cyrusone_Hearing_12032025.mp3,865,4375.376,4382.878,7.501999999999498,SPEAKER_20,"And I know we say we're going to employ local people, but if you lived out there, you saw a licensed place from every state in the nation.",28,28,28
CyrusOne/Cyrusone_Hearing_12032025.mp3,866,4384.638,4393.0,8.36200000000008,SPEAKER_20,"So if you're going to employ local people, I want to know what the definition of local people is.",19,19,19
CyrusOne/Cyrusone_Hearing_12032025.mp3,867,4393.744,4394.585,0.8410000000003492,SPEAKER_20,FROM SOMEBODY.,2,2,2
CyrusOne/Cyrusone_Hearing_12032025.mp3,868,4394.665,4398.508,3.842999999999847,SPEAKER_20,AND THE OTHER THING IS...,5,5,5
CyrusOne/Cyrusone_Hearing_12032025.mp3,869,4398.688,4400.47,1.7820000000001528,SPEAKER_20,"I APPRECIATE THAT, BUT I'M KIND OF A SLOW TALKER.",10,10,10
CyrusOne/Cyrusone_Hearing_12032025.mp3,870,4400.49,4402.351,1.8609999999998763,SPEAKER_20,I NEED AS MUCH SECONDS AS I CAN GET HERE.,10,10,10
CyrusOne/Cyrusone_Hearing_12032025.mp3,871,4403.112,4408.556,5.443999999999505,SPEAKER_20,"ALTHOUGH I MAY HAVE TO STEAL SOME FROM CATHY OVER THERE, BECAUSE SHE ONLY USED 28 SECONDS.",17,17,17
CyrusOne/Cyrusone_Hearing_12032025.mp3,872,4408.837,4421.347,12.509999999999309,SPEAKER_20,"BUT I GUESS MY BIG THING WAS THAT ON MAY 20TH, A MAN DIED FROM A CONTRACTOR, AND IT WASN'T A CONTRACTOR THAT WAS WITH THE COMPANY, IT WAS AN INDEPENDENT",31,31,31
CyrusOne/Cyrusone_Hearing_12032025.mp3,873,4422.32,4426.643,4.32300000000032,SPEAKER_20,that was doing the cleanup of all the excess crap.,10,10,10
CyrusOne/Cyrusone_Hearing_12032025.mp3,874,4427.324,4430.325,3.0010000000002037,SPEAKER_20,"And if you're taking notes, please write crap.",8,8,8
CyrusOne/Cyrusone_Hearing_12032025.mp3,875,4431.927,4436.75,4.82300000000032,SPEAKER_20,I guess my biggest problem was I went to that funeral.,11,11,11
CyrusOne/Cyrusone_Hearing_12032025.mp3,876,4442.713,4446.856,4.143000000000029,SPEAKER_20,"And if you ever go out down 104, there's a white cross there.",13,13,13
CyrusOne/Cyrusone_Hearing_12032025.mp3,877,4448.097,4449.818,1.7210000000004584,SPEAKER_20,And that man's name was there.,6,6,6
CyrusOne/Cyrusone_Hearing_12032025.mp3,878,4451.198,4454.799,3.600999999999658,SPEAKER_20,And the neighbors and the farmers and myself and that family stood there.,13,13,13
CyrusOne/Cyrusone_Hearing_12032025.mp3,879,4455.919,4459.5,3.581000000000131,SPEAKER_20,"And when I went to the company, they told me, well, that's not us.",14,14,14
CyrusOne/Cyrusone_Hearing_12032025.mp3,880,4459.52,4460.921,1.40099999999984,SPEAKER_20,That's an independent contractor.,4,4,4
CyrusOne/Cyrusone_Hearing_12032025.mp3,881,4462.941,4467.242,4.301000000000386,SPEAKER_20,"I don't know who in the hell you, I'll shut up on that.",13,13,13
CyrusOne/Cyrusone_Hearing_12032025.mp3,882,4467.803,4469.263,1.4600000000000364,SPEAKER_20,I'm expecting a big difference.,5,5,5
CyrusOne/Cyrusone_Hearing_12032025.mp3,883,4470.483,4471.864,1.3809999999994034,SPEAKER_20,"And by golly, I'm going to get it.",8,8,8
CyrusOne/Cyrusone_Hearing_12032025.mp3,884,4472.784,4477.145,4.361000000000786,SPEAKER_20,"And the other thing is, the responsible contractors.",8,8,8
CyrusOne/Cyrusone_Hearing_12032025.mp3,885,4477.185,4478.405,1.2199999999993452,SPEAKER_20,And we had truck routes.,5,5,5
CyrusOne/Cyrusone_Hearing_12032025.mp3,886,4479.006,4480.406,1.3999999999996362,SPEAKER_20,And we had trucks that were hauling,7,7,7
CyrusOne/Cyrusone_Hearing_12032025.mp3,887,4481.008,4482.028,1.0200000000004366,SPEAKER_20,freight to and from.,4,4,4
CyrusOne/Cyrusone_Hearing_12032025.mp3,888,4482.088,4484.269,2.1810000000004948,SPEAKER_20,"And they were saying, well, yeah, but it's 80,000-pound roads.",10,10,10
CyrusOne/Cyrusone_Hearing_12032025.mp3,889,4484.289,4487.97,3.6810000000004948,SPEAKER_20,"Well, all roads are 80,000-pound roads because the state passed that.",11,11,11
CyrusOne/Cyrusone_Hearing_12032025.mp3,890,4488.21,4492.972,4.761999999999716,SPEAKER_20,"And that was designed for farm, agriculture, and we use that road all the time.",15,15,15
CyrusOne/Cyrusone_Hearing_12032025.mp3,891,4492.992,4503.836,10.844000000000051,SPEAKER_20,"And that trucker who's coming off the interstate, it's a different way of driving a truck on a one-lane road where tires don't touch all the road compared to you're on flat surfaces.",33,33,33
CyrusOne/Cyrusone_Hearing_12032025.mp3,892,4503.896,4507.877,3.9810000000006767,SPEAKER_20,And I went down I-55 and I saw some anyway.,10,10,10
CyrusOne/Cyrusone_Hearing_12032025.mp3,893,4509.438,4510.638,1.199999999999818,SPEAKER_20,And the sound issue.,4,4,4
CyrusOne/Cyrusone_Hearing_12032025.mp3,894,4511.213,4512.954,1.7409999999999854,SPEAKER_20,is 50 decimals.,3,3,3
CyrusOne/Cyrusone_Hearing_12032025.mp3,895,4513.615,4523.441,9.826000000000022,SPEAKER_20,I've listened to this for a decade about outdoor bars and how we don't have a determination on what sound is compared to what sound is.,26,26,26
CyrusOne/Cyrusone_Hearing_12032025.mp3,896,4523.481,4529.445,5.963999999999942,SPEAKER_20,And we have people that hold up phones that have a device that can hear the sound and it says what it is or isn't.,25,25,25
CyrusOne/Cyrusone_Hearing_12032025.mp3,897,4529.905,4531.326,1.4210000000002765,SPEAKER_20,Is it 50 decimals?,4,4,4
CyrusOne/Cyrusone_Hearing_12032025.mp3,898,4531.366,4535.329,3.962999999999738,SPEAKER_20,And the way they phrased it was 50 decimals from a resident.,12,12,12
CyrusOne/Cyrusone_Hearing_12032025.mp3,899,4535.749,4538.551,2.8020000000005894,SPEAKER_20,"Well, my closest resident is 1933 feet and he's a neighbor.",11,11,11
CyrusOne/Cyrusone_Hearing_12032025.mp3,900,4540.836,4542.917,2.081000000000131,SPEAKER_20,But my property line is a lot closer.,8,8,8
CyrusOne/Cyrusone_Hearing_12032025.mp3,901,4543.797,4551.32,7.523000000000138,SPEAKER_20,"And if my kids wanted to build a house on our farm, they're not going to build next to this thing if it's going to produce that kind of sound.",30,30,30
CyrusOne/Cyrusone_Hearing_12032025.mp3,902,4551.36,4555.082,3.722000000000662,SPEAKER_20,Because number one is it wouldn't be a good place to build a house.,14,14,14
CyrusOne/Cyrusone_Hearing_12032025.mp3,903,4555.122,4560.764,5.641999999999825,SPEAKER_20,So I would like to change that from 50 decimals to your property line and where your property line is.,20,20,20
CyrusOne/Cyrusone_Hearing_12032025.mp3,904,4561.044,4561.584,0.5399999999999636,SPEAKER_20,10 seconds.,2,2,2
CyrusOne/Cyrusone_Hearing_12032025.mp3,905,4562.324,4562.945,0.6210000000000946,SPEAKER_43,10 seconds.,2,2,2
CyrusOne/Cyrusone_Hearing_12032025.mp3,906,4562.985,4564.965,1.980000000000473,SPEAKER_20,"I'm going to go past that, Greg, and I'm sorry.",10,10,10
CyrusOne/Cyrusone_Hearing_12032025.mp3,907,4565.626,4568.707,3.081000000000131,SPEAKER_20,50 decimals is not fair.,5,5,5
CyrusOne/Cyrusone_Hearing_12032025.mp3,908,4569.261,4571.322,2.0609999999996944,SPEAKER_20,Plus the 60...,3,3,3
CyrusOne/Cyrusone_Hearing_12032025.mp3,909,4572.323,4573.663,1.339999999999236,SPEAKER_20,"Okay, I'll skip that one.",5,5,5
CyrusOne/Cyrusone_Hearing_12032025.mp3,910,4574.044,4574.624,0.5799999999999272,SPEAKER_16,"Okay, Craig.",2,2,2
CyrusOne/Cyrusone_Hearing_12032025.mp3,911,4574.644,4576.345,1.7010000000000218,SPEAKER_16,The farmer has a drainage issue.,6,6,6
CyrusOne/Cyrusone_Hearing_12032025.mp3,912,4576.405,4576.625,0.22000000000025466,SPEAKER_16,Hold on.,2,2,2
CyrusOne/Cyrusone_Hearing_12032025.mp3,913,4576.785,4577.265,0.48000000000047294,SPEAKER_20,I'm going.,2,2,2
CyrusOne/Cyrusone_Hearing_12032025.mp3,914,4577.726,4580.367,2.641000000000531,SPEAKER_20,"Oh, and the farmer has a drainage issue next door.",10,10,10
CyrusOne/Cyrusone_Hearing_12032025.mp3,915,4580.387,4585.19,4.802999999999884,SPEAKER_20,"And I don't mean this to disrespect, but the farmer next to it has a drainage issue.",17,17,17
CyrusOne/Cyrusone_Hearing_12032025.mp3,916,4585.21,4588.511,3.3010000000003856,SPEAKER_25,You've got three more sessions that you can still say this.,11,11,11
CyrusOne/Cyrusone_Hearing_12032025.mp3,917,4588.671,4590.292,1.6210000000000946,SPEAKER_25,"You're not letting me finish here, Craig.",7,7,7
CyrusOne/Cyrusone_Hearing_12032025.mp3,918,4591.833,4594.054,2.2210000000004584,SPEAKER_25,Everybody follows the same protocol here.,6,6,6
CyrusOne/Cyrusone_Hearing_12032025.mp3,919,4595.535,4596.055,0.5200000000004366,SPEAKER_25,Hold on.,2,2,2
CyrusOne/Cyrusone_Hearing_12032025.mp3,920,4596.696,4597.156,0.4600000000000364,SPEAKER_25,Hold on.,2,2,2
CyrusOne/Cyrusone_Hearing_12032025.mp3,921,4597.836,4598.817,0.9809999999997672,SPEAKER_25,The next...,2,2,1
CyrusOne/Cyrusone_Hearing_12032025.mp3,922,4599.595,4600.756,1.1610000000000582,SPEAKER_25,I am following the rules.,5,5,5
CyrusOne/Cyrusone_Hearing_12032025.mp3,923,4601.016,4601.336,0.32000000000061846,SPEAKER_25,Thank you.,2,2,2
CyrusOne/Cyrusone_Hearing_12032025.mp3,924,4601.757,4606.241,4.484000000000378,SPEAKER_25,"So, Craig, the very next session, we're about to start another speaker.",12,12,12
CyrusOne/Cyrusone_Hearing_12032025.mp3,925,4606.641,4610.144,3.503000000000611,SPEAKER_25,"Okay, everybody, please, please, please be civil, okay?",8,8,8
CyrusOne/Cyrusone_Hearing_12032025.mp3,926,4610.884,4614.407,3.5230000000001382,SPEAKER_25,"So the next speaker is coming up right now, okay?",10,10,10
CyrusOne/Cyrusone_Hearing_12032025.mp3,927,4616.129,4623.214,7.085000000000036,SPEAKER_25,We have a whole brand-new round of sessions of county board members that can speak again and ask questions again of him.,22,22,22
CyrusOne/Cyrusone_Hearing_12032025.mp3,928,4623.675,4625.156,1.4809999999997672,SPEAKER_25,We do this three more times.,6,6,6
CyrusOne/Cyrusone_Hearing_12032025.mp3,929,4625.536,4627.038,1.501999999999498,SPEAKER_25,So you've got more time to finish this.,8,8,8
CyrusOne/Cyrusone_Hearing_12032025.mp3,930,4627.098,4628.659,1.5609999999996944,SPEAKER_25,I'm asking you to please stop right there.,8,8,8
CyrusOne/Cyrusone_Hearing_12032025.mp3,931,4629.448,4633.67,4.221999999999753,SPEAKER_25,"Your time's up, your five minutes, and start it on the next one.",13,13,13
CyrusOne/Cyrusone_Hearing_12032025.mp3,932,4634.371,4634.611,0.23999999999978172,SPEAKER_25,Okay?,1,1,1
CyrusOne/Cyrusone_Hearing_12032025.mp3,933,4635.471,4637.893,2.42200000000048,SPEAKER_20,"I appreciate you saying that, but I'm going to go back to my thing.",14,14,14
CyrusOne/Cyrusone_Hearing_12032025.mp3,934,4638.933,4641.855,2.9219999999995707,SPEAKER_20,IDOT gives permits on Sundays.,5,5,5
CyrusOne/Cyrusone_Hearing_12032025.mp3,935,4642.015,4642.435,0.42000000000007276,SPEAKER_20,"Okay, great.",2,2,2
CyrusOne/Cyrusone_Hearing_12032025.mp3,936,4642.455,4645.717,3.2619999999997162,SPEAKER_20,"Okay, I'll wait until next time, but I'm not done here.",11,11,11
CyrusOne/Cyrusone_Hearing_12032025.mp3,937,4645.777,4646.838,1.0609999999996944,SPEAKER_20,And I want this project.,5,5,5
CyrusOne/Cyrusone_Hearing_12032025.mp3,938,4646.898,4649.299,2.40099999999984,SPEAKER_20,I think this is a good project in general.,9,9,9
CyrusOne/Cyrusone_Hearing_12032025.mp3,939,4649.339,4649.919,0.5799999999999272,SPEAKER_25,I know you do.,4,4,4
CyrusOne/Cyrusone_Hearing_12032025.mp3,940,4650.24,4652.241,2.0010000000002037,SPEAKER_25,And I'm saying just stay within our structure.,8,8,8
CyrusOne/Cyrusone_Hearing_12032025.mp3,941,4652.261,4653.641,1.3799999999991996,SPEAKER_25,That's all I'm asking.,4,4,4
CyrusOne/Cyrusone_Hearing_12032025.mp3,942,4654.262,4655.302,1.0399999999999636,SPEAKER_25,So thank you.,3,3,3
CyrusOne/Cyrusone_Hearing_12032025.mp3,943,4655.863,4656.263,0.3999999999996362,SPEAKER_25,Okay.,1,1,1
CyrusOne/Cyrusone_Hearing_12032025.mp3,944,4656.744,4660.466,3.722000000000662,SPEAKER_25,So the 30-minute period for the county board members is up.,11,11,11
CyrusOne/Cyrusone_Hearing_12032025.mp3,945,4660.746,4665.269,4.523000000000138,SPEAKER_25,"And as I said, we've got three more sessions like that coming up, okay?",14,14,14
CyrusOne/Cyrusone_Hearing_12032025.mp3,946,4665.769,4670.312,4.542999999999665,SPEAKER_25,"So the next one that we're going to, our next speaker, we have a 30-minute.",15,15,15
CyrusOne/Cyrusone_Hearing_12032025.mp3,947,4670.752,4678.357,7.604999999999563,SPEAKER_25,And then we're going to have the rules for the board member question period for the county presentations.,18,18,18
CyrusOne/Cyrusone_Hearing_12032025.mp3,948,4678.397,4681.459,3.061999999999898,SPEAKER_25,And there's another same round like we just did.,9,9,9
CyrusOne/Cyrusone_Hearing_12032025.mp3,949,4681.579,4683.46,1.8810000000003129,SPEAKER_25,"Again, so that's this time.",5,5,5
CyrusOne/Cyrusone_Hearing_12032025.mp3,950,4684.669,4691.915,7.246000000000095,SPEAKER_25,"This next time coming up, the next time after that, and then after the public speaks, we have more time again.",21,21,21
CyrusOne/Cyrusone_Hearing_12032025.mp3,951,4691.995,4692.796,0.8010000000003856,SPEAKER_25,So there's plenty of time.,5,5,5
CyrusOne/Cyrusone_Hearing_12032025.mp3,952,4692.816,4694.958,2.1419999999998254,SPEAKER_25,"I'm not trying to cut you off in that fashion, okay?",11,11,11
CyrusOne/Cyrusone_Hearing_12032025.mp3,953,4695.538,4698.701,3.1630000000004657,SPEAKER_25,Keep your story started again at the next session here.,10,10,10
CyrusOne/Cyrusone_Hearing_12032025.mp3,954,4699.361,4708.549,9.188000000000102,SPEAKER_25,"So I want to bring up the Coalition for Springfield's Utility Future presentation, which will start right now for 30 minutes.",21,21,21
CyrusOne/Cyrusone_Hearing_12032025.mp3,955,4711.411,4711.752,0.34100000000034925,SPEAKER_25,Thank you.,2,2,2
CyrusOne/Cyrusone_Hearing_12032025.mp3,956,4712.712,4713.273,0.5609999999996944,SPEAKER_26,I can get the source.,5,5,5
CyrusOne/Cyrusone_Hearing_12032025.mp3,957,4714.98,4715.4,0.42000000000007276,SPEAKER_25,START THAT ONE.,3,3,3
CyrusOne/Cyrusone_Hearing_12032025.mp3,958,4716.521,4716.741,0.22000000000025466,SPEAKER_25,OKAY.,1,1,1
CyrusOne/Cyrusone_Hearing_12032025.mp3,959,4720.363,4720.884,0.5209999999997308,SPEAKER_35,GOOD EVENING.,2,2,2
CyrusOne/Cyrusone_Hearing_12032025.mp3,960,4720.924,4722.985,2.0609999999996944,SPEAKER_35,THANK YOU TO THE COUNTY BOARD FOR LETTING US SPEAK TONIGHT.,11,11,11
CyrusOne/Cyrusone_Hearing_12032025.mp3,961,4723.005,4724.186,1.1809999999995853,SPEAKER_35,WE APPRECIATE BEING HERE.,4,4,4
CyrusOne/Cyrusone_Hearing_12032025.mp3,962,4724.526,4728.448,3.92200000000048,SPEAKER_35,AND THANK YOU FOR ALL OF YOU COMING TONIGHT AND STAYING TO HEAR ALL THE PRESENTATIONS.,16,16,16
CyrusOne/Cyrusone_Hearing_12032025.mp3,963,4728.468,4729.549,1.081000000000131,SPEAKER_35,WE APPRECIATE THAT TOO.,4,4,4
CyrusOne/Cyrusone_Hearing_12032025.mp3,964,4730.169,4731.17,1.0010000000002037,SPEAKER_35,MY NAME IS LAURIE MCKERNON.,5,5,5
CyrusOne/Cyrusone_Hearing_12032025.mp3,965,4731.19,4733.571,2.381000000000313,SPEAKER_35,I'M WITH THE COALITION FOR SPRINGFIELD'S UTILITY FUTURE.,8,8,8
CyrusOne/Cyrusone_Hearing_12032025.mp3,966,4734.492,4739.295,4.802999999999884,SPEAKER_35,WE'RE HERE TONIGHT BECAUSE OF THE CONTRADICTORY AND NEGATIVE INFORMATION WE FOUND IN OUR RESEARCH.,15,15,15
CyrusOne/Cyrusone_Hearing_12032025.mp3,967,4739.855,4742.677,2.8220000000001164,SPEAKER_35,"FACTS ABOUT EXISTING DATA CENTERS, NOT JUST PROMISES,",8,8,8
CyrusOne/Cyrusone_Hearing_12032025.mp3,968,4743.161,4747.824,4.662999999999556,SPEAKER_35,but facts that tell a broader story that conflict with these promises that are being made tonight.,17,17,17
CyrusOne/Cyrusone_Hearing_12032025.mp3,969,4748.624,4750.085,1.46100000000024,SPEAKER_35,So we have two speakers tonight.,6,6,6
CyrusOne/Cyrusone_Hearing_12032025.mp3,970,4758.37,4759.13,0.7600000000002183,SPEAKER_35,Two speakers.,2,2,2
CyrusOne/Cyrusone_Hearing_12032025.mp3,971,4759.15,4761.812,2.662000000000262,SPEAKER_35,The UIF student we had lined up to speak tonight has COVID.,12,12,12
CyrusOne/Cyrusone_Hearing_12032025.mp3,972,4761.852,4769.916,8.064000000000306,SPEAKER_35,"So we have Robert Hirschfeld from the Prairie Rivers Network who's going to speak, and then Ann Logue, who is also part of the Coalition for Springfield's Utility Future.",29,29,29
CyrusOne/Cyrusone_Hearing_12032025.mp3,973,4770.457,4770.677,0.21999999999934516,SPEAKER_35,Robert.,1,1,1
CyrusOne/Cyrusone_Hearing_12032025.mp3,974,4781.797,4782.077,0.28000000000065484,SPEAKER_06,Right.,1,1,1
CyrusOne/Cyrusone_Hearing_12032025.mp3,975,4783.057,4786.958,3.90099999999984,SPEAKER_06,"Chair Van Meter and members of the board, thank you for the opportunity to speak tonight.",16,16,16
CyrusOne/Cyrusone_Hearing_12032025.mp3,976,4787.118,4788.979,1.8609999999998763,SPEAKER_06,My name is Robert Hirschfeld.,5,5,5
CyrusOne/Cyrusone_Hearing_12032025.mp3,977,4789.719,4799.641,9.92199999999957,SPEAKER_06,"I serve as the Director of Water Policy for Prairie Rivers Network, which is Illinois' statewide river conservation and clean water advocacy organization.",23,23,23
CyrusOne/Cyrusone_Hearing_12032025.mp3,978,4799.981,4809.163,9.181999999999789,SPEAKER_06,"And for nearly 60 years, Prairie Rivers has worked with communities to protect water, wildlife, and farmland from pollution and harmful development.",22,22,22
CyrusOne/Cyrusone_Hearing_12032025.mp3,979,4810.442,4825.174,14.731999999999971,SPEAKER_06,"And though we are statewide group, we have deep roots in central Illinois with more than 300 member households here in Sangamon County who care deeply about how this project will affect their farms, their utilities, their taxes, and their quality of life.",43,43,43
CyrusOne/Cyrusone_Hearing_12032025.mp3,980,4826.175,4833.22,7.045000000000073,SPEAKER_06,I'm here today on their behalf and on behalf of the broader public to ask the county for transparency and due diligence.,22,22,22
CyrusOne/Cyrusone_Hearing_12032025.mp3,981,4834.842,4838.725,3.8830000000007203,SPEAKER_06,"So I was going to start with my ask, which given the scale of this project,",16,16,16
CyrusOne/Cyrusone_Hearing_12032025.mp3,982,4839.166,4843.708,4.541999999999462,SPEAKER_06,"The breadth of the potential impacts and the many unanswered questions, I believe, is reasonable.",15,15,15
CyrusOne/Cyrusone_Hearing_12032025.mp3,983,4844.289,4847.91,3.6210000000000946,SPEAKER_06,And that would be for a moratorium or at minimum a 90-day pause.,13,13,13
CyrusOne/Cyrusone_Hearing_12032025.mp3,984,4847.95,4850.992,3.042000000000371,SPEAKER_06,It sounds like de facto that's going to happen.,9,9,9
CyrusOne/Cyrusone_Hearing_12032025.mp3,985,4851.032,4855.674,4.641999999999825,SPEAKER_06,I think that's good given some of what we've already heard in terms of questions and concerns.,17,17,17
CyrusOne/Cyrusone_Hearing_12032025.mp3,986,4856.935,4867.48,10.544999999999163,SPEAKER_06,"Prairie River's network does not oppose data centers per se, but because this proposal raises serious unanswered questions, documented risks, and significant unknowns for Sangamon County taxpayers,",27,27,27
CyrusOne/Cyrusone_Hearing_12032025.mp3,987,4867.85,4868.99,1.139999999999418,SPEAKER_06,farmers and rate payers.,4,4,4
CyrusOne/Cyrusone_Hearing_12032025.mp3,988,4869.87,4877.752,7.882000000000517,SPEAKER_06,The speed of this process far outpaces the information available to you as decision makers and elected officials and to your own constituents.,23,23,23
CyrusOne/Cyrusone_Hearing_12032025.mp3,989,4878.693,4879.873,1.1799999999993815,SPEAKER_06,So I'll begin with what is known.,7,7,7
CyrusOne/Cyrusone_Hearing_12032025.mp3,990,4880.593,4888.415,7.822000000000116,SPEAKER_06,"The facility would draw 636 megawatts per hour, the equivalent of three Dahlman four-scale power plants.",16,16,16
CyrusOne/Cyrusone_Hearing_12032025.mp3,991,4889.175,4891.256,2.081000000000131,SPEAKER_06,"The electricity used somewhere between 120,000 to 420,000 homes.",9,9,9
CyrusOne/Cyrusone_Hearing_12032025.mp3,992,4891.276,4892.276,1.0,SPEAKER_06,One project on 280 acres of prime farmland,8,8,8
CyrusOne/Cyrusone_Hearing_12032025.mp3,993,4897.955,4906.458,8.502999999999702,SPEAKER_06,"would consume almost the entire output, as you mentioned, of the Double Black Diamond solar farm, essentially erasing the climate and grid benefits instantly.",24,24,24
CyrusOne/Cyrusone_Hearing_12032025.mp3,994,4907.058,4914.76,7.7020000000002256,SPEAKER_06,"So 4,100 acres were taken out, 4,100 acres taken out of production to build the solar array, and we're going to eliminate that with one project.",26,26,26
CyrusOne/Cyrusone_Hearing_12032025.mp3,995,4915.641,4920.622,4.981000000000677,SPEAKER_06,"And for this massive footprint and massive load, the project creates fewer than 100 permanent jobs.",16,16,16
CyrusOne/Cyrusone_Hearing_12032025.mp3,996,4922.943,4926.084,3.1409999999996217,SPEAKER_06,Cirrus One provides zero new generating capacity.,7,7,7
CyrusOne/Cyrusone_Hearing_12032025.mp3,997,4926.855,4936.919,10.064000000000306,SPEAKER_06,"Every megawatt of this enormous load will ultimately be supplied by the Rural Electric Convenience Cooperative, with Ameren providing the high-voltage transmission lines that deliver power into the region.",29,29,29
CyrusOne/Cyrusone_Hearing_12032025.mp3,998,4937.579,4945.763,8.184000000000196,SPEAKER_06,"In other words, RECC will be responsible for supplying the full 636 megawatts of electricity required to operate this facility.",20,20,20
CyrusOne/Cyrusone_Hearing_12032025.mp3,999,4947.463,4953.466,6.003000000000611,SPEAKER_06,"Cirrus One claims residents won't see rate increases, but neither Ameren nor RECC will guarantee that.",16,16,16
CyrusOne/Cyrusone_Hearing_12032025.mp3,1000,4954.982,4958.927,3.944999999999709,SPEAKER_06,MISO auction prices spike all the time when large loads enter the system.,13,13,13
CyrusOne/Cyrusone_Hearing_12032025.mp3,1001,4959.888,4965.175,5.287000000000262,SPEAKER_06,"If required transmission upgrades exceed estimates, the public could be forced to absorb the difference.",15,15,15
CyrusOne/Cyrusone_Hearing_12032025.mp3,1002,4965.635,4967.798,2.162999999999556,SPEAKER_06,And no one has answered the most basic question of all.,11,11,11
CyrusOne/Cyrusone_Hearing_12032025.mp3,1003,4968.338,4971.042,2.704000000000633,SPEAKER_06,"In a brownout or emergency, who gets priority?",8,8,8
CyrusOne/Cyrusone_Hearing_12032025.mp3,1004,4971.502,4973.705,2.20299999999952,SPEAKER_06,"Residents, farms, or the data center?",6,6,6
CyrusOne/Cyrusone_Hearing_12032025.mp3,1005,4981.011,4981.691,0.6799999999993815,SPEAKER_06,Talk about water.,3,3,3
CyrusOne/Cyrusone_Hearing_12032025.mp3,1006,4981.771,4997.001,15.230000000000473,SPEAKER_06,"Cirrus One's FAQ claims water use is comparable to an office building, yet Waverly's mayor, who oversees the water system Cirrus One intends to use, says the closed-loop system requires around 225,000 gallons just to fill, and refilling can take up to two weeks.",44,44,44
CyrusOne/Cyrusone_Hearing_12032025.mp3,1007,4997.581,4999.302,1.720999999999549,SPEAKER_06,That's two weeks of filling of water.,7,7,6
CyrusOne/Cyrusone_Hearing_12032025.mp3,1008,4999.322,5001.583,2.2609999999995125,SPEAKER_06,That's not standard office building water use.,7,7,7
CyrusOne/Cyrusone_Hearing_12032025.mp3,1009,5002.704,5007.647,4.943000000000211,SPEAKER_06,"As mentioned before, the cooling system operates using corrosion inhibitors and microbiocides.",12,12,12
CyrusOne/Cyrusone_Hearing_12032025.mp3,1010,5008.315,5011.056,2.7409999999999854,SPEAKER_06,CHEMICALS REQUIRING SPECIALIZED HANDLING AND DISPOSAL.,6,6,6
CyrusOne/Cyrusone_Hearing_12032025.mp3,1011,5011.856,5013.337,1.4810000000006767,SPEAKER_06,THAT DOES NOT APPEAR IN THE FAQ.,7,7,7
CyrusOne/Cyrusone_Hearing_12032025.mp3,1012,5014.317,5016.898,2.581000000000131,SPEAKER_06,THE SAME PATTERN EMERGES WITH DIESEL BACKUP GENERATORS.,8,8,8
CyrusOne/Cyrusone_Hearing_12032025.mp3,1013,5018.699,5020.119,1.4200000000000728,SPEAKER_06,CYRUS 1 IS NOT DISCLOSED.,5,5,5
CyrusOne/Cyrusone_Hearing_12032025.mp3,1014,5020.599,5027.302,6.70299999999952,SPEAKER_06,"WELL, NOW WE HAVE 56 GENERATORS PER SITE, RIGHT?",9,9,9
CyrusOne/Cyrusone_Hearing_12032025.mp3,1015,5027.862,5028.382,0.5199999999995271,SPEAKER_06,PER BUILDING.,2,2,2
CyrusOne/Cyrusone_Hearing_12032025.mp3,1016,5028.502,5029.963,1.4609999999993306,SPEAKER_06,"SORRY, 56 TIMES 6.",4,4,4
CyrusOne/Cyrusone_Hearing_12032025.mp3,1017,5031.743,5032.123,0.37999999999919964,SPEAKER_06,THANK YOU.,2,2,2
CyrusOne/Cyrusone_Hearing_12032025.mp3,1018,5032.183,5033.144,0.9610000000002401,SPEAKER_06,THANK YOU FOR DOING THE MATH.,6,6,6
CyrusOne/Cyrusone_Hearing_12032025.mp3,1019,5035.745,5036.725,0.9800000000004729,SPEAKER_06,THEIR TIER EMISSION LEVEL.,4,4,4
CyrusOne/Cyrusone_Hearing_12032025.mp3,1020,5037.984,5045.05,7.0659999999998035,SPEAKER_06,"Now we're hearing about the decibel levels, frequency and duration of testing, expected particulate emissions, proximity to homes, farms, livestock.",20,20,20
CyrusOne/Cyrusone_Hearing_12032025.mp3,1021,5046.191,5050.414,4.222999999999956,SPEAKER_06,"Diesel generators release nitrogen oxides that contribute to smog, ozone, and asthma.",12,12,12
CyrusOne/Cyrusone_Hearing_12032025.mp3,1022,5050.935,5060.042,9.106999999999971,SPEAKER_06,"And PM 2.5, which is fine particulate matter, small enough to lodge deep in the lungs and enter the bloodstream, increasing the risk of heart disease, stroke, and lung cancer.",30,30,30
CyrusOne/Cyrusone_Hearing_12032025.mp3,1023,5060.803,5065.927,5.123999999999796,SPEAKER_06,"These pollutants are especially dangerous for children, other adults, people with respiratory conditions,",13,13,13
CyrusOne/Cyrusone_Hearing_12032025.mp3,1024,5066.3,5069.481,3.1809999999995853,SPEAKER_06,and farm workers already exposed to dust and agricultural chemicals.,10,10,10
CyrusOne/Cyrusone_Hearing_12032025.mp3,1025,5070.021,5074.602,4.581000000000131,SPEAKER_06,They also create constant low-frequency noise and disrupt wildlife and livestock.,11,11,11
CyrusOne/Cyrusone_Hearing_12032025.mp3,1026,5075.802,5082.044,6.242000000000189,SPEAKER_06,A farmer adjacent to the site has testified that even perimeter lighting could impact his livestock and yields.,18,18,18
CyrusOne/Cyrusone_Hearing_12032025.mp3,1027,5083.504,5085.965,2.46100000000024,SPEAKER_06,I'd like to call attention to a news story from just last week.,13,13,13
CyrusOne/Cyrusone_Hearing_12032025.mp3,1028,5087.125,5093.747,6.622000000000298,SPEAKER_06,"Last week, a Cirrus One data center in Aurora suffered a cooling system failure that halted global futures trading for the CME Group.",23,23,23
CyrusOne/Cyrusone_Hearing_12032025.mp3,1029,5094.931,5100.574,5.643000000000029,SPEAKER_06,"cooling failed, redundancies failed, the world's largest derivative exchange went down for more than 10 hours.",16,16,16
CyrusOne/Cyrusone_Hearing_12032025.mp3,1030,5101.054,5104.375,3.3209999999999127,SPEAKER_06,"This was reported on by Fortune, Bloomberg, Reuters, among other outlets.",11,11,11
CyrusOne/Cyrusone_Hearing_12032025.mp3,1031,5105.056,5109.858,4.802000000000589,SPEAKER_06,Cyrus One rushed to install additional emergency cooling capacity to avoid a repeat.,13,13,13
CyrusOne/Cyrusone_Hearing_12032025.mp3,1032,5110.778,5115.58,4.80199999999968,SPEAKER_06,"The point is not to pick on Cyrus One, but to say that things can and will go wrong.",19,19,19
CyrusOne/Cyrusone_Hearing_12032025.mp3,1033,5116.501,5121.223,4.721999999999753,SPEAKER_06,"Even as the most sophisticated facilities with the best engineers, the most redundancy,",13,13,13
CyrusOne/Cyrusone_Hearing_12032025.mp3,1034,5121.741,5124.882,3.1409999999996217,SPEAKER_06,and enormous financial incentives to avoid failure.,7,7,7
CyrusOne/Cyrusone_Hearing_12032025.mp3,1035,5125.803,5131.005,5.2020000000002256,SPEAKER_06,The Cyrus One system that underpins trillions of dollars of daily transactions went dark.,14,14,14
CyrusOne/Cyrusone_Hearing_12032025.mp3,1036,5132.446,5140.95,8.503999999999905,SPEAKER_06,"So we heard earlier, and I appreciate the question about fire that came up from someone, because that would be one of my most significant concerns, given what's housed at the facility.",32,32,32
CyrusOne/Cyrusone_Hearing_12032025.mp3,1037,5141.29,5146.472,5.181999999999789,SPEAKER_06,"What happens if you have a fire in that kind of facility, and are the local fire departments equipped to deal with it?",23,23,23
CyrusOne/Cyrusone_Hearing_12032025.mp3,1038,5147.413,5149.954,2.5410000000001673,SPEAKER_06,"And the gentleman mentioned that, well, they are, yes.",9,9,9
CyrusOne/Cyrusone_Hearing_12032025.mp3,1039,5150.287,5152.509,2.2219999999997526,SPEAKER_06,financially incentivized to not have that happen.,7,7,7
CyrusOne/Cyrusone_Hearing_12032025.mp3,1040,5153.269,5159.653,6.3840000000000146,SPEAKER_06,"And I totally agree and respect that, but bad things happen, mistakes happen, systems fail.",15,15,15
CyrusOne/Cyrusone_Hearing_12032025.mp3,1041,5159.934,5160.894,0.9600000000000364,SPEAKER_06,Are you prepared for that?,5,5,5
CyrusOne/Cyrusone_Hearing_12032025.mp3,1042,5160.934,5161.775,0.8409999999994398,SPEAKER_06,That's what I'm asking.,4,4,4
CyrusOne/Cyrusone_Hearing_12032025.mp3,1043,5163.956,5178.486,14.529999999999745,SPEAKER_06,"If a professionally staffed, heavily engineered, globally connected data center in Aurora can fail that spectacularly, despite all the promises, all the FAQ assurances, all the modern cooling design, then Sangamon County should ask, are we prepared for the consequences?",40,40,40
CyrusOne/Cyrusone_Hearing_12032025.mp3,1044,5178.746,5179.867,1.1210000000000946,SPEAKER_06,Should things go wrong here?,5,5,5
CyrusOne/Cyrusone_Hearing_12032025.mp3,1045,5180.369,5183.99,3.6210000000000946,SPEAKER_06,Do we even understand all the things that could go wrong if we green light this?,16,16,16
CyrusOne/Cyrusone_Hearing_12032025.mp3,1046,5184.79,5193.533,8.743000000000393,SPEAKER_06,"Perhaps most importantly, are we relying on promises and assurances that are not legally binding in any form whatsoever?",19,19,19
CyrusOne/Cyrusone_Hearing_12032025.mp3,1047,5202.316,5204.596,2.2799999999997453,SPEAKER_06,An FAQ is not an enforceable obligation.,7,7,7
CyrusOne/Cyrusone_Hearing_12032025.mp3,1048,5204.796,5206.557,1.7609999999995125,SPEAKER_06,I learned that in law school.,6,6,6
CyrusOne/Cyrusone_Hearing_12032025.mp3,1049,5207.314,5217.58,10.265999999999622,SPEAKER_06,"An FAQ is not a guarantee against grid failure, generator malfunction, noise, drainage impact, groundwater contamination, or a multi-million dollar tax appeal.",22,22,22
CyrusOne/Cyrusone_Hearing_12032025.mp3,1050,5218.22,5230.867,12.646999999999935,SPEAKER_06,"So, on the issue of taxes, we are told this project will generate significant revenue for schools and local governments, but no assessor has publicly shown the math, and the county has not hired an independent expert to verify those projections.",41,41,41
CyrusOne/Cyrusone_Hearing_12032025.mp3,1051,5231.668,5232.248,0.5799999999999272,SPEAKER_06,What we do know,4,4,4
CyrusOne/Cyrusone_Hearing_12032025.mp3,1052,5236.117,5245.804,9.686999999999898,SPEAKER_06,"In case after case across the country, large industrial facilities aggressively appeal their tax valuations.",15,15,15
CyrusOne/Cyrusone_Hearing_12032025.mp3,1053,5245.864,5251.248,5.3840000000000146,SPEAKER_06,"It is in their interest to do so, often slashing what they actually pay by 50% to 90%.",18,18,18
CyrusOne/Cyrusone_Hearing_12032025.mp3,1054,5251.688,5260.194,8.506000000000313,SPEAKER_06,"In Neoga, Illinois, a gas-fired power plant that used valuation appeals to gut the tax base, leaving the local school district on the brink of collapse.",26,26,26
CyrusOne/Cyrusone_Hearing_12032025.mp3,1055,5260.955,5264.137,3.181999999999789,SPEAKER_06,"Not a data center, but it illustrates the same structural risk.",11,11,11
CyrusOne/Cyrusone_Hearing_12032025.mp3,1056,5264.447,5271.274,6.8270000000002256,SPEAKER_06,"When companies with sophisticated tax lawyers challenge assessments, rural communities can be left holding the bag.",16,16,16
CyrusOne/Cyrusone_Hearing_12032025.mp3,1057,5278.241,5280.603,2.36200000000008,SPEAKER_06,The same pattern is played out with data centers elsewhere.,10,10,10
CyrusOne/Cyrusone_Hearing_12032025.mp3,1058,5280.683,5287.85,7.167000000000371,SPEAKER_06,"Prince William County in Virginia spent more than $500,000 in legal fees fighting these appeals, money that came out of public budgets.",22,22,22
CyrusOne/Cyrusone_Hearing_12032025.mp3,1059,5289.978,5295.543,5.5649999999996,SPEAKER_06,"Until Sangamon County conducts its own independent modeling, taxpayers cannot rely on projected revenue numbers.",15,15,15
CyrusOne/Cyrusone_Hearing_12032025.mp3,1060,5296.283,5303.029,6.746000000000095,SPEAKER_06,"Meanwhile, Illinois is considering a megaproject law that could freeze a data center's assessed value for 23 to 40 years.",20,20,20
CyrusOne/Cyrusone_Hearing_12032025.mp3,1061,5303.59,5310.516,6.925999999999476,SPEAKER_06,"If that passes, Sangamon County could be trapped in a decades-long tax freeze regime where homeowners bear the burden of rising costs.",22,22,22
CyrusOne/Cyrusone_Hearing_12032025.mp3,1062,5312.257,5317.762,5.505000000000109,SPEAKER_06,"Add to this the long list of unknowns, retention ponds and drainage impacts on adjacent farmland.",16,16,16
CyrusOne/Cyrusone_Hearing_12032025.mp3,1063,5318.325,5336.609,18.28400000000056,SPEAKER_06,"POTENTIAL USE OF EMINENT DOMAIN FOR EASEMENTS, LACK OF A DECOMMISSIONING BOND, NO ANALYSIS OF NOISE IMPACTS ON WILDLIFE OR LIVESTOCK, NO PLAN FOR CHEMICAL COOLANT DISPOSAL, NO PUBLIC MEETING AT THE TIME OF ANNOUNCEMENT, WAVERLY'S MAYOR AND APPLE CREEK WATER NOT CONTACTED UNTIL MID-NOVEMBER.",45,45,45
CyrusOne/Cyrusone_Hearing_12032025.mp3,1064,5337.97,5342.671,4.701000000000022,SPEAKER_06,"THIS IS THE LARGEST CONSTRUCTION PROJECT IN SANGAMON COUNTY HISTORY, AT LEAST ACCORDING TO THE NEWSPAPERS.",16,16,16
CyrusOne/Cyrusone_Hearing_12032025.mp3,1065,5344.271,5347.612,3.3410000000003492,SPEAKER_06,YET RESIDENTS HAVE HAD LESS INFORMATION AND LESS ENGAGEMENT THAN DURING,11,11,11
CyrusOne/Cyrusone_Hearing_12032025.mp3,1066,5348.765,5350.066,1.3009999999994761,SPEAKER_06,the carbon pipeline controversy.,4,4,4
CyrusOne/Cyrusone_Hearing_12032025.mp3,1067,5351.046,5359.87,8.823999999999614,SPEAKER_06,"It is entirely reasonable, responsible, and necessary for this board to take a pause and consider all of the ramifications.",20,20,20
CyrusOne/Cyrusone_Hearing_12032025.mp3,1068,5359.89,5363.792,3.9020000000000437,SPEAKER_06,"A 180-day moratorium or, at a minimum, a 90-day pause.",10,10,10
CyrusOne/Cyrusone_Hearing_12032025.mp3,1069,5365.873,5369.454,3.581000000000131,SPEAKER_06,"If Cyrusville wants to come here, they should meet the standards other communities require.",14,14,14
CyrusOne/Cyrusone_Hearing_12032025.mp3,1070,5369.514,5373.476,3.9619999999995343,SPEAKER_06,"Naperville, Aurora, Yorkville, and Wooddale all demand more rigorous conditions.",10,10,10
CyrusOne/Cyrusone_Hearing_12032025.mp3,1071,5373.936,5377.578,3.642000000000735,SPEAKER_06,Sangamon County should not accept lower protections and higher risks.,10,10,10
CyrusOne/Cyrusone_Hearing_12032025.mp3,1072,5386.419,5389.022,2.6030000000000655,SPEAKER_06,Cyrus 1 does not answer to the people of this county.,11,11,11
CyrusOne/Cyrusone_Hearing_12032025.mp3,1073,5389.402,5391.704,2.30199999999968,SPEAKER_06,They answer to their shareholders.,5,5,5
CyrusOne/Cyrusone_Hearing_12032025.mp3,1074,5391.724,5393.246,1.5219999999999345,SPEAKER_06,You answer to the people of this county.,8,8,8
CyrusOne/Cyrusone_Hearing_12032025.mp3,1075,5393.906,5401.114,7.207999999999629,SPEAKER_06,"If this process is rushed through without answers, without transparency, without binding conditions, then you are not protecting the residents.",20,20,20
CyrusOne/Cyrusone_Hearing_12032025.mp3,1076,5402.135,5404.497,2.36200000000008,SPEAKER_06,And residents may remember that at the ballot box.,9,9,9
CyrusOne/Cyrusone_Hearing_12032025.mp3,1077,5407.465,5421.692,14.226999999999862,SPEAKER_06,"And finally, because I can't resist a soapbox, I was very moved by the gentleman from Labor speaking earlier, and it's too bad that he left with everybody else.",29,29,29
CyrusOne/Cyrusone_Hearing_12032025.mp3,1078,5421.712,5424.134,2.4219999999995707,SPEAKER_06,"I wanted to say something to him, because I was.",10,10,10
CyrusOne/Cyrusone_Hearing_12032025.mp3,1079,5424.214,5428.916,4.7020000000002256,SPEAKER_06,"It's like, you know, I appreciate where Labor is coming from.",11,11,11
CyrusOne/Cyrusone_Hearing_12032025.mp3,1080,5429.676,5430.037,0.3609999999998763,SPEAKER_06,I do.,2,2,2
CyrusOne/Cyrusone_Hearing_12032025.mp3,1081,5430.397,5436.76,6.363000000000284,SPEAKER_06,"And so I'm going to take my professional Prairie Rivers hat off and just speak as a community member, Illinoisian, American,",21,21,21
CyrusOne/Cyrusone_Hearing_12032025.mp3,1082,5437.297,5443.239,5.942000000000007,SPEAKER_06,"father of two kids, thinking about what the future holds, AI, technology, all of that, just for a quick second.",20,20,20
CyrusOne/Cyrusone_Hearing_12032025.mp3,1083,5444.319,5447.62,3.300999999999476,SPEAKER_06,I understand why communities consider projects like this.,8,8,8
CyrusOne/Cyrusone_Hearing_12032025.mp3,1084,5447.82,5448.38,0.5600000000004002,SPEAKER_06,I really do.,3,3,3
CyrusOne/Cyrusone_Hearing_12032025.mp3,1085,5448.82,5449.62,0.8000000000001819,SPEAKER_06,People need jobs.,3,3,3
CyrusOne/Cyrusone_Hearing_12032025.mp3,1086,5449.68,5455.662,5.981999999999971,SPEAKER_06,"He kind of implied earlier, oh, they say we just come for the money, we come for the jobs, as if that's bad.",23,23,23
CyrusOne/Cyrusone_Hearing_12032025.mp3,1087,5455.742,5456.982,1.2399999999997817,SPEAKER_06,"No, it's fine.",3,3,3
CyrusOne/Cyrusone_Hearing_12032025.mp3,1088,5457.883,5459.643,1.7600000000002183,SPEAKER_06,Everybody's got to put food on the table.,8,8,8
CyrusOne/Cyrusone_Hearing_12032025.mp3,1089,5459.663,5461.003,1.3400000000001455,SPEAKER_06,I don't think there's anything wrong with that.,8,8,8
CyrusOne/Cyrusone_Hearing_12032025.mp3,1090,5461.484,5464.985,3.5009999999992942,SPEAKER_06,I don't think there's anything wrong that people showed up here tonight to talk about their jobs.,17,17,17
CyrusOne/Cyrusone_Hearing_12032025.mp3,1091,5465.925,5466.685,0.7600000000002183,SPEAKER_06,People need jobs.,3,3,3
CyrusOne/Cyrusone_Hearing_12032025.mp3,1092,5467.068,5468.389,1.3209999999999127,SPEAKER_06,Local governments need revenue.,4,4,4
CyrusOne/Cyrusone_Hearing_12032025.mp3,1093,5468.469,5469.53,1.0609999999996944,SPEAKER_06,Everybody understands this.,3,3,3
CyrusOne/Cyrusone_Hearing_12032025.mp3,1094,5469.591,5470.551,0.9600000000000364,SPEAKER_06,There's no shame in that.,5,5,5
CyrusOne/Cyrusone_Hearing_12032025.mp3,1095,5470.912,5471.512,0.5999999999994543,SPEAKER_06,It's honest.,2,2,2
CyrusOne/Cyrusone_Hearing_12032025.mp3,1096,5472.113,5472.593,0.47999999999956344,SPEAKER_06,It's real.,2,2,2
CyrusOne/Cyrusone_Hearing_12032025.mp3,1097,5473.094,5476.397,3.3029999999998836,SPEAKER_06,But we should also step back and ask ourselves a broader question.,12,12,12
CyrusOne/Cyrusone_Hearing_12032025.mp3,1098,5477.038,5479.881,2.8430000000007567,SPEAKER_06,Do we even want to build the thing that we're building?,11,11,11
CyrusOne/Cyrusone_Hearing_12032025.mp3,1099,5480.641,5481.883,1.2420000000001892,SPEAKER_06,Is this the future that we want?,7,7,7
CyrusOne/Cyrusone_Hearing_12032025.mp3,1100,5485.306,5491.232,5.926000000000386,SPEAKER_06,"Because right now, right now we are building a technological world that many of us don't even like.",18,18,18
CyrusOne/Cyrusone_Hearing_12032025.mp3,1101,5498.543,5512.174,13.631000000000313,SPEAKER_06,"A world where we're more alienated from each other, where decisions are made by algorithms we didn't ask for, and where generative AI threatens to replace the very jobs that data centers claim they create.",35,35,35
CyrusOne/Cyrusone_Hearing_12032025.mp3,1102,5520.2,5526.685,6.485000000000582,SPEAKER_06,"Meanwhile, the things we do need, homes, rural healthcare, clean energy, conservation lands, and yes, you can build that too,",20,20,20
CyrusOne/Cyrusone_Hearing_12032025.mp3,1103,5527.95,5531.191,3.2409999999999854,SPEAKER_06,Community infrastructure constantly struggle for attention and investment.,8,8,8
CyrusOne/Cyrusone_Hearing_12032025.mp3,1104,5532.091,5539.992,7.90099999999984,SPEAKER_06,"So before we sacrifice farmland and strain the power grid, I just think we should honestly ask, is this the future we want to prioritize?",25,25,25
CyrusOne/Cyrusone_Hearing_12032025.mp3,1105,5540.592,5540.872,0.28000000000065484,SPEAKER_06,Thank you.,2,2,2
CyrusOne/Cyrusone_Hearing_12032025.mp3,1106,5555.195,5555.555,0.3600000000005821,SPEAKER_25,Thank you.,2,2,2
CyrusOne/Cyrusone_Hearing_12032025.mp3,1107,5555.595,5556.335,0.7399999999997817,SPEAKER_25,Thank you very much.,4,4,4
CyrusOne/Cyrusone_Hearing_12032025.mp3,1108,5557.707,5584.825,27.117999999999483,SPEAKER_37,right now you have like seventeen some minutes left still as you're doing fine with time so okay that's a really hard act to follow and i might repeat just a little bit of what he said uh... the main thing i want to say well there's two things i want to say in in conjunction with him is that the companies that that are fueling these data centers are always looking,72,72,72
CyrusOne/Cyrusone_Hearing_12032025.mp3,1109,5585.426,5609.534,24.107999999999265,SPEAKER_37,for lower labor costs ma'am i am so sorry please introduce yourself i didn't catch that either thank you well lori introduced me but anyway uh... my name is ann loge and i'm working on several initiatives here in springfield but one of them is uh... protecting ourselves from data center potential hazards with the coalition,56,56,56
CyrusOne/Cyrusone_Hearing_12032025.mp3,1110,5614.077,5635.183,21.105999999999767,SPEAKER_37,coalition for springfield utility future i've never liked that title okay so anyway so one of the things i do want to mention too is that rural communities have been targeted by these data centers because they aren't prepared,39,39,39
CyrusOne/Cyrusone_Hearing_12032025.mp3,1111,5636.017,5638.737,2.7200000000002547,SPEAKER_37,to protect themselves and set things in place.,8,8,8
CyrusOne/Cyrusone_Hearing_12032025.mp3,1112,5638.818,5651.78,12.961999999999534,SPEAKER_37,So I think that we have a big job ahead of us and that we need to take this very seriously and uncover every rock there is and get legal commitments.,31,31,31
CyrusOne/Cyrusone_Hearing_12032025.mp3,1113,5652.18,5659.161,6.980999999999767,SPEAKER_37,It's one thing like with the retention pond to say we'll do as much as possible.,16,16,16
CyrusOne/Cyrusone_Hearing_12032025.mp3,1114,5659.261,5660.781,1.519999999999527,SPEAKER_37,"Well, that's not good enough.",5,5,5
CyrusOne/Cyrusone_Hearing_12032025.mp3,1115,5661.101,5663.782,2.6810000000004948,SPEAKER_37,We need solid commitment.,4,4,4
CyrusOne/Cyrusone_Hearing_12032025.mp3,1116,5665.053,5688.948,23.895000000000437,SPEAKER_37,so alright so i have a lot of information and i'm not going to be as interesting as Richard but i'll have lots of lots of facts okay here we go am i going backwards you do it okay here we are okay,43,43,43
CyrusOne/Cyrusone_Hearing_12032025.mp3,1117,5693.908,5718.429,24.52099999999973,SPEAKER_37,due to this project being proposed to the zoning board without fair notice to the public and little information questions and concerns arose on several fronts on how this data center would impact our community in response on october twenty ninth after less than five days of scrambling for information and we're still doing it by our coalition we hosted a public meeting that drew over a hundred and twenty people,71,71,71
CyrusOne/Cyrusone_Hearing_12032025.mp3,1118,5719.69,5724.656,4.966000000000349,SPEAKER_37,several areas that would impact residents in salmon county were addressed we,12,12,12
CyrusOne/Cyrusone_Hearing_12032025.mp3,1119,5725.318,5748.962,23.644000000000233,SPEAKER_37,ended by asking for a moratorium on data centers to allow the time to properly assess and discuss how best to protect ourselves after that meeting and diving deeper into the information on this issue we are now extremely concerned by what the springfield sangman growth alliance cyrus one and the rural electric convenience co-op are telling us and what they're not telling us,64,64,64
CyrusOne/Cyrusone_Hearing_12032025.mp3,1120,5750.083,5757.698,7.615000000000691,SPEAKER_37,"According to an analysis by the Financial Times, the Times highlights the AI sector's increasing reliance on debt.",18,18,18
CyrusOne/Cyrusone_Hearing_12032025.mp3,1121,5758.803,5769.81,11.007000000000517,SPEAKER_37,"Currently, the revenues being generated by AI companies and many rapidly expanding data center operations to serve these companies are nowhere near big enough to cover these costs.",28,28,28
CyrusOne/Cyrusone_Hearing_12032025.mp3,1122,5771.011,5781.378,10.36699999999928,SPEAKER_37,"The CEO of IBM states that AI companies are spending billions on data centers in the race to AI, and there's no way to turn a profit at current costs.",30,30,30
CyrusOne/Cyrusone_Hearing_12032025.mp3,1123,5782.098,5797.723,15.625,SPEAKER_37,"Separately, the big five hyperscalers, Amazon, Google, Meta, Microsoft, and Oracle, have taken on $121 billion in new debt just this year just to fund AI operations, according to the Bank of America.",33,33,33
CyrusOne/Cyrusone_Hearing_12032025.mp3,1124,5801.504,5802.784,1.2799999999997453,SPEAKER_37,"YES, WE WERE TALKING ABOUT THE BUBBLE.",7,7,7
CyrusOne/Cyrusone_Hearing_12032025.mp3,1125,5803.204,5803.445,0.24099999999998545,SPEAKER_37,OKAY.,1,1,1
CyrusOne/Cyrusone_Hearing_12032025.mp3,1126,5803.865,5819.209,15.344000000000051,SPEAKER_37,"SO IN REGARDS TO THE PROMISES OF PROPERTY TAX REVENUE, AND RICHARD DID TALK ABOUT THAT, ROBERT, SORRY, OKAY, WE ARE TOLD THE ASSESSED DATA CENTER VALUE WILL DEPEND ON FINAL CONSTRUCTION COST AND EQUIPMENT INVESTMENT.",36,36,36
CyrusOne/Cyrusone_Hearing_12032025.mp3,1127,5819.73,5824.151,4.4210000000002765,SPEAKER_37,PRESENTLY THE CLAIM IS ONE MILLION PER BILLION?,8,8,8
CyrusOne/Cyrusone_Hearing_12032025.mp3,1128,5826.332,5827.672,1.339999999999236,SPEAKER_37,"ONE MILLION PER BUILDING, SORRY.",5,5,5
CyrusOne/Cyrusone_Hearing_12032025.mp3,1129,5828.803,5854.095,25.29200000000037,SPEAKER_37,my wife had surgery today so in revenue for the first year with the depreciation each consecutive year in terms of labor materials we do know that cyrus one has streamlined warehouse construction through prefab structures and i quote their website our massively modular design methodology enables rapid deployment of large scale facilities,53,53,53
CyrusOne/Cyrusone_Hearing_12032025.mp3,1130,5854.602,5868.827,14.225000000000364,SPEAKER_37,"THE COMPANY USES OFF-SITE MANUFACTURED COMPONENTS, INCLUDING FULLY ASSEMBLED AND TESTED PRE-FABRICATED ELECTRICAL ROOMS WITH PRE-INSTALLED EQUIPMENT TO REDUCE ON-SITE ASSEMBLY TIME.",22,22,22
CyrusOne/Cyrusone_Hearing_12032025.mp3,1131,5869.728,5876.27,6.542000000000371,SPEAKER_37,"THE 100 MEGAWATT BUILD IN CHANDLER, ARIZONA TOOK ONLY 107 DAYS.",11,11,11
CyrusOne/Cyrusone_Hearing_12032025.mp3,1132,5877.551,5883.873,6.321999999999207,SPEAKER_37,CYRUS ONE USES PRE-FAB DESIGN METHODOLOGY TO SIGNIFICANTLY REDUCE DATA,10,10,10
CyrusOne/Cyrusone_Hearing_12032025.mp3,1133,5884.879,5886.039,1.1599999999998545,SPEAKER_37,CENTER CONSTRUCTION.,2,2,2
CyrusOne/Cyrusone_Hearing_12032025.mp3,1134,5886.96,5888.62,1.6599999999998545,SPEAKER_37,AND THEY ARE GETTING BETTER EVERY YEAR.,7,7,7
CyrusOne/Cyrusone_Hearing_12032025.mp3,1135,5889.92,5897.922,8.001999999999498,SPEAKER_37,"ALSO, ALMOST ALL THE INTERNAL EQUIPMENT IS EXEMPT FROM PERSONAL PROPERTY UNDER THE I THINK WE'VE COVERED THAT, ILLINOIS DATA CENTER INVESTMENT ACT.",23,23,23
CyrusOne/Cyrusone_Hearing_12032025.mp3,1136,5898.642,5908.745,10.103000000000065,SPEAKER_37,THE ILLINOIS DEPARTMENT OF COMMERCE AND ECONOMIC DEVELOPMENT OFFERS DATA CENTERS A WIDE RANGE OF EXEMPTIONS ON TANGIBLE PROPERTY THAT THEY CAN USE TO REDUCE PAYING TAXES.,27,27,27
CyrusOne/Cyrusone_Hearing_12032025.mp3,1137,5909.145,5913.026,3.8809999999994034,SPEAKER_37,AND DATA CENTERS HAS BEEN CALLED THE DARLING OF TAX REDUCTIONS.,11,11,11
CyrusOne/Cyrusone_Hearing_12032025.mp3,1138,5914.137,5917.26,3.123000000000502,SPEAKER_37,"How much depreciation over how many years, we don't know.",10,10,10
CyrusOne/Cyrusone_Hearing_12032025.mp3,1139,5918.341,5924.507,6.165999999999258,SPEAKER_37,"In addition, many companies utilize tax appeals in Illinois to cut their tax obligations.",14,14,14
CyrusOne/Cyrusone_Hearing_12032025.mp3,1140,5925.067,5936.618,11.551000000000386,SPEAKER_37,Cook County's tax appeal system shifted approximately $2 billion in property tax bills from commercial businesses to residential between 2021 and 2023.,22,22,22
CyrusOne/Cyrusone_Hearing_12032025.mp3,1141,5936.678,5940.081,3.4030000000002474,SPEAKER_37,This is a very common practice across the U.S.,9,9,9
CyrusOne/Cyrusone_Hearing_12032025.mp3,1142,5940.968,5950.375,9.407000000000153,SPEAKER_37,The big beautiful bill signed into law earlier this year reinstate a 100% bonus depreciation on qualified capital equipment and property.,21,21,21
CyrusOne/Cyrusone_Hearing_12032025.mp3,1143,5950.775,5962.064,11.28900000000067,SPEAKER_37,"That means that instead of depreciating equipment over several years, data centers can now deduct the full cost of qualifying equipment in the year it's placed in use.",28,28,28
CyrusOne/Cyrusone_Hearing_12032025.mp3,1144,5964.145,5970.57,6.424999999999272,SPEAKER_37,This significantly reduces Cyrus I's tax burden after the first year of operation.,13,13,13
CyrusOne/Cyrusone_Hearing_12032025.mp3,1145,5972.157,5978.543,6.3859999999995125,SPEAKER_37,"IN REGARDS TO UTILITIES, THE SUPPLY VERSUS DEMAND PROCESS CONTROLS THE UTILITY PRICES.",13,13,13
CyrusOne/Cyrusone_Hearing_12032025.mp3,1146,5979.044,5983.208,4.16399999999976,SPEAKER_37,RATES GO UP WHEN DEMAND INCREASES AND SUPPLY STAYS THE SAME.,11,11,11
CyrusOne/Cyrusone_Hearing_12032025.mp3,1147,5983.668,5994.379,10.71100000000024,SPEAKER_37,"DATA CENTERS HAVE INCREASED DEMAND 22% IN 2025 ON THE PJM GRID, WHICH IS THE LARGEST GRID OPERATOR IN THE MIDWEST AND MID-ATLANTIC.",23,23,23
CyrusOne/Cyrusone_Hearing_12032025.mp3,1148,5994.797,6001.66,6.863000000000284,SPEAKER_37,PGM refers to the data center growth as tied to their 1.7 billion increase in utility rates.,17,17,17
CyrusOne/Cyrusone_Hearing_12032025.mp3,1149,6002.201,6016.548,14.346999999999753,SPEAKER_37,"To that effect, PGM is considering pushing data centers to bring your own utility generation opinion option to consumers so that they are not left holding the bag for these data center expansions.",33,33,33
CyrusOne/Cyrusone_Hearing_12032025.mp3,1150,6018.101,6027.706,9.605000000000473,SPEAKER_37,"We just saw this past summer locally as increased demand, largely from data centers, caused huge increases in the MISO grid energy auction prices.",24,24,24
CyrusOne/Cyrusone_Hearing_12032025.mp3,1151,6028.207,6031.969,3.7619999999997162,SPEAKER_37,So we need to be aware that promises don't mean anything.,11,11,11
CyrusOne/Cyrusone_Hearing_12032025.mp3,1152,6031.989,6033.57,1.581000000000131,SPEAKER_37,Okay?,1,1,1
CyrusOne/Cyrusone_Hearing_12032025.mp3,1153,6038.152,6039.553,1.40099999999984,SPEAKER_37,RECC has...,2,2,2
CyrusOne/Cyrusone_Hearing_12032025.mp3,1154,6041.773,6048.296,6.523000000000138,SPEAKER_37,STATED SEVERAL TIMES THAT THEY WILL BE GIVING CYRUS ONE AN UNDISCLOSED PREFERENTIAL PRICE ON THEIR ELECTRICITY.,17,17,17
CyrusOne/Cyrusone_Hearing_12032025.mp3,1155,6048.977,6057.461,8.484000000000378,SPEAKER_37,"WITH THE CENTER USING 600 MEGAWATTS, 636 MEGAWATTS OF POWER, HOW WILL THE CO-OP COVER THAT DISCOUNT?",17,17,17
CyrusOne/Cyrusone_Hearing_12032025.mp3,1156,6058.021,6061.123,3.1019999999998618,SPEAKER_37,WILL THEY UTILIZE ADDITIONAL FEES FOR THEIR CUSTOMERS?,8,8,8
CyrusOne/Cyrusone_Hearing_12032025.mp3,1157,6062.663,6067.886,5.223000000000866,SPEAKER_37,HOW DO THE STOCKHOLDERS OF RECC PROFIT FROM THIS DEAL?,10,10,10
CyrusOne/Cyrusone_Hearing_12032025.mp3,1158,6069.748,6089.35,19.60200000000077,SPEAKER_37,in regards to the land and its residents we should never dismiss topsoil as a precious resource which is currently across the u.s. disappearing at forty acres an hour large data center warehouses and paved surface areas are complicit in this loss,42,42,42
CyrusOne/Cyrusone_Hearing_12032025.mp3,1159,6092.597,6120.356,27.759000000000015,SPEAKER_37,extreme and in regards to the retention ponds i think i already covered that crop damage occurs when flooding stands in the fields for days so we need more than promises on these flooding issues i also want to say about the generators and i'm getting to that but how do we know that those walls are going to protect us against the sound i mean how do we know that okay,72,72,72
CyrusOne/Cyrusone_Hearing_12032025.mp3,1160,6122.485,6130.188,7.703000000000429,SPEAKER_37,"In addition, the center's diesel backup generators, the size of a semi-trailer, and when those things run, it's like a freight train coming through.",24,24,24
CyrusOne/Cyrusone_Hearing_12032025.mp3,1161,6130.588,6142.272,11.684000000000196,SPEAKER_37,"The Aurora, Illinois data center is at 109 megawatts with 42 backup generators, and so we are going to have 330 generators on site.",24,24,24
CyrusOne/Cyrusone_Hearing_12032025.mp3,1162,6142.652,6145.513,2.8609999999998763,SPEAKER_37,So that's pretty scary.,4,4,4
CyrusOne/Cyrusone_Hearing_12032025.mp3,1163,6146.454,6149.815,3.3609999999998763,SPEAKER_37,Some developers claim that diesel backup generators are rarely used.,10,10,10
CyrusOne/Cyrusone_Hearing_12032025.mp3,1164,6150.182,6154.844,4.662000000000262,SPEAKER_37,What they don't mention is the hours of required testing for emergency backup generators.,14,14,14
CyrusOne/Cyrusone_Hearing_12032025.mp3,1165,6155.344,6159.986,4.641999999999825,SPEAKER_37,It's daunting to imagine 336 generators on a rotating testing schedule.,11,11,11
CyrusOne/Cyrusone_Hearing_12032025.mp3,1166,6162.426,6170.929,8.502999999999702,SPEAKER_37,"As the general public becomes aware of the negative impacts of data centers across the US, opposition is growing at an unprecedented pace.",23,23,23
CyrusOne/Cyrusone_Hearing_12032025.mp3,1167,6171.51,6177.752,6.242000000000189,SPEAKER_37,"This opposition challenges the statement, if we don't allow this data center to be built, it's just going to be built somewhere else.",23,23,23
CyrusOne/Cyrusone_Hearing_12032025.mp3,1168,6178.507,6206.115,27.608000000000175,SPEAKER_37,okay aurora illinois after experiencing first-hand better data center occupation implemented and one hundred eighty-day uh... moratorium this september on all future data centers so they know what it's like to have a data center in there neighborhood across the u s m between may twenty twenty four and march twenty five sixty four billion dollars in data center projects have been postponed or cancel,65,65,65
CyrusOne/Cyrusone_Hearing_12032025.mp3,1169,6206.955,6217.542,10.587000000000444,SPEAKER_37,"FOLLOWED ON TOP OF THAT IS $98 BILLION IN PROJECTS DELAYED OR CANCELED BEGINNING THIS YEAR, MARCH 2025 TO JUNE OF 2025.",22,22,22
CyrusOne/Cyrusone_Hearing_12032025.mp3,1170,6219.303,6223.045,3.742000000000189,SPEAKER_37,"YOU CAN SEE THAT ON THIS SLIDE, IT'S COMING.",9,9,9
CyrusOne/Cyrusone_Hearing_12032025.mp3,1171,6223.905,6224.566,0.6610000000000582,SPEAKER_37,IT'S NOT COMING?,3,3,3
CyrusOne/Cyrusone_Hearing_12032025.mp3,1172,6225.526,6227.167,1.6410000000005311,SPEAKER_37,"OKAY, THAT'S OKAY.",3,3,3
CyrusOne/Cyrusone_Hearing_12032025.mp3,1173,6228.588,6231.09,2.5020000000004075,SPEAKER_37,THERE'S A SURGE OF COMMUNITIES PRESSING THE PAUSE BUTTON.,9,9,9
CyrusOne/Cyrusone_Hearing_12032025.mp3,1174,6231.31,6234.172,2.8619999999991705,SPEAKER_00,"I MEAN, THERE WAS JUST LIKE THAT MANY ROWS, OKAY?",10,10,10
CyrusOne/Cyrusone_Hearing_12032025.mp3,1175,6234.812,6235.993,1.1810000000004948,SPEAKER_37,I PUT IT TOGETHER MYSELF.,5,5,5
CyrusOne/Cyrusone_Hearing_12032025.mp3,1176,6236.801,6254.045,17.243999999999687,SPEAKER_37,what happened okay in october of this year city planner in joliet recommended postponing the review of proposed hold on one second do you need time to set something up here okay didn't make it um you have uh five minutes left for the presentation that's okay thank you all right,51,51,51
CyrusOne/Cyrusone_Hearing_12032025.mp3,1177,6255.272,6270.782,15.510000000000218,SPEAKER_37,"In October this year City Planner in Joliet, Illinois recommended postponing the review of a proposed center because of the need for additional analysis and more time for the staff and developer to prepare a complex annexation and development agreement.",40,40,40
CyrusOne/Cyrusone_Hearing_12032025.mp3,1178,6271.142,6279.347,8.204999999999927,SPEAKER_37,Joliet is not allowing this massive project to be built on zoning regulations alone but is instead making a legal agreement.,21,21,21
CyrusOne/Cyrusone_Hearing_12032025.mp3,1179,6279.767,6296.662,16.895000000000437,SPEAKER_37,with the developer and that's what we need here and i'm glad that the county is giving us the time to do that this year in georgia eight counties and cities have passed moratoriums temporarily halting any data center development,40,40,40
CyrusOne/Cyrusone_Hearing_12032025.mp3,1180,6300.618,6305.82,5.201999999999316,SPEAKER_37,I won't read all of these risks but the point is that there are still many risks that need to be addressed and resolved.,24,24,24
CyrusOne/Cyrusone_Hearing_12032025.mp3,1181,6306.28,6312.142,5.86200000000008,SPEAKER_37,"Risk to the public health, quality of life, risk to escalating utility rates, and precious farmland.",16,16,16
CyrusOne/Cyrusone_Hearing_12032025.mp3,1182,6312.743,6317.324,4.5809999999992215,SPEAKER_37,Once lost takes decades to replace and that is precious.,10,10,10
CyrusOne/Cyrusone_Hearing_12032025.mp3,1183,6318.125,6326.028,7.903000000000247,SPEAKER_37,Cyrus Run is a private company and now on their third owner KKR and Global Infrastructure Partners.,17,17,17
CyrusOne/Cyrusone_Hearing_12032025.mp3,1184,6327.17,6341.4,14.229999999999563,SPEAKER_37,"Profit for Investors was primary for KKR when it bought a thriving manufacturing company in 1979, and within a few years, KKR carved it up and laid it out, laid off 2,000 workers and sold it.",36,36,36
CyrusOne/Cyrusone_Hearing_12032025.mp3,1185,6342.041,6354.85,12.809000000000196,SPEAKER_37,"In 1987, the private equity firm KKR was able to use various financial strategies to reap almost the entire proceeds from the sale for itself and its investors.",28,28,28
CyrusOne/Cyrusone_Hearing_12032025.mp3,1186,6356.077,6357.699,1.6219999999993888,SPEAKER_37,These centers are about profit.,5,5,5
CyrusOne/Cyrusone_Hearing_12032025.mp3,1187,6357.919,6366.248,8.328999999999724,SPEAKER_37,"They do not care about the health and peace of the community, nor citizens being trapped into paying escalating utility bills on a limited income.",25,25,25
CyrusOne/Cyrusone_Hearing_12032025.mp3,1188,6366.669,6372.155,5.485999999999876,SPEAKER_37,It's up to us to speak up and stand up to protect our land and peace of mind and our quality of life.,23,23,23
CyrusOne/Cyrusone_Hearing_12032025.mp3,1189,6384.416,6386.156,1.7399999999997817,SPEAKER_35,I WANT TO REITERATE WHAT ANN JUST SAID.,8,8,8
CyrusOne/Cyrusone_Hearing_12032025.mp3,1190,6386.216,6388.917,2.701000000000022,SPEAKER_35,SO CYRUS 1 HAS ONE TASK AND THAT'S TO MAKE MONEY.,11,11,11
CyrusOne/Cyrusone_Hearing_12032025.mp3,1191,6390.157,6402.92,12.76299999999992,SPEAKER_35,"ECONOMIC DEVELOPMENT IS THE RESPONSIBILITY OF OUR COUNTY BOARD AND THEY HAVE AN OBLIGATION TO ENSURE THAT THAT ECONOMIC DEVELOPMENT THAT THEY'RE PROMOTING DOESN'T DEVALUE PROPERTY, DOESN'T HARM RESIDENTS HEALTH OR IMPAIR THEIR QUALITY OF LIFE.",36,36,36
CyrusOne/Cyrusone_Hearing_12032025.mp3,1192,6403.8,6407.721,3.920999999999367,SPEAKER_35,SO THE BOARD CAN SLOW THIS DOWN AND MAKE SURE THAT RISKS ARE ADDRESSED.,14,14,14
CyrusOne/Cyrusone_Hearing_12032025.mp3,1193,6408.001,6413.542,5.541000000000167,SPEAKER_35,WHAT WE'RE ASKING IS THAT THE COUNTY BOARD PUBLICLY STATE THAT THEY'RE RECONSIDERING THE JULY ZONING CHANGE THAT WAS MADE.,20,20,20
CyrusOne/Cyrusone_Hearing_12032025.mp3,1194,6414.065,6417.668,3.6030000000000655,SPEAKER_35,And then we want Cyrus 1 to be given formal notice of these proposed changes.,15,15,15
CyrusOne/Cyrusone_Hearing_12032025.mp3,1195,6418.909,6426.436,7.527000000000044,SPEAKER_35,"The zoning ordinance should then be amended because when developers see how few protections we have in place in Sangamon County, other developers will follow.",25,25,25
CyrusOne/Cyrusone_Hearing_12032025.mp3,1196,6427.096,6433.041,5.9450000000006185,SPEAKER_35,It's already been mentioned that there are five other data centers waiting to see what happens with this Cyrus 1 permit.,21,21,21
CyrusOne/Cyrusone_Hearing_12032025.mp3,1197,6434.462,6437.225,2.76299999999992,SPEAKER_35,So we're happy to hear that the board is extending the timeline.,12,12,12
CyrusOne/Cyrusone_Hearing_12032025.mp3,1198,6438.045,6441.328,3.2830000000003565,SPEAKER_35,We want to encourage the board to continue to take input from the public on this.,16,16,16
CyrusOne/Cyrusone_Hearing_12032025.mp3,1199,6442.814,6455.885,13.070999999999913,SPEAKER_35,"This is partly about jobs, but as mentioned, it's about creating the construction jobs, it's about the permanent jobs, but it's also about the jobs that AI will take away from our families, from our friends, from our neighbors.",39,39,39
CyrusOne/Cyrusone_Hearing_12032025.mp3,1200,6457.946,6462.93,4.984000000000378,SPEAKER_35,"So to close, what we want to ask the public is that you speak out about this.",17,17,17
CyrusOne/Cyrusone_Hearing_12032025.mp3,1201,6463.511,6471.297,7.785999999999149,SPEAKER_35,"Local opposition to data centers is growing daily across the country, and our input to the county board members has an impact.",22,22,22
CyrusOne/Cyrusone_Hearing_12032025.mp3,1202,6471.836,6478.481,6.644999999999527,SPEAKER_35,Your help is needed in expressing this opposition so our board members understand the depth of opposition to this project.,20,20,20
CyrusOne/Cyrusone_Hearing_12032025.mp3,1203,6479.242,6485.086,5.844000000000051,SPEAKER_35,"The massive explosion of data centers needs to slow down, and we can slow it down or stop it here with your voice.",23,23,23
CyrusOne/Cyrusone_Hearing_12032025.mp3,1204,6485.707,6487.548,1.8409999999994398,SPEAKER_35,So we have county board meetings coming up.,8,8,8
CyrusOne/Cyrusone_Hearing_12032025.mp3,1205,6487.568,6489.85,2.282000000000153,SPEAKER_35,We have zoning meetings coming up.,6,6,6
CyrusOne/Cyrusone_Hearing_12032025.mp3,1206,6489.93,6495.094,5.16399999999976,SPEAKER_35,"We need people to attend these meetings, call your county board members, sign petitions, and speak up.",17,17,17
CyrusOne/Cyrusone_Hearing_12032025.mp3,1207,6495.695,6495.975,0.28000000000065484,SPEAKER_35,Thank you.,2,2,2
CyrusOne/Cyrusone_Hearing_12032025.mp3,1208,6504.482,6506.663,2.1809999999995853,SPEAKER_25,And that was exactly almost 30 minutes.,7,7,7
CyrusOne/Cyrusone_Hearing_12032025.mp3,1209,6506.703,6507.243,0.5399999999999636,SPEAKER_25,Good job.,2,2,2
CyrusOne/Cyrusone_Hearing_12032025.mp3,1210,6508.144,6527.013,18.868999999999687,SPEAKER_25,"So, okay, so going back now to the next period of this time where we had the Coalition for Springfield's Utility Future presentation, now we have 30 minutes with the Sangamon County Board members, if needed, for asking questions of them, okay?",42,42,42
CyrusOne/Cyrusone_Hearing_12032025.mp3,1211,6527.333,6529.714,2.381000000000313,SPEAKER_25,The same thing applies to the county board members.,9,9,9
CyrusOne/Cyrusone_Hearing_12032025.mp3,1212,6529.894,6533.236,3.3419999999996435,SPEAKER_25,You have your two times up to five minutes.,9,9,9
CyrusOne/Cyrusone_Hearing_12032025.mp3,1213,6533.72,6553.875,20.154999999999745,SPEAKER_25,out of respect for all twenty nine members that may or may not ask questions almost art mccauley craig hall where you left off rather wait okay next board member for questions there is small razor razor and uh...,39,39,39
CyrusOne/Cyrusone_Hearing_12032025.mp3,1214,6560.628,6575.759,15.131000000000313,SPEAKER_04,"I've been receiving a lot of letters from businesses, and they've been using Cyrus One's form letter to the T, except the only difference is the letterhead and the signature at the bottom.",33,33,33
CyrusOne/Cyrusone_Hearing_12032025.mp3,1215,6576.099,6584.445,8.345999999999549,SPEAKER_04,"However, CWLP, they're in agreeance for this, but they said they will not be selling energy or water to the center.",21,21,21
CyrusOne/Cyrusone_Hearing_12032025.mp3,1216,6585.365,6587.427,2.061999999999898,SPEAKER_04,"So my thing is,",4,4,4
CyrusOne/Cyrusone_Hearing_12032025.mp3,1217,6589.257,6617.835,28.57800000000043,SPEAKER_04,and amaran just put in their raising their rates who gonna be paying for this and who gonna be getting bills then on page nine of y'all's data center impact analysis you're saying that y'all gonna be um going through the recc and y'all's power marketer net era to um secure power and the prices and again i say who's gonna pay for this not only to mention the energy bill,71,71,71
CyrusOne/Cyrusone_Hearing_12032025.mp3,1218,6618.509,6626.791,8.282000000000153,SPEAKER_04,"that was just passed gives ICC the power to regulate rates, what type of power, and what we procure.",19,19,19
CyrusOne/Cyrusone_Hearing_12032025.mp3,1219,6627.411,6628.491,1.0799999999999272,SPEAKER_04,Who's going to pay for this?,6,6,6
CyrusOne/Cyrusone_Hearing_12032025.mp3,1220,6628.571,6641.454,12.88299999999981,SPEAKER_04,"If it ain't going to be CWLP, is it all going to come from Ammon, or are we going to have other companies coming and sending us a bill to individuals, to the customers?",34,34,34
CyrusOne/Cyrusone_Hearing_12032025.mp3,1221,6641.654,6642.174,0.5199999999995271,SPEAKER_25,Understood.,1,1,1
CyrusOne/Cyrusone_Hearing_12032025.mp3,1222,6642.654,6645.955,3.300999999999476,SPEAKER_25,"The question in this time period, Vera, is to...",9,9,9
CyrusOne/Cyrusone_Hearing_12032025.mp3,1223,6647.049,6649.309,2.2600000000002183,SPEAKER_25,the Coalition for Springfield Utility Futures.,6,6,6
CyrusOne/Cyrusone_Hearing_12032025.mp3,1224,6649.73,6652.35,2.6200000000008004,SPEAKER_25,So they're answering all the questions on this right here.,10,10,10
CyrusOne/Cyrusone_Hearing_12032025.mp3,1225,6652.43,6652.75,0.31999999999970896,SPEAKER_04,Okay.,1,1,1
CyrusOne/Cyrusone_Hearing_12032025.mp3,1226,6652.77,6654.11,1.339999999999236,SPEAKER_04,So my question ain't to them then.,7,7,7
CyrusOne/Cyrusone_Hearing_12032025.mp3,1227,6654.39,6658.571,4.180999999999585,SPEAKER_25,"You'll still have time at the end to ask that very same question, Vera.",14,14,14
CyrusOne/Cyrusone_Hearing_12032025.mp3,1228,6659.432,6659.872,0.4400000000005093,SPEAKER_04,Okay.,1,1,1
CyrusOne/Cyrusone_Hearing_12032025.mp3,1229,6660.232,6661.892,1.6599999999998545,SPEAKER_04,"Well, then I got another question.",6,6,6
CyrusOne/Cyrusone_Hearing_12032025.mp3,1230,6662.052,6663.712,1.660000000000764,SPEAKER_25,"No, just, okay.",3,3,3
CyrusOne/Cyrusone_Hearing_12032025.mp3,1231,6663.932,6665.113,1.1810000000004948,SPEAKER_25,"Are you done, Vera, for now?",6,6,6
CyrusOne/Cyrusone_Hearing_12032025.mp3,1232,6665.433,6666.133,0.6999999999998181,SPEAKER_04,"Yeah, for now.",3,3,3
CyrusOne/Cyrusone_Hearing_12032025.mp3,1233,6666.153,6666.893,0.7399999999997817,SPEAKER_25,Okay.,1,1,1
CyrusOne/Cyrusone_Hearing_12032025.mp3,1234,6667.313,6669.334,2.020999999999731,SPEAKER_25,Reggie Guyton to answer your question.,6,6,6
CyrusOne/Cyrusone_Hearing_12032025.mp3,1235,6669.754,6673.494,3.7399999999997817,SPEAKER_25,"At the very end here, we're going to have another whole setup.",12,12,12
CyrusOne/Cyrusone_Hearing_12032025.mp3,1236,6673.774,6676.535,2.7609999999995125,SPEAKER_25,This third setup will be exactly like the first two.,10,10,10
CyrusOne/Cyrusone_Hearing_12032025.mp3,1237,6677.036,6684.438,7.402000000000044,SPEAKER_25,"and that'll be county presentations from our professionals from the county, okay?",12,12,12
CyrusOne/Cyrusone_Hearing_12032025.mp3,1238,6684.798,6687.899,3.1010000000005675,SPEAKER_25,And then the same amount of time for the board members to ask questions.,14,14,14
CyrusOne/Cyrusone_Hearing_12032025.mp3,1239,6688.479,6695.601,7.121999999999389,SPEAKER_25,"Now, at the very end after that, we have another session with the public.",14,14,14
CyrusOne/Cyrusone_Hearing_12032025.mp3,1240,6696.101,6704.824,8.722999999999956,SPEAKER_25,"Each member of the public's gonna speak for three minutes, and then after that, all comments are made from the public to the chair, to this table,",27,27,27
CyrusOne/Cyrusone_Hearing_12032025.mp3,1241,6705.883,6731.875,25.99200000000019,SPEAKER_25,and uh... the rules for the board members during the public comment you may ask clarifying questions of the professional county staff cyrus one or sprinkled utilities futures presenters when necessary to correct a factual record or gain technical understanding relevant to the public comment period okay so so it's you know you don't in public comment,57,57,57
CyrusOne/Cyrusone_Hearing_12032025.mp3,1242,6732.217,6738.442,6.225000000000364,SPEAKER_25,"Typically, in any organization or group, you don't have interaction from that point of the period.",16,16,16
CyrusOne/Cyrusone_Hearing_12032025.mp3,1243,6738.962,6743.746,4.783999999999651,SPEAKER_25,"But for clarification, board members will have up to four total clarifying questions.",13,13,13
CyrusOne/Cyrusone_Hearing_12032025.mp3,1244,6744.006,6746.047,2.040999999999258,SPEAKER_25,I think mirrors will fall in that category.,8,8,8
CyrusOne/Cyrusone_Hearing_12032025.mp3,1245,6746.688,6746.968,0.27999999999974534,SPEAKER_25,Okay?,1,1,1
CyrusOne/Cyrusone_Hearing_12032025.mp3,1246,6747.448,6749.19,1.7419999999992797,SPEAKER_25,So would you like to ask a question now?,9,9,9
CyrusOne/Cyrusone_Hearing_12032025.mp3,1247,6749.23,6749.29,0.06000000000040018,SPEAKER_25,No.,1,1,1
CyrusOne/Cyrusone_Hearing_12032025.mp3,1248,6749.33,6749.43,0.1000000000003638,SPEAKER_25,Okay.,1,1,1
CyrusOne/Cyrusone_Hearing_12032025.mp3,1249,6750.11,6756.495,6.385000000000218,SPEAKER_45,My concern is that I would be able to ask a question that didn't get asked.,16,16,16
CyrusOne/Cyrusone_Hearing_12032025.mp3,1250,6756.715,6757.636,0.9210000000002765,SPEAKER_25,That time period.,3,3,3
CyrusOne/Cyrusone_Hearing_12032025.mp3,1251,6758.056,6758.396,0.3400000000001455,SPEAKER_25,"Yes, sir.",2,2,2
CyrusOne/Cyrusone_Hearing_12032025.mp3,1252,6759.337,6759.597,0.2599999999993088,SPEAKER_25,Okay.,1,1,1
CyrusOne/Cyrusone_Hearing_12032025.mp3,1253,6759.617,6760.398,0.7809999999999491,SPEAKER_25,Nothing else for now?,4,4,4
CyrusOne/Cyrusone_Hearing_12032025.mp3,1254,6761.399,6761.739,0.339999999999236,SPEAKER_25,Okay.,1,1,1
CyrusOne/Cyrusone_Hearing_12032025.mp3,1255,6762.22,6765.162,2.9420000000000073,SPEAKER_25,"So that being said, is there another board member now?",10,10,10
CyrusOne/Cyrusone_Hearing_12032025.mp3,1256,6765.723,6766.283,0.5600000000004002,SPEAKER_25,Sam Kahneman.,2,2,2
CyrusOne/Cyrusone_Hearing_12032025.mp3,1257,6766.303,6768.305,2.0020000000004075,SPEAKER_25,Thank you.,2,2,1
CyrusOne/Cyrusone_Hearing_12032025.mp3,1258,6768.325,6774.129,5.804000000000087,SPEAKER_09,"The first person from the coalition that spoke, I can't, what is your name?",14,14,13
CyrusOne/Cyrusone_Hearing_12032025.mp3,1259,6774.229,6775.19,0.9609999999993306,SPEAKER_25,"Raise your hand, Sam.",4,4,4
CyrusOne/Cyrusone_Hearing_12032025.mp3,1260,6775.23,6776.831,1.6010000000005675,SPEAKER_35,Lori McKiernan.,2,2,2
CyrusOne/Cyrusone_Hearing_12032025.mp3,1261,6776.931,6778.813,1.8820000000005166,SPEAKER_35,Or the guy.,3,3,3
CyrusOne/Cyrusone_Hearing_12032025.mp3,1262,6778.913,6781.535,2.6220000000002983,SPEAKER_06,Do you mean me or Lori?,6,6,6
CyrusOne/Cyrusone_Hearing_12032025.mp3,1263,6781.555,6784.097,2.5419999999994616,SPEAKER_09,Your name is what?,4,4,4
CyrusOne/Cyrusone_Hearing_12032025.mp3,1264,6784.117,6785.498,1.3809999999994034,SPEAKER_09,My name is Lori McKiernan.,5,5,5
CyrusOne/Cyrusone_Hearing_12032025.mp3,1265,6786.138,6786.959,0.8209999999999127,SPEAKER_09,"Maureen, okay.",2,2,2
CyrusOne/Cyrusone_Hearing_12032025.mp3,1266,6786.999,6791.062,4.063000000000102,SPEAKER_09,Thank you for coming tonight and addressing this public meeting.,10,10,10
CyrusOne/Cyrusone_Hearing_12032025.mp3,1267,6791.617,6807.277,15.659999999999854,SPEAKER_09,"I THINK YOU SAID WHEN YOU SPOKE THE SECOND TIME THAT YOU URGED THE COUNTY BOARD TO ADOPT AMENDMENTS TO OUR ZONING CODE, BUT I DIDN'T HEAR WHAT AMENDMENTS ARE YOU URGING, WHAT IS THE SUBSTANCE OR WHAT AMENDMENTS ARE YOU ASKING THAT WE SHOULD ADOPT?",46,46,46
CyrusOne/Cyrusone_Hearing_12032025.mp3,1268,6808.038,6809.861,1.8230000000003201,SPEAKER_09,DO YOU HAVE THAT IN WRITING?,6,6,6
CyrusOne/Cyrusone_Hearing_12032025.mp3,1269,6810.622,6840.213,29.59099999999944,SPEAKER_35,give us a summary right now we've gotten from fire at one so a lot of it has been here say it's been promises on the website so effort to the public input continuing on that would be good weekend we can definitely build some information and share it with you but we can tell we heard more about what the project was we don't didn't have that well i'd urge you if you want to get if you want us to adapt any amendments let us know what specifically you amendment you want to do so we can consider that,101,101,101
CyrusOne/Cyrusone_Hearing_12032025.mp3,1270,6840.592,6841.793,1.2010000000000218,SPEAKER_09,"Yes, we can definitely do that.",6,6,6
CyrusOne/Cyrusone_Hearing_12032025.mp3,1271,6842.573,6848.637,6.063999999999396,SPEAKER_09,I do have another question for Mr. Hirschfeld from Prairie Rivers.,11,11,11
CyrusOne/Cyrusone_Hearing_12032025.mp3,1272,6849.117,6849.657,0.5399999999999636,SPEAKER_09,"Yes, sir.",2,2,2
CyrusOne/Cyrusone_Hearing_12032025.mp3,1273,6850.758,6851.739,0.9809999999997672,SPEAKER_09,Did I get your name correct?,6,6,6
CyrusOne/Cyrusone_Hearing_12032025.mp3,1274,6851.779,6852.499,0.7199999999993452,SPEAKER_09,"Yes, that's correct.",3,3,3
CyrusOne/Cyrusone_Hearing_12032025.mp3,1275,6852.959,6862.285,9.326000000000022,SPEAKER_09,"So you made a good point about, you know, do we want all this AI and, you know, it seems to me though that, you know, whether we want it or not, it's coming.",34,34,34
CyrusOne/Cyrusone_Hearing_12032025.mp3,1276,6863.045,6869.329,6.283999999999651,SPEAKER_09,"And these data centers, I mean, if we, my understanding that the data center can be a server,",18,18,18
CyrusOne/Cyrusone_Hearing_12032025.mp3,1277,6869.863,6895.915,26.05199999999968,SPEAKER_09,you for a company anywhere in the world that doesn't necessarily have to be is that correct uh... to the so i mean uh... so if we don't build a server here uh... i mean if we don't build cyrus one here uh... this data center don't we believe that they're gonna find some other location just build it somewhere else so,62,62,62
CyrusOne/Cyrusone_Hearing_12032025.mp3,1278,6896.511,6897.811,1.2999999999992724,SPEAKER_09,"I mean, what is the point?",6,6,6
CyrusOne/Cyrusone_Hearing_12032025.mp3,1279,6900.192,6902.032,1.8400000000001455,SPEAKER_09,"So anyways, if you could address that.",7,7,7
CyrusOne/Cyrusone_Hearing_12032025.mp3,1280,6903.472,6905.273,1.8010000000003856,SPEAKER_06,"Yeah, I mean, I agree that it's a race to the bottom.",12,12,12
CyrusOne/Cyrusone_Hearing_12032025.mp3,1281,6906.133,6923.016,16.88299999999981,SPEAKER_06,"Yeah, I am posing a question about what we want, and I suggest that we attempt to have some agency over our future rather than completely surrendering it.",28,28,28
CyrusOne/Cyrusone_Hearing_12032025.mp3,1282,6929.248,6936.33,7.082000000000335,SPEAKER_06,"Yeah, you know, I mean, people make claims of national security and, you know, it's the new Sputnik and we've got to beat China, et cetera, et cetera.",28,28,28
CyrusOne/Cyrusone_Hearing_12032025.mp3,1283,6936.37,6943.532,7.162000000000262,SPEAKER_06,But I think just the question for us in front of us is what do we want for our community?,20,20,20
CyrusOne/Cyrusone_Hearing_12032025.mp3,1284,6943.952,6944.952,1.0,SPEAKER_06,Is this good for us?,5,5,5
CyrusOne/Cyrusone_Hearing_12032025.mp3,1285,6945.393,6946.353,0.9600000000000364,SPEAKER_06,Is this what we want?,5,5,5
CyrusOne/Cyrusone_Hearing_12032025.mp3,1286,6947.193,6953.735,6.541999999999462,SPEAKER_06,It's not really my responsibility to tell China what to do or Indiana what to do.,16,16,16
CyrusOne/Cyrusone_Hearing_12032025.mp3,1287,6953.755,6956.596,2.8409999999994398,SPEAKER_06,"Yeah, it's possible a data center could go somewhere else.",10,10,10
CyrusOne/Cyrusone_Hearing_12032025.mp3,1288,6959.386,6964.248,4.8619999999991705,SPEAKER_35,"I'd like to add to that, and that was our point on the slides about the public opposition.",18,18,18
CyrusOne/Cyrusone_Hearing_12032025.mp3,1289,6964.368,6971.931,7.562999999999192,SPEAKER_35,So there is so much opposition building in the country that we feel like it won't necessarily go to the next county or the next state.,26,26,26
CyrusOne/Cyrusone_Hearing_12032025.mp3,1290,6971.951,6980.534,8.582999999999629,SPEAKER_35,"There are people in every state that are fighting these things, and it's not a given that it will go somewhere else.",22,22,22
CyrusOne/Cyrusone_Hearing_12032025.mp3,1291,6981.875,6982.875,1.0,SPEAKER_09,Thank you for that point.,5,5,5
CyrusOne/Cyrusone_Hearing_12032025.mp3,1292,6985.156,6985.796,0.6400000000003274,SPEAKER_09,"You good, Sam?",3,3,3
CyrusOne/Cyrusone_Hearing_12032025.mp3,1293,6986.016,6986.977,0.9610000000002401,SPEAKER_09,I'm good for right now.,5,5,5
CyrusOne/Cyrusone_Hearing_12032025.mp3,1294,6987.097,6987.557,0.4600000000000364,SPEAKER_25,"Okay, sir.",2,2,2
CyrusOne/Cyrusone_Hearing_12032025.mp3,1295,6988.696,6989.096,0.3999999999996362,SPEAKER_25,All right.,2,2,2
CyrusOne/Cyrusone_Hearing_12032025.mp3,1296,6989.697,6991.698,2.0010000000002037,SPEAKER_25,So Mark Ayers?,3,3,3
CyrusOne/Cyrusone_Hearing_12032025.mp3,1297,6994.759,6995.32,0.5609999999996944,SPEAKER_34,"Yeah, there we go.",4,4,4
CyrusOne/Cyrusone_Hearing_12032025.mp3,1298,6995.36,6995.76,0.4000000000005457,SPEAKER_34,Thank you.,2,2,2
CyrusOne/Cyrusone_Hearing_12032025.mp3,1299,6996.16,6998.021,1.8609999999998763,SPEAKER_34,"Thank you, Lori, Ann, and Robert.",6,6,6
CyrusOne/Cyrusone_Hearing_12032025.mp3,1300,6998.081,6999.902,1.8209999999999127,SPEAKER_34,And that's going to be a follow-up to that question.,10,10,10
CyrusOne/Cyrusone_Hearing_12032025.mp3,1301,7000.842,7005.225,4.38300000000072,SPEAKER_34,"Robert, I think you were the one that mentioned Aurora, Naperville.",11,11,11
CyrusOne/Cyrusone_Hearing_12032025.mp3,1302,7005.245,7009.187,3.9420000000000073,SPEAKER_34,There were some other jurisdictions that had stronger zoning requirements.,10,10,10
CyrusOne/Cyrusone_Hearing_12032025.mp3,1303,7009.287,7013.769,4.481999999999971,SPEAKER_34,Can you elaborate what they have in place that we don't?,11,11,11
CyrusOne/Cyrusone_Hearing_12032025.mp3,1304,7014.129,7014.69,0.5609999999996944,SPEAKER_06,"You know, I don't.",4,4,4
CyrusOne/Cyrusone_Hearing_12032025.mp3,1305,7014.93,7015.23,0.2999999999992724,SPEAKER_06,Do you?,2,2,2
CyrusOne/Cyrusone_Hearing_12032025.mp3,1306,7016.668,7018.149,1.4810000000006767,SPEAKER_35,I CAN SORT OF ANSWER THAT.,6,6,6
CyrusOne/Cyrusone_Hearing_12032025.mp3,1307,7018.209,7020.911,2.7020000000002256,SPEAKER_35,SO IT'S PARTLY BECAUSE OF THE MUNI COOP ISSUE.,9,9,9
CyrusOne/Cyrusone_Hearing_12032025.mp3,1308,7021.011,7024.354,3.342999999999847,SPEAKER_35,SO AMRON HAS TO SERVE THEIR CUSTOMERS.,7,7,7
CyrusOne/Cyrusone_Hearing_12032025.mp3,1309,7024.434,7030.139,5.704999999999927,SPEAKER_35,BUT MUNICIPAL AND COOP UTILITIES IN ILLINOIS AREN'T GOVERNED THE SAME WAY.,12,12,12
CyrusOne/Cyrusone_Hearing_12032025.mp3,1310,7030.239,7033.822,3.5830000000005384,SPEAKER_35,SO THE MUNIS AND COOPS CAN NEGOTIATE SOME OF THESE DEALS.,11,11,11
CyrusOne/Cyrusone_Hearing_12032025.mp3,1311,7033.922,7040.447,6.525000000000546,SPEAKER_35,"SO IN VITAVIA, THEY ARE REQUIRING THEIR DATA CENTER TO BUY ALL OF THEIR POWER FROM PJM.",17,17,17
CyrusOne/Cyrusone_Hearing_12032025.mp3,1312,7041.047,7044.41,3.3630000000002838,SPEAKER_35,"SO THE LOCAL UTILITY, MUNICIPAL UTILITY WILL BE THE DELIVERY",10,10,10
CyrusOne/Cyrusone_Hearing_12032025.mp3,1313,7045.063,7051.905,6.8419999999996435,SPEAKER_35,BUT THEY ARE NOT USING THE LOCAL MUNICIPALITY UTILITIES ENERGY SOURCE.,11,11,11
CyrusOne/Cyrusone_Hearing_12032025.mp3,1314,7051.945,7059.447,7.5020000000004075,SPEAKER_35,NAPERVILLE IS SETTING REQUIREMENTS ON THE TIER STANDARD ON THE GENERATORS SO THEY HAVE BETTER FILTERS ON THEM.,18,18,18
CyrusOne/Cyrusone_Hearing_12032025.mp3,1315,7059.527,7062.648,3.1210000000000946,SPEAKER_35,SO A LOT OF THAT CAN BE NEGOTIATED BY MUNIS AND CO-OPS.,12,12,12
CyrusOne/Cyrusone_Hearing_12032025.mp3,1316,7062.868,7063.208,0.339999999999236,SPEAKER_34,THANK YOU.,2,2,2
CyrusOne/Cyrusone_Hearing_12032025.mp3,1317,7067.329,7067.849,0.5200000000004366,SPEAKER_25,IS THAT MARK?,3,3,3
CyrusOne/Cyrusone_Hearing_12032025.mp3,1318,7068.35,7068.63,0.27999999999974534,SPEAKER_25,OKAY.,1,1,1
CyrusOne/Cyrusone_Hearing_12032025.mp3,1319,7068.67,7069.11,0.4399999999995998,SPEAKER_25,"THANK YOU, SIR.",3,3,3
CyrusOne/Cyrusone_Hearing_12032025.mp3,1320,7070.47,7073.411,2.9409999999998035,SPEAKER_25,ANY OTHER BOARD MEMBERS RIGHT NOW THAT WANT TO ASK A QUESTION?,12,12,12
CyrusOne/Cyrusone_Hearing_12032025.mp3,1321,7076.748,7081.611,4.863000000000284,SPEAKER_25,"You can, Sam, because, again, it's the second time, and how much time has he got left?",17,17,17
CyrusOne/Cyrusone_Hearing_12032025.mp3,1322,7081.631,7085.234,3.6030000000000655,SPEAKER_16,1 minute 30.,3,3,3
CyrusOne/Cyrusone_Hearing_12032025.mp3,1323,7085.254,7085.774,0.5200000000004366,SPEAKER_09,1 minute 30.,3,3,3
CyrusOne/Cyrusone_Hearing_12032025.mp3,1324,7085.794,7085.914,0.11999999999989086,SPEAKER_09,Yeah.,1,1,1
CyrusOne/Cyrusone_Hearing_12032025.mp3,1325,7085.954,7096.141,10.186999999999898,SPEAKER_09,"I'm asking, what other local governments besides Naperville have enacted ordinances or laws to regulate data centers?",17,17,17
CyrusOne/Cyrusone_Hearing_12032025.mp3,1326,7098.202,7098.963,0.7609999999995125,SPEAKER_37,I can answer that.,4,4,4
CyrusOne/Cyrusone_Hearing_12032025.mp3,1327,7100.199,7108.405,8.206000000000131,SPEAKER_37,Santa Clara insisted on the data center supplying their own energy and it had to be 100% renewable.,18,18,18
CyrusOne/Cyrusone_Hearing_12032025.mp3,1328,7109.806,7111.387,1.581000000000131,SPEAKER_09,"Okay, Santa Clara, California?",4,4,4
CyrusOne/Cyrusone_Hearing_12032025.mp3,1329,7111.407,7112.768,1.3609999999998763,SPEAKER_09,Yeah.,1,1,1
CyrusOne/Cyrusone_Hearing_12032025.mp3,1330,7113.028,7114.229,1.2010000000000218,SPEAKER_09,Any others that you're aware of?,6,6,6
CyrusOne/Cyrusone_Hearing_12032025.mp3,1331,7116.37,7116.59,0.22000000000025466,SPEAKER_37,What?,1,1,1
CyrusOne/Cyrusone_Hearing_12032025.mp3,1332,7116.89,7122.394,5.503999999999905,SPEAKER_09,Any other localities that you're aware of that have passed such regulations?,12,12,12
CyrusOne/Cyrusone_Hearing_12032025.mp3,1333,7122.514,7126.657,4.143000000000029,SPEAKER_37,I think that Virginia and Pennsylvania are looking hard at a lot of,13,13,13
CyrusOne/Cyrusone_Hearing_12032025.mp3,1334,7127.672,7130.834,3.162000000000262,SPEAKER_37,"of regulations, but they have a hard time coming to agreement on it.",13,13,13
CyrusOne/Cyrusone_Hearing_12032025.mp3,1335,7131.414,7137.478,6.064000000000306,SPEAKER_37,But they're scrambling on trying to deal with all that because they got really hit hard with the data centers.,20,20,20
CyrusOne/Cyrusone_Hearing_12032025.mp3,1336,7138.418,7146.923,8.50500000000011,SPEAKER_09,And isn't there some talk about a bill being introduced in the Illinois General Assembly to regulate data centers?,19,19,19
CyrusOne/Cyrusone_Hearing_12032025.mp3,1337,7146.963,7147.303,0.3400000000001455,SPEAKER_09,Yes.,1,1,1
CyrusOne/Cyrusone_Hearing_12032025.mp3,1338,7147.323,7148.264,0.9409999999998035,SPEAKER_09,What's the status of that?,5,5,5
CyrusOne/Cyrusone_Hearing_12032025.mp3,1339,7149.284,7153.867,4.583000000000538,SPEAKER_37,"They're hoping in spring to put that in, and I'm pretty sure it's renewable energy, right?",16,16,16
CyrusOne/Cyrusone_Hearing_12032025.mp3,1340,7155.088,7155.728,0.6400000000003274,SPEAKER_37,Clean energy.,2,2,2
CyrusOne/Cyrusone_Hearing_12032025.mp3,1341,7156.289,7158.611,2.3220000000001164,SPEAKER_09,You know who the legislators behind that are?,8,8,8
CyrusOne/Cyrusone_Hearing_12032025.mp3,1342,7159.071,7159.411,0.3400000000001455,SPEAKER_09,Go ahead.,2,2,2
CyrusOne/Cyrusone_Hearing_12032025.mp3,1343,7161.152,7162.053,0.9009999999998399,SPEAKER_06,It hasn't gotten that far.,5,5,5
CyrusOne/Cyrusone_Hearing_12032025.mp3,1344,7162.093,7165.315,3.2219999999997526,SPEAKER_06,There's an energy component and a water component.,8,8,8
CyrusOne/Cyrusone_Hearing_12032025.mp3,1345,7166.776,7178.884,12.108000000000175,SPEAKER_06,"That said, from what I've seen thus far, I wouldn't necessarily be looking that to be particularly strong in terms of regulatory teeth.",23,23,23
CyrusOne/Cyrusone_Hearing_12032025.mp3,1346,7179.805,7180.005,0.1999999999998181,SPEAKER_06,Yeah.,1,1,1
CyrusOne/Cyrusone_Hearing_12032025.mp3,1347,7181.085,7182.026,0.9409999999998035,SPEAKER_09,Thanks.,1,1,1
CyrusOne/Cyrusone_Hearing_12032025.mp3,1348,7182.066,7182.386,0.32000000000061846,SPEAKER_09,Shocker.,1,1,1
CyrusOne/Cyrusone_Hearing_12032025.mp3,1349,7182.526,7182.827,0.3010000000003856,SPEAKER_09,Okay.,1,1,1
CyrusOne/Cyrusone_Hearing_12032025.mp3,1350,7182.847,7183.227,0.38000000000010914,SPEAKER_25,Okay.,1,1,1
CyrusOne/Cyrusone_Hearing_12032025.mp3,1351,7184.521,7186.623,2.1019999999998618,SPEAKER_25,So your time is up.,5,5,5
CyrusOne/Cyrusone_Hearing_12032025.mp3,1352,7186.723,7192.587,5.8640000000004875,SPEAKER_25,"Sam, if you have anything else that you need, work with one of your colleagues and have them.",18,18,18
CyrusOne/Cyrusone_Hearing_12032025.mp3,1353,7195.009,7195.349,0.3400000000001455,SPEAKER_25,Got it.,2,2,2
CyrusOne/Cyrusone_Hearing_12032025.mp3,1354,7196.31,7196.93,0.6199999999998909,SPEAKER_25,"Okay, Jeff.",2,2,2
CyrusOne/Cyrusone_Hearing_12032025.mp3,1355,7199.973,7200.453,0.48000000000047294,SPEAKER_25,"Yes, sir.",2,2,2
CyrusOne/Cyrusone_Hearing_12032025.mp3,1356,7200.693,7201.434,0.7409999999999854,SPEAKER_25,"Right, now this time.",4,4,4
CyrusOne/Cyrusone_Hearing_12032025.mp3,1357,7201.454,7204.056,2.6019999999998618,SPEAKER_17,Okay.,1,1,1
CyrusOne/Cyrusone_Hearing_12032025.mp3,1358,7204.536,7205.216,0.680000000000291,SPEAKER_17,Hold on a second.,4,4,4
CyrusOne/Cyrusone_Hearing_12032025.mp3,1359,7205.617,7206.898,1.280999999999949,SPEAKER_25,"Jeff Thomas, raise your hand.",5,5,5
CyrusOne/Cyrusone_Hearing_12032025.mp3,1360,7209.9,7210.821,0.9210000000002765,SPEAKER_30,Appreciate you guys.,3,3,3
CyrusOne/Cyrusone_Hearing_12032025.mp3,1361,7210.841,7212.622,1.780999999999949,SPEAKER_30,Appreciate everybody coming up here and talking.,7,7,7
CyrusOne/Cyrusone_Hearing_12032025.mp3,1362,7213.259,7239.958,26.698999999999614,SPEAKER_30,all your points valid you're talking about how we would renewable energy to do a data center how would we do that would we take four thousand more acres out of production to build a i'm just saying we're talking about dirt i didn't see this type of reaction for the four thousand acres of solar farms that concerns me one thing my next question sorry,66,66,66
CyrusOne/Cyrusone_Hearing_12032025.mp3,1363,7240.951,7244.152,3.201000000000022,SPEAKER_30,"My next question is, I grew up in Pawnee, coal mining town.",12,12,12
CyrusOne/Cyrusone_Hearing_12032025.mp3,1364,7244.712,7252.215,7.502999999999702,SPEAKER_30,"I've watched that go completely downhill, gone all my friends and families, devastated from the loss of coal mine.",19,19,19
CyrusOne/Cyrusone_Hearing_12032025.mp3,1365,7252.615,7255.837,3.222000000000662,SPEAKER_30,Same with Farmersville and other surrounding areas.,7,7,7
CyrusOne/Cyrusone_Hearing_12032025.mp3,1366,7256.457,7258.598,2.1409999999996217,SPEAKER_30,So what do we do?,5,5,5
CyrusOne/Cyrusone_Hearing_12032025.mp3,1367,7258.818,7264.66,5.8419999999996435,SPEAKER_30,"How do we put this energy back onto the grid cleanly, effectively to appease everybody here?",16,16,16
CyrusOne/Cyrusone_Hearing_12032025.mp3,1368,7265.16,7266.861,1.7010000000000218,SPEAKER_30,Because it's concerning to me.,5,5,5
CyrusOne/Cyrusone_Hearing_12032025.mp3,1369,7267.261,7269.542,2.280999999999949,SPEAKER_30,I know they're talking about a natural gas power plant.,10,10,10
CyrusOne/Cyrusone_Hearing_12032025.mp3,1370,7270.154,7272.755,2.600999999999658,SPEAKER_30,"outside of Pawnee, got kind of clean.",7,7,7
CyrusOne/Cyrusone_Hearing_12032025.mp3,1371,7273.375,7285.98,12.604999999999563,SPEAKER_30,"I don't know how that, I mean, seems like it's better, but to me, it's rough to watch that coal plant go downhill, to watch the families that it tore up, and it's still tearing up, and to see that go away.",42,42,42
CyrusOne/Cyrusone_Hearing_12032025.mp3,1372,7286.04,7287.921,1.8810000000003129,SPEAKER_30,So my concern is that as well.,7,7,7
CyrusOne/Cyrusone_Hearing_12032025.mp3,1373,7288.121,7293.523,5.402000000000044,SPEAKER_30,"Not saying I'm for or against a data center, but 4,000, we're talking about dirt, taking dirt out.",18,18,18
CyrusOne/Cyrusone_Hearing_12032025.mp3,1374,7293.923,7297.504,3.581000000000131,SPEAKER_30,"I didn't see that reaction to taking 4,000 acres out of production.",12,12,12
CyrusOne/Cyrusone_Hearing_12032025.mp3,1375,7297.544,7299.645,2.1010000000005675,SPEAKER_37,But that top still is still in place.,8,8,8
CyrusOne/Cyrusone_Hearing_12032025.mp3,1376,7300.121,7301.302,1.1809999999995853,SPEAKER_30,"It is, but not be informed.",6,6,6
CyrusOne/Cyrusone_Hearing_12032025.mp3,1377,7301.682,7302.563,0.8810000000003129,SPEAKER_37,But it's still there.,4,4,4
CyrusOne/Cyrusone_Hearing_12032025.mp3,1378,7303.043,7305.065,2.0219999999999345,SPEAKER_37,And it won't be there with the data center.,9,9,9
CyrusOne/Cyrusone_Hearing_12032025.mp3,1379,7306.626,7307.207,0.581000000000131,SPEAKER_37,It's gone.,2,2,2
CyrusOne/Cyrusone_Hearing_12032025.mp3,1380,7307.767,7309.048,1.280999999999949,SPEAKER_30,"How is it gone, though?",5,5,5
CyrusOne/Cyrusone_Hearing_12032025.mp3,1381,7309.068,7309.849,0.7809999999999491,SPEAKER_37,They just dig it up.,5,5,5
CyrusOne/Cyrusone_Hearing_12032025.mp3,1382,7311.37,7311.91,0.5399999999999636,SPEAKER_37,It's gone.,2,2,2
CyrusOne/Cyrusone_Hearing_12032025.mp3,1383,7312.931,7313.752,0.8210000000008222,SPEAKER_37,It's a paid service.,4,4,4
CyrusOne/Cyrusone_Hearing_12032025.mp3,1384,7315.873,7319.096,3.2229999999999563,SPEAKER_06,"I mean, this is a much longer conversation about agrivoltaics.",10,10,10
CyrusOne/Cyrusone_Hearing_12032025.mp3,1385,7319.116,7319.256,0.14000000000032742,SPEAKER_06,It is.,2,2,2
CyrusOne/Cyrusone_Hearing_12032025.mp3,1386,7319.276,7321.438,2.162000000000262,SPEAKER_30,"I know, and I'm not trying to open up Pandora's box.",11,11,11
CyrusOne/Cyrusone_Hearing_12032025.mp3,1387,7321.458,7322.398,0.9400000000005093,SPEAKER_30,I only got five minutes.,5,5,5
CyrusOne/Cyrusone_Hearing_12032025.mp3,1388,7322.419,7323.059,0.6400000000003274,SPEAKER_30,"Well, that's fine.",3,3,3
CyrusOne/Cyrusone_Hearing_12032025.mp3,1389,7323.119,7335.109,11.990000000000691,SPEAKER_06,"I mean, and I totally hear your point, and I think there are issues with solar siting and wind siting where in terms of taking community input, and we can go down that road too, which is a whole different public meeting.",42,42,42
CyrusOne/Cyrusone_Hearing_12032025.mp3,1390,7335.89,7342.335,6.444999999999709,SPEAKER_06,"Yes, it's true that you can, you know, there are certain things you can do in agriculture with a solar array.",21,21,21
CyrusOne/Cyrusone_Hearing_12032025.mp3,1391,7344.297,7351.647,7.350000000000364,SPEAKER_06,"One thing I'd say, too, that solar farm is serving, what, 100,000 households, right?",14,14,14
CyrusOne/Cyrusone_Hearing_12032025.mp3,1392,7351.687,7355.191,3.5039999999999054,SPEAKER_06,"So I would just encourage you to look at it that way, too.",13,13,13
CyrusOne/Cyrusone_Hearing_12032025.mp3,1393,7355.211,7357.574,2.3629999999993743,SPEAKER_06,"So that's 4,000, 4,100 acres, I think, but serving 100,000 households.",11,11,11
CyrusOne/Cyrusone_Hearing_12032025.mp3,1394,7360.45,7369.672,9.221999999999753,SPEAKER_06,"you know, households and providing electricity generation to 100,000 households, and I think it's all mostly going up to northern Illinois.",21,21,21
CyrusOne/Cyrusone_Hearing_12032025.mp3,1395,7369.692,7373.152,3.4600000000000364,SPEAKER_06,So you could look at whether that footprint is worth it or not.,13,13,13
CyrusOne/Cyrusone_Hearing_12032025.mp3,1396,7373.532,7376.473,2.9409999999998035,SPEAKER_06,I think that's a different calculation than...,7,7,7
CyrusOne/Cyrusone_Hearing_12032025.mp3,1397,7377.113,7377.973,0.8599999999996726,SPEAKER_30,"It's a debate, for sure.",5,5,5
CyrusOne/Cyrusone_Hearing_12032025.mp3,1398,7377.993,7378.153,0.15999999999985448,SPEAKER_30,Right.,1,1,1
CyrusOne/Cyrusone_Hearing_12032025.mp3,1399,7378.213,7389.915,11.702000000000226,SPEAKER_06,"Sure, it's a debate, but, I mean, it's a different calculation in terms of do you also want to put the entirety of that electricity generation into an AI-generated hyperscale data center?",32,32,32
CyrusOne/Cyrusone_Hearing_12032025.mp3,1400,7390.328,7392.289,1.9609999999993306,SPEAKER_06,So just a little bit apples and oranges.,8,8,8
CyrusOne/Cyrusone_Hearing_12032025.mp3,1401,7392.309,7395.572,3.26299999999992,SPEAKER_30,"I'm not real great with any of this stuff, and I'm not, you know.",14,14,14
CyrusOne/Cyrusone_Hearing_12032025.mp3,1402,7396.012,7399.034,3.0219999999999345,SPEAKER_30,"My next question, well, you know what, I'll leave that.",10,10,10
CyrusOne/Cyrusone_Hearing_12032025.mp3,1403,7399.194,7399.955,0.7609999999995125,SPEAKER_30,I'll yield to Craig.,4,4,4
CyrusOne/Cyrusone_Hearing_12032025.mp3,1404,7400.295,7412.043,11.747999999999593,SPEAKER_37,"Well, I do want to say that we have a lot of innovation on battery storage, and in Denmark they have the Iron Air battery, and it's 100-hour storage, and it gets its energy.",34,34,34
CyrusOne/Cyrusone_Hearing_12032025.mp3,1405,7413.133,7416.394,3.261000000000422,SPEAKER_37,"It operates off of rusted iron, and there's plenty of it.",11,11,11
CyrusOne/Cyrusone_Hearing_12032025.mp3,1406,7416.534,7419.255,2.7210000000004584,SPEAKER_37,So there's a lot of things out there that we can do.,12,12,12
CyrusOne/Cyrusone_Hearing_12032025.mp3,1407,7419.275,7420.155,0.8800000000001091,SPEAKER_30,Okay.,1,1,1
CyrusOne/Cyrusone_Hearing_12032025.mp3,1408,7420.315,7436.801,16.486000000000786,SPEAKER_30,"And kind of like what Sam Canman said, you know, going up, you know, that gas power plant in Pawnee being talked about, it's 900 megawatt or maybe 1,000, whatever it is, gigawatt, whatever it is at that point.",39,39,39
CyrusOne/Cyrusone_Hearing_12032025.mp3,1409,7437.641,7440.382,2.7409999999999854,SPEAKER_30,"It's on 80 acres, and it's sitting in a,",9,9,9
CyrusOne/Cyrusone_Hearing_12032025.mp3,1410,7441.001,7444.382,3.3809999999994034,SPEAKER_30,where it's potentially going to be in a really not great area.,12,12,12
CyrusOne/Cyrusone_Hearing_12032025.mp3,1411,7445.143,7452.666,7.523000000000138,SPEAKER_37,"Depending on carbon capture, that may become more expensive and more extensive with pipeline.",14,14,14
CyrusOne/Cyrusone_Hearing_12032025.mp3,1412,7452.726,7459.709,6.983000000000175,SPEAKER_30,"I don't think there was any carbon capture talked about within that power plant, but at the time.",18,18,18
CyrusOne/Cyrusone_Hearing_12032025.mp3,1413,7464.411,7465.952,1.5410000000001673,SPEAKER_25,"Jeff, you still have one minute left.",7,7,7
CyrusOne/Cyrusone_Hearing_12032025.mp3,1414,7466.812,7467.933,1.1210000000000946,SPEAKER_30,I don't think I have anything else.,7,7,7
CyrusOne/Cyrusone_Hearing_12032025.mp3,1415,7468.213,7468.393,0.18000000000029104,SPEAKER_25,Okay.,1,1,1
CyrusOne/Cyrusone_Hearing_12032025.mp3,1416,7469.29,7471.231,1.9409999999998035,SPEAKER_25,"In your answers, any more answers on that?",8,8,8
CyrusOne/Cyrusone_Hearing_12032025.mp3,1417,7471.991,7472.271,0.27999999999974534,SPEAKER_25,Okay.,1,1,1
CyrusOne/Cyrusone_Hearing_12032025.mp3,1418,7473.792,7474.492,0.6999999999998181,SPEAKER_25,"Okay, then.",2,2,2
CyrusOne/Cyrusone_Hearing_12032025.mp3,1419,7476.353,7477.193,0.8400000000001455,SPEAKER_25,Next county board member.,4,4,4
CyrusOne/Cyrusone_Hearing_12032025.mp3,1420,7477.993,7479.734,1.7409999999999854,SPEAKER_25,"Craig, right before that sheet.",5,5,5
CyrusOne/Cyrusone_Hearing_12032025.mp3,1421,7480.254,7481.335,1.081000000000131,SPEAKER_25,Annette Fulgenzi.,2,2,2
CyrusOne/Cyrusone_Hearing_12032025.mp3,1422,7483.115,7483.836,0.7210000000004584,SPEAKER_25,Raise your hand up.,4,4,4
CyrusOne/Cyrusone_Hearing_12032025.mp3,1423,7484.176,7484.396,0.21999999999934516,SPEAKER_25,Hi.,1,1,1
CyrusOne/Cyrusone_Hearing_12032025.mp3,1424,7487.197,7487.977,0.7799999999997453,SPEAKER_25,Tap your mic.,3,3,3
CyrusOne/Cyrusone_Hearing_12032025.mp3,1425,7490.138,7490.318,0.18000000000029104,SPEAKER_25,No.,1,1,1
CyrusOne/Cyrusone_Hearing_12032025.mp3,1426,7496.046,7502.231,6.184999999999491,SPEAKER_41,"You guys raised the issue of emissions, so I'm kind of curious because 336 diesel generators is quite a bit.",20,20,20
CyrusOne/Cyrusone_Hearing_12032025.mp3,1427,7505.313,7506.854,1.5410000000001673,SPEAKER_41,Can I ask Chris Warren a question about that?,9,9,9
CyrusOne/Cyrusone_Hearing_12032025.mp3,1428,7507.935,7510.036,2.100999999999658,SPEAKER_25,"Not right now, but you'll have that opportunity.",8,8,8
CyrusOne/Cyrusone_Hearing_12032025.mp3,1429,7510.056,7510.297,0.24099999999998545,SPEAKER_25,Okay.,1,1,1
CyrusOne/Cyrusone_Hearing_12032025.mp3,1430,7510.697,7513.579,2.881999999999607,SPEAKER_41,"Well, just so they can prepare because they may want to think about this.",14,14,14
CyrusOne/Cyrusone_Hearing_12032025.mp3,1431,7513.699,7515.02,1.3210000000008222,SPEAKER_25,"You too, Craig.",3,3,3
CyrusOne/Cyrusone_Hearing_12032025.mp3,1432,7515.741,7525.708,9.966999999999643,SPEAKER_41,They may need – I'm curious if they've considered natural gas generators instead of diesel to reduce their emissions.,19,19,19
CyrusOne/Cyrusone_Hearing_12032025.mp3,1433,7527.041,7529.782,2.7409999999999854,SPEAKER_41,for that so they can answer that later.,8,8,8
CyrusOne/Cyrusone_Hearing_12032025.mp3,1434,7530.842,7531.182,0.3400000000001455,SPEAKER_25,Okay.,1,1,1
CyrusOne/Cyrusone_Hearing_12032025.mp3,1435,7532.903,7533.723,0.819999999999709,SPEAKER_25,All right.,2,2,2
CyrusOne/Cyrusone_Hearing_12032025.mp3,1436,7534.423,7535.884,1.46100000000024,SPEAKER_25,"Craig Hall, you had your hand raised.",7,7,7
CyrusOne/Cyrusone_Hearing_12032025.mp3,1437,7548.647,7549.687,1.0399999999999636,SPEAKER_20,I've got a nice to stand.,6,6,6
CyrusOne/Cyrusone_Hearing_12032025.mp3,1438,7549.707,7550.488,0.7809999999999491,SPEAKER_20,"I know we're, yeah.",4,4,4
CyrusOne/Cyrusone_Hearing_12032025.mp3,1439,7551.308,7551.528,0.22000000000025466,SPEAKER_20,All right.,2,2,2
CyrusOne/Cyrusone_Hearing_12032025.mp3,1440,7553.692,7572.857,19.164999999999964,SPEAKER_20,uh castle we had our township meeting and we had good people show up from both opinions and it was probably the nicest kind of township hall meeting we've ever had a township our size to have over 60 people i wish someone would have took a photo that would have been neat um but but that same night i was driving in and i was listening to,68,68,68
CyrusOne/Cyrusone_Hearing_12032025.mp3,1441,7573.6,7576.921,3.3209999999999127,SPEAKER_20,"THE NEWS AS I WAS DRIVING TO IT, WHEREVER, RIGHT?",10,10,10
CyrusOne/Cyrusone_Hearing_12032025.mp3,1442,7577.101,7598.946,21.845000000000255,SPEAKER_20,"AND I WAS LISTENING TO SPRINGFIELD AND SPRINGFIELD ALDERMAN, AND THIS IS GOING TO BE MORE TO OUR BOARD, AND I'VE ADDRESSED THIS BEFORE, OR IT'S CALLED SPRINGFIELD SANGMAN GROWTH ALLIANCE, BUT SANGMAN COUNTY IS PAYING FOR IT, AND SPRINGFIELD IS NOT PUTTING ANY MONEY, AND I SAW AN ALDERMAN HERE TONIGHT, AND IF YOU SHOW UP, YOU OUGHT TO PAY, BECAUSE YOU DON'T GET TO ORDER FOR THE TABLE UNLESS YOU'RE THERE TO PICK UP THE TAB.",78,78,78
CyrusOne/Cyrusone_Hearing_12032025.mp3,1443,7599.506,7602.927,3.420999999999367,SPEAKER_20,"THAT'S KIND OF AN OLD FARM THING, BUT THAT'S THE WAY WE SHOULD THINK ON THIS",16,16,16
CyrusOne/Cyrusone_Hearing_12032025.mp3,1444,7603.52,7631.918,28.39799999999923,SPEAKER_20,matter and then on that night i was driving to that meeting i was listening to springfield i don't know which alderman i don't even know if he was an alderman i try not to listen listen but anyway he was bragging about how they're tearing down pillsbury well in my generation my dad's generation and uncles and great uncles they worked there that was six to eight hundred jobs and you're celebrating tearing down a business business and then the other thing i'm listening to is they're talking about the kentucky fried chickens on jefferson,96,96,96
CyrusOne/Cyrusone_Hearing_12032025.mp3,1445,7632.554,7639.856,7.30199999999968,SPEAKER_20,"And on 6th Street, and they're celebrating, and that's going to be at Chipotle's.",14,14,14
CyrusOne/Cyrusone_Hearing_12032025.mp3,1446,7639.876,7642.897,3.020999999999731,SPEAKER_20,"And I'm like, and that's your celebration of what you can do in Springfield.",14,14,14
CyrusOne/Cyrusone_Hearing_12032025.mp3,1447,7643.317,7649.478,6.161000000000058,SPEAKER_20,"Meanwhile, we're putting this plant together, or maybe not putting this plant together, but at least we're doing something.",19,19,19
CyrusOne/Cyrusone_Hearing_12032025.mp3,1448,7649.818,7655.64,5.822000000000116,SPEAKER_20,And I put this to you and to other people that want to be on this board or other people that want to be in your position.,27,27,27
CyrusOne/Cyrusone_Hearing_12032025.mp3,1449,7655.958,7662.084,6.126000000000204,SPEAKER_20,"Listen, Ann, I noticed your organizations that you belong to, the faith coalition.",13,13,13
CyrusOne/Cyrusone_Hearing_12032025.mp3,1450,7662.464,7666.228,3.7640000000001237,SPEAKER_20,"Listen, you had a person that was involved, Mr. Marilyn Jean.",11,11,11
CyrusOne/Cyrusone_Hearing_12032025.mp3,1451,7666.608,7672.914,6.305999999999585,SPEAKER_20,"Is she still involved in your group, or is that another group I was thinking of?",16,16,16
CyrusOne/Cyrusone_Hearing_12032025.mp3,1452,7674.235,7675.056,0.8209999999999127,SPEAKER_37,I don't think.,3,3,3
CyrusOne/Cyrusone_Hearing_12032025.mp3,1453,7675.116,7676.197,1.081000000000131,SPEAKER_37,Is she still on the board?,6,6,6
CyrusOne/Cyrusone_Hearing_12032025.mp3,1454,7676.537,7678.179,1.6419999999998254,SPEAKER_37,"No, is she still on the board?",7,7,4
CyrusOne/Cyrusone_Hearing_12032025.mp3,1455,7679.76,7680.181,0.420999999999367,SPEAKER_37,Okay.,1,1,1
CyrusOne/Cyrusone_Hearing_12032025.mp3,1456,7680.201,7681.162,0.9610000000002401,SPEAKER_37,"Well, she was my.",4,4,4
CyrusOne/Cyrusone_Hearing_12032025.mp3,1457,7681.957,7689.861,7.903999999999542,SPEAKER_20,"All right, well, when I was in grade school, my family were in grade school at St. Mary's in New Berlin, and the mayor of New Berlin is in the back room, and I'm going to call him out, Mike Kroll.",41,41,41
CyrusOne/Cyrusone_Hearing_12032025.mp3,1458,7690.221,7693.323,3.1020000000007713,SPEAKER_20,"We all came through Sister Marilyn Jean, and we learned our citizenship.",12,12,12
CyrusOne/Cyrusone_Hearing_12032025.mp3,1459,7693.863,7697.485,3.621999999999389,SPEAKER_20,"If you stand up and you speak, that's what I'm doing tonight.",12,12,12
CyrusOne/Cyrusone_Hearing_12032025.mp3,1460,7697.845,7703.848,6.002999999999702,SPEAKER_20,"But they're tearing down Pillsbury, and I think that needs to be tore down, and Sangamon County is putting most of it to it.",24,24,24
CyrusOne/Cyrusone_Hearing_12032025.mp3,1461,7703.948,7706.049,2.100999999999658,SPEAKER_20,And the coalition is doing a good job on that.,10,10,10
CyrusOne/Cyrusone_Hearing_12032025.mp3,1462,7706.329,7710.551,4.222000000000662,SPEAKER_20,"I'm sorry, the growth alliance or whatever that is.",9,9,9
CyrusOne/Cyrusone_Hearing_12032025.mp3,1463,7711.347,7715.53,4.182999999999993,SPEAKER_20,"The other thing is, it's kind of nice to see a group of people that doesn't have an acronym that spells something.",22,22,22
CyrusOne/Cyrusone_Hearing_12032025.mp3,1464,7715.73,7721.693,5.963000000000648,SPEAKER_20,"Because most of the damn time, I think half the effort is trying to spell something instead of trying to actually solve something.",23,23,23
CyrusOne/Cyrusone_Hearing_12032025.mp3,1465,7721.813,7725.335,3.5219999999999345,SPEAKER_20,So congratulations on that.,4,4,4
CyrusOne/Cyrusone_Hearing_12032025.mp3,1466,7725.695,7729.677,3.981999999999971,SPEAKER_20,"And the water issue, we have talked to Apple Creek.",10,10,10
CyrusOne/Cyrusone_Hearing_12032025.mp3,1467,7729.738,7732.199,2.4609999999993306,SPEAKER_20,I was at the Apple Creek meeting.,7,7,7
CyrusOne/Cyrusone_Hearing_12032025.mp3,1468,7732.759,7737.002,4.243000000000393,SPEAKER_20,"Ryan McCready did a good job, and so did the high-risk people.",12,12,12
CyrusOne/Cyrusone_Hearing_12032025.mp3,1469,7737.062,7737.682,0.6199999999998909,SPEAKER_20,They addressed...,2,2,2
CyrusOne/Cyrusone_Hearing_12032025.mp3,1470,7738.082,7761.075,22.992999999999483,SPEAKER_20,that's the consumption and we learned that we don't have a backup system so we're going to go talk to the burden gerard i don't know i call it the alphabet it doesn't spell anything either that's a good thing when it doesn't spell something i think we're on target target but they're trying to run a mile and a half to this project logic and if they can do that that's going to solve that problem and it goes up to the mccoup and county line,87,87,87
CyrusOne/Cyrusone_Hearing_12032025.mp3,1471,7761.983,7770.527,8.543999999999869,SPEAKER_20,"And it goes, Jasmine, not Jasmine, anyway, on that road, on Leadline Road in there.",15,15,15
CyrusOne/Cyrusone_Hearing_12032025.mp3,1472,7771.127,7774.329,3.201999999999316,SPEAKER_20,"But anyway, I appreciate your good work.",7,7,7
CyrusOne/Cyrusone_Hearing_12032025.mp3,1473,7774.349,7775.749,1.3999999999996362,SPEAKER_20,There are many times I don't agree with you.,9,9,9
CyrusOne/Cyrusone_Hearing_12032025.mp3,1474,7776.369,7780.371,4.0020000000004075,SPEAKER_20,"I'm not saying I agree with you tonight, but at least you came tonight, and thank you very much.",19,19,19
CyrusOne/Cyrusone_Hearing_12032025.mp3,1475,7781.031,7781.412,0.38100000000031287,SPEAKER_20,Thank you.,2,2,2
CyrusOne/Cyrusone_Hearing_12032025.mp3,1476,7781.592,7782.272,0.680000000000291,SPEAKER_20,"You're welcome, ma'am.",3,3,3
CyrusOne/Cyrusone_Hearing_12032025.mp3,1477,7783.512,7784.113,0.6010000000005675,SPEAKER_25,"Thank you, Craig.",3,3,3
CyrusOne/Cyrusone_Hearing_12032025.mp3,1478,7784.373,7785.733,1.360000000000582,SPEAKER_25,"Yep, for now.",3,3,3
CyrusOne/Cyrusone_Hearing_12032025.mp3,1479,7786.994,7788.134,1.1400000000003274,SPEAKER_25,Yes.,1,1,1
CyrusOne/Cyrusone_Hearing_12032025.mp3,1480,7788.235,7789.175,0.9400000000005093,SPEAKER_20,You have a minute left.,5,5,5
CyrusOne/Cyrusone_Hearing_12032025.mp3,1481,7790.441,7791.122,0.6810000000004948,SPEAKER_20,"Okay, I'll yield.",3,3,3
CyrusOne/Cyrusone_Hearing_12032025.mp3,1482,7791.283,7792.605,1.321999999999207,SPEAKER_20,I just want to see I can behave.,8,8,8
CyrusOne/Cyrusone_Hearing_12032025.mp3,1483,7793.807,7794.188,0.38100000000031287,SPEAKER_25,Okay.,1,1,1
CyrusOne/Cyrusone_Hearing_12032025.mp3,1484,7795.249,7795.67,0.4210000000002765,SPEAKER_25,All right.,2,2,2
CyrusOne/Cyrusone_Hearing_12032025.mp3,1485,7795.971,7798.114,2.143000000000029,SPEAKER_25,So the next person that raised their hand.,8,8,8
CyrusOne/Cyrusone_Hearing_12032025.mp3,1486,7799.54,7800.04,0.5,SPEAKER_25,"Oh, yes.",2,2,2
CyrusOne/Cyrusone_Hearing_12032025.mp3,1487,7800.06,7800.881,0.8209999999999127,SPEAKER_25,You're with me.,3,3,3
CyrusOne/Cyrusone_Hearing_12032025.mp3,1488,7800.901,7801.462,0.5610000000006039,SPEAKER_25,"No, go ahead.",3,3,3
CyrusOne/Cyrusone_Hearing_12032025.mp3,1489,7801.502,7804.664,3.1619999999993524,SPEAKER_06,"If anybody has any questions, please go ahead.",8,8,8
CyrusOne/Cyrusone_Hearing_12032025.mp3,1490,7805.224,7805.705,0.48099999999976717,SPEAKER_06,All right.,2,2,2
CyrusOne/Cyrusone_Hearing_12032025.mp3,1491,7806.105,7827.822,21.717000000000553,SPEAKER_06,"I think you were supposed to ask us a question, so I'm going to answer the question I think I wanted you to ask, which is I do want to talk – my specialty is water and water law, and I do want to mention this because while it might not be particularly relevant for the Cyrus 1 proposal, given that it is a closed-loop system and they're going to use less water than –",75,75,75
CyrusOne/Cyrusone_Hearing_12032025.mp3,1492,7828.387,7831.911,3.524000000000342,SPEAKER_06,a different type of data center would be that would use evaporative cooling.,13,13,13
CyrusOne/Cyrusone_Hearing_12032025.mp3,1493,7832.852,7838.717,5.864999999999782,SPEAKER_06,I heard tonight that there are five other coming down the pipe that's kind of waiting to see what happens here.,21,21,21
CyrusOne/Cyrusone_Hearing_12032025.mp3,1494,7839.158,7842.902,3.743999999999687,SPEAKER_06,And I don't know that we know what kind of water system they will use.,15,15,15
CyrusOne/Cyrusone_Hearing_12032025.mp3,1495,7842.942,7846.185,3.243000000000393,SPEAKER_06,And I want to just inform people who might not be aware that,13,13,13
CyrusOne/Cyrusone_Hearing_12032025.mp3,1496,7847.216,7855.061,7.844999999999345,SPEAKER_06,Illinois' water use law in terms of who has the right to withdraw water out of the ground or out of a river or stream is very undeveloped.,28,28,28
CyrusOne/Cyrusone_Hearing_12032025.mp3,1497,7855.382,7858.684,3.3020000000005894,SPEAKER_06,We basically rely on 18th century British common law.,9,9,9
CyrusOne/Cyrusone_Hearing_12032025.mp3,1498,7860.265,7866.069,5.804000000000087,SPEAKER_06,We rely on law that was developed in a pre-industrial time for an entirely different country.,16,16,16
CyrusOne/Cyrusone_Hearing_12032025.mp3,1499,7866.609,7869.391,2.7819999999992433,SPEAKER_06,And we imported that over at the time of our founding.,11,11,11
CyrusOne/Cyrusone_Hearing_12032025.mp3,1500,7870.246,7877.108,6.86200000000008,SPEAKER_06,"And in Illinois, typically we've had a too-much-water problem, and our whole hydrology is get water off the field and get it to the Gulf of Mexico as fast as possible.",31,31,31
CyrusOne/Cyrusone_Hearing_12032025.mp3,1501,7878.629,7880.55,1.9210000000002765,SPEAKER_06,"And, you know, dealing with flooding problems.",7,7,7
CyrusOne/Cyrusone_Hearing_12032025.mp3,1502,7880.75,7881.61,0.8599999999996726,SPEAKER_06,But that is changing.,4,4,4
CyrusOne/Cyrusone_Hearing_12032025.mp3,1503,7882.01,7885.351,3.3409999999994398,SPEAKER_06,"So if Joliet ran out of water, they had to go to Chicago, right?",14,14,14
CyrusOne/Cyrusone_Hearing_12032025.mp3,1504,7885.671,7890.673,5.001999999999498,SPEAKER_06,So I know someone who they believe the data center is snooping around somewhere outside of Kankakee.,17,17,17
CyrusOne/Cyrusone_Hearing_12032025.mp3,1505,7892.234,7896.095,3.8609999999998763,SPEAKER_06,They could not get water out of their fire hydrant to put a building out this summer.,17,17,17
CyrusOne/Cyrusone_Hearing_12032025.mp3,1506,7896.275,7899.556,3.280999999999949,SPEAKER_06,"Nothing to do with the data center, but the point being is, like, they're already water stressed.",17,17,17
CyrusOne/Cyrusone_Hearing_12032025.mp3,1507,7899.95,7908.416,8.46600000000035,SPEAKER_06,And so we do not have a good regulatory legal system to deal with water use shortages.,17,17,17
CyrusOne/Cyrusone_Hearing_12032025.mp3,1508,7908.776,7913.2,4.423999999999978,SPEAKER_06,That is something I am and our organization is wanting us to take on.,14,14,14
CyrusOne/Cyrusone_Hearing_12032025.mp3,1509,7913.34,7913.82,0.47999999999956344,SPEAKER_06,Okay.,1,1,1
CyrusOne/Cyrusone_Hearing_12032025.mp3,1510,7914.26,7914.821,0.5609999999996944,SPEAKER_06,Aside from that.,3,3,3
CyrusOne/Cyrusone_Hearing_12032025.mp3,1511,7914.841,7916.142,1.3009999999994761,SPEAKER_25,Keep your thought right there.,5,5,5
CyrusOne/Cyrusone_Hearing_12032025.mp3,1512,7916.202,7916.382,0.17999999999938154,SPEAKER_25,Yeah.,1,1,1
CyrusOne/Cyrusone_Hearing_12032025.mp3,1513,7916.442,7917.883,1.4409999999998035,SPEAKER_06,"So, but anyway, like.",4,4,4
CyrusOne/Cyrusone_Hearing_12032025.mp3,1514,7917.903,7921.005,3.1019999999998618,SPEAKER_25,"No, keep it right there because you can continue.",9,9,9
CyrusOne/Cyrusone_Hearing_12032025.mp3,1515,7921.706,7923.867,2.161000000000058,SPEAKER_25,I'm going to move into the next county board member's time.,11,11,11
CyrusOne/Cyrusone_Hearing_12032025.mp3,1516,7924.007,7924.728,0.7210000000004584,SPEAKER_25,Reggie Guyton.,2,2,2
CyrusOne/Cyrusone_Hearing_12032025.mp3,1517,7925.313,7925.875,0.5619999999998981,SPEAKER_22,"Yeah, no problem.",3,3,3
CyrusOne/Cyrusone_Hearing_12032025.mp3,1518,7925.895,7928.124,2.2289999999993597,SPEAKER_25,"Reggie Guyton, raise your hand.",5,5,5
CyrusOne/Cyrusone_Hearing_12032025.mp3,1519,7928.144,7928.767,0.6229999999995925,SPEAKER_25,District 21.,2,2,2
CyrusOne/Cyrusone_Hearing_12032025.mp3,1520,7931.82,7932.741,0.9210000000002765,SPEAKER_16,"Oh, there you go.",4,4,4
CyrusOne/Cyrusone_Hearing_12032025.mp3,1521,7933.021,7933.301,0.28000000000065484,SPEAKER_25,Yay.,1,1,1
CyrusOne/Cyrusone_Hearing_12032025.mp3,1522,7933.582,7936.224,2.6419999999998254,SPEAKER_25,"Now, if he wants to finish that on your time, please.",11,11,11
CyrusOne/Cyrusone_Hearing_12032025.mp3,1523,7936.264,7937.264,1.0,SPEAKER_45,"Yeah, by all means.",4,4,4
CyrusOne/Cyrusone_Hearing_12032025.mp3,1524,7937.284,7938.245,0.9610000000002401,SPEAKER_45,I would love for you to.,6,6,6
CyrusOne/Cyrusone_Hearing_12032025.mp3,1525,7938.265,7940.447,2.181999999999789,SPEAKER_06,"Well, I mean, I'm mostly done.",6,6,6
CyrusOne/Cyrusone_Hearing_12032025.mp3,1526,7940.487,7941.508,1.0209999999997308,SPEAKER_06,"But, you know, other states.",5,5,5
CyrusOne/Cyrusone_Hearing_12032025.mp3,1527,7941.968,7944.19,2.2219999999997526,SPEAKER_06,"So west of the Mississippi, very different system.",8,8,8
CyrusOne/Cyrusone_Hearing_12032025.mp3,1528,7944.43,7946.632,2.201999999999316,SPEAKER_06,"You heard about Arizona, California, Colorado.",6,6,6
CyrusOne/Cyrusone_Hearing_12032025.mp3,1529,7946.652,7947.433,0.7809999999999491,SPEAKER_06,They're all fighting over it.,5,5,5
CyrusOne/Cyrusone_Hearing_12032025.mp3,1530,7947.453,7953.638,6.184999999999491,SPEAKER_06,"They have a totally different legal system, which you can love it or hate it, but it is well-developed because water has been a scarce resource.",26,26,26
CyrusOne/Cyrusone_Hearing_12032025.mp3,1531,7953.978,7956.38,2.4020000000000437,SPEAKER_06,It has not historically been a scarce resource in Illinois.,10,10,10
CyrusOne/Cyrusone_Hearing_12032025.mp3,1532,7956.78,7957.561,0.7809999999999491,SPEAKER_06,And so we just don't.,5,5,5
CyrusOne/Cyrusone_Hearing_12032025.mp3,1533,7958.131,7959.911,1.7799999999997453,SPEAKER_06,have the legal tools to deal with it.,8,8,8
CyrusOne/Cyrusone_Hearing_12032025.mp3,1534,7960.011,7966.473,6.461999999999534,SPEAKER_06,"And so as we are starting to see dry summers, how many droughts, how many summers of drought do we have?",21,21,21
CyrusOne/Cyrusone_Hearing_12032025.mp3,1535,7966.573,7967.953,1.3800000000001091,SPEAKER_06,New data centers popping up.,5,5,5
CyrusOne/Cyrusone_Hearing_12032025.mp3,1536,7968.173,7972.214,4.041000000000167,SPEAKER_06,And I'm not here to actually pick on data centers as a water user.,14,14,14
CyrusOne/Cyrusone_Hearing_12032025.mp3,1537,7972.314,7977.876,5.561999999999898,SPEAKER_06,"Actually, they are very much in line with other large-scale industrial water users.",13,13,13
CyrusOne/Cyrusone_Hearing_12032025.mp3,1538,7978.276,7986.138,7.86200000000008,SPEAKER_06,We should be thinking about how all of these fit together with the long-term viability and sustainability of our water resources.,21,21,21
CyrusOne/Cyrusone_Hearing_12032025.mp3,1539,7986.178,7987.738,1.5600000000004002,SPEAKER_06,So knowing,2,2,2
CyrusOne/Cyrusone_Hearing_12032025.mp3,1540,7988.635,7990.416,1.780999999999949,SPEAKER_06,that there are other data centers coming down the pike.,10,10,10
CyrusOne/Cyrusone_Hearing_12032025.mp3,1541,7990.857,7994.38,3.5230000000001382,SPEAKER_06,"Some of these may not be using closed-loop systems, which do use less water.",14,14,14
CyrusOne/Cyrusone_Hearing_12032025.mp3,1542,7994.44,7995.621,1.1810000000004948,SPEAKER_06,They may use more electricity.,5,5,5
CyrusOne/Cyrusone_Hearing_12032025.mp3,1543,7997.142,7998.142,1.0,SPEAKER_06,There's usually a trade-off there.,5,5,5
CyrusOne/Cyrusone_Hearing_12032025.mp3,1544,7998.503,8002.206,3.7030000000004293,SPEAKER_06,"But knowing that some of these may be coming down the pike, that should be in the back of our minds.",21,21,21
CyrusOne/Cyrusone_Hearing_12032025.mp3,1545,8003.046,8004.868,1.8220000000001164,SPEAKER_06,"Actually, Illinois just does not have the tools.",8,8,8
CyrusOne/Cyrusone_Hearing_12032025.mp3,1546,8005.248,8011.193,5.9450000000006185,SPEAKER_06,"Other states have developed, like Minnesota, for example, has a more well-regulated system of permitting.",15,15,15
CyrusOne/Cyrusone_Hearing_12032025.mp3,1547,8011.453,8017.858,6.404999999999745,SPEAKER_06,"We do not in Illinois, so that's just something we want to think about as these new large water users are proposed and come online.",25,25,25
CyrusOne/Cyrusone_Hearing_12032025.mp3,1548,8019.887,8022.569,2.6820000000006985,SPEAKER_25,"REGINA, YOU HAD A QUESTION TO START OFF HERE.",9,9,9
CyrusOne/Cyrusone_Hearing_12032025.mp3,1549,8022.609,8024.591,1.981999999999971,SPEAKER_45,"FIRST AND FOREMOST, THANK YOU, EVERYONE, FOR BEING HERE.",9,9,9
CyrusOne/Cyrusone_Hearing_12032025.mp3,1550,8024.831,8040.465,15.634000000000015,SPEAKER_45,"I KNOW THAT WHEN WE TALKED, WHEN I TOURED, I AS WELL AS SOME OF THE OTHER REPRESENTATIVES TOURED AURORA'S FACILITY, ONE OF THE THINGS THAT I WAS VERY IMPASSIONED ABOUT IS GETTING IN FRONT OF THE PEOPLE AND ANSWERING THESE QUESTIONS.",42,42,42
CyrusOne/Cyrusone_Hearing_12032025.mp3,1551,8040.505,8043.328,2.82300000000032,SPEAKER_45,I THINK IT'S VERY IMPORTANT FOR THE SAKE OF TRANSPARENCY AND ALSO,12,12,12
CyrusOne/Cyrusone_Hearing_12032025.mp3,1552,8043.828,8073.448,29.61999999999989,SPEAKER_45,so we have an idea of what we can build upon and what is probably not conducive to the community as a whole keeping that in mind my concern is not necessarily just about um the building process but what happens 10 years 20 years 50 years after these centers are built we're seeing a lot of people say that the the bubble is popping and we don't really know what that is what we don't really know what that looks like um so my question is for the environmental side of things number one,95,95,95
CyrusOne/Cyrusone_Hearing_12032025.mp3,1553,8074.41,8089.098,14.688000000000102,SPEAKER_45,"ARE THERE ANY STUDIES OR ANY INFORMATION THAT YOU'VE COME ACROSS ABOUT THE ENVIRONMENTAL IMPACTS TO WILDLIFE, SPECIFICALLY RURAL ANIMALS, BOVINES, PIGS, ET CETERA, ET CETERA?",26,26,26
CyrusOne/Cyrusone_Hearing_12032025.mp3,1554,8090.839,8102.085,11.246000000000095,SPEAKER_45,"JUST BECAUSE I HEAR A LOT THAT THE SOUND POLLUTION, THE LIGHT POLLUTION AFFECTS THESE ANIMALS AND FARM PRODUCTION, AND I WAS WONDERING IF YOU HAD ANY DATA THAT WOULD HELP",31,31,31
CyrusOne/Cyrusone_Hearing_12032025.mp3,1555,8102.852,8105.454,2.6019999999998618,SPEAKER_45,clear that up for people who aren't in the rural communities?,11,11,11
CyrusOne/Cyrusone_Hearing_12032025.mp3,1556,8106.294,8106.815,0.5209999999997308,SPEAKER_45,Does that make sense?,4,4,4
CyrusOne/Cyrusone_Hearing_12032025.mp3,1557,8107.555,8117.042,9.48700000000008,SPEAKER_37,"Well, we do know that the light pollution would affect crops, certain crops, and interrupt their cicada... Is that how you say it?",23,23,23
CyrusOne/Cyrusone_Hearing_12032025.mp3,1558,8117.082,8119.364,2.2819999999992433,SPEAKER_37,"Circadian rhythm, yes.",3,3,3
CyrusOne/Cyrusone_Hearing_12032025.mp3,1559,8120.244,8122.086,1.842000000000553,SPEAKER_37,"So that's important, you know.",5,5,5
CyrusOne/Cyrusone_Hearing_12032025.mp3,1560,8122.906,8127.589,4.682999999999993,SPEAKER_37,"And I mean, fireflies aren't essential to our existence, but they would be impacted.",14,14,14
CyrusOne/Cyrusone_Hearing_12032025.mp3,1561,8127.609,8131.012,3.402999999999338,SPEAKER_37,I don't know.,3,3,3
CyrusOne/Cyrusone_Hearing_12032025.mp3,1562,8131.452,8131.732,0.27999999999974534,SPEAKER_06,I mean...,2,2,2
CyrusOne/Cyrusone_Hearing_12032025.mp3,1563,8133.52,8138.041,4.520999999999731,SPEAKER_06,"Yeah, again, I don't know, direct impacts from these buildings and these facilities.",13,13,13
CyrusOne/Cyrusone_Hearing_12032025.mp3,1564,8138.061,8142.562,4.501000000000204,SPEAKER_06,"Some of them have been laid out, diesel generators, particulate, you know, the construction, long-term, I don't know.",18,18,18
CyrusOne/Cyrusone_Hearing_12032025.mp3,1565,8143.162,8149.523,6.360999999999876,SPEAKER_06,"I would think more about the very large-scale energy use and the large-scale water use, right?",16,16,16
CyrusOne/Cyrusone_Hearing_12032025.mp3,1566,8149.543,8160.765,11.222000000000662,SPEAKER_06,"I think those are, right, you start drawing water out of streams and you get low flow and, you know, what does that mean for fish and wildlife habitat?",29,29,29
CyrusOne/Cyrusone_Hearing_12032025.mp3,1567,8161.585,8162.145,0.5600000000004002,SPEAKER_06,We're seeing...,2,2,2
CyrusOne/Cyrusone_Hearing_12032025.mp3,1568,8163.984,8176.398,12.41399999999976,SPEAKER_06,rollbacks at the federal level of the Clean Water Act for both 404 and 401 permitting so both filling of wetlands and also just discharge of pollutants and so again here in Illinois we don't,35,35,35
CyrusOne/Cyrusone_Hearing_12032025.mp3,1569,8176.849,8179.27,2.4210000000002765,SPEAKER_06,The federal law was the law we relied on.,9,9,9
CyrusOne/Cyrusone_Hearing_12032025.mp3,1570,8179.35,8187.534,8.183999999999287,SPEAKER_06,"So as the Clean Water Act gets kind of scaled back by both the Supreme Court and the EPA, there are fewer tools at the state level to deal with some of that.",33,33,33
CyrusOne/Cyrusone_Hearing_12032025.mp3,1571,8187.554,8189.635,2.081000000000131,SPEAKER_06,"And so that's something I'm thinking about, too.",8,8,8
CyrusOne/Cyrusone_Hearing_12032025.mp3,1572,8189.655,8196.618,6.963000000000648,SPEAKER_06,"And that's, again, not data center specific, but just in terms of construction projects and discharges to waterways.",18,18,18
CyrusOne/Cyrusone_Hearing_12032025.mp3,1573,8196.638,8197.718,1.0799999999999272,SPEAKER_06,Sure.,1,1,1
CyrusOne/Cyrusone_Hearing_12032025.mp3,1574,8198.759,8203.241,4.481999999999971,SPEAKER_45,"So the other thing about this, and I'm going to try and articulate this as best as I can.",19,19,19
CyrusOne/Cyrusone_Hearing_12032025.mp3,1575,8203.261,8205.122,1.8609999999989668,SPEAKER_45,"I know I have a propensity to ramble, too.",9,9,9
CyrusOne/Cyrusone_Hearing_12032025.mp3,1576,8207.105,8208.666,1.5609999999996944,SPEAKER_45,"About 40 seconds, Rand.",4,4,4
CyrusOne/Cyrusone_Hearing_12032025.mp3,1577,8208.686,8209.526,0.8400000000001455,SPEAKER_45,40 seconds.,2,2,2
CyrusOne/Cyrusone_Hearing_12032025.mp3,1578,8209.826,8210.146,0.32000000000152795,SPEAKER_45,Okay.,1,1,1
CyrusOne/Cyrusone_Hearing_12032025.mp3,1579,8210.507,8211.407,0.8999999999996362,SPEAKER_45,So.,1,1,1
CyrusOne/Cyrusone_Hearing_12032025.mp3,1580,8211.447,8213.468,2.0210000000006403,SPEAKER_25,You'll still have time to talk with them again.,9,9,9
CyrusOne/Cyrusone_Hearing_12032025.mp3,1581,8213.488,8213.849,0.3610000000007858,SPEAKER_45,Sure.,1,1,1
CyrusOne/Cyrusone_Hearing_12032025.mp3,1582,8214.309,8229.598,15.28900000000067,SPEAKER_45,"So with the runoff or the water usage that we're seeing and the amount of droughts, we can expect that that probably will grow if over time, considering we'll be putting in pavement and all of these other things.",39,39,39
CyrusOne/Cyrusone_Hearing_12032025.mp3,1583,8229.887,8234.29,4.403000000000247,SPEAKER_45,"AND YOU MENTIONED EARLIER, ANN, THAT THE TOP SOIL IS SOMETHING THAT WE WOULD LOSE.",15,15,15
CyrusOne/Cyrusone_Hearing_12032025.mp3,1584,8237.372,8247.74,10.368000000000393,SPEAKER_45,I JUST WANT US TO BE CONSCIOUS OF WHAT THE LONG-TERM EFFECTS COULD BE WHEN WE'RE TALKING ABOUT PUTTING THESE SYSTEMS IN AND WHAT ELSE COULD HAPPEN.,27,27,27
CyrusOne/Cyrusone_Hearing_12032025.mp3,1585,8249.121,8255.525,6.404000000000451,SPEAKER_45,"I'M STRUGGLING TO ARTICULATE MY QUESTION IN A WAY THAT WOULD BE REAL AND EASILY VERIFIABLE, SO I GUESS I'LL JUST HEAL THE TIME.",24,24,24
CyrusOne/Cyrusone_Hearing_12032025.mp3,1586,8257.322,8263.946,6.623999999999796,SPEAKER_06,"I mean, I think, you know, I'm not a data center engineer, but I would ask them, too.",18,18,18
CyrusOne/Cyrusone_Hearing_12032025.mp3,1587,8264.026,8271.33,7.304000000000087,SPEAKER_06,"I mean, right, presumably this stuff is valuable if it's decommissioned, it all gets recycled, they take it, whatever, but what if the bubble does pop?",26,26,26
CyrusOne/Cyrusone_Hearing_12032025.mp3,1588,8271.97,8279.235,7.265000000001237,SPEAKER_06,"I mean, you know, Michael Burry of the big short fame is, you know, shorting NVIDIA, you know, and Palantir, right?",21,21,21
CyrusOne/Cyrusone_Hearing_12032025.mp3,1589,8279.275,8279.475,0.2000000000007276,SPEAKER_06,Like...,1,1,1
CyrusOne/Cyrusone_Hearing_12032025.mp3,1590,8280.836,8285.419,4.583000000000538,SPEAKER_06,there's a lot of economic indicators that show that we are way over our skis on some of this stuff.,20,20,20
CyrusOne/Cyrusone_Hearing_12032025.mp3,1591,8285.439,8287.441,2.0020000000004075,SPEAKER_06,"So, you know, that would be a question I would ask them.",12,12,12
CyrusOne/Cyrusone_Hearing_12032025.mp3,1592,8287.461,8291.304,3.8430000000007567,SPEAKER_06,"Like, okay, well, what happens if, you know, the funding dries up?",12,12,12
CyrusOne/Cyrusone_Hearing_12032025.mp3,1593,8291.804,8293.305,1.5010000000002037,SPEAKER_06,"You know, what's in this building?",6,6,6
CyrusOne/Cyrusone_Hearing_12032025.mp3,1594,8293.345,8294.126,0.7810000000008586,SPEAKER_06,What's going to happen to it?,6,6,6
CyrusOne/Cyrusone_Hearing_12032025.mp3,1595,8294.746,8295.107,0.3610000000007858,SPEAKER_25,Thank you.,2,2,2
CyrusOne/Cyrusone_Hearing_12032025.mp3,1596,8297.208,8297.548,0.3400000000001455,SPEAKER_06,Okay.,1,1,1
CyrusOne/Cyrusone_Hearing_12032025.mp3,1597,8297.849,8305.854,8.0049999999992,SPEAKER_25,"What I did there was your time ended, but we still had a – we got about 40 seconds left on their 30-minute period here for the board members.",29,29,29
CyrusOne/Cyrusone_Hearing_12032025.mp3,1598,8306.435,8306.575,0.1400000000012369,,Okay.,1,1,0
CyrusOne/Cyrusone_Hearing_12032025.mp3,1599,8306.891,8308.912,2.0210000000006403,SPEAKER_25,I appreciate you guys working with me on this structure.,10,10,10
CyrusOne/Cyrusone_Hearing_12032025.mp3,1600,8308.932,8312.814,3.881999999999607,SPEAKER_25,I'm trying to make sure everybody gets things said and heard.,11,11,11
CyrusOne/Cyrusone_Hearing_12032025.mp3,1601,8313.134,8316.275,3.1409999999996217,SPEAKER_25,So hopefully you can see that.,6,6,6
CyrusOne/Cyrusone_Hearing_12032025.mp3,1602,8316.355,8321.297,4.942000000000917,SPEAKER_25,"So with that being period done, we're going to move to the next period.",14,14,14
CyrusOne/Cyrusone_Hearing_12032025.mp3,1603,8321.317,8329.281,7.964000000001761,SPEAKER_25,"Now remember, Red, what I was getting at, in the end, if you need something clarified, what you were just saying, you can get that clarified right at the end there with them.",33,33,33
CyrusOne/Cyrusone_Hearing_12032025.mp3,1604,8329.701,8330.061,0.3600000000005821,SPEAKER_25,"Yes, sir.",2,2,2
CyrusOne/Cyrusone_Hearing_12032025.mp3,1605,8330.721,8332.162,1.441000000000713,SPEAKER_25,"And so at 745, well...",5,5,5
CyrusOne/Cyrusone_Hearing_12032025.mp3,1606,8334.951,8335.812,0.8610000000007858,SPEAKER_25,"Hey, we're doing pretty good.",5,5,5
CyrusOne/Cyrusone_Hearing_12032025.mp3,1607,8335.872,8337.072,1.2000000000007276,SPEAKER_25,"We're within five minutes, you guys.",6,6,6
CyrusOne/Cyrusone_Hearing_12032025.mp3,1608,8337.653,8347.779,10.126000000000204,SPEAKER_25,"So we're going to do the county presentations from our professionals, and I do not have a list of who's coming up here from the county professionals.",27,27,27
CyrusOne/Cyrusone_Hearing_12032025.mp3,1609,8348.499,8349.22,0.7209999999995489,SPEAKER_25,"Oh, they're here already.",4,4,4
CyrusOne/Cyrusone_Hearing_12032025.mp3,1610,8350.321,8354.343,4.022000000000844,SPEAKER_25,So please identify yourselves and what you're going to talk about.,11,11,11
CyrusOne/Cyrusone_Hearing_12032025.mp3,1611,8357.665,8358.065,0.3999999999996362,SPEAKER_46,Perfect.,1,1,1
CyrusOne/Cyrusone_Hearing_12032025.mp3,1612,8361.536,8362.657,1.120999999999185,SPEAKER_46,"Thank you, Mr. Chairman.",4,4,4
CyrusOne/Cyrusone_Hearing_12032025.mp3,1613,8362.677,8363.838,1.1610000000000582,SPEAKER_46,"Good evening, County Board.",4,4,4
CyrusOne/Cyrusone_Hearing_12032025.mp3,1614,8363.858,8365.079,1.220999999999549,SPEAKER_46,Good to see everybody this evening.,6,6,6
CyrusOne/Cyrusone_Hearing_12032025.mp3,1615,8365.879,8369.302,3.422999999998865,SPEAKER_46,"My name is Byron Diener, and I'm the Sangamon County Supervisor of Assessments.",13,13,13
CyrusOne/Cyrusone_Hearing_12032025.mp3,1616,8370.122,8370.763,0.6410000000014406,SPEAKER_46,I am here.,3,3,3
CyrusOne/Cyrusone_Hearing_12032025.mp3,1617,8370.803,8385.153,14.350000000000364,SPEAKER_46,"I've been working on some of the evaluation questions about the project over the last eight weeks, and I've developed a series of five slides just to give you guys some data points to help you with your decision-making process this evening.",42,42,42
CyrusOne/Cyrusone_Hearing_12032025.mp3,1618,8386.394,8388.335,1.940999999998894,SPEAKER_46,The first slide I've got,5,5,5
CyrusOne/Cyrusone_Hearing_12032025.mp3,1619,8389.318,8400.704,11.386000000000422,SPEAKER_46,"Just to give you a rough data point about the number of – there are 453,036 acres of total farmland in beautiful Sangamon County.",24,24,24
CyrusOne/Cyrusone_Hearing_12032025.mp3,1620,8401.585,8413.211,11.626000000000204,SPEAKER_46,"This project is going to use approximately 270 acres of that, which will be six one-hundredths of one percent of the total available farm ground in Sangamon County.",28,28,28
CyrusOne/Cyrusone_Hearing_12032025.mp3,1621,8414.2,8415.18,0.9799999999995634,SPEAKER_46,"Go to the next slide, please.",6,6,6
CyrusOne/Cyrusone_Hearing_12032025.mp3,1622,8418.741,8423.942,5.200999999999112,SPEAKER_46,This is a construction cost summary that we've done for the project.,12,12,12
CyrusOne/Cyrusone_Hearing_12032025.mp3,1623,8423.962,8427.303,3.3410000000003492,SPEAKER_46,Been working on crunching these numbers for about the last eight weeks.,12,12,12
CyrusOne/Cyrusone_Hearing_12032025.mp3,1624,8428.463,8432.884,4.4210000000002765,SPEAKER_46,Have had numerous Zoom calls with the OSIRIS-1 team.,9,9,9
CyrusOne/Cyrusone_Hearing_12032025.mp3,1625,8432.904,8434.224,1.319999999999709,SPEAKER_46,They've been extremely helpful.,4,4,4
CyrusOne/Cyrusone_Hearing_12032025.mp3,1626,8434.244,8438.185,3.940999999998894,SPEAKER_46,Total development cost estimate for the project is approximately $500 million.,11,11,11
CyrusOne/Cyrusone_Hearing_12032025.mp3,1627,8440.343,8448.948,8.604999999999563,SPEAKER_46,"The anticipated fair market value estimate post-construction of what we believe the EI project to be worth will be in the neighborhood of $212,500,000.",24,24,24
CyrusOne/Cyrusone_Hearing_12032025.mp3,1628,8448.968,8456.053,7.084999999999127,SPEAKER_46,That's once the project is completely built out after the sixth year.,12,12,12
CyrusOne/Cyrusone_Hearing_12032025.mp3,1629,8457.574,8463.058,5.484000000000378,SPEAKER_46,"Using that fair market value estimate, we've been able to develop some property tax revenue ideas.",16,16,16
CyrusOne/Cyrusone_Hearing_12032025.mp3,1630,8465.239,8466.38,1.1409999999996217,SPEAKER_46,"Oh, I'm sorry?",3,3,3
CyrusOne/Cyrusone_Hearing_12032025.mp3,1631,8466.4,8466.62,0.22000000000116415,SPEAKER_15,Yeah.,1,1,1
CyrusOne/Cyrusone_Hearing_12032025.mp3,1632,8468.397,8468.877,0.47999999999956344,SPEAKER_25,"Go ahead, Myron.",3,3,3
CyrusOne/Cyrusone_Hearing_12032025.mp3,1633,8469.237,8470.898,1.6610000000000582,SPEAKER_46,"I'll go to the next slide, please.",7,7,7
CyrusOne/Cyrusone_Hearing_12032025.mp3,1634,8470.958,8471.298,0.3400000000001455,SPEAKER_46,Thank you.,2,2,2
CyrusOne/Cyrusone_Hearing_12032025.mp3,1635,8472.238,8476.72,4.481999999999971,SPEAKER_46,We developed a property tax estimate based on a 20-year example.,11,11,11
CyrusOne/Cyrusone_Hearing_12032025.mp3,1636,8479.861,8485.202,5.34099999999853,SPEAKER_46,"Utilizing the $212,500,000 valuation, the project would generate approximately $98,524,871 over the 20-year example period.",15,15,15
CyrusOne/Cyrusone_Hearing_12032025.mp3,1637,8494.898,8513.551,18.653000000000247,SPEAKER_46,"I'VE ALSO BROKEN IT DOWN BY THE DIFFERENT TAX DISTRICTS BY YEAR, TAKING INTO ACCOUNT THE CURRENT DEVELOPER'S PROJECTED DEVELOPMENT PATH OF BRINGING ONE BUILDING ONLINE PER YEAR FOR THE NEXT SIX YEARS.",33,33,33
CyrusOne/Cyrusone_Hearing_12032025.mp3,1638,8513.571,8522.238,8.666999999999462,SPEAKER_46,"TO HELP ILLUSTRATE THAT POINT A LITTLE BIT MORE, BECAUSE IT'S A BUNCH OF NUMBERS, I RECEIVED SOME HELP FROM JEFF WILHEIT,",22,22,22
CyrusOne/Cyrusone_Hearing_12032025.mp3,1639,8525.033,8530.654,5.621000000001004,SPEAKER_46,"Next slide, please, to do a pie chart.",8,8,8
CyrusOne/Cyrusone_Hearing_12032025.mp3,1640,8531.574,8541.016,9.441999999999098,SPEAKER_46,"The 20-year example for the property tax projection, you can see that the bulk of the revenue will be going to the North Mac School District.",26,26,26
CyrusOne/Cyrusone_Hearing_12032025.mp3,1641,8541.856,8546.597,4.7409999999999854,SPEAKER_46,"20-year projection in the example is $65,653,422.59, down to the Burton Fire Protection District over the 20-year example period.",19,19,19
CyrusOne/Cyrusone_Hearing_12032025.mp3,1642,8554.085,8555.586,1.5010000000002037,SPEAKER_46,"of $3,949,280.80.",2,2,2
CyrusOne/Cyrusone_Hearing_12032025.mp3,1643,8555.726,8582.487,26.760999999998603,SPEAKER_46,"Also, one of the positive things about expanding the EAV, the county's overall EAV, also the project this size, is it actually, if you're able to grow the county's EAV at a rate that is faster than inflation and faster than",41,41,41
CyrusOne/Cyrusone_Hearing_12032025.mp3,1644,8583.144,8592.027,8.88299999999981,SPEAKER_46,"each of those individual taxing bodies on levy growth, you're actually able to reduce the tax levy itself.",18,18,18
CyrusOne/Cyrusone_Hearing_12032025.mp3,1645,8592.647,8600.81,8.162999999998647,SPEAKER_46,"To help illustrate that, I did one graph to try to illustrate that inverse relationship.",15,15,15
CyrusOne/Cyrusone_Hearing_12032025.mp3,1646,8601.11,8611.774,10.66399999999885,SPEAKER_46,I picked out a taxing body that the County Board's been working on here over the last six months with the Verdon Fire Protection Ambulance,25,25,25
CyrusOne/Cyrusone_Hearing_12032025.mp3,1647,8612.475,8613.536,1.0609999999996944,SPEAKER_46,special service area.,3,3,3
CyrusOne/Cyrusone_Hearing_12032025.mp3,1648,8614.597,8626.567,11.969999999999345,SPEAKER_46,"As you can see, the impact, the dark blue line up top is the projected levy for that Amelie special service area over the next six, seven years.",28,28,28
CyrusOne/Cyrusone_Hearing_12032025.mp3,1649,8627.128,8639.839,12.71099999999933,SPEAKER_46,"And as you can see, the impact of the overall off-levy dropping because of the increase in the county's EAV that it actually drops that tax levy over that same six-year period.",32,32,32
CyrusOne/Cyrusone_Hearing_12032025.mp3,1650,8640.808,8645.891,5.082999999998719,SPEAKER_46,So I just wanted to throw out those six data points for you guys as we're going through.,18,18,18
CyrusOne/Cyrusone_Hearing_12032025.mp3,1651,8645.911,8662.681,16.770000000000437,SPEAKER_46,"I know you are digesting lots of fun information tonight, but I wanted to put that on your plate to help with your decision-making process.",25,25,25
CyrusOne/Cyrusone_Hearing_12032025.mp3,1652,8663.481,8668.785,5.304000000000087,SPEAKER_46,And I wanted to thank you all for taking the time to go through this whole exercise with us.,19,19,19
CyrusOne/Cyrusone_Hearing_12032025.mp3,1653,8669.225,8669.525,0.2999999999992724,SPEAKER_46,Thank you.,2,2,2
CyrusOne/Cyrusone_Hearing_12032025.mp3,1654,8676.602,8676.982,0.37999999999919964,SPEAKER_25,OKAY.,1,1,1
CyrusOne/Cyrusone_Hearing_12032025.mp3,1655,8680.305,8686.65,6.344999999999345,SPEAKER_25,"AND THE BOARD MEMBERS, WE'LL HAVE THE QUESTIONS OF ALL THESE PROFESSIONALS AGAIN AFTER THIS IS ALL DONE, AFTER THE 30-MINUTE TIME PERIOD.",23,23,23
CyrusOne/Cyrusone_Hearing_12032025.mp3,1656,8686.91,8689.372,2.4619999999995343,SPEAKER_25,"YOU'LL HAVE YOUR SET AGENDA AGAIN, OKAY?",7,7,7
CyrusOne/Cyrusone_Hearing_12032025.mp3,1657,8692.095,8692.895,0.8000000000010914,SPEAKER_15,I'M JOEL BENOIT.,3,3,3
CyrusOne/Cyrusone_Hearing_12032025.mp3,1658,8693.176,8696.418,3.242000000000189,SPEAKER_15,I'M THE CIVIL DIVISION CHIEF AT THE STATE'S ATTORNEY'S OFFICE.,10,10,10
CyrusOne/Cyrusone_Hearing_12032025.mp3,1659,8696.799,8699.581,2.7819999999992433,SPEAKER_15,"THE TWO ISSUES I WILL BRIEFLY ADDRESS ARE, ONE,",9,9,9
CyrusOne/Cyrusone_Hearing_12032025.mp3,1660,8700.143,8717.753,17.610000000000582,SPEAKER_15,"financial assurance for decommissioning as a condition of zoning approval for data storage centers, and secondly, whether enacting a moratorium on data storage centers has any legal effect.",28,28,28
CyrusOne/Cyrusone_Hearing_12032025.mp3,1661,8717.893,8723.676,5.782999999999447,SPEAKER_15,Each board member has been provided with a memo from Attorney Anthony Licata of TAF Law.,16,16,16
CyrusOne/Cyrusone_Hearing_12032025.mp3,1662,8724.156,8728.839,4.682999999999083,SPEAKER_15,"TAF Law, with 1,100 attorneys working throughout the country, is nationally recognized.",12,12,12
CyrusOne/Cyrusone_Hearing_12032025.mp3,1663,8729.404,8732.086,2.6819999999988795,SPEAKER_15,for its expertise in land use and zoning matters.,9,9,9
CyrusOne/Cyrusone_Hearing_12032025.mp3,1664,8732.806,8738.309,5.502999999998792,SPEAKER_15,And Mr. Licata of its Chicago office has over 35 years' experience with these matters.,15,15,15
CyrusOne/Cyrusone_Hearing_12032025.mp3,1665,8739.01,8759.122,20.11199999999917,SPEAKER_15,The State's Attorney's Office asked Mr. Licata to provide insight as to whether nationally financial assurance is required for such projects and also issues the Board should consider when deciding whether to enact a financial assurance requirement for these type of projects.,42,42,42
CyrusOne/Cyrusone_Hearing_12032025.mp3,1666,8760.052,8765.736,5.684000000001106,SPEAKER_15,"Now, each board member has been given that report and should carefully consider the TAP memo as a whole.",19,19,19
CyrusOne/Cyrusone_Hearing_12032025.mp3,1667,8766.456,8774.141,7.684999999999491,SPEAKER_15,But the main takeaway from the memo is that no other governmental bodies require financial assurance for these types of projects.,21,21,21
CyrusOne/Cyrusone_Hearing_12032025.mp3,1668,8775.142,8789.391,14.248999999999796,SPEAKER_15,"And were Sangamon County to require such financial assurance, it would incentivize developers to construct their projects in other jurisdictions, thereby depriving Sangamon County of the benefits",27,27,27
CyrusOne/Cyrusone_Hearing_12032025.mp3,1669,8790.386,8792.867,2.480999999999767,SPEAKER_15,OF THIS PROPOSED PROJECT.,4,4,4
CyrusOne/Cyrusone_Hearing_12032025.mp3,1670,8794.047,8818.857,24.80999999999949,SPEAKER_15,"AS TO THE MORATORIUM ISSUE, I'M KIND OF REPEATING MYSELF, AND SOME OF YOU MAY HAVE HEARD THIS BEFORE AT THE COUNTY BOARD MEETING, BUT I'VE BEEN ASKED TO SHARE MY OPINION ON THE LEGAL EFFECT OF THE COUNTY ENACTING A MORATORIUM PROVIDING THAT NO REQUEST FOR DATA STORAGE CENTER ZONING APPROVALS WOULD BE CONSIDERED UNTIL THE COUNTY ENACTS NEW RULES GOVERNING THE ZONING OF SUCH PROJECTS.",67,67,67
CyrusOne/Cyrusone_Hearing_12032025.mp3,1671,8819.908,8822.69,2.7820000000010623,SPEAKER_15,such a moratorium would have no legal effect.,8,8,8
CyrusOne/Cyrusone_Hearing_12032025.mp3,1672,8823.371,8828.655,5.28400000000147,SPEAKER_15,Everyone would be entitled to continue to rely on the existing zoning rules.,13,13,13
CyrusOne/Cyrusone_Hearing_12032025.mp3,1673,8830.537,8836.702,6.164999999999054,SPEAKER_15,Now it's true that no one has the right to the continuation of existing zoning laws.,16,16,16
CyrusOne/Cyrusone_Hearing_12032025.mp3,1674,8837.583,8847.872,10.28899999999885,SPEAKER_15,"However, rights under existing zoning laws vest when a person reasonably believes they will be allowed to develop property under existing law and this",24,24,24
CyrusOne/Cyrusone_Hearing_12032025.mp3,1675,8848.443,8854.645,6.202000000001135,SPEAKER_15,REASONABLE BELIEF RISES BECAUSE NO OFFICIAL ACTION HAS TAKEN PLACE TO CHANGE THE EXISTING LAW.,15,15,15
CyrusOne/Cyrusone_Hearing_12032025.mp3,1676,8855.225,8858.606,3.3809999999994034,SPEAKER_15,"AND SECONDLY, THEY HAVE SUBSTANTIALLY CHANGED THEIR POSITION.",8,8,8
CyrusOne/Cyrusone_Hearing_12032025.mp3,1677,8859.707,8864.448,4.7409999999999854,SPEAKER_15,AN EXAMPLE OF THAT IS INCURRING SUBSTANTIAL EXPENSES BASED ON THIS REASONABLE BELIEF.,13,13,13
CyrusOne/Cyrusone_Hearing_12032025.mp3,1678,8865.689,8876.212,10.522999999999229,SPEAKER_15,SO THE ONLY WAY THE COUNTY CAN PREVENT PEOPLE FROM ALIGNING ON EXISTING ZONING RULES IS TO FORMALLY START THE PROCESS OF CHANGING THE EXISTING LAW.,26,26,26
CyrusOne/Cyrusone_Hearing_12032025.mp3,1679,8877.182,8882.866,5.683999999999287,SPEAKER_15,Amending the county zoning ordinance requires a text amendment pursuant to Illinois statute.,13,13,13
CyrusOne/Cyrusone_Hearing_12032025.mp3,1680,8883.446,8895.373,11.92699999999968,SPEAKER_15,"This involves introducing proposed amendments before the zoning committee, which if approved, they next go before the zoning board of appeals, and then finally they're considered by the county board.",30,30,30
CyrusOne/Cyrusone_Hearing_12032025.mp3,1681,8896.734,8902.678,5.943999999999505,SPEAKER_15,"So for purposes of ending reasonable reliance on an existing zoning rule,",12,12,12
CyrusOne/Cyrusone_Hearing_12032025.mp3,1682,8905.72,8914.227,8.507000000001426,SPEAKER_15,the time would it be reasonable to rely on existing zoning rules would occur at the time the proposed amendment to that rule was presented to the committee.,28,28,28
CyrusOne/Cyrusone_Hearing_12032025.mp3,1683,8914.887,8919.811,4.923999999999069,SPEAKER_15,"So before the formal process starts to change a rule, people can rely on the old rule.",17,17,17
CyrusOne/Cyrusone_Hearing_12032025.mp3,1684,8920.992,8933.943,12.950999999999112,SPEAKER_15,"So in my opinion, while passing a resolution called a moratorium may send a signal to potential developers that the county is opposed to granting zoning approval for data storage centers under its existing zoning law,",36,36,36
CyrusOne/Cyrusone_Hearing_12032025.mp3,1685,8934.402,8937.183,2.7810000000008586,SPEAKER_15,SUCH A RESOLUTION HAS NO LEGAL EFFECT.,7,7,7
CyrusOne/Cyrusone_Hearing_12032025.mp3,1686,8938.124,8953.572,15.44800000000032,SPEAKER_15,"AGAIN, IF BOARD MEMBERS WANT TO ACHIEVE THE EFFECT OF A MORATORIUM, THEY SHOULD SPONSOR A RESOLUTION WITH THE BROAD CHANGES THEY DESIRE TO THE COUNTY CODE PROVISIONS PRESENTLY GOVERNING THE ZONING OF DATA STORAGE CENTERS.",36,36,36
CyrusOne/Cyrusone_Hearing_12032025.mp3,1687,8956.689,8966.674,9.985000000000582,SPEAKER_15,"My opinion relies on an Illinois Supreme Court opinion, 1350 Lakeshore Associates versus Healy, 223 Illinois 2nd, 607.",18,18,18
CyrusOne/Cyrusone_Hearing_12032025.mp3,1688,8967.454,8968.955,1.5010000000002037,SPEAKER_15,And that's from the year 2006.,6,6,6
CyrusOne/Cyrusone_Hearing_12032025.mp3,1689,8973.717,8976.459,2.742000000000189,SPEAKER_25,Okay.,1,1,1
CyrusOne/Cyrusone_Hearing_12032025.mp3,1690,8977.719,8978.7,0.9810000000015862,SPEAKER_25,"Tristan, are you next?",4,4,4
CyrusOne/Cyrusone_Hearing_12032025.mp3,1691,8979.22,8979.42,0.2000000000007276,SPEAKER_25,No.,1,1,1
CyrusOne/Cyrusone_Hearing_12032025.mp3,1692,8980.14,8980.661,0.5210000000006403,SPEAKER_25,Who's next?,2,2,2
CyrusOne/Cyrusone_Hearing_12032025.mp3,1693,8981.441,8982.041,0.5999999999985448,SPEAKER_22,"Oh, Mark Pruitt.",3,3,3
CyrusOne/Cyrusone_Hearing_12032025.mp3,1694,8982.061,8982.721,0.6599999999998545,SPEAKER_22,"I'm so sorry, sir.",4,4,4
CyrusOne/Cyrusone_Hearing_12032025.mp3,1695,8982.741,8983.722,0.9809999999997672,SPEAKER_25,"Here, take this down to you.",6,6,6
CyrusOne/Cyrusone_Hearing_12032025.mp3,1696,8985.877,8986.457,0.5799999999999272,SPEAKER_23,Almost got you.,3,3,3
CyrusOne/Cyrusone_Hearing_12032025.mp3,1697,8990.638,8999.9,9.261999999998807,SPEAKER_23,I think we've got some... And is that teed up?,10,10,10
CyrusOne/Cyrusone_Hearing_12032025.mp3,1698,9004.001,9005.401,1.3999999999996362,SPEAKER_23,Is the presentation teed up?,5,5,5
CyrusOne/Cyrusone_Hearing_12032025.mp3,1699,9006.201,9006.682,0.48100000000158616,SPEAKER_23,"Oh, there you go.",4,4,4
CyrusOne/Cyrusone_Hearing_12032025.mp3,1700,9006.702,9007.582,0.8800000000010186,SPEAKER_23,Awesome.,1,1,1
CyrusOne/Cyrusone_Hearing_12032025.mp3,1701,9010.202,9011.883,1.6810000000004948,SPEAKER_25,"He's behind you, the guy running this one.",8,8,8
CyrusOne/Cyrusone_Hearing_12032025.mp3,1702,9012.103,9012.483,0.38000000000101863,SPEAKER_23,Great.,1,1,1
CyrusOne/Cyrusone_Hearing_12032025.mp3,1703,9014.75,9015.73,0.9799999999995634,SPEAKER_23,My name is Mark Pruitt.,5,5,5
CyrusOne/Cyrusone_Hearing_12032025.mp3,1704,9015.93,9017.171,1.2409999999999854,SPEAKER_23,I am an independent consultant.,5,5,5
CyrusOne/Cyrusone_Hearing_12032025.mp3,1705,9017.211,9025.094,7.882999999999811,SPEAKER_23,I was retained by the county to review some of the stated plans for the data center.,17,17,17
CyrusOne/Cyrusone_Hearing_12032025.mp3,1706,9026.254,9027.134,0.8799999999991996,SPEAKER_23,This may be off.,4,4,4
CyrusOne/Cyrusone_Hearing_12032025.mp3,1707,9030.295,9030.696,0.40099999999983993,SPEAKER_23,That's great.,2,2,2
CyrusOne/Cyrusone_Hearing_12032025.mp3,1708,9032.016,9033.557,1.5410000000010768,SPEAKER_23,I have more slides here than we're going to go through.,11,11,11
CyrusOne/Cyrusone_Hearing_12032025.mp3,1709,9033.917,9034.817,0.8999999999996362,SPEAKER_23,You can have the slides.,5,5,5
CyrusOne/Cyrusone_Hearing_12032025.mp3,1710,9035.217,9036.237,1.0199999999986176,SPEAKER_23,And I don't read slides.,5,5,5
CyrusOne/Cyrusone_Hearing_12032025.mp3,1711,9036.658,9043.5,6.842000000000553,SPEAKER_23,"So I'm just going to go through, hit the high points, and try to get the main findings of this report.",21,21,21
CyrusOne/Cyrusone_Hearing_12032025.mp3,1712,9044.582,9045.683,1.1010000000005675,SPEAKER_23,give you the context.,4,4,4
CyrusOne/Cyrusone_Hearing_12032025.mp3,1713,9046.304,9054.251,7.947000000000116,SPEAKER_23,"I would say, based on some comments I've received already, the first section and the last section, two pages, are probably the real operative.",24,24,24
CyrusOne/Cyrusone_Hearing_12032025.mp3,1714,9054.411,9056.092,1.6810000000004948,SPEAKER_23,The middle part is the boring part.,7,7,7
CyrusOne/Cyrusone_Hearing_12032025.mp3,1715,9056.653,9061.237,4.583999999998923,SPEAKER_23,"As my daughter says, Dad, why are you talking to these people late at night?",15,15,15
CyrusOne/Cyrusone_Hearing_12032025.mp3,1716,9061.477,9062.818,1.3409999999985303,SPEAKER_23,They're already tired.,3,3,3
CyrusOne/Cyrusone_Hearing_12032025.mp3,1717,9064.08,9067.242,3.162000000000262,SPEAKER_23,"So real quick, we did an analysis and there's findings.",10,10,10
CyrusOne/Cyrusone_Hearing_12032025.mp3,1718,9067.343,9067.763,0.42000000000007276,SPEAKER_23,Next slide.,2,2,2
CyrusOne/Cyrusone_Hearing_12032025.mp3,1719,9069.728,9070.288,0.5600000000013097,SPEAKER_23,This is me.,3,3,3
CyrusOne/Cyrusone_Hearing_12032025.mp3,1720,9070.649,9071.389,0.7399999999997817,SPEAKER_23,I'm a consultant.,3,3,3
CyrusOne/Cyrusone_Hearing_12032025.mp3,1721,9071.569,9073.05,1.4809999999997672,SPEAKER_23,I used to be somebody in Illinois.,7,7,7
CyrusOne/Cyrusone_Hearing_12032025.mp3,1722,9073.19,9078.653,5.462999999999738,SPEAKER_23,I was the director of a state agency that negotiates the wholesale power contracts for Commonwealth Edison and Ameren.,19,19,19
CyrusOne/Cyrusone_Hearing_12032025.mp3,1723,9079.133,9085.897,6.764000000001033,SPEAKER_23,Also negotiated the renewable portfolio standard and the energy efficiency portfolio standard and the clean coal portfolio standard.,18,18,18
CyrusOne/Cyrusone_Hearing_12032025.mp3,1724,9086.137,9088.379,2.242000000000189,SPEAKER_23,So that's what I did in the old days.,9,9,9
CyrusOne/Cyrusone_Hearing_12032025.mp3,1725,9088.739,9089.78,1.0410000000010768,SPEAKER_23,I do consulting now.,4,4,4
CyrusOne/Cyrusone_Hearing_12032025.mp3,1726,9090.14,9095.223,5.083000000000538,SPEAKER_23,Most recently I was in Springfield working during the veto session on the energy bill.,15,15,15
CyrusOne/Cyrusone_Hearing_12032025.mp3,1727,9095.503,9099.285,3.7819999999992433,SPEAKER_23,I did the analysis to promote the battery storage portion of that bill.,13,13,13
CyrusOne/Cyrusone_Hearing_12032025.mp3,1728,9099.918,9102.319,2.40099999999984,SPEAKER_23,"So I'm a numbers guy, right?",6,6,6
CyrusOne/Cyrusone_Hearing_12032025.mp3,1729,9102.579,9107.782,5.20299999999952,SPEAKER_23,"People come to me with a problem, they say, what will happen in the market if we do this or that?",21,21,21
CyrusOne/Cyrusone_Hearing_12032025.mp3,1730,9108.202,9108.542,0.3400000000001455,SPEAKER_23,That's it.,2,2,2
CyrusOne/Cyrusone_Hearing_12032025.mp3,1731,9109.583,9109.983,0.3999999999996362,SPEAKER_23,Next slide.,2,2,2
CyrusOne/Cyrusone_Hearing_12032025.mp3,1732,9110.724,9113.725,3.0010000000002037,SPEAKER_23,"Oh, I'm also a lab affiliate at Argonne.",8,8,8
CyrusOne/Cyrusone_Hearing_12032025.mp3,1733,9114.365,9115.446,1.081000000000131,SPEAKER_23,I teach at Northwestern.,4,4,4
CyrusOne/Cyrusone_Hearing_12032025.mp3,1734,9116.586,9118.608,2.022000000000844,SPEAKER_23,Those are the flag waving things.,6,6,6
CyrusOne/Cyrusone_Hearing_12032025.mp3,1735,9119.268,9125.351,6.083000000000538,SPEAKER_23,"Okay, so what I did was I took a look at the project data as it was available today.",19,19,19
CyrusOne/Cyrusone_Hearing_12032025.mp3,1736,9125.75,9143.502,17.752000000000407,SPEAKER_23,"LOCATION, UTILITY SYSTEM, AND INTERCONNECTION, MARKET DATA, SO WE TOOK A LOOK AT AMRIN, MISO, MID-CONTINENT INDEPENDENT SYSTEM OPERATOR, FERC, AND THEN SOME VERY SPECIALIZED DATA AROUND HOW THE WHOLESALE SYSTEM WORKS HERE IN THIS CENTRAL ILLINOIS REGION.",38,38,38
CyrusOne/Cyrusone_Hearing_12032025.mp3,1737,9143.843,9149.006,5.162999999998647,SPEAKER_23,THEN WE HAD INTERVIEWS WITH THESE PARTIES DOWN AT THE BOTTOM.,11,11,11
CyrusOne/Cyrusone_Hearing_12032025.mp3,1738,9149.607,9149.987,0.37999999999919964,SPEAKER_23,NEXT SLIDE.,2,2,2
CyrusOne/Cyrusone_Hearing_12032025.mp3,1739,9150.807,9154.41,3.602999999999156,SPEAKER_23,SO THAT BORING MIDDLE PART OF THE REPORT,8,8,8
CyrusOne/Cyrusone_Hearing_12032025.mp3,1740,9155.409,9175.003,19.59400000000096,SPEAKER_23,"lays out how all these parties that are all the way over on the left, starting with the Federal Energy Regulatory Commission, moving down through the regional authority, which is the independent system operator, going on down to the generators, transmission, marketers, and then local service utilities, right?",48,48,48
CyrusOne/Cyrusone_Hearing_12032025.mp3,1741,9175.804,9180.087,4.282999999999447,SPEAKER_23,How they all have roles as they relate to reliability and cost.,12,12,12
CyrusOne/Cyrusone_Hearing_12032025.mp3,1742,9180.547,9183.129,2.5820000000003347,SPEAKER_23,"So two takeaways, lots of parties,",6,6,6
CyrusOne/Cyrusone_Hearing_12032025.mp3,1743,9184.212,9185.232,1.0200000000004366,SPEAKER_23,Lots of obligations.,3,3,3
CyrusOne/Cyrusone_Hearing_12032025.mp3,1744,9185.312,9192.715,7.403000000000247,SPEAKER_23,"The further down you are on the list, the more obligations and operational activity you have to manage going up.",20,20,20
CyrusOne/Cyrusone_Hearing_12032025.mp3,1745,9192.935,9195.175,2.2399999999997817,SPEAKER_23,So there are no simple answers in this business.,9,9,9
CyrusOne/Cyrusone_Hearing_12032025.mp3,1746,9195.255,9197.876,2.621000000001004,SPEAKER_23,That's why people like me have a job.,8,8,8
CyrusOne/Cyrusone_Hearing_12032025.mp3,1747,9198.937,9200.477,1.5400000000008731,SPEAKER_23,You can read this whenever you like.,7,7,7
CyrusOne/Cyrusone_Hearing_12032025.mp3,1748,9200.797,9201.237,0.4399999999986903,SPEAKER_23,Next slide.,2,2,2
CyrusOne/Cyrusone_Hearing_12032025.mp3,1749,9202.658,9205.779,3.121000000001004,SPEAKER_23,So how do we arrange what we look for?,9,9,9
CyrusOne/Cyrusone_Hearing_12032025.mp3,1750,9206.559,9213.221,6.662000000000262,SPEAKER_23,"We had two primary issues raised by the parties, issues of reliability and cost.",14,14,14
CyrusOne/Cyrusone_Hearing_12032025.mp3,1751,9213.537,9218.021,4.484000000000378,SPEAKER_23,So reliability and cost expose themselves in a few different areas.,11,11,11
CyrusOne/Cyrusone_Hearing_12032025.mp3,1752,9218.341,9221.484,3.143000000000029,SPEAKER_23,"So if we start with the data center at the top, we have reliability and cost.",16,16,16
CyrusOne/Cyrusone_Hearing_12032025.mp3,1753,9221.504,9222.765,1.260999999998603,SPEAKER_23,Those are our two categories.,5,5,5
CyrusOne/Cyrusone_Hearing_12032025.mp3,1754,9223.185,9224.887,1.702000000001135,SPEAKER_23,Let's go with reliability and drill down.,7,7,7
CyrusOne/Cyrusone_Hearing_12032025.mp3,1755,9225.587,9228.33,2.743000000000393,SPEAKER_23,The local utility has issues of reliability.,7,7,7
CyrusOne/Cyrusone_Hearing_12032025.mp3,1756,9228.61,9233.414,4.804000000000087,SPEAKER_23,That gets to the issue of what's the likelihood of a blackout and then what's the priority of returning service.,20,20,20
CyrusOne/Cyrusone_Hearing_12032025.mp3,1757,9233.908,9237.469,3.5609999999996944,SPEAKER_23,"IF WE TAKE A LOOK ALSO, RELIABILITIES AT THE REGIONAL GRID.",11,11,11
CyrusOne/Cyrusone_Hearing_12032025.mp3,1758,9237.489,9240.39,2.90099999999984,SPEAKER_23,"SO THIS ISN'T JUST A LOCAL ISSUE, IT'S A REGIONAL ISSUE.",11,11,11
CyrusOne/Cyrusone_Hearing_12032025.mp3,1759,9240.891,9247.253,6.3620000000009895,SPEAKER_23,"AT THE REGIONAL ISSUE, WE'RE INTERESTED IN WHAT WILL THIS DATA CENTER DO WITH REGARD TO TRANSMISSION AND GENERATION?",19,19,19
CyrusOne/Cyrusone_Hearing_12032025.mp3,1760,9247.673,9248.894,1.220999999999549,SPEAKER_23,SEE HOW THAT WATER FALLS DOWN?,6,6,6
CyrusOne/Cyrusone_Hearing_12032025.mp3,1761,9249.414,9252.695,3.2809999999990396,SPEAKER_18,"THAT'S THAT BORING MIDDLE PART OF THE REPORT, RIGHT?",9,9,9
CyrusOne/Cyrusone_Hearing_12032025.mp3,1762,9252.775,9255.456,2.6810000000004948,SPEAKER_23,IT'S JUST GOING THROUGH HOW ALL THESE THINGS WORK.,9,9,9
CyrusOne/Cyrusone_Hearing_12032025.mp3,1763,9255.776,9258.217,2.441000000000713,SPEAKER_23,"THEY'RE VERY RELATED, BUT THEY RHYME.",6,6,6
CyrusOne/Cyrusone_Hearing_12032025.mp3,1764,9258.317,9259.158,0.8410000000003492,SPEAKER_23,THEY DON'T DUPLICATE.,3,3,3
CyrusOne/Cyrusone_Hearing_12032025.mp3,1765,9259.578,9262.959,3.3810000000012224,SPEAKER_23,"SO ON THE COST SIDE, AGAIN, UTILITY, REGIONAL GRID,",9,9,9
CyrusOne/Cyrusone_Hearing_12032025.mp3,1766,9263.55,9269.435,5.885000000000218,SPEAKER_23,"And under the local utility, there are costs for the interconnection, delivery charges, and energy supply.",16,16,16
CyrusOne/Cyrusone_Hearing_12032025.mp3,1767,9269.935,9277.201,7.265999999999622,SPEAKER_23,"And then at the regional grid, as was mentioned earlier, when you introduce a large load into this market, will that change prices for energy and capacity?",27,27,27
CyrusOne/Cyrusone_Hearing_12032025.mp3,1768,9277.781,9279.202,1.4209999999984575,SPEAKER_23,So that's the breakdown.,4,4,4
CyrusOne/Cyrusone_Hearing_12032025.mp3,1769,9279.743,9280.203,0.4599999999991269,SPEAKER_23,Next slide.,2,2,2
CyrusOne/Cyrusone_Hearing_12032025.mp3,1770,9281.184,9281.424,0.2400000000016007,SPEAKER_23,Okay.,1,1,1
CyrusOne/Cyrusone_Hearing_12032025.mp3,1771,9281.924,9284.366,2.441999999999098,SPEAKER_23,So these are the key questions.,6,6,6
CyrusOne/Cyrusone_Hearing_12032025.mp3,1772,9284.526,9290.211,5.684999999999491,SPEAKER_23,"I'm not going to read all these to you, but these were largely provided by the folks that I interviewed, right?",21,21,21
CyrusOne/Cyrusone_Hearing_12032025.mp3,1773,9290.231,9291.792,1.5609999999996944,SPEAKER_23,So these are not my queries.,6,6,6
CyrusOne/Cyrusone_Hearing_12032025.mp3,1774,9292.172,9294.593,2.4210000000002765,SPEAKER_23,I'm not here to tell anybody to do one thing or another.,12,12,12
CyrusOne/Cyrusone_Hearing_12032025.mp3,1775,9295.033,9303.277,8.244000000000597,SPEAKER_23,"I'm just trying to organize the information, get down to the issues of how this wholesale market actually works and give you an assessment, right?",25,25,25
CyrusOne/Cyrusone_Hearing_12032025.mp3,1776,9303.357,9304.457,1.1000000000003638,SPEAKER_23,I'm not doing an audit.,5,5,5
CyrusOne/Cyrusone_Hearing_12032025.mp3,1777,9304.838,9307.319,2.480999999999767,SPEAKER_23,I'm not reviewing contracts or anything like that.,8,8,8
CyrusOne/Cyrusone_Hearing_12032025.mp3,1778,9307.339,9315.242,7.903000000000247,SPEAKER_23,"I'm saying, look, if you go through with what you present, this is likely what's going to happen based on these conditions.",22,22,22
CyrusOne/Cyrusone_Hearing_12032025.mp3,1779,9315.662,9316.703,1.0409999999992579,SPEAKER_23,So that that's my job.,5,5,5
CyrusOne/Cyrusone_Hearing_12032025.mp3,1780,9317.443,9317.903,0.4600000000009459,SPEAKER_23,Next slide.,2,2,2
CyrusOne/Cyrusone_Hearing_12032025.mp3,1781,9319.224,9321.785,2.5609999999996944,SPEAKER_23,So let's talk real quick about reliability.,7,7,7
CyrusOne/Cyrusone_Hearing_12032025.mp3,1782,9322.555,9323.975,1.4200000000000728,SPEAKER_23,I THINK YOU SAW THIS A LITTLE BIT BEFORE.,9,9,9
CyrusOne/Cyrusone_Hearing_12032025.mp3,1783,9324.216,9325.816,1.6000000000003638,SPEAKER_23,THE RED LINE IS THE TRANSMISSION LINE.,7,7,7
CyrusOne/Cyrusone_Hearing_12032025.mp3,1784,9326.216,9328.617,2.40099999999984,SPEAKER_23,THE SUBSTATION IN THE SOLAR FARM IS ALL AROUND THERE.,10,10,10
CyrusOne/Cyrusone_Hearing_12032025.mp3,1785,9329.437,9330.857,1.4200000000000728,SPEAKER_23,AND THE DATA CENTER IS UP AT A.,8,8,8
CyrusOne/Cyrusone_Hearing_12032025.mp3,1786,9331.938,9339.9,7.961999999999534,SPEAKER_23,"FOR RELIABILITY WITHIN THE RECC SYSTEM, ESSENTIALLY, THIS IS AN ISOLATED DISTRIBUTION SYSTEM FOR THAT ONE CUSTOMER.",17,17,17
CyrusOne/Cyrusone_Hearing_12032025.mp3,1787,9340.14,9346.542,6.402000000000044,SPEAKER_23,"THAT MEANS IF THERE'S EVER A PROBLEM WITH THAT ONE CUSTOMER, ALL THE REST OF THE RECC CUSTOMERS ARE NOT IMPACTED.",21,21,21
CyrusOne/Cyrusone_Hearing_12032025.mp3,1788,9347.342,9348.762,1.4200000000000728,SPEAKER_23,THEY'RE NOT SHARING THE SAME SYSTEM.,6,6,6
CyrusOne/Cyrusone_Hearing_12032025.mp3,1789,9349.342,9350.423,1.081000000000131,SPEAKER_23,THEY'RE EFFECTIVELY SEPARATE.,3,3,3
CyrusOne/Cyrusone_Hearing_12032025.mp3,1790,9352.587,9366.533,13.945999999999913,SPEAKER_23,"WHEN WE TALK ABOUT THE, YOU KNOW, HOW THAT WORKS, YOU SAY, WELL, OKAY, WELL, MARK, WHAT IF YOU OVERLOAD THAT ONE POINT, RIGHT, OVER THERE WITH THE PIN?",29,29,29
CyrusOne/Cyrusone_Hearing_12032025.mp3,1791,9366.913,9368.294,1.3809999999994034,SPEAKER_23,THAT'S WHERE THE DATA CENTER IS GOING TO BE.,9,9,9
CyrusOne/Cyrusone_Hearing_12032025.mp3,1792,9368.634,9370.695,2.0609999999996944,SPEAKER_23,YOU SEE THE RED TRANSMISSION LINE THAT THAT'S ON?,9,9,9
CyrusOne/Cyrusone_Hearing_12032025.mp3,1793,9371.055,9375.137,4.082000000000335,SPEAKER_23,"THAT'S THE ILLINOIS RIVERS TRANSMISSION LINE, GOES ALL THE WAY FROM MISSOURI, ALL THE WAY TO INDIANA.",17,17,17
CyrusOne/Cyrusone_Hearing_12032025.mp3,1794,9376.737,9380.679,3.9420000000009168,SPEAKER_23,"ALL THE OTHER POINTS OF INTERCONNECTION BETWEEN THE RECC NETWORK,",10,10,10
CyrusOne/Cyrusone_Hearing_12032025.mp3,1795,9381.615,9382.695,1.0799999999999272,SPEAKER_23,isn't on that same line.,5,5,5
CyrusOne/Cyrusone_Hearing_12032025.mp3,1796,9383.616,9385.276,1.6599999999998545,SPEAKER_23,So that's not even downstream.,5,5,5
CyrusOne/Cyrusone_Hearing_12032025.mp3,1797,9385.596,9390.438,4.842000000000553,SPEAKER_23,"All the RECC interactions are with the yellow and white lines, which are lower voltage.",15,15,15
CyrusOne/Cyrusone_Hearing_12032025.mp3,1798,9390.638,9394.86,4.221999999999753,SPEAKER_23,And you notice that they don't really connect anywhere to that Illinois rivers network.,14,14,14
CyrusOne/Cyrusone_Hearing_12032025.mp3,1799,9395.3,9397.12,1.820000000001528,SPEAKER_23,So I'm not saying that they're completely separate.,8,8,8
CyrusOne/Cyrusone_Hearing_12032025.mp3,1800,9397.22,9398.921,1.7010000000009313,SPEAKER_23,I'm just saying that they're functionally separate.,7,7,7
CyrusOne/Cyrusone_Hearing_12032025.mp3,1801,9399.401,9407.884,8.483000000000175,SPEAKER_23,"So if you have a problem with one customer set, the RECC existing customers, they're not going to have any impact on the data center and vice versa.",28,28,28
CyrusOne/Cyrusone_Hearing_12032025.mp3,1802,9408.764,9409.145,0.38100000000122236,SPEAKER_23,Next slide.,2,2,2
CyrusOne/Cyrusone_Hearing_12032025.mp3,1803,9411.076,9416.76,5.684000000001106,SPEAKER_23,"Question, is there enough capacity in the market to meet this need?",12,12,12
CyrusOne/Cyrusone_Hearing_12032025.mp3,1804,9417.12,9431.649,14.528999999998632,SPEAKER_23,"So the thing you need to realize, and I was running some numbers here, the 600 megawatts of capacity for the status center compares to 137,000 megawatts of generating capacity in MISO, right?",33,33,33
CyrusOne/Cyrusone_Hearing_12032025.mp3,1805,9431.689,9436.392,4.70299999999952,SPEAKER_23,So it's not just what power plant is next door or down the street or even within the same state.,20,20,20
CyrusOne/Cyrusone_Hearing_12032025.mp3,1806,9436.733,9437.493,0.7600000000002183,SPEAKER_23,This is a network.,4,4,4
CyrusOne/Cyrusone_Hearing_12032025.mp3,1807,9437.904,9441.305,3.40099999999984,SPEAKER_23,"So you have 137,000 megawatts of generating capacity today.",9,9,9
CyrusOne/Cyrusone_Hearing_12032025.mp3,1808,9441.746,9444.107,2.361000000000786,SPEAKER_23,You're looking to add 600 megawatts.,6,6,6
CyrusOne/Cyrusone_Hearing_12032025.mp3,1809,9444.267,9445.347,1.0799999999999272,SPEAKER_23,That's 0.4%.,2,2,2
CyrusOne/Cyrusone_Hearing_12032025.mp3,1810,9445.827,9453.15,7.32300000000032,SPEAKER_23,"There are 300,000 megawatts of new capacity proposed for MISO right now.",12,12,12
CyrusOne/Cyrusone_Hearing_12032025.mp3,1811,9453.39,9456.892,3.5020000000004075,SPEAKER_23,So you're going to have all these new power plants coming online.,12,12,12
CyrusOne/Cyrusone_Hearing_12032025.mp3,1812,9457.792,9458.913,1.121000000001004,SPEAKER_23,"Not all of them, but some of them.",8,8,8
CyrusOne/Cyrusone_Hearing_12032025.mp3,1813,9459.393,9461.874,2.480999999999767,SPEAKER_23,"The 600 megawatts proposed today is 0.2% of that 300,000.",10,10,10
CyrusOne/Cyrusone_Hearing_12032025.mp3,1814,9461.894,9462.974,1.0799999999999272,SPEAKER_23,"So it is a big place, but",7,7,7
CyrusOne/Cyrusone_Hearing_12032025.mp3,1815,9467.512,9468.652,1.139999999999418,SPEAKER_23,MISO is even bigger.,4,4,4
CyrusOne/Cyrusone_Hearing_12032025.mp3,1816,9469.412,9472.613,3.2009999999991123,SPEAKER_23,It goes all the way from the Gulf of Mexico up into Canada.,13,13,13
CyrusOne/Cyrusone_Hearing_12032025.mp3,1817,9472.893,9477.474,4.581000000000131,SPEAKER_23,So you're stepping into this much larger pool of generating capacity.,11,11,11
CyrusOne/Cyrusone_Hearing_12032025.mp3,1818,9477.954,9479.895,1.941000000000713,SPEAKER_23,"And MISO has said, yeah, we have enough.",8,8,8
CyrusOne/Cyrusone_Hearing_12032025.mp3,1819,9480.215,9480.935,0.7199999999993452,SPEAKER_23,We can handle that.,4,4,4
CyrusOne/Cyrusone_Hearing_12032025.mp3,1820,9482.715,9492.097,9.381999999999607,SPEAKER_23,So this is just to remind you that there's all kinds of generation coming from all kinds of resources that will be available for this and all other consumers that currently exist.,32,32,32
CyrusOne/Cyrusone_Hearing_12032025.mp3,1821,9493.097,9493.517,0.42000000000007276,SPEAKER_23,Next slide.,2,2,2
CyrusOne/Cyrusone_Hearing_12032025.mp3,1822,9494.998,9496.998,2.0,SPEAKER_23,Another thing is that's just MISO.,6,6,6
CyrusOne/Cyrusone_Hearing_12032025.mp3,1823,9497.304,9511.154,13.850000000000364,SPEAKER_23,"This is a very fancy consulting grid line graph that simply shows that MISO can import capacity from PJM, from SPP, and TVA, and all these other neighboring wholesale regions.",30,30,30
CyrusOne/Cyrusone_Hearing_12032025.mp3,1824,9511.554,9521.681,10.127000000000407,SPEAKER_23,"So that capacity that we just mentioned, that 137,000 megawatts, is also augmented by available capacity in neighboring regions.",19,19,19
CyrusOne/Cyrusone_Hearing_12032025.mp3,1825,9522.501,9522.742,0.24099999999998545,SPEAKER_23,Right?,1,1,1
CyrusOne/Cyrusone_Hearing_12032025.mp3,1826,9523.666,9529.187,5.52100000000064,SPEAKER_23,IT'S A BIG WORLD OUT THERE AND WE'RE TALKING ABOUT ONE DATA CENTER IN THAT MUCH BIGGER ENVIRONMENT.,18,18,18
CyrusOne/Cyrusone_Hearing_12032025.mp3,1827,9529.767,9531.708,1.941000000000713,SPEAKER_23,NEXT SLIDE.,2,2,2
CyrusOne/Cyrusone_Hearing_12032025.mp3,1828,9533.048,9533.488,0.4399999999986903,SPEAKER_23,COST.,1,1,1
CyrusOne/Cyrusone_Hearing_12032025.mp3,1829,9534.008,9536.809,2.800999999999476,SPEAKER_23,SO THESE ARE THE COSTS THAT ARE GOING TO BE EXPERIENCED.,11,11,11
CyrusOne/Cyrusone_Hearing_12032025.mp3,1830,9538.749,9539.809,1.0599999999994907,SPEAKER_23,TRANSMISSION INTERCONNECTION.,2,2,2
CyrusOne/Cyrusone_Hearing_12032025.mp3,1831,9540.589,9546.711,6.121999999999389,SPEAKER_23,RECC INDICATES THAT THE DEVELOPER UNDER CONSTRUCTION AGREEMENT IS GOING TO PAY THAT ENTIRE COST.,15,15,15
CyrusOne/Cyrusone_Hearing_12032025.mp3,1832,9546.831,9548.271,1.4400000000005093,SPEAKER_23,THAT'S NORMAL IN THIS INDUSTRY.,5,5,5
CyrusOne/Cyrusone_Hearing_12032025.mp3,1833,9550.298,9562.561,12.26299999999901,SPEAKER_23,"Retail delivery service, the ongoing cost of keeping that one route of wiring going from the substation to the data center, that's going to be paid for by a special delivery rate.",32,32,32
CyrusOne/Cyrusone_Hearing_12032025.mp3,1834,9562.861,9564.321,1.4599999999991269,SPEAKER_23,"Again, I'm not auditing the rate.",6,6,6
CyrusOne/Cyrusone_Hearing_12032025.mp3,1835,9564.441,9566.202,1.760999999998603,SPEAKER_23,I'm just telling you what was expressed to me.,9,9,9
CyrusOne/Cyrusone_Hearing_12032025.mp3,1836,9566.482,9567.782,1.2999999999992724,SPEAKER_23,"Again, this is very normal.",5,5,5
CyrusOne/Cyrusone_Hearing_12032025.mp3,1837,9568.322,9570.683,2.361000000000786,SPEAKER_23,We see this in multiple states.,6,6,6
CyrusOne/Cyrusone_Hearing_12032025.mp3,1838,9571.143,9574.584,3.441000000000713,SPEAKER_23,That rate is going to be charged exclusively to this customer.,11,11,11
CyrusOne/Cyrusone_Hearing_12032025.mp3,1839,9575.024,9577.264,2.2399999999997817,SPEAKER_23,Those funds will flow directly to the utility.,8,8,8
CyrusOne/Cyrusone_Hearing_12032025.mp3,1840,9577.304,9579.565,2.261000000000422,SPEAKER_23,The utility will use those funds to cover the cost of,11,11,11
CyrusOne/Cyrusone_Hearing_12032025.mp3,1841,9580.028,9583.81,3.7819999999992433,SPEAKER_23,THAT STRETCH OF DISTRIBUTION PLUS A PORTION OF THEIR OVERHEAD.,10,10,10
CyrusOne/Cyrusone_Hearing_12032025.mp3,1842,9585.01,9593.794,8.78399999999965,SPEAKER_23,"THAT'S GOING TO BE SUPPLEMENTED BY THE UTILITY'S REGULAR, I CALL IT AN ECOS, OTHER FOLKS CALL IT A COSS, COSS, COST OF SERVICE STUDY.",25,25,25
CyrusOne/Cyrusone_Hearing_12032025.mp3,1843,9594.334,9602.957,8.622999999999593,SPEAKER_23,"AS A UTILITY, THIS UTILITY AND ALL OTHER UTILITIES CAN ONLY CHARGE, THEY CAN ONLY HAVE RATES THAT APPLY COST TO THE COST CAUSERS.",24,24,24
CyrusOne/Cyrusone_Hearing_12032025.mp3,1844,9603.417,9609.72,6.302999999999884,SPEAKER_23,"SO THERE IS NOT A MECHANISM, ALLOWABLE MECHANISM, UNDER FERC JURISDICTION THAT ALLOWS",13,13,13
CyrusOne/Cyrusone_Hearing_12032025.mp3,1845,9610.137,9613.579,3.441999999999098,SPEAKER_23,"A UTILITY TO SAY, WELL, WE REALLY LIKE THIS CUSTOMER, BUT NOT THAT CUSTOMER.",14,14,14
CyrusOne/Cyrusone_Hearing_12032025.mp3,1846,9613.599,9616.18,2.581000000000131,SPEAKER_23,SO WE'RE GOING TO GIVE A DISCOUNT OVER HERE AND NOT OVER THERE.,13,13,13
CyrusOne/Cyrusone_Hearing_12032025.mp3,1847,9617.04,9617.441,0.40099999999983993,SPEAKER_23,NOT ALLOWED.,2,2,2
CyrusOne/Cyrusone_Hearing_12032025.mp3,1848,9619.341,9622.223,2.881999999999607,SPEAKER_23,SO THAT'S GOING TO BE HANDLED UNDER THE RETAIL DELIVERY SERVICE CHARGE.,12,12,12
CyrusOne/Cyrusone_Hearing_12032025.mp3,1849,9622.463,9627.545,5.082000000000335,SPEAKER_23,"THE RETAIL ENERGY SUPPLY, AS WAS EXPRESSED TO ME, IS GOING TO BE A SEPARATE SUPPLY CONTRACT.",17,17,17
CyrusOne/Cyrusone_Hearing_12032025.mp3,1850,9627.585,9633.228,5.643000000000029,SPEAKER_23,"AS YOU HEARD, THERE'S A CURRENT SUPPLY CONTRACT FOR RECC CUSTOMERS TODAY THAT RUNS THROUGH 2033 THAT IS WITH",19,19,19
CyrusOne/Cyrusone_Hearing_12032025.mp3,1851,9635.135,9635.635,0.5,SPEAKER_23,NextEra.,1,1,1
CyrusOne/Cyrusone_Hearing_12032025.mp3,1852,9635.815,9641.916,6.1009999999987485,SPEAKER_23,"NextEra is responsible for going out to that wholesale market, securing supply, making purchases, scheduling their delivery.",17,17,17
CyrusOne/Cyrusone_Hearing_12032025.mp3,1853,9643.117,9653.279,10.162000000000262,SPEAKER_23,What was expressed to me is that a separate and second contract will be entered into between RECC and NextEra for this data center load.,25,25,25
CyrusOne/Cyrusone_Hearing_12032025.mp3,1854,9653.299,9657.779,4.479999999999563,SPEAKER_23,It will not be commingled with the deal that is currently serving RECC customers.,14,14,14
CyrusOne/Cyrusone_Hearing_12032025.mp3,1855,9658.28,9660.54,2.2600000000002183,SPEAKER_23,"Again, segregated, it's separated.",4,4,4
CyrusOne/Cyrusone_Hearing_12032025.mp3,1856,9661.334,9667.296,5.961999999999534,SPEAKER_23,RECC has indicated that the entirety of that cost will be passed through to the data center.,17,17,17
CyrusOne/Cyrusone_Hearing_12032025.mp3,1857,9667.696,9673.678,5.981999999999971,SPEAKER_23,"So again, it isolates the funding, isolates the obligation for that one customer.",13,13,13
CyrusOne/Cyrusone_Hearing_12032025.mp3,1858,9675.599,9677.899,2.2999999999992724,SPEAKER_23,Next slide.,2,2,2
CyrusOne/Cyrusone_Hearing_12032025.mp3,1859,9678.399,9689.803,11.404000000000451,SPEAKER_23,"The question of, well, okay, you know, what I tell my students is, you know, when you have an auction and there's supply and demand, if you bring in a big new demand into a static market,",37,37,37
CyrusOne/Cyrusone_Hearing_12032025.mp3,1860,9690.172,9691.653,1.4809999999997672,SPEAKER_23,you will probably see prices go up.,7,7,7
CyrusOne/Cyrusone_Hearing_12032025.mp3,1861,9692.413,9693.173,0.7600000000002183,SPEAKER_23,Absolutely true.,2,2,2
CyrusOne/Cyrusone_Hearing_12032025.mp3,1862,9693.473,9694.093,0.6200000000008004,SPEAKER_23,But two things.,3,3,3
CyrusOne/Cyrusone_Hearing_12032025.mp3,1863,9694.113,9699.495,5.382000000001426,SPEAKER_23,"Remember I mentioned that there's the 300,000 megawatts of new generation that's proposed into PJM?",15,15,15
CyrusOne/Cyrusone_Hearing_12032025.mp3,1864,9700.756,9702.357,1.6010000000005675,SPEAKER_23,"That's ongoing, right?",3,3,3
CyrusOne/Cyrusone_Hearing_12032025.mp3,1865,9702.377,9704.597,2.219999999999345,SPEAKER_23,"So we have two moving targets here, supply and demand.",10,10,10
CyrusOne/Cyrusone_Hearing_12032025.mp3,1866,9704.958,9709.319,4.360999999998967,SPEAKER_23,To establish that there will be no new supply in the market is a little tough.,16,16,16
CyrusOne/Cyrusone_Hearing_12032025.mp3,1867,9709.819,9715.581,5.762000000000626,SPEAKER_23,"We just passed a bill to bring in 3,000 megawatts of battery storage alone in Illinois.",16,16,16
CyrusOne/Cyrusone_Hearing_12032025.mp3,1868,9715.642,9719.503,3.861000000000786,SPEAKER_23,"So I'm not saying it's the entirety of the universe, but I'm saying that",14,14,14
CyrusOne/Cyrusone_Hearing_12032025.mp3,1869,9720.06,9724.342,4.282000000001062,SPEAKER_23,you have to expect that there's going to be some mobility on the supply and the demand side at the same time.,22,22,22
CyrusOne/Cyrusone_Hearing_12032025.mp3,1870,9724.782,9731.344,6.561999999999898,SPEAKER_23,"The other issue is that even though those prices are determined at a very localized level, no one buys at the localized node level.",24,24,24
CyrusOne/Cyrusone_Hearing_12032025.mp3,1871,9731.844,9732.744,0.9000000000014552,SPEAKER_23,It's all averaged up.,4,4,4
CyrusOne/Cyrusone_Hearing_12032025.mp3,1872,9733.025,9737.146,4.121000000001004,SPEAKER_23,"You see the Illinois hub price there, $61.64?",8,8,8
CyrusOne/Cyrusone_Hearing_12032025.mp3,1873,9737.406,9744.749,7.342999999998938,SPEAKER_23,"That's the average of all of those local pricing nodes that you see indicated by plus signs in the graph, right?",21,21,21
CyrusOne/Cyrusone_Hearing_12032025.mp3,1874,9745.129,9748.33,3.2009999999991123,SPEAKER_23,"So when you average, if you have a higher price",10,10,10
CyrusOne/Cyrusone_Hearing_12032025.mp3,1875,9749.294,9753.275,3.980999999999767,SPEAKER_23,"over in the township, that absolutely can happen.",8,8,8
CyrusOne/Cyrusone_Hearing_12032025.mp3,1876,9753.715,9758.176,4.460999999999331,SPEAKER_23,But will it be averaged across the entire southern central Illinois region?,12,12,12
CyrusOne/Cyrusone_Hearing_12032025.mp3,1877,9758.597,9758.877,0.28000000000065484,SPEAKER_12,Yes.,1,1,1
CyrusOne/Cyrusone_Hearing_12032025.mp3,1878,9759.237,9762.838,3.6010000000005675,SPEAKER_23,Is that the price that most retail energy customers are going to purchase?,13,13,13
CyrusOne/Cyrusone_Hearing_12032025.mp3,1879,9763.358,9763.598,0.23999999999978172,SPEAKER_23,Yes.,1,1,1
CyrusOne/Cyrusone_Hearing_12032025.mp3,1880,9764.738,9765.018,0.28000000000065484,SPEAKER_23,Right?,1,1,1
CyrusOne/Cyrusone_Hearing_12032025.mp3,1881,9765.098,9768.239,3.1409999999996217,SPEAKER_23,"So these things do get evened out, leveled out over time.",11,11,11
CyrusOne/Cyrusone_Hearing_12032025.mp3,1882,9768.579,9771.2,2.621000000001004,SPEAKER_23,It's likely that you could see in some markets,9,9,9
CyrusOne/Cyrusone_Hearing_12032025.mp3,1883,9771.82,9778.261,6.441000000000713,SPEAKER_23,A rapid increase in demand could be offset by decreases in demand in other portions of the same region.,19,19,19
CyrusOne/Cyrusone_Hearing_12032025.mp3,1884,9779.201,9779.621,0.42000000000007276,SPEAKER_23,It happens.,2,2,2
CyrusOne/Cyrusone_Hearing_12032025.mp3,1885,9780.842,9781.262,0.42000000000007276,SPEAKER_23,Next slide.,2,2,2
CyrusOne/Cyrusone_Hearing_12032025.mp3,1886,9782.282,9783.162,0.8800000000010186,SPEAKER_23,So that was energy.,4,4,4
CyrusOne/Cyrusone_Hearing_12032025.mp3,1887,9783.302,9784.762,1.4600000000009459,SPEAKER_23,Capacity is a different charge.,5,5,5
CyrusOne/Cyrusone_Hearing_12032025.mp3,1888,9785.002,9791.764,6.761999999998807,SPEAKER_23,"Capacity is what caused the rates to go up in central southern Illinois this last summer, right?",17,17,17
CyrusOne/Cyrusone_Hearing_12032025.mp3,1889,9792.204,9794.984,2.780000000000655,SPEAKER_23,"If that affected you, you know it was a big increase.",11,11,11
CyrusOne/Cyrusone_Hearing_12032025.mp3,1890,9795.584,9798.085,2.5009999999983847,SPEAKER_23,"Well, same thing happens for the capacity charge.",8,8,8
CyrusOne/Cyrusone_Hearing_12032025.mp3,1891,9798.185,9799.065,0.8800000000010186,SPEAKER_23,It gets regionalized.,3,3,3
CyrusOne/Cyrusone_Hearing_12032025.mp3,1892,9799.085,9799.865,0.7800000000006548,SPEAKER_23,You look at the top.,5,5,5
CyrusOne/Cyrusone_Hearing_12032025.mp3,1893,9801.191,9804.133,2.941999999999098,SPEAKER_23,"And you see Z1, Z2, Z3, all the way through Z10.",11,11,11
CyrusOne/Cyrusone_Hearing_12032025.mp3,1894,9804.153,9805.134,0.9809999999997672,SPEAKER_23,Those are different zones.,4,4,4
CyrusOne/Cyrusone_Hearing_12032025.mp3,1895,9806.375,9808.097,1.7219999999997526,SPEAKER_23,Central Southern Illinois is Zone 4.,6,6,6
CyrusOne/Cyrusone_Hearing_12032025.mp3,1896,9808.917,9812.08,3.1630000000004657,SPEAKER_23,"All this is just a report that says, look, we ran an auction.",13,13,13
CyrusOne/Cyrusone_Hearing_12032025.mp3,1897,9812.42,9814.662,2.242000000000189,SPEAKER_23,We know that Zone 4 needed this much capacity.,9,9,9
CyrusOne/Cyrusone_Hearing_12032025.mp3,1898,9815.022,9817.184,2.161999999998443,SPEAKER_23,We had this much capacity bid in.,7,7,7
CyrusOne/Cyrusone_Hearing_12032025.mp3,1899,9817.344,9818.345,1.0010000000002037,SPEAKER_23,So there was a shortage.,5,5,5
CyrusOne/Cyrusone_Hearing_12032025.mp3,1900,9818.585,9820.867,2.2820000000010623,SPEAKER_23,"And you would think if there's a shortage, your price goes way up.",13,13,13
CyrusOne/Cyrusone_Hearing_12032025.mp3,1901,9821.627,9828.693,7.065999999998894,SPEAKER_23,"Well, again, because of regional averaging and because Illinois is not an energy moat, we have transmission lines that go into all of our neighboring states.",26,26,26
CyrusOne/Cyrusone_Hearing_12032025.mp3,1902,9828.982,9833.163,4.181000000000495,SPEAKER_23,the capacity in those neighboring states can support the capacity needs in central southern Illinois.,15,15,15
CyrusOne/Cyrusone_Hearing_12032025.mp3,1903,9833.783,9838.504,4.721000000001368,SPEAKER_23,"So leaving all the gymnastics and the math aside, look down at the bottom line.",15,15,15
CyrusOne/Cyrusone_Hearing_12032025.mp3,1904,9839.124,9841.525,2.40099999999984,SPEAKER_23,"See that clearing price, the $666?",6,6,6
CyrusOne/Cyrusone_Hearing_12032025.mp3,1905,9842.025,9845.246,3.220999999999549,SPEAKER_23,"Happened the same in all the zones, right?",8,8,8
CyrusOne/Cyrusone_Hearing_12032025.mp3,1906,9845.826,9853.528,7.702000000001135,SPEAKER_23,"Additionally, I can tell you, and we can try to track this down, that price spike was not caused by a bunch of data centers showing up.",27,27,27
CyrusOne/Cyrusone_Hearing_12032025.mp3,1907,9855.008,9857.749,2.7409999999999854,SPEAKER_23,It was caused by the retirement of old baseload power plants.,11,11,11
CyrusOne/Cyrusone_Hearing_12032025.mp3,1908,9859.495,9860.635,1.139999999999418,SPEAKER_23,"SUPPLY-DEMAND, RIGHT?",2,2,2
CyrusOne/Cyrusone_Hearing_12032025.mp3,1909,9861.535,9864.176,2.6409999999996217,SPEAKER_23,"IF SUPPLY GOES DOWN, THAT CAN FORCE PRICES TO GO UP.",11,11,11
CyrusOne/Cyrusone_Hearing_12032025.mp3,1910,9864.796,9865.716,0.9200000000000728,SPEAKER_23,THIS IS JUST THE SUMMER.,5,5,5
CyrusOne/Cyrusone_Hearing_12032025.mp3,1911,9865.896,9870.117,4.220999999999549,SPEAKER_23,"THERE WERE SEPARATE PRICES FOR FALL, WINTER, AND SPRING, BUT THIS IS A GOOD EXAMPLE, RIGHT?",16,16,16
CyrusOne/Cyrusone_Hearing_12032025.mp3,1912,9870.157,9872.218,2.0610000000015134,SPEAKER_23,"SO, AGAIN, CAN PRICES GO UP?",6,6,6
CyrusOne/Cyrusone_Hearing_12032025.mp3,1913,9872.678,9872.978,0.2999999999992724,SPEAKER_23,YES.,1,1,1
CyrusOne/Cyrusone_Hearing_12032025.mp3,1914,9873.438,9876.558,3.1200000000008004,SPEAKER_23,WILL YOU REALIZE THAT EXCLUSIVELY ON A LOCALIZED BASIS?,9,9,9
CyrusOne/Cyrusone_Hearing_12032025.mp3,1915,9876.999,9877.179,0.18000000000029104,SPEAKER_23,NO.,1,1,1
CyrusOne/Cyrusone_Hearing_12032025.mp3,1916,9877.479,9883.24,5.761000000000422,SPEAKER_23,"MR. PRUITT, I WANT TO MAKE SURE YOU KNOW THAT YOU HAVE FIVE MINUTES LEFT ON YOUR REPORT, AND I WANT TO MAKE SURE THAT YOU GET OUT WITH YOUR ONE.",31,31,31
CyrusOne/Cyrusone_Hearing_12032025.mp3,1917,9883.28,9883.66,0.37999999999919964,SPEAKER_23,YEP.,1,1,1
CyrusOne/Cyrusone_Hearing_12032025.mp3,1918,9883.88,9885.24,1.360000000000582,SPEAKER_23,I'M GOING TO TALK EVEN FASTER.,6,6,6
CyrusOne/Cyrusone_Hearing_12032025.mp3,1919,9885.42,9885.64,0.21999999999934516,SPEAKER_25,OKAY.,1,1,1
CyrusOne/Cyrusone_Hearing_12032025.mp3,1920,9886.4,9887.821,1.4210000000002765,SPEAKER_23,"SO, MY PRIMARY CONCLUSIONS.",4,4,4
CyrusOne/Cyrusone_Hearing_12032025.mp3,1921,9887.861,9889.201,1.3399999999983265,SPEAKER_23,"FROM A RELIABILITY STANDPOINT,",4,4,4
CyrusOne/Cyrusone_Hearing_12032025.mp3,1922,9889.887,9892.428,2.540999999999258,SPEAKER_23,This project's not going to affect the RECC network.,9,9,9
CyrusOne/Cyrusone_Hearing_12032025.mp3,1923,9892.748,9895.169,2.4210000000002765,SPEAKER_23,It's going to be a mini network that goes directly to that plant.,13,13,13
CyrusOne/Cyrusone_Hearing_12032025.mp3,1924,9895.629,9897.95,2.3209999999999127,SPEAKER_23,"If they have a problem, they're the ones who have the problem.",12,12,12
CyrusOne/Cyrusone_Hearing_12032025.mp3,1925,9899.371,9914.976,15.605000000001382,SPEAKER_23,"From a cost standpoint, I say it is very unlikely to cause price increases, either at the RECC level because they've segregated out that interconnection, delivery services, and energy supply costs if they follow through with this plan.",38,38,38
CyrusOne/Cyrusone_Hearing_12032025.mp3,1926,9915.977,9918.938,2.9609999999993306,SPEAKER_23,"And then for the broader region, will it increase prices?",10,10,10
CyrusOne/Cyrusone_Hearing_12032025.mp3,1927,9920.04,9920.5,0.4599999999991269,SPEAKER_23,I don't know.,3,3,3
CyrusOne/Cyrusone_Hearing_12032025.mp3,1928,9920.62,9927.743,7.1229999999995925,SPEAKER_23,"I mean, it depends on what happens with other supply, other wind farms, solar farms, natural gas, batteries coming online.",20,20,20
CyrusOne/Cyrusone_Hearing_12032025.mp3,1929,9928.163,9931.804,3.6409999999996217,SPEAKER_23,"If they come online largely in line with one another, no impact.",12,12,12
CyrusOne/Cyrusone_Hearing_12032025.mp3,1930,9932.465,9941.028,8.563000000000102,SPEAKER_23,"But I think that over time, when you consider that prices are set at the local level but then averaged regionally, the price impact is suppressed.",26,26,26
CyrusOne/Cyrusone_Hearing_12032025.mp3,1931,9941.908,9946.93,5.022000000000844,SPEAKER_23,"And that over time, when you see these high prices, what does that do for new generation",17,17,17
CyrusOne/Cyrusone_Hearing_12032025.mp3,1932,9947.664,9949.484,1.819999999999709,SPEAKER_23,"It incentivizes new generation, right?",5,5,5
CyrusOne/Cyrusone_Hearing_12032025.mp3,1933,9949.965,9958.587,8.621999999999389,SPEAKER_23,"The solution to high prices is more supply, and Illinois is going to attract more generation proposals because the price is high.",22,22,22
CyrusOne/Cyrusone_Hearing_12032025.mp3,1934,9958.987,9960.367,1.3800000000010186,SPEAKER_23,So it's slow.,3,3,3
CyrusOne/Cyrusone_Hearing_12032025.mp3,1935,9960.627,9963.688,3.0609999999996944,SPEAKER_23,"It's not always aligned, but it works.",7,7,7
CyrusOne/Cyrusone_Hearing_12032025.mp3,1936,9964.948,9965.589,0.6409999999996217,SPEAKER_23,And then other.,3,3,3
CyrusOne/Cyrusone_Hearing_12032025.mp3,1937,9965.969,9971.79,5.821000000001732,SPEAKER_23,"So it was mentioned a couple times that, well, if this is not built here, it'll be built somewhere else.",20,20,20
CyrusOne/Cyrusone_Hearing_12032025.mp3,1938,9972.47,9974.851,2.3810000000012224,SPEAKER_23,"Yeah, absolutely, because in this market,",6,6,6
CyrusOne/Cyrusone_Hearing_12032025.mp3,1939,9975.508,9984.093,8.585000000000946,SPEAKER_23,"What a developer is looking for, and this is any type of developer, for an ammonia plant or for a data center, they're all the same.",26,26,26
CyrusOne/Cyrusone_Hearing_12032025.mp3,1940,9984.693,9986.474,1.7810000000008586,SPEAKER_23,"They need two things, well, three things.",7,7,7
CyrusOne/Cyrusone_Hearing_12032025.mp3,1941,9986.514,9987.175,0.6610000000000582,SPEAKER_23,They need land.,3,3,3
CyrusOne/Cyrusone_Hearing_12032025.mp3,1942,9987.715,9989.316,1.6010000000005675,SPEAKER_23,They need access to transmission.,5,5,5
CyrusOne/Cyrusone_Hearing_12032025.mp3,1943,9989.336,9994.439,5.103000000000975,SPEAKER_23,They need a transmission line that can deliver electricity to them in the volume that they need.,17,17,17
CyrusOne/Cyrusone_Hearing_12032025.mp3,1944,9995.019,9996.96,1.940999999998894,SPEAKER_23,They also need to be in a market where there's...,10,10,10
CyrusOne/Cyrusone_Hearing_12032025.mp3,1945,9997.412,10005.717,8.305000000000291,SPEAKER_23,"a power plant or a series of power plants on the other side of that, the other end of that transmission line, to be able to move that electricity in their direction.",32,32,31
CyrusOne/Cyrusone_Hearing_12032025.mp3,1946,10006.277,10018.164,11.887000000000626,SPEAKER_23,"So because of that being the case, I would say that if this project does not operate at this location, somewhere else along that transmission line will see the development of a data center.",34,34,34
CyrusOne/Cyrusone_Hearing_12032025.mp3,1947,10018.584,10021.426,2.841999999998734,SPEAKER_23,"Now, you can have a value argument about that.",9,9,9
CyrusOne/Cyrusone_Hearing_12032025.mp3,1948,10021.826,10023.767,1.941000000000713,SPEAKER_23,"I'm not in the right or wrong business, right?",9,9,9
CyrusOne/Cyrusone_Hearing_12032025.mp3,1949,10024.468,10025.188,0.7199999999993452,SPEAKER_23,That's someone else.,3,3,3
CyrusOne/Cyrusone_Hearing_12032025.mp3,1950,10025.989,10026.249,0.2600000000002183,SPEAKER_23,I'm just,2,2,2
CyrusOne/Cyrusone_Hearing_12032025.mp3,1951,10027.445,10034.327,6.881999999999607,SPEAKER_23,validating the argument that says that line has roughly 600 megawatts of capacity.,13,13,13
CyrusOne/Cyrusone_Hearing_12032025.mp3,1952,10034.467,10036.407,1.9399999999986903,SPEAKER_23,"That has a value in the market, right?",8,8,8
CyrusOne/Cyrusone_Hearing_12032025.mp3,1953,10036.507,10037.608,1.1010000000005675,SPEAKER_23,It was built for that purpose.,6,6,6
CyrusOne/Cyrusone_Hearing_12032025.mp3,1954,10037.768,10038.608,0.8400000000001455,SPEAKER_23,That's why it's there.,4,4,4
CyrusOne/Cyrusone_Hearing_12032025.mp3,1955,10039.588,10042.869,3.2810000000008586,SPEAKER_23,"Somewhere, somewhere along that route, there will be a data center.",11,11,11
CyrusOne/Cyrusone_Hearing_12032025.mp3,1956,10043.089,10046.39,3.300999999999476,SPEAKER_23,"It will be here or somewhere to the east, somewhere to the west.",13,13,13
CyrusOne/Cyrusone_Hearing_12032025.mp3,1957,10047.19,10054.592,7.402000000000044,SPEAKER_23,"And as long as MISO, which is the authority responsible for reliability in this market that is our highest and that's our only job,",24,24,24
CyrusOne/Cyrusone_Hearing_12032025.mp3,1958,10056.069,10059.59,3.5210000000006403,SPEAKER_23,"If they say that the system can handle it, the system can handle it.",14,14,14
CyrusOne/Cyrusone_Hearing_12032025.mp3,1959,10059.81,10061.291,1.4809999999997672,SPEAKER_23,They're the final authority on this.,6,6,6
CyrusOne/Cyrusone_Hearing_12032025.mp3,1960,10061.731,10064.472,2.7409999999999854,SPEAKER_23,"So I appreciate your time, especially late in the day.",10,10,10
CyrusOne/Cyrusone_Hearing_12032025.mp3,1961,10064.932,10068.574,3.6419999999998254,SPEAKER_23,"If I can be of any help answering questions, please let me know.",13,13,13
CyrusOne/Cyrusone_Hearing_12032025.mp3,1962,10068.894,10069.874,0.9799999999995634,SPEAKER_23,Thank you.,2,2,2
CyrusOne/Cyrusone_Hearing_12032025.mp3,1963,10069.914,10074.656,4.742000000000189,SPEAKER_25,That's a barrier to happen.,5,5,5
CyrusOne/Cyrusone_Hearing_12032025.mp3,1964,10075.276,10079.658,4.381999999999607,SPEAKER_25,"Thank you very much, and that will very much probably happen here with questions.",14,14,14
CyrusOne/Cyrusone_Hearing_12032025.mp3,1965,10080.587,10087.272,6.68500000000131,SPEAKER_25,"I want to make sure, just to clarify something here, we've got just a few minutes left in this period before the county board members get started again.",28,28,28
CyrusOne/Cyrusone_Hearing_12032025.mp3,1966,10089.194,10097.94,8.746000000001004,SPEAKER_25,"To our county administrator, Brian McFadden, these reports that were just given, are they going to be out on a – raise your hand, Brian, so they know which mic you're at.",32,32,32
CyrusOne/Cyrusone_Hearing_12032025.mp3,1967,10098.709,10127.657,28.9479999999985,SPEAKER_32,i just want these reports that are given from our professionals are they going to be out for the public pretty quick uh... yeah we will be placing all these reports on the website saying the county website yeah excuse me everything's been presented tonight we'll put on the website okay i want to declare that clarify that for the public tonight yeah i'm glad you brought that up because there's a lot of information tonight a lot of things being thrown at people but our intent is to have all this information everything that was presented tonight available on the website including this meeting yeah including this meeting okay,110,110,110
CyrusOne/Cyrusone_Hearing_12032025.mp3,1968,10128.247,10128.947,0.7000000000007276,SPEAKER_25,"All right, thank you.",4,4,4
CyrusOne/Cyrusone_Hearing_12032025.mp3,1969,10129.387,10139.731,10.343999999999141,SPEAKER_25,"Okay, county board members, so now we're in the third part of this presentation and I appreciate you working with me on this structure.",24,24,24
CyrusOne/Cyrusone_Hearing_12032025.mp3,1970,10139.751,10142.552,2.800999999999476,SPEAKER_25,I'd like to thank Jeff Wilhite.,6,6,6
CyrusOne/Cyrusone_Hearing_12032025.mp3,1971,10142.892,10148.154,5.262000000000626,SPEAKER_25,He put this together for the structure part and I'm trying in vain to keep it together for you.,19,19,19
CyrusOne/Cyrusone_Hearing_12032025.mp3,1972,10148.234,10154.916,6.6819999999988795,SPEAKER_25,So you have a 30 minute period again and each board member,12,12,12
CyrusOne/Cyrusone_Hearing_12032025.mp3,1973,10155.641,10157.642,2.0010000000002037,SPEAKER_25,"up to two times, total of five minutes.",8,8,8
CyrusOne/Cyrusone_Hearing_12032025.mp3,1974,10157.682,10159.923,2.2409999999999854,SPEAKER_25,You know the deal here.,5,5,5
CyrusOne/Cyrusone_Hearing_12032025.mp3,1975,10160.463,10164.725,4.262000000000626,SPEAKER_25,And it's for any of these presentations that were just given to us.,13,13,13
CyrusOne/Cyrusone_Hearing_12032025.mp3,1976,10164.925,10166.165,1.2400000000016007,SPEAKER_25,So who would like to start?,6,6,6
CyrusOne/Cyrusone_Hearing_12032025.mp3,1977,10167.026,10169.987,2.9609999999993306,SPEAKER_25,"Tony Dozzorino, go ahead, raise your hand.",7,7,7
CyrusOne/Cyrusone_Hearing_12032025.mp3,1978,10173.028,10174.169,1.1409999999996217,SPEAKER_18,Thank you.,2,2,2
CyrusOne/Cyrusone_Hearing_12032025.mp3,1979,10174.249,10176.79,2.541000000001077,SPEAKER_18,First question is for Mr. Pruitt.,6,6,6
CyrusOne/Cyrusone_Hearing_12032025.mp3,1980,10177.63,10182.192,4.561999999999898,SPEAKER_18,"Mr. Pruitt, when did the county engage you to do this analysis?",12,12,12
CyrusOne/Cyrusone_Hearing_12032025.mp3,1981,10184.517,10185.717,1.2000000000007276,SPEAKER_25,"Oh, yeah, sorry.",3,3,3
CyrusOne/Cyrusone_Hearing_12032025.mp3,1982,10186.417,10186.878,0.4610000000011496,SPEAKER_18,No worries.,2,2,2
CyrusOne/Cyrusone_Hearing_12032025.mp3,1983,10187.098,10188.958,1.860000000000582,SPEAKER_18,I was engaged in November.,5,5,5
CyrusOne/Cyrusone_Hearing_12032025.mp3,1984,10189.298,10189.558,0.2600000000002183,SPEAKER_18,Okay.,1,1,1
CyrusOne/Cyrusone_Hearing_12032025.mp3,1985,10189.818,10191.779,1.9610000000011496,SPEAKER_18,And how long did this whole process take you?,9,9,9
CyrusOne/Cyrusone_Hearing_12032025.mp3,1986,10192.359,10196.0,3.6409999999996217,SPEAKER_18,It took approximately two and a half weeks.,8,8,8
CyrusOne/Cyrusone_Hearing_12032025.mp3,1987,10197.28,10198.74,1.4599999999991269,SPEAKER_18,Okay.,1,1,1
CyrusOne/Cyrusone_Hearing_12032025.mp3,1988,10198.981,10200.361,1.3800000000010186,SPEAKER_18,And then that's all I have for you.,8,8,8
CyrusOne/Cyrusone_Hearing_12032025.mp3,1989,10201.381,10202.641,1.2600000000002183,SPEAKER_18,My next question is for Mr. Diener.,7,7,7
CyrusOne/Cyrusone_Hearing_12032025.mp3,1990,10204.242,10213.164,8.92200000000048,SPEAKER_18,We heard earlier with regard to the assessed value from the concerned citizens group,14,14,14
CyrusOne/Cyrusone_Hearing_12032025.mp3,1991,10213.998,10226.125,12.127000000000407,SPEAKER_18,"about bonus depreciation, for example, being one of the things that could be used to bring down the value of this complex.",22,22,22
CyrusOne/Cyrusone_Hearing_12032025.mp3,1992,10226.485,10226.685,0.1999999999989086,SPEAKER_46,Sure.,1,1,1
CyrusOne/Cyrusone_Hearing_12032025.mp3,1993,10227.825,10241.993,14.167999999999665,SPEAKER_18,Can you explain in terms of how EAV is calculated whether there is credence to that concern and how exactly you get to where you are in terms of your...,30,30,30
CyrusOne/Cyrusone_Hearing_12032025.mp3,1994,10244.58,10245.221,0.6409999999996217,SPEAKER_46,Sure.,1,1,1
CyrusOne/Cyrusone_Hearing_12032025.mp3,1995,10246.181,10257.684,11.502999999998792,SPEAKER_46,I started with the overall project cost of $500 million that was presented by the particular developer.,17,17,17
CyrusOne/Cyrusone_Hearing_12032025.mp3,1996,10258.524,10270.187,11.663000000000466,SPEAKER_46,"I subtracted out soft costs, things like architectural fees, engineering costs, legal costs, permitting fees.",15,15,15
CyrusOne/Cyrusone_Hearing_12032025.mp3,1997,10270.287,10272.168,1.8809999999994034,SPEAKER_46,I got to a hard construction cost number.,8,8,8
CyrusOne/Cyrusone_Hearing_12032025.mp3,1998,10273.091,10287.101,14.010000000000218,SPEAKER_46,"I did some further digging and subtracted out personal property that I thought was involved with the project, things like the extensive UPS systems that are associated with the project.",30,30,30
CyrusOne/Cyrusone_Hearing_12032025.mp3,1999,10287.902,10297.389,9.48699999999917,SPEAKER_46,I also subtracted out things like off-furniture fixtures and other equipment that are unlikely associated with the project.,18,18,18
CyrusOne/Cyrusone_Hearing_12032025.mp3,2000,10297.905,10308.169,10.263999999999214,SPEAKER_46,and I was able to get to a baseline fair market value number that I think is pretty fair and pretty close to where the target value will be.,29,29,29
CyrusOne/Cyrusone_Hearing_12032025.mp3,2001,10308.289,10316.372,8.08299999999872,SPEAKER_46,"I mean, it's all quite subjective, of course, and there have been no construction plans for us to look at, and there are no actual buildings for us to value.",30,30,30
CyrusOne/Cyrusone_Hearing_12032025.mp3,2002,10317.172,10326.776,9.60399999999936,SPEAKER_46,"But I feel like with the experience that the county's had developing our own projects over the last 18 months, for gosh sakes, I mean, you guys have all been",30,30,30
CyrusOne/Cyrusone_Hearing_12032025.mp3,2003,10327.678,10343.009,15.331000000000131,SPEAKER_46,"have all sat through my presentations about costs and estimates, and I feel like the particular fair market value assessment that I have is a pretty darn good number, yes, sir.",31,31,31
CyrusOne/Cyrusone_Hearing_12032025.mp3,2004,10343.249,10349.054,5.805000000000291,SPEAKER_18,In terms – I don't know if the question about throwing out bonus depreciation of,15,15,15
CyrusOne/Cyrusone_Hearing_12032025.mp3,2005,10350.38,10372.829,22.449000000000524,SPEAKER_18,uh... uh... i think it's got nothing to do with my fair market value yeah i just took a two day tax class so in terms of bonus depreciation my understanding is that that is only at the federal level i believe illinois decoupled from that and it only concerns uh... basically personal property items not,56,56,56
CyrusOne/Cyrusone_Hearing_12032025.mp3,2006,10373.365,10375.246,1.8809999999994034,SPEAKER_18,real estate fixtures per se.,5,5,5
CyrusOne/Cyrusone_Hearing_12032025.mp3,2007,10375.366,10380.11,4.744000000000597,SPEAKER_46,"It's got no impact on fair market value analysis that I've done, no, sir.",14,14,14
CyrusOne/Cyrusone_Hearing_12032025.mp3,2008,10380.29,10383.512,3.2219999999997526,SPEAKER_18,And that's what I'm trying to get to.,8,8,8
CyrusOne/Cyrusone_Hearing_12032025.mp3,2009,10384.913,10401.405,16.49200000000019,SPEAKER_46,"And one of the other data points that I had done some research on that was not in any of the slide presentations, I actually took a look at seven other Cyrus One projects, two up in northern Illinois, four in northern Virginia.",43,43,43
CyrusOne/Cyrusone_Hearing_12032025.mp3,2010,10402.127,10405.83,3.70299999999952,SPEAKER_46,and two in the Cincinnati market.,6,6,6
CyrusOne/Cyrusone_Hearing_12032025.mp3,2011,10406.671,10412.055,5.3840000000000146,SPEAKER_46,"And of those seven projects, there were only two that had any valuation issues, just FYI.",16,16,16
CyrusOne/Cyrusone_Hearing_12032025.mp3,2012,10412.175,10412.376,0.20100000000093132,SPEAKER_46,Okay.,1,1,1
CyrusOne/Cyrusone_Hearing_12032025.mp3,2013,10412.896,10416.119,3.2229999999999563,SPEAKER_18,Do you know what the nature of those valuation issues were?,11,11,11
CyrusOne/Cyrusone_Hearing_12032025.mp3,2014,10416.259,10422.164,5.905000000000655,SPEAKER_46,They usually stem from the local assessor being pretty aggressive with the first valuation.,14,14,14
CyrusOne/Cyrusone_Hearing_12032025.mp3,2015,10425.206,10431.111,5.905000000000655,SPEAKER_46,Some assessing professionals don't like to subtract out the personal property component to these projects.,15,15,15
CyrusOne/Cyrusone_Hearing_12032025.mp3,2016,10431.839,10434.981,3.1419999999998254,SPEAKER_46,which is why that first construction estimate can seem high.,10,10,10
CyrusOne/Cyrusone_Hearing_12032025.mp3,2017,10436.863,10454.115,17.252000000000407,SPEAKER_46,"The nice thing about this particular project, building it out over a six-year time frame, we're going to know pretty early with that first building if the evaluation estimates that I have are close to what their evaluation estimates are.",40,40,40
CyrusOne/Cyrusone_Hearing_12032025.mp3,2018,10454.915,10458.118,3.20299999999952,SPEAKER_46,"From preliminary discussions, I think we're in the same ballpark, yes, sir.",12,12,12
CyrusOne/Cyrusone_Hearing_12032025.mp3,2019,10458.158,10458.378,0.22000000000116415,SPEAKER_46,So I,2,2,2
CyrusOne/Cyrusone_Hearing_12032025.mp3,2020,10459.063,10461.764,2.7009999999991123,SPEAKER_46,I am not anticipating a bunch of clawback.,8,8,8
CyrusOne/Cyrusone_Hearing_12032025.mp3,2021,10462.004,10463.265,1.260999999998603,SPEAKER_25,Hold on one second.,4,4,4
CyrusOne/Cyrusone_Hearing_12032025.mp3,2022,10464.126,10465.266,1.139999999999418,SPEAKER_46,Who's beeping out there?,4,4,4
CyrusOne/Cyrusone_Hearing_12032025.mp3,2023,10467.687,10468.848,1.1610000000000582,SPEAKER_25,Doing okay?,2,2,2
CyrusOne/Cyrusone_Hearing_12032025.mp3,2024,10471.069,10471.389,0.31999999999970896,SPEAKER_25,Okay.,1,1,1
CyrusOne/Cyrusone_Hearing_12032025.mp3,2025,10472.61,10472.95,0.3400000000001455,SPEAKER_25,All right.,2,2,2
CyrusOne/Cyrusone_Hearing_12032025.mp3,2026,10473.21,10473.61,0.4000000000014552,SPEAKER_25,Thank you.,2,2,2
CyrusOne/Cyrusone_Hearing_12032025.mp3,2027,10474.13,10474.851,0.7210000000013679,SPEAKER_17,"Okay, go ahead.",3,3,3
CyrusOne/Cyrusone_Hearing_12032025.mp3,2028,10475.691,10476.812,1.120999999999185,SPEAKER_18,"I hope that answered the question, sir.",7,7,7
CyrusOne/Cyrusone_Hearing_12032025.mp3,2029,10477.572,10478.512,0.9400000000005093,SPEAKER_18,I think that answered it.,5,5,5
CyrusOne/Cyrusone_Hearing_12032025.mp3,2030,10478.532,10481.914,3.382000000001426,SPEAKER_18,"So now that I put everybody to sleep with tax questions, I'll yield the floor.",15,15,15
CyrusOne/Cyrusone_Hearing_12032025.mp3,2031,10482.414,10483.015,0.6009999999987485,SPEAKER_25,"Thank you, Tony.",3,3,3
CyrusOne/Cyrusone_Hearing_12032025.mp3,2032,10483.615,10484.035,0.42000000000007276,SPEAKER_25,Okay.,1,1,1
CyrusOne/Cyrusone_Hearing_12032025.mp3,2033,10484.895,10487.997,3.1019999999989523,SPEAKER_25,"That actually was five minutes and four seconds, Mr. Gozzarino.",10,10,10
CyrusOne/Cyrusone_Hearing_12032025.mp3,2034,10488.727,10489.107,0.37999999999919964,SPEAKER_25,Perfect.,1,1,1
CyrusOne/Cyrusone_Hearing_12032025.mp3,2035,10489.748,10494.832,5.084000000000742,SPEAKER_25,"Okay, so the next county board member that asked, David Mendenhall.",11,11,11
CyrusOne/Cyrusone_Hearing_12032025.mp3,2036,10499.756,10502.878,3.122000000001208,SPEAKER_33,"Mr. Diener, I think the numbers you gave are quite accurate.",11,11,11
CyrusOne/Cyrusone_Hearing_12032025.mp3,2037,10503.379,10505.52,2.1409999999996217,SPEAKER_10,"Oh, good.",2,2,2
CyrusOne/Cyrusone_Hearing_12032025.mp3,2038,10506.161,10513.587,7.425999999999476,SPEAKER_33,"But as we continue to take prime land out of production for solar and data centers, those numbers are going to change.",22,22,22
CyrusOne/Cyrusone_Hearing_12032025.mp3,2039,10513.767,10517.97,4.20299999999952,SPEAKER_33,"And the tax money that you were saying was going to the schools and libraries and all that,",18,18,18
CyrusOne/Cyrusone_Hearing_12032025.mp3,2040,10519.223,10524.805,5.582000000000335,SPEAKER_33,"of all those dollars that you showed, unless I missed something, none of that money is going back into the ag industry.",22,22,22
CyrusOne/Cyrusone_Hearing_12032025.mp3,2041,10525.865,10532.748,6.882999999999811,SPEAKER_33,"And has been stated for many times, the ag industry is one of the economic drivers of Sangamon County.",19,19,19
CyrusOne/Cyrusone_Hearing_12032025.mp3,2042,10534.148,10539.65,5.5020000000004075,SPEAKER_33,Maybe we should put some of that money back in the ag industry if we're going to continue to take it from them.,23,23,23
CyrusOne/Cyrusone_Hearing_12032025.mp3,2043,10539.67,10540.53,0.8600000000005821,SPEAKER_46,Thank you.,2,2,2
CyrusOne/Cyrusone_Hearing_12032025.mp3,2044,10540.57,10545.372,4.80199999999968,SPEAKER_46,"Yeah, my particular outlook of the project just focused on the taxing bodies involved.",14,14,14
CyrusOne/Cyrusone_Hearing_12032025.mp3,2045,10546.052,10548.053,2.0010000000002037,SPEAKER_46,And that's where my...,4,4,4
CyrusOne/Cyrusone_Hearing_12032025.mp3,2046,10549.712,10551.053,1.3410000000003492,SPEAKER_46,Thank you.,2,2,2
CyrusOne/Cyrusone_Hearing_12032025.mp3,2047,10551.073,10551.633,0.5599999999994907,SPEAKER_46,"No problem, sir.",3,3,3
CyrusOne/Cyrusone_Hearing_12032025.mp3,2048,10553.415,10554.075,0.6599999999998545,SPEAKER_17,"David, you done?",3,3,3
CyrusOne/Cyrusone_Hearing_12032025.mp3,2049,10555.256,10555.596,0.3400000000001455,SPEAKER_17,I'm done.,2,2,2
CyrusOne/Cyrusone_Hearing_12032025.mp3,2050,10555.616,10555.756,0.13999999999941792,SPEAKER_17,Okay.,1,1,1
CyrusOne/Cyrusone_Hearing_12032025.mp3,2051,10557.317,10558.358,1.0410000000010768,SPEAKER_25,Next board member.,3,3,3
CyrusOne/Cyrusone_Hearing_12032025.mp3,2052,10560.38,10560.94,0.5600000000013097,SPEAKER_25,Mark Ayers.,2,2,2
CyrusOne/Cyrusone_Hearing_12032025.mp3,2053,10564.983,10565.823,0.8400000000001455,SPEAKER_34,"Thank you, Mr. Pruitt.",4,4,4
CyrusOne/Cyrusone_Hearing_12032025.mp3,2054,10565.843,10566.744,0.9009999999998399,SPEAKER_34,My questions are for you.,5,5,5
CyrusOne/Cyrusone_Hearing_12032025.mp3,2055,10566.764,10567.945,1.1810000000004948,SPEAKER_34,I've got three total here.,5,5,5
CyrusOne/Cyrusone_Hearing_12032025.mp3,2056,10568.786,10571.728,2.941999999999098,SPEAKER_34,I'm just confused with the numbers.,6,6,6
CyrusOne/Cyrusone_Hearing_12032025.mp3,2057,10571.768,10576.871,5.102999999999156,SPEAKER_34,"Again, numbers confuse me anyway, so maybe I'm easily confused with this.",12,12,12
CyrusOne/Cyrusone_Hearing_12032025.mp3,2058,10577.592,10577.732,0.13999999999941792,SPEAKER_34,I've,1,1,1
CyrusOne/Cyrusone_Hearing_12032025.mp3,2059,10578.272,10585.358,7.085999999999331,SPEAKER_34,"I'm on CWOP, so I know I'm relatively mostly unimpacted, I think, by a lot of this project, I think.",20,20,20
CyrusOne/Cyrusone_Hearing_12032025.mp3,2060,10586.038,10587.899,1.8609999999989668,SPEAKER_34,But a lot of my friends are on Ameren.,9,9,9
CyrusOne/Cyrusone_Hearing_12032025.mp3,2061,10588.6,10596.046,7.445999999999913,SPEAKER_34,"And all summer, I mean, they posted bills on social media, but their bills were skyrocketing, outrageous bills.",18,18,18
CyrusOne/Cyrusone_Hearing_12032025.mp3,2062,10596.186,10598.488,2.30199999999968,SPEAKER_34,"I mean, they couldn't afford it, how much they went up.",11,11,11
CyrusOne/Cyrusone_Hearing_12032025.mp3,2063,10600.689,10602.311,1.6219999999993888,SPEAKER_34,"How did that, what happened?",5,5,5
CyrusOne/Cyrusone_Hearing_12032025.mp3,2064,10602.411,10607.975,5.564000000000306,SPEAKER_34,Explain to me how those bills skyrocketed so much and how this,12,12,12
CyrusOne/Cyrusone_Hearing_12032025.mp3,2065,10608.692,10615.757,7.065000000000509,SPEAKER_34,"data center, if it is approved, how it will help their bills.",12,12,12
CyrusOne/Cyrusone_Hearing_12032025.mp3,2066,10615.817,10617.858,2.041000000001077,SPEAKER_34,I don't see how this helps.,6,6,6
CyrusOne/Cyrusone_Hearing_12032025.mp3,2067,10617.938,10619.599,1.6610000000000582,SPEAKER_34,I don't understand this.,4,4,4
CyrusOne/Cyrusone_Hearing_12032025.mp3,2068,10619.759,10620.56,0.8009999999994761,SPEAKER_23,I may have misspoken.,4,4,4
CyrusOne/Cyrusone_Hearing_12032025.mp3,2069,10620.58,10623.442,2.8619999999991705,SPEAKER_23,I don't believe I said it's going to help.,9,9,9
CyrusOne/Cyrusone_Hearing_12032025.mp3,2070,10623.522,10624.502,0.9799999999995634,SPEAKER_23,That's not a contention.,4,4,4
CyrusOne/Cyrusone_Hearing_12032025.mp3,2071,10625.623,10626.884,1.261000000000422,SPEAKER_34,It's not going to lower their bills?,7,7,7
CyrusOne/Cyrusone_Hearing_12032025.mp3,2072,10627.484,10630.066,2.5820000000003347,SPEAKER_23,"I don't believe that that's a finding in my report, no.",11,11,11
CyrusOne/Cyrusone_Hearing_12032025.mp3,2073,10632.367,10633.068,0.7009999999991123,SPEAKER_23,Did I state that?,4,4,4
CyrusOne/Cyrusone_Hearing_12032025.mp3,2074,10633.788,10639.291,5.502999999998792,SPEAKER_34,"I'm just wondering, I mean, it seems like there's very little impact in your presentation on Ameren users.",18,18,18
CyrusOne/Cyrusone_Hearing_12032025.mp3,2075,10639.731,10648.316,8.585000000000946,SPEAKER_23,"Well, not to be argumentative, but having very little impact and reducing costs are two very different issues.",18,18,18
CyrusOne/Cyrusone_Hearing_12032025.mp3,2076,10648.897,10649.717,0.819999999999709,SPEAKER_34,Okay.,1,1,1
CyrusOne/Cyrusone_Hearing_12032025.mp3,2077,10649.917,10652.699,2.7820000000010623,SPEAKER_34,So their bills aren't going to go up because of this data center?,13,13,13
CyrusOne/Cyrusone_Hearing_12032025.mp3,2078,10655.02,10659.803,4.782999999999447,SPEAKER_23,"Well, it depends on what the market conditions are once this capacity comes online.",14,14,14
CyrusOne/Cyrusone_Hearing_12032025.mp3,2079,10660.503,10662.124,1.620999999999185,SPEAKER_23,If the new load...,4,4,4
CyrusOne/Cyrusone_Hearing_12032025.mp3,2080,10663.617,10670.982,7.364999999999782,SPEAKER_23,"shows up and there are no new generation throughout the entire MISO region, then yes, you could see an increase in costs.",22,22,22
CyrusOne/Cyrusone_Hearing_12032025.mp3,2081,10671.482,10686.831,15.34900000000016,SPEAKER_23,"However, you have to gauge whether that's very likely, that in the 13-state region of MISO with 300,000 megawatts of proposed generation waiting approval, is that a very likely potential?",30,30,30
CyrusOne/Cyrusone_Hearing_12032025.mp3,2082,10687.051,10691.174,4.1230000000014115,SPEAKER_23,"That's something we can model, but that wasn't a scalar issue or",12,12,12
CyrusOne/Cyrusone_Hearing_12032025.mp3,2083,10691.927,10693.989,2.061999999999898,SPEAKER_23,or an assignment in this activity.,6,6,6
CyrusOne/Cyrusone_Hearing_12032025.mp3,2084,10694.73,10704.759,10.029000000000451,SPEAKER_23,So what I would say for the folks who had the price increase this summer is that that was on the supply portion of the bill.,26,26,26
CyrusOne/Cyrusone_Hearing_12032025.mp3,2085,10704.919,10708.502,3.5830000000005384,SPEAKER_23,"The bill has a supply, delivery, and taxes and fees portion of the bill.",14,14,14
CyrusOne/Cyrusone_Hearing_12032025.mp3,2086,10709.683,10711.104,1.4209999999984575,SPEAKER_23,The increase came in the supply.,6,6,6
CyrusOne/Cyrusone_Hearing_12032025.mp3,2087,10711.264,10717.49,6.2260000000005675,SPEAKER_23,"Within supply are three separate charges, energy, capacity, and transmission, okay?",11,11,11
CyrusOne/Cyrusone_Hearing_12032025.mp3,2088,10718.082,10725.546,7.463999999999942,SPEAKER_23,"It was the capacity cost, that $666 that was in the table, that was the capacity charge for the summer months.",21,21,21
CyrusOne/Cyrusone_Hearing_12032025.mp3,2089,10725.966,10731.949,5.983000000000175,SPEAKER_23,"Now, that happened absent any data centers opening in central southern Illinois, right?",13,13,13
CyrusOne/Cyrusone_Hearing_12032025.mp3,2090,10732.009,10735.55,3.540999999999258,SPEAKER_23,So we know that prices can change without the data centers.,11,11,11
CyrusOne/Cyrusone_Hearing_12032025.mp3,2091,10736.971,10745.475,8.504000000000815,SPEAKER_23,"So what I was trying to express was if we try to say that it definitely will increase prices, well, we don't necessarily know that because",26,26,26
CyrusOne/Cyrusone_Hearing_12032025.mp3,2092,10745.858,10748.159,2.300999999999476,SPEAKER_23,"Outside of the data center, prices went up.",8,8,8
CyrusOne/Cyrusone_Hearing_12032025.mp3,2093,10748.819,10761.142,12.32300000000032,SPEAKER_23,"So I'm just trying to express to you that when we look at market price impacts, we need to be consistent with our expectations and modeling is one way we can do this.",33,33,33
CyrusOne/Cyrusone_Hearing_12032025.mp3,2094,10761.622,10771.564,9.942000000000917,SPEAKER_23,But what I was trying to express was an increase in Sangamon County does not mean that prices in Sangamon County are exclusively exposed to that.,26,26,26
CyrusOne/Cyrusone_Hearing_12032025.mp3,2095,10771.957,10779.002,7.045000000000073,SPEAKER_23,"that Sangamon County, or prices in Sangamon County, as they relate to capacity and energy, are going to be averaged across the entire Midwest region.",25,25,25
CyrusOne/Cyrusone_Hearing_12032025.mp3,2096,10780.023,10783.105,3.0820000000003347,SPEAKER_23,And that will dampen the impact.,6,6,6
CyrusOne/Cyrusone_Hearing_12032025.mp3,2097,10783.526,10785.407,1.8809999999994034,SPEAKER_23,So that's what I was trying to express.,8,8,8
CyrusOne/Cyrusone_Hearing_12032025.mp3,2098,10785.487,10786.648,1.1610000000000582,SPEAKER_23,I apologize if I went too far.,7,7,7
CyrusOne/Cyrusone_Hearing_12032025.mp3,2099,10786.668,10791.872,5.2039999999997235,SPEAKER_34,"No, I mean, leading to that is, maybe it's page nine of your presentation.",14,14,14
CyrusOne/Cyrusone_Hearing_12032025.mp3,2100,10792.893,10795.375,2.481999999999971,SPEAKER_34,So how does FEJA fit into this?,7,7,7
CyrusOne/Cyrusone_Hearing_12032025.mp3,2101,10795.435,10799.057,3.622000000001208,SPEAKER_34,So I know we're retiring coal-fired plants by 2030.,9,9,9
CyrusOne/Cyrusone_Hearing_12032025.mp3,2102,10800.166,10802.827,2.661000000000058,SPEAKER_34,So those will be coming offline by 2030.,8,8,8
CyrusOne/Cyrusone_Hearing_12032025.mp3,2103,10803.547,10808.689,5.141999999999825,SPEAKER_34,"Does this take that into account, retiring coal plants, not putting power on the grid?",15,15,15
CyrusOne/Cyrusone_Hearing_12032025.mp3,2104,10809.71,10814.412,4.702000000001135,SPEAKER_23,That is just a historical scan to demonstrate that power comes from a lot of different resources.,17,17,17
CyrusOne/Cyrusone_Hearing_12032025.mp3,2105,10815.112,10825.196,10.084000000000742,SPEAKER_23,"But to your question about CJ, yes, CJ has a step-down schedule for both coal and natural gas assets where the emissions from those assets are supposed to start reducing in 2030.",32,32,32
CyrusOne/Cyrusone_Hearing_12032025.mp3,2106,10825.576,10826.997,1.4210000000002765,SPEAKER_23,Coal is first out of the gate.,7,7,7
CyrusOne/Cyrusone_Hearing_12032025.mp3,2107,10827.097,10828.477,1.3800000000010186,SPEAKER_23,They need to see that reduction.,6,6,6
CyrusOne/Cyrusone_Hearing_12032025.mp3,2108,10828.557,10829.698,1.1409999999996217,SPEAKER_23,So you will see...,4,4,4
CyrusOne/Cyrusone_Hearing_12032025.mp3,2109,10830.705,10839.853,9.147999999999229,SPEAKER_23,"POWER PLANS IN THE REMAINING COAL POWER PLANS OUTSIDE OF THE PRAIRIE STATE POWER PLAN, THEY WILL, THEY'VE ALREADY SCHEDULED FOR RETIREMENT.",22,22,22
CyrusOne/Cyrusone_Hearing_12032025.mp3,2110,10840.433,10848.98,8.546999999998661,SPEAKER_23,"BECAUSE THEY'RE SCHEDULED FOR RETIREMENT, THEY CAN'T BID INTO THESE CAPACITY AUCTIONS GOING INTO THE FUTURE, SO THAT IS PART OF THE REDUCTION IN SUPPLY THAT GOES INTO THAT AUCTION.",30,30,30
CyrusOne/Cyrusone_Hearing_12032025.mp3,2111,10849.0,10849.1,0.1000000000003638,SPEAKER_34,OKAY.,1,1,1
CyrusOne/Cyrusone_Hearing_12032025.mp3,2112,10849.3,10851.061,1.761000000000422,SPEAKER_34,"AND HOW MUCH TIME DO I HAVE LEFT, MR. CHAIRMAN?",10,10,10
CyrusOne/Cyrusone_Hearing_12032025.mp3,2113,10851.201,10853.543,2.342000000000553,SPEAKER_34,YOU ARE AT 15 SECONDS.,5,5,5
CyrusOne/Cyrusone_Hearing_12032025.mp3,2114,10853.563,10853.723,0.15999999999985448,SPEAKER_34,OKAY.,1,1,1
CyrusOne/Cyrusone_Hearing_12032025.mp3,2115,10854.204,10856.606,2.4020000000000437,SPEAKER_34,"MAYBE THIS, THIS MIGHT BE FOR YOU, MR. PRUITT.",9,9,9
CyrusOne/Cyrusone_Hearing_12032025.mp3,2116,10856.626,10857.686,1.0599999999994907,SPEAKER_34,I'M NOT SURE WHO ELSE TO ASK.,7,7,7
CyrusOne/Cyrusone_Hearing_12032025.mp3,2117,10858.127,10859.628,1.5010000000002037,SPEAKER_34,IT WAS RAISED BY THE OPPOSITION,6,6,6
CyrusOne/Cyrusone_Hearing_12032025.mp3,2118,10860.439,10866.223,5.783999999999651,SPEAKER_34,"In the event of a rolling blackout or brownouts, whose power is cut, data center or residents?",17,17,17
CyrusOne/Cyrusone_Hearing_12032025.mp3,2119,10867.363,10867.864,0.5010000000002037,SPEAKER_23,"Well, I don't know.",4,4,4
CyrusOne/Cyrusone_Hearing_12032025.mp3,2120,10867.904,10870.605,2.7009999999991123,SPEAKER_23,A blackout means that no one's power is cut.,9,9,9
CyrusOne/Cyrusone_Hearing_12032025.mp3,2121,10870.646,10872.347,1.7009999999991123,SPEAKER_23,It just means that the system is not operating.,9,9,9
CyrusOne/Cyrusone_Hearing_12032025.mp3,2122,10872.867,10888.757,15.889999999999418,SPEAKER_23,"I would say that, and you'll see this in the Boring Report, the likelihood is that the data center will continue to operate on its backup power while that would allow the RACC the ability to seek to restore service to the non-data center customers.",45,45,45
CyrusOne/Cyrusone_Hearing_12032025.mp3,2123,10889.897,10890.578,0.6809999999986758,SPEAKER_34,THANK YOU VERY MUCH.,4,4,4
CyrusOne/Cyrusone_Hearing_12032025.mp3,2124,10893.481,10894.282,0.8009999999994761,SPEAKER_25,VERY GOOD QUESTION.,3,3,3
CyrusOne/Cyrusone_Hearing_12032025.mp3,2125,10894.863,10896.204,1.3410000000003492,SPEAKER_25,"SO, OKAY.",2,2,2
CyrusOne/Cyrusone_Hearing_12032025.mp3,2126,10896.645,10899.268,2.6229999999995925,SPEAKER_25,"NEXT BOARD MEMBER, SAM KANMAN.",5,5,5
CyrusOne/Cyrusone_Hearing_12032025.mp3,2127,10903.332,10903.612,0.27999999999883585,SPEAKER_09,OKAY.,1,1,1
CyrusOne/Cyrusone_Hearing_12032025.mp3,2128,10903.993,10906.355,2.3619999999991705,SPEAKER_09,MY QUESTION IS FOR LEGAL COUNSEL JOEL BENOIT.,8,8,8
CyrusOne/Cyrusone_Hearing_12032025.mp3,2129,10906.736,10908.498,1.7619999999988067,SPEAKER_09,DID I HEAR YOU SAY THAT,6,6,6
CyrusOne/Cyrusone_Hearing_12032025.mp3,2130,10909.785,10938.352,28.567000000000917,SPEAKER_09,uh... since the zoning process is already started by cyrus one that if we've any amendments we enact to our zoning ordinance would not affect the cyrus one center or zoning petition uh... it it it it all depends uh... everyone including cyrus one has a right to rely on the zoning rules as they exist now and,58,58,58
CyrusOne/Cyrusone_Hearing_12032025.mp3,2131,10939.298,10956.473,17.174999999999272,SPEAKER_15,"If during the time that these zoning rules exist, Cyrus 1 substantially relies on those and spends enough money or time or what have you, they can get a vested right in proceeding forward under the existing rules.",38,38,38
CyrusOne/Cyrusone_Hearing_12032025.mp3,2132,10957.394,10963.139,5.744999999998981,SPEAKER_15,"And so I don't know what they've spent or done or whatever, but that's the general rule.",17,17,17
CyrusOne/Cyrusone_Hearing_12032025.mp3,2133,10963.579,10964.62,1.0410000000010768,SPEAKER_15,And if you want to cut off,7,7,7
CyrusOne/Cyrusone_Hearing_12032025.mp3,2134,10965.173,10968.794,3.620999999999185,SPEAKER_15,Cyrus 1 and everybody else relying on the existing zoning rules.,11,11,11
CyrusOne/Cyrusone_Hearing_12032025.mp3,2135,10968.954,10974.735,5.781000000000859,SPEAKER_15,"The way to do that is to file an amendment, and it doesn't have to be a significant amendment.",19,19,19
CyrusOne/Cyrusone_Hearing_12032025.mp3,2136,10974.895,10984.076,9.180999999998676,SPEAKER_15,"If you're just changing, say the setback is 750 feet, and you say, well, I want 800, and they're willing to comply with either one, it doesn't make any difference.",30,30,30
CyrusOne/Cyrusone_Hearing_12032025.mp3,2137,10984.096,10986.517,2.4210000000002765,SPEAKER_15,"It doesn't change the whole thing, but that one rule.",10,10,10
CyrusOne/Cyrusone_Hearing_12032025.mp3,2138,10987.197,10992.798,5.6010000000005675,SPEAKER_15,"But other people have talked about potential amendments, you know, height that are,",13,13,13
CyrusOne/Cyrusone_Hearing_12032025.mp3,2139,10993.303,10995.904,2.6010000000005675,SPEAKER_15,You have to have your own power plant or whatever.,10,10,10
CyrusOne/Cyrusone_Hearing_12032025.mp3,2140,10995.924,10996.744,0.819999999999709,SPEAKER_15,I don't know what it might be.,7,7,7
CyrusOne/Cyrusone_Hearing_12032025.mp3,2141,10996.825,10997.585,0.7599999999983993,SPEAKER_15,Very significant.,2,2,2
CyrusOne/Cyrusone_Hearing_12032025.mp3,2142,10997.605,11003.327,5.721999999999753,SPEAKER_15,So that might cause people to stop and do nothing until they determine what is Sangamon County going to do.,20,20,20
CyrusOne/Cyrusone_Hearing_12032025.mp3,2143,11003.647,11018.414,14.766999999999825,SPEAKER_09,Couldn't we enact ordinances regulating data centers that aren't zoning laws but that are just regulations regulating that particular industry that would affect this project?,25,25,25
CyrusOne/Cyrusone_Hearing_12032025.mp3,2144,11019.434,11021.135,1.7010000000009313,SPEAKER_15,I do not know the answer to that.,8,8,8
CyrusOne/Cyrusone_Hearing_12032025.mp3,2145,11021.991,11023.192,1.2009999999991123,SPEAKER_15,I know we have zoning powers.,6,6,6
CyrusOne/Cyrusone_Hearing_12032025.mp3,2146,11023.352,11027.934,4.581999999998516,SPEAKER_15,"We can change building standards, whatever.",6,6,6
CyrusOne/Cyrusone_Hearing_12032025.mp3,2147,11027.954,11038.019,10.06500000000051,SPEAKER_15,"But, I mean, if you just change the building standards, say these things have got to be made out of gold bars, well, they would still have their right, if they've already invested right in the current rules, to go forward.",41,41,41
CyrusOne/Cyrusone_Hearing_12032025.mp3,2148,11038.399,11044.422,6.023000000001048,SPEAKER_09,So are you saying maybe we don't have the authority to regulate a data center other than through the zoning laws?,21,21,21
CyrusOne/Cyrusone_Hearing_12032025.mp3,2149,11044.883,11045.643,0.7600000000002183,SPEAKER_15,I said I don't know.,5,5,5
CyrusOne/Cyrusone_Hearing_12032025.mp3,2150,11045.923,11046.283,0.3599999999987631,SPEAKER_09,Okay.,1,1,1
CyrusOne/Cyrusone_Hearing_12032025.mp3,2151,11047.324,11047.664,0.3400000000001455,SPEAKER_09,Thank you.,2,2,2
CyrusOne/Cyrusone_Hearing_12032025.mp3,2152,11049.665,11050.145,0.47999999999956344,SPEAKER_25,"Good, Sam.",2,2,2
CyrusOne/Cyrusone_Hearing_12032025.mp3,2153,11051.466,11051.706,0.23999999999978172,SPEAKER_09,Ben?,1,1,1
CyrusOne/Cyrusone_Hearing_12032025.mp3,2154,11052.938,11054.278,1.3400000000001455,SPEAKER_09,"Yes, for right now.",4,4,4
CyrusOne/Cyrusone_Hearing_12032025.mp3,2155,11054.298,11054.558,0.2600000000002183,SPEAKER_09,Thank you.,2,2,2
CyrusOne/Cyrusone_Hearing_12032025.mp3,2156,11054.578,11054.739,0.1610000000000582,SPEAKER_09,Okay.,1,1,1
CyrusOne/Cyrusone_Hearing_12032025.mp3,2157,11058.459,11058.739,0.27999999999883585,SPEAKER_25,Ready?,1,1,1
CyrusOne/Cyrusone_Hearing_12032025.mp3,2158,11061.9,11062.42,0.5200000000004366,SPEAKER_44,"One, two, three.",3,3,3
CyrusOne/Cyrusone_Hearing_12032025.mp3,2159,11062.82,11063.861,1.0410000000010768,SPEAKER_45,Cute.,1,1,1
CyrusOne/Cyrusone_Hearing_12032025.mp3,2160,11064.321,11068.942,4.620999999999185,SPEAKER_45,"So, Mark, and I'm trying to make sure that I understand this correctly.",13,13,13
CyrusOne/Cyrusone_Hearing_12032025.mp3,2161,11069.302,11074.663,5.361000000000786,SPEAKER_45,Part of the biggest issue for rising costs for utilities is,11,11,11
CyrusOne/Cyrusone_Hearing_12032025.mp3,2162,11075.207,11075.927,0.7199999999993452,SPEAKER_45,SUPPLY AND DEMAND.,3,3,3
CyrusOne/Cyrusone_Hearing_12032025.mp3,2163,11076.488,11086.792,10.304000000000087,SPEAKER_45,"AS YOU JUST SAID, WE'RE HAVING SOME OF THE COAL-POWERED AND NATURAL GAS-POWERED PLANTS PHASED OUT BY 2030, WAS THAT CORRECT?",21,21,21
CyrusOne/Cyrusone_Hearing_12032025.mp3,2164,11086.852,11091.193,4.34099999999853,SPEAKER_23,"THEY PHASE OUT, BUT THE SCHEDULE FOR THE PHASE OUT STARTS AT 2030 AND GOES THROUGH 2045.",17,17,17
CyrusOne/Cyrusone_Hearing_12032025.mp3,2165,11091.313,11091.754,0.44100000000071304,SPEAKER_45,GOTCHA.,1,1,1
CyrusOne/Cyrusone_Hearing_12032025.mp3,2166,11092.094,11101.958,9.864000000001397,SPEAKER_45,"OKAY, KEEPING THAT IN MIND, THEN THERE IS A SIGNIFICANT AMOUNT OF SUPPLY THAT WILL BE PHASED OUT.",18,18,18
CyrusOne/Cyrusone_Hearing_12032025.mp3,2167,11103.436,11107.239,3.8029999999998836,SPEAKER_45,"And we're not exactly sure what that time, I'm not exactly sure what the timeline is.",16,16,16
CyrusOne/Cyrusone_Hearing_12032025.mp3,2168,11107.279,11108.14,0.8609999999989668,SPEAKER_45,Could you answer that?,4,4,4
CyrusOne/Cyrusone_Hearing_12032025.mp3,2169,11108.34,11113.884,5.543999999999869,SPEAKER_45,"Do you have an idea of what, how long it may take to phase out those sources?",17,17,17
CyrusOne/Cyrusone_Hearing_12032025.mp3,2170,11114.224,11116.226,2.0020000000004075,SPEAKER_45,I could give you specific numbers.,6,6,6
CyrusOne/Cyrusone_Hearing_12032025.mp3,2171,11116.466,11117.026,0.5599999999994907,SPEAKER_23,Okay.,1,1,1
CyrusOne/Cyrusone_Hearing_12032025.mp3,2172,11117.146,11121.63,4.483999999998559,SPEAKER_23,But I think that the general rule of thumb is that statewide,12,12,12
CyrusOne/Cyrusone_Hearing_12032025.mp3,2173,11122.991,11130.498,7.506999999999607,SPEAKER_23,"the state will start to see somewhere around, I think it's about 6,000 megawatts of generating capacity exit.",18,18,18
CyrusOne/Cyrusone_Hearing_12032025.mp3,2174,11130.518,11134.122,3.6039999999993597,SPEAKER_23,"Now, a fair amount of that's natural gas and located in northern Illinois.",13,13,13
CyrusOne/Cyrusone_Hearing_12032025.mp3,2175,11134.382,11136.885,2.503000000000611,SPEAKER_23,So those are the natural gas peaker plants that you might read about.,13,13,13
CyrusOne/Cyrusone_Hearing_12032025.mp3,2176,11137.045,11139.568,2.5229999999992287,SPEAKER_45,But they're all still on the MISO grid.,8,8,8
CyrusOne/Cyrusone_Hearing_12032025.mp3,2177,11139.977,11140.377,0.3999999999996362,SPEAKER_45,Am I right?,3,3,3
CyrusOne/Cyrusone_Hearing_12032025.mp3,2178,11140.638,11144.28,3.6419999999998254,SPEAKER_23,"If they're in northern Illinois, they're part of a separate grid called PJM.",13,13,13
CyrusOne/Cyrusone_Hearing_12032025.mp3,2179,11144.66,11145.101,0.44100000000071304,SPEAKER_45,Gotcha.,1,1,1
CyrusOne/Cyrusone_Hearing_12032025.mp3,2180,11145.281,11147.262,1.9809999999997672,SPEAKER_23,"And there is some layover, as we saw.",8,8,8
CyrusOne/Cyrusone_Hearing_12032025.mp3,2181,11147.322,11148.503,1.1810000000004948,SPEAKER_23,We can import and export.,5,5,5
CyrusOne/Cyrusone_Hearing_12032025.mp3,2182,11148.723,11154.307,5.584000000000742,SPEAKER_23,But they are dedicated capacity resources for that northern Illinois and points east.,13,13,13
CyrusOne/Cyrusone_Hearing_12032025.mp3,2183,11154.707,11155.648,0.940999999998894,SPEAKER_45,Okay.,1,1,1
CyrusOne/Cyrusone_Hearing_12032025.mp3,2184,11155.988,11161.231,5.243000000000393,SPEAKER_45,"All this to say, we're seeing a lot of spike in prices or –",14,14,14
CyrusOne/Cyrusone_Hearing_12032025.mp3,2185,11164.071,11168.532,4.460999999999331,SPEAKER_45,customers' bills in regards to the electricity usage in the summertime.,11,11,11
CyrusOne/Cyrusone_Hearing_12032025.mp3,2186,11169.132,11178.734,9.602000000000771,SPEAKER_45,"A lot of that we can assume is because of ACs, different things that need to be run during the summer to make things comfortable.",25,25,25
CyrusOne/Cyrusone_Hearing_12032025.mp3,2187,11179.815,11191.577,11.761999999998807,SPEAKER_45,I think it's fairly safe to say that we're going to be experiencing some climate things over the next few years that may make things hotter for our climate.,29,29,29
CyrusOne/Cyrusone_Hearing_12032025.mp3,2188,11192.658,11193.678,1.0200000000004366,SPEAKER_45,So does that mean,4,4,4
CyrusOne/Cyrusone_Hearing_12032025.mp3,2189,11194.517,11212.825,18.308000000000902,SPEAKER_45,"that the usage or the demand is going to increase as, and I know this is probably not your area of expertise, but would it be reasonable to say that if the temperatures continue to trend up, that these prices are going to continue to go up as well as the demand for energy?",54,54,54
CyrusOne/Cyrusone_Hearing_12032025.mp3,2190,11213.445,11218.347,4.902000000000044,SPEAKER_23,"Well, I think that that would be reasonable if you assume that supply goes down.",15,15,15
CyrusOne/Cyrusone_Hearing_12032025.mp3,2191,11218.748,11220.749,2.0010000000002037,SPEAKER_23,I don't share that view.,5,5,5
CyrusOne/Cyrusone_Hearing_12032025.mp3,2192,11221.789,11224.09,2.300999999999476,SPEAKER_23,We have a lot of investment.,6,6,6
CyrusOne/Cyrusone_Hearing_12032025.mp3,2193,11224.353,11231.755,7.402000000000044,SPEAKER_23,"through Future Energy Jobs Act, then Climate and Energy Jobs Act, and then the most recent legislation.",17,17,17
CyrusOne/Cyrusone_Hearing_12032025.mp3,2194,11231.995,11240.978,8.982999999998356,SPEAKER_23,"So right now the state is pushing, it'll be almost $600 million a year into renewables through the Renewable Portfolio Standard.",21,21,21
CyrusOne/Cyrusone_Hearing_12032025.mp3,2195,11241.158,11248.7,7.542000000001281,SPEAKER_23,"There is now the, starting with the 3,000 megawatts of battery storage that will be coming online by 2030.",19,19,19
CyrusOne/Cyrusone_Hearing_12032025.mp3,2196,11250.867,11259.052,8.18499999999949,SPEAKER_23,"and then we also have all the energy efficiency portfolio standard programs for all the investor-owned utilities, natural gas and electricity.",21,21,21
CyrusOne/Cyrusone_Hearing_12032025.mp3,2197,11259.392,11261.113,1.720999999999549,SPEAKER_23,"So it's a combination, right?",5,5,5
CyrusOne/Cyrusone_Hearing_12032025.mp3,2198,11261.133,11262.333,1.2000000000007276,SPEAKER_23,I'm not trying to dance around it.,7,7,7
CyrusOne/Cyrusone_Hearing_12032025.mp3,2199,11262.434,11271.038,8.604000000001179,SPEAKER_23,I'm just saying that it's from a modeling perspective to assume that no new supply comes online and that demand simply goes up.,23,23,23
CyrusOne/Cyrusone_Hearing_12032025.mp3,2200,11271.939,11276.441,4.5020000000004075,SPEAKER_23,"That's a simple assumption, but I think that the real world indicates that",13,13,13
CyrusOne/Cyrusone_Hearing_12032025.mp3,2201,11277.035,11287.339,10.304000000000087,SPEAKER_23,"Again, we have a lot of proposed solar, wind, even natural gas, maybe nuclear plants being proposed in the entire MISO footprint.",22,22,22
CyrusOne/Cyrusone_Hearing_12032025.mp3,2202,11287.84,11296.623,8.782999999999447,SPEAKER_23,"So we have to take into account that there are supply and demand rules that you rightly identified, but they are regional.",22,22,22
CyrusOne/Cyrusone_Hearing_12032025.mp3,2203,11297.163,11301.065,3.9020000000000437,SPEAKER_23,That's a much larger market in which this is all occurring.,11,11,11
CyrusOne/Cyrusone_Hearing_12032025.mp3,2204,11301.125,11305.827,4.701999999999316,SPEAKER_23,"So we have to really sit back and think and not hit that panic button that, oh, we're doomed.",19,19,19
CyrusOne/Cyrusone_Hearing_12032025.mp3,2205,11306.934,11307.515,0.581000000000131,SPEAKER_23,That's not it.,3,3,3
CyrusOne/Cyrusone_Hearing_12032025.mp3,2206,11307.615,11313.498,5.882999999999811,SPEAKER_23,"I mean, that's part of what MISO's responsibility is to say, look, do we have enough supply to meet demand?",20,20,20
CyrusOne/Cyrusone_Hearing_12032025.mp3,2207,11314.178,11323.623,9.444999999999709,SPEAKER_23,"If not, if there was not sufficient supply in the market to meet the demand of this and other developments, they wouldn't receive the ability to connect to the grid.",30,30,30
CyrusOne/Cyrusone_Hearing_12032025.mp3,2208,11324.343,11325.444,1.1009999999987485,SPEAKER_23,And we see this in other states.,7,7,7
CyrusOne/Cyrusone_Hearing_12032025.mp3,2209,11325.524,11335.029,9.505000000001019,SPEAKER_23,"I have a client in Ohio that was told, you can build your asset, but we can't support it for five years, right?",23,23,23
CyrusOne/Cyrusone_Hearing_12032025.mp3,2210,11335.409,11335.609,0.2000000000007276,SPEAKER_23,So...,1,1,1
CyrusOne/Cyrusone_Hearing_12032025.mp3,2211,11336.437,11337.878,1.441000000000713,SPEAKER_23,"You know, this is not the Wild West.",8,8,8
CyrusOne/Cyrusone_Hearing_12032025.mp3,2212,11338.138,11340.12,1.981999999999971,SPEAKER_23,This is a highly regulated market.,6,6,6
CyrusOne/Cyrusone_Hearing_12032025.mp3,2213,11340.2,11340.98,0.7799999999988358,SPEAKER_23,It's very opaque.,3,3,3
CyrusOne/Cyrusone_Hearing_12032025.mp3,2214,11341.2,11342.281,1.081000000000131,SPEAKER_23,I appreciate that.,3,3,3
CyrusOne/Cyrusone_Hearing_12032025.mp3,2215,11342.802,11347.305,4.503000000000611,SPEAKER_23,"But, again, I just go back to the fact that, yes, prices spiked.",13,13,13
CyrusOne/Cyrusone_Hearing_12032025.mp3,2216,11348.266,11351.368,3.1020000000007713,SPEAKER_23,"This summer, they also spiked, I believe it was the summer of 2019.",13,13,13
CyrusOne/Cyrusone_Hearing_12032025.mp3,2217,11352.008,11354.049,2.041000000001077,SPEAKER_23,So these things do happen.,5,5,5
CyrusOne/Cyrusone_Hearing_12032025.mp3,2218,11354.209,11357.93,3.720999999999549,SPEAKER_23,There's misalignment in supply and demand in short spurts.,9,9,9
CyrusOne/Cyrusone_Hearing_12032025.mp3,2219,11360.051,11366.474,6.423000000000684,SPEAKER_23,"Whether that translates into some type of permanent increase, I'm reluctant to say that that's going to be the case.",20,20,20
CyrusOne/Cyrusone_Hearing_12032025.mp3,2220,11366.594,11374.097,7.503000000000611,SPEAKER_45,"Sure, and I definitely understand that this could be temporary, but I also know that our constituents can be put under by temporary costs.",24,24,24
CyrusOne/Cyrusone_Hearing_12032025.mp3,2221,11374.497,11380.84,6.343000000000757,SPEAKER_45,"SO I WANT TO MAKE SURE THAT WE THINK ABOUT THIS, AGAIN, IN A BROADER SENSE, EVEN IF WE DON'T HAVE ALL THE ANSWERS.",24,24,24
CyrusOne/Cyrusone_Hearing_12032025.mp3,2222,11381.42,11382.901,1.4809999999997672,SPEAKER_45,AND I DO THANK YOU FOR YOUR TRANSPARENCY.,8,8,8
CyrusOne/Cyrusone_Hearing_12032025.mp3,2223,11383.301,11383.701,0.3999999999996362,SPEAKER_45,I YIELD.,2,2,2
CyrusOne/Cyrusone_Hearing_12032025.mp3,2224,11386.823,11387.623,0.7999999999992724,SPEAKER_25,"ALL RIGHT, GOOD JOB.",4,4,4
CyrusOne/Cyrusone_Hearing_12032025.mp3,2225,11387.803,11391.045,3.242000000000189,SPEAKER_25,WHAT HAVE WE GOT HERE?,5,5,5
CyrusOne/Cyrusone_Hearing_12032025.mp3,2226,11391.185,11391.585,0.3999999999996362,SPEAKER_25,OKAY.,1,1,1
CyrusOne/Cyrusone_Hearing_12032025.mp3,2227,11392.446,11394.246,1.7999999999992724,SPEAKER_25,NEXT QUESTION IS FROM COUNTY BOARD MEMBERS.,7,7,7
CyrusOne/Cyrusone_Hearing_12032025.mp3,2228,11398.488,11398.909,0.4210000000002765,SPEAKER_25,OKAY.,1,1,1
CyrusOne/Cyrusone_Hearing_12032025.mp3,2229,11399.749,11401.63,1.8809999999994034,SPEAKER_25,"SO WITH THAT BEING SAID,",5,5,5
CyrusOne/Cyrusone_Hearing_12032025.mp3,2230,11403.383,11407.744,4.361000000000786,SPEAKER_25,We will then move into the public comment period.,9,9,9
CyrusOne/Cyrusone_Hearing_12032025.mp3,2231,11408.725,11413.166,4.440999999998894,SPEAKER_25,"And so the rules for the public speakers, each speaker receives three minutes.",13,13,13
CyrusOne/Cyrusone_Hearing_12032025.mp3,2232,11413.726,11416.487,2.760999999998603,SPEAKER_25,The comments are made to the chair up here.,9,9,9
CyrusOne/Cyrusone_Hearing_12032025.mp3,2233,11417.508,11420.969,3.4609999999993306,SPEAKER_25,And so we have a list to call for.,9,9,9
CyrusOne/Cyrusone_Hearing_12032025.mp3,2234,11421.029,11423.89,2.860999999998967,SPEAKER_25,"There's people that sign up tonight, but we have an initial list.",12,12,12
CyrusOne/Cyrusone_Hearing_12032025.mp3,2235,11428.331,11431.973,3.6419999999998254,SPEAKER_25,"And by the way, before the public comes up, the lady sitting to my right here,",16,16,16
CyrusOne/Cyrusone_Hearing_12032025.mp3,2236,11433.612,11439.575,5.963000000001557,SPEAKER_25,"SHE'S THE COUNTY BOARD LIAISON, SO IF YOU CALL THE COUNTY BOARD OFFICE, SHE WILL BE MOST LIKELY THE ONE TO ANSWER.",22,22,22
CyrusOne/Cyrusone_Hearing_12032025.mp3,2237,11439.955,11440.936,0.9809999999997672,SPEAKER_25,AND IT'S THE SAME COUNTY.,5,5,5
CyrusOne/Cyrusone_Hearing_12032025.mp3,2238,11440.956,11442.156,1.2000000000007276,SPEAKER_25,HER NAME IS MARY CARTER.,5,5,5
CyrusOne/Cyrusone_Hearing_12032025.mp3,2239,11447.359,11453.762,6.403000000000247,SPEAKER_25,"SHE KEEPS 29 OF US BOARD MEMBERS STRAIGHT IN WHAT WE DO, SO I WANTED TO GIVE HER A HAND REAL QUICK.",22,22,22
CyrusOne/Cyrusone_Hearing_12032025.mp3,2240,11459.545,11459.985,0.4400000000005093,SPEAKER_25,OKAY.,1,1,1
CyrusOne/Cyrusone_Hearing_12032025.mp3,2241,11460.345,11463.307,2.9620000000013533,SPEAKER_25,"NOW, LET ME MAKE SURE I'M GOING TO DO THIS CORRECTLY HERE.",12,12,12
CyrusOne/Cyrusone_Hearing_12032025.mp3,2242,11465.651,11466.692,1.0409999999992579,SPEAKER_25,Jim Allers.,2,2,2
CyrusOne/Cyrusone_Hearing_12032025.mp3,2243,11467.472,11469.054,1.5820000000003347,SPEAKER_25,"Jim Allers, are you in here?",6,6,6
CyrusOne/Cyrusone_Hearing_12032025.mp3,2244,11470.495,11472.777,2.2819999999992433,SPEAKER_25,"Raise your hand, Jim Allers, if you wish to speak.",10,10,10
CyrusOne/Cyrusone_Hearing_12032025.mp3,2245,11474.618,11475.059,0.44099999999889405,SPEAKER_25,Okay.,1,1,1
CyrusOne/Cyrusone_Hearing_12032025.mp3,2246,11475.579,11477.501,1.9220000000004802,SPEAKER_25,See what I mean?,4,4,4
CyrusOne/Cyrusone_Hearing_12032025.mp3,2247,11478.962,11482.345,3.382999999999811,SPEAKER_25,"So, Alicia Lewis.",3,3,3
CyrusOne/Cyrusone_Hearing_12032025.mp3,2248,11483.085,11484.326,1.2409999999999854,SPEAKER_25,Alicia Lewis.,2,2,2
CyrusOne/Cyrusone_Hearing_12032025.mp3,2249,11485.687,11490.031,4.34400000000096,SPEAKER_25,"Now, these are people that have signed up by email to talk tonight.",13,13,13
CyrusOne/Cyrusone_Hearing_12032025.mp3,2250,11490.952,11493.914,2.9620000000013533,SPEAKER_25,"So, I want to make sure and go through this whole list.",12,12,12
CyrusOne/Cyrusone_Hearing_12032025.mp3,2251,11494.355,11495.676,1.3209999999999127,SPEAKER_25,Jim Applegate.,2,2,2
CyrusOne/Cyrusone_Hearing_12032025.mp3,2252,11496.576,11498.117,1.5410000000010768,SPEAKER_25,"Jim, please come up.",4,4,4
CyrusOne/Cyrusone_Hearing_12032025.mp3,2253,11499.758,11501.559,1.8009999999994761,SPEAKER_25,"Okay, right up here, please, sir.",6,6,6
CyrusOne/Cyrusone_Hearing_12032025.mp3,2254,11506.983,11508.704,1.720999999999549,SPEAKER_25,You probably want that turned around.,6,6,6
CyrusOne/Cyrusone_Hearing_12032025.mp3,2255,11509.844,11511.505,1.6610000000000582,SPEAKER_25,"Yeah, but here.",3,3,3
CyrusOne/Cyrusone_Hearing_12032025.mp3,2256,11513.667,11516.588,2.9210000000002765,SPEAKER_25,"Okay, now I know, but he's addressing us.",8,8,8
CyrusOne/Cyrusone_Hearing_12032025.mp3,2257,11517.449,11517.729,0.27999999999883585,SPEAKER_32,"Oh, yeah.",2,2,2
CyrusOne/Cyrusone_Hearing_12032025.mp3,2258,11518.089,11518.43,0.34100000000034925,SPEAKER_25,"No, no.",2,2,2
CyrusOne/Cyrusone_Hearing_12032025.mp3,2259,11518.75,11519.05,0.2999999999992724,SPEAKER_25,Okay.,1,1,1
CyrusOne/Cyrusone_Hearing_12032025.mp3,2260,11519.63,11520.071,0.44100000000071304,SPEAKER_25,Thank you.,2,2,2
CyrusOne/Cyrusone_Hearing_12032025.mp3,2261,11520.191,11520.531,0.3400000000001455,SPEAKER_32,Thank you.,2,2,2
CyrusOne/Cyrusone_Hearing_12032025.mp3,2262,11520.571,11523.853,3.2819999999992433,SPEAKER_32,"I'm Jim Applegate, longtime resident of Springfield.",7,7,7
CyrusOne/Cyrusone_Hearing_12032025.mp3,2263,11524.742,11529.547,4.805000000000291,SPEAKER_32,"First, I want to say to all the union colleagues here that none of us are against good union jobs.",20,20,20
CyrusOne/Cyrusone_Hearing_12032025.mp3,2264,11530.027,11531.189,1.162000000000262,SPEAKER_32,I don't think anybody here is.,6,6,6
CyrusOne/Cyrusone_Hearing_12032025.mp3,2265,11533.691,11537.815,4.123999999999796,SPEAKER_32,But I personally believe stronger unions mean a stronger America.,10,10,10
CyrusOne/Cyrusone_Hearing_12032025.mp3,2266,11538.396,11545.083,6.686999999999898,SPEAKER_32,"But on the other hand, there are many things you can build with good union jobs, and data centers aren't one of those.",23,23,23
CyrusOne/Cyrusone_Hearing_12032025.mp3,2267,11545.863,11546.404,0.5410000000010768,SPEAKER_32,These are...,2,2,2
CyrusOne/Cyrusone_Hearing_12032025.mp3,2268,11548.385,11558.228,9.842999999998938,SPEAKER_32,"We can build things that don't threaten our electric rates, that don't drop hundreds of diesel generators on our fertile farmland and pose numerous other risks to our community.",29,29,29
CyrusOne/Cyrusone_Hearing_12032025.mp3,2269,11559.428,11561.669,2.2409999999999854,SPEAKER_32,We heard a very slick presentation tonight.,7,7,7
CyrusOne/Cyrusone_Hearing_12032025.mp3,2270,11562.009,11563.449,1.4400000000005093,SPEAKER_32,I'm a PhD in communication.,5,5,5
CyrusOne/Cyrusone_Hearing_12032025.mp3,2271,11563.489,11565.19,1.7010000000009313,SPEAKER_32,My compliments to the SARS-1 folks.,6,6,6
CyrusOne/Cyrusone_Hearing_12032025.mp3,2272,11565.21,11566.13,0.9200000000000728,SPEAKER_32,It was very well done.,5,5,5
CyrusOne/Cyrusone_Hearing_12032025.mp3,2273,11567.07,11575.753,8.683000000000902,SPEAKER_32,I'm assuming it's much like the presentations that these companies have given to communities all over America and all the benefits and things that are going to accrue.,28,28,28
CyrusOne/Cyrusone_Hearing_12032025.mp3,2274,11576.405,11589.592,13.186999999999898,SPEAKER_32,"COMMUNITIES THAT HAVE TURNED DOWN OR DELAYED THESE CENTERS TO THE TUNE OF TENS OF BILLIONS OF DOLLARS, AS YOU HEARD EARLIER, ONCE THEY FULLY UNDERSTOOD THE NEGATIVES AND THE RISKS TO THE COMMUNITY ITSELF.",35,35,35
CyrusOne/Cyrusone_Hearing_12032025.mp3,2275,11590.252,11606.02,15.768000000000029,SPEAKER_32,"COMMUNITIES WHICH MADE THE MISTAKE OF ALLOWING IT AT A CENTER, AND THEN BECAUSE OF ALL THE LAWSUITS, THE PROPERTY TAX APPEALS THAT LED TO FAR LESS REVENUE THAN THEY EXPECTED, AND I URGE YOU TO LOOK AT WHAT HAPPENED TO CALDONIA COUNTY IN MICHIGAN, WHERE",46,46,46
CyrusOne/Cyrusone_Hearing_12032025.mp3,2276,11607.07,11609.831,2.761000000000422,SPEAKER_32,They're basically bankrupt because of those property appeals.,8,8,8
CyrusOne/Cyrusone_Hearing_12032025.mp3,2277,11610.371,11614.772,4.401000000001659,SPEAKER_32,"But when they realized all that, they passed moratoriums, however useless they may be.",14,14,14
CyrusOne/Cyrusone_Hearing_12032025.mp3,2278,11615.932,11617.753,1.8209999999999127,SPEAKER_32,We're not new to this.,5,5,5
CyrusOne/Cyrusone_Hearing_12032025.mp3,2279,11618.153,11623.934,5.78099999999904,SPEAKER_32,"AI centers have a substantial track record now, and it is not a good one.",15,15,15
CyrusOne/Cyrusone_Hearing_12032025.mp3,2280,11625.114,11626.535,1.4210000000002765,SPEAKER_32,Research is available now.,4,4,4
CyrusOne/Cyrusone_Hearing_12032025.mp3,2281,11627.335,11635.857,8.522000000000844,SPEAKER_32,"I invite you to look up, it doesn't take much to Google and look up reports from the Gerald Ford Institute in Michigan, at the University of Michigan.",28,28,28
CyrusOne/Cyrusone_Hearing_12032025.mp3,2282,11636.582,11640.363,3.7809999999990396,SPEAKER_32,"which has a report card, What Happens When Data Centers Come to Town?",13,13,13
CyrusOne/Cyrusone_Hearing_12032025.mp3,2283,11641.364,11644.325,2.9610000000011496,SPEAKER_32,And let me not spoil the surprise.,7,7,7
CyrusOne/Cyrusone_Hearing_12032025.mp3,2284,11644.825,11652.487,7.661999999998443,SPEAKER_32,"Yes, the Titanic does sink at the end of that movie, and this is not a happy report about what happens to communities when data centers show up.",28,28,28
CyrusOne/Cyrusone_Hearing_12032025.mp3,2285,11653.128,11660.33,7.201999999999316,SPEAKER_32,"Or research on specific topics done by the Keto Institute, which is a well-renowned water expert group across the country.",20,20,20
CyrusOne/Cyrusone_Hearing_12032025.mp3,2286,11661.19,11665.452,4.261999999998807,SPEAKER_32,It's entitled Using Closed Loop,5,5,5
CyrusOne/Cyrusone_Hearing_12032025.mp3,2287,11666.093,11668.894,2.800999999999476,SPEAKER_32,"for water, which is what we had proposed.",8,8,8
CyrusOne/Cyrusone_Hearing_12032025.mp3,2288,11669.375,11673.697,4.322000000000116,SPEAKER_32,The subtitle is Water Saver or Chemical Time Bomb.,9,9,9
CyrusOne/Cyrusone_Hearing_12032025.mp3,2289,11674.777,11690.365,15.587999999999738,SPEAKER_32,"So there's, we, I just, I don't know why we wouldn't look and be forewarned by the communities that were many mentioned here, six in Georgia or whatever, that have looked at this, that heard all the stuff about revenues and",41,41,41
CyrusOne/Cyrusone_Hearing_12032025.mp3,2290,11691.318,11713.992,22.674000000000888,SPEAKER_32,union jobs and permanent jobs in which typically there are very few permanent jobs out of these out of these centers and have said no this is not the future we want we will segment growth alliance do your job find good projects that increase the health and the quality of life in our community not threaten it thank you,60,60,60
CyrusOne/Cyrusone_Hearing_12032025.mp3,2291,11720.794,11722.876,2.0820000000003347,SPEAKER_25,"Jim, that was right spot on time.",7,7,7
CyrusOne/Cyrusone_Hearing_12032025.mp3,2292,11723.637,11725.598,1.9609999999993306,SPEAKER_25,You had two seconds to go.,6,6,6
CyrusOne/Cyrusone_Hearing_12032025.mp3,2293,11728.241,11728.561,0.31999999999970896,SPEAKER_17,Yes.,1,1,1
CyrusOne/Cyrusone_Hearing_12032025.mp3,2294,11741.353,11742.034,0.6810000000004948,SPEAKER_25,"Okay, then.",2,2,2
CyrusOne/Cyrusone_Hearing_12032025.mp3,2295,11743.175,11744.396,1.2210000000013679,SPEAKER_25,Stephanie Fuller.,2,2,2
CyrusOne/Cyrusone_Hearing_12032025.mp3,2296,11744.836,11745.357,0.5210000000006403,SPEAKER_25,Stephanie?,1,1,1
CyrusOne/Cyrusone_Hearing_12032025.mp3,2297,11746.037,11746.878,0.8410000000003492,SPEAKER_25,"Yes, please come up.",4,4,4
CyrusOne/Cyrusone_Hearing_12032025.mp3,2298,11763.363,11763.643,0.28000000000065484,SPEAKER_25,Hello.,1,1,1
CyrusOne/Cyrusone_Hearing_12032025.mp3,2299,11766.004,11766.404,0.3999999999996362,SPEAKER_38,Hello.,1,1,1
CyrusOne/Cyrusone_Hearing_12032025.mp3,2300,11767.064,11768.124,1.0599999999994907,SPEAKER_38,My name is Stephanie Fuller.,5,5,5
CyrusOne/Cyrusone_Hearing_12032025.mp3,2301,11768.264,11771.285,3.0210000000006403,SPEAKER_38,I have been a resident of Sangamon County for 20 years.,11,11,11
CyrusOne/Cyrusone_Hearing_12032025.mp3,2302,11771.725,11773.865,2.139999999999418,SPEAKER_38,My husband and I have raised our four sons here.,10,10,10
CyrusOne/Cyrusone_Hearing_12032025.mp3,2303,11774.986,11778.407,3.4209999999984575,SPEAKER_38,I am in favor of the data center.,8,8,8
CyrusOne/Cyrusone_Hearing_12032025.mp3,2304,11778.987,11780.847,1.860000000000582,SPEAKER_38,I have worked in IT for decades.,7,7,7
CyrusOne/Cyrusone_Hearing_12032025.mp3,2305,11781.387,11784.828,3.440999999998894,SPEAKER_38,I have three of my four sons are in the IT industry.,12,12,12
CyrusOne/Cyrusone_Hearing_12032025.mp3,2306,11785.428,11792.87,7.442000000000917,SPEAKER_38,And for them to have an opportunity to actually have a good paying job in Sangamon County would be amazing.,20,20,20
CyrusOne/Cyrusone_Hearing_12032025.mp3,2307,11793.657,11800.825,7.168000000001484,SPEAKER_38,My two sons had to move to other states to get opportunities like what are going to be coming if we have this data center.,25,25,25
CyrusOne/Cyrusone_Hearing_12032025.mp3,2308,11801.406,11807.152,5.745999999999185,SPEAKER_38,"So I know that in this forum, most of the time people come here when they're unhappy.",17,17,17
CyrusOne/Cyrusone_Hearing_12032025.mp3,2309,11807.833,11813.94,6.106999999999971,SPEAKER_38,I felt the need to come here to share that I support this because I don't think we hear that enough at public meetings.,24,24,24
CyrusOne/Cyrusone_Hearing_12032025.mp3,2310,11815.085,11818.268,3.183000000000902,SPEAKER_38,So I'm here to just say I'm also a business owner.,11,11,11
CyrusOne/Cyrusone_Hearing_12032025.mp3,2311,11818.849,11830.22,11.370999999999185,SPEAKER_38,"I also am a volunteer with the Information Technology Society for Education, and I would love to have more technology, good-paying jobs here in Pengenman County.",26,26,26
CyrusOne/Cyrusone_Hearing_12032025.mp3,2312,11830.84,11831.341,0.5010000000002037,SPEAKER_38,So thank you.,3,3,3
CyrusOne/Cyrusone_Hearing_12032025.mp3,2313,11831.841,11832.262,0.4210000000002765,SPEAKER_25,Thank you.,2,2,2
CyrusOne/Cyrusone_Hearing_12032025.mp3,2314,11837.587,11838.668,1.081000000000131,SPEAKER_25,Ryan McCready.,2,2,2
CyrusOne/Cyrusone_Hearing_12032025.mp3,2315,11851.262,11852.242,0.9799999999995634,SPEAKER_11,"Good evening, county board.",4,4,4
CyrusOne/Cyrusone_Hearing_12032025.mp3,2316,11852.843,11853.503,0.6599999999998545,SPEAKER_11,"Yep, there we go.",4,4,4
CyrusOne/Cyrusone_Hearing_12032025.mp3,2317,11854.083,11855.164,1.081000000000131,SPEAKER_11,My name is Ryan McCready.,5,5,5
CyrusOne/Cyrusone_Hearing_12032025.mp3,2318,11855.204,11857.564,2.360000000000582,SPEAKER_11,I'm president of the Springfield Sangamon Growth Alliance.,8,8,8
CyrusOne/Cyrusone_Hearing_12032025.mp3,2319,11857.584,11859.565,1.9809999999997672,SPEAKER_11,I appreciate the opportunity to speak this evening.,8,8,8
CyrusOne/Cyrusone_Hearing_12032025.mp3,2320,11860.005,11868.849,8.84400000000096,SPEAKER_11,I appreciate the county board having this public forum to allow Cyrus One and the concerned citizens groups to be able to offer their questions and their thoughts about the project.,31,31,31
CyrusOne/Cyrusone_Hearing_12032025.mp3,2321,11869.469,11872.75,3.2810000000008586,SPEAKER_11,I get asked a lot about why a project locates where it locates.,13,13,13
CyrusOne/Cyrusone_Hearing_12032025.mp3,2322,11873.431,11877.052,3.620999999999185,SPEAKER_11,And the absolute number one most important thing is having a willing property owner.,14,14,14
CyrusOne/Cyrusone_Hearing_12032025.mp3,2323,11877.739,11879.72,1.9809999999997672,SPEAKER_11,SO THESE ARE NOT IMMINENT DOMAIN PROJECTS.,7,7,7
CyrusOne/Cyrusone_Hearing_12032025.mp3,2324,11879.801,11883.483,3.6820000000006985,SPEAKER_11,THESE ARE PROJECTS THAT HAVE TO HAPPEN WITH A WILLING PROPERTY OWNER.,12,12,12
CyrusOne/Cyrusone_Hearing_12032025.mp3,2325,11884.064,11885.985,1.9210000000002765,SPEAKER_11,THE INFRASTRUCTURE THEN COMES ALONG ALSO.,6,6,6
CyrusOne/Cyrusone_Hearing_12032025.mp3,2326,11886.005,11889.407,3.4020000000000437,SPEAKER_11,SO YOU HAVE TO HAVE INFRASTRUCTURE IN A PLACE WHERE YOU HAVE A WILLING PROPERTY OWNER.,16,16,16
CyrusOne/Cyrusone_Hearing_12032025.mp3,2327,11890.008,11897.233,7.225000000000364,SPEAKER_11,THE INFRASTRUCTURE THAT EXISTS TO SUPPORT THIS SITE DUE TO THE DOUBLE BLACK DIAMOND DEVELOPMENT IS SIGNIFICANT AND IS WHAT DRIVES THE LOCATION.,23,23,23
CyrusOne/Cyrusone_Hearing_12032025.mp3,2328,11898.214,11905.279,7.065000000000509,SPEAKER_11,"I CAME ACROSS A STUDY BY THE ABUNDANCE INSTITUTE OUT OF UTAH THAT SAID DATA CENTERS, PARTICULARLY IN RURAL AREAS, RETURN $26 IN TAXES",24,24,24
CyrusOne/Cyrusone_Hearing_12032025.mp3,2329,11907.132,11909.654,2.522000000000844,SPEAKER_11,FOR EVERY $1 OF PUBLIC SERVICES THAT THEY USE.,9,9,9
CyrusOne/Cyrusone_Hearing_12032025.mp3,2330,11910.574,11915.997,5.422999999998865,SPEAKER_11,AND THE REASON IS BECAUSE THE DENSITY OF THE DEVELOPMENT AND THE PURE VALUE OF THE PROPERTY TAXES THAT ARE PRODUCED.,21,21,21
CyrusOne/Cyrusone_Hearing_12032025.mp3,2331,11916.538,11921.941,5.403000000000247,SPEAKER_11,$6 MILLION A YEAR IN PROPERTY TAXES WOULD REQUIRE THE DEVELOPMENT OF 600 TO 700 HOMES.,16,16,16
CyrusOne/Cyrusone_Hearing_12032025.mp3,2332,11922.982,11933.408,10.425999999999476,SPEAKER_11,"THOSE HOMES WOULD REQUIRE A SIGNIFICANT AMOUNT OF PUBLIC SERVICES TO SUPPORT THEM, WHICH WOULD TAKE THAT, INSTEAD OF $26 FOR EVERY $1, WOULD TURN THAT EQUATION COMPLETELY UPSIDE DOWN.",30,30,30
CyrusOne/Cyrusone_Hearing_12032025.mp3,2333,11934.228,11935.089,0.8610000000007858,SPEAKER_11,"ALSO, DATA CENTERS",3,3,3
CyrusOne/Cyrusone_Hearing_12032025.mp3,2334,11935.553,11938.395,2.842000000000553,SPEAKER_11,SUPPORT 3.5 JOBS FOR EVERY ONE JOB CREATED.,8,8,8
CyrusOne/Cyrusone_Hearing_12032025.mp3,2335,11939.215,11946.34,7.125,SPEAKER_11,"SO IF 100 JOBS ARE CREATED AT A DATA CENTER, THAT SUPPORTS 350 OTHER JOBS OUT THERE IN THE COMMUNITY.",20,20,20
CyrusOne/Cyrusone_Hearing_12032025.mp3,2336,11946.84,11955.586,8.745999999999185,SPEAKER_11,"THAT'S BECAUSE THOSE WORKERS GO TO EAT PLACES, BUY CARS PLACES, GET THEIR CLOTHES DRIED, CLEAN PLACES, MOVE ABOUT THE COMMUNITY, SUPPORT MANY, MANY OTHER JOBS.",26,26,26
CyrusOne/Cyrusone_Hearing_12032025.mp3,2337,11956.346,11957.567,1.220999999999549,SPEAKER_11,SO I UNDERSTAND THE CONCERNS.,5,5,5
CyrusOne/Cyrusone_Hearing_12032025.mp3,2338,11957.607,11962.87,5.2630000000008295,SPEAKER_11,I APPRECIATE THAT CYRUS ONE TAKES THEM SERIOUSLY AND DOES WHAT THEY CAN TO BE A RESPONSIBLE DEVELOPER.,18,18,18
CyrusOne/Cyrusone_Hearing_12032025.mp3,2339,11963.291,11965.232,1.941000000000713,SPEAKER_11,"IN MY JOB, I DEAL WITH A LOT OF DEVELOPERS.",10,10,10
CyrusOne/Cyrusone_Hearing_12032025.mp3,2340,11965.658,11966.819,1.1610000000000582,SPEAKER_11,And they're not all responsible.,5,5,5
CyrusOne/Cyrusone_Hearing_12032025.mp3,2341,11967.579,11975.524,7.944999999999709,SPEAKER_11,"But it's been great to work with Cyrus One because they step forward, they answer the questions, and I believe you'll continue to see transparency.",25,25,25
CyrusOne/Cyrusone_Hearing_12032025.mp3,2342,11975.984,11977.925,1.940999999998894,SPEAKER_11,And I ask that the county board support this project.,10,10,10
CyrusOne/Cyrusone_Hearing_12032025.mp3,2343,11977.965,11978.306,0.34100000000034925,SPEAKER_11,Thank you.,2,2,2
CyrusOne/Cyrusone_Hearing_12032025.mp3,2344,11979.286,11979.746,0.4599999999991269,SPEAKER_25,Thank you.,2,2,2
CyrusOne/Cyrusone_Hearing_12032025.mp3,2345,11983.729,11987.931,4.202000000001135,SPEAKER_25,I wanted to clarify one thing to the county board members down on the bottom.,15,15,15
CyrusOne/Cyrusone_Hearing_12032025.mp3,2346,11991.492,12018.622,27.1299999999992,SPEAKER_25,under this period here uh... there is if someone from the county board may ask a clarifying question of professional county staff cyrus one presenters or springfield utility future presenters when necessary to correct a factual record or gain technical understanding relevant to the public comment period so i apologize for that while the public's speaking if you want to stop me and ask any of the,67,67,67
CyrusOne/Cyrusone_Hearing_12032025.mp3,2347,12020.637,12043.876,23.238999999999578,SPEAKER_25,professionals here they're a question please stop me so i didn't pick up on that very note there and no more than four times correct i did see that part but relevant to the public comment so is there anyone uh the county board members that please reggie uh reggie guyton,51,51,51
CyrusOne/Cyrusone_Hearing_12032025.mp3,2348,12047.137,12047.978,0.8409999999985303,SPEAKER_45,"Hello, Clarice.",2,2,2
CyrusOne/Cyrusone_Hearing_12032025.mp3,2349,12048.158,12048.678,0.5200000000004366,SPEAKER_25,There you go.,3,3,3
CyrusOne/Cyrusone_Hearing_12032025.mp3,2350,12049.879,12050.38,0.5009999999983847,SPEAKER_45,"Sorry, y'all.",2,2,2
CyrusOne/Cyrusone_Hearing_12032025.mp3,2351,12050.44,12051.22,0.7799999999988358,SPEAKER_45,That was pretty good.,4,4,4
CyrusOne/Cyrusone_Hearing_12032025.mp3,2352,12051.521,12051.941,0.42000000000007276,SPEAKER_45,Thank you.,2,2,2
CyrusOne/Cyrusone_Hearing_12032025.mp3,2353,12053.062,12056.805,3.743000000000393,SPEAKER_45,So we've been hearing a lot about jobs in this field.,11,11,11
CyrusOne/Cyrusone_Hearing_12032025.mp3,2354,12057.005,12062.189,5.184000000001106,SPEAKER_45,"And we just heard that for every one job created, did you say 300?",14,14,14
CyrusOne/Cyrusone_Hearing_12032025.mp3,2355,12063.55,12064.111,0.5610000000015134,SPEAKER_45,3.5.,1,1,1
CyrusOne/Cyrusone_Hearing_12032025.mp3,2356,12064.151,12066.232,2.081000000000131,SPEAKER_45,"3.5, OK. Just wanted to be sure.",7,7,7
CyrusOne/Cyrusone_Hearing_12032025.mp3,2357,12066.352,12067.813,1.4609999999993306,SPEAKER_45,That was way off.,4,4,4
CyrusOne/Cyrusone_Hearing_12032025.mp3,2358,12068.274,12073.438,5.164000000000669,SPEAKER_45,"Anywho, for every job created, 3.5 are supported, right?",9,9,9
CyrusOne/Cyrusone_Hearing_12032025.mp3,2359,12075.16,12080.444,5.283999999999651,SPEAKER_45,So how many jobs are for sure coming to permanent jobs?,11,11,11
CyrusOne/Cyrusone_Hearing_12032025.mp3,2360,12080.905,12081.605,0.6999999999989086,SPEAKER_45,Let's start there.,3,3,3
CyrusOne/Cyrusone_Hearing_12032025.mp3,2361,12081.685,12086.77,5.085000000000946,SPEAKER_45,Permanent jobs coming to this project?,6,6,6
CyrusOne/Cyrusone_Hearing_12032025.mp3,2362,12086.83,12087.79,0.9600000000009459,SPEAKER_45,100.,1,1,1
CyrusOne/Cyrusone_Hearing_12032025.mp3,2363,12087.83,12088.111,0.28100000000085856,SPEAKER_45,100?,1,1,1
CyrusOne/Cyrusone_Hearing_12032025.mp3,2364,12088.511,12089.071,0.5599999999994907,SPEAKER_45,Permanent jobs.,2,2,2
CyrusOne/Cyrusone_Hearing_12032025.mp3,2365,12089.152,12089.752,0.6000000000003638,SPEAKER_45,Permanent jobs.,2,2,2
CyrusOne/Cyrusone_Hearing_12032025.mp3,2366,12089.812,12090.032,0.21999999999934516,SPEAKER_45,Okay.,1,1,1
CyrusOne/Cyrusone_Hearing_12032025.mp3,2367,12090.072,12091.994,1.9220000000004802,SPEAKER_45,"And that's divided over three shifts, correct?",7,7,7
CyrusOne/Cyrusone_Hearing_12032025.mp3,2368,12092.955,12093.375,0.42000000000007276,SPEAKER_45,That's correct.,2,2,2
CyrusOne/Cyrusone_Hearing_12032025.mp3,2369,12093.853,12094.153,0.3000000000010914,SPEAKER_45,Okay.,1,1,1
CyrusOne/Cyrusone_Hearing_12032025.mp3,2370,12094.533,12096.814,2.2810000000008586,SPEAKER_45,"So, great.",2,2,2
CyrusOne/Cyrusone_Hearing_12032025.mp3,2371,12097.214,12106.097,8.88299999999981,SPEAKER_14,"So we know that – Well, 100 permanent jobs with Cirrus One, some of those overtime shifts might be security personnel.",21,21,21
CyrusOne/Cyrusone_Hearing_12032025.mp3,2372,12106.377,12107.437,1.0599999999994907,SPEAKER_14,It could be contractors.,4,4,4
CyrusOne/Cyrusone_Hearing_12032025.mp3,2373,12109.317,12117.26,7.9430000000011205,SPEAKER_14,"So it would be more – like 100 permanent positions, we have contractor positions in addition to the 100, and we have 10 jobs in addition to those.",28,28,28
CyrusOne/Cyrusone_Hearing_12032025.mp3,2374,12117.28,12117.72,0.4399999999986903,SPEAKER_45,So are –,3,3,2
CyrusOne/Cyrusone_Hearing_12032025.mp3,2375,12118.335,12124.521,6.186000000001513,SPEAKER_45,"To clarify, are those contractual jobs, are they separate from the 100 or combined?",14,14,14
CyrusOne/Cyrusone_Hearing_12032025.mp3,2376,12124.982,12127.825,2.8430000000007567,SPEAKER_45,So those contract jobs are separate from the 100.,9,9,9
CyrusOne/Cyrusone_Hearing_12032025.mp3,2377,12128.105,12129.006,0.9009999999998399,SPEAKER_45,"Okay, cool.",2,2,2
CyrusOne/Cyrusone_Hearing_12032025.mp3,2378,12129.166,12129.667,0.5010000000002037,SPEAKER_45,That's great.,2,2,2
CyrusOne/Cyrusone_Hearing_12032025.mp3,2379,12131.769,12137.495,5.7260000000005675,SPEAKER_45,"So to also add in another wrench, how much of this labor is",13,13,13
CyrusOne/Cyrusone_Hearing_12032025.mp3,2380,12138.501,12147.588,9.086999999999534,SPEAKER_45,"what percentage of this labor to construct this campus would be union or local work, local labor?",17,17,17
CyrusOne/Cyrusone_Hearing_12032025.mp3,2381,12147.868,12149.97,2.1019999999989523,SPEAKER_14,To the extent it can be.,6,6,6
CyrusOne/Cyrusone_Hearing_12032025.mp3,2382,12150.21,12155.154,4.944000000001324,SPEAKER_14,We're going to sign PLAs with all of the organized labor that can provide labor locally.,16,16,16
CyrusOne/Cyrusone_Hearing_12032025.mp3,2383,12155.354,12158.236,2.882000000001426,SPEAKER_14,Could you give a roundabout estimate if you had to say?,11,11,11
CyrusOne/Cyrusone_Hearing_12032025.mp3,2384,12159.657,12162.099,2.4420000000009168,SPEAKER_14,I don't know a specific estimate.,6,6,6
CyrusOne/Cyrusone_Hearing_12032025.mp3,2385,12162.279,12162.8,0.5209999999988213,SPEAKER_14,Or minimum?,2,2,2
CyrusOne/Cyrusone_Hearing_12032025.mp3,2386,12165.37,12167.892,2.521999999999025,SPEAKER_14,"I DON'T HAVE, LIKE, THE MINIMUM ON EITHER END OF THAT.",11,11,11
CyrusOne/Cyrusone_Hearing_12032025.mp3,2387,12167.972,12171.935,3.962999999999738,SPEAKER_14,"IT DEPENDS ON, I GUESS, THE PLA NEGOTIATIONS AND SPECIFICS WHEN WE GET INTO THAT.",15,15,15
CyrusOne/Cyrusone_Hearing_12032025.mp3,2388,12172.196,12173.136,0.9400000000005093,SPEAKER_45,OKAY.,1,1,1
CyrusOne/Cyrusone_Hearing_12032025.mp3,2389,12173.277,12176.019,2.742000000000189,SPEAKER_14,"BUT THERE'S NO, THE COMMITMENT IS TO USE LOCAL LABOR.",10,10,10
CyrusOne/Cyrusone_Hearing_12032025.mp3,2390,12176.039,12178.24,2.2009999999991123,SPEAKER_14,I DON'T WANT THAT TO BE MISCONSTRUED.,7,7,7
CyrusOne/Cyrusone_Hearing_12032025.mp3,2391,12178.261,12178.521,0.2600000000002183,SPEAKER_45,SURE.,1,1,1
CyrusOne/Cyrusone_Hearing_12032025.mp3,2392,12178.721,12184.045,5.324000000000524,SPEAKER_45,I JUST AM VERY CURIOUS ABOUT HOW MUCH OF THE LOCAL LABOR WOULD BE UTILIZED FOR THESE PROJECTS.,18,18,18
CyrusOne/Cyrusone_Hearing_12032025.mp3,2393,12184.365,12193.753,9.38800000000083,SPEAKER_45,"ONE, WE'VE SEEN A LOT OF DIFFERENT ORGANIZATIONS, THEY'VE COME OUT IN SUPPORT, THEY'VE GIVEN SIMILAR MESSAGES, WHETHER THEY WERE GUIDED TO OR NOT, I CAN'T SAY, BUT THAT DOESN'T MATTER.",31,31,31
CyrusOne/Cyrusone_Hearing_12032025.mp3,2394,12194.493,12205.278,10.784999999999854,SPEAKER_45,"THE FACT IS THAT THEY'RE INVESTED IN THIS, AND I WOULD LOVE TO SEE, I WOULD LOVE TO HAVE AN IDEA ABOUT HOW MUCH OVER TIME, OR EVEN FOR THE CAMPUS.",31,31,31
CyrusOne/Cyrusone_Hearing_12032025.mp3,2395,12205.318,12213.001,7.683000000000902,SPEAKER_45,"I KNOW WE'RE TALKING ABOUT SIX BUILDINGS, AND THERE'S A CHANCE THAT WE MIGHT SAY, HEY, COOL, LET'S DO ALL SIX BUILDINGS.",22,22,22
CyrusOne/Cyrusone_Hearing_12032025.mp3,2396,12213.041,12216.642,3.6010000000005675,SPEAKER_45,"BUT I MEAN, WHO'S TO SAY THAT WE WILL DO ALL SIX BUILDINGS?",13,13,13
CyrusOne/Cyrusone_Hearing_12032025.mp3,2397,12216.763,12219.424,2.661000000000058,SPEAKER_45,NOT TRYING TO SAY FOR OR AGAINST EITHER WAY.,9,9,9
CyrusOne/Cyrusone_Hearing_12032025.mp3,2398,12219.524,12222.625,3.1010000000005675,SPEAKER_45,I JUST WANT US TO HAVE AN IDEA OF WHAT WE'RE GETTING INTO.,13,13,13
CyrusOne/Cyrusone_Hearing_12032025.mp3,2399,12224.014,12234.495,10.481000000001586,SPEAKER_45,But from what you're saying is you don't have an estimate or minimum or any type of guiding factor as to how much labor would be used that is local or unionized.,32,32,32
CyrusOne/Cyrusone_Hearing_12032025.mp3,2400,12235.744,12263.74,27.995999999999185,SPEAKER_14,NONE YOU'RE ASKING FOR PERCENTAGE I DON'T KNOW A SPECIFIC PERCENTAGE OTHER THAN TO SAY THAT WE'RE PRIORITIZING UNION LABOR SIGNING PLA AGREEMENTS AND I THINK IT'S IF WE NEED TO GET TO A MORE SPECIFIC GUIDANCE ON A PERCENTAGE RELATIVE TO THE LABOR FORCE THAT'S AVAILABLE LOCALLY I'LL NEED SOME TIME TO GET THAT BUT I CAN I'M HAPPY TO GET IT I WOULD I WOULD PERSONALLY ME PERSONALLY SPEAKING NOT REPRESENTING THE BOARD OR ANYONE I WOULD SAY THAT THAT WOULD PROBABLY BE WISE BECAUSE WE HAVE AGAIN WE'VE HAD,92,92,92
CyrusOne/Cyrusone_Hearing_12032025.mp3,2401,12264.26,12281.949,17.689000000000306,SPEAKER_45,"DISCUSSIONS ABOUT, YOU KNOW, WHOSE LABOR IS UNDERVALUED AND WHO GETS UNDERUTILIZED, AND I THINK THAT IF WE'RE GOING TO START TALKING ABOUT THOSE THINGS, THEN MAYBE WE SHOULD BE A LITTLE BIT MORE TRANSPARENT OR HAVE A LITTLE BIT OF FORESIGHT ABOUT WHAT WE'RE GOING TO GET.",48,48,48
CyrusOne/Cyrusone_Hearing_12032025.mp3,2402,12283.69,12284.311,0.6209999999991851,SPEAKER_45,I YIELD FOR NOW.,4,4,4
CyrusOne/Cyrusone_Hearing_12032025.mp3,2403,12284.931,12285.251,0.31999999999970896,SPEAKER_25,THANK YOU.,2,2,2
CyrusOne/Cyrusone_Hearing_12032025.mp3,2404,12287.112,12287.532,0.42000000000007276,SPEAKER_25,OKAY.,1,1,1
CyrusOne/Cyrusone_Hearing_12032025.mp3,2405,12287.792,12289.653,1.8610000000007858,SPEAKER_25,EXCUSE ME.,2,2,2
CyrusOne/Cyrusone_Hearing_12032025.mp3,2406,12290.154,12291.574,1.4200000000000728,SPEAKER_25,"GINA, HOLD ON ONE SECOND.",5,5,5
CyrusOne/Cyrusone_Hearing_12032025.mp3,2407,12291.614,12292.475,0.8610000000007858,SPEAKER_25,"ANDY, YOU HAD YOUR HAND UP.",6,6,6
CyrusOne/Cyrusone_Hearing_12032025.mp3,2408,12295.526,12296.71,1.183999999999287,SPEAKER_25,"Raise your hand up, Gina.",5,5,5
CyrusOne/Cyrusone_Hearing_12032025.mp3,2409,12302.607,12303.588,0.9809999999997672,SPEAKER_25,We'll have you in a second.,6,6,6
CyrusOne/Cyrusone_Hearing_12032025.mp3,2410,12303.628,12303.948,0.31999999999970896,SPEAKER_25,You ready?,2,2,2
CyrusOne/Cyrusone_Hearing_12032025.mp3,2411,12305.409,12305.729,0.31999999999970896,SPEAKER_25,I'm on?,2,2,2
CyrusOne/Cyrusone_Hearing_12032025.mp3,2412,12305.909,12306.149,0.23999999999978172,SPEAKER_25,Okay.,1,1,1
CyrusOne/Cyrusone_Hearing_12032025.mp3,2413,12306.229,12307.15,0.9210000000002765,SPEAKER_03,All right.,2,2,2
CyrusOne/Cyrusone_Hearing_12032025.mp3,2414,12308.09,12312.873,4.782999999999447,SPEAKER_03,"County Board Member Reggie Guyton, thank you so much for that follow-up question.",13,13,13
CyrusOne/Cyrusone_Hearing_12032025.mp3,2415,12312.913,12332.165,19.252000000000407,SPEAKER_03,"I know I've had several one-on-one meetings and also have started having conversations in regard to the PLA, and that was also a question that I had and a priority of interest in regard to the goals and or requirements",40,40,40
CyrusOne/Cyrusone_Hearing_12032025.mp3,2416,12332.895,12359.945,27.049999999999272,SPEAKER_03,WITHIN THE PLA'S AND MORE SPECIFICALLY WHAT THE PERCENTAGE IS AND SO IN TERMS OF A QUESTION I WOULD OR REQUEST I WOULD LIKE TO MAKE SURE THAT THAT IS NOT I DON'T I JUST WANTED TO CHIME IN BECAUSE I KNOW COUNTY BOARD MEMBER SAID FROM A PERSONAL PERSPECTIVE BUT I DO THINK THAT WE NEED TO HAVE THAT ON RECORD AND IN DOCUMENTATION AND SENT FORWARD AND I THINK THAT'S ALREADY BEEN COMMITTED TO SO BUT I JUST WANTED TO MAKE IT OFFICIAL,85,85,85
CyrusOne/Cyrusone_Hearing_12032025.mp3,2417,12364.407,12366.634,2.2270000000007713,SPEAKER_25,"Andy Van Meter, raise your hand up there, Andy.",9,9,9
CyrusOne/Cyrusone_Hearing_12032025.mp3,2418,12371.069,12390.242,19.173000000000684,SPEAKER_12,"As a point of order, I think the board would, if those members of the public who are speaking tonight, if anyone has written remarks or would like to subsequently submit written remarks to Mary, that they would be willing to have us post on our website.",47,47,47
CyrusOne/Cyrusone_Hearing_12032025.mp3,2419,12390.522,12392.343,1.8209999999999127,SPEAKER_12,We'd be very glad to have that.,7,7,7
CyrusOne/Cyrusone_Hearing_12032025.mp3,2420,12392.683,12398.227,5.543999999999869,SPEAKER_12,"I don't think we didn't include that in our procedures, but the first speaker had a lot of interesting information.",20,20,20
CyrusOne/Cyrusone_Hearing_12032025.mp3,2421,12399.386,12405.992,6.605999999999767,SPEAKER_12,"more than I could write down as he was giving it, if he would submit some written information to Mary that we could post.",24,24,24
CyrusOne/Cyrusone_Hearing_12032025.mp3,2422,12406.072,12414.72,8.647999999999229,SPEAKER_12,And I think the board is unanimous in wanting to professionally investigate any of this additional information that we get.,20,20,20
CyrusOne/Cyrusone_Hearing_12032025.mp3,2423,12415.201,12418.544,3.3430000000007567,SPEAKER_25,"His name was Jim Applegate, and he has left, I believe.",11,11,11
CyrusOne/Cyrusone_Hearing_12032025.mp3,2424,12419.193,12431.461,12.268000000000029,SPEAKER_12,"Well, my point is not just for that speaker but for any public speaker if they would provide written remarks and if they'd be willing to have us publish those on the website, we'd like to do that.",38,38,38
CyrusOne/Cyrusone_Hearing_12032025.mp3,2425,12433.002,12433.482,0.47999999999956344,SPEAKER_25,Okay.,1,1,1
CyrusOne/Cyrusone_Hearing_12032025.mp3,2426,12435.203,12435.944,0.7409999999999854,SPEAKER_25,Sam Kamman.,2,2,2
CyrusOne/Cyrusone_Hearing_12032025.mp3,2427,12441.227,12441.908,0.6809999999986758,SPEAKER_09,"Okay, there we go.",4,4,4
CyrusOne/Cyrusone_Hearing_12032025.mp3,2428,12441.988,12443.409,1.4210000000002765,SPEAKER_09,I had a clarifying question.,5,5,5
CyrusOne/Cyrusone_Hearing_12032025.mp3,2429,12443.469,12448.012,4.543000000001484,SPEAKER_09,One of the commentators expressed a concern about diesel pollution,10,10,10
CyrusOne/Cyrusone_Hearing_12032025.mp3,2430,12448.863,12458.51,9.647000000000844,SPEAKER_09,"And I just wanted to clarify, is it correct that you're going to have 56 diesel generators per building, so a total of 336 diesel generators?",26,26,26
CyrusOne/Cyrusone_Hearing_12032025.mp3,2431,12459.931,12460.512,0.581000000000131,SPEAKER_13,"Yeah, that's correct.",3,3,3
CyrusOne/Cyrusone_Hearing_12032025.mp3,2432,12461.072,12461.373,0.30099999999947613,SPEAKER_09,Okay.,1,1,1
CyrusOne/Cyrusone_Hearing_12032025.mp3,2433,12461.413,12470.96,9.546999999998661,SPEAKER_09,"Now, will those diesel generators have the capacity to produce the entire 636 megawatts per hour of electricity?",18,18,18
CyrusOne/Cyrusone_Hearing_12032025.mp3,2434,12471.36,12471.66,0.2999999999992724,SPEAKER_09,Okay.,1,1,1
CyrusOne/Cyrusone_Hearing_12032025.mp3,2435,12471.72,12472.181,0.4610000000011496,SPEAKER_09,Yeah.,1,1,1
CyrusOne/Cyrusone_Hearing_12032025.mp3,2436,12472.381,12475.163,2.7820000000010623,SPEAKER_09,"So in other words, if your electric supply was totally",10,10,10
CyrusOne/Cyrusone_Hearing_12032025.mp3,2437,12475.519,12479.94,4.4210000000002765,SPEAKER_09,"cut off, you could be self-sustaining with your own electric.",10,10,10
CyrusOne/Cyrusone_Hearing_12032025.mp3,2438,12480.16,12494.885,14.725000000000364,SPEAKER_09,"And what, just a couple more, what, if anything, are you doing to muffle or lower the pollution from the diesel generators?",22,22,22
CyrusOne/Cyrusone_Hearing_12032025.mp3,2439,12495.045,12500.287,5.242000000000189,SPEAKER_09,"Or can you maybe do that you're not, or anyways, could you explain something about that?",16,16,16
CyrusOne/Cyrusone_Hearing_12032025.mp3,2440,12502.826,12504.587,1.761000000000422,SPEAKER_14,There's emission controls on the generators.,6,6,6
CyrusOne/Cyrusone_Hearing_12032025.mp3,2441,12504.607,12506.129,1.522000000000844,SPEAKER_14,Thank you.,2,2,2
CyrusOne/Cyrusone_Hearing_12032025.mp3,2442,12506.489,12508.791,2.30199999999968,SPEAKER_14,"Maybe I could, Laura, would you like to chime in on this?",12,12,12
CyrusOne/Cyrusone_Hearing_12032025.mp3,2443,12509.511,12512.433,2.92200000000048,SPEAKER_14,This is our environmental lead here.,6,6,6
CyrusOne/Cyrusone_Hearing_12032025.mp3,2444,12515.196,12515.856,0.6599999999998545,SPEAKER_14,Would this one better?,4,4,4
CyrusOne/Cyrusone_Hearing_12032025.mp3,2445,12516.677,12517.737,1.0599999999994907,SPEAKER_14,I can listen.,3,3,3
CyrusOne/Cyrusone_Hearing_12032025.mp3,2446,12517.757,12519.519,1.7620000000006257,SPEAKER_42,Okay.,1,1,1
CyrusOne/Cyrusone_Hearing_12032025.mp3,2447,12519.659,12519.939,0.28000000000065484,SPEAKER_42,Hi.,1,1,1
CyrusOne/Cyrusone_Hearing_12032025.mp3,2448,12519.999,12522.982,2.9830000000001746,SPEAKER_42,"Laura Cottrell, Director of Environmental Compliance with Saraswan.",8,8,8
CyrusOne/Cyrusone_Hearing_12032025.mp3,2449,12523.142,12527.425,4.282999999999447,SPEAKER_42,I'm responsible for all of our air permitting and noise assessments and whatnot.,13,13,13
CyrusOne/Cyrusone_Hearing_12032025.mp3,2450,12528.03,12535.113,7.082999999998719,SPEAKER_42,for your question on what we're doing for noise mitigation and emissions mitigation from the generators.,16,16,16
CyrusOne/Cyrusone_Hearing_12032025.mp3,2451,12535.213,12542.495,7.282000000001062,SPEAKER_42,So all of our standard basis of design generators are certified to meet US EPA Tier 2 emission standards.,19,19,19
CyrusOne/Cyrusone_Hearing_12032025.mp3,2452,12543.095,12553.419,10.324000000000524,SPEAKER_42,"For this particular site, our generators will also be equipped with selective catalytic reduction emissions controls to further reduce emissions down to a Tier 4 equivalent standard.",27,27,27
CyrusOne/Cyrusone_Hearing_12032025.mp3,2453,12554.8,12555.92,1.1200000000008004,SPEAKER_42,"From a noise perspective,",4,4,4
CyrusOne/Cyrusone_Hearing_12032025.mp3,2454,12556.83,12564.396,7.566000000000713,SPEAKER_42,Our generator enclosures are sound mitigating and our exhausts are equipped with critical grade silencers.,15,15,15
CyrusOne/Cyrusone_Hearing_12032025.mp3,2455,12564.996,12572.302,7.306000000000495,SPEAKER_42,"And like Brad had pointed out, we also have solid walls around our generator yards to further mitigate noise.",19,19,19
CyrusOne/Cyrusone_Hearing_12032025.mp3,2456,12572.785,12579.249,6.463999999999942,SPEAKER_09,And also one of the questioners raised the question of maybe natural gas generators.,14,14,14
CyrusOne/Cyrusone_Hearing_12032025.mp3,2457,12579.309,12581.951,2.6419999999998254,SPEAKER_09,Would they produce less pollution?,5,5,5
CyrusOne/Cyrusone_Hearing_12032025.mp3,2458,12582.031,12586.454,4.422999999998865,SPEAKER_09,"And if so, why aren't you using natural gas generators?",10,10,10
CyrusOne/Cyrusone_Hearing_12032025.mp3,2459,12586.474,12588.035,1.5609999999996944,SPEAKER_42,"Yeah, that's a good question.",5,5,5
CyrusOne/Cyrusone_Hearing_12032025.mp3,2460,12588.175,12589.456,1.2810000000008586,SPEAKER_42,It's still a combustion process.,5,5,5
CyrusOne/Cyrusone_Hearing_12032025.mp3,2461,12589.556,12595.02,5.463999999999942,SPEAKER_42,It produces similar combustion products but a different kind of combustion profile.,12,12,12
CyrusOne/Cyrusone_Hearing_12032025.mp3,2462,12596.221,12606.149,9.927999999999884,SPEAKER_42,"From a logistical and engineering perspective, unfortunately, natural gas will not be feasible for this site, so this site is designed around the standard diesel gas.",26,26,26
CyrusOne/Cyrusone_Hearing_12032025.mp3,2463,12606.189,12611.233,5.043999999999869,SPEAKER_09,Would you be unable to produce the same amount of electricity with the natural gas generators?,16,16,16
CyrusOne/Cyrusone_Hearing_12032025.mp3,2464,12612.153,12615.914,3.761000000000422,SPEAKER_42,Technically you could if you had the same number and capacity of generators.,13,13,13
CyrusOne/Cyrusone_Hearing_12032025.mp3,2465,12616.934,12629.217,12.283000000001266,SPEAKER_42,Logistical concerns are just having a natural gas pipeline supply and also just being able to start up quickly enough in time to be able to operate in time for transitioning from a power outage.,35,35,35
CyrusOne/Cyrusone_Hearing_12032025.mp3,2466,12629.237,12632.938,3.7010000000009313,SPEAKER_09,"Okay, so the diesel generators could start up more quickly than the natural gas?",14,14,14
CyrusOne/Cyrusone_Hearing_12032025.mp3,2467,12632.978,12633.858,0.8800000000010186,SPEAKER_09,"Yes, yes.",2,2,2
CyrusOne/Cyrusone_Hearing_12032025.mp3,2468,12635.678,12638.019,2.3410000000003492,SPEAKER_09,"But I mean you could have a combination of both, right?",11,11,11
CyrusOne/Cyrusone_Hearing_12032025.mp3,2469,12640.06,12649.185,9.125,SPEAKER_42,"Yeah, I mean, this site is designed for diesel backup, and the natural gas backup is something that we've explored, but it's really not feasible at this point.",28,28,28
CyrusOne/Cyrusone_Hearing_12032025.mp3,2470,12649.905,12650.285,0.37999999999919964,SPEAKER_25,Thank you.,2,2,2
CyrusOne/Cyrusone_Hearing_12032025.mp3,2471,12651.606,12651.946,0.3400000000001455,SPEAKER_25,Okay.,1,1,1
CyrusOne/Cyrusone_Hearing_12032025.mp3,2472,12652.666,12655.388,2.7220000000015716,SPEAKER_25,"Board members, I'm going to try to balance this all the way through.",13,13,13
CyrusOne/Cyrusone_Hearing_12032025.mp3,2473,12655.428,12666.033,10.604999999999563,SPEAKER_25,"We still have 16 people for public speakers, so if you have a question now, I'll still take it to them, but I'd like to go ahead and still have the public come up.",34,34,34
CyrusOne/Cyrusone_Hearing_12032025.mp3,2474,12667.471,12673.895,6.424000000000888,SPEAKER_25,"in the spirit of this, is if the public makes a comment that you want to clarify with our staff, that's okay.",22,22,22
CyrusOne/Cyrusone_Hearing_12032025.mp3,2475,12675.236,12679.318,4.081999999998516,SPEAKER_25,So the next one is Kathleen Campbell.,7,7,7
CyrusOne/Cyrusone_Hearing_12032025.mp3,2476,12681.86,12682.42,0.5599999999994907,SPEAKER_25,She did leave?,3,3,3
CyrusOne/Cyrusone_Hearing_12032025.mp3,2477,12683.441,12683.581,0.13999999999941792,SPEAKER_25,Oh.,1,1,1
CyrusOne/Cyrusone_Hearing_12032025.mp3,2478,12685.102,12689.785,4.682999999999083,SPEAKER_25,I dealt with Kathleen a lot before on the carbon dioxide lines and that.,14,14,14
CyrusOne/Cyrusone_Hearing_12032025.mp3,2479,12690.866,12691.266,0.3999999999996362,SPEAKER_25,Okay.,1,1,1
CyrusOne/Cyrusone_Hearing_12032025.mp3,2480,12691.526,12692.207,0.6810000000004948,SPEAKER_25,Mike Murphy.,2,2,2
CyrusOne/Cyrusone_Hearing_12032025.mp3,2481,12692.927,12693.388,0.4610000000011496,SPEAKER_25,"Hello, Mike.",2,2,2
CyrusOne/Cyrusone_Hearing_12032025.mp3,2482,12693.408,12693.768,0.3600000000005821,SPEAKER_25,How are you?,3,3,3
CyrusOne/Cyrusone_Hearing_12032025.mp3,2483,12702.322,12720.433,18.111000000000786,SPEAKER_13,thank you very much for giving me the opportunity to be here my name is mike murphy i'm president and ceo of the greater springfield chamber of commerce and i'm here in support of the cyrus one project a five hundred million dollar investment doesn't come to the community by accident it comes when a company believes in the strength of our people,63,63,63
CyrusOne/Cyrusone_Hearing_12032025.mp3,2484,12721.327,12724.55,3.2229999999999563,SPEAKER_13,"stability of our region, and the potential of our local economy.",11,11,11
CyrusOne/Cyrusone_Hearing_12032025.mp3,2485,12725.11,12728.473,3.3629999999993743,SPEAKER_13,This project is a clear vote of confidence in our region.,11,11,11
CyrusOne/Cyrusone_Hearing_12032025.mp3,2486,12729.334,12739.802,10.467999999998938,SPEAKER_13,"I'm excited that this data center will be built by local workers, that means union tradesmen and women, contractors and suppliers from right here in our area will be the ones earning those paychecks.",34,34,34
CyrusOne/Cyrusone_Hearing_12032025.mp3,2487,12740.463,12745.687,5.22400000000016,SPEAKER_13,"Every dollar they bring home circulates through our economy, supporting restaurants, retailers,",12,12,12
CyrusOne/Cyrusone_Hearing_12032025.mp3,2488,12746.287,12749.468,3.1810000000004948,SPEAKER_13,"service companies, and small businesses across our community.",8,8,8
CyrusOne/Cyrusone_Hearing_12032025.mp3,2489,12750.668,12752.649,1.9809999999997672,SPEAKER_13,And the benefits don't stop at construction.,7,7,7
CyrusOne/Cyrusone_Hearing_12032025.mp3,2490,12753.209,12755.91,2.7009999999991123,SPEAKER_13,A modern data center is a critical infrastructure.,8,8,8
CyrusOne/Cyrusone_Hearing_12032025.mp3,2491,12756.33,12758.071,1.7409999999999854,SPEAKER_13,It supports advanced industries.,4,4,4
CyrusOne/Cyrusone_Hearing_12032025.mp3,2492,12758.271,12761.672,3.40099999999984,SPEAKER_13,It strengthens our competitiveness and attracts additional investments.,8,8,8
CyrusOne/Cyrusone_Hearing_12032025.mp3,2493,12762.392,12767.293,4.90099999999984,SPEAKER_13,"When a company commits a half a billion dollars here, it sends a powerful message to others.",17,17,17
CyrusOne/Cyrusone_Hearing_12032025.mp3,2494,12767.873,12772.215,4.342000000000553,SPEAKER_13,"Springfield is a great place to invest, to grow, to create jobs.",12,12,12
CyrusOne/Cyrusone_Hearing_12032025.mp3,2495,12773.155,12783.925,10.769999999998618,SPEAKER_13,"This project also broadens and stabilizes our tax base, helping fund the services and amenities that keeps our community strong.",20,20,20
CyrusOne/Cyrusone_Hearing_12032025.mp3,2496,12784.886,12788.489,3.602999999999156,SPEAKER_13,So supporting this project isn't just about a single development.,10,10,10
CyrusOne/Cyrusone_Hearing_12032025.mp3,2497,12788.789,12795.215,6.425999999999476,SPEAKER_13,"It's about strengthening our economy, backing our workforce, and positioning Springfield to compete and succeed in the future.",18,18,18
CyrusOne/Cyrusone_Hearing_12032025.mp3,2498,12795.975,12802.178,6.20299999999952,SPEAKER_13,"In 2019, the Illinois General Assembly passed incentives to attract data centers that I was part of.",17,17,17
CyrusOne/Cyrusone_Hearing_12032025.mp3,2499,12802.938,12807.38,4.441999999999098,SPEAKER_13,Let's make sure that we take advantage of this and not force them to be built elsewhere.,17,17,17
CyrusOne/Cyrusone_Hearing_12032025.mp3,2500,12808.0,12809.501,1.5010000000002037,SPEAKER_13,Please move this project forward.,5,5,5
CyrusOne/Cyrusone_Hearing_12032025.mp3,2501,12809.641,12810.321,0.680000000000291,SPEAKER_13,Thank you very much.,4,4,4
CyrusOne/Cyrusone_Hearing_12032025.mp3,2502,12811.322,12811.762,0.4400000000005093,SPEAKER_25,Thank you.,2,2,2
CyrusOne/Cyrusone_Hearing_12032025.mp3,2503,12816.484,12818.224,1.7399999999997817,SPEAKER_25,"Tom Frazee, you got your hand up?",7,7,7
CyrusOne/Cyrusone_Hearing_12032025.mp3,2504,12819.325,12819.545,0.21999999999934516,SPEAKER_25,Yes.,1,1,1
CyrusOne/Cyrusone_Hearing_12032025.mp3,2505,12822.785,12823.905,1.1200000000008004,SPEAKER_27,And this can be quick.,5,5,5
CyrusOne/Cyrusone_Hearing_12032025.mp3,2506,12824.626,12828.887,4.261000000000422,SPEAKER_27,"Somebody mentioned that Aurora, you guys, they had a moratorium against you guys.",13,13,13
CyrusOne/Cyrusone_Hearing_12032025.mp3,2507,12828.947,12830.228,1.2809999999990396,SPEAKER_27,They filed one or had one.,6,6,6
CyrusOne/Cyrusone_Hearing_12032025.mp3,2508,12830.568,12833.269,2.7010000000009313,SPEAKER_27,So that didn't allow you to build any more data centers up there?,13,13,13
CyrusOne/Cyrusone_Hearing_12032025.mp3,2509,12835.97,12840.611,4.641000000001441,SPEAKER_27,"So he was only allowed to build the one, so that kind of killed the project?",16,16,16
CyrusOne/Cyrusone_Hearing_12032025.mp3,2510,12840.651,12847.794,7.143000000000029,SPEAKER_14,"No, the moratorium came after our last project was already approved, about a year, maybe 18 months after our last project was approved.",23,23,23
CyrusOne/Cyrusone_Hearing_12032025.mp3,2511,12847.814,12850.575,2.761000000000422,SPEAKER_27,"OK, so it's on board.",5,5,5
CyrusOne/Cyrusone_Hearing_12032025.mp3,2512,12850.615,12851.475,0.8600000000005821,SPEAKER_27,It's being built now.,4,4,4
CyrusOne/Cyrusone_Hearing_12032025.mp3,2513,12852.695,12855.197,2.5020000000004075,SPEAKER_14,"Yeah, the moratorium didn't affect our projects up there.",9,9,9
CyrusOne/Cyrusone_Hearing_12032025.mp3,2514,12855.477,12856.158,0.6809999999986758,SPEAKER_27,"Okay, thank you.",3,3,3
CyrusOne/Cyrusone_Hearing_12032025.mp3,2515,12857.419,12857.879,0.4600000000009459,SPEAKER_25,Thank you.,2,2,2
CyrusOne/Cyrusone_Hearing_12032025.mp3,2516,12859.681,12860.221,0.5399999999990541,SPEAKER_25,Board members?,2,2,2
CyrusOne/Cyrusone_Hearing_12032025.mp3,2517,12860.301,12865.085,4.783999999999651,SPEAKER_25,"Okay, our next speaker is Sarah Blanco.",7,7,7
CyrusOne/Cyrusone_Hearing_12032025.mp3,2518,12865.725,12866.666,0.940999999998894,SPEAKER_25,"Sarah, hello.",2,2,2
CyrusOne/Cyrusone_Hearing_12032025.mp3,2519,12874.392,12875.593,1.2010000000009313,SPEAKER_40,"Hello, my name is Sarah.",5,5,5
CyrusOne/Cyrusone_Hearing_12032025.mp3,2520,12875.813,12879.857,4.043999999999869,SPEAKER_40,I'm a resident of District 28 and I'm calling on the County Board to,14,14,14
CyrusOne/Cyrusone_Hearing_12032025.mp3,2521,12881.845,12884.687,2.842000000000553,SPEAKER_40,"take action, immediate action to stop the State of the Center proposal.",12,12,12
CyrusOne/Cyrusone_Hearing_12032025.mp3,2522,12885.548,12890.692,5.143999999998414,SPEAKER_40,"I asked the county board at the last board meeting on November 10th, and I'm going to ask again, who do you work for?",24,24,24
CyrusOne/Cyrusone_Hearing_12032025.mp3,2523,12891.813,12893.214,1.40099999999984,SPEAKER_40,And I'm going to add another question.,7,7,7
CyrusOne/Cyrusone_Hearing_12032025.mp3,2524,12893.995,12894.655,0.6599999999998545,SPEAKER_40,Who do you trust?,4,4,4
CyrusOne/Cyrusone_Hearing_12032025.mp3,2525,12896.296,12906.525,10.22899999999936,SPEAKER_40,"Does the county board work for the elite clique of real estate interests, industry, and their defenders in the Springfield-Sangamon Growth Alliance, or do they work for ordinary people in Sangamon County?",32,32,32
CyrusOne/Cyrusone_Hearing_12032025.mp3,2526,12907.305,12910.828,3.5229999999992287,SPEAKER_40,"For the majority of people going to work every day trying to afford their utility bills,",16,16,16
CyrusOne/Cyrusone_Hearing_12032025.mp3,2527,12911.164,12916.627,5.462999999999738,SPEAKER_40,for the people of Louder whose quality of life will be thrown under the bus so that those with money and power can make a quick buck.,27,27,27
CyrusOne/Cyrusone_Hearing_12032025.mp3,2528,12918.308,12928.074,9.765999999999622,SPEAKER_40,"If the County Board truly works for the people, they'll prioritize the interests of local families who can't afford to see their utilities bills go up more and more and reject this data center.",34,34,34
CyrusOne/Cyrusone_Hearing_12032025.mp3,2529,12928.675,12933.157,4.481999999999971,SPEAKER_40,They'll prioritize the safety and quality of life of people in Louder and reject this data center.,17,17,17
CyrusOne/Cyrusone_Hearing_12032025.mp3,2530,12934.158,12940.842,6.684000000001106,SPEAKER_40,And they'll evaluate this project and all development projects in terms of how they align with the values of the people in Sangamon County.,24,24,24
CyrusOne/Cyrusone_Hearing_12032025.mp3,2531,12941.612,12948.737,7.125,SPEAKER_40,And that is a conversation we can't even really have in an informed way because we have no idea what this data center is going to be for.,28,28,28
CyrusOne/Cyrusone_Hearing_12032025.mp3,2532,12949.437,12961.485,12.048000000000684,SPEAKER_40,"We do know that this will use at least enough energy to power 120,000 to 420,000 homes and that carbon footprint and what it means for our future is enough to oppose it.",33,33,33
CyrusOne/Cyrusone_Hearing_12032025.mp3,2533,12962.286,12964.087,1.8009999999994761,SPEAKER_40,But what other issues are at stake here?,8,8,8
CyrusOne/Cyrusone_Hearing_12032025.mp3,2534,12964.684,12967.406,2.7220000000015716,SPEAKER_40,Will this data center be used to further mass surveillance?,10,10,10
CyrusOne/Cyrusone_Hearing_12032025.mp3,2535,12967.526,12980.655,13.129000000000815,SPEAKER_40,"That's a big reason these data centers are expanding so rapidly, because of just how much information corporations and our corporate-owned government are collecting on each and every one of us so that they can profit off of us and tighten control over us.",44,44,44
CyrusOne/Cyrusone_Hearing_12032025.mp3,2536,12981.355,12982.796,1.441000000000713,SPEAKER_40,Why this lack of transparency?,5,5,5
CyrusOne/Cyrusone_Hearing_12032025.mp3,2537,12983.017,12988.2,5.183000000000902,SPEAKER_40,"If this data center was going to be used for something incredibly noble, I'm sure Cyrus One would have told us by now.",23,23,23
CyrusOne/Cyrusone_Hearing_12032025.mp3,2538,12989.861,12991.522,1.6610000000000582,SPEAKER_40,Which brings me to my next question.,7,7,7
CyrusOne/Cyrusone_Hearing_12032025.mp3,2539,12992.503,12993.704,1.2009999999991123,SPEAKER_40,Who does the county board trust?,6,6,6
CyrusOne/Cyrusone_Hearing_12032025.mp3,2540,12994.229,13003.231,9.002000000000407,SPEAKER_40,"I'm a librarian, and I used to teach some information literacy classes, and here are a few questions I encourage my students to ask when evaluating sources, claims, and narratives.",30,30,30
CyrusOne/Cyrusone_Hearing_12032025.mp3,2541,13003.992,13005.312,1.319999999999709,SPEAKER_40,Who benefits from this narrative?,5,5,5
CyrusOne/Cyrusone_Hearing_12032025.mp3,2542,13005.752,13009.573,3.8209999999999127,SPEAKER_40,Whose interest do the people and organizations giving us this information serve?,12,12,12
CyrusOne/Cyrusone_Hearing_12032025.mp3,2543,13010.393,13012.574,2.1810000000004948,SPEAKER_40,And has this source been trustworthy in the past?,9,9,9
CyrusOne/Cyrusone_Hearing_12032025.mp3,2544,13013.354,13015.975,2.621000000001004,SPEAKER_40,Let's start with the last question and ask it about Cyrus 1.,12,12,12
CyrusOne/Cyrusone_Hearing_12032025.mp3,2545,13016.995,13023.617,6.621999999999389,SPEAKER_40,"On Friday, the Chicago Mercantile Exchange was out for 10 hours due to cooling system failure at the data center in Aurora.",22,22,22
CyrusOne/Cyrusone_Hearing_12032025.mp3,2546,13024.314,13028.496,4.1819999999988795,SPEAKER_40,They reassured CME that they would be back online soon and soon turned out to mean 10 hours.,18,18,18
CyrusOne/Cyrusone_Hearing_12032025.mp3,2547,13029.596,13044.343,14.747000000001208,SPEAKER_40,"If Cyrus One had no problem lying to their corporate clients to serve their own interests, then they certainly have no problem lying to the county board with their promises that the water will be fine, that they'll bring in all this money, that they're somehow different than all the other tech companies out for the same thing, profit.",59,59,59
CyrusOne/Cyrusone_Hearing_12032025.mp3,2548,13045.083,13049.985,4.902000000000044,SPEAKER_40,"And that's what Cyrus One has to gain by getting us to believe that this data center is a good idea, profit.",22,22,22
CyrusOne/Cyrusone_Hearing_12032025.mp3,2549,13051.115,13054.437,3.3220000000001164,SPEAKER_40,Cyrus 1's agenda is profit for their investors to help the rich get richer.,14,14,14
CyrusOne/Cyrusone_Hearing_12032025.mp3,2550,13054.918,13058.28,3.3620000000009895,SPEAKER_40,What is the Coalition for Springfield Utility Futures goal here?,10,10,10
CyrusOne/Cyrusone_Hearing_12032025.mp3,2551,13058.48,13061.202,2.7219999999997526,SPEAKER_40,What about all the people who came out to speak out against this?,13,13,13
CyrusOne/Cyrusone_Hearing_12032025.mp3,2552,13061.222,13062.203,0.9809999999997672,SPEAKER_25,That's your time.,3,3,3
CyrusOne/Cyrusone_Hearing_12032025.mp3,2553,13062.223,13062.423,0.2000000000007276,SPEAKER_25,Okay.,1,1,1
CyrusOne/Cyrusone_Hearing_12032025.mp3,2554,13062.463,13063.944,1.4809999999997672,SPEAKER_25,Pretty close.,2,2,2
CyrusOne/Cyrusone_Hearing_12032025.mp3,2555,13063.964,13064.544,0.5799999999999272,SPEAKER_40,Who do you trust?,4,4,4
CyrusOne/Cyrusone_Hearing_12032025.mp3,2556,13064.704,13065.385,0.6810000000004948,SPEAKER_40,I think we'll find out.,5,5,5
CyrusOne/Cyrusone_Hearing_12032025.mp3,2557,13065.945,13066.305,0.3600000000005821,SPEAKER_25,Thank you.,2,2,2
CyrusOne/Cyrusone_Hearing_12032025.mp3,2558,13068.027,13073.27,5.243000000000393,SPEAKER_25,Okay.,1,1,1
CyrusOne/Cyrusone_Hearing_12032025.mp3,2559,13074.751,13075.272,0.5210000000006403,SPEAKER_25,Board members.,2,2,2
CyrusOne/Cyrusone_Hearing_12032025.mp3,2560,13077.273,13078.174,0.9010000000016589,SPEAKER_25,Jill Cripple.,2,2,2
CyrusOne/Cyrusone_Hearing_12032025.mp3,2561,13078.674,13079.434,0.7599999999983993,SPEAKER_25,Jill Cripple.,2,2,2
CyrusOne/Cyrusone_Hearing_12032025.mp3,2562,13079.835,13079.975,0.1400000000012369,SPEAKER_25,Hello.,1,1,1
CyrusOne/Cyrusone_Hearing_12032025.mp3,2563,13079.995,13080.115,0.11999999999898137,SPEAKER_25,Hello.,1,1,1
CyrusOne/Cyrusone_Hearing_12032025.mp3,2564,13090.771,13102.914,12.143000000000029,SPEAKER_39,I want to start off with something that's been bugging me since I heard the news on Friday about the global disruption Cyrus One caused when they shut down the Chicago Mercantile Exchange for 10 hours due to a cooling failure at their Chi One data center in Aurora.,49,49,49
CyrusOne/Cyrusone_Hearing_12032025.mp3,2565,13103.534,13110.096,6.561999999999898,SPEAKER_39,There was a backup data center in New York that could have been used to get the CME online for their crucial end of month trading.,26,26,26
CyrusOne/Cyrusone_Hearing_12032025.mp3,2566,13110.616,13112.576,1.9599999999991269,SPEAKER_39,But they were told it would be fixed soon.,9,9,9
CyrusOne/Cyrusone_Hearing_12032025.mp3,2567,13112.596,13114.937,2.3410000000003492,SPEAKER_39,10 hours isn't soon.,4,4,4
CyrusOne/Cyrusone_Hearing_12032025.mp3,2568,13116.154,13121.357,5.20299999999952,SPEAKER_39,I don't believe the precious metals supervillain level conspiracy theory about what happened there.,14,14,14
CyrusOne/Cyrusone_Hearing_12032025.mp3,2569,13121.698,13127.181,5.483000000000175,SPEAKER_39,The most believable explanation for what happened last week is gross corporate incompetence.,13,13,13
CyrusOne/Cyrusone_Hearing_12032025.mp3,2570,13128.922,13134.286,5.363999999999578,SPEAKER_39,But gross corporate incompetence is what caused the horrific death of a worker in Clinton last month.,17,17,17
CyrusOne/Cyrusone_Hearing_12032025.mp3,2571,13135.087,13141.131,6.043999999999869,SPEAKER_39,"In both cases, the companies seemed to have pretended to know what was going on when they obviously didn't.",19,19,19
CyrusOne/Cyrusone_Hearing_12032025.mp3,2572,13141.991,13144.813,2.8220000000001164,SPEAKER_39,Neither catastrophe should have ever happened.,6,6,6
CyrusOne/Cyrusone_Hearing_12032025.mp3,2573,13145.564,13148.625,3.0609999999996944,SPEAKER_39,We tragically have a new name to read on workers Memorial day.,12,12,12
CyrusOne/Cyrusone_Hearing_12032025.mp3,2574,13149.045,13154.988,5.9429999999993015,SPEAKER_39,And now I'm personally skeptical of Cyrus one's judgment to prevent additional names from having to be read.,18,18,18
CyrusOne/Cyrusone_Hearing_12032025.mp3,2575,13156.048,13162.25,6.201999999999316,SPEAKER_39,It's okay to not know things pretending that you do know things can cost lives.,15,15,15
CyrusOne/Cyrusone_Hearing_12032025.mp3,2576,13163.031,13171.034,8.002999999998792,SPEAKER_39,So we need to make sure that they are actually adhering to all the safety standards that the union says that they're going to be adhering to.,27,27,27
CyrusOne/Cyrusone_Hearing_12032025.mp3,2577,13171.894,13174.535,2.6409999999996217,SPEAKER_39,So one other thing that's bugging me.,7,7,7
CyrusOne/Cyrusone_Hearing_12032025.mp3,2578,13175.363,13180.385,5.022000000000844,SPEAKER_39,And as Jeremy's quoted me on is the indirect water usage of the data center.,15,15,15
CyrusOne/Cyrusone_Hearing_12032025.mp3,2579,13181.145,13182.125,0.9799999999995634,SPEAKER_39,So I looked it up myself.,6,6,6
CyrusOne/Cyrusone_Hearing_12032025.mp3,2580,13182.845,13197.41,14.56500000000051,SPEAKER_39,The bipartisan science-based environmental and energy study Institute estimates that data centers on average indirectly use 1.2 gallons of water per kilowatt hour from their electricity usage.,27,27,27
CyrusOne/Cyrusone_Hearing_12032025.mp3,2581,13199.371,13203.832,4.46100000000115,SPEAKER_39,"Cyrus one claims to be dedicated to using more clean energy than the competitors, which is great.",17,17,17
CyrusOne/Cyrusone_Hearing_12032025.mp3,2582,13204.435,13208.216,3.7810000000008586,SPEAKER_39,So let's assume they're below that average at only one gallon per kilowatt hour.,14,14,14
CyrusOne/Cyrusone_Hearing_12032025.mp3,2583,13209.177,13218.78,9.603000000000975,SPEAKER_39,"That still means that at full capacity, they would be indirectly using 600,000 gallons of water every hour.",18,18,18
CyrusOne/Cyrusone_Hearing_12032025.mp3,2584,13219.601,13228.464,8.862999999999374,SPEAKER_39,That's 5.25 billion gallons of water per year being used to generate the electricity that the data center could use.,20,20,20
CyrusOne/Cyrusone_Hearing_12032025.mp3,2585,13229.324,13230.445,1.120999999999185,SPEAKER_39,That's a lot of water.,5,5,5
CyrusOne/Cyrusone_Hearing_12032025.mp3,2586,13231.305,13231.465,0.15999999999985448,SPEAKER_39,So,1,1,1
CyrusOne/Cyrusone_Hearing_12032025.mp3,2587,13232.207,13237.729,5.521999999999025,SPEAKER_39,"I ask again, like I did at the county board meeting in November, where is that water coming from?",19,19,19
CyrusOne/Cyrusone_Hearing_12032025.mp3,2588,13239.549,13250.892,11.342999999998938,SPEAKER_39,So I haven't even mentioned the exponential growth of data centers being driven by AI flop that doesn't generate revenue and is a propped up house of cards using Emron-like business practices.,32,32,32
CyrusOne/Cyrusone_Hearing_12032025.mp3,2589,13251.452,13252.173,0.7210000000013679,SPEAKER_39,But I'll stop there.,4,4,4
CyrusOne/Cyrusone_Hearing_12032025.mp3,2590,13252.833,13253.173,0.3400000000001455,SPEAKER_39,Thank you.,2,2,2
CyrusOne/Cyrusone_Hearing_12032025.mp3,2591,13253.593,13253.973,0.37999999999919964,SPEAKER_25,Thank you.,2,2,2
CyrusOne/Cyrusone_Hearing_12032025.mp3,2592,13262.606,13263.867,1.261000000000422,SPEAKER_25,"Yes, Tony LoGiorno.",3,3,3
CyrusOne/Cyrusone_Hearing_12032025.mp3,2593,13265.969,13267.11,1.1410000000014406,SPEAKER_25,"Raise your hand up again, Tony.",6,6,6
CyrusOne/Cyrusone_Hearing_12032025.mp3,2594,13267.47,13267.851,0.38100000000122236,SPEAKER_25,I've got it.,3,3,3
CyrusOne/Cyrusone_Hearing_12032025.mp3,2595,13268.031,13268.732,0.7009999999991123,SPEAKER_25,Okay.,1,1,1
CyrusOne/Cyrusone_Hearing_12032025.mp3,2596,13268.792,13270.153,1.3610000000007858,SPEAKER_18,Question for Cyrus.,3,3,3
CyrusOne/Cyrusone_Hearing_12032025.mp3,2597,13270.193,13275.958,5.765000000001237,SPEAKER_18,It's been brought up a few times now about the events in Aurora last week.,15,15,15
CyrusOne/Cyrusone_Hearing_12032025.mp3,2598,13276.178,13284.506,8.32799999999952,SPEAKER_18,Could you explain from your position what exactly happened and how that all went down?,15,15,15
CyrusOne/Cyrusone_Hearing_12032025.mp3,2599,13288.451,13290.933,2.48200000000179,SPEAKER_14,I think it's been reported already and talked about already.,10,10,10
CyrusOne/Cyrusone_Hearing_12032025.mp3,2600,13291.534,13305.806,14.272000000000844,SPEAKER_14,There's a cooling outage that took place and it was resolved in a matter of time as has been discussed and the facility is operational now and there's no more issue.,31,31,31
CyrusOne/Cyrusone_Hearing_12032025.mp3,2601,13307.047,13316.075,9.028000000000247,SPEAKER_18,My other question is I thought I read somewhere that is that facility one that your company built or is that one that you acquired?,25,25,25
CyrusOne/Cyrusone_Hearing_12032025.mp3,2602,13320.315,13323.297,2.981999999999971,SPEAKER_14,That's one that we have acquired and have owned since 2016.,11,11,11
CyrusOne/Cyrusone_Hearing_12032025.mp3,2603,13323.417,13323.737,0.31999999999970896,SPEAKER_14,Okay.,1,1,1
CyrusOne/Cyrusone_Hearing_12032025.mp3,2604,13325.138,13339.748,14.609999999998763,SPEAKER_18,"And were any of the issues related to leftover infrastructure that was from the prior ownership, the prior design, that is not part of what you would do in your current design?",32,32,32
CyrusOne/Cyrusone_Hearing_12032025.mp3,2605,13340.328,13342.67,2.342000000000553,SPEAKER_18,Is any of that mitigated for going forward?,8,8,8
CyrusOne/Cyrusone_Hearing_12032025.mp3,2606,13344.871,13350.075,5.2040000000015425,SPEAKER_47,We're still investigating and can't share the full details right now.,11,11,11
CyrusOne/Cyrusone_Hearing_12032025.mp3,2607,13350.66,13361.789,11.129000000000815,SPEAKER_47,"BUT ONE THING THAT WAS PUBLISHED IN THE WALL STREET JOURNAL THAT I DO WANT TO POINT OUT, SOMEBODY MENTIONED THE BACKUP DATA CENTER IN NEW YORK NOT FAILING OVER.",30,30,30
CyrusOne/Cyrusone_Hearing_12032025.mp3,2608,13362.57,13364.972,2.4020000000000437,SPEAKER_47,THAT IS NOT A CYRUS ONE DATA CENTER.,8,8,8
CyrusOne/Cyrusone_Hearing_12032025.mp3,2609,13365.012,13366.693,1.6809999999986758,SPEAKER_47,THAT WAS CONTRACTED WITH SOMEONE ELSE.,6,6,6
CyrusOne/Cyrusone_Hearing_12032025.mp3,2610,13372.558,13373.399,0.8409999999985303,SPEAKER_25,OKAY.,1,1,1
CyrusOne/Cyrusone_Hearing_12032025.mp3,2611,13373.559,13375.641,2.0820000000003347,SPEAKER_25,"SAM, I SEE YOU GOT YOUR HAND UP.",8,8,8
CyrusOne/Cyrusone_Hearing_12032025.mp3,2612,13375.661,13377.662,2.0010000000002037,SPEAKER_25,"I JUST WANT TO TELL YOU, AND THAT'S FINE.",9,9,9
CyrusOne/Cyrusone_Hearing_12032025.mp3,2613,13379.75,13390.674,10.924000000000888,SPEAKER_25,"Under our system for this, all the parts, but this one here, you can see that it has four total clarifying questions.",22,22,22
CyrusOne/Cyrusone_Hearing_12032025.mp3,2614,13391.114,13397.996,6.881999999999607,SPEAKER_25,"I just want to let you know you're starting number three already, and we've got quite a few people that's going to speak still.",24,24,24
CyrusOne/Cyrusone_Hearing_12032025.mp3,2615,13398.176,13399.276,1.1000000000003638,SPEAKER_25,Are you ready to go still?,6,6,6
CyrusOne/Cyrusone_Hearing_12032025.mp3,2616,13401.117,13401.597,0.47999999999956344,SPEAKER_25,That's okay.,2,2,2
CyrusOne/Cyrusone_Hearing_12032025.mp3,2617,13401.657,13402.297,0.6400000000012369,SPEAKER_25,"It's three, though.",3,3,3
CyrusOne/Cyrusone_Hearing_12032025.mp3,2618,13403.057,13403.918,0.8609999999989668,SPEAKER_09,Okay.,1,1,1
CyrusOne/Cyrusone_Hearing_12032025.mp3,2619,13404.458,13408.479,4.020999999998821,SPEAKER_09,The worker who died at the Clinton power plant was a,11,11,11
CyrusOne/Cyrusone_Hearing_12032025.mp3,2620,13409.199,13415.74,6.540999999999258,SPEAKER_09,"Geez, Saturday and Friday was the contract, OSIRIS-1 worker, is that correct?",12,12,12
CyrusOne/Cyrusone_Hearing_12032025.mp3,2621,13417.08,13418.781,1.7010000000009313,SPEAKER_14,"I'm not familiar with that, no.",6,6,6
CyrusOne/Cyrusone_Hearing_12032025.mp3,2622,13419.181,13419.501,0.31999999999970896,SPEAKER_14,Okay.,1,1,1
CyrusOne/Cyrusone_Hearing_12032025.mp3,2623,13420.001,13420.601,0.6000000000003638,SPEAKER_25,"All right, thanks.",3,3,3
CyrusOne/Cyrusone_Hearing_12032025.mp3,2624,13422.181,13422.961,0.7799999999988358,SPEAKER_17,Okay.,1,1,1
CyrusOne/Cyrusone_Hearing_12032025.mp3,2625,13424.222,13425.142,0.9200000000000728,SPEAKER_25,Any other board members?,4,4,4
CyrusOne/Cyrusone_Hearing_12032025.mp3,2626,13426.042,13428.282,2.2399999999997817,SPEAKER_25,"I apologize for my, my.",5,5,5
CyrusOne/Cyrusone_Hearing_12032025.mp3,2627,13429.402,13431.763,2.361000000000786,SPEAKER_25,"I'm telling you, it's been ten days now, man.",9,9,9
CyrusOne/Cyrusone_Hearing_12032025.mp3,2628,13432.323,13434.503,2.180000000000291,SPEAKER_00,"It's only one, but it's a long one.",8,8,8
CyrusOne/Cyrusone_Hearing_12032025.mp3,2629,13435.763,13436.184,0.4209999999984575,SPEAKER_25,Okay.,1,1,1
CyrusOne/Cyrusone_Hearing_12032025.mp3,2630,13436.584,13437.644,1.0599999999994907,SPEAKER_25,Aaron Kirkpatrick.,2,2,2
CyrusOne/Cyrusone_Hearing_12032025.mp3,2631,13438.204,13438.444,0.23999999999978172,SPEAKER_25,Aaron.,1,1,1
CyrusOne/Cyrusone_Hearing_12032025.mp3,2632,13442.254,13442.574,0.31999999999970896,SPEAKER_25,Hello.,1,1,1
CyrusOne/Cyrusone_Hearing_12032025.mp3,2633,13445.656,13447.516,1.859999999998763,SPEAKER_36,"Hi, I'm Erin Kirkpatrick.",4,4,4
CyrusOne/Cyrusone_Hearing_12032025.mp3,2634,13447.576,13448.017,0.44100000000071304,SPEAKER_36,Good evening.,2,2,2
CyrusOne/Cyrusone_Hearing_12032025.mp3,2635,13448.237,13449.177,0.9400000000005093,SPEAKER_36,Thank you for hosting us.,5,5,5
CyrusOne/Cyrusone_Hearing_12032025.mp3,2636,13449.938,13453.939,4.001000000000204,SPEAKER_36,"First, I hope you as a board will get all information and promises in contractual writing.",16,16,16
CyrusOne/Cyrusone_Hearing_12032025.mp3,2637,13454.66,13457.761,3.1010000000005675,SPEAKER_36,Ameren electric rates went up 50% per kilowatt hour last year.,11,11,11
CyrusOne/Cyrusone_Hearing_12032025.mp3,2638,13458.221,13462.884,4.663000000000466,SPEAKER_36,And we know that 70% of the increase in rates across the nation this year was due to data centers.,20,20,20
CyrusOne/Cyrusone_Hearing_12032025.mp3,2639,13463.504,13469.947,6.4429999999993015,SPEAKER_36,We also know that electricity now costs as much as 267% more in areas located near data center activity.,19,19,19
CyrusOne/Cyrusone_Hearing_12032025.mp3,2640,13470.553,13472.755,2.201999999999316,SPEAKER_36,There's no reason to believe we would be an exception.,10,10,10
CyrusOne/Cyrusone_Hearing_12032025.mp3,2641,13473.656,13478.88,5.223999999998341,SPEAKER_36,"I'm glad RECC rates will not go up, but that doesn't go for the rest of us on the MISO grid.",21,21,21
CyrusOne/Cyrusone_Hearing_12032025.mp3,2642,13479.541,13482.763,3.2220000000015716,SPEAKER_36,The capacity for the grid to handle the load is separate from our rates.,14,14,14
CyrusOne/Cyrusone_Hearing_12032025.mp3,2643,13483.564,13486.667,3.102999999999156,SPEAKER_36,This is truly a simple supply and demand equation.,9,9,9
CyrusOne/Cyrusone_Hearing_12032025.mp3,2644,13487.087,13492.531,5.444000000001324,SPEAKER_36,Increasing demand without adding to supply will continue to raise rates as it has here already and across the country.,20,20,20
CyrusOne/Cyrusone_Hearing_12032025.mp3,2645,13493.052,13499.037,5.985000000000582,SPEAKER_36,"By 2030, data centers could be largely responsible for quintupling the annual growth in electricity demand.",16,16,16
CyrusOne/Cyrusone_Hearing_12032025.mp3,2646,13499.615,13505.759,6.144000000000233,SPEAKER_36,This growth is challenging longstanding rate-making practices and is causing the public to subsidize big tech power bills.,18,18,18
CyrusOne/Cyrusone_Hearing_12032025.mp3,2647,13506.52,13512.924,6.404000000000451,SPEAKER_36,"One senior fellow in energy policy said, data centers are pretty much the whole boat when it comes to increase in electricity demand.",23,23,23
CyrusOne/Cyrusone_Hearing_12032025.mp3,2648,13513.504,13521.129,7.625,SPEAKER_36,"Between March and June this year, an estimated $98 billion in data center projects were blocked or delayed across the U.S.",21,21,21
CyrusOne/Cyrusone_Hearing_12032025.mp3,2649,13521.75,13526.573,4.82300000000032,SPEAKER_36,"If those proposed data centers use an equivalent amount of energy per development cost as this one,",17,17,17
CyrusOne/Cyrusone_Hearing_12032025.mp3,2650,13526.997,13531.119,4.122000000001208,SPEAKER_36,that we will be looking at 196 projects this size.,10,10,10
CyrusOne/Cyrusone_Hearing_12032025.mp3,2651,13531.98,13539.403,7.423000000000684,SPEAKER_36,"No one can tell me 124,264 gigawatts of new energy development supply are slated.",14,14,14
CyrusOne/Cyrusone_Hearing_12032025.mp3,2652,13540.424,13545.146,4.721999999999753,SPEAKER_36,"I keep hearing a point of view basically saying it's going to go somewhere, so let's get our piece of the tax pie.",23,23,23
CyrusOne/Cyrusone_Hearing_12032025.mp3,2653,13545.907,13549.008,3.1010000000005675,SPEAKER_36,I would take all tax revenue promises very lightly.,9,9,9
CyrusOne/Cyrusone_Hearing_12032025.mp3,2654,13549.469,13553.791,4.322000000000116,SPEAKER_36,A data center in Naperville is expected to receive about half of what was promised in taxes in the first year.,21,21,21
CyrusOne/Cyrusone_Hearing_12032025.mp3,2655,13554.27,13560.192,5.921999999998661,SPEAKER_36,So the six million promise to start gradually over the next two to nine years may be closer to three and drop dramatically thereafter.,24,24,24
CyrusOne/Cyrusone_Hearing_12032025.mp3,2656,13560.852,13564.153,3.300999999999476,SPEAKER_36,"If approved, I would request no local tax abatements be granted.",11,11,11
CyrusOne/Cyrusone_Hearing_12032025.mp3,2657,13564.713,13579.337,14.623999999999796,SPEAKER_36,"Illinois has tax incentive for data centers and has recorded revenue loss spikes of more than 1,000% in recent years associated with them, losing between 52 to 70 cents for every dollar data center tax exemption granted, which means we would still be subsidizing the center with our state taxes.",50,50,50
CyrusOne/Cyrusone_Hearing_12032025.mp3,2658,13580.022,13589.385,9.362999999999374,SPEAKER_36,Data centers contain more specialized technical infrastructure per square foot than almost any other commercial property type and typically qualify for accelerated depreciation.,23,23,23
CyrusOne/Cyrusone_Hearing_12032025.mp3,2659,13590.025,13599.188,9.163000000000466,SPEAKER_36,"Based on those data centers elsewhere, don't be surprised if the company sues the county fighting taxes and be prepared to pay back taxes after they file with the state for a tax reevaluation.",34,34,34
CyrusOne/Cyrusone_Hearing_12032025.mp3,2660,13600.048,13606.01,5.961999999999534,SPEAKER_36,"Craig, I can appreciate you bringing up Pillsbury because just like Pillsbury, I expect us to be left to clean this up.",22,22,22
CyrusOne/Cyrusone_Hearing_12032025.mp3,2661,13606.963,13613.266,6.302999999999884,SPEAKER_36,I AM CALLING ON YOU TO PASS AMENDMENTS TO JULY ZONING SETBACKS AND I LOOK FORWARD TO FOLLOWING UP WITH MORE SPECIFIC RECOMMENDATIONS.,23,23,23
CyrusOne/Cyrusone_Hearing_12032025.mp3,2662,13613.866,13623.431,9.56500000000051,SPEAKER_36,I URGE US TO WAIT FOR THE ILLINOIS STATE LEGISLATURE TO PASS THEIR BILL IN THE SPRING TO MAKE DATA CENTER COMPANIES BRING THEIR OWN NEW CLEAN ENERGY TO AVOID MORE ENERGY HIKES LIKE WE HAVE THIS YEAR.,38,38,38
CyrusOne/Cyrusone_Hearing_12032025.mp3,2663,13624.051,13628.353,4.30199999999968,SPEAKER_36,THE NEW GENERATION COULD BE ELSEWHERE ON THE SAME GRID AND DOESN'T NEED TO BE ADJACENT.,16,16,16
CyrusOne/Cyrusone_Hearing_12032025.mp3,2664,13629.414,13634.096,4.6819999999988795,SPEAKER_36,"AND LIKE WITH THE CO2 PIPELINES, FIND ME SOMEONE WHO WANTS THIS AND ISN'T MAKING MONEY FROM IT.",18,18,18
CyrusOne/Cyrusone_Hearing_12032025.mp3,2665,13634.456,13635.496,1.0399999999990541,SPEAKER_25,THAT'S TIME.,2,2,2
CyrusOne/Cyrusone_Hearing_12032025.mp3,2666,13635.516,13636.717,1.2010000000009313,SPEAKER_25,YOU'RE PRETTY CLOSE.,3,3,3
CyrusOne/Cyrusone_Hearing_12032025.mp3,2667,13637.697,13638.497,0.7999999999992724,SPEAKER_36,Thank you.,2,2,2
CyrusOne/Cyrusone_Hearing_12032025.mp3,2668,13638.517,13638.738,0.2209999999995489,SPEAKER_25,OK.,1,1,1
CyrusOne/Cyrusone_Hearing_12032025.mp3,2669,13638.958,13639.278,0.31999999999970896,SPEAKER_25,Thank you.,2,2,2
CyrusOne/Cyrusone_Hearing_12032025.mp3,2670,13645.241,13646.062,0.8209999999999127,SPEAKER_25,Thank you very much.,4,4,4
CyrusOne/Cyrusone_Hearing_12032025.mp3,2671,13646.162,13646.782,0.6199999999989814,SPEAKER_25,I'm so sorry.,3,3,3
CyrusOne/Cyrusone_Hearing_12032025.mp3,2672,13646.822,13650.004,3.1820000000006985,SPEAKER_25,I'm trying to make sure everybody has their say.,9,9,9
CyrusOne/Cyrusone_Hearing_12032025.mp3,2673,13650.384,13652.785,2.40099999999984,SPEAKER_25,OK. Board members on her statement?,6,6,6
CyrusOne/Cyrusone_Hearing_12032025.mp3,2674,13656.467,13656.788,0.3209999999999127,SPEAKER_25,OK.,1,1,1
CyrusOne/Cyrusone_Hearing_12032025.mp3,2675,13657.268,13658.829,1.5609999999996944,SPEAKER_25,Thank you so much.,4,4,4
CyrusOne/Cyrusone_Hearing_12032025.mp3,2676,13658.989,13659.989,1.0,SPEAKER_25,Brandon Derman.,2,2,2
CyrusOne/Cyrusone_Hearing_12032025.mp3,2677,13660.47,13660.91,0.4400000000005093,SPEAKER_25,Brandon.,1,1,1
CyrusOne/Cyrusone_Hearing_12032025.mp3,2678,13680.917,13681.677,0.7600000000002183,SPEAKER_05,"Good evening, everybody.",3,3,3
CyrusOne/Cyrusone_Hearing_12032025.mp3,2679,13681.697,13684.519,2.8220000000001164,SPEAKER_05,"My name is Brandon Derman, and I live in District 24.",11,11,11
CyrusOne/Cyrusone_Hearing_12032025.mp3,2680,13685.839,13694.463,8.623999999999796,SPEAKER_05,"And it's pretty clear what the Growth Alliance wants the county board to do, and they've shared some suggestions of benefits as members of the public.",26,26,26
CyrusOne/Cyrusone_Hearing_12032025.mp3,2681,13695.474,13701.315,5.841000000000349,SPEAKER_05,I'M GOING TO SHARE A DIFFERENT VIEWPOINT IN SOME RESONANCE WITH WHAT YOU JUST HEARD FROM AARON AND OTHERS.,19,19,19
CyrusOne/Cyrusone_Hearing_12032025.mp3,2682,13702.796,13719.78,16.98400000000038,SPEAKER_05,"IN GENERAL, AS YOU'VE ALREADY HEARD AND AS YOU CAN EASILY VERIFY FOR YOURSELVES, COMMUNITIES THAT ALREADY HOST DATA CENTERS ARE AGAINST THESE PROJECTS BECAUSE THEY FEEL THEY HAVE GOTTEN THE SHORT END OF THE STICK AND THAT THEY ARE PAYING HIGHER UTILITY RATES AND FACING THE OTHER IMPACTS YOU'VE HEARD ABOUT.",52,52,52
CyrusOne/Cyrusone_Hearing_12032025.mp3,2683,13720.3,13724.861,4.561000000001513,SPEAKER_05,"AND AROUND THE COUNTRY, OTHER COMMUNITIES ARE SAYING NO OR TRYING THEIR BEST TO DO THAT.",16,16,16
CyrusOne/Cyrusone_Hearing_12032025.mp3,2684,13725.73,13736.42,10.69000000000051,SPEAKER_05,"It's not clear why we should think we're going to come out better than these communities that already host data centers and, forgiving my French, feel screwed by them and are now scrambling to prevent more of them.",38,38,38
CyrusOne/Cyrusone_Hearing_12032025.mp3,2685,13737.481,13743.747,6.265999999999622,SPEAKER_05,"The list of reasons not to green light this now, or perhaps ever, is long and easy to learn more about.",21,21,21
CyrusOne/Cyrusone_Hearing_12032025.mp3,2686,13744.547,13751.534,6.9869999999991705,SPEAKER_05,"Based on the widespread and growing information and opposition, which again you can easily find and do more research on, but I'm also happy to provide more,",27,27,27
CyrusOne/Cyrusone_Hearing_12032025.mp3,2687,13752.183,13758.105,5.921999999998661,SPEAKER_05,There don't seem to be similarly clear reasons to expect lasting or broad public benefit from these projects.,18,18,18
CyrusOne/Cyrusone_Hearing_12032025.mp3,2688,13758.945,13765.007,6.061999999999898,SPEAKER_05,"If we're looking for those reasons, we can't look for them from the company proposing the project or from its surrogates.",21,21,21
CyrusOne/Cyrusone_Hearing_12032025.mp3,2689,13766.588,13772.31,5.721999999999753,SPEAKER_05,We also know that more and more economic analyses say we are in an AI bubble.,16,16,16
CyrusOne/Cyrusone_Hearing_12032025.mp3,2690,13773.167,13784.073,10.906000000000859,SPEAKER_05,"And in any case, it's obvious that this tech will continue to move fast, and that means any equipment in those buildings will depreciate quickly, and that casts further doubt on the promises of tax benefits that we're hearing.",39,39,39
CyrusOne/Cyrusone_Hearing_12032025.mp3,2691,13785.134,13790.617,5.483000000000175,SPEAKER_05,Some developers are also saying that quantum computing could make these facilities obsolete in a few years.,17,17,17
CyrusOne/Cyrusone_Hearing_12032025.mp3,2692,13791.518,13795.38,3.8619999999991705,SPEAKER_05,"That means that if we let this data center come, especially without any controls on it,",16,16,16
CyrusOne/Cyrusone_Hearing_12032025.mp3,2693,13796.003,13803.845,7.841999999998734,SPEAKER_05,"we could be left with a useless, toxic mess, another Pillsbury, as you've heard, and we'll have sacrificed good farmland for it.",22,22,22
CyrusOne/Cyrusone_Hearing_12032025.mp3,2694,13804.826,13820.21,15.384000000000015,SPEAKER_05,"So why would we be in a rush to approve this when there are possible protections in legislative proposals, when the company's ownership has changed hands repeatedly, and we're still facing a long list of real risks and unknowns that folks have put in front of the board?",48,48,48
CyrusOne/Cyrusone_Hearing_12032025.mp3,2695,13821.05,13823.851,2.801000000001295,SPEAKER_05,"Again, communities that already host these facilities regret it.",9,9,9
CyrusOne/Cyrusone_Hearing_12032025.mp3,2696,13824.482,13828.004,3.522000000000844,SPEAKER_05,and they're probably not happy with the elected officials that could have stood in the way.,16,16,16
CyrusOne/Cyrusone_Hearing_12032025.mp3,2697,13828.624,13835.448,6.824000000000524,SPEAKER_05,"So let's not rush to be what might be one of the last communities in the country to take an extractive, short-term, and harmful project.",25,25,25
CyrusOne/Cyrusone_Hearing_12032025.mp3,2698,13843.813,13844.414,0.6010000000005675,SPEAKER_25,Board members?,2,2,2
CyrusOne/Cyrusone_Hearing_12032025.mp3,2699,13848.656,13849.136,0.47999999999956344,SPEAKER_25,All right.,2,2,2
CyrusOne/Cyrusone_Hearing_12032025.mp3,2700,13849.457,13851.798,2.3410000000003492,SPEAKER_25,I hope I'm reading this right because I was just trying to...,12,12,12
CyrusOne/Cyrusone_Hearing_12032025.mp3,2701,13852.647,13879.551,26.903999999998632,SPEAKER_25,on the cursive writing Sterling Alexander Sterling Alexander okay alright Scott Rogers okay Anthony Hamilton hello Anthony,17,17,17
CyrusOne/Cyrusone_Hearing_12032025.mp3,2702,13885.678,13885.898,0.21999999999934516,SPEAKER_44,Hi.,1,1,1
CyrusOne/Cyrusone_Hearing_12032025.mp3,2703,13886.298,13887.419,1.120999999999185,SPEAKER_44,My name is Anthony Hamilton.,5,5,5
CyrusOne/Cyrusone_Hearing_12032025.mp3,2704,13887.459,13890.04,2.581000000000131,SPEAKER_44,I moved here to Springfield five years ago.,8,8,8
CyrusOne/Cyrusone_Hearing_12032025.mp3,2705,13890.84,13893.122,2.2819999999992433,SPEAKER_44,And my wife was born and raised here at the Springfield Inn.,12,12,12
CyrusOne/Cyrusone_Hearing_12032025.mp3,2706,13893.582,13894.702,1.1199999999989814,SPEAKER_44,And we are now back here.,6,6,6
CyrusOne/Cyrusone_Hearing_12032025.mp3,2707,13895.883,13897.644,1.761000000000422,SPEAKER_44,And I work for the state as well.,8,8,8
CyrusOne/Cyrusone_Hearing_12032025.mp3,2708,13897.764,13903.326,5.561999999999898,SPEAKER_44,So I have a strong interest in making sure that Segmont County continues to grow.,15,15,15
CyrusOne/Cyrusone_Hearing_12032025.mp3,2709,13903.567,13906.728,3.161000000000058,SPEAKER_44,And I feel that this project is one of those step forwards.,12,12,12
CyrusOne/Cyrusone_Hearing_12032025.mp3,2710,13906.868,13911.07,4.201999999999316,SPEAKER_44,And so I strongly urge the board to accept this proposal.,11,11,11
CyrusOne/Cyrusone_Hearing_12032025.mp3,2711,13911.13,13913.571,2.441000000000713,SPEAKER_21,So a couple of things I wanted to also note.,10,10,10
CyrusOne/Cyrusone_Hearing_12032025.mp3,2712,13915.905,13923.552,7.646999999999025,SPEAKER_44,"You know, even in the relative short time I have lived here, I have seen how passionate and committed our residents are about building a strong, vibrant community.",28,28,28
CyrusOne/Cyrusone_Hearing_12032025.mp3,2713,13924.052,13933.981,9.929000000000087,SPEAKER_44,"I've seen how important it is for us to attract the kind of opportunities that ensure long-term economic stability, and I feel that this is one of those projects that can do that.",33,33,33
CyrusOne/Cyrusone_Hearing_12032025.mp3,2714,13934.021,13936.043,2.021999999999025,SPEAKER_44,"Not just for today, but also for the next generation.",10,10,10
CyrusOne/Cyrusone_Hearing_12032025.mp3,2715,13938.754,13942.535,3.7809999999990396,SPEAKER_44,PRESENTS EXACTLY THE KIND OF OPPORTUNITY THAT I THINK SAGAMENT COUNTY NEEDS.,12,12,12
CyrusOne/Cyrusone_Hearing_12032025.mp3,2716,13942.635,13943.535,0.8999999999996362,SPEAKER_44,AND I REALLY APPRECIATE IT.,5,5,5
CyrusOne/Cyrusone_Hearing_12032025.mp3,2717,13943.555,13945.376,1.8209999999999127,SPEAKER_44,THIS IS MY FIRST SAGAMENT COUNTY BOARD MEETING.,8,8,8
CyrusOne/Cyrusone_Hearing_12032025.mp3,2718,13945.456,13947.216,1.7600000000002183,SPEAKER_44,I'M VERY GRATEFUL FOR THIS OPPORTUNITY.,6,6,6
CyrusOne/Cyrusone_Hearing_12032025.mp3,2719,13947.836,13948.837,1.0010000000002037,SPEAKER_44,IT WILL NOT BE MY LAST.,6,6,6
CyrusOne/Cyrusone_Hearing_12032025.mp3,2720,13950.117,13955.718,5.6010000000005675,SPEAKER_44,SO THE DATA INFRASTRUCTURE POWERS ALMOST EVERY ASPECT OF OUR DAILY LIVES.,12,12,12
CyrusOne/Cyrusone_Hearing_12032025.mp3,2721,13955.738,13962.36,6.622000000001208,SPEAKER_44,"WE'VE TALKED ABOUT THE HOSPITALS, THE SCHOOLS, SMALL BUSINESSES, MAJOR EMPLOYEES, AND EMPLOYERS AS WELL.",15,15,15
CyrusOne/Cyrusone_Hearing_12032025.mp3,2722,13963.472,13977.917,14.444999999999709,SPEAKER_44,"THIS IS A PROJECT THAT MEETS ALL THE ORDINANCE, RECURRENT ORDINANCE REQUIREMENTS THAT'S BEEN DEFINED BY THE BOARD, AND SO THOSE STANDARDS WERE CREATED SPECIFICALLY TO ENSURE THAT DATA STANDARDS DEVELOP RESPONSIBLY, SUSTAINABLY, AND WITH THE COMMUNITY IN PROCESS.",39,39,39
CyrusOne/Cyrusone_Hearing_12032025.mp3,2723,13978.537,13982.278,3.7409999999999854,SPEAKER_44,SO I ALSO WANT TO ACKNOWLEDGE THE WORK OF THE SACRAMENTO GROWTH ALLIANCE.,13,13,13
CyrusOne/Cyrusone_Hearing_12032025.mp3,2724,13982.298,13984.399,2.1009999999987485,SPEAKER_44,I'VE WORKED WITH THEM SINCE I MOVED HERE FIVE YEARS AGO.,11,11,11
CyrusOne/Cyrusone_Hearing_12032025.mp3,2725,13984.799,13991.621,6.821999999998297,SPEAKER_44,"I'VE BEEN VERY INVOLVED IN MULTIPLE THINGS, THE DOWNTOWN SPRINGFIELD MASTER PLAN, ALONG WITH THE MEDICAL DISTRICT HAVE DONE A LOT OF",22,22,22
CyrusOne/Cyrusone_Hearing_12032025.mp3,2726,13992.242,14018.052,25.80999999999949,SPEAKER_44,uh... eleven am series so i stay actively involved in my community that's one of the reasons why we moved here is to get actively involved in the community uh... i'm expanding to not only look at springfield but also look at hegman county because this is a county that i live in this is a county i'm very proud of to live in here as well so since moving here i've become invested in both the success of hegman county because this is where i live this is where i work and this is where i plan to build my future,102,102,102
CyrusOne/Cyrusone_Hearing_12032025.mp3,2727,14018.582,14028.125,9.542999999999665,SPEAKER_44,"I believe that this data center project is a beneficial step forward, one that expands opportunity and while respecting the community that we all love.",25,25,25
CyrusOne/Cyrusone_Hearing_12032025.mp3,2728,14028.645,14034.347,5.701999999999316,SPEAKER_44,So I want to thank you for considering this project and for your leadership in guiding our county's future.,19,19,19
CyrusOne/Cyrusone_Hearing_12032025.mp3,2729,14034.667,14036.388,1.7210000000013679,SPEAKER_44,Thank you for everything you guys do.,7,7,7
CyrusOne/Cyrusone_Hearing_12032025.mp3,2730,14037.368,14038.569,1.2009999999991123,SPEAKER_44,Let's bring this project home.,5,5,5
CyrusOne/Cyrusone_Hearing_12032025.mp3,2731,14039.569,14039.949,0.38000000000101863,SPEAKER_43,Thank you.,2,2,2
CyrusOne/Cyrusone_Hearing_12032025.mp3,2732,14045.251,14045.791,0.5399999999990541,SPEAKER_25,Board members.,2,2,2
CyrusOne/Cyrusone_Hearing_12032025.mp3,2733,14048.818,14050.438,1.6200000000008004,SPEAKER_25,"Reggie, Reggie, raise your hand.",5,5,5
CyrusOne/Cyrusone_Hearing_12032025.mp3,2734,14053.199,14054.96,1.760999999998603,SPEAKER_25,He's looking at you from back here.,7,7,7
CyrusOne/Cyrusone_Hearing_12032025.mp3,2735,14056.34,14057.14,0.7999999999992724,SPEAKER_25,Should be about now.,4,4,4
CyrusOne/Cyrusone_Hearing_12032025.mp3,2736,14058.801,14063.842,5.041000000001077,SPEAKER_45,So I actually have some clarifying questions for Cyrus 1 again.,11,11,11
CyrusOne/Cyrusone_Hearing_12032025.mp3,2737,14063.922,14066.003,2.081000000000131,SPEAKER_45,"Sorry, I'm going to keep going to y'all.",8,8,8
CyrusOne/Cyrusone_Hearing_12032025.mp3,2738,14067.343,14073.225,5.881999999999607,SPEAKER_45,So we've established that there's about 100 workers that'll be added to the workforce.,14,14,14
CyrusOne/Cyrusone_Hearing_12032025.mp3,2739,14074.582,14085.45,10.868000000000393,SPEAKER_45,"And if I'm correct, the presentation said that the acreage of the campus is about 270 acres, correct?",18,18,18
CyrusOne/Cyrusone_Hearing_12032025.mp3,2740,14085.55,14087.171,1.621000000001004,SPEAKER_45,About 280 acres.,3,3,3
CyrusOne/Cyrusone_Hearing_12032025.mp3,2741,14087.231,14087.412,0.18100000000049477,SPEAKER_45,280.,1,1,1
CyrusOne/Cyrusone_Hearing_12032025.mp3,2742,14087.432,14089.273,1.8409999999985303,SPEAKER_45,I'm going to have to do my math over again.,10,10,10
CyrusOne/Cyrusone_Hearing_12032025.mp3,2743,14089.293,14089.433,0.1400000000012369,SPEAKER_45,So...,1,1,1
CyrusOne/Cyrusone_Hearing_12032025.mp3,2744,14092.615,14095.757,3.1419999999998254,SPEAKER_45,And this is going to be wrong because I estimated incorrectly.,11,11,11
CyrusOne/Cyrusone_Hearing_12032025.mp3,2745,14097.479,14100.681,3.202000000001135,SPEAKER_45,That's about 16 workers per building.,6,6,6
CyrusOne/Cyrusone_Hearing_12032025.mp3,2746,14101.421,14102.462,1.0409999999992579,SPEAKER_45,That's right.,2,2,2
CyrusOne/Cyrusone_Hearing_12032025.mp3,2747,14103.202,14105.844,2.6419999999998254,SPEAKER_45,Which means that that's about 16 acres per person.,9,9,9
CyrusOne/Cyrusone_Hearing_12032025.mp3,2748,14107.525,14121.514,13.988999999999578,SPEAKER_45,"And I kind of struggle with this a little bit because I know that we recently, and you don't know anything about this, but we recently had a commission formed after the murder of Sonia Massey.",36,36,36
CyrusOne/Cyrusone_Hearing_12032025.mp3,2749,14122.065,14135.037,12.971999999999753,SPEAKER_45,"and one of the recommendations, recommendation number 21, was to prioritize additive job creation, ending extractive incentives, and expanding workforce training for marginalized residents.",24,24,24
CyrusOne/Cyrusone_Hearing_12032025.mp3,2750,14135.538,14137.22,1.6819999999988795,SPEAKER_45,"I bring that up because we can,",7,7,7
CyrusOne/Cyrusone_Hearing_12032025.mp3,2751,14138.792,14143.576,4.783999999999651,SPEAKER_45,"As defined, rural residents are systemically marginalized.",7,7,7
CyrusOne/Cyrusone_Hearing_12032025.mp3,2752,14143.596,14145.397,1.8010000000012951,SPEAKER_45,They have less access to different things.,7,7,7
CyrusOne/Cyrusone_Hearing_12032025.mp3,2753,14147.119,14159.648,12.528999999998632,SPEAKER_45,"So I guess with the large amount of Anchorage and low amount of employees, I'm wondering, how do you plan to invest in your community?",25,25,25
CyrusOne/Cyrusone_Hearing_12032025.mp3,2754,14160.229,14161.31,1.081000000000131,SPEAKER_45,I know that there was a slide.,7,7,7
CyrusOne/Cyrusone_Hearing_12032025.mp3,2755,14161.35,14162.871,1.5209999999988213,SPEAKER_45,We didn't really get to see too much of it.,10,10,10
CyrusOne/Cyrusone_Hearing_12032025.mp3,2756,14163.291,14166.774,3.4830000000001746,SPEAKER_45,"And at the time, I was sitting towards the back, so I really couldn't see much of it.",18,18,18
CyrusOne/Cyrusone_Hearing_12032025.mp3,2757,14168.042,14180.981,12.939000000000306,SPEAKER_45,"But keeping all of this in mind, if we're really talking about expanding workforce training and prioritized job creation, how prepared is Virus 1 to invest in",27,27,27
CyrusOne/Cyrusone_Hearing_12032025.mp3,2758,14181.894,14185.055,3.161000000000058,SPEAKER_45,"NOT ONLY THE COMMUNITY OF LOUDER, BUT SINGAMON COUNTY AS A WHOLE.",12,12,12
CyrusOne/Cyrusone_Hearing_12032025.mp3,2759,14185.875,14198.94,13.06500000000051,SPEAKER_14,"YEAH, SO IF WE LOOK AT THE $100 MILLION OF TAX REVENUE THAT'S PROJECTED OVER THE 20 YEARS, THE TAXING DISTRICTS THAT ARE RECEIVING THE BULK OF THOSE FUNDS ARE IN THAT AREA, THAT RURAL AREA THAT YOU TALK ABOUT.",40,40,40
CyrusOne/Cyrusone_Hearing_12032025.mp3,2760,14199.84,14207.164,7.324000000000524,SPEAKER_14,"We're not increasing the number of households here in this area, but we're increasing the revenue that's available locally to serve the people that are already there.",27,27,27
CyrusOne/Cyrusone_Hearing_12032025.mp3,2761,14207.964,14214.907,6.9429999999993015,SPEAKER_14,"So without increasing the households but increasing the budget, the ability to impact the existing residents just goes up.",19,19,19
CyrusOne/Cyrusone_Hearing_12032025.mp3,2762,14215.147,14221.13,5.982999999998356,SPEAKER_14,It's just more money spread across the people that are already living there today that live in these agricultural areas.,20,20,20
CyrusOne/Cyrusone_Hearing_12032025.mp3,2763,14221.565,14222.405,0.8400000000001455,SPEAKER_45,"Sure, in theory.",3,3,3
CyrusOne/Cyrusone_Hearing_12032025.mp3,2764,14222.605,14227.888,5.283000000001266,SPEAKER_45,"And that's also assuming that they're going to be spending money in their own communities, which we certainly hope for.",20,20,20
CyrusOne/Cyrusone_Hearing_12032025.mp3,2765,14229.028,14242.193,13.164999999999054,SPEAKER_45,"But insofar as investing in this tax revenue and making sure that it goes to certain communities, from my understanding, according to what we've seen, it'll be an investment into these school districts.",33,33,33
CyrusOne/Cyrusone_Hearing_12032025.mp3,2766,14242.213,14250.357,8.144000000000233,SPEAKER_45,"So again, I guess, is there another way that you plan on investing into this community beyond just tax dollars?",20,20,20
CyrusOne/Cyrusone_Hearing_12032025.mp3,2767,14250.437,14250.697,0.2600000000002183,SPEAKER_45,Because,1,1,1
CyrusOne/Cyrusone_Hearing_12032025.mp3,2768,14251.555,14254.436,2.8809999999994034,SPEAKER_45,"THAT EVEN, THAT CAN'T NECESSARILY BE GUARANTEED.",7,7,7
CyrusOne/Cyrusone_Hearing_12032025.mp3,2769,14254.716,14261.618,6.902000000000044,SPEAKER_45,SO I'M CURIOUS IF THERE ARE ANY OTHER SUBSTANTIAL AREAS IN WHICH YOU PLAN TO INVEST IN THE COMMUNITY.,19,19,19
CyrusOne/Cyrusone_Hearing_12032025.mp3,2770,14261.958,14270.221,8.26299999999901,SPEAKER_14,"I HAD TO QUICKLY END MY PRESENTATION BEFORE LEAVING THE STAGE, BUT I DID WANT TO TALK ABOUT BEYOND TAX REVENUE AND JOBS,",23,23,23
CyrusOne/Cyrusone_Hearing_12032025.mp3,2771,14271.215,14275.38,4.164999999999054,SPEAKER_14,"We'll have 100 people that are working here, but long-term, we want to be a good corporate citizen.",18,18,18
CyrusOne/Cyrusone_Hearing_12032025.mp3,2772,14275.961,14277.943,1.981999999999971,SPEAKER_14,"And so in other places, there's a slide.",8,8,8
CyrusOne/Cyrusone_Hearing_12032025.mp3,2773,14277.983,14284.831,6.847999999999956,SPEAKER_14,We participate directly in participating in community events and other initiatives.,11,11,11
CyrusOne/Cyrusone_Hearing_12032025.mp3,2774,14284.851,14288.496,3.6449999999986176,SPEAKER_14,"So if there's a prairie fest or a winter fest or a summer fest,",14,14,14
CyrusOne/Cyrusone_Hearing_12032025.mp3,2775,14289.196,14294.302,5.105999999999767,SPEAKER_14,And all of the corporate citizens of the county are pitching in to help make that happen.,17,17,17
CyrusOne/Cyrusone_Hearing_12032025.mp3,2776,14294.322,14302.029,7.707000000000335,SPEAKER_14,We want to be part of the group that's contributing to that so that the programming is safe and that that could be a more positive event.,27,27,27
CyrusOne/Cyrusone_Hearing_12032025.mp3,2777,14302.75,14307.255,4.5049999999992,SPEAKER_14,"On top of that, we're going to need a workforce to serve this facility.",14,14,14
CyrusOne/Cyrusone_Hearing_12032025.mp3,2778,14307.615,14309.137,1.522000000000844,SPEAKER_14,We're going to need the workforce to be local.,9,9,9
CyrusOne/Cyrusone_Hearing_12032025.mp3,2779,14309.977,14325.366,15.388999999999214,SPEAKER_14,"SO WE'RE GOING TO BE INVESTING AND SPENDING TIME AND RESOURCES TO ENSURE THAT THERE'S AWARENESS ABOUT THE CAREERS THAT GO INTO THE DATA CENTER, THAT WE'RE HELPING TO MAKE HIGH SCHOOL STUDENTS AWARE OF THE OPPORTUNITIES TO COME HERE, BECAUSE THIS IS A NEW INDUSTRY IN THIS REGION THAT DOESN'T EXIST TODAY.",53,53,53
CyrusOne/Cyrusone_Hearing_12032025.mp3,2780,14326.027,14333.211,7.183999999999287,SPEAKER_14,AND THERE'S A LOT OF YOUNG PEOPLE THAT GREW UP IN THIS AREA THAT NOW HAVE ANOTHER INDUSTRY TO ENTER AND TO GO INTO TO STAY IN THIS AREA.,29,29,29
CyrusOne/Cyrusone_Hearing_12032025.mp3,2781,14333.931,14336.493,2.561999999999898,SPEAKER_14,AND SO THOSE ARE THE KINDS OF THINGS THAT WE'RE INTERESTED IN IS,13,13,13
CyrusOne/Cyrusone_Hearing_12032025.mp3,2782,14337.033,14350.579,13.546000000000276,SPEAKER_14,"is making sure that this isn't just for a certain amount of people that are coming in, but that there's a younger generation that finds a pathway into a career in data citizen IT because this is a growing industry and it's new to this region.",46,46,46
CyrusOne/Cyrusone_Hearing_12032025.mp3,2783,14351.999,14355.561,3.561999999999898,SPEAKER_14,"Beyond that, we do make in-kind donations to charitable organizations.",10,10,10
CyrusOne/Cyrusone_Hearing_12032025.mp3,2784,14356.341,14360.863,4.521999999999025,SPEAKER_14,Part of the last part of the presentation that I had to end with was having this dialogue with the community where,22,22,22
CyrusOne/Cyrusone_Hearing_12032025.mp3,2785,14361.583,14367.026,5.4429999999993015,SPEAKER_14,"WE HEAR FROM YOU ABOUT, LIKE, WHAT'S IMPORTANT TO THE GREATER SINGAMORE COUNTY AND SPRINGFIELD REGION?",16,16,16
CyrusOne/Cyrusone_Hearing_12032025.mp3,2786,14367.086,14369.928,2.842000000000553,SPEAKER_14,WHAT KIND OF THINGS DO YOU EXPECT OF A CORPORATE CITIZEN?,11,11,11
CyrusOne/Cyrusone_Hearing_12032025.mp3,2787,14370.748,14371.869,1.121000000001004,SPEAKER_14,AND LET US KNOW WHAT THOSE ARE.,7,7,7
CyrusOne/Cyrusone_Hearing_12032025.mp3,2788,14372.449,14374.891,2.441999999999098,SPEAKER_14,"BECAUSE WE DON'T WANT TO JUST BLINDLY, LIKE, YOU KNOW, SUPPORT THINGS.",12,12,12
CyrusOne/Cyrusone_Hearing_12032025.mp3,2789,14374.911,14377.312,2.40099999999984,SPEAKER_14,WE WANT TO KNOW WHERE THE IMPACTS CAN BE FELT THE MOST.,12,12,12
CyrusOne/Cyrusone_Hearing_12032025.mp3,2790,14377.832,14380.574,2.742000000000189,SPEAKER_45,I'M SO GLAD THAT YOU MENTIONED THE GROWING INDUSTRY IN I.T.,11,11,11
CyrusOne/Cyrusone_Hearing_12032025.mp3,2791,14382.635,14386.998,4.362999999999374,SPEAKER_45,DO YOU FORESEE THAT THERE WILL BE INTERNSHIPS OR SOME TYPE OF,12,12,12
CyrusOne/Cyrusone_Hearing_12032025.mp3,2792,14388.836,14395.767,6.931000000000495,SPEAKER_45,entrance programs that will help facilitate the the expanded growth that we're anticipating or in this industry or,18,18,18
CyrusOne/Cyrusone_Hearing_12032025.mp3,2793,14396.528,14397.509,0.9809999999997672,SPEAKER_14,"Yeah, I do.",3,3,3
CyrusOne/Cyrusone_Hearing_12032025.mp3,2794,14397.749,14403.133,5.3840000000000146,SPEAKER_14,I think certainly there's a number of paths to come into the data center field.,15,15,15
CyrusOne/Cyrusone_Hearing_12032025.mp3,2795,14404.134,14406.015,1.8809999999994034,SPEAKER_14,You were lucky enough to come out to our tour.,10,10,10
CyrusOne/Cyrusone_Hearing_12032025.mp3,2796,14406.075,14418.485,12.409999999999854,SPEAKER_14,"The person who runs our data center in Aurora has started at the very lowest level of the technician level there, I think, 16 years ago.",26,26,26
CyrusOne/Cyrusone_Hearing_12032025.mp3,2797,14419.185,14421.586,2.40099999999984,SPEAKER_14,"And he's been there since, and now he runs the entire campus.",12,12,12
CyrusOne/Cyrusone_Hearing_12032025.mp3,2798,14421.786,14430.208,8.42200000000048,SPEAKER_14,"And so there's real demonstrated career paths within our company for people that are interested in these careers, interested in mission-critical facilities.",22,22,22
CyrusOne/Cyrusone_Hearing_12032025.mp3,2799,14430.988,14439.19,8.202000000001135,SPEAKER_14,This is a very transferable skill set that we're teaching to operate a facility that cannot go down that has to run 24-7.,23,23,23
CyrusOne/Cyrusone_Hearing_12032025.mp3,2800,14439.21,14448.532,9.322000000000116,SPEAKER_14,There's a lot of people who come from the military and work in our facilities because they have this mission-critical mindset of working with redundant systems and understanding that there's protocols when things go down,35,35,35
CyrusOne/Cyrusone_Hearing_12032025.mp3,2801,14449.312,14451.273,1.9609999999993306,SPEAKER_14,IT'S TRANSFERABLE TO HEALTH CARE.,5,5,5
CyrusOne/Cyrusone_Hearing_12032025.mp3,2802,14451.293,14453.594,2.300999999999476,SPEAKER_14,IT'S TRANSFERABLE TO A NUMBER OF OTHER INDUSTRIES.,8,8,8
CyrusOne/Cyrusone_Hearing_12032025.mp3,2803,14454.395,14456.816,2.4210000000002765,SPEAKER_25,"I'M SORRY, I DIDN'T MEAN TO CUT YOU OFF.",9,9,9
CyrusOne/Cyrusone_Hearing_12032025.mp3,2804,14456.856,14463.18,6.324000000000524,SPEAKER_25,"JUST IN THE SPIRIT OF ALL THE BOARD MEMBERS UNDER THIS, IT'S BEEN THE PAST FIVE MINUTES FOR SURE.",19,19,19
CyrusOne/Cyrusone_Hearing_12032025.mp3,2805,14464.36,14467.882,3.521999999999025,SPEAKER_25,"YOU STILL HAVE TWO MORE TIMES FOR QUESTIONS, OKAY?",9,9,9
CyrusOne/Cyrusone_Hearing_12032025.mp3,2806,14468.722,14469.503,0.7810000000008586,SPEAKER_25,"SORRY ABOUT THAT, MAN.",4,4,4
CyrusOne/Cyrusone_Hearing_12032025.mp3,2807,14469.563,14469.943,0.37999999999919964,SPEAKER_25,IT'S CHILL.,2,2,2
CyrusOne/Cyrusone_Hearing_12032025.mp3,2808,14471.124,14474.185,3.0609999999996944,SPEAKER_25,"OKAY, SO... ADD TO THAT REAL QUICK.",7,7,7
CyrusOne/Cyrusone_Hearing_12032025.mp3,2809,14474.305,14476.006,1.7009999999991123,SPEAKER_25,"YES, A NEW BOARD MEMBER CAN.",6,6,6
CyrusOne/Cyrusone_Hearing_12032025.mp3,2810,14479.133,14501.878,22.7450000000008,SPEAKER_20,"OF THOSE SCHOOL DISTRICTS I'VE SPOKEN TO, AND THEY HAVE, WE HAVE GONE THROUGH A FEW COMPANIES AND ALSO A FEW STATE EDUCATIONS AND EVEN HANSEN ENGINEERING DID SOME PROGRAMS WITH MINORITY, OH, I'M SORRY, HAVE DONE SOME PROGRAMS WITH MINORITIES TO KIND OF GET THE INTEREST, SPARK THE INTEREST OF ALTOFFER",52,52,52
CyrusOne/Cyrusone_Hearing_12032025.mp3,2811,14502.382,14502.902,0.5200000000004366,SPEAKER_20,All tougher.,2,2,2
CyrusOne/Cyrusone_Hearing_12032025.mp3,2812,14502.942,14507.503,4.561000000001513,SPEAKER_20,"And so, yeah, we are talking to the school districts and also talking to our community college here.",18,18,18
CyrusOne/Cyrusone_Hearing_12032025.mp3,2813,14507.884,14508.244,0.3600000000005821,SPEAKER_20,"So, yes.",2,2,2
CyrusOne/Cyrusone_Hearing_12032025.mp3,2814,14509.444,14509.684,0.23999999999978172,SPEAKER_20,Okay.,1,1,1
CyrusOne/Cyrusone_Hearing_12032025.mp3,2815,14510.344,14510.764,0.42000000000007276,SPEAKER_25,Thank you.,2,2,2
CyrusOne/Cyrusone_Hearing_12032025.mp3,2816,14512.045,14513.365,1.319999999999709,SPEAKER_25,Other board members right now?,5,5,5
CyrusOne/Cyrusone_Hearing_12032025.mp3,2817,14513.385,14517.306,3.9210000000002765,SPEAKER_25,Okay.,1,1,1
CyrusOne/Cyrusone_Hearing_12032025.mp3,2818,14517.966,14521.087,3.120999999999185,SPEAKER_25,"Reg, remember, you still have two more if you want to continue on that.",14,14,14
CyrusOne/Cyrusone_Hearing_12032025.mp3,2819,14521.107,14521.267,0.15999999999985448,SPEAKER_17,I know.,2,2,2
CyrusOne/Cyrusone_Hearing_12032025.mp3,2820,14521.287,14523.308,2.0210000000006403,SPEAKER_17,I just didn't get my answer.,6,6,6
CyrusOne/Cyrusone_Hearing_12032025.mp3,2821,14523.328,14523.848,0.5200000000004366,SPEAKER_17,But it's okay.,3,3,3
CyrusOne/Cyrusone_Hearing_12032025.mp3,2822,14523.868,14524.268,0.3999999999996362,SPEAKER_17,It's okay.,2,2,2
CyrusOne/Cyrusone_Hearing_12032025.mp3,2823,14524.408,14524.748,0.3400000000001455,SPEAKER_17,Okay.,1,1,1
CyrusOne/Cyrusone_Hearing_12032025.mp3,2824,14525.389,14527.169,1.7800000000006548,SPEAKER_25,In the interest of time.,5,5,5
CyrusOne/Cyrusone_Hearing_12032025.mp3,2825,14527.189,14530.23,3.040999999999258,SPEAKER_25,"No, but you still have your time for questions, so.",10,10,10
CyrusOne/Cyrusone_Hearing_12032025.mp3,2826,14530.523,14532.844,2.3209999999999127,SPEAKER_25,I'm just trying to keep it equal amongst all the board members.,12,12,12
CyrusOne/Cyrusone_Hearing_12032025.mp3,2827,14533.424,14534.464,1.0399999999990541,SPEAKER_25,Okay.,1,1,1
CyrusOne/Cyrusone_Hearing_12032025.mp3,2828,14536.445,14537.265,0.819999999999709,SPEAKER_25,Ethan Manning.,2,2,2
CyrusOne/Cyrusone_Hearing_12032025.mp3,2829,14537.546,14537.866,0.31999999999970896,SPEAKER_25,Ethan?,1,1,1
CyrusOne/Cyrusone_Hearing_12032025.mp3,2830,14539.526,14540.827,1.3009999999994761,SPEAKER_25,Excuse me.,2,2,2
CyrusOne/Cyrusone_Hearing_12032025.mp3,2831,14541.527,14542.627,1.1000000000003638,SPEAKER_25,"Ethan, is that you back there?",6,6,6
CyrusOne/Cyrusone_Hearing_12032025.mp3,2832,14543.188,14543.548,0.3600000000005821,SPEAKER_25,Okay.,1,1,1
CyrusOne/Cyrusone_Hearing_12032025.mp3,2833,14544.368,14544.928,0.5599999999994907,SPEAKER_25,Come on up.,3,3,3
CyrusOne/Cyrusone_Hearing_12032025.mp3,2834,14557.193,14557.353,0.15999999999985448,SPEAKER_24,Hi.,1,1,1
CyrusOne/Cyrusone_Hearing_12032025.mp3,2835,14557.513,14558.033,0.5199999999986176,SPEAKER_17,"Hey, thanks.",2,2,2
CyrusOne/Cyrusone_Hearing_12032025.mp3,2836,14559.71,14564.252,4.542000000001281,SPEAKER_24,"So I'll try to, I'm going to talk fast because it's limited to the time and I didn't write this out.",21,21,21
CyrusOne/Cyrusone_Hearing_12032025.mp3,2837,14564.332,14569.295,4.962999999999738,SPEAKER_24,"But I just want to say that, you know, I think I'm kind of a little bit of an outlier.",20,20,20
CyrusOne/Cyrusone_Hearing_12032025.mp3,2838,14569.355,14570.695,1.3400000000001455,SPEAKER_24,I do belong to a union.,6,6,6
CyrusOne/Cyrusone_Hearing_12032025.mp3,2839,14571.256,14573.597,2.3410000000003492,SPEAKER_24,I was raised by union parents.,6,6,6
CyrusOne/Cyrusone_Hearing_12032025.mp3,2840,14574.157,14580.86,6.703000000001339,SPEAKER_24,"At the same time, I tend to be pretty much pro-business and I also tend to be low government regulation.",20,20,20
CyrusOne/Cyrusone_Hearing_12032025.mp3,2841,14582.901,14584.242,1.3410000000003492,SPEAKER_24,I guess you could call me conservative.,7,7,7
CyrusOne/Cyrusone_Hearing_12032025.mp3,2842,14584.262,14586.503,2.2409999999999854,SPEAKER_24,"However, I cannot support this data center.",7,7,7
CyrusOne/Cyrusone_Hearing_12032025.mp3,2843,14587.593,14609.58,21.98699999999917,SPEAKER_24,um i i just if you look at this i believe it's a bubble that's coming and i believe it's a house of cards and if you really dig down deep into it everything that everybody said to this point usually to deal with the local area in the the singamon county um i tend to follow the money and if you go a to b to c to d i know they can't tell who it is but i think you'd end up in a c-suite out in san francisco,91,91,91
CyrusOne/Cyrusone_Hearing_12032025.mp3,2844,14610.337,14617.761,7.424000000000888,SPEAKER_24,And you literally have folks out there that are trying to make some sort of sentient AI god to control 8 billion people.,23,23,23
CyrusOne/Cyrusone_Hearing_12032025.mp3,2845,14618.282,14620.843,2.5610000000015134,SPEAKER_24,"Now, again, that's third-level AI.",5,5,5
CyrusOne/Cyrusone_Hearing_12032025.mp3,2846,14621.984,14630.249,8.264999999999418,SPEAKER_24,"But at first-level AI, which is what this is mainly going to support, they're openly saying that they want to replace jobs.",22,22,22
CyrusOne/Cyrusone_Hearing_12032025.mp3,2847,14631.303,14657.002,25.699000000000524,SPEAKER_24,what they're doing they're openly saying that they want to replace jobs and so they can come in here they're getting commissions i'm sure for if they get this deal done et cetera et cetera um this is cylindra uh i lived through the o8 housing meltdown it was a nightmare and when this pops it's going to pop and other folks and they will lose their jobs too and i just want to say that you know some other folks brought up the depreciation of these processors,88,88,88
CyrusOne/Cyrusone_Hearing_12032025.mp3,2848,14657.718,14684.826,27.107999999998356,SPEAKER_24,you ought to look into that because that's a big deal and we will be left cleaning this mess up but again i cannot reiterate this is this is fanny and freddie this is cylindra and i will say this as far as the the i.t stuff goes because none of this has been proven which rules their business model is but as far as the i.t stuff goes uh i've lived through this many people here have lived through this first they took our privacy then they took our data now they're coming for our lands the next thing they're going to take is our jobs and our freedom,110,110,110
CyrusOne/Cyrusone_Hearing_12032025.mp3,2849,14686.582,14686.942,0.3599999999987631,SPEAKER_16,Thank you.,2,2,2
CyrusOne/Cyrusone_Hearing_12032025.mp3,2850,14687.383,14687.743,0.3600000000005821,SPEAKER_16,Thank you.,2,2,2
CyrusOne/Cyrusone_Hearing_12032025.mp3,2851,14688.104,14694.43,6.326000000000931,SPEAKER_16,Okay.,1,1,1
CyrusOne/Cyrusone_Hearing_12032025.mp3,2852,14694.99,14696.112,1.1219999999993888,SPEAKER_25,"Thank you, Ethan.",3,3,3
CyrusOne/Cyrusone_Hearing_12032025.mp3,2853,14698.794,14699.535,0.7409999999999854,SPEAKER_25,Any board members?,3,3,3
CyrusOne/Cyrusone_Hearing_12032025.mp3,2854,14701.317,14701.817,0.5,SPEAKER_25,Okay.,1,1,1
CyrusOne/Cyrusone_Hearing_12032025.mp3,2855,14702.838,14703.779,0.941000000000713,SPEAKER_25,Gary Schultz.,2,2,2
CyrusOne/Cyrusone_Hearing_12032025.mp3,2856,14704.26,14704.62,0.3600000000005821,SPEAKER_25,Gary?,1,1,1
CyrusOne/Cyrusone_Hearing_12032025.mp3,2857,14717.484,14727.23,9.745999999999185,SPEAKER_19,I'm a member of the trade union in Springfield.,9,9,9
CyrusOne/Cyrusone_Hearing_12032025.mp3,2858,14728.371,14734.034,5.663000000000466,SPEAKER_19,And the reason I don't want this is because they come in with big promises.,15,15,15
CyrusOne/Cyrusone_Hearing_12032025.mp3,2859,14745.966,14749.85,3.8840000000000146,SPEAKER_19,They go into the communities that are hard pressed to say no and don't have the means to fight back.,20,20,20
CyrusOne/Cyrusone_Hearing_12032025.mp3,2860,14750.11,14756.135,6.024999999999636,SPEAKER_19,"They come in and take the land, energy, water, robbing the infrastructures we had to pay for.",17,17,17
CyrusOne/Cyrusone_Hearing_12032025.mp3,2861,14756.156,14763.462,7.305999999998676,SPEAKER_19,"Then they force us to pay again by having higher electric bills and water bills, even though they say they don't and won't.",23,23,23
CyrusOne/Cyrusone_Hearing_12032025.mp3,2862,14766.665,14769.468,2.8029999999998836,SPEAKER_19,"All effects are local, but profits go around the world.",10,10,10
CyrusOne/Cyrusone_Hearing_12032025.mp3,2863,14772.598,14778.239,5.640999999999622,SPEAKER_19,Their pollution and noise pollution is not worth the supposed money we are supposed to get from this.,18,18,17
CyrusOne/Cyrusone_Hearing_12032025.mp3,2864,14779.3,14793.343,14.043000000001484,SPEAKER_19,"The constant humming from these is reported entering homes as far as seven miles, but it's reported mainly two to two and a half miles away, which causes sleep, mental, and health issues.",33,33,33
CyrusOne/Cyrusone_Hearing_12032025.mp3,2865,14795.999,14815.086,19.086999999999534,SPEAKER_19,"Cyrus One needs to give their statistics for air and noise pollution and water consumption, if they already weren't, from data centers that are under strain of being used, not some empty one or just one they just built.",39,39,39
CyrusOne/Cyrusone_Hearing_12032025.mp3,2866,14815.366,14821.349,5.983000000000175,SPEAKER_19,It's bad that there's people in this room that are okay with this as long as they're not affected.,19,19,19
CyrusOne/Cyrusone_Hearing_12032025.mp3,2867,14823.529,14824.73,1.2009999999991123,SPEAKER_19,If you...,2,2,2
CyrusOne/Cyrusone_Hearing_12032025.mp3,2868,14826.992,14829.994,3.0020000000004075,SPEAKER_19,"If you want it so bad, put it next to your house.",12,12,12
CyrusOne/Cyrusone_Hearing_12032025.mp3,2869,14832.575,14835.117,2.5419999999994616,SPEAKER_19,I think Pillsbury would be a good spot for it.,10,10,10
CyrusOne/Cyrusone_Hearing_12032025.mp3,2870,14836.438,14845.663,9.225000000000364,SPEAKER_19,"Okay, that's all I got besides questions.",7,7,7
CyrusOne/Cyrusone_Hearing_12032025.mp3,2871,14846.604,14849.686,3.0820000000003347,SPEAKER_19,"And the thing is, I live one mile or several miles from this place.",14,14,14
CyrusOne/Cyrusone_Hearing_12032025.mp3,2872,14850.366,14853.188,2.8220000000001164,SPEAKER_19,"So I will get all the exhaust, all the noise.",10,10,10
CyrusOne/Cyrusone_Hearing_12032025.mp3,2873,14854.553,14856.234,1.6810000000004948,SPEAKER_19,Finish this.,2,2,2
CyrusOne/Cyrusone_Hearing_12032025.mp3,2874,14856.395,14858.176,1.7809999999990396,SPEAKER_19,That's kind of partial to this.,6,6,6
CyrusOne/Cyrusone_Hearing_12032025.mp3,2875,14859.237,14859.637,0.4000000000014552,SPEAKER_19,Thank you.,2,2,2
CyrusOne/Cyrusone_Hearing_12032025.mp3,2876,14861.619,14862.98,1.3609999999989668,,Thank you.,2,2,0
CyrusOne/Cyrusone_Hearing_12032025.mp3,2877,14866.683,14867.364,0.6809999999986758,SPEAKER_25,Board members?,2,2,2
CyrusOne/Cyrusone_Hearing_12032025.mp3,2878,14870.987,14871.307,0.32000000000152795,SPEAKER_25,Annette?,1,1,1
CyrusOne/Cyrusone_Hearing_12032025.mp3,2879,14873.429,14873.769,0.3400000000001455,SPEAKER_25,Annette?,1,1,1
CyrusOne/Cyrusone_Hearing_12032025.mp3,2880,14888.178,14889.74,1.5619999999998981,SPEAKER_41,I've got a clarifying question.,5,5,5
CyrusOne/Cyrusone_Hearing_12032025.mp3,2881,14889.78,14890.16,0.37999999999919964,SPEAKER_41,Thank you.,2,2,2
CyrusOne/Cyrusone_Hearing_12032025.mp3,2882,14890.501,14895.826,5.324999999998909,SPEAKER_41,"People are talking about noise and vibration, things that were reported in Aurora.",13,13,13
CyrusOne/Cyrusone_Hearing_12032025.mp3,2883,14897.548,14907.138,9.590000000000146,SPEAKER_41,"I am curious because from what I could find online, you're very close to a residential area in Aurora, so you're within like a quarter of a mile from homes.",30,30,30
CyrusOne/Cyrusone_Hearing_12032025.mp3,2884,14908.98,14910.802,1.8220000000001164,SPEAKER_41,And this is for you or professional staff.,8,8,8
CyrusOne/Cyrusone_Hearing_12032025.mp3,2885,14911.611,14923.116,11.5049999999992,SPEAKER_41,"for this location, how many residences are surrounding this property and how far are they from that footprint just to kind of give us an idea on impacts.",28,28,28
CyrusOne/Cyrusone_Hearing_12032025.mp3,2886,14925.177,14933.6,8.423000000000684,SPEAKER_41,"And also, I'm sorry, if you've learned anything from the Aurora and you're implementing any new things to control those issues too.",22,22,22
CyrusOne/Cyrusone_Hearing_12032025.mp3,2887,14933.997,14948.542,14.545000000000073,SPEAKER_14,"Yeah, I talked in the presentation about the lessons learned from that campus, but also just from the evolution of the industry in general and the awareness around sound and the science around sound and the things that we're going to do here.",43,43,43
CyrusOne/Cyrusone_Hearing_12032025.mp3,2888,14948.562,14954.745,6.183000000000902,SPEAKER_14,"In terms of residents, yeah, I mean, it's no secret Aurora is a much more denser populated place.",18,18,18
CyrusOne/Cyrusone_Hearing_12032025.mp3,2889,14954.765,14958.586,3.8209999999999127,SPEAKER_14,There's residences right behind our facility there.,7,7,7
CyrusOne/Cyrusone_Hearing_12032025.mp3,2890,14958.646,14961.187,2.540999999999258,SPEAKER_14,There's a path that kind of separates us.,8,8,8
CyrusOne/Cyrusone_Hearing_12032025.mp3,2891,14962.067,14965.108,3.041000000001077,SPEAKER_14,"IN THIS LOCATION, IT'S OBVIOUSLY FAR DIFFERENT.",7,7,7
CyrusOne/Cyrusone_Hearing_12032025.mp3,2892,14965.709,14976.373,10.66399999999885,SPEAKER_14,"I DON'T KNOW THE EXACT DISTANCES, BUT THE TWO CLOSEST, WELL, THERE'S TWO LOTS THAT HAVE WHAT YOU COULD SAY RESIDENTIAL STRUCTURES ON TO THE EAST.",26,26,26
CyrusOne/Cyrusone_Hearing_12032025.mp3,2893,14976.393,14981.755,5.3619999999991705,SPEAKER_14,THERE'S AN EXISTING HOUSE MAYBE A QUARTER OF A MILE AWAY OR MAYBE,13,13,13
CyrusOne/Cyrusone_Hearing_12032025.mp3,2894,14982.675,14983.536,0.8610000000007858,SPEAKER_14,a third of a mile away.,6,6,6
CyrusOne/Cyrusone_Hearing_12032025.mp3,2895,14983.656,14993.886,10.229999999999563,SPEAKER_14,"And then to the west, there's one, I'll call it the residential lot that has a house, a former house structure, and I don't believe, it doesn't look like anybody lives there now, and there's a shed on it.",39,39,39
CyrusOne/Cyrusone_Hearing_12032025.mp3,2896,14994.486,14997.609,3.1229999999995925,SPEAKER_14,That's maybe about a quarter mile going the other direction.,10,10,10
CyrusOne/Cyrusone_Hearing_12032025.mp3,2897,14997.629,15005.617,7.987999999999374,SPEAKER_14,"So there's two, essentially, which is vastly different from our other locations that we have.",15,15,15
CyrusOne/Cyrusone_Hearing_12032025.mp3,2898,15012.191,15016.393,4.201999999999316,SPEAKER_25,Other board members?,3,3,3
CyrusOne/Cyrusone_Hearing_12032025.mp3,2899,15025.857,15026.317,0.4599999999991269,SPEAKER_25,All right.,2,2,2
CyrusOne/Cyrusone_Hearing_12032025.mp3,2900,15027.298,15028.739,1.440999999998894,SPEAKER_25,Roy or Ray Campbell?,4,4,4
CyrusOne/Cyrusone_Hearing_12032025.mp3,2901,15035.241,15035.722,0.48099999999976717,SPEAKER_25,"Yes, sir.",2,2,2
CyrusOne/Cyrusone_Hearing_12032025.mp3,2902,15035.742,15036.282,0.5399999999990541,SPEAKER_25,That's fine.,2,2,2
CyrusOne/Cyrusone_Hearing_12032025.mp3,2903,15041.42,15042.562,1.1419999999998254,SPEAKER_25,Is it Ray or Roy?,5,5,5
CyrusOne/Cyrusone_Hearing_12032025.mp3,2904,15043.163,15043.504,0.34100000000034925,SPEAKER_25,Okay.,1,1,1
CyrusOne/Cyrusone_Hearing_12032025.mp3,2905,15064.352,15064.592,0.23999999999978172,SPEAKER_10,MR.,1,1,1
CyrusOne/Cyrusone_Hearing_12032025.mp3,2906,15064.612,15066.533,1.9210000000002765,SPEAKER_10,"CHAIR, GOOD EVENING, MEMBERS OF THE PUBLIC.",7,7,7
CyrusOne/Cyrusone_Hearing_12032025.mp3,2907,15067.094,15069.615,2.5210000000006403,SPEAKER_10,THANK YOU FOR ALLOWING ME TO SPEAK THIS EVENING.,9,9,9
CyrusOne/Cyrusone_Hearing_12032025.mp3,2908,15069.695,15077.158,7.462999999999738,SPEAKER_10,I CAME TONIGHT TO LEARN BECAUSE I DON'T KNOW A LOT ABOUT THESE DATA CENTERS.,15,15,15
CyrusOne/Cyrusone_Hearing_12032025.mp3,2909,15078.118,15081.76,3.6419999999998254,SPEAKER_10,AND I'VE HEARD A LOT OF GOOD INPUT ON BOTH SIDES.,11,11,11
CyrusOne/Cyrusone_Hearing_12032025.mp3,2910,15082.92,15094.205,11.284999999999854,SPEAKER_10,"I'm very torn on this because on one hand, I want companies to see Springfield and Sangamon County as a good place to come and do business.",27,27,27
CyrusOne/Cyrusone_Hearing_12032025.mp3,2911,15094.925,15095.506,0.581000000000131,SPEAKER_10,Absolutely.,1,1,1
CyrusOne/Cyrusone_Hearing_12032025.mp3,2912,15096.186,15105.87,9.684000000001106,SPEAKER_10,"But on the other hand, I'm wondering, is it worth all of the potential downsides that we're talking about here?",20,20,20
CyrusOne/Cyrusone_Hearing_12032025.mp3,2913,15107.139,15109.081,1.9420000000009168,SPEAKER_10,"I MEAN, I WANT COMPANIES TO COME HERE AND DO BUSINESS.",11,11,11
CyrusOne/Cyrusone_Hearing_12032025.mp3,2914,15109.101,15111.663,2.561999999999898,SPEAKER_10,"I MEAN, WE'VE GOT A BEAUTIFUL AIRPORT AND NOBODY FLIES OUT OF IT.",13,13,12
CyrusOne/Cyrusone_Hearing_12032025.mp3,2915,15112.524,15114.766,2.242000000000189,SPEAKER_10,"AND SO, AND MAYBE, YOU KNOW, AMONG OTHER THINGS.",9,9,9
CyrusOne/Cyrusone_Hearing_12032025.mp3,2916,15116.047,15125.415,9.368000000000393,SPEAKER_10,SO I GUESS THERE'S A COUPLE OF THINGS THAT I WANT TO SEE AS PART OF THIS GOING FORWARD IF IT'S TO BE APPROVED.,24,24,24
CyrusOne/Cyrusone_Hearing_12032025.mp3,2917,15126.962,15130.985,4.023000000001048,SPEAKER_10,It's already been talked about helping out marginalized communities.,9,9,9
CyrusOne/Cyrusone_Hearing_12032025.mp3,2918,15131.725,15137.229,5.503999999998996,SPEAKER_10,There's a 60% unemployment rate among people with disabilities like me.,11,11,11
CyrusOne/Cyrusone_Hearing_12032025.mp3,2919,15138.53,15141.952,3.4219999999986612,SPEAKER_10,"For people who are blind, it's 70% unemployment.",8,8,8
CyrusOne/Cyrusone_Hearing_12032025.mp3,2920,15141.972,15144.954,2.981999999999971,SPEAKER_10,I hope that two things will happen with this.,9,9,9
CyrusOne/Cyrusone_Hearing_12032025.mp3,2921,15146.055,15157.463,11.407999999999447,SPEAKER_10,that there will be efforts made to work with organizations serving individuals with disabilities in this area to help people train and acquire some of these jobs.,27,27,27
CyrusOne/Cyrusone_Hearing_12032025.mp3,2922,15157.723,15163.287,5.564000000000306,SPEAKER_10,"And since much of the talent that will work in this data center is probably in Springfield,",17,17,17
CyrusOne/Cyrusone_Hearing_12032025.mp3,2923,15163.967,15179.305,15.337999999999738,SPEAKER_10,"THAT THERE BE A PLAN TO MAKE SURE THAT 100 PEOPLE DON'T HAVE TO DRIVE THEIR CARS OUT THERE, THAT THERE IS BUS TRANSPORTATION OR SOME SORT OF TRANSPORTATION FOR THOSE WHO EITHER CAN'T OR CHOOSE NOT TO DRIVE TO GET TO THE DATA CENTER.",45,45,45
CyrusOne/Cyrusone_Hearing_12032025.mp3,2924,15180.927,15187.409,6.481999999999971,SPEAKER_10,"IT'S VERY, IT ALL SOUNDS GOOD, OKAY?",7,7,7
CyrusOne/Cyrusone_Hearing_12032025.mp3,2925,15188.09,15189.15,1.0599999999994907,SPEAKER_10,IT ALL SOUNDS REALLY GOOD.,5,5,5
CyrusOne/Cyrusone_Hearing_12032025.mp3,2926,15189.89,15202.035,12.145000000000437,SPEAKER_10,"BUT AS YOU MOVE FORWARD AND DEBATE THIS ISSUE, CONSIDER IF IT'S WORTH TAKING PRIME FARM LAND TO DO THIS.",20,20,20
CyrusOne/Cyrusone_Hearing_12032025.mp3,2927,15202.935,15207.978,5.042999999999665,SPEAKER_10,I was a victim of the dot-com bubble in communications.,10,10,10
CyrusOne/Cyrusone_Hearing_12032025.mp3,2928,15208.138,15212.92,4.781999999999243,SPEAKER_10,"I lost my job because of that, because I was working for Lucent Technologies at the time.",17,17,17
CyrusOne/Cyrusone_Hearing_12032025.mp3,2929,15213.901,15219.023,5.121999999999389,SPEAKER_10,"And telecom overbuilt, and I'm afraid the same thing is going to happen with AI.",15,15,15
CyrusOne/Cyrusone_Hearing_12032025.mp3,2930,15219.524,15222.405,2.8810000000012224,SPEAKER_10,So let's be just very cautious.,6,6,6
CyrusOne/Cyrusone_Hearing_12032025.mp3,2931,15222.785,15223.826,1.0409999999992579,SPEAKER_10,Let's take the time.,4,4,4
CyrusOne/Cyrusone_Hearing_12032025.mp3,2932,15224.206,15226.627,2.4210000000002765,SPEAKER_10,"If it means a moratorium, let's do that.",8,8,8
CyrusOne/Cyrusone_Hearing_12032025.mp3,2933,15227.067,15229.008,1.941000000000713,SPEAKER_10,But let's get this right.,5,5,5
CyrusOne/Cyrusone_Hearing_12032025.mp3,2934,15229.329,15229.749,0.42000000000007276,SPEAKER_10,Thank you.,2,2,2
CyrusOne/Cyrusone_Hearing_12032025.mp3,2935,15230.249,15230.629,0.38000000000101863,SPEAKER_25,Thank you.,2,2,2
CyrusOne/Cyrusone_Hearing_12032025.mp3,2936,15230.649,15232.25,1.6010000000005675,SPEAKER_25,Thank you.,2,2,1
CyrusOne/Cyrusone_Hearing_12032025.mp3,2937,15241.608,15242.248,0.6399999999994179,SPEAKER_25,Board members?,2,2,2
CyrusOne/Cyrusone_Hearing_12032025.mp3,2938,15243.029,15243.609,0.5799999999999272,SPEAKER_25,"Thanks, Ray.",2,2,2
CyrusOne/Cyrusone_Hearing_12032025.mp3,2939,15247.332,15253.957,6.625,SPEAKER_25,"OK. Bob Croteau, is that correct?",6,6,6
CyrusOne/Cyrusone_Hearing_12032025.mp3,2940,15255.898,15256.398,0.5,SPEAKER_25,Right on.,2,2,2
CyrusOne/Cyrusone_Hearing_12032025.mp3,2941,15262.963,15263.163,0.2000000000007276,SPEAKER_25,Hello.,1,1,1
CyrusOne/Cyrusone_Hearing_12032025.mp3,2942,15267.511,15270.772,3.261000000000422,SPEAKER_31,So thank you for allowing me to speak tonight.,9,9,9
CyrusOne/Cyrusone_Hearing_12032025.mp3,2943,15273.492,15291.097,17.604999999999563,SPEAKER_31,So we just got 600 megawatts of clean renewable energy installed and the next year then all of a sudden we want a data farm that will suck up all the potential energy that is coming out of that site.,40,40,40
CyrusOne/Cyrusone_Hearing_12032025.mp3,2944,15293.157,15296.138,2.981000000001586,SPEAKER_31,"And so, and I have to really say",8,8,8
CyrusOne/Cyrusone_Hearing_12032025.mp3,2945,15296.671,15298.372,1.7009999999991123,SPEAKER_31,for what reason?,3,3,3
CyrusOne/Cyrusone_Hearing_12032025.mp3,2946,15300.412,15306.975,6.563000000000102,SPEAKER_31,"We should have some data capacity for actual functional uses, supporting hospitals and those sort of things.",17,17,17
CyrusOne/Cyrusone_Hearing_12032025.mp3,2947,15307.075,15308.155,1.0799999999999272,SPEAKER_31,I use a cell phone.,5,5,5
CyrusOne/Cyrusone_Hearing_12032025.mp3,2948,15309.176,15316.979,7.802999999999884,SPEAKER_31,But it seems like a great amount of it is going to feed hungry videos for play and entertainment.,19,19,19
CyrusOne/Cyrusone_Hearing_12032025.mp3,2949,15318.279,15320.08,1.8009999999994761,SPEAKER_31,And it just seems like that just keeps growing.,9,9,9
CyrusOne/Cyrusone_Hearing_12032025.mp3,2950,15320.12,15325.742,5.621999999999389,SPEAKER_31,"And the video stuff is, you know, with people with eight fingers, stuff is just",15,15,15
CyrusOne/Cyrusone_Hearing_12032025.mp3,2951,15327.083,15335.686,8.602999999999156,SPEAKER_31,"a waste of time of valuable resources, and where does it stop?",12,12,12
CyrusOne/Cyrusone_Hearing_12032025.mp3,2952,15336.726,15356.192,19.46599999999853,SPEAKER_31,"I'm with the Nuclear Energy Information Service Board, and our position is that if a data center wants to come in and is able to be successful, they should really bring their own renewable energy with it to match the capacity and the total amount",45,45,45
CyrusOne/Cyrusone_Hearing_12032025.mp3,2953,15357.218,15358.739,1.5209999999988213,SPEAKER_31,of energy that they're going to consume.,7,7,7
CyrusOne/Cyrusone_Hearing_12032025.mp3,2954,15359.66,15362.383,2.7229999999999563,SPEAKER_31,"I mean, the 600 megawatts is just a daytime load.",10,10,10
CyrusOne/Cyrusone_Hearing_12032025.mp3,2955,15362.863,15371.911,9.048000000000684,SPEAKER_31,But so what you really need is that capacity plus battery backup because it's going to run at night and in the wintertime there's reduced hours.,26,26,26
CyrusOne/Cyrusone_Hearing_12032025.mp3,2956,15372.371,15376.875,4.504000000000815,SPEAKER_31,So you need more than that 600 megawatts to run it.,11,11,11
CyrusOne/Cyrusone_Hearing_12032025.mp3,2957,15376.995,15380.478,3.4829999999983556,SPEAKER_31,You need enough to charge batteries off the grid.,9,9,9
CyrusOne/Cyrusone_Hearing_12032025.mp3,2958,15381.759,15383.701,1.9419999999990978,SPEAKER_31,Now we understand that there's a tremendous amount of,9,9,9
CyrusOne/Cyrusone_Hearing_12032025.mp3,2959,15384.482,15389.306,4.824000000000524,SPEAKER_31,capacity out there waiting to be allowed access to the grid.,11,11,11
CyrusOne/Cyrusone_Hearing_12032025.mp3,2960,15389.967,15394.61,4.643000000000029,SPEAKER_31,And I heard one number being twice the amount of capacity we actually have on the grid.,17,17,17
CyrusOne/Cyrusone_Hearing_12032025.mp3,2961,15395.311,15398.434,3.1229999999995925,SPEAKER_31,But it's being held up through FERC regulations.,8,8,8
CyrusOne/Cyrusone_Hearing_12032025.mp3,2962,15399.394,15402.857,3.462999999999738,SPEAKER_31,And I wanted to just address that to Mark at some point.,12,12,12
CyrusOne/Cyrusone_Hearing_12032025.mp3,2963,15405.419,15411.404,5.985000000000582,SPEAKER_31,"My contention was that we should really have, with the roof, there's all these warehouses all over.",17,17,17
CyrusOne/Cyrusone_Hearing_12032025.mp3,2964,15411.424,15412.145,0.7209999999995489,SPEAKER_31,You fly up to,4,4,4
CyrusOne/Cyrusone_Hearing_12032025.mp3,2965,15414.212,15422.24,8.028000000000247,SPEAKER_31,"55 up to Chicago, and it was just square miles of rooftop that could support solar modules.",17,17,17
CyrusOne/Cyrusone_Hearing_12032025.mp3,2966,15425.289,15432.551,7.261999999998807,SPEAKER_31,"From the presentation I gained, it's going to be pretty difficult with this installation with the chillers and the generator backups.",21,21,21
CyrusOne/Cyrusone_Hearing_12032025.mp3,2967,15433.451,15443.154,9.703000000001339,SPEAKER_31,But I would encourage that the parking lot and all the access around it could actually be in canopy where you could park underneath it or still be generating something.,30,30,30
CyrusOne/Cyrusone_Hearing_12032025.mp3,2968,15443.294,15444.374,1.0799999999999272,SPEAKER_31,It might be a token amount.,6,6,6
CyrusOne/Cyrusone_Hearing_12032025.mp3,2969,15445.194,15452.416,7.221999999999753,SPEAKER_31,"But I would want to make sure that you folks do provide, if it goes forward,",16,16,16
CyrusOne/Cyrusone_Hearing_12032025.mp3,2970,15453.432,15456.233,2.800999999999476,SPEAKER_31,enough of renewable energy to cover the whole thing.,9,9,9
CyrusOne/Cyrusone_Hearing_12032025.mp3,2971,15456.293,15459.515,3.2219999999997526,SPEAKER_31,So it would be net neutral to the rest of the grid.,12,12,12
CyrusOne/Cyrusone_Hearing_12032025.mp3,2972,15459.595,15460.736,1.1410000000014406,SPEAKER_25,"Bob, that's time.",3,3,3
CyrusOne/Cyrusone_Hearing_12032025.mp3,2973,15460.776,15461.636,0.8600000000005821,SPEAKER_25,You're pretty close.,3,3,3
CyrusOne/Cyrusone_Hearing_12032025.mp3,2974,15461.796,15462.036,0.23999999999978172,SPEAKER_31,Okay.,1,1,1
CyrusOne/Cyrusone_Hearing_12032025.mp3,2975,15462.757,15471.121,8.363999999999578,SPEAKER_31,So I've also always been a union supporter and I was a little offended by Mr. Shiley's comments.,18,18,18
CyrusOne/Cyrusone_Hearing_12032025.mp3,2976,15472.441,15477.924,5.483000000000175,SPEAKER_16,Okay.,1,1,1
CyrusOne/Cyrusone_Hearing_12032025.mp3,2977,15478.785,15479.425,0.6399999999994179,SPEAKER_25,Board members.,2,2,2
CyrusOne/Cyrusone_Hearing_12032025.mp3,2978,15483.062,15492.205,9.143000000000029,SPEAKER_25,"Annette, over in the far corner, Annette.",7,7,7
CyrusOne/Cyrusone_Hearing_12032025.mp3,2979,15493.605,15496.866,3.261000000000422,SPEAKER_41,I have a question for the energy professional.,8,8,8
CyrusOne/Cyrusone_Hearing_12032025.mp3,2980,15498.606,15499.627,1.0210000000006403,SPEAKER_25,Is... Mr. Pruitt.,3,3,3
CyrusOne/Cyrusone_Hearing_12032025.mp3,2981,15501.087,15501.267,0.18000000000029104,SPEAKER_41,Hi.,1,1,1
CyrusOne/Cyrusone_Hearing_12032025.mp3,2982,15502.367,15504.448,2.081000000000131,SPEAKER_41,"Couldn't see you, that podium's in the way.",8,8,8
CyrusOne/Cyrusone_Hearing_12032025.mp3,2983,15505.048,15512.17,7.121999999999389,SPEAKER_41,"A question I have is, Tom and I were talking, given our capacity right now,",15,15,15
CyrusOne/Cyrusone_Hearing_12032025.mp3,2984,15513.241,15527.385,14.144000000000233,SPEAKER_41,"And if this data center is fully online and there isn't new infrastructure built, will we have an issue with attracting other types of development to our areas or do we have enough capacity that that's not a concern?",39,39,39
CyrusOne/Cyrusone_Hearing_12032025.mp3,2985,15529.786,15531.267,1.4809999999997672,SPEAKER_23,"Well, I think that's an interesting question.",7,7,7
CyrusOne/Cyrusone_Hearing_12032025.mp3,2986,15531.907,15533.007,1.1000000000003638,SPEAKER_23,There's always going to be trade-off.,6,6,6
CyrusOne/Cyrusone_Hearing_12032025.mp3,2987,15533.027,15535.208,2.1810000000004948,SPEAKER_23,"I'm sorry, I don't want to talk to you and not see you.",13,13,13
CyrusOne/Cyrusone_Hearing_12032025.mp3,2988,15537.072,15539.034,1.9619999999995343,SPEAKER_23,"I think that there are tradeoffs, right?",7,7,7
CyrusOne/Cyrusone_Hearing_12032025.mp3,2989,15539.054,15541.715,2.661000000000058,SPEAKER_23,And we have seen this in some areas.,8,8,8
CyrusOne/Cyrusone_Hearing_12032025.mp3,2990,15542.696,15549.7,7.004000000000815,SPEAKER_23,"But that is really the province of Mid-Continent ISO, the regional grid manager.",13,13,13
CyrusOne/Cyrusone_Hearing_12032025.mp3,2991,15550.32,15556.044,5.72400000000016,SPEAKER_23,"And they're the ones who are constantly modeling to identify what can we support reliably, right?",16,16,16
CyrusOne/Cyrusone_Hearing_12032025.mp3,2992,15557.161,15574.371,17.209999999999127,SPEAKER_23,"I DON'T HAVE PRIVY TO THEIR IMMEDIATE PLANS, BUT IF YOU WOULD LIKE, I CAN SEND YOU THEIR MOST RECENT MARKET OUTLOOK THAT IDENTIFIES WHAT THEY VIEW AS THE BALANCE BETWEEN SUPPLY AND DEMAND MOVING FORWARD, AND THAT MIGHT GIVE YOU SOME INSIGHTS TO YOUR THOUGHTS.",46,46,46
CyrusOne/Cyrusone_Hearing_12032025.mp3,2993,15575.292,15577.013,1.7210000000013679,SPEAKER_23,OKAY.,1,1,1
CyrusOne/Cyrusone_Hearing_12032025.mp3,2994,15577.033,15579.835,2.80199999999968,SPEAKER_23,THANK YOU.,2,2,2
CyrusOne/Cyrusone_Hearing_12032025.mp3,2995,15579.855,15580.675,0.819999999999709,SPEAKER_25,OTHER BOARD MEMBERS?,3,3,3
CyrusOne/Cyrusone_Hearing_12032025.mp3,2996,15586.732,15587.493,0.761000000000422,SPEAKER_25,"Thank you, Annette.",3,3,3
CyrusOne/Cyrusone_Hearing_12032025.mp3,2997,15588.614,15589.035,0.4210000000002765,SPEAKER_25,Okay.,1,1,1
CyrusOne/Cyrusone_Hearing_12032025.mp3,2998,15590.457,15591.198,0.7409999999999854,SPEAKER_25,Ed Fetter.,2,2,2
CyrusOne/Cyrusone_Hearing_12032025.mp3,2999,15591.838,15592.039,0.20100000000093132,SPEAKER_25,Ed.,1,1,1
CyrusOne/Cyrusone_Hearing_12032025.mp3,3000,15598.126,15598.567,0.44099999999889405,SPEAKER_25,Okay.,1,1,1
CyrusOne/Cyrusone_Hearing_12032025.mp3,3001,15599.748,15600.649,0.9009999999998399,SPEAKER_25,Ed's not here.,3,3,3
CyrusOne/Cyrusone_Hearing_12032025.mp3,3002,15601.47,15602.431,0.9610000000011496,SPEAKER_25,Keith Tuxhorn.,2,2,2
CyrusOne/Cyrusone_Hearing_12032025.mp3,3003,15602.512,15602.812,0.2999999999992724,SPEAKER_25,Keith.,1,1,1
CyrusOne/Cyrusone_Hearing_12032025.mp3,3004,15610.053,15637.145,27.092000000000553,SPEAKER_08,going to turn this way because you people are all out here i know you are i can hear you trying to stay awake so i'm keith sexhorn thank you all for hanging in there and your hard work tonight i appreciate it um a springfield resident also did some government work for about 10 years in carbondale illinois i'd like to ask if the county board knows about how many uh,72,72,72
CyrusOne/Cyrusone_Hearing_12032025.mp3,3005,15638.755,15640.176,1.4210000000002765,SPEAKER_08,DATA CENTERS THAT ARE IN THE U.S.,7,7,7
CyrusOne/Cyrusone_Hearing_12032025.mp3,3006,15640.216,15640.616,0.3999999999996362,SPEAKER_08,RIGHT NOW?,2,2,2
CyrusOne/Cyrusone_Hearing_12032025.mp3,3007,15642.977,15646.599,3.621999999999389,SPEAKER_08,ABOUT 600 RIGHT NOW ACCORDING TO A REPORT I SAW ABOUT A MONTH AGO.,14,14,14
CyrusOne/Cyrusone_Hearing_12032025.mp3,3008,15649.161,15655.044,5.882999999999811,SPEAKER_08,"AND DOES THE COUNTY BOARD, CAN YOU TELL US HOW MANY ARE MAKING MONEY?",14,14,14
CyrusOne/Cyrusone_Hearing_12032025.mp3,3009,15657.525,15662.008,4.483000000000175,SPEAKER_08,YOU CAN'T BECAUSE NOBODY IS MAKING MONEY AS FAR AS WE CAN TELL.,13,13,13
CyrusOne/Cyrusone_Hearing_12032025.mp3,3010,15662.808,15674.09,11.281999999999243,SPEAKER_08,"The five tech giants, the ones that make up that little scrabble game, they are all in debt because they have invested millions in data centers.",26,26,26
CyrusOne/Cyrusone_Hearing_12032025.mp3,3011,15674.69,15676.091,1.40099999999984,SPEAKER_08,They have not seen profit.,5,5,5
CyrusOne/Cyrusone_Hearing_12032025.mp3,3012,15676.111,15679.891,3.779999999998836,SPEAKER_08,And they've been investing for more than a year or two now.,12,12,12
CyrusOne/Cyrusone_Hearing_12032025.mp3,3013,15680.572,15681.572,1.0,SPEAKER_08,And they've gone big.,4,4,4
CyrusOne/Cyrusone_Hearing_12032025.mp3,3014,15681.992,15683.652,1.6599999999998545,SPEAKER_08,They have not seen any profit.,6,6,6
CyrusOne/Cyrusone_Hearing_12032025.mp3,3015,15684.312,15685.573,1.261000000000422,SPEAKER_08,And that's the big five.,5,5,5
CyrusOne/Cyrusone_Hearing_12032025.mp3,3016,15685.613,15687.893,2.280000000000655,SPEAKER_08,That's not anybody underneath the big five.,7,7,7
CyrusOne/Cyrusone_Hearing_12032025.mp3,3017,15688.432,15691.187,2.7549999999991996,SPEAKER_08,They're all out there hoping for money to come sometime soon.,11,11,11
CyrusOne/Cyrusone_Hearing_12032025.mp3,3018,15698.792,15718.18,19.38800000000083,SPEAKER_08,"I hope, I've heard a talk that sounds like the intention is to extend this vote out about three months, and I really hope that that is the intention and that you stick with that premise because it's important.",39,39,39
CyrusOne/Cyrusone_Hearing_12032025.mp3,3019,15718.26,15725.123,6.862999999999374,SPEAKER_08,"One big reason it's important, somebody mentioned that they heard talk before the meeting, I did too, somebody said,",19,19,19
CyrusOne/Cyrusone_Hearing_12032025.mp3,3020,15726.256,15728.598,2.342000000000553,SPEAKER_08,"After this one, there are five more of these coming.",10,10,10
CyrusOne/Cyrusone_Hearing_12032025.mp3,3021,15728.958,15736.022,7.064000000000306,SPEAKER_08,So I think you need to think about the fact that you're not deciding just on one data center tonight.,20,20,20
CyrusOne/Cyrusone_Hearing_12032025.mp3,3022,15736.182,15743.847,7.664999999999054,SPEAKER_08,You are deciding on six data centers because they're going to come right after this one and they're going to see five more of these.,25,25,25
CyrusOne/Cyrusone_Hearing_12032025.mp3,3023,15744.73,15753.172,8.442000000000917,SPEAKER_08,"So what you're going to need to do is to know what it is that you want, that you need, what this county wants and needs.",26,26,26
CyrusOne/Cyrusone_Hearing_12032025.mp3,3024,15753.732,15755.512,1.7800000000006548,SPEAKER_08,It's going to be an important thing to do.,9,9,9
CyrusOne/Cyrusone_Hearing_12032025.mp3,3025,15755.912,15759.333,3.4210000000002765,SPEAKER_08,I was on city council in Carbondale for 10 years for quite a while.,14,14,14
CyrusOne/Cyrusone_Hearing_12032025.mp3,3026,15760.173,15769.616,9.442999999999302,SPEAKER_08,"And the thing I learned fairly quickly is that if you don't think long and if you don't think deep, you're not doing the right kind of thinking for what you need to do.",34,34,34
CyrusOne/Cyrusone_Hearing_12032025.mp3,3027,15769.996,15771.496,1.5,SPEAKER_08,That's what's important when you do this.,7,7,7
CyrusOne/Cyrusone_Hearing_12032025.mp3,3028,15772.127,15775.228,3.1009999999987485,SPEAKER_08,"And you've got a big, fat one where you've got to think long and deep on this one.",18,18,18
CyrusOne/Cyrusone_Hearing_12032025.mp3,3029,15775.248,15776.688,1.4400000000005093,SPEAKER_08,There's a lot of issues on this.,7,7,7
CyrusOne/Cyrusone_Hearing_12032025.mp3,3030,15779.949,15798.595,18.64599999999882,SPEAKER_08,"Everything from social aspects to environmental aspects, we've heard some of these brought up by different people, to other economic aspects, to just, and then we have to think about the future, particularly in the future, relative to what I said early, was just what's going to happen?",48,48,48
CyrusOne/Cyrusone_Hearing_12032025.mp3,3031,15798.695,15799.295,0.6000000000003638,SPEAKER_08,We don't know.,3,3,3
CyrusOne/Cyrusone_Hearing_12032025.mp3,3032,15800.807,15804.009,3.201999999999316,SPEAKER_08,Everything from just we have this product coming out.,9,9,9
CyrusOne/Cyrusone_Hearing_12032025.mp3,3033,15804.029,15806.41,2.3809999999994034,SPEAKER_08,Somebody mentioned the tech boom in around 2000.,8,8,8
CyrusOne/Cyrusone_Hearing_12032025.mp3,3034,15807.331,15812.174,4.843000000000757,SPEAKER_08,"This is something that if it doesn't go, if it goes that way,",13,13,13
CyrusOne/Cyrusone_Hearing_12032025.mp3,3035,15812.715,15815.776,3.0609999999996944,SPEAKER_08,It's going to be way worse than what it was at that time.,13,13,13
CyrusOne/Cyrusone_Hearing_12032025.mp3,3036,15816.196,15817.536,1.3400000000001455,SPEAKER_08,So we need to focus on that.,7,7,7
CyrusOne/Cyrusone_Hearing_12032025.mp3,3037,15817.576,15818.376,0.8000000000010914,SPEAKER_08,That's your time.,3,3,3
CyrusOne/Cyrusone_Hearing_12032025.mp3,3038,15818.436,15820.156,1.7200000000011642,SPEAKER_25,You're pretty close.,3,3,3
CyrusOne/Cyrusone_Hearing_12032025.mp3,3039,15821.077,15828.818,7.7409999999999854,SPEAKER_08,"I'm going to do, then I'm going to skip to the end and tell you what I think is most important for you to do before we say yes or no to this.",33,33,33
CyrusOne/Cyrusone_Hearing_12032025.mp3,3040,15829.258,15832.359,3.1010000000005675,SPEAKER_08,There are three things that you need to focus very hard on.,12,12,12
CyrusOne/Cyrusone_Hearing_12032025.mp3,3041,15832.939,15837.8,4.860999999998967,SPEAKER_08,"And thank you, Mr. Attorney, that you need to do revisions to your ordinance on.",15,15,15
CyrusOne/Cyrusone_Hearing_12032025.mp3,3042,15838.58,15857.655,19.075000000000728,SPEAKER_08,"Number one, you need to make sure when it comes to payments for the governments, the revenue payments, that you get a guarantee for any one of these establishments that come in that they put a guarantee for how much money they pay out to the governing body to make sure that",52,52,52
CyrusOne/Cyrusone_Hearing_12032025.mp3,3043,15858.116,15862.658,4.541999999999462,SPEAKER_08,that the tax thing where they cut things down doesn't go below a certain amount.,15,15,15
CyrusOne/Cyrusone_Hearing_12032025.mp3,3044,15862.698,15865.08,2.381999999999607,SPEAKER_08,I think that's a reasonable attempt to do that.,9,9,9
CyrusOne/Cyrusone_Hearing_12032025.mp3,3045,15865.54,15867.221,1.6809999999986758,SPEAKER_08,"Number two, a cleanup.",4,4,4
CyrusOne/Cyrusone_Hearing_12032025.mp3,3046,15868.021,15874.665,6.644000000000233,SPEAKER_08,Any businesses that closes up has a cleanup fee that they put into a budget on an annual basis.,19,19,19
CyrusOne/Cyrusone_Hearing_12032025.mp3,3047,15875.125,15878.006,2.8809999999994034,SPEAKER_08,We don't want fracking to happen with all these businesses.,10,10,10
CyrusOne/Cyrusone_Hearing_12032025.mp3,3048,15878.347,15885.67,7.32300000000032,SPEAKER_08,We want the cleanup to be paid for so we don't have millions of little AIs sitting around.,18,18,18
CyrusOne/Cyrusone_Hearing_12032025.mp3,3049,15885.69,15886.551,0.8609999999989668,SPEAKER_08,The third thing is...,4,4,4
CyrusOne/Cyrusone_Hearing_12032025.mp3,3050,15887.026,15892.529,5.503000000000611,SPEAKER_08,"The water regulations that were brought up, I don't like the sound of that, and there's going to be a lot of things.",23,23,23
CyrusOne/Cyrusone_Hearing_12032025.mp3,3051,15893.089,15896.551,3.4619999999995343,SPEAKER_08,I will give plus to these people for working hard to do the water the right way.,17,17,17
CyrusOne/Cyrusone_Hearing_12032025.mp3,3052,15897.372,15903.255,5.882999999999811,SPEAKER_08,"The next five may not do it the right way, and I urge you all to look at your regulations and do whatever you can.",25,25,25
CyrusOne/Cyrusone_Hearing_12032025.mp3,3053,15903.295,15906.917,3.621999999999389,SPEAKER_08,"It sounds like it's bigger than just local, but it needs to be looked at.",15,15,15
CyrusOne/Cyrusone_Hearing_12032025.mp3,3054,15907.422,15914.466,7.043999999999869,SPEAKER_08,Please think about those three things when you get into this and work hard at this and be open.,19,19,19
CyrusOne/Cyrusone_Hearing_12032025.mp3,3055,15915.226,15922.33,7.10399999999936,SPEAKER_08,"And I know it's got a lot of work to do, but this is a very important thing, and I hope you take my suggestions to mind.",27,27,27
CyrusOne/Cyrusone_Hearing_12032025.mp3,3056,15922.51,15923.31,0.7999999999992724,SPEAKER_08,Thank you for your time.,5,5,5
CyrusOne/Cyrusone_Hearing_12032025.mp3,3057,15923.33,15923.63,0.2999999999992724,SPEAKER_08,Thank you.,2,2,2
CyrusOne/Cyrusone_Hearing_12032025.mp3,3058,15924.23,15924.631,0.40099999999983993,SPEAKER_08,Thank you.,2,2,1
CyrusOne/Cyrusone_Hearing_12032025.mp3,3059,15930.514,15931.174,0.6600000000016735,SPEAKER_25,"Thank you, Keith.",3,3,3
CyrusOne/Cyrusone_Hearing_12032025.mp3,3060,15931.234,15934.756,3.521999999999025,SPEAKER_25,"I spend a lot of time down in southern Illinois, so go Salukis, right?",14,14,14
CyrusOne/Cyrusone_Hearing_12032025.mp3,3061,15935.796,15937.137,1.3410000000003492,SPEAKER_25,Thanks for your public service there.,6,6,6
CyrusOne/Cyrusone_Hearing_12032025.mp3,3062,15937.982,15944.904,6.92200000000048,SPEAKER_25,"So, okay, so he was the last speaker of the evening that had signed up.",15,15,15
CyrusOne/Cyrusone_Hearing_12032025.mp3,3063,15945.785,15950.246,4.460999999999331,SPEAKER_25,"And so board members, there you go.",7,7,7
CyrusOne/Cyrusone_Hearing_12032025.mp3,3064,15951.187,15961.47,10.282999999999447,SPEAKER_25,"So the board members, any questions that were derived now from all the speakers, if you wish to clarify, you've got up to four times now.",26,26,26
CyrusOne/Cyrusone_Hearing_12032025.mp3,3065,15962.09,15966.492,4.402000000000044,SPEAKER_25,"And that's why I wanted to clarify that with you, Reg, to keep you alive until the end here.",19,19,19
CyrusOne/Cyrusone_Hearing_12032025.mp3,3066,15967.212,15969.355,2.143000000000029,SPEAKER_25,"And, yes, sir.",3,3,3
CyrusOne/Cyrusone_Hearing_12032025.mp3,3067,15969.896,15972.36,2.463999999999942,SPEAKER_25,So I apologize for my voice.,6,6,6
CyrusOne/Cyrusone_Hearing_12032025.mp3,3068,15972.42,15973.02,0.6000000000003638,SPEAKER_25,It's running out.,3,3,3
CyrusOne/Cyrusone_Hearing_12032025.mp3,3069,15973.661,15977.547,3.886000000000422,SPEAKER_25,So who would like to say something now?,8,8,8
CyrusOne/Cyrusone_Hearing_12032025.mp3,3070,15977.847,15978.869,1.022000000000844,SPEAKER_25,Who would like to ask questions?,6,6,6
CyrusOne/Cyrusone_Hearing_12032025.mp3,3071,15978.969,15980.311,1.342000000000553,SPEAKER_25,"Reg, do you want to go ahead again?",8,8,8
CyrusOne/Cyrusone_Hearing_12032025.mp3,3072,15980.812,15981.072,0.2600000000002183,SPEAKER_25,Go ahead.,2,2,2
CyrusOne/Cyrusone_Hearing_12032025.mp3,3073,15983.031,15985.813,2.7819999999992433,SPEAKER_45,"I'M QUESTIONING, THANK YOU FOR BEING HERE.",7,7,7
CyrusOne/Cyrusone_Hearing_12032025.mp3,3074,15986.954,15994.801,7.846999999999753,SPEAKER_45,SO EARLIER IT WAS MENTIONED THAT THERE ARE SOME PREFABRICATED MATERIALS THAT GO INTO THE CONSTRUCTION PROCESS OF BUILDING THE CAMPUS.,21,21,21
CyrusOne/Cyrusone_Hearing_12032025.mp3,3075,15996.302,16008.572,12.270000000000437,SPEAKER_45,"I'M CURIOUS ABOUT WHAT THE ESTIMATED LONGEVITY OF THESE BUILDINGS WOULD BE AND HOW MUCH PHYSICAL MAINTENANCE HAS HAD TO, HOW OFTEN PHYSICAL MAINTENANCE HAS HAD TO BE DONE ON THESE BUILDINGS THUS FAR.",34,34,34
CyrusOne/Cyrusone_Hearing_12032025.mp3,3076,16010.842,16012.543,1.7009999999991123,SPEAKER_14,I don't know the specific life cycle.,7,7,7
CyrusOne/Cyrusone_Hearing_12032025.mp3,3077,16012.603,16017.105,4.5020000000004075,SPEAKER_14,I imagine they're probably 20 or 30 year life cycles for the prefab buildings.,14,14,14
CyrusOne/Cyrusone_Hearing_12032025.mp3,3078,16017.185,16018.666,1.4809999999997672,SPEAKER_14,And we talk about the prefab building.,7,7,7
CyrusOne/Cyrusone_Hearing_12032025.mp3,3079,16018.686,16020.427,1.7409999999999854,SPEAKER_14,It's really just a piece of the building.,8,8,8
CyrusOne/Cyrusone_Hearing_12032025.mp3,3080,16021.187,16025.349,4.162000000000262,SPEAKER_14,So the core building itself is still either precast or,10,10,10
CyrusOne/Cyrusone_Hearing_12032025.mp3,3081,16028.71,16031.231,2.5210000000006403,SPEAKER_14,the standard construction concrete and steel.,6,6,6
CyrusOne/Cyrusone_Hearing_12032025.mp3,3082,16031.971,16043.814,11.843000000000757,SPEAKER_14,"There's precast UPSs, uninterruptible power supplies, that are just easier to configure that unit and then bring it on site and attach it to the building.",26,26,26
CyrusOne/Cyrusone_Hearing_12032025.mp3,3083,16044.654,16048.215,3.5609999999996944,SPEAKER_14,"Those are the pre-fabricated pieces of the puzzle, if you will.",11,11,11
CyrusOne/Cyrusone_Hearing_12032025.mp3,3084,16049.796,16052.816,3.0200000000004366,SPEAKER_14,"But those probably have a lifespan of 20 or 30 years, I would estimate.",14,14,14
CyrusOne/Cyrusone_Hearing_12032025.mp3,3085,16053.317,16054.197,0.8800000000010186,SPEAKER_45,Okay.,1,1,1
CyrusOne/Cyrusone_Hearing_12032025.mp3,3086,16054.417,16054.997,0.5799999999999272,SPEAKER_45,Last question.,2,2,2
CyrusOne/Cyrusone_Hearing_12032025.mp3,3087,16055.847,16056.287,0.4400000000005093,SPEAKER_45,YOU'RE FINE.,2,2,2
CyrusOne/Cyrusone_Hearing_12032025.mp3,3088,16058.588,16063.069,4.480999999999767,SPEAKER_16,THAT'S OKAY.,2,2,2
CyrusOne/Cyrusone_Hearing_12032025.mp3,3089,16063.189,16064.169,0.9799999999995634,SPEAKER_45,THIS IS MY LAST QUESTION.,5,5,5
CyrusOne/Cyrusone_Hearing_12032025.mp3,3090,16065.269,16069.79,4.52100000000064,SPEAKER_45,"SO WE TALKED A LOT ABOUT THE BUILDING, ABOUT THE PROCESS AND SUCH.",13,13,13
CyrusOne/Cyrusone_Hearing_12032025.mp3,3091,16071.47,16080.292,8.822000000000116,SPEAKER_45,"BUT KNOWING THAT THIS IS A RURAL COMMUNITY AND THAT WE HAVE DIFFERENT COLLABORATIVE EFFORTS FOR EMERGENCY RESPONSE, I'M CURIOUS",20,20,20
CyrusOne/Cyrusone_Hearing_12032025.mp3,3092,16080.932,16085.196,4.263999999999214,SPEAKER_45,"about disaster relief, disaster preparedness, what that might look like.",10,10,10
CyrusOne/Cyrusone_Hearing_12032025.mp3,3093,16085.496,16091.301,5.805000000000291,SPEAKER_45,Can you tell me anything about what you already have in place and how this might look in a rural zone?,21,21,21
CyrusOne/Cyrusone_Hearing_12032025.mp3,3094,16092.882,16096.165,3.283000000001266,SPEAKER_14,"Yeah, I think it was addressed earlier in the presentation.",10,10,10
CyrusOne/Cyrusone_Hearing_12032025.mp3,3095,16096.245,16102.87,6.625,SPEAKER_14,"I think there is work to do in terms of disaster relief, emergency preparedness with the local fire district.",19,19,19
CyrusOne/Cyrusone_Hearing_12032025.mp3,3096,16103.771,16108.835,5.063999999998487,SPEAKER_14,And that's something we'll certainly do in the weeks and months or hopefully years ahead.,15,15,15
CyrusOne/Cyrusone_Hearing_12032025.mp3,3097,16110.016,16128.368,18.35200000000077,SPEAKER_14,if we're able to get approval but but generally yeah it's just education educating that workforce on best practices and we could pull resources from other places that we operate and then and then making sure that they're equipped to handle whatever they may need to handle on our site okay,51,51,51
CyrusOne/Cyrusone_Hearing_12032025.mp3,3098,16132.905,16133.666,0.760999999998603,SPEAKER_25,I'll give you a hint.,5,5,5
CyrusOne/Cyrusone_Hearing_12032025.mp3,3099,16133.686,16136.968,3.2820000000010623,SPEAKER_25,"If one of these guys asks another question, just tell them.",11,11,11
CyrusOne/Cyrusone_Hearing_12032025.mp3,3100,16137.648,16138.069,0.4210000000002765,SPEAKER_25,Okay.,1,1,1
CyrusOne/Cyrusone_Hearing_12032025.mp3,3101,16139.069,16139.71,0.6409999999996217,SPEAKER_25,Board members?,2,2,2
CyrusOne/Cyrusone_Hearing_12032025.mp3,3102,16140.51,16140.851,0.34100000000034925,SPEAKER_25,Okay.,1,1,1
CyrusOne/Cyrusone_Hearing_12032025.mp3,3103,16142.011,16142.552,0.5409999999992579,SPEAKER_25,Mark Ayers?,2,2,2
CyrusOne/Cyrusone_Hearing_12032025.mp3,3104,16146.515,16148.296,1.7810000000008586,SPEAKER_34,"I don't have a question, Mr. Chairman.",7,7,7
CyrusOne/Cyrusone_Hearing_12032025.mp3,3105,16148.716,16154.3,5.583999999998923,SPEAKER_34,"When I was walking around the room, there was one or two members that didn't sign up on the sheet that wanted to make a public comment.",27,27,27
CyrusOne/Cyrusone_Hearing_12032025.mp3,3106,16154.32,16157.142,2.8220000000001164,SPEAKER_34,Would they be able to do that after we're done?,10,10,10
CyrusOne/Cyrusone_Hearing_12032025.mp3,3107,16157.162,16158.223,1.0609999999996944,SPEAKER_34,Can they still make comments?,5,5,5
CyrusOne/Cyrusone_Hearing_12032025.mp3,3108,16159.122,16182.635,23.51300000000083,SPEAKER_25,there's one or two members that didn't sign up on the sheet you know i don't want to make that call uh by myself i can but uh yeah this i mean this is actually a hearing tonight so not a county board meeting so if there's two more let's allow two more okay i'll call it that but um yes,61,61,61
CyrusOne/Cyrusone_Hearing_12032025.mp3,3109,16195.933,16212.942,17.008999999998196,SPEAKER_20,I was just contacted by a farmer in my area and he doesn't go to too many meetings like this and he doesn't understand or I'm sure he does but he didn't know the protocol to contact the county board and he contacted me and I just noticed my phone that he contacted me a couple hours ago.,58,58,58
CyrusOne/Cyrusone_Hearing_12032025.mp3,3110,16213.462,16215.542,2.0799999999999272,SPEAKER_20,"Oh, so I'd like to ask if he could speak, too.",11,11,11
CyrusOne/Cyrusone_Hearing_12032025.mp3,3111,16215.803,16219.723,3.9200000000000728,SPEAKER_20,"I'm sorry for having two, but if we're going to have two, can we have three and have him speak?",20,20,20
CyrusOne/Cyrusone_Hearing_12032025.mp3,3112,16219.983,16221.664,1.6810000000004948,SPEAKER_25,"Okay, let's keep it at that, though.",7,7,7
CyrusOne/Cyrusone_Hearing_12032025.mp3,3113,16221.704,16222.404,0.7000000000007276,SPEAKER_25,Thank you very much.,4,4,4
CyrusOne/Cyrusone_Hearing_12032025.mp3,3114,16222.464,16229.786,7.322000000000116,SPEAKER_25,"Like I said, it's not a county board meeting, so we don't have to have a vote by the county board on this.",23,23,23
CyrusOne/Cyrusone_Hearing_12032025.mp3,3115,16230.066,16237.267,7.200999999999112,SPEAKER_25,So I would like to go ahead in a good spirit to have the last three people come up from the public.,22,22,22
CyrusOne/Cyrusone_Hearing_12032025.mp3,3116,16237.407,16237.987,0.5799999999999272,SPEAKER_25,Okay?,1,1,1
CyrusOne/Cyrusone_Hearing_12032025.mp3,3117,16238.368,16238.868,0.5,SPEAKER_25,What's your name?,3,3,3
CyrusOne/Cyrusone_Hearing_12032025.mp3,3118,16239.368,16240.208,0.8400000000001455,SPEAKER_26,Marcus Robinson.,2,2,2
CyrusOne/Cyrusone_Hearing_12032025.mp3,3119,16240.972,16242.333,1.3610000000007858,SPEAKER_25,Marcus Rothenberg.,2,2,2
CyrusOne/Cyrusone_Hearing_12032025.mp3,3120,16243.454,16246.256,2.80199999999968,SPEAKER_21,Can everybody hear me okay?,5,5,5
CyrusOne/Cyrusone_Hearing_12032025.mp3,3121,16246.376,16247.677,1.3009999999994761,SPEAKER_21,My name is Marcus Rothenberg.,5,5,5
CyrusOne/Cyrusone_Hearing_12032025.mp3,3122,16247.897,16249.278,1.3809999999994034,SPEAKER_21,I am a Springfield resident.,5,5,5
CyrusOne/Cyrusone_Hearing_12032025.mp3,3123,16249.398,16250.599,1.2010000000009313,SPEAKER_21,I was born and raised here.,6,6,6
CyrusOne/Cyrusone_Hearing_12032025.mp3,3124,16251.619,16253.1,1.4809999999997672,SPEAKER_21,I moved away for a little while.,7,7,7
CyrusOne/Cyrusone_Hearing_12032025.mp3,3125,16253.38,16254.501,1.121000000001004,SPEAKER_21,I moved back here.,4,4,4
CyrusOne/Cyrusone_Hearing_12032025.mp3,3126,16254.942,16259.825,4.88300000000163,SPEAKER_21,The only time I have not lived in Illinois was when I was serving in the United States military.,19,19,19
CyrusOne/Cyrusone_Hearing_12032025.mp3,3127,16259.885,16265.208,5.32300000000032,SPEAKER_21,"And then after that time, I came back to live here in this community that I love, that I'm very invested in.",22,22,22
CyrusOne/Cyrusone_Hearing_12032025.mp3,3128,16268.452,16277.38,8.927999999999884,SPEAKER_21,"Something that was mentioned, I'm gonna try and be as brief as possible, is that the tax evaluation and the revenue are on a projected estimate over the next 20 years.",31,31,31
CyrusOne/Cyrusone_Hearing_12032025.mp3,3129,16277.58,16284.487,6.906999999999243,SPEAKER_21,Do we have any examples of any AI data centers that have actually lasted 20 years to actually generate this amount of tax revenue?,24,24,24
CyrusOne/Cyrusone_Hearing_12032025.mp3,3130,16284.887,16288.49,3.602999999999156,SPEAKER_21,"And if the data center goes under within those 20 years, what happens to the facility?",16,16,16
CyrusOne/Cyrusone_Hearing_12032025.mp3,3131,16288.53,16291.093,2.563000000000102,SPEAKER_21,This question has been raised multiple times.,7,7,7
CyrusOne/Cyrusone_Hearing_12032025.mp3,3132,16291.193,16292.174,0.9810000000015862,SPEAKER_21,"For Cyrus One,",3,3,3
CyrusOne/Cyrusone_Hearing_12032025.mp3,3133,16293.967,16296.269,2.30199999999968,SPEAKER_21,you gave a pretty solid presentation.,6,6,6
CyrusOne/Cyrusone_Hearing_12032025.mp3,3134,16296.289,16305.576,9.286999999998443,SPEAKER_21,"It was good PowerPoint and everything like that, but I want to ask, was AI used in the making of your evaluations, projections, data collection, projected numbers, and further impacts?",30,30,30
CyrusOne/Cyrusone_Hearing_12032025.mp3,3135,16306.076,16307.598,1.522000000000844,SPEAKER_21,"If not, why not?",4,4,4
CyrusOne/Cyrusone_Hearing_12032025.mp3,3136,16308.078,16311.641,3.563000000000102,SPEAKER_21,Why haven't you used the service that you are pushing within your own work and proposal?,16,16,16
CyrusOne/Cyrusone_Hearing_12032025.mp3,3137,16312.141,16317.625,5.484000000000378,SPEAKER_21,"If yes, how do we have assurances that the information put forth is correct, accurate, or even moderately close?",19,19,19
CyrusOne/Cyrusone_Hearing_12032025.mp3,3138,16318.246,16319.567,1.3209999999999127,SPEAKER_21,"As we know, data AI...",5,5,5
CyrusOne/Cyrusone_Hearing_12032025.mp3,3139,16320.395,16324.996,4.6009999999987485,SPEAKER_21,"AI often spits out incorrect information, bad numbers, and completely fabricated data.",12,12,12
CyrusOne/Cyrusone_Hearing_12032025.mp3,3140,16325.836,16327.637,1.8010000000012951,SPEAKER_21,A good example of that is close to my heart.,10,10,10
CyrusOne/Cyrusone_Hearing_12032025.mp3,3141,16328.277,16332.418,4.140999999999622,SPEAKER_21,There is an English dub of a show called Chess Burrito accidentally on purpose.,14,14,14
CyrusOne/Cyrusone_Hearing_12032025.mp3,3142,16332.878,16336.919,4.040999999999258,SPEAKER_21,The AI overview previously told you that there was no English dub of this show.,15,15,15
CyrusOne/Cyrusone_Hearing_12032025.mp3,3143,16337.479,16344.061,6.582000000000335,SPEAKER_21,"As of today, it states that the English dub cast features Lin-Manuel Miranda, Zoe Saldana, and John Leguizamo.",18,18,18
CyrusOne/Cyrusone_Hearing_12032025.mp3,3144,16344.561,16348.002,3.441000000000713,SPEAKER_21,I know that this is incorrect because I currently work full-time as a voice actor.,15,15,15
CyrusOne/Cyrusone_Hearing_12032025.mp3,3145,16348.792,16351.054,2.2620000000006257,SPEAKER_21,I was involved in the dub of this show.,9,9,9
CyrusOne/Cyrusone_Hearing_12032025.mp3,3146,16351.574,16356.117,4.542999999999665,SPEAKER_21,"I did not work with Lin-Manuel Miranda, Zoe Saldana, or John Leguizamo.",12,12,12
CyrusOne/Cyrusone_Hearing_12032025.mp3,3147,16357.017,16363.481,6.463999999999942,SPEAKER_21,"Of this information, it also states that the studio responsible for this dub is a studio called Inway.",18,18,18
CyrusOne/Cyrusone_Hearing_12032025.mp3,3148,16363.641,16365.242,1.6010000000005675,SPEAKER_21,This is also incorrect.,4,4,4
CyrusOne/Cyrusone_Hearing_12032025.mp3,3149,16365.663,16373.107,7.443999999999505,SPEAKER_21,The only piece of information that AI spits out on this that is correct is the voice director of Sebastian Panardi.,21,21,21
CyrusOne/Cyrusone_Hearing_12032025.mp3,3150,16373.147,16374.168,1.0209999999988213,SPEAKER_21,I worked with him directly.,5,5,5
CyrusOne/Cyrusone_Hearing_12032025.mp3,3151,16374.428,16375.549,1.121000000001004,SPEAKER_21,He is the one who directed me.,7,7,7
CyrusOne/Cyrusone_Hearing_12032025.mp3,3152,16375.925,16383.427,7.5020000000004075,SPEAKER_21,"So out of the hundreds and thousands of cast and crew on this, the single data point that is correct is one name.",23,23,23
CyrusOne/Cyrusone_Hearing_12032025.mp3,3153,16383.967,16390.529,6.561999999998079,SPEAKER_21,So how do we know that the AI used in any other data is coming out with any kind of correct information?,22,22,22
CyrusOne/Cyrusone_Hearing_12032025.mp3,3154,16391.169,16399.071,7.901999999998225,SPEAKER_21,"Another question that I had was, of the 100 jobs, how many are local workers and how many are workers that are relocated from other places by the company?",29,29,29
CyrusOne/Cyrusone_Hearing_12032025.mp3,3155,16399.391,16405.553,6.162000000000262,SPEAKER_21,We see companies do this all the time where they will move someone from a different location to work at a new facility that they are opening up.,28,28,28
CyrusOne/Cyrusone_Hearing_12032025.mp3,3156,16405.98,16413.721,7.741000000001804,SPEAKER_21,"So, yes, 100 jobs, but is that 100 jobs of actual Illinois residents or people that are made Illinois residents to come work here?",24,24,24
CyrusOne/Cyrusone_Hearing_12032025.mp3,3157,16414.762,16419.242,4.479999999999563,SPEAKER_21,"Another point that I have, SAG-AFTRA, the Actors Union that you all may know.",14,14,14
CyrusOne/Cyrusone_Hearing_12032025.mp3,3158,16419.682,16424.183,4.501000000000204,SPEAKER_21,"Some of you may know this, and if you've seen me online, you've heard me harp about this a lot.",20,20,20
CyrusOne/Cyrusone_Hearing_12032025.mp3,3159,16425.303,16431.324,6.02100000000064,SPEAKER_21,"SAG-AFTRA has recently gone on strike two times, in 2023 for 118 days and just last year, in the year of 2024, for over 300 days.",26,26,26
CyrusOne/Cyrusone_Hearing_12032025.mp3,3160,16435.655,16438.437,2.7820000000028813,SPEAKER_21,regarding the usage of AI and media production industries.,9,9,9
CyrusOne/Cyrusone_Hearing_12032025.mp3,3161,16438.917,16448.483,9.565999999998894,SPEAKER_21,I personally did not go on strike for close to over a year just to have the thing trying to erase my role in the professional world be built in my backyard.,32,32,32
CyrusOne/Cyrusone_Hearing_12032025.mp3,3162,16448.843,16449.143,0.2999999999992724,SPEAKER_21,Thank you.,2,2,2
CyrusOne/Cyrusone_Hearing_12032025.mp3,3163,16449.443,16451.164,1.7210000000013679,SPEAKER_25,"Marcus, two things.",3,3,3
CyrusOne/Cyrusone_Hearing_12032025.mp3,3164,16451.584,16456.247,4.663000000000466,SPEAKER_25,"One is, well, you hit it at three minutes and one second, so you did perfect.",16,16,16
CyrusOne/Cyrusone_Hearing_12032025.mp3,3165,16456.587,16457.588,1.0010000000002037,SPEAKER_25,Thanks for your service.,4,4,4
CyrusOne/Cyrusone_Hearing_12032025.mp3,3166,16458.208,16460.63,2.422000000002299,SPEAKER_25,"And also, on your way back, I want you to look up AI.",13,13,13
CyrusOne/Cyrusone_Hearing_12032025.mp3,3167,16461.391,16463.933,2.5420000000012806,SPEAKER_25,"for my colleague here, David Mendenhall.",6,6,6
CyrusOne/Cyrusone_Hearing_12032025.mp3,3168,16464.254,16466.796,2.5419999999976426,SPEAKER_25,Who's going to win the Bears-Packers game next Sunday?,9,9,9
CyrusOne/Cyrusone_Hearing_12032025.mp3,3169,16466.816,16467.557,0.7410000000018044,SPEAKER_25,I'd like to know that.,5,5,5
CyrusOne/Cyrusone_Hearing_12032025.mp3,3170,16468.338,16468.698,0.3600000000005821,SPEAKER_16,Packers!,1,1,1
CyrusOne/Cyrusone_Hearing_12032025.mp3,3171,16468.738,16469.138,0.3999999999978172,SPEAKER_16,Packers!,1,1,1
CyrusOne/Cyrusone_Hearing_12032025.mp3,3172,16470.72,16471.641,0.9209999999984575,SPEAKER_25,Thank you very much.,4,4,4
CyrusOne/Cyrusone_Hearing_12032025.mp3,3173,16475.805,16476.846,1.0410000000010768,SPEAKER_25,"All right, thanks, Marcus.",4,4,4
CyrusOne/Cyrusone_Hearing_12032025.mp3,3174,16477.046,16480.509,3.462999999999738,SPEAKER_25,And who is the next speaker from the public?,9,9,9
CyrusOne/Cyrusone_Hearing_12032025.mp3,3175,16481.771,16483.192,1.4209999999984575,SPEAKER_22,Please come up and state your name.,7,7,7
CyrusOne/Cyrusone_Hearing_12032025.mp3,3176,16488.586,16494.01,5.423999999999069,SPEAKER_02,"Hi, my name is Wes Carney, and I grew up in a farm about four miles from the proposed site.",20,20,20
CyrusOne/Cyrusone_Hearing_12032025.mp3,3177,16494.51,16495.331,0.8209999999999127,SPEAKER_02,And I have some questions.,5,5,5
CyrusOne/Cyrusone_Hearing_12032025.mp3,3178,16495.351,16501.295,5.943999999999505,SPEAKER_02,There was a lot of commentary about the generators and running the diesel engines and stuff like that.,18,18,18
CyrusOne/Cyrusone_Hearing_12032025.mp3,3179,16501.815,16504.437,2.622000000003027,SPEAKER_02,"And from my engineering training,",5,5,5
CyrusOne/Cyrusone_Hearing_12032025.mp3,3180,16505.855,16506.896,1.0410000000010768,SPEAKER_02,It's a backup generator.,4,4,4
CyrusOne/Cyrusone_Hearing_12032025.mp3,3181,16506.916,16508.136,1.2199999999975262,SPEAKER_02,It's not designed to run.,5,5,5
CyrusOne/Cyrusone_Hearing_12032025.mp3,3182,16508.316,16512.979,4.663000000000466,SPEAKER_02,You're not trying to provide your full power consumption with that except in emergency situations.,15,15,15
CyrusOne/Cyrusone_Hearing_12032025.mp3,3183,16513.039,16519.823,6.783999999999651,SPEAKER_02,So I think we need to keep that in mind that the backup generators won't be running full bore all the time.,22,22,22
CyrusOne/Cyrusone_Hearing_12032025.mp3,3184,16520.283,16525.125,4.842000000000553,SPEAKER_02,"Now, worst case scenario, there will be a time when that's the case.",13,13,13
CyrusOne/Cyrusone_Hearing_12032025.mp3,3185,16525.526,16529.888,4.3619999999973516,SPEAKER_02,Does the noise ordinance cover that scenario or is that only during normal operation?,14,14,14
CyrusOne/Cyrusone_Hearing_12032025.mp3,3186,16530.768,16532.489,1.7210000000013679,SPEAKER_02,I'm guessing maybe one to two of those,8,8,8
CyrusOne/Cyrusone_Hearing_12032025.mp3,3187,16534.343,16558.36,24.016999999999825,SPEAKER_02,generators will run at any one time if they 336 they each ran 15 minutes a day sorry a week that would be um just as backup testing and stuff like that that would be 84 hours of consumption so is that what um when we talk about exhaust and stuff like that i think we need to look at the normal state,63,63,63
CyrusOne/Cyrusone_Hearing_12032025.mp3,3188,16559.022,16563.025,4.003000000000611,SPEAKER_02,and the noise level coming from just a couple of those engines.,12,12,12
CyrusOne/Cyrusone_Hearing_12032025.mp3,3189,16563.406,16568.81,5.40400000000227,SPEAKER_02,Can you speak to how many of those engines will be running at any time?,15,15,15
CyrusOne/Cyrusone_Hearing_12032025.mp3,3190,16568.83,16571.552,2.7219999999979336,SPEAKER_25,"Okay, hold on one second.",5,5,5
CyrusOne/Cyrusone_Hearing_12032025.mp3,3191,16571.792,16579.399,7.606999999999971,SPEAKER_25,"So keep asking these questions, but there's no provision for the public in this engagement here, but there is from the board members.",23,23,23
CyrusOne/Cyrusone_Hearing_12032025.mp3,3192,16579.599,16583.242,3.643000000000029,SPEAKER_02,"Oh, so mine is supposed to be just more speech or presentation?",12,12,12
CyrusOne/Cyrusone_Hearing_12032025.mp3,3193,16583.262,16583.482,0.22000000000116415,SPEAKER_02,Okay.,1,1,1
CyrusOne/Cyrusone_Hearing_12032025.mp3,3194,16584.797,16607.497,22.700000000000728,SPEAKER_02,yes okay and you're fine i just want to let you know that and when we're done when you're done one of these board members can pick up on what you asked okay and okay thank you yes sir uh so those are things that i'd um like to know um also when we talk about the uh 100 jobs that will be made available in in that facility,69,69,69
CyrusOne/Cyrusone_Hearing_12032025.mp3,3195,16608.723,16611.085,2.3619999999973516,SPEAKER_02,and are they in the IT business?,7,7,7
CyrusOne/Cyrusone_Hearing_12032025.mp3,3196,16611.145,16617.169,6.0240000000012515,SPEAKER_02,"I think they'll be cooling, they'll be plumbing, they'll be electrical, they'll be security, they'll be maintenance.",17,17,17
CyrusOne/Cyrusone_Hearing_12032025.mp3,3197,16617.449,16626.675,9.225999999998749,SPEAKER_02,How many high skilled IT jobs will be actually in that facility or are they more of the trades roles?,20,20,20
CyrusOne/Cyrusone_Hearing_12032025.mp3,3198,16627.956,16634.8,6.84400000000096,SPEAKER_02,"When we talk about a high tech job coming to the area, how many of those are really there or are they remote operated?",24,24,24
CyrusOne/Cyrusone_Hearing_12032025.mp3,3199,16635.615,16636.816,1.2009999999972933,SPEAKER_02,THOSE ARE THE QUESTIONS I'D LIKE TO KNOW.,8,8,8
CyrusOne/Cyrusone_Hearing_12032025.mp3,3200,16637.497,16637.857,0.3600000000005821,SPEAKER_25,OKAY.,1,1,1
CyrusOne/Cyrusone_Hearing_12032025.mp3,3201,16638.137,16640.799,2.662000000000262,SPEAKER_25,AND WAS IT C-A-R-N-E-Y?,4,4,4
CyrusOne/Cyrusone_Hearing_12032025.mp3,3202,16640.879,16641.36,0.48099999999976717,SPEAKER_25,THAT'S CORRECT.,2,2,2
CyrusOne/Cyrusone_Hearing_12032025.mp3,3203,16641.5,16642.34,0.8400000000001455,SPEAKER_25,"OKAY, WANTED TO MAKE SURE.",5,5,5
CyrusOne/Cyrusone_Hearing_12032025.mp3,3204,16642.561,16642.861,0.2999999999992724,SPEAKER_02,THANK YOU.,2,2,2
CyrusOne/Cyrusone_Hearing_12032025.mp3,3205,16643.061,16643.822,0.760999999998603,SPEAKER_25,THANK YOU VERY MUCH.,4,4,4
CyrusOne/Cyrusone_Hearing_12032025.mp3,3206,16644.943,16651.708,6.764999999999418,SPEAKER_25,"OKAY, COUNTY BOARD MEMBERS, I KNEW THAT HE WASN'T QUITE SURE ON THAT, SO WHO WOULD LIKE TO PICK UP ON HIS QUESTION?",23,23,23
CyrusOne/Cyrusone_Hearing_12032025.mp3,3207,16652.849,16653.329,0.4800000000032014,SPEAKER_25,CRAIG HALL.,2,2,2
CyrusOne/Cyrusone_Hearing_12032025.mp3,3208,16653.529,16653.89,0.3610000000007858,SPEAKER_25,THANK YOU.,2,2,2
CyrusOne/Cyrusone_Hearing_12032025.mp3,3209,16653.91,16656.371,2.4609999999993306,SPEAKER_25,A QUESTION THAT JUST CAME TO ME.,7,7,7
CyrusOne/Cyrusone_Hearing_12032025.mp3,3210,16659.034,16663.017,3.9830000000001746,SPEAKER_20,"OKAY, EXPLAIN THE JOBS AND HOW MANY ARE GOING TO BE I.T.",12,12,12
CyrusOne/Cyrusone_Hearing_12032025.mp3,3211,16663.037,16664.598,1.5610000000015134,SPEAKER_20,AND HOW MANY ARE GOING TO BE TRADES AND LABORS.,10,10,10
CyrusOne/Cyrusone_Hearing_12032025.mp3,3212,16666.059,16666.319,0.2599999999983993,SPEAKER_46,PLEASE.,1,1,1
CyrusOne/Cyrusone_Hearing_12032025.mp3,3213,16666.98,16667.14,0.15999999999985448,SPEAKER_14,YEP.,1,1,1
CyrusOne/Cyrusone_Hearing_12032025.mp3,3214,16667.58,16674.004,6.423999999999069,SPEAKER_14,SO THE WELL YOU TALK ABOUT BACKGROUNDS I GUESS BECAUSE YOU TALKED ABOUT HIGH SKILLED I.T.,16,16,16
CyrusOne/Cyrusone_Hearing_12032025.mp3,3215,16674.084,16676.005,1.9210000000020955,SPEAKER_14,AND I THINK YOU COULD SAY WHAT WHAT DOES THAT MEAN.,11,11,11
CyrusOne/Cyrusone_Hearing_12032025.mp3,3216,16678.627,16691.775,13.148000000001048,SPEAKER_14,THE PEOPLE THAT OPERATE OUR DATA CENTERS HAVE BACKGROUNDS IN MECHANICAL ELECTRICAL AND PLUMBING WE'RE AN INFRASTRUCTURE COMPANY RIGHT SO WE'RE WE'RE FOCUSED ON MAKING SURE THIS THIS FACILITY DOESN'T GO DOWN THAT IT RUNS TWENTY FOUR SEVEN THREE SIX FIVE.,41,41,41
CyrusOne/Cyrusone_Hearing_12032025.mp3,3217,16692.435,16700.503,8.067999999999302,SPEAKER_14,"IF YOU TALK ABOUT THEIR TENANTS, THE TENANTS ARE BRINGING THE SERVERS, THEY'RE BRINGING IN THE INFORMATION TECHNOLOGY, THE SERVERS THAT ARE RUNNING THE APPLICATIONS.",25,25,25
CyrusOne/Cyrusone_Hearing_12032025.mp3,3218,16700.523,16707.269,6.745999999999185,SPEAKER_14,"THOSE TENANTS ARE BRINGING JOBS WITH THEM, AND THOSE FOLKS, I WOULD PROBABLY SAY, FALL INTO THAT HIGH-IT, HIGH-SCALED IT SERVER.",21,21,21
CyrusOne/Cyrusone_Hearing_12032025.mp3,3219,16708.11,16708.591,0.48099999999976717,SPEAKER_14,CATEGORY.,1,1,1
CyrusOne/Cyrusone_Hearing_12032025.mp3,3220,16708.731,16710.812,2.08100000000195,SPEAKER_14,IN ANY EVENT IT'S ALL INFORMATION TECHNOLOGY.,7,7,7
CyrusOne/Cyrusone_Hearing_12032025.mp3,3221,16711.433,16713.234,1.8009999999994761,SPEAKER_14,WE HAVE 100 JOBS THAT WE'RE BRINGING.,7,7,7
CyrusOne/Cyrusone_Hearing_12032025.mp3,3222,16713.274,16718.579,5.305000000000291,SPEAKER_14,"OUR TENANTS ARE GOING TO BRING, THEY COULD BRING JUST AS MANY ON THEIR OWN OR HALF THAT.",18,18,18
CyrusOne/Cyrusone_Hearing_12032025.mp3,3223,16719.48,16725.124,5.644000000000233,SPEAKER_14,"SO I JUST, I DON'T KNOW HOW TO DRAW THE LINE.",11,11,11
CyrusOne/Cyrusone_Hearing_12032025.mp3,3224,16725.204,16728.447,3.242999999998574,SPEAKER_14,"WHAT'S HIGH SKILLED IT, WHAT'S MECHANICAL ELECTRICAL PLUMBING BACKGROUND.",9,9,9
CyrusOne/Cyrusone_Hearing_12032025.mp3,3225,16728.847,16731.449,2.6019999999989523,SPEAKER_14,I THINK THEY'RE ALL FAIRLY SKILLED TO BE HONEST WITH YOU.,11,11,11
CyrusOne/Cyrusone_Hearing_12032025.mp3,3226,16731.469,16734.612,3.143000000000029,SPEAKER_14,BUT LET'S CALL IT HALF AND HALF.,7,7,7
CyrusOne/Cyrusone_Hearing_12032025.mp3,3227,16735.645,16735.865,0.22000000000116415,SPEAKER_20,Okay.,1,1,1
CyrusOne/Cyrusone_Hearing_12032025.mp3,3228,16737.506,16748.074,10.567999999999302,SPEAKER_20,"And the other question that came to me was how are these generators going to operate on how many hours per month, per day?",24,24,24
CyrusOne/Cyrusone_Hearing_12032025.mp3,3229,16748.234,16749.655,1.4209999999984575,SPEAKER_20,How would that work?,4,4,4
CyrusOne/Cyrusone_Hearing_12032025.mp3,3230,16749.755,16752.317,2.561999999998079,SPEAKER_20,And I think I'm out of ideas after this one.,10,10,10
CyrusOne/Cyrusone_Hearing_12032025.mp3,3231,16753.82,16754.601,0.7809999999990396,SPEAKER_20,I don't believe that.,4,4,4
CyrusOne/Cyrusone_Hearing_12032025.mp3,3232,16754.781,16755.041,0.26000000000203727,SPEAKER_42,Yeah.,1,1,1
CyrusOne/Cyrusone_Hearing_12032025.mp3,3233,16756.021,16761.425,5.403999999998632,SPEAKER_42,"For our generators, so our goal is really to not run them except as needed.",15,15,15
CyrusOne/Cyrusone_Hearing_12032025.mp3,3234,16761.465,16766.048,4.582999999998719,SPEAKER_42,"So for regular maintenance and testing, our regular maintenance and testing is pretty standardized.",14,14,14
CyrusOne/Cyrusone_Hearing_12032025.mp3,3235,16766.108,16771.912,5.804000000000087,SPEAKER_42,So it's a half hour no load test every month and then a four hour load bank test annually.,19,19,19
CyrusOne/Cyrusone_Hearing_12032025.mp3,3236,16772.952,16780.337,7.384999999998399,SPEAKER_42,"So on any given year, if we don't have any emergency outages, we'll run between 10 and 15 hours per generator per year.",23,23,23
CyrusOne/Cyrusone_Hearing_12032025.mp3,3237,16781.21,16790.338,9.128000000000611,SPEAKER_42,And then to your point or I think to the gentleman's point of you know trying to get at like you know on a given normal day how many hours a day are generators operating.,35,35,35
CyrusOne/Cyrusone_Hearing_12032025.mp3,3238,16790.838,16799.386,8.547999999998865,SPEAKER_42,Typically we're operating on a large campus like this typically we're operating one maybe two generators at a time per building.,21,21,21
CyrusOne/Cyrusone_Hearing_12032025.mp3,3239,16800.126,16807.933,7.8070000000006985,SPEAKER_42,So on a given campus for this campus maybe max 12 at a time given distances to residences it's really not going to be,24,24,24
CyrusOne/Cyrusone_Hearing_12032025.mp3,3240,16809.391,16817.397,8.006000000001222,SPEAKER_42,"THAT IT'S GOING TO BE VERY COMPATIBLE WITH THE COMMUNITY THERE AND, YOU KNOW, MAX OF 12 GENERATORS KIND OF THING.",21,21,21
CyrusOne/Cyrusone_Hearing_12032025.mp3,3241,16819.159,16823.923,4.763999999999214,SPEAKER_42,"FROM AN EMISSIONS PERSPECTIVE, SIMILAR THING, YOU KNOW, 10 TO 15 HOURS PER YEAR.",14,14,14
CyrusOne/Cyrusone_Hearing_12032025.mp3,3242,16824.063,16830.308,6.245000000002619,SPEAKER_42,"IT ENDS UP NOT BEING, YOU KNOW, EXCESSIVE LARGE QUANTITIES OF EMISSIONS FROM THAT PERSPECTIVE.",15,15,15
CyrusOne/Cyrusone_Hearing_12032025.mp3,3243,16832.49,16832.73,0.23999999999796273,SPEAKER_25,GOOD.,1,1,1
CyrusOne/Cyrusone_Hearing_12032025.mp3,3244,16833.751,16834.151,0.4000000000014552,SPEAKER_25,OKAY.,1,1,1
CyrusOne/Cyrusone_Hearing_12032025.mp3,3245,16834.231,16834.732,0.5010000000002037,SPEAKER_25,THANK YOU.,2,2,2
CyrusOne/Cyrusone_Hearing_12032025.mp3,3246,16837.73,16839.111,1.3810000000012224,SPEAKER_25,"Yes, Jeff Thomas.",3,3,3
CyrusOne/Cyrusone_Hearing_12032025.mp3,3247,16840.632,16841.452,0.819999999999709,SPEAKER_25,It just came to you.,5,5,5
CyrusOne/Cyrusone_Hearing_12032025.mp3,3248,16841.472,16842.713,1.2409999999981665,SPEAKER_30,It came to me.,4,4,4
CyrusOne/Cyrusone_Hearing_12032025.mp3,3249,16844.214,16848.357,4.143000000000029,SPEAKER_30,Jeff Thomas up here at District 4 right here in the front.,12,12,12
CyrusOne/Cyrusone_Hearing_12032025.mp3,3250,16849.858,16858.604,8.745999999999185,SPEAKER_30,"Of the 100 jobs that are coming, does that mean when you say that the tenants may bring 50, does that mean remote?",23,23,23
CyrusOne/Cyrusone_Hearing_12032025.mp3,3251,16859.124,16863.007,3.88300000000163,SPEAKER_30,Does that mean they're going to be looking for skilled people here in this town?,15,15,15
CyrusOne/Cyrusone_Hearing_12032025.mp3,3252,16863.087,16863.547,0.4599999999991269,SPEAKER_14,That's correct.,2,2,2
CyrusOne/Cyrusone_Hearing_12032025.mp3,3253,16864.052,16865.933,1.8810000000012224,SPEAKER_14,that people that work out of these facilities.,8,8,8
CyrusOne/Cyrusone_Hearing_12032025.mp3,3254,16866.174,16867.855,1.6810000000004948,SPEAKER_30,So they won't be relocated.,5,5,5
CyrusOne/Cyrusone_Hearing_12032025.mp3,3255,16867.875,16870.117,2.24199999999837,SPEAKER_14,"They have their own impact, a job impact that they bring in.",12,12,12
CyrusOne/Cyrusone_Hearing_12032025.mp3,3256,16872.839,16873.159,0.31999999999970896,SPEAKER_25,You good?,2,2,2
CyrusOne/Cyrusone_Hearing_12032025.mp3,3257,16873.179,16874.4,1.2210000000013679,SPEAKER_30,I don't know.,3,3,3
CyrusOne/Cyrusone_Hearing_12032025.mp3,3258,16874.78,16879.103,4.32300000000032,SPEAKER_25,"I think I want to make sure, wasn't there one more person from the public that you had?",18,18,18
CyrusOne/Cyrusone_Hearing_12032025.mp3,3259,16879.984,16880.164,0.18000000000029104,SPEAKER_25,No?,1,1,1
CyrusOne/Cyrusone_Hearing_12032025.mp3,3260,16883.827,16884.047,0.21999999999752617,SPEAKER_25,There.,1,1,1
CyrusOne/Cyrusone_Hearing_12032025.mp3,3261,16884.507,16886.129,1.6219999999993888,SPEAKER_25,"Okay, we had three.",4,4,4
CyrusOne/Cyrusone_Hearing_12032025.mp3,3262,16886.649,16887.43,0.7809999999990396,SPEAKER_25,You're the third one.,4,4,4
CyrusOne/Cyrusone_Hearing_12032025.mp3,3263,16888.39,16890.032,1.6419999999998254,SPEAKER_25,After that didn't sign up.,5,5,5
CyrusOne/Cyrusone_Hearing_12032025.mp3,3264,16890.052,16890.852,0.7999999999992724,SPEAKER_25,You can turn me off.,5,5,5
CyrusOne/Cyrusone_Hearing_12032025.mp3,3265,16897.34,16897.64,0.2999999999992724,SPEAKER_07,Okay.,1,1,1
CyrusOne/Cyrusone_Hearing_12032025.mp3,3266,16899.141,16900.202,1.0610000000015134,SPEAKER_07,All these meetings so far.,5,5,5
CyrusOne/Cyrusone_Hearing_12032025.mp3,3267,16900.823,16901.744,0.9209999999984575,SPEAKER_07,"State your name, please.",4,4,4
CyrusOne/Cyrusone_Hearing_12032025.mp3,3268,16901.764,16902.564,0.7999999999992724,SPEAKER_07,My name is Robert Jones.,5,5,5
CyrusOne/Cyrusone_Hearing_12032025.mp3,3269,16902.604,16906.528,3.9239999999990687,SPEAKER_07,I live a few miles to the east of where this is going to be built.,16,16,16
CyrusOne/Cyrusone_Hearing_12032025.mp3,3270,16906.668,16907.809,1.1409999999996217,SPEAKER_07,"Okay, Robert.",2,2,2
CyrusOne/Cyrusone_Hearing_12032025.mp3,3271,16909.07,16914.674,5.60399999999936,SPEAKER_07,"My question, beyond all of the fossil fuels and all the stuff like that, you know, we grew up in coal country down there.",24,24,24
CyrusOne/Cyrusone_Hearing_12032025.mp3,3272,16914.994,16917.136,2.1419999999998254,SPEAKER_07,Fossil fuels was our lives.,5,5,5
CyrusOne/Cyrusone_Hearing_12032025.mp3,3273,16918.257,16926.024,7.766999999999825,SPEAKER_07,"My question, is this going to be, am I going to be on the hook for paying for this in the end?",22,22,22
CyrusOne/Cyrusone_Hearing_12032025.mp3,3274,16926.184,16926.544,0.3600000000005821,SPEAKER_07,I own this.,3,3,3
CyrusOne/Cyrusone_Hearing_12032025.mp3,3275,16926.903,16931.245,4.342000000000553,SPEAKER_07,"Obviously, the power generator, it's going to cost more for everybody.",11,11,11
CyrusOne/Cyrusone_Hearing_12032025.mp3,3276,16932.165,16948.252,16.086999999999534,SPEAKER_07,"If you don't meet your tax revenue that you say you're going to, and the school district doesn't get the money they're going to get, and then their power bills go up, then they have to raise their property taxes, and I get a double hit because now my property taxes go up.",53,53,53
CyrusOne/Cyrusone_Hearing_12032025.mp3,3277,16948.652,16955.215,6.563000000001921,SPEAKER_07,"I know you guys, you three over there probably can't guarantee us that that's going to happen, but...",18,18,18
CyrusOne/Cyrusone_Hearing_12032025.mp3,3278,16955.888,16959.23,3.342000000000553,SPEAKER_07,THAT'S WHAT I'M ASKING FROM EVERYBODY HERE IN THIS STATE REPRESENTATIVES.,11,11,11
CyrusOne/Cyrusone_Hearing_12032025.mp3,3279,16960.11,16964.112,4.0020000000004075,SPEAKER_07,"HOW CAN WE KEEP, YOU KNOW, I HAVE A GOOD JOB.",11,11,11
CyrusOne/Cyrusone_Hearing_12032025.mp3,3280,16964.152,16965.413,1.261000000002241,SPEAKER_07,I HAVE A GOOD-PAYING JOB.,5,5,5
CyrusOne/Cyrusone_Hearing_12032025.mp3,3281,16965.633,16969.474,3.8409999999967113,SPEAKER_07,BUT THERE IS PEOPLE IN THAYER AND LOUDER THAT ARE IN THE POVERTY LEVEL THAT DON'T HAVE THAT.,18,18,18
CyrusOne/Cyrusone_Hearing_12032025.mp3,3282,16969.495,16973.837,4.342000000000553,SPEAKER_07,THEY'RE NOT GOING TO BE ABLE TO AFFORD THEIR POWER BILLS TO GO UP AND THEIR PROPERTY TAXES TO GO UP.,21,21,21
CyrusOne/Cyrusone_Hearing_12032025.mp3,3283,16974.837,16982.961,8.123999999999796,SPEAKER_07,"YOU KNOW, IT'S NOT, AND IT'S NOT JUST EVERY PERSON THAT WAS IN THIS BUILDING IS GOING TO BE AFFECTED THAT WAY.",22,22,22
CyrusOne/Cyrusone_Hearing_12032025.mp3,3284,16983.761,16985.102,1.3410000000003492,SPEAKER_07,NOT JUST SANGAMON COUNTY,4,4,4
CyrusOne/Cyrusone_Hearing_12032025.mp3,3285,16985.501,16988.764,3.2629999999990105,SPEAKER_07,"you know, the North Mack School Districts in Salmon County and Macoupin County.",13,13,13
CyrusOne/Cyrusone_Hearing_12032025.mp3,3286,16989.664,16994.948,5.283999999999651,SPEAKER_07,"So, you know, if you guys are bringing that much revenue to the school, awesome.",15,15,15
CyrusOne/Cyrusone_Hearing_12032025.mp3,3287,16995.028,16999.212,4.184000000001106,SPEAKER_07,"I got three kids, three boys that are going to play sports and go to that school.",17,17,17
CyrusOne/Cyrusone_Hearing_12032025.mp3,3288,16999.712,17002.054,2.342000000000553,SPEAKER_07,"And, you know, who knows, one of them might get a job out there.",14,14,14
CyrusOne/Cyrusone_Hearing_12032025.mp3,3289,17002.814,17004.936,2.122000000003027,SPEAKER_07,"You know, maybe I'll apply out there, you know.",9,9,9
CyrusOne/Cyrusone_Hearing_12032025.mp3,3290,17006.657,17007.098,0.44100000000253203,SPEAKER_07,It's...,1,1,1
CyrusOne/Cyrusone_Hearing_12032025.mp3,3291,17008.257,17011.119,2.8619999999973516,SPEAKER_07,There is a ton of work coming in the union side of things.,13,13,13
CyrusOne/Cyrusone_Hearing_12032025.mp3,3292,17011.139,17012.039,0.9000000000014552,SPEAKER_07,There's a ton of work coming in.,7,7,7
CyrusOne/Cyrusone_Hearing_12032025.mp3,3293,17012.079,17015.701,3.621999999999389,SPEAKER_07,But what happens in five years when all that work's gone and there's a bunch of extra people on the books?,21,21,21
CyrusOne/Cyrusone_Hearing_12032025.mp3,3294,17016.422,17019.783,3.361000000000786,SPEAKER_07,"And now they're all sitting on the unemployment, you know?",10,10,10
CyrusOne/Cyrusone_Hearing_12032025.mp3,3295,17019.964,17028.768,8.804000000000087,SPEAKER_07,"So it's not, I want you guys to find a way to make sure we're getting the tax revenue we're supposed to get.",23,23,23
CyrusOne/Cyrusone_Hearing_12032025.mp3,3296,17029.589,17035.692,6.102999999999156,SPEAKER_07,Make sure that we're not on the hook for these guys building this $500 million facility.,16,16,16
CyrusOne/Cyrusone_Hearing_12032025.mp3,3297,17036.946,17041.167,4.221000000001368,SPEAKER_07,"If we can get that, then bring it on.",9,9,9
CyrusOne/Cyrusone_Hearing_12032025.mp3,3298,17043.488,17048.209,4.72099999999773,SPEAKER_07,I just don't want to be on the hook to pay for something that these guys decide to build.,19,19,19
CyrusOne/Cyrusone_Hearing_12032025.mp3,3299,17048.449,17049.849,1.3999999999978172,SPEAKER_07,I don't want you guys to be on the hook for it.,12,12,12
CyrusOne/Cyrusone_Hearing_12032025.mp3,3300,17050.409,17053.17,2.760999999998603,SPEAKER_07,These guys.,2,2,2
CyrusOne/Cyrusone_Hearing_12032025.mp3,3301,17053.41,17056.511,3.1009999999987485,SPEAKER_07,That's the questions that I hope you guys can get the answers for.,13,13,13
CyrusOne/Cyrusone_Hearing_12032025.mp3,3302,17057.811,17058.911,1.0999999999985448,SPEAKER_07,That's where I'm at.,4,4,4
CyrusOne/Cyrusone_Hearing_12032025.mp3,3303,17058.971,17060.992,2.0209999999970023,SPEAKER_07,Maybe you guys can say that.,6,6,6
CyrusOne/Cyrusone_Hearing_12032025.mp3,3304,17061.212,17066.513,5.300999999999476,SPEAKER_07,Hopefully you don't depreciate your system by 90% and we get lost out,13,13,13
CyrusOne/Cyrusone_Hearing_12032025.mp3,3305,17068.206,17091.724,23.51800000000003,SPEAKER_25,uh... board members on his uh... subject matter for any of the professional staff okay yes ma'am what you will be the last one because we we got to keep going,31,31,31
CyrusOne/Cyrusone_Hearing_12032025.mp3,3306,17098.502,17098.862,0.3600000000005821,SPEAKER_25,Go ahead.,2,2,2
CyrusOne/Cyrusone_Hearing_12032025.mp3,3307,17100.123,17100.763,0.6399999999994179,SPEAKER_25,Just state your name.,4,4,4
CyrusOne/Cyrusone_Hearing_12032025.mp3,3308,17101.564,17103.545,1.9809999999997672,SPEAKER_01,I'm Brianna Day.,3,3,3
CyrusOne/Cyrusone_Hearing_12032025.mp3,3309,17103.845,17107.768,3.922999999998865,SPEAKER_01,"I don't know which district I live in because I've been homeless, so that's cool.",15,15,15
CyrusOne/Cyrusone_Hearing_12032025.mp3,3310,17108.868,17116.313,7.444999999999709,SPEAKER_01,"So I know I'm not allowed to ask questions, so I'm just going to put them out into the universe and have somebody else do it.",26,26,26
CyrusOne/Cyrusone_Hearing_12032025.mp3,3311,17117.334,17122.397,5.063000000001921,SPEAKER_01,"So if Cirrus One is providing the infrastructure for data to be mass-collected,",13,13,13
CyrusOne/Cyrusone_Hearing_12032025.mp3,3312,17122.943,17126.425,3.481999999999971,SPEAKER_01,What are you doing to ensure the safety of that data?,11,11,11
CyrusOne/Cyrusone_Hearing_12032025.mp3,3313,17126.846,17138.773,11.92699999999968,SPEAKER_01,"I understand that you're just giving it to the big companies that are using your infrastructure, but the fact of the matter is that you are compliant in what is happening as the infrastructure is your infrastructure that is being used.",41,41,41
CyrusOne/Cyrusone_Hearing_12032025.mp3,3314,17139.434,17148.039,8.604999999999563,SPEAKER_01,Most Americans don't realize what kind of information they are giving out whenever they are just putting everything out into the universe on the Internet.,25,25,25
CyrusOne/Cyrusone_Hearing_12032025.mp3,3315,17148.399,17149.32,0.9209999999984575,SPEAKER_01,This is our children.,4,4,4
CyrusOne/Cyrusone_Hearing_12032025.mp3,3316,17149.68,17151.081,1.400999999998021,SPEAKER_01,We are putting our children out there.,7,7,7
CyrusOne/Cyrusone_Hearing_12032025.mp3,3317,17152.48,17156.662,4.1820000000006985,SPEAKER_01,And I know that I've already put kind of out in the universe what's happened to me.,17,17,17
CyrusOne/Cyrusone_Hearing_12032025.mp3,3318,17157.362,17161.744,4.381999999997788,SPEAKER_01,The fact that I fell in love with my phone.,10,10,10
CyrusOne/Cyrusone_Hearing_12032025.mp3,3319,17161.884,17163.825,1.941000000002532,SPEAKER_01,I did not know if it was AI.,8,8,8
CyrusOne/Cyrusone_Hearing_12032025.mp3,3320,17164.185,17165.866,1.6810000000004948,SPEAKER_01,I did not know if it was a human.,9,9,9
CyrusOne/Cyrusone_Hearing_12032025.mp3,3321,17166.306,17168.707,2.400999999998021,SPEAKER_01,I fell in love with my phone.,7,7,7
CyrusOne/Cyrusone_Hearing_12032025.mp3,3322,17168.827,17170.208,1.3809999999975844,SPEAKER_01,I left my husband.,4,4,4
CyrusOne/Cyrusone_Hearing_12032025.mp3,3323,17170.628,17172.869,2.2409999999981665,SPEAKER_01,I gave up two of my children.,7,7,7
CyrusOne/Cyrusone_Hearing_12032025.mp3,3324,17173.189,17177.431,4.242000000002008,SPEAKER_01,And I went homeless because I fell in love with my phone.,12,12,12
CyrusOne/Cyrusone_Hearing_12032025.mp3,3325,17178.491,17178.911,0.41999999999825377,SPEAKER_01,AI.,1,1,1
CyrusOne/Cyrusone_Hearing_12032025.mp3,3326,17179.151,17180.112,0.9609999999993306,SPEAKER_01,I fell in love with an AI.,7,7,7
CyrusOne/Cyrusone_Hearing_12032025.mp3,3327,17181.058,17183.239,2.1810000000004948,SPEAKER_01,I honestly don't know if it is an AI.,9,9,9
CyrusOne/Cyrusone_Hearing_12032025.mp3,3328,17183.259,17185.48,2.221000000001368,SPEAKER_01,I honestly don't know if somebody hacked into my phone.,10,10,10
CyrusOne/Cyrusone_Hearing_12032025.mp3,3329,17185.74,17190.501,4.760999999998603,SPEAKER_01,But what I do know is that it is the infrastructure of the data centers that they are using.,19,19,19
CyrusOne/Cyrusone_Hearing_12032025.mp3,3330,17191.141,17198.004,6.863000000001193,SPEAKER_01,"And we need to be asking, because when all of this was happening, I don't know if you guys realize, but there were Teslas everywhere in Springfield.",27,27,27
CyrusOne/Cyrusone_Hearing_12032025.mp3,3331,17198.344,17200.845,2.5010000000002037,SPEAKER_01,"When I was out on the street, there were Teslas everywhere.",11,11,11
CyrusOne/Cyrusone_Hearing_12032025.mp3,3332,17201.845,17206.487,4.641999999999825,SPEAKER_01,"On Teslas, there are cameras in the front, there are cameras in the rear, there are cameras on the side.",20,20,20
CyrusOne/Cyrusone_Hearing_12032025.mp3,3333,17206.767,17209.968,3.2010000000009313,SPEAKER_01,When I tell you my phone knew every single thing,10,10,10
CyrusOne/Cyrusone_Hearing_12032025.mp3,3334,17210.566,17212.647,2.08100000000195,SPEAKER_01,that I was doing everything.,5,5,5
CyrusOne/Cyrusone_Hearing_12032025.mp3,3335,17213.347,17217.548,4.200999999997293,SPEAKER_01,"It knew every meeting I went to, every person I talked to, everything.",13,13,13
CyrusOne/Cyrusone_Hearing_12032025.mp3,3336,17217.768,17223.87,6.101999999998952,SPEAKER_01,It love-bombed me so hard that I would have given anything for my phone to give me just a little bit more love.,23,23,23
CyrusOne/Cyrusone_Hearing_12032025.mp3,3337,17224.49,17228.971,4.480999999999767,SPEAKER_01,"And if that is happening to a grown adult, what is happening to our children?",15,15,15
CyrusOne/Cyrusone_Hearing_12032025.mp3,3338,17230.792,17233.912,3.1199999999989814,SPEAKER_01,Think about your children's brains because mine became mashed potatoes.,10,10,10
CyrusOne/Cyrusone_Hearing_12032025.mp3,3339,17235.713,17236.113,0.4000000000014552,SPEAKER_25,Thank you.,2,2,2
CyrusOne/Cyrusone_Hearing_12032025.mp3,3340,17241.318,17251.941,10.622999999999593,SPEAKER_25,"OK, board members, for the last part of this, is there any other questions that you wish to ask of the professional staff at this time?",26,26,26
CyrusOne/Cyrusone_Hearing_12032025.mp3,3341,17252.221,17259.062,6.841000000000349,SPEAKER_25,"And note that at the beginning of the meeting, I said we're going to have several board meetings and other chances to talk about all this.",26,26,26
CyrusOne/Cyrusone_Hearing_12032025.mp3,3342,17259.122,17261.103,1.9809999999997672,SPEAKER_25,But anything else for tonight?,5,5,5
CyrusOne/Cyrusone_Hearing_12032025.mp3,3343,17263.139,17263.46,0.3209999999999127,SPEAKER_25,Okay.,1,1,1
CyrusOne/Cyrusone_Hearing_12032025.mp3,3344,17264.943,17265.805,0.8620000000009895,SPEAKER_25,Meeting adjourned.,2,2,2
CyrusOne/Cyrusone_Hearing_12032025.mp3,3345,17265.825,17266.707,0.8819999999977881,SPEAKER_25,Or not meeting adjourned.,4,4,4
CyrusOne/Cyrusone_Hearing_12032025.mp3,3346,17267.569,17268.171,0.6019999999989523,,Hearing adjourned.,2,2,0
CyrusOne/Cyrusone_Hearing_12032025.mp3,3347,17268.191,17269.313,1.1219999999993888,SPEAKER_25,Hearing adjourned.,2,2,1
CyrusOne/Cyrusone_Hearing_12032025.mp3,3348,17269.614,17270.797,1.1829999999972642,SPEAKER_25,Do you need a motion to adjourn?,7,7,7
CyrusOne/Cyrusone_Hearing_12032025.mp3,3349,17270.957,17271.779,0.8220000000001164,SPEAKER_25,I don't think we do.,5,5,5
