term,count_h1_2025_12_03,count_h2_2026_03_23,log_odds_difference,z_score
question,63,12,1.443858137455332,4.605851751457894
mean,57,9,1.629409953729187,4.568472880199754
questions,53,10,1.4529073620717519,4.234323405124847
capacity,44,7,1.6214568558953761,4.0072166165169305
supply,39,3,2.336283438239609,3.944114443406256
energy,54,14,1.1375994570238888,3.806755770010724
projects,36,3,2.257815683963268,3.7971640685619903
power,57,16,1.0587132394780907,3.7546463990126173
demand,29,3,2.045290476395116,3.401573507763171
megawatts,28,4,1.7271643147021694,3.2516875679621657
think,108,51,0.5417599215155677,3.1958024455893312
utility,27,5,1.470447624121852,3.035205194171621
electricity,23,3,1.8166933904991645,2.980098410896328
market,25,1,2.9685656228698676,2.9754480994662926
miso,24,4,1.5746006151228515,2.931608248245588
different,27,6,1.289732888930664,2.869559125969975
buildings,30,8,1.1088589107479399,2.796591476178824
rates,22,4,1.4883908212806594,2.7521389191963985
cost,25,6,1.213293619576386,2.679341358166556
left,19,3,1.6278027153002963,2.6354486899202563
sound,17,2,1.9179825108497823,2.5856973076767416
generation,17,2,1.9179825108497823,2.5856973076767416
continue,18,3,1.5742818253728377,2.5384919553966796
natural,16,2,1.8581839381598346,2.495832202458474
cooling,16,2,1.8581839381598346,2.495832202458474
things,75,37,0.4975448690871245,2.4820229744606404
transmission,21,5,1.2210410784217194,2.4635300970901954
costs,21,5,1.2210410784217194,2.4635300970901954
county board,54,24,0.6012105288552387,2.456417582254426
hours,19,4,1.3430039808068273,2.452169010173374
pretty,17,3,1.517672438308626,2.4363173919401464
facilities,17,3,1.517672438308626,2.4363173919401464
way,40,16,0.7058657075064314,2.392332112325409
information,33,12,0.8005702314117586,2.3813882966968616
development,22,6,1.086255708668471,2.3668090609719057
online,14,1,2.4067080130846277,2.354992538944146
sir,14,1,2.4067080130846277,2.354992538944146
carbon,14,1,2.4067080130846277,2.354992538944146
hand,16,3,1.4575999834562863,2.3283480759461583
production,14,2,1.7263149592930107,2.2985957998168454
deal,14,2,1.7263149592930107,2.2985957998168454
help,23,7,0.9772915447334922,2.271234384600034
look,42,18,0.6371985870902295,2.2673048169788004
companies,21,6,1.040005188567247,2.2542640841928945
sure,45,20,0.6010308482941733,2.2417353263315865
gas,19,5,1.1216098809825814,2.2396380400464553
sorry,19,5,1.1216098809825814,2.2396380400464553
probably,19,5,1.1216098809825814,2.2396380400464553
price,12,1,2.255880649318839,2.19155843499705
example,12,1,2.255880649318839,2.19155843499705
summer,12,1,2.255880649318839,2.19155843499705
renewable,13,2,1.6530446069340892,2.189613047502977
board members,41,18,0.6131733192986859,2.1737943865356044
trying,29,11,0.7584694986253195,2.147626467156108
went,18,5,1.0678732856037545,2.1197650687839626
customers,16,4,1.1723951978000553,2.1053015433216418
region,16,4,1.1723951978000553,2.1053015433216418
load,16,4,1.1723951978000553,2.1053015433216418
plus,11,1,2.1705407867033353,2.0995494843905838
power plant,11,1,2.1705407867033353,2.0995494843905838
space,14,3,1.325184759033701,2.092202956570445
answer,14,3,1.325184759033701,2.092202956570445
value,14,3,1.325184759033701,2.092202956570445
line,25,9,0.8103544522250266,2.090421448458656
group,12,2,1.5738449790125113,2.0723539847021923
right,103,60,0.3320451964072699,2.048628097373736
given,21,7,0.8867824464979144,2.0379170760039482
generators,49,24,0.5042753347568167,2.0284751843512074
terms,19,6,0.940469211635377,2.0145580482795413
growth,19,6,0.940469211635377,2.0145580482795413
fair,10,1,2.0769101965539294,1.9989775612221663
permanent jobs,10,1,2.0769101965539294,1.9989775612221663
specific,10,1,2.0769101965539294,1.9989775612221663
responsible,10,1,2.0769101965539294,1.9989775612221663
moratorium,17,5,1.0110491715975316,1.9939420916931485
communities,24,9,0.7697097012582139,1.9745497243040766
chairman,13,3,1.25164245874228,1.9622824819269724
guess,11,2,1.4876834334588471,1.945493608544327
coalition,11,2,1.4876834334588471,1.945493608544327
got,37,17,0.5677690806288629,1.9422454901447297
grid,27,11,0.6872911824412951,1.9263057050329881
building,54,28,0.44754238688677006,1.9258818339511052
infrastructure,25,10,0.7055066980326892,1.8903930638113293
point,30,13,0.6259346192592306,1.889625356297725
understanding,9,1,1.9732390955577284,1.8880842377027314
utilities,9,1,1.9732390955577284,1.8880842377027314
seconds,9,1,1.9732390955577284,1.8880842377027314
brad,9,1,1.9732390955577284,1.8880842377027314
type,9,1,1.9732390955577284,1.8880842377027314
light,9,1,1.9732390955577284,1.8880842377027314
follow,9,1,1.9732390955577284,1.8880842377027314
economic,18,6,0.8866808918710145,1.8865606002927993
facility,28,12,0.6368929698627781,1.8503952811207107
central,14,4,1.039712613487909,1.8401915564516047
case,12,3,1.1721720589134632,1.8230080209293769
love,12,3,1.1721720589134632,1.8230080209293769
impacts,12,3,1.1721720589134632,1.8230080209293769
reliability,12,3,1.1721720589134632,1.8230080209293769
quick,10,2,1.3932316445671518,1.8073714302825812
plants,10,2,1.3932316445671518,1.8073714302825812
usage,10,2,1.3932316445671518,1.8073714302825812
come,45,23,0.4617435061856838,1.8053153301760216
revenue,24,10,0.6648458388985699,1.7708063473000406
amendments,8,1,1.857157919190982,1.76452077784063
customer,8,1,1.857157919190982,1.76452077784063
depreciation,8,1,1.857157919190982,1.76452077784063
failure,8,1,1.857157919190982,1.76452077784063
chillers,8,1,1.857157919190982,1.76452077784063
mr chairman,8,1,1.857157919190982,1.76452077784063
network,8,1,1.857157919190982,1.76452077784063
story,8,1,1.857157919190982,1.76452077784063
ground,8,1,1.857157919190982,1.76452077784063
looked,8,1,1.857157919190982,1.76452077784063
prairie,8,1,1.857157919190982,1.76452077784063
closed loop,8,1,1.857157919190982,1.76452077784063
kind,32,15,0.5477272655028749,1.7544048641011039
forward,15,5,0.8865684933567017,1.7220090110662447
hour,15,5,0.8865684933567017,1.7220090110662447
period,13,4,0.9660381945480774,1.6950335736622473
world,13,4,0.9660381945480774,1.6950335736622473
make sure,20,8,0.7053742579054791,1.6905315973514599
member,20,8,0.7053742579054791,1.6905315973514599
today,20,8,0.7053742579054791,1.6905315973514599
mentioned,20,8,0.7053742579054791,1.6905315973514599
closed,11,3,1.0857413462969756,1.6729956698159894
numbers,11,3,1.0857413462969756,1.6729956698159894
total,11,3,1.0857413462969756,1.6729956698159894
independent,9,2,1.288740689776267,1.6558709518323047
reasonable,9,2,1.288740689776267,1.6558709518323047
potential,9,2,1.288740689776267,1.6558709518323047
understand,18,7,0.7333500190368296,1.6507346753639511
rivers,7,1,1.7253449411669468,1.6250556427120693
mark,7,1,1.7253449411669468,1.6250556427120693
increasing,7,1,1.7253449411669468,1.6250556427120693
curious,7,1,1.7253449411669468,1.6250556427120693
raise hand,7,1,1.7253449411669468,1.6250556427120693
springfield utility,7,1,1.7253449411669468,1.6250556427120693
sam,7,1,1.7253449411669468,1.6250556427120693
scale,7,1,1.7253449411669468,1.6250556427120693
th,7,1,1.7253449411669468,1.6250556427120693
does mean,7,1,1.7253449411669468,1.6250556427120693
fine,7,1,1.7253449411669468,1.6250556427120693
higher,7,1,1.7253449411669468,1.6250556427120693
coalition springfield,7,1,1.7253449411669468,1.6250556427120693
talking,26,12,0.56304851316699,1.6171115020294524
backup,16,6,0.7694691269403586,1.6117729045175322
taxes,16,6,0.7694691269403586,1.6117729045175322
acres,21,9,0.6367266670045559,1.602102535074381
issue,21,9,0.6367266670045559,1.602102535074381
used,21,9,0.6367266670045559,1.602102535074381
permanent,14,5,0.8179257158318203,1.5744462157807868
happens,14,5,0.8179257158318203,1.5744462157807868
coming,41,22,0.41319204410038335,1.566740428194273
end,19,8,0.654294225727515,1.5563131807449395
big,27,13,0.5209334316262835,1.5466302373151342
earlier,12,4,0.8864371103973143,1.5400384215860459
raised,12,4,0.8864371103973143,1.5400384215860459
standard,12,4,0.8864371103973143,1.5400384215860459
doesn,30,15,0.48339098974973904,1.5319844486131053
build,30,15,0.48339098974973904,1.5319844486131053
times,22,10,0.5781654350836858,1.5195398107729479
profit,10,3,0.9910225957739884,1.5105445525162757
emissions,10,3,0.9910225957739884,1.5105445525162757
read,10,3,0.9910225957739884,1.5105445525162757
real,17,7,0.6764397209283679,1.510090450036438
available,17,7,0.6764397209283679,1.510090450036438
analysis,8,2,1.1718422996178957,1.4882413039446767
maintenance,8,2,1.1718422996178957,1.4882413039446767
locally,8,2,1.1718422996178957,1.4882413039446767
cirrus,8,2,1.1718422996178957,1.4882413039446767
rely,8,2,1.1718422996178957,1.4882413039446767
bringing,8,2,1.1718422996178957,1.4882413039446767
giving,8,2,1.1718422996178957,1.4882413039446767
bubble,6,1,1.5729360751490802,1.4650784677226392
strong,6,1,1.5729360751490802,1.4650784677226392
cetera,6,1,1.5729360751490802,1.4650784677226392
craig,6,1,1.5729360751490802,1.4650784677226392
zoning rules,6,1,1.5729360751490802,1.4650784677226392
prepared,6,1,1.5729360751490802,1.4650784677226392
particular,6,1,1.5729360751490802,1.4650784677226392
excuse,6,1,1.5729360751490802,1.4650784677226392
showed,6,1,1.5729360751490802,1.4650784677226392
personally,6,1,1.5729360751490802,1.4650784677226392
charge,6,1,1.5729360751490802,1.4650784677226392
professionals,6,1,1.5729360751490802,1.4650784677226392
quarter,6,1,1.5729360751490802,1.4650784677226392
think need,6,1,1.5729360751490802,1.4650784677226392
generating,6,1,1.5729360751490802,1.4650784677226392
transparency,6,1,1.5729360751490802,1.4650784677226392
et cetera,6,1,1.5729360751490802,1.4650784677226392
battery,6,1,1.5729360751490802,1.4650784677226392
necessarily,6,1,1.5729360751490802,1.4650784677226392
et,6,1,1.5729360751490802,1.4650784677226392
operational,6,1,1.5729360751490802,1.4650784677226392
cover,6,1,1.5729360751490802,1.4650784677226392
time,105,68,0.2261941159086902,1.4559023379141203
lot,53,31,0.3273669154768566,1.4507167539351953
appreciate,23,11,0.5275376759212245,1.4423256506169635
know,164,112,0.17351666417124978,1.418156110179825
took,13,5,0.7441755258311593,1.4179901370230912
came,18,8,0.6004448452602151,1.4164911729455751
issues,21,10,0.5318160767616691,1.3873458304598023
alliance,11,4,0.7998775770184974,1.373868627370717
gets,11,4,0.7998775770184974,1.373868627370717
growth alliance,11,4,0.7998775770184974,1.373868627370717
equipment,16,7,0.6160689032351305,1.3628146147794342
ve seen,9,3,0.8862677525025395,1.3335369301977327
perspective,9,3,0.8862677525025395,1.3335369301977327
provide,19,9,0.5370269508205396,1.3301978241685284
little bit,14,6,0.6365332535903443,1.3077655539333237
speak tonight,7,2,1.039216787223058,1.3008255165774991
investing,7,2,1.039216787223058,1.3008255165774991
renewable energy,7,2,1.039216787223058,1.3008255165774991
final,7,2,1.039216787223058,1.3008255165774991
prime,7,2,1.039216787223058,1.3008255165774991
climate,7,2,1.039216787223058,1.3008255165774991
roof,5,1,1.3923920407109112,1.277706480400633
contractors,5,1,1.3923920407109112,1.277706480400633
force,5,1,1.3923920407109112,1.277706480400633
controls,5,1,1.3923920407109112,1.277706480400633
october,5,1,1.3923920407109112,1.277706480400633
skilled,5,1,1.3923920407109112,1.277706480400633
worth,5,1,1.3923920407109112,1.277706480400633
contractor,5,1,1.3923920407109112,1.277706480400633
departments,5,1,1.3923920407109112,1.277706480400633
serving,5,1,1.3923920407109112,1.277706480400633
southern illinois,5,1,1.3923920407109112,1.277706480400633
opportunities,5,1,1.3923920407109112,1.277706480400633
yep,5,1,1.3923920407109112,1.277706480400633
consumption,5,1,1.3923920407109112,1.277706480400633
saying going,5,1,1.3923920407109112,1.277706480400633
runs,5,1,1.3923920407109112,1.277706480400633
decimals,5,1,1.3923920407109112,1.277706480400633
deep,5,1,1.3923920407109112,1.277706480400633
definitely,5,1,1.3923920407109112,1.277706480400633
roads,5,1,1.3923920407109112,1.277706480400633
designed,5,1,1.3923920407109112,1.277706480400633
mid,5,1,1.3923920407109112,1.277706480400633
operating,5,1,1.3923920407109112,1.277706480400633
prairie rivers,5,1,1.3923920407109112,1.277706480400633
agree,5,1,1.3923920407109112,1.277706480400633
making sure,5,1,1.3923920407109112,1.277706480400633
approximately,5,1,1.3923920407109112,1.277706480400633
laid,5,1,1.3923920407109112,1.277706480400633
quarter mile,5,1,1.3923920407109112,1.277706480400633
regards,5,1,1.3923920407109112,1.277706480400633
water usage,5,1,1.3923920407109112,1.277706480400633
personal,5,1,1.3923920407109112,1.277706480400633
instead,5,1,1.3923920407109112,1.277706480400633
don believe,5,1,1.3923920407109112,1.277706480400633
utility future,5,1,1.3923920407109112,1.277706480400633
reported,5,1,1.3923920407109112,1.277706480400633
talked,17,8,0.5435096500219521,1.2706213095604788
run,17,8,0.5435096500219521,1.2706213095604788
prices,24,0,6.11587291055907,1.2695750657550517
means,20,10,0.483200699924355,1.2503974902232469
illinois,62,39,0.25488805366748135,1.249555018518333
meetings,15,7,0.5517909994262737,1.2083091213143928
bit,15,7,0.5517909994262737,1.2083091213143928
central illinois,10,4,0.705032470171,1.1949133022297818
financial,10,4,0.705032470171,1.1949133022297818
developer,10,4,0.705032470171,1.1949133022297818
significant,10,4,0.705032470171,1.1949133022297818
substation,10,4,0.705032470171,1.1949133022297818
resources,10,4,0.705032470171,1.1949133022297818
presentation,18,9,0.4831588488929235,1.18613790643454
ll,61,39,0.2386476867661811,1.166238031369768
recc,20,0,6.1077508423998,1.1620311756575552
just,167,118,0.13939847063107447,1.161265937950565
taking,13,6,0.5627355820003785,1.1429028591729056
ameren,13,6,0.5627355820003785,1.1429028591729056
hall,8,3,0.7691098486989132,1.1392984699478057
board meeting,8,3,0.7691098486989132,1.1392984699478057
risks,8,3,0.7691098486989132,1.1392984699478057
plans,8,3,0.7691098486989132,1.1392984699478057
floor,8,3,0.7691098486989132,1.1392984699478057
lines,8,3,0.7691098486989132,1.1392984699478057
answered,8,3,0.7691098486989132,1.1392984699478057
loop,8,3,0.7691098486989132,1.1392984699478057
answers,8,3,0.7691098486989132,1.1392984699478057
class,8,3,0.7691098486989132,1.1392984699478057
slide,19,0,6.1052101869503845,1.1335520239423944
correct,18,0,6.102399240582394,1.1043383805167664
handle,6,2,0.8860034699302144,1.0886331745382665
southern,6,2,0.8860034699302144,1.0886331745382665
extremely,6,2,0.8860034699302144,1.0886331745382665
ann,6,2,0.8860034699302144,1.0886331745382665
lots,6,2,0.8860034699302144,1.0886331745382665
robert,6,2,0.8860034699302144,1.0886331745382665
providing,6,2,0.8860034699302144,1.0886331745382665
list,6,2,0.8860034699302144,1.0886331745382665
free,6,2,0.8860034699302144,1.0886331745382665
grow,6,2,0.8860034699302144,1.0886331745382665
learn,6,2,0.8860034699302144,1.0886331745382665
roughly,6,2,0.8860034699302144,1.0886331745382665
caused,6,2,0.8860034699302144,1.0886331745382665
systems,11,5,0.5778683233360384,1.0740012294657435
businesses,11,5,0.5778683233360384,1.0740012294657435
governments,4,1,1.1710863238715348,1.0520485760575944
associated,4,1,1.1710863238715348,1.0520485760575944
negative,4,1,1.1710863238715348,1.0520485760575944
entire campus,4,1,1.1710863238715348,1.0520485760575944
going come,4,1,1.1710863238715348,1.0520485760575944
joliet,4,1,1.1710863238715348,1.0520485760575944
engines,4,1,1.1710863238715348,1.0520485760575944
drainage,4,1,1.1710863238715348,1.0520485760575944
power grid,4,1,1.1710863238715348,1.0520485760575944
trying make,4,1,1.1710863238715348,1.0520485760575944
just saying,4,1,1.1710863238715348,1.0520485760575944
want ask,4,1,1.1710863238715348,1.0520485760575944
mitigation,4,1,1.1710863238715348,1.0520485760575944
economy,4,1,1.1710863238715348,1.0520485760575944
responsibility,4,1,1.1710863238715348,1.0520485760575944
going speak,4,1,1.1710863238715348,1.0520485760575944
ag,4,1,1.1710863238715348,1.0520485760575944
indiana,4,1,1.1710863238715348,1.0520485760575944
going know,4,1,1.1710863238715348,1.0520485760575944
afford,4,1,1.1710863238715348,1.0520485760575944
easily,4,1,1.1710863238715348,1.0520485760575944
creating,4,1,1.1710863238715348,1.0520485760575944
sort,4,1,1.1710863238715348,1.0520485760575944
event,4,1,1.1710863238715348,1.0520485760575944
zoning laws,4,1,1.1710863238715348,1.0520485760575944
lower,4,1,1.1710863238715348,1.0520485760575944
modeling,4,1,1.1710863238715348,1.0520485760575944
questions concerns,4,1,1.1710863238715348,1.0520485760575944
critical,4,1,1.1710863238715348,1.0520485760575944
residential,4,1,1.1710863238715348,1.0520485760575944
particularly,4,1,1.1710863238715348,1.0520485760575944
friends,4,1,1.1710863238715348,1.0520485760575944
going talk,4,1,1.1710863238715348,1.0520485760575944
waiting,4,1,1.1710863238715348,1.0520485760575944
wall,4,1,1.1710863238715348,1.0520485760575944
exposed,4,1,1.1710863238715348,1.0520485760575944
cases,4,1,1.1710863238715348,1.0520485760575944
interested,4,1,1.1710863238715348,1.0520485760575944
seriously,4,1,1.1710863238715348,1.0520485760575944
express,4,1,1.1710863238715348,1.0520485760575944
project just,4,1,1.1710863238715348,1.0520485760575944
mike,4,1,1.1710863238715348,1.0520485760575944
good job,4,1,1.1710863238715348,1.0520485760575944
megawatt,4,1,1.1710863238715348,1.0520485760575944
difficult,4,1,1.1710863238715348,1.0520485760575944
net,4,1,1.1710863238715348,1.0520485760575944
precious,4,1,1.1710863238715348,1.0520485760575944
reports,4,1,1.1710863238715348,1.0520485760575944
thank coming,4,1,1.1710863238715348,1.0520485760575944
picture,4,1,1.1710863238715348,1.0520485760575944
institute,4,1,1.1710863238715348,1.0520485760575944
rural electric,4,1,1.1710863238715348,1.0520485760575944
jobs permanent,4,1,1.1710863238715348,1.0520485760575944
don like,4,1,1.1710863238715348,1.0520485760575944
assume,4,1,1.1710863238715348,1.0520485760575944
position,4,1,1.1710863238715348,1.0520485760575944
fairly,4,1,1.1710863238715348,1.0520485760575944
say going,4,1,1.1710863238715348,1.0520485760575944
spring,4,1,1.1710863238715348,1.0520485760575944
dioxide,4,1,1.1710863238715348,1.0520485760575944
operate,14,7,0.4830670044962897,1.0459002222219587
important,23,13,0.3611063763487117,1.042838537503786
natural gas,15,0,6.091820924614984,1.011644033280829
additional,9,4,0.6001546028125979,1.0012154148284564
rate,9,4,0.6001546028125979,1.0012154148284564
points,9,4,0.6001546028125979,1.0012154148284564
share,9,4,0.6001546028125979,1.0012154148284564
say,71,48,0.1829823997437794,0.9810676002784792
board member,14,0,6.087332729618101,0.9787944524295225
existing,21,12,0.35018482503049775,0.9696955301768702
emergency,12,6,0.48301429319215927,0.9682262869682511
ve got,18,10,0.37820488009163356,0.9609416105328052
asking,15,8,0.4188133395193825,0.9587098631242671
possible,7,3,0.6362312428542651,0.9244006790958929
cut,7,3,0.6362312428542651,0.9244006790958929
wasn,7,3,0.6362312428542651,0.9244006790958929
organizations,7,3,0.6362312428542651,0.9244006790958929
farms,7,3,0.6362312428542651,0.9244006790958929
speaker,7,3,0.6362312428542651,0.9244006790958929
week,7,3,0.6362312428542651,0.9244006790958929
water use,7,3,0.6362312428542651,0.9244006790958929
northern,7,3,0.6362312428542651,0.9244006790958929
schools,7,3,0.6362312428542651,0.9244006790958929
don know,29,18,0.26786751298051215,0.8944564343246436
plant,19,11,0.3371280256294531,0.8916592335466992
process,19,11,0.3371280256294531,0.8916592335466992
doing,19,11,0.3371280256294531,0.8916592335466992
coal,10,5,0.48295343236731814,0.8837753447746373
new,40,26,0.22196317442757074,0.8827890653288278
service,16,9,0.36579304019042347,0.8797457132274268
separate,11,0,6.069221653920065,0.872841097836503
storage,11,0,6.069221653920065,0.872841097836503
estimate,11,0,6.069221653920065,0.872841097836503
talk,33,21,0.24304309773385402,0.8723573772403135
maybe,26,16,0.276390550281179,0.8715723062352732
allowing,5,2,0.704669198373832,0.8446459819658191
wait,5,2,0.704669198373832,0.8446459819658191
step,5,2,0.704669198373832,0.8446459819658191
control,5,2,0.704669198373832,0.8446459819658191
things want,5,2,0.704669198373832,0.8446459819658191
works,5,2,0.704669198373832,0.8446459819658191
taxing,5,2,0.704669198373832,0.8446459819658191
normal,5,2,0.704669198373832,0.8446459819658191
amendment,5,2,0.704669198373832,0.8446459819658191
neighboring,5,2,0.704669198373832,0.8446459819658191
medical,5,2,0.704669198373832,0.8446459819658191
slides,5,2,0.704669198373832,0.8446459819658191
professional,5,2,0.704669198373832,0.8446459819658191
just going,5,2,0.704669198373832,0.8446459819658191
march,5,2,0.704669198373832,0.8446459819658191
size,5,2,0.704669198373832,0.8446459819658191
largest,5,2,0.704669198373832,0.8446459819658191
created,5,2,0.704669198373832,0.8446459819658191
typically,5,2,0.704669198373832,0.8446459819658191
input,5,2,0.704669198373832,0.8446459819658191
thank time,5,2,0.704669198373832,0.8446459819658191
estimates,5,2,0.704669198373832,0.8446459819658191
commitment,5,2,0.704669198373832,0.8446459819658191
tenants,10,0,6.060896474342371,0.8345289060569294
able,20,12,0.30154910430551585,0.8274908759805464
wanted,20,12,0.30154910430551585,0.8274908759805464
company,20,12,0.30154910430551585,0.8274908759805464
regional,9,0,6.050823245040386,0.7943620716620667
supply demand,9,0,6.050823245040386,0.7943620716620667
future,24,15,0.26091190835758127,0.7942673472331582
bring,24,15,0.26091190835758127,0.7942673472331582
far,14,8,0.3500669734180395,0.7915105524950475
workforce,8,4,0.4828783085454802,0.7903780213396928
let know,8,4,0.4828783085454802,0.7903780213396928
phone,8,4,0.4828783085454802,0.7903780213396928
sign,8,4,0.4828783085454802,0.7903780213396928
effect,8,4,0.4828783085454802,0.7903780213396928
paying,8,4,0.4828783085454802,0.7903780213396928
putting,11,6,0.3963384612157128,0.7826288286222922
black,11,6,0.3963384612157128,0.7826288286222922
change,11,6,0.3963384612157128,0.7826288286222922
stop,11,6,0.3963384612157128,0.7826288286222922
prior,3,1,0.8853597743707748,0.7694950915389478
valuable,3,1,0.8853597743707748,0.7694950915389478
cameras,3,1,0.8853597743707748,0.7694950915389478
claim,3,1,0.8853597743707748,0.7694950915389478
grade,3,1,0.8853597743707748,0.7694950915389478
tend,3,1,0.8853597743707748,0.7694950915389478
utility rates,3,1,0.8853597743707748,0.7694950915389478
thank county,3,1,0.8853597743707748,0.7694950915389478
canman,3,1,0.8853597743707748,0.7694950915389478
funds,3,1,0.8853597743707748,0.7694950915389478
bunch,3,1,0.8853597743707748,0.7694950915389478
generators going,3,1,0.8853597743707748,0.7694950915389478
cool,3,1,0.8853597743707748,0.7694950915389478
keeps,3,1,0.8853597743707748,0.7694950915389478
project going,3,1,0.8853597743707748,0.7694950915389478
simple,3,1,0.8853597743707748,0.7694950915389478
pushing,3,1,0.8853597743707748,0.7694950915389478
going forward,3,1,0.8853597743707748,0.7694950915389478
million dollar,3,1,0.8853597743707748,0.7694950915389478
convenience cooperative,3,1,0.8853597743707748,0.7694950915389478
knowing,3,1,0.8853597743707748,0.7694950915389478
want remind,3,1,0.8853597743707748,0.7694950915389478
futures,3,1,0.8853597743707748,0.7694950915389478
say don,3,1,0.8853597743707748,0.7694950915389478
wanted make,3,1,0.8853597743707748,0.7694950915389478
proximity,3,1,0.8853597743707748,0.7694950915389478
mile away,3,1,0.8853597743707748,0.7694950915389478
changing,3,1,0.8853597743707748,0.7694950915389478
clean water,3,1,0.8853597743707748,0.7694950915389478
ceo,3,1,0.8853597743707748,0.7694950915389478
debt,3,1,0.8853597743707748,0.7694950915389478
stuff like,3,1,0.8853597743707748,0.7694950915389478
time period,3,1,0.8853597743707748,0.7694950915389478
major,3,1,0.8853597743707748,0.7694950915389478
owned,3,1,0.8853597743707748,0.7694950915389478
media,3,1,0.8853597743707748,0.7694950915389478
libraries,3,1,0.8853597743707748,0.7694950915389478
identify,3,1,0.8853597743707748,0.7694950915389478
recommendation,3,1,0.8853597743707748,0.7694950915389478
beautiful,3,1,0.8853597743707748,0.7694950915389478
prevention,3,1,0.8853597743707748,0.7694950915389478
test,3,1,0.8853597743707748,0.7694950915389478
manage,3,1,0.8853597743707748,0.7694950915389478
right know,3,1,0.8853597743707748,0.7694950915389478
volunteer,3,1,0.8853597743707748,0.7694950915389478
faster,3,1,0.8853597743707748,0.7694950915389478
don need,3,1,0.8853597743707748,0.7694950915389478
answer questions,3,1,0.8853597743707748,0.7694950915389478
materials,3,1,0.8853597743707748,0.7694950915389478
doesn exist,3,1,0.8853597743707748,0.7694950915389478
schools libraries,3,1,0.8853597743707748,0.7694950915389478
does county,3,1,0.8853597743707748,0.7694950915389478
ve talked,3,1,0.8853597743707748,0.7694950915389478
isn just,3,1,0.8853597743707748,0.7694950915389478
piece,3,1,0.8853597743707748,0.7694950915389478
mayor,3,1,0.8853597743707748,0.7694950915389478
hey,3,1,0.8853597743707748,0.7694950915389478
interesting,3,1,0.8853597743707748,0.7694950915389478
rivers network,3,1,0.8853597743707748,0.7694950915389478
overall,3,1,0.8853597743707748,0.7694950915389478
assurances,3,1,0.8853597743707748,0.7694950915389478
diamond solar,3,1,0.8853597743707748,0.7694950915389478
individuals,3,1,0.8853597743707748,0.7694950915389478
sangamon growth,3,1,0.8853597743707748,0.7694950915389478
illinois just,3,1,0.8853597743707748,0.7694950915389478
proven,3,1,0.8853597743707748,0.7694950915389478
things wrong,3,1,0.8853597743707748,0.7694950915389478
operates,3,1,0.8853597743707748,0.7694950915389478
leak,3,1,0.8853597743707748,0.7694950915389478
important thing,3,1,0.8853597743707748,0.7694950915389478
turned,3,1,0.8853597743707748,0.7694950915389478
leaving,3,1,0.8853597743707748,0.7694950915389478
thousand,3,1,0.8853597743707748,0.7694950915389478
just little,3,1,0.8853597743707748,0.7694950915389478
need jobs,3,1,0.8853597743707748,0.7694950915389478
remarks,3,1,0.8853597743707748,0.7694950915389478
energy capacity,3,1,0.8853597743707748,0.7694950915389478
emergency generators,3,1,0.8853597743707748,0.7694950915389478
social,3,1,0.8853597743707748,0.7694950915389478
like thank,3,1,0.8853597743707748,0.7694950915389478
board meetings,3,1,0.8853597743707748,0.7694950915389478
local people,3,1,0.8853597743707748,0.7694950915389478
electric convenience,3,1,0.8853597743707748,0.7694950915389478
independent operator,3,1,0.8853597743707748,0.7694950915389478
unknowns,3,1,0.8853597743707748,0.7694950915389478
events,3,1,0.8853597743707748,0.7694950915389478
solid,3,1,0.8853597743707748,0.7694950915389478
cycle,3,1,0.8853597743707748,0.7694950915389478
water coming,3,1,0.8853597743707748,0.7694950915389478
result,3,1,0.8853597743707748,0.7694950915389478
like know,8,0,6.038382620344345,0.7520396497908506
clarify,8,0,6.038382620344345,0.7520396497908506
delivery,8,0,6.038382620344345,0.7520396497908506
transmission line,8,0,6.038382620344345,0.7520396497908506
developers,8,0,6.038382620344345,0.7520396497908506
existing zoning,8,0,6.038382620344345,0.7520396497908506
wholesale,8,0,6.038382620344345,0.7520396497908506
yes sir,8,0,6.038382620344345,0.7520396497908506
local,44,30,0.17431669187924737,0.7376068645461331
second,15,9,0.30147514173618983,0.7164668891985686
large,15,9,0.30147514173618983,0.7164668891985686
electric,15,9,0.30147514173618983,0.7164668891985686
economic engine,7,0,6.0226229987382,0.7071684398584926
highlight,7,0,6.0226229987382,0.7071684398584926
households,7,0,6.0226229987382,0.7071684398584926
engineering,7,0,6.0226229987382,0.7071684398584926
engine,7,0,6.0226229987382,0.7071684398584926
addressed,7,0,6.0226229987382,0.7071684398584926
add,7,0,6.0226229987382,0.7071684398584926
expanding,7,0,6.0226229987382,0.7071684398584926
success,7,0,6.0226229987382,0.7071684398584926
corporate,7,0,6.0226229987382,0.7071684398584926
footprint,7,0,6.0226229987382,0.7071684398584926
projected,7,0,6.0226229987382,0.7071684398584926
places,12,7,0.32948704816483154,0.6942341373643257
looking,12,7,0.32948704816483154,0.6942341373643257
oh,12,7,0.32948704816483154,0.6942341373643257
happened,12,7,0.32948704816483154,0.6942341373643257
isn,12,7,0.32948704816483154,0.6942341373643257
legal,12,7,0.32948704816483154,0.6942341373643257
familiar,6,3,0.4827746604519554,0.684381331004098
explain,6,3,0.4827746604519554,0.684381331004098
electrical,6,3,0.4827746604519554,0.684381331004098
reduce,6,3,0.4827746604519554,0.684381331004098
backup generators,6,3,0.4827746604519554,0.684381331004098
access,6,3,0.4827746604519554,0.684381331004098
report,9,5,0.3780091873740927,0.679185838193743
running,9,5,0.3780091873740927,0.679185838193743
days,9,5,0.3780091873740927,0.679185838193743
told,9,5,0.3780091873740927,0.679185838193743
presentations,9,5,0.3780091873740927,0.679185838193743
saying,23,15,0.21847473069318113,0.6595660162902401
wondering,6,0,6.002002705608154,0.6592172008868077
growing,6,0,6.002002705608154,0.6592172008868077
going going,6,0,6.002002705608154,0.6592172008868077
provider,6,0,6.002002705608154,0.6592172008868077
broader,6,0,6.002002705608154,0.6592172008868077
speakers,6,0,6.002002705608154,0.6592172008868077
real quick,6,0,6.002002705608154,0.6592172008868077
northern illinois,6,0,6.002002705608154,0.6592172008868077
clarifying,6,0,6.002002705608154,0.6592172008868077
loads,6,0,6.002002705608154,0.6592172008868077
carbon free,6,0,6.002002705608154,0.6592172008868077
jeff,6,0,6.002002705608154,0.6592172008868077
prime land,6,0,6.002002705608154,0.6592172008868077
think important,6,0,6.002002705608154,0.6592172008868077
pick,6,0,6.002002705608154,0.6592172008868077
pruitt,6,0,6.002002705608154,0.6592172008868077
yield,6,0,6.002002705608154,0.6592172008868077
invested,6,0,6.002002705608154,0.6592172008868077
component,6,0,6.002002705608154,0.6592172008868077
increase,16,10,0.2608129595512887,0.6482865261190928
seen,16,10,0.2608129595512887,0.6482865261190928
level,20,13,0.2217720731830486,0.6237064828265222
promises,13,8,0.2762169014147302,0.6159357290493178
thing,52,37,0.131785513852809,0.6138699173786459
portfolio standard,5,0,5.973847234525989,0.6074361565897177
auction,5,0,5.973847234525989,0.6074361565897177
developed,5,0,5.973847234525989,0.6074361565897177
practices,5,0,5.973847234525989,0.6074361565897177
tony,5,0,5.973847234525989,0.6074361565897177
sheet,5,0,5.973847234525989,0.6074361565897177
added,5,0,5.973847234525989,0.6074361565897177
glad,5,0,5.973847234525989,0.6074361565897177
new generation,5,0,5.973847234525989,0.6074361565897177
land production,5,0,5.973847234525989,0.6074361565897177
fair market,5,0,5.973847234525989,0.6074361565897177
likely,5,0,5.973847234525989,0.6074361565897177
people come,5,0,5.973847234525989,0.6074361565897177
minutes left,5,0,5.973847234525989,0.6074361565897177
plumbing,5,0,5.973847234525989,0.6074361565897177
slow,5,0,5.973847234525989,0.6074361565897177
trade,5,0,5.973847234525989,0.6074361565897177
contracts,5,0,5.973847234525989,0.6074361565897177
portfolio,5,0,5.973847234525989,0.6074361565897177
deliver,5,0,5.973847234525989,0.6074361565897177
recognized,5,0,5.973847234525989,0.6074361565897177
tank,5,0,5.973847234525989,0.6074361565897177
fees,5,0,5.973847234525989,0.6074361565897177
market value,5,0,5.973847234525989,0.6074361565897177
unique,5,0,5.973847234525989,0.6074361565897177
dub,5,0,5.973847234525989,0.6074361565897177
white,5,0,5.973847234525989,0.6074361565897177
assurance,5,0,5.973847234525989,0.6074361565897177
primary,5,0,5.973847234525989,0.6074361565897177
mr pruitt,5,0,5.973847234525989,0.6074361565897177
generating capacity,5,0,5.973847234525989,0.6074361565897177
naperville,5,0,5.973847234525989,0.6074361565897177
levy,5,0,5.973847234525989,0.6074361565897177
eav,5,0,5.973847234525989,0.6074361565897177
large scale,5,0,5.973847234525989,0.6074361565897177
largely,5,0,5.973847234525989,0.6074361565897177
percentage,5,0,5.973847234525989,0.6074361565897177
financial assurance,5,0,5.973847234525989,0.6074361565897177
faq,5,0,5.973847234525989,0.6074361565897177
industry,17,11,0.22625870083173627,0.5858639304860157
didn,17,11,0.22625870083173627,0.5858639304860157
approved,10,6,0.3013821628137876,0.5848360820973931
allow,10,6,0.3013821628137876,0.5848360820973931
meeting,29,20,0.16280863616680374,0.5611906622492467
technology,7,4,0.3498879901947607,0.5594470460358305
cooperative,7,4,0.3498879901947607,0.5594470460358305
happy,7,4,0.3498879901947607,0.5594470460358305
needed,7,4,0.3498879901947607,0.5594470460358305
weeks,7,4,0.3498879901947607,0.5594470460358305
convenience,4,2,0.48259972264168205,0.5586591406627841
increases,4,2,0.48259972264168205,0.5586591406627841
global,4,2,0.48259972264168205,0.5586591406627841
local labor,4,2,0.48259972264168205,0.5586591406627841
similar,4,2,0.48259972264168205,0.5586591406627841
don really,4,2,0.48259972264168205,0.5586591406627841
union labor,4,2,0.48259972264168205,0.5586591406627841
know mean,4,2,0.48259972264168205,0.5586591406627841
keeping,4,2,0.48259972264168205,0.5586591406627841
sites,4,2,0.48259972264168205,0.5586591406627841
federal,4,2,0.48259972264168205,0.5586591406627841
thing going,4,2,0.48259972264168205,0.5586591406627841
things need,4,2,0.48259972264168205,0.5586591406627841
springfield sangamon,4,2,0.48259972264168205,0.5586591406627841
numerous,4,2,0.48259972264168205,0.5586591406627841
main,4,2,0.48259972264168205,0.5586591406627841
lose,4,2,0.48259972264168205,0.5586591406627841
multiple,4,2,0.48259972264168205,0.5586591406627841
fighting,4,2,0.48259972264168205,0.5586591406627841
driving,4,2,0.48259972264168205,0.5586591406627841
man,4,2,0.48259972264168205,0.5586591406627841
organized,4,2,0.48259972264168205,0.5586591406627841
authority,4,2,0.48259972264168205,0.5586591406627841
east,4,2,0.48259972264168205,0.5586591406627841
cleanup,4,2,0.48259972264168205,0.5586591406627841
diesel backup,4,2,0.48259972264168205,0.5586591406627841
op,4,2,0.48259972264168205,0.5586591406627841
know ve,4,2,0.48259972264168205,0.5586591406627841
gallons water,4,2,0.48259972264168205,0.5586591406627841
written,4,2,0.48259972264168205,0.5586591406627841
fully,4,2,0.48259972264168205,0.5586591406627841
actual,4,2,0.48259972264168205,0.5586591406627841
encourage,4,2,0.48259972264168205,0.5586591406627841
november,4,2,0.48259972264168205,0.5586591406627841
teach,4,2,0.48259972264168205,0.5586591406627841
positive,4,2,0.48259972264168205,0.5586591406627841
want talk,4,2,0.48259972264168205,0.5586591406627841
bonus depreciation,4,0,5.933069362579538,0.5507020576180246
localized,4,0,5.933069362579538,0.5507020576180246
enclosures,4,0,5.933069362579538,0.5507020576180246
timeline,4,0,5.933069362579538,0.5507020576180246
bonus,4,0,5.933069362579538,0.5507020576180246
legal effect,4,0,5.933069362579538,0.5507020576180246
second phase,4,0,5.933069362579538,0.5507020576180246
parties,4,0,5.933069362579538,0.5507020576180246
question know,4,0,5.933069362579538,0.5507020576180246
universe,4,0,5.933069362579538,0.5507020576180246
kilowatt,4,0,5.933069362579538,0.5507020576180246
just said,4,0,5.933069362579538,0.5507020576180246
just trying,4,0,5.933069362579538,0.5507020576180246
sign sheet,4,0,5.933069362579538,0.5507020576180246
kkr,4,0,5.933069362579538,0.5507020576180246
carbon dioxide,4,0,5.933069362579538,0.5507020576180246
waste,4,0,5.933069362579538,0.5507020576180246
contacted,4,0,5.933069362579538,0.5507020576180246
people working,4,0,5.933069362579538,0.5507020576180246
question mr,4,0,5.933069362579538,0.5507020576180246
continue prime,4,0,5.933069362579538,0.5507020576180246
evaluation,4,0,5.933069362579538,0.5507020576180246
retail,4,0,5.933069362579538,0.5507020576180246
loading,4,0,5.933069362579538,0.5507020576180246
somebody mentioned,4,0,5.933069362579538,0.5507020576180246
onsite,4,0,5.933069362579538,0.5507020576180246
answering,4,0,5.933069362579538,0.5507020576180246
domestic,4,0,5.933069362579538,0.5507020576180246
anthony,4,0,5.933069362579538,0.5507020576180246
math,4,0,5.933069362579538,0.5507020576180246
suppression,4,0,5.933069362579538,0.5507020576180246
mechanical,4,0,5.933069362579538,0.5507020576180246
tearing,4,0,5.933069362579538,0.5507020576180246
regional grid,4,0,5.933069362579538,0.5507020576180246
starting,4,0,5.933069362579538,0.5507020576180246
alderman,4,0,5.933069362579538,0.5507020576180246
dirt,4,0,5.933069362579538,0.5507020576180246
invest,4,0,5.933069362579538,0.5507020576180246
docks,4,0,5.933069362579538,0.5507020576180246
totally,4,0,5.933069362579538,0.5507020576180246
river,4,0,5.933069362579538,0.5507020576180246
introduce,4,0,5.933069362579538,0.5507020576180246
stories,4,0,5.933069362579538,0.5507020576180246
expressed,4,0,5.933069362579538,0.5507020576180246
averaged,4,0,5.933069362579538,0.5507020576180246
right just,4,0,5.933069362579538,0.5507020576180246
depends,4,0,5.933069362579538,0.5507020576180246
salmon,4,0,5.933069362579538,0.5507020576180246
members public,4,0,5.933069362579538,0.5507020576180246
loading docks,4,0,5.933069362579538,0.5507020576180246
dark,4,0,5.933069362579538,0.5507020576180246
connect,4,0,5.933069362579538,0.5507020576180246
reliability cost,4,0,5.933069362579538,0.5507020576180246
battery storage,4,0,5.933069362579538,0.5507020576180246
fell love,4,0,5.933069362579538,0.5507020576180246
fell,4,0,5.933069362579538,0.5507020576180246
power plants,4,0,5.933069362579538,0.5507020576180246
relative,4,0,5.933069362579538,0.5507020576180246
rural area,4,0,5.933069362579538,0.5507020576180246
pjm,4,0,5.933069362579538,0.5507020576180246
megawatts hour,4,0,5.933069362579538,0.5507020576180246
prevent,4,0,5.933069362579538,0.5507020576180246
mary,4,0,5.933069362579538,0.5507020576180246
nextera,4,0,5.933069362579538,0.5507020576180246
salmon county,4,0,5.933069362579538,0.5507020576180246
cascade,4,0,5.933069362579538,0.5507020576180246
regard,4,0,5.933069362579538,0.5507020576180246
know want,4,0,5.933069362579538,0.5507020576180246
colleagues,4,0,5.933069362579538,0.5507020576180246
know know,4,0,5.933069362579538,0.5507020576180246
goes way,4,0,5.933069362579538,0.5507020576180246
clarifying questions,4,0,5.933069362579538,0.5507020576180246
personal property,4,0,5.933069362579538,0.5507020576180246
pool,4,0,5.933069362579538,0.5507020576180246
pawnee,4,0,5.933069362579538,0.5507020576180246
students,4,0,5.933069362579538,0.5507020576180246
going need,4,0,5.933069362579538,0.5507020576180246
trying express,4,0,5.933069362579538,0.5507020576180246
public meeting,4,0,5.933069362579538,0.5507020576180246
purchasing,4,0,5.933069362579538,0.5507020576180246
clean energy,4,0,5.933069362579538,0.5507020576180246
steel,4,0,5.933069362579538,0.5507020576180246
central southern,4,0,5.933069362579538,0.5507020576180246
know don,4,0,5.933069362579538,0.5507020576180246
chemical,4,0,5.933069362579538,0.5507020576180246
prioritize,4,0,5.933069362579538,0.5507020576180246
portions,4,0,5.933069362579538,0.5507020576180246
structure,4,0,5.933069362579538,0.5507020576180246
year example,4,0,5.933069362579538,0.5507020576180246
equipped,4,0,5.933069362579538,0.5507020576180246
going,182,139,0.06144469937839414,0.5464536354180048
plan,14,9,0.2327131742369568,0.5457586901183497
states,14,9,0.2327131742369568,0.5457586901183497
working,22,15,0.17414995394185606,0.521080934664285
billion,11,7,0.2427834752471334,0.503153123042387
farmland,11,7,0.2427834752471334,0.503153123042387
generator,11,7,0.2427834752471334,0.503153123042387
toilets,3,0,5.868632387375829,0.48717852233132514
prevention systems,3,0,5.868632387375829,0.48717852233132514
know specific,3,0,5.868632387375829,0.48717852233132514
existing law,3,0,5.868632387375829,0.48717852233132514
deciding,3,0,5.868632387375829,0.48717852233132514
ll yield,3,0,5.868632387375829,0.48717852233132514
thank board,3,0,5.868632387375829,0.48717852233132514
marginalized,3,0,5.868632387375829,0.48717852233132514
coming tonight,3,0,5.868632387375829,0.48717852233132514
lighting,3,0,5.868632387375829,0.48717852233132514
job created,3,0,5.868632387375829,0.48717852233132514
users,3,0,5.868632387375829,0.48717852233132514
coming online,3,0,5.868632387375829,0.48717852233132514
transferable,3,0,5.868632387375829,0.48717852233132514
megawatts generating,3,0,5.868632387375829,0.48717852233132514
jeff thomas,3,0,5.868632387375829,0.48717852233132514
standpoint,3,0,5.868632387375829,0.48717852233132514
heard earlier,3,0,5.868632387375829,0.48717852233132514
deliver power,3,0,5.868632387375829,0.48717852233132514
tied,3,0,5.868632387375829,0.48717852233132514
sure just,3,0,5.868632387375829,0.48717852233132514
say things,3,0,5.868632387375829,0.48717852233132514
project approved,3,0,5.868632387375829,0.48717852233132514
dealers,3,0,5.868632387375829,0.48717852233132514
zone,3,0,5.868632387375829,0.48717852233132514
best practices,3,0,5.868632387375829,0.48717852233132514
exchange,3,0,5.868632387375829,0.48717852233132514
record,3,0,5.868632387375829,0.48717852233132514
specialized,3,0,5.868632387375829,0.48717852233132514
cwlp,3,0,5.868632387375829,0.48717852233132514
property line,3,0,5.868632387375829,0.48717852233132514
big reason,3,0,5.868632387375829,0.48717852233132514
jobs local,3,0,5.868632387375829,0.48717852233132514
customers going,3,0,5.868632387375829,0.48717852233132514
sangman,3,0,5.868632387375829,0.48717852233132514
information technology,3,0,5.868632387375829,0.48717852233132514
willing property,3,0,5.868632387375829,0.48717852233132514
fit,3,0,5.868632387375829,0.48717852233132514
valuation,3,0,5.868632387375829,0.48717852233132514
questions just,3,0,5.868632387375829,0.48717852233132514
final vote,3,0,5.868632387375829,0.48717852233132514
gas generators,3,0,5.868632387375829,0.48717852233132514
spell,3,0,5.868632387375829,0.48717852233132514
english dub,3,0,5.868632387375829,0.48717852233132514
know question,3,0,5.868632387375829,0.48717852233132514
exclusively,3,0,5.868632387375829,0.48717852233132514
spike,3,0,5.868632387375829,0.48717852233132514
scenario,3,0,5.868632387375829,0.48717852233132514
spirit,3,0,5.868632387375829,0.48717852233132514
water ground,3,0,5.868632387375829,0.48717852233132514
world class,3,0,5.868632387375829,0.48717852233132514
licata,3,0,5.868632387375829,0.48717852233132514
fest,3,0,5.868632387375829,0.48717852233132514
ve invested,3,0,5.868632387375829,0.48717852233132514
ferc,3,0,5.868632387375829,0.48717852233132514
allowing speak,3,0,5.868632387375829,0.48717852233132514
meetings county,3,0,5.868632387375829,0.48717852233132514
avoid,3,0,5.868632387375829,0.48717852233132514
ponds,3,0,5.868632387375829,0.48717852233132514
send,3,0,5.868632387375829,0.48717852233132514
asking questions,3,0,5.868632387375829,0.48717852233132514
prefab,3,0,5.868632387375829,0.48717852233132514
mean know,3,0,5.868632387375829,0.48717852233132514
ask questions,3,0,5.868632387375829,0.48717852233132514
apologize,3,0,5.868632387375829,0.48717852233132514
different things,3,0,5.868632387375829,0.48717852233132514
investors,3,0,5.868632387375829,0.48717852233132514
dioxide lines,3,0,5.868632387375829,0.48717852233132514
going county,3,0,5.868632387375829,0.48717852233132514
ask county,3,0,5.868632387375829,0.48717852233132514
going continue,3,0,5.868632387375829,0.48717852233132514
mean don,3,0,5.868632387375829,0.48717852233132514
know think,3,0,5.868632387375829,0.48717852233132514
hirschfeld,3,0,5.868632387375829,0.48717852233132514
scrambling,3,0,5.868632387375829,0.48717852233132514
pipeline,3,0,5.868632387375829,0.48717852233132514
arizona,3,0,5.868632387375829,0.48717852233132514
invest community,3,0,5.868632387375829,0.48717852233132514
neutral,3,0,5.868632387375829,0.48717852233132514
supply goes,3,0,5.868632387375829,0.48717852233132514
look like,3,0,5.868632387375829,0.48717852233132514
face,3,0,5.868632387375829,0.48717852233132514
fabricated,3,0,5.868632387375829,0.48717852233132514
teslas,3,0,5.868632387375829,0.48717852233132514
distribution,3,0,5.868632387375829,0.48717852233132514
reg,3,0,5.868632387375829,0.48717852233132514
incentives,3,0,5.868632387375829,0.48717852233132514
stuff know,3,0,5.868632387375829,0.48717852233132514
supplying,3,0,5.868632387375829,0.48717852233132514
aspects,3,0,5.868632387375829,0.48717852233132514
high skilled,3,0,5.868632387375829,0.48717852233132514
reduction,3,0,5.868632387375829,0.48717852233132514
didn sign,3,0,5.868632387375829,0.48717852233132514
know things,3,0,5.868632387375829,0.48717852233132514
took look,3,0,5.868632387375829,0.48717852233132514
notice,3,0,5.868632387375829,0.48717852233132514
rural communities,3,0,5.868632387375829,0.48717852233132514
host,3,0,5.868632387375829,0.48717852233132514
tools,3,0,5.868632387375829,0.48717852233132514
projects like,3,0,5.868632387375829,0.48717852233132514
combustion,3,0,5.868632387375829,0.48717852233132514
available locally,3,0,5.868632387375829,0.48717852233132514
publicly,3,0,5.868632387375829,0.48717852233132514
aurora illinois,3,0,5.868632387375829,0.48717852233132514
park,3,0,5.868632387375829,0.48717852233132514
unlikely,3,0,5.868632387375829,0.48717852233132514
answering questions,3,0,5.868632387375829,0.48717852233132514
series,3,0,5.868632387375829,0.48717852233132514
develop,3,0,5.868632387375829,0.48717852233132514
swimming,3,0,5.868632387375829,0.48717852233132514
going couple,3,0,5.868632387375829,0.48717852233132514
attract,3,0,5.868632387375829,0.48717852233132514
hospitals,3,0,5.868632387375829,0.48717852233132514
entirety,3,0,5.868632387375829,0.48717852233132514
developments,3,0,5.868632387375829,0.48717852233132514
septic,3,0,5.868632387375829,0.48717852233132514
assets,3,0,5.868632387375829,0.48717852233132514
assessments,3,0,5.868632387375829,0.48717852233132514
mechanical electrical,3,0,5.868632387375829,0.48717852233132514
assessed value,3,0,5.868632387375829,0.48717852233132514
assessed,3,0,5.868632387375829,0.48717852233132514
assembly,3,0,5.868632387375829,0.48717852233132514
transactions,3,0,5.868632387375829,0.48717852233132514
cme,3,0,5.868632387375829,0.48717852233132514
local governments,3,0,5.868632387375829,0.48717852233132514
activity,3,0,5.868632387375829,0.48717852233132514
gotten,3,0,5.868632387375829,0.48717852233132514
budgets,3,0,5.868632387375829,0.48717852233132514
lot things,3,0,5.868632387375829,0.48717852233132514
brownouts,3,0,5.868632387375829,0.48717852233132514
write,3,0,5.868632387375829,0.48717852233132514
post,3,0,5.868632387375829,0.48717852233132514
right way,3,0,5.868632387375829,0.48717852233132514
stronger,3,0,5.868632387375829,0.48717852233132514
tenants means,3,0,5.868632387375829,0.48717852233132514
illinois region,3,0,5.868632387375829,0.48717852233132514
ag industry,3,0,5.868632387375829,0.48717852233132514
capture,3,0,5.868632387375829,0.48717852233132514
shifts,3,0,5.868632387375829,0.48717852233132514
studies,3,0,5.868632387375829,0.48717852233132514
question going,3,0,5.868632387375829,0.48717852233132514
right right,3,0,5.868632387375829,0.48717852233132514
say want,3,0,5.868632387375829,0.48717852233132514
consume,3,0,5.868632387375829,0.48717852233132514
mic,3,0,5.868632387375829,0.48717852233132514
estimated,3,0,5.868632387375829,0.48717852233132514
boring,3,0,5.868632387375829,0.48717852233132514
concerned citizens,3,0,5.868632387375829,0.48717852233132514
obligations,3,0,5.868632387375829,0.48717852233132514
future want,3,0,5.868632387375829,0.48717852233132514
evening thank,3,0,5.868632387375829,0.48717852233132514
question want,3,0,5.868632387375829,0.48717852233132514
governing,3,0,5.868632387375829,0.48717852233132514
rising costs,3,0,5.868632387375829,0.48717852233132514
understood,3,0,5.868632387375829,0.48717852233132514
friday,3,0,5.868632387375829,0.48717852233132514
want let,3,0,5.868632387375829,0.48717852233132514
ops,3,0,5.868632387375829,0.48717852233132514
energy supply,3,0,5.868632387375829,0.48717852233132514
keeping mind,3,0,5.868632387375829,0.48717852233132514
cooling failure,3,0,5.868632387375829,0.48717852233132514
graph,3,0,5.868632387375829,0.48717852233132514
electrical plumbing,3,0,5.868632387375829,0.48717852233132514
zoning meetings,3,0,5.868632387375829,0.48717852233132514
subtracted,3,0,5.868632387375829,0.48717852233132514
ethan,3,0,5.868632387375829,0.48717852233132514
love phone,3,0,5.868632387375829,0.48717852233132514
success success,3,0,5.868632387375829,0.48717852233132514
adhering,3,0,5.868632387375829,0.48717852233132514
free power,3,0,5.868632387375829,0.48717852233132514
electric rates,3,0,5.868632387375829,0.48717852233132514
cetera et,3,0,5.868632387375829,0.48717852233132514
submit,3,0,5.868632387375829,0.48717852233132514
recc customers,3,0,5.868632387375829,0.48717852233132514
important know,3,0,5.868632387375829,0.48717852233132514
illustrate,3,0,5.868632387375829,0.48717852233132514
kilowatt hour,3,0,5.868632387375829,0.48717852233132514
mainly,3,0,5.868632387375829,0.48717852233132514
account,3,0,5.868632387375829,0.48717852233132514
replace jobs,3,0,5.868632387375829,0.48717852233132514
right ve,3,0,5.868632387375829,0.48717852233132514
midwest,3,0,5.868632387375829,0.48717852233132514
military,3,0,5.868632387375829,0.48717852233132514
imperative,3,0,5.868632387375829,0.48717852233132514
retention,3,0,5.868632387375829,0.48717852233132514
sons,3,0,5.868632387375829,0.48717852233132514
resource,3,0,5.868632387375829,0.48717852233132514
craig hall,3,0,5.868632387375829,0.48717852233132514
things happen,3,0,5.868632387375829,0.48717852233132514
sophisticated,3,0,5.868632387375829,0.48717852233132514
think board,3,0,5.868632387375829,0.48717852233132514
communities host,3,0,5.868632387375829,0.48717852233132514
hall space,3,0,5.868632387375829,0.48717852233132514
blue,3,0,5.868632387375829,0.48717852233132514
english,3,0,5.868632387375829,0.48717852233132514
retirement,3,0,5.868632387375829,0.48717852233132514
written remarks,3,0,5.868632387375829,0.48717852233132514
memo,3,0,5.868632387375829,0.48717852233132514
concrete steel,3,0,5.868632387375829,0.48717852233132514
flooding,3,0,5.868632387375829,0.48717852233132514
connected,3,0,5.868632387375829,0.48717852233132514
blackout,3,0,5.868632387375829,0.48717852233132514
enact,3,0,5.868632387375829,0.48717852233132514
missouri,3,0,5.868632387375829,0.48717852233132514
followed,3,0,5.868632387375829,0.48717852233132514
office building,3,0,5.868632387375829,0.48717852233132514
ran,3,0,5.868632387375829,0.48717852233132514
receiving,3,0,5.868632387375829,0.48717852233132514
office component,3,0,5.868632387375829,0.48717852233132514
local utility,3,0,5.868632387375829,0.48717852233132514
incorrect,3,0,5.868632387375829,0.48717852233132514
just don,3,0,5.868632387375829,0.48717852233132514
economic development,3,0,5.868632387375829,0.48717852233132514
organized labor,3,0,5.868632387375829,0.48717852233132514
statewide,3,0,5.868632387375829,0.48717852233132514
construction cost,3,0,5.868632387375829,0.48717852233132514
rising,3,0,5.868632387375829,0.48717852233132514
high,15,10,0.1964831879186164,0.4822188596683125
imagine,8,5,0.26067122252547126,0.4581923838272187
committed,8,5,0.26067122252547126,0.4581923838272187
remember,8,5,0.26067122252547126,0.4581923838272187
services,8,5,0.26067122252547126,0.4581923838272187
double,8,5,0.26067122252547126,0.4581923838272187
tax revenue,8,5,0.26067122252547126,0.4581923838272187
website,8,5,0.26067122252547126,0.4581923838272187
actually,24,17,0.13612572463257333,0.43022050945092205
goes,20,14,0.147896755766193,0.42522440865763517
entire,16,11,0.1658242598636237,0.4241835012677441
increase rates,2,0,5.751094416307291,0.4133998535955081
interconnection recc,2,0,5.751094416307291,0.4133998535955081
instituted,2,0,5.751094416307291,0.4133998535955081
presenters,2,0,5.751094416307291,0.4133998535955081
honestly don,2,0,5.751094416307291,0.4133998535955081
escalating utility,2,0,5.751094416307291,0.4133998535955081
sag aftra,2,0,5.751094416307291,0.4133998535955081
procure,2,0,5.751094416307291,0.4133998535955081
impacts wildlife,2,0,5.751094416307291,0.4133998535955081
estate,2,0,5.751094416307291,0.4133998535955081
times minutes,2,0,5.751094416307291,0.4133998535955081
estimate minimum,2,0,5.751094416307291,0.4133998535955081
locate,2,0,5.751094416307291,0.4133998535955081
hope understand,2,0,5.751094416307291,0.4133998535955081
intention,2,0,5.751094416307291,0.4133998535955081
local workers,2,0,5.751094416307291,0.4133998535955081
sag,2,0,5.751094416307291,0.4133998535955081
risks community,2,0,5.751094416307291,0.4133998535955081
little impact,2,0,5.751094416307291,0.4133998535955081
increase prices,2,0,5.751094416307291,0.4133998535955081
sagament,2,0,5.751094416307291,0.4133998535955081
sagament county,2,0,5.751094416307291,0.4133998535955081
unemployment,2,0,5.751094416307291,0.4133998535955081
use water,2,0,5.751094416307291,0.4133998535955081
operations,2,0,5.751094416307291,0.4133998535955081
rushed,2,0,5.751094416307291,0.4133998535955081
interconnection delivery,2,0,5.751094416307291,0.4133998535955081
outlook,2,0,5.751094416307291,0.4133998535955081
including meeting,2,0,5.751094416307291,0.4133998535955081
house cards,2,0,5.751094416307291,0.4133998535955081
seated,2,0,5.751094416307291,0.4133998535955081
exist places,2,0,5.751094416307291,0.4133998535955081
locked,2,0,5.751094416307291,0.4133998535955081
locates,2,0,5.751094416307291,0.4133998535955081
paths,2,0,5.751094416307291,0.4133998535955081
safety standards,2,0,5.751094416307291,0.4133998535955081
initiatives,2,0,5.751094416307291,0.4133998535955081
indicates,2,0,5.751094416307291,0.4133998535955081
indirectly,2,0,5.751094416307291,0.4133998535955081
profit investors,2,0,5.751094416307291,0.4133998535955081
pattern,2,0,5.751094416307291,0.4133998535955081
production build,2,0,5.751094416307291,0.4133998535955081
ryan,2,0,5.751094416307291,0.4133998535955081
whatsoever,2,0,5.751094416307291,0.4133998535955081
ryan mccready,2,0,5.751094416307291,0.4133998535955081
white space,2,0,5.751094416307291,0.4133998535955081
incompetence,2,0,5.751094416307291,0.4133998535955081
second floor,2,0,5.751094416307291,0.4133998535955081
exchange hours,2,0,5.751094416307291,0.4133998535955081
infrastructure company,2,0,5.751094416307291,0.4133998535955081
profit cyrus,2,0,5.751094416307291,0.4133998535955081
information tonight,2,0,5.751094416307291,0.4133998535955081
talking points,2,0,5.751094416307291,0.4133998535955081
industrial facilities,2,0,5.751094416307291,0.4133998535955081
example period,2,0,5.751094416307291,0.4133998535955081
exact,2,0,5.751094416307291,0.4133998535955081
inform,2,0,5.751094416307291,0.4133998535955081
path,2,0,5.751094416307291,0.4133998535955081
exactly sure,2,0,5.751094416307291,0.4133998535955081
logistical,2,0,5.751094416307291,0.4133998535955081
existing drainageways,2,0,5.751094416307291,0.4133998535955081
ll hear,2,0,5.751094416307291,0.4133998535955081
illinois general,2,0,5.751094416307291,0.4133998535955081
presented tonight,2,0,5.751094416307291,0.4133998535955081
evaluation estimates,2,0,5.751094416307291,0.4133998535955081
increased demand,2,0,5.751094416307291,0.4133998535955081
presently,2,0,5.751094416307291,0.4133998535955081
waverly mayor,2,0,5.751094416307291,0.4133998535955081
ll need,2,0,5.751094416307291,0.4133998535955081
long list,2,0,5.751094416307291,0.4133998535955081
hour electricity,2,0,5.751094416307291,0.4133998535955081
se,2,0,5.751094416307291,0.4133998535955081
ll prioritize,2,0,5.751094416307291,0.4133998535955081
outage,2,0,5.751094416307291,0.4133998535955081
hydrant,2,0,5.751094416307291,0.4133998535955081
important note,2,0,5.751094416307291,0.4133998535955081
evening county,2,0,5.751094416307291,0.4133998535955081
second time,2,0,5.751094416307291,0.4133998535955081
expanding workforce,2,0,5.751094416307291,0.4133998535955081
improvements,2,0,5.751094416307291,0.4133998535955081
illinois rivers,2,0,5.751094416307291,0.4133998535955081
tonight appreciate,2,0,5.751094416307291,0.4133998535955081
hours cooling,2,0,5.751094416307291,0.4133998535955081
equation,2,0,5.751094416307291,0.4133998535955081
professionally,2,0,5.751094416307291,0.4133998535955081
instantaneous,2,0,5.751094416307291,0.4133998535955081
illinois residents,2,0,5.751094416307291,0.4133998535955081
hours year,2,0,5.751094416307291,0.4133998535955081
talking dirt,2,0,5.751094416307291,0.4133998535955081
season,2,0,5.751094416307291,0.4133998535955081
wholesale market,2,0,5.751094416307291,0.4133998535955081
ll speaker,2,0,5.751094416307291,0.4133998535955081
escalating,2,0,5.751094416307291,0.4133998535955081
parking,2,0,5.751094416307291,0.4133998535955081
extent,2,0,5.751094416307291,0.4133998535955081
free electricity,2,0,5.751094416307291,0.4133998535955081
greater,2,0,5.751094416307291,0.4133998535955081
freeze,2,0,5.751094416307291,0.4133998535955081
taking acres,2,0,5.751094416307291,0.4133998535955081
tax levy,2,0,5.751094416307291,0.4133998535955081
winter,2,0,5.751094416307291,0.4133998535955081
prices don,2,0,5.751094416307291,0.4133998535955081
granted,2,0,5.751094416307291,0.4133998535955081
saying talking,2,0,5.751094416307291,0.4133998535955081
largest technology,2,0,5.751094416307291,0.4133998535955081
keith,2,0,5.751094416307291,0.4133998535955081
targeted,2,0,5.751094416307291,0.4133998535955081
orange,2,0,5.751094416307291,0.4133998535955081
grade school,2,0,5.751094416307291,0.4133998535955081
prices going,2,0,5.751094416307291,0.4133998535955081
governing zoning,2,0,5.751094416307291,0.4133998535955081
functionally,2,0,5.751094416307291,0.4133998535955081
got questions,2,0,5.751094416307291,0.4133998535955081
prices sangamon,2,0,5.751094416307291,0.4133998535955081
got just,2,0,5.751094416307291,0.4133998535955081
large industrial,2,0,5.751094416307291,0.4133998535955081
rules exist,2,0,5.751094416307291,0.4133998535955081
green light,2,0,5.751094416307291,0.4133998535955081
run economic,2,0,5.751094416307291,0.4133998535955081
good union,2,0,5.751094416307291,0.4133998535955081
project think,2,0,5.751094416307291,0.4133998535955081
just goes,2,0,5.751094416307291,0.4133998535955081
tap,2,0,5.751094416307291,0.4133998535955081
problem lying,2,0,5.751094416307291,0.4133998535955081
just highlight,2,0,5.751094416307291,0.4133998535955081
leguizamo,2,0,5.751094416307291,0.4133998535955081
use lot,2,0,5.751094416307291,0.4133998535955081
gulf mexico,2,0,5.751094416307291,0.4133998535955081
gulf,2,0,5.751094416307291,0.4133998535955081
guiding,2,0,5.751094416307291,0.4133998535955081
ownership,2,0,5.751094416307291,0.4133998535955081
left holding,2,0,5.751094416307291,0.4133998535955081
problem customer,2,0,5.751094416307291,0.4133998535955081
just local,2,0,5.751094416307291,0.4133998535955081
forward think,2,0,5.751094416307291,0.4133998535955081
growing industry,2,0,5.751094416307291,0.4133998535955081
just think,2,0,5.751094416307291,0.4133998535955081
gross corporate,2,0,5.751094416307291,0.4133998535955081
gross,2,0,5.751094416307291,0.4133998535955081
unit,2,0,5.751094416307291,0.4133998535955081
lead times,2,0,5.751094416307291,0.4133998535955081
ldrt,2,0,5.751094416307291,0.4133998535955081
project generate,2,0,5.751094416307291,0.4133998535955081
good thing,2,0,5.751094416307291,0.4133998535955081
habitat,2,0,5.751094416307291,0.4133998535955081
going try,2,0,5.751094416307291,0.4133998535955081
going thing,2,0,5.751094416307291,0.4133998535955081
say ll,2,0,5.751094416307291,0.4133998535955081
generators site,2,0,5.751094416307291,0.4133998535955081
taf law,2,0,5.751094416307291,0.4133998535955081
georgia,2,0,5.751094416307291,0.4133998535955081
tax appeal,2,0,5.751094416307291,0.4133998535955081
know recently,2,0,5.751094416307291,0.4133998535955081
use electricity,2,0,5.751094416307291,0.4133998535955081
going period,2,0,5.751094416307291,0.4133998535955081
labor force,2,0,5.751094416307291,0.4133998535955081
tax appeals,2,0,5.751094416307291,0.4133998535955081
project massive,2,0,5.751094416307291,0.4133998535955081
going looking,2,0,5.751094416307291,0.4133998535955081
say project,2,0,5.751094416307291,0.4133998535955081
know tell,2,0,5.751094416307291,0.4133998535955081
knowing coming,2,0,5.751094416307291,0.4133998535955081
going generators,2,0,5.751094416307291,0.4133998535955081
going employ,2,0,5.751094416307291,0.4133998535955081
goal,2,0,5.751094416307291,0.4133998535955081
partial,2,0,5.751094416307291,0.4133998535955081
opposition growing,2,0,5.751094416307291,0.4133998535955081
generator enclosures,2,0,5.751094416307291,0.4133998535955081
going use,2,0,5.751094416307291,0.4133998535955081
good thank,2,0,5.751094416307291,0.4133998535955081
say like,2,0,5.751094416307291,0.4133998535955081
know addition,2,0,5.751094416307291,0.4133998535955081
know alderman,2,0,5.751094416307291,0.4133998535955081
landscaping,2,0,5.751094416307291,0.4133998535955081
good minutes,2,0,5.751094416307291,0.4133998535955081
game,2,0,5.751094416307291,0.4133998535955081
landscape,2,0,5.751094416307291,0.4133998535955081
lands,2,0,5.751094416307291,0.4133998535955081
good example,2,0,5.751094416307291,0.4133998535955081
gas power,2,0,5.751094416307291,0.4133998535955081
general assembly,2,0,5.751094416307291,0.4133998535955081
general rule,2,0,5.751094416307291,0.4133998535955081
general ve,2,0,5.751094416307291,0.4133998535955081
rough,2,0,5.751094416307291,0.4133998535955081
weekly,2,0,5.751094416307291,0.4133998535955081
know district,2,0,5.751094416307291,0.4133998535955081
know got,2,0,5.751094416307291,0.4133998535955081
going yield,2,0,5.751094416307291,0.4133998535955081
rule people,2,0,5.751094416307291,0.4133998535955081
project proposed,2,0,5.751094416307291,0.4133998535955081
taf,2,0,5.751094416307291,0.4133998535955081
say know,2,0,5.751094416307291,0.4133998535955081
just given,2,0,5.751094416307291,0.4133998535955081
partly,2,0,5.751094416307291,0.4133998535955081
extractive,2,0,5.751094416307291,0.4133998535955081
isolates,2,0,5.751094416307291,0.4133998535955081
like sound,2,0,5.751094416307291,0.4133998535955081
help decision,2,0,5.751094416307291,0.4133998535955081
issue regional,2,0,5.751094416307291,0.4133998535955081
issues reliability,2,0,5.751094416307291,0.4133998535955081
hegman county,2,0,5.751094416307291,0.4133998535955081
far stuff,2,0,5.751094416307291,0.4133998535955081
swimming pool,2,0,5.751094416307291,0.4133998535955081
hegman,2,0,5.751094416307291,0.4133998535955081
farmer drainage,2,0,5.751094416307291,0.4133998535955081
like brad,2,0,5.751094416307291,0.4133998535955081
talk jobs,2,0,5.751094416307291,0.4133998535955081
farmland production,2,0,5.751094416307291,0.4133998535955081
japan,2,0,5.751094416307291,0.4133998535955081
jasmine,2,0,5.751094416307291,0.4133998535955081
jean,2,0,5.751094416307291,0.4133998535955081
school district,2,0,5.751094416307291,0.4133998535955081
like ahead,2,0,5.751094416307291,0.4133998535955081
fear,2,0,5.751094416307291,0.4133998535955081
feasible,2,0,5.751094416307291,0.4133998535955081
way people,2,0,5.751094416307291,0.4133998535955081
federal level,2,0,5.751094416307291,0.4133998535955081
help illustrate,2,0,5.751094416307291,0.4133998535955081
saldana john,2,0,5.751094416307291,0.4133998535955081
toilets sinks,2,0,5.751094416307291,0.4133998535955081
family family,2,0,5.751094416307291,0.4133998535955081
listening springfield,2,0,5.751094416307291,0.4133998535955081
holding bag,2,0,5.751094416307291,0.4133998535955081
hold second,2,0,5.751094416307291,0.4133998535955081
introduction,2,0,5.751094416307291,0.4133998535955081
facing,2,0,5.751094416307291,0.4133998535955081
hirschfeld prairie,2,0,5.751094416307291,0.4133998535955081
facto,2,0,5.751094416307291,0.4133998535955081
hint,2,0,5.751094416307291,0.4133998535955081
line goes,2,0,5.751094416307291,0.4133998535955081
organization,2,0,5.751094416307291,0.4133998535955081
failure generator,2,0,5.751094416307291,0.4133998535955081
talk second,2,0,5.751094416307291,0.4133998535955081
involved community,2,0,5.751094416307291,0.4133998535955081
faith,2,0,5.751094416307291,0.4133998535955081
lin manuel,2,0,5.751094416307291,0.4133998535955081
lin,2,0,5.751094416307291,0.4133998535955081
pretty good,2,0,5.751094416307291,0.4133998535955081
passed moratoriums,2,0,5.751094416307291,0.4133998535955081
likelihood,2,0,5.751094416307291,0.4133998535955081
high prices,2,0,5.751094416307291,0.4133998535955081
saldana,2,0,5.751094416307291,0.4133998535955081
urge look,2,0,5.751094416307291,0.4133998535955081
scheduled retirement,2,0,5.751094416307291,0.4133998535955081
lessons,2,0,5.751094416307291,0.4133998535955081
findings,2,0,5.751094416307291,0.4133998535955081
happy provide,2,0,5.751094416307291,0.4133998535955081
happens supply,2,0,5.751094416307291,0.4133998535955081
scarce resource,2,0,5.751094416307291,0.4133998535955081
fired,2,0,5.751094416307291,0.4133998535955081
july zoning,2,0,5.751094416307291,0.4133998535955081
sangman growth,2,0,5.751094416307291,0.4133998535955081
fixtures,2,0,5.751094416307291,0.4133998535955081
june,2,0,5.751094416307291,0.4133998535955081
projection,2,0,5.751094416307291,0.4133998535955081
tonight ll,2,0,5.751094416307291,0.4133998535955081
owner infrastructure,2,0,5.751094416307291,0.4133998535955081
jurisdictions,2,0,5.751094416307291,0.4133998535955081
let start,2,0,5.751094416307291,0.4133998535955081
flow,2,0,5.751094416307291,0.4133998535955081
hamilton,2,0,5.751094416307291,0.4133998535955081
scaled,2,0,5.751094416307291,0.4133998535955081
way think,2,0,5.751094416307291,0.4133998535955081
lessons learned,2,0,5.751094416307291,0.4133998535955081
half sangamon,2,0,5.751094416307291,0.4133998535955081
just couple,2,0,5.751094416307291,0.4133998535955081
follow question,2,0,5.751094416307291,0.4133998535955081
john leguizamo,2,0,5.751094416307291,0.4133998535955081
level ai,2,0,5.751094416307291,0.4133998535955081
going build,2,0,5.751094416307291,0.4133998535955081
filter,2,0,5.751094416307291,0.4133998535955081
light entire,2,0,5.751094416307291,0.4133998535955081
wildlife livestock,2,0,5.751094416307291,0.4133998535955081
jobs act,2,0,5.751094416307291,0.4133998535955081
jobs cirrus,2,0,5.751094416307291,0.4133998535955081
jobs coming,2,0,5.751094416307291,0.4133998535955081
runoff,2,0,5.751094416307291,0.4133998535955081
running time,2,0,5.751094416307291,0.4133998535955081
robert hirschfeld,2,0,5.751094416307291,0.4133998535955081
way question,2,0,5.751094416307291,0.4133998535955081
overview,2,0,5.751094416307291,0.4133998535955081
jobs separate,2,0,5.751094416307291,0.4133998535955081
tonight going,2,0,5.751094416307291,0.4133998535955081
tonight hearing,2,0,5.751094416307291,0.4133998535955081
joel,2,0,5.751094416307291,0.4133998535955081
projections,2,0,5.751094416307291,0.4133998535955081
level ve,2,0,5.751094416307291,0.4133998535955081
joel benoit,2,0,5.751094416307291,0.4133998535955081
level averaged,2,0,5.751094416307291,0.4133998535955081
filed,2,0,5.751094416307291,0.4133998535955081
parts,2,0,5.751094416307291,0.4133998535955081
filling,2,0,5.751094416307291,0.4133998535955081
light pollution,2,0,5.751094416307291,0.4133998535955081
delgiano,2,0,5.751094416307291,0.4133998535955081
entitled,2,0,5.751094416307291,0.4133998535955081
thank question,2,0,5.751094416307291,0.4133998535955081
site site,2,0,5.751094416307291,0.4133998535955081
buildings imagine,2,0,5.751094416307291,0.4133998535955081
building year,2,0,5.751094416307291,0.4133998535955081
building standards,2,0,5.751094416307291,0.4133998535955081
building sorry,2,0,5.751094416307291,0.4133998535955081
building process,2,0,5.751094416307291,0.4133998535955081
sitting right,2,0,5.751094416307291,0.4133998535955081
thousand acres,2,0,5.751094416307291,0.4133998535955081
phases,2,0,5.751094416307291,0.4133998535955081
mitigation plan,2,0,5.751094416307291,0.4133998535955081
building buildings,2,0,5.751094416307291,0.4133998535955081
build thing,2,0,5.751094416307291,0.4133998535955081
build new,2,0,5.751094416307291,0.4133998535955081
build mean,2,0,5.751094416307291,0.4133998535955081
bugging,2,0,5.751094416307291,0.4133998535955081
built just,2,0,5.751094416307291,0.4133998535955081
site ground,2,0,5.751094416307291,0.4133998535955081
sky,2,0,5.751094416307291,0.4133998535955081
bus,2,0,5.751094416307291,0.4133998535955081
point think,2,0,5.751094416307291,0.4133998535955081
capacity neighboring,2,0,5.751094416307291,0.4133998535955081
capacity market,2,0,5.751094416307291,0.4133998535955081
pgm,2,0,5.751094416307291,0.4133998535955081
capacity charge,2,0,5.751094416307291,0.4133998535955081
renewable portfolio,2,0,5.751094416307291,0.4133998535955081
miso right,2,0,5.751094416307291,0.4133998535955081
miso said,2,0,5.751094416307291,0.4133998535955081
phase happens,2,0,5.751094416307291,0.4133998535955081
question just,2,0,5.751094416307291,0.4133998535955081
mission critical,2,0,5.751094416307291,0.4133998535955081
phased,2,0,5.751094416307291,0.4133998535955081
button,2,0,5.751094416307291,0.4133998535955081
sinks,2,0,5.751094416307291,0.4133998535955081
site designed,2,0,5.751094416307291,0.4133998535955081
budget,2,0,5.751094416307291,0.4133998535955081
broken,2,0,5.751094416307291,0.4133998535955081
benefit rural,2,0,5.751094416307291,0.4133998535955081
rely existing,2,0,5.751094416307291,0.4133998535955081
want companies,2,0,5.751094416307291,0.4133998535955081
board office,2,0,5.751094416307291,0.4133998535955081
board board,2,0,5.751094416307291,0.4133998535955081
blue collar,2,0,5.751094416307291,0.4133998535955081
sound issue,2,0,5.751094416307291,0.4133998535955081
south half,2,0,5.751094416307291,0.4133998535955081
blackouts,2,0,5.751094416307291,0.4133998535955081
biodiversity,2,0,5.751094416307291,0.4133998535955081
questions cyrus,2,0,5.751094416307291,0.4133998535955081
billion projects,2,0,5.751094416307291,0.4133998535955081
billion dollars,2,0,5.751094416307291,0.4133998535955081
special service,2,0,5.751094416307291,0.4133998535955081
money come,2,0,5.751094416307291,0.4133998535955081
bid,2,0,5.751094416307291,0.4133998535955081
reliance,2,0,5.751094416307291,0.4133998535955081
ve come,2,0,5.751094416307291,0.4133998535955081
questions come,2,0,5.751094416307291,0.4133998535955081
bring renewable,2,0,5.751094416307291,0.4133998535955081
board ve,2,0,5.751094416307291,0.4133998535955081
slide question,2,0,5.751094416307291,0.4133998535955081
slides just,2,0,5.751094416307291,0.4133998535955081
brian,2,0,5.751094416307291,0.4133998535955081
small businesses,2,0,5.751094416307291,0.4133998535955081
brad shivey,2,0,5.751094416307291,0.4133998535955081
box,2,0,5.751094416307291,0.4133998535955081
thank tony,2,0,5.751094416307291,0.4133998535955081
born raised,2,0,5.751094416307291,0.4133998535955081
born,2,0,5.751094416307291,0.4133998535955081
noise attenuation,2,0,5.751094416307291,0.4133998535955081
social media,2,0,5.751094416307291,0.4133998535955081
solar array,2,0,5.751094416307291,0.4133998535955081
relying,2,0,5.751094416307291,0.4133998535955081
questions believe,2,0,5.751094416307291,0.4133998535955081
solar project,2,0,5.751094416307291,0.4133998535955081
carbondale,2,0,5.751094416307291,0.4133998535955081
cardboard,2,0,5.751094416307291,0.4133998535955081
miso footprint,2,0,5.751094416307291,0.4133998535955081
million year,2,0,5.751094416307291,0.4133998535955081
collar class,2,0,5.751094416307291,0.4133998535955081
collar,2,0,5.751094416307291,0.4133998535955081
cme online,2,0,5.751094416307291,0.4133998535955081
purchasing carbon,2,0,5.751094416307291,0.4133998535955081
requires gallons,2,0,5.751094416307291,0.4133998535955081
clinton,2,0,5.751094416307291,0.4133998535955081
climate neutral,2,0,5.751094416307291,0.4133998535955081
stuff goes,2,0,5.751094416307291,0.4133998535955081
tier emission,2,0,5.751094416307291,0.4133998535955081
look way,2,0,5.751094416307291,0.4133998535955081
year know,2,0,5.751094416307291,0.4133998535955081
clarifying question,2,0,5.751094416307291,0.4133998535955081
clarify ve,2,0,5.751094416307291,0.4133998535955081
clarified,2,0,5.751094416307291,0.4133998535955081
cj,2,0,5.751094416307291,0.4133998535955081
pulling,2,0,5.751094416307291,0.4133998535955081
collection,2,0,5.751094416307291,0.4133998535955081
question cyrus,2,0,5.751094416307291,0.4133998535955081
shortage,2,0,5.751094416307291,0.4133998535955081
shivey,2,0,5.751094416307291,0.4133998535955081
public services,2,0,5.751094416307291,0.4133998535955081
shock,2,0,5.751094416307291,0.4133998535955081
year city,2,0,5.751094416307291,0.4133998535955081
commerce,2,0,5.751094416307291,0.4133998535955081
utility utility,2,0,5.751094416307291,0.4133998535955081
coming pike,2,0,5.751094416307291,0.4133998535955081
comes online,2,0,5.751094416307291,0.4133998535955081
short end,2,0,5.751094416307291,0.4133998535955081
come online,2,0,5.751094416307291,0.4133998535955081
come meet,2,0,5.751094416307291,0.4133998535955081
come business,2,0,5.751094416307291,0.4133998535955081
combination right,2,0,5.751094416307291,0.4133998535955081
combination,2,0,5.751094416307291,0.4133998535955081
wanted clarify,2,0,5.751094416307291,0.4133998535955081
civil,2,0,5.751094416307291,0.4133998535955081
notes,2,0,5.751094416307291,0.4133998535955081
city planner,2,0,5.751094416307291,0.4133998535955081
minimum day,2,0,5.751094416307291,0.4133998535955081
change building,2,0,5.751094416307291,0.4133998535955081
value estimate,2,0,5.751094416307291,0.4133998535955081
want highlight,2,0,5.751094416307291,0.4133998535955081
celebrating,2,0,5.751094416307291,0.4133998535955081
structure trying,2,0,5.751094416307291,0.4133998535955081
cast,2,0,5.751094416307291,0.4133998535955081
cascade light,2,0,5.751094416307291,0.4133998535955081
miranda,2,0,5.751094416307291,0.4133998535955081
miranda zoe,2,0,5.751094416307291,0.4133998535955081
careers,2,0,5.751094416307291,0.4133998535955081
question brad,2,0,5.751094416307291,0.4133998535955081
question came,2,0,5.751094416307291,0.4133998535955081
valves,2,0,5.751094416307291,0.4133998535955081
thank lori,2,0,5.751094416307291,0.4133998535955081
structural,2,0,5.751094416307291,0.4133998535955081
charges,2,0,5.751094416307291,0.4133998535955081
charges energy,2,0,5.751094416307291,0.4133998535955081
trading,2,0,5.751094416307291,0.4133998535955081
studio,2,0,5.751094416307291,0.4133998535955081
require financial,2,0,5.751094416307291,0.4133998535955081
want replace,2,0,5.751094416307291,0.4133998535955081
thrown,2,0,5.751094416307291,0.4133998535955081
shows,2,0,5.751094416307291,0.4133998535955081
chose site,2,0,5.751094416307291,0.4133998535955081
chose,2,0,5.751094416307291,0.4133998535955081
chime,2,0,5.751094416307291,0.4133998535955081
chicago mercantile,2,0,5.751094416307291,0.4133998535955081
chillers noise,2,0,5.751094416307291,0.4133998535955081
putting money,2,0,5.751094416307291,0.4133998535955081
minute period,2,0,5.751094416307291,0.4133998535955081
putting plant,2,0,5.751094416307291,0.4133998535955081
want note,2,0,5.751094416307291,0.4133998535955081
want need,2,0,5.751094416307291,0.4133998535955081
benoit,2,0,5.751094416307291,0.4133998535955081
spiked,2,0,5.751094416307291,0.4133998535955081
time building,2,0,5.751094416307291,0.4133998535955081
razor,2,0,5.751094416307291,0.4133998535955081
zoe saldana,2,0,5.751094416307291,0.4133998535955081
aligned,2,0,5.751094416307291,0.4133998535955081
reaction,2,0,5.751094416307291,0.4133998535955081
recommended postponing,2,0,5.751094416307291,0.4133998535955081
things don,2,0,5.751094416307291,0.4133998535955081
ai spits,2,0,5.751094416307291,0.4133998535955081
ai honestly,2,0,5.751094416307291,0.4133998535955081
things going,2,0,5.751094416307291,0.4133998535955081
ai companies,2,0,5.751094416307291,0.4133998535955081
things grow,2,0,5.751094416307291,0.4133998535955081
things guess,2,0,5.751094416307291,0.4133998535955081
zones,2,0,5.751094416307291,0.4133998535955081
need workforce,2,0,5.751094416307291,0.4133998535955081
think got,2,0,5.751094416307291,0.4133998535955081
real estate,2,0,5.751094416307291,0.4133998535955081
zoe,2,0,5.751094416307291,0.4133998535955081
munis,2,0,5.751094416307291,0.4133998535955081
think good,2,0,5.751094416307291,0.4133998535955081
stated times,2,0,5.751094416307291,0.4133998535955081
answers questions,2,0,5.751094416307291,0.4133998535955081
answered question,2,0,5.751094416307291,0.4133998535955081
answer question,2,0,5.751094416307291,0.4133998535955081
answer people,2,0,5.751094416307291,0.4133998535955081
plas,2,0,5.751094416307291,0.4133998535955081
announcement,2,0,5.751094416307291,0.4133998535955081
thing want,2,0,5.751094416307291,0.4133998535955081
reduce emissions,2,0,5.751094416307291,0.4133998535955081
amendments zoning,2,0,5.751094416307291,0.4133998535955081
plants coming,2,0,5.751094416307291,0.4133998535955081
recycle,2,0,5.751094416307291,0.4133998535955081
alright,2,0,5.751094416307291,0.4133998535955081
think ll,2,0,5.751094416307291,0.4133998535955081
municipal,2,0,5.751094416307291,0.4133998535955081
negative effect,2,0,5.751094416307291,0.4133998535955081
zoning approval,2,0,5.751094416307291,0.4133998535955081
nationally,2,0,5.751094416307291,0.4133998535955081
believes,2,0,5.751094416307291,0.4133998535955081
actively involved,2,0,5.751094416307291,0.4133998535955081
really know,2,0,5.751094416307291,0.4133998535955081
trapped,2,0,5.751094416307291,0.4133998535955081
acres taken,2,0,5.751094416307291,0.4133998535955081
acres production,2,0,5.751094416307291,0.4133998535955081
acres prime,2,0,5.751094416307291,0.4133998535955081
need important,2,0,5.751094416307291,0.4133998535955081
plan invest,2,0,5.751094416307291,0.4133998535955081
reasonable belief,2,0,5.751094416307291,0.4133998535955081
things work,2,0,5.751094416307291,0.4133998535955081
need focus,2,0,5.751094416307291,0.4133998535955081
absolute,2,0,5.751094416307291,0.4133998535955081
absent,2,0,5.751094416307291,0.4133998535955081
think big,2,0,5.751094416307291,0.4133998535955081
vet,2,0,5.751094416307291,0.4133998535955081
step forward,2,0,5.751094416307291,0.4133998535955081
actively,2,0,5.751094416307291,0.4133998535955081
activities,2,0,5.751094416307291,0.4133998535955081
aftra,2,0,5.751094416307291,0.4133998535955081
actually able,2,0,5.751094416307291,0.4133998535955081
stood,2,0,5.751094416307291,0.4133998535955081
naturally,2,0,5.751094416307291,0.4133998535955081
zoning committee,2,0,5.751094416307291,0.4133998535955081
verify,2,0,5.751094416307291,0.4133998535955081
think fairly,2,0,5.751094416307291,0.4133998535955081
planner joliet,2,0,5.751094416307291,0.4133998535955081
planner,2,0,5.751094416307291,0.4133998535955081
stick,2,0,5.751094416307291,0.4133998535955081
adopt,2,0,5.751094416307291,0.4133998535955081
recc network,2,0,5.751094416307291,0.4133998535955081
transportation,2,0,5.751094416307291,0.4133998535955081
sterling alexander,2,0,5.751094416307291,0.4133998535955081
sterling,2,0,5.751094416307291,0.4133998535955081
vertically,2,0,5.751094416307291,0.4133998535955081
need make,2,0,5.751094416307291,0.4133998535955081
anthony hamilton,2,0,5.751094416307291,0.4133998535955081
neighborhood,2,0,5.751094416307291,0.4133998535955081
anticipating,2,0,5.751094416307291,0.4133998535955081
baker tank,2,0,5.751094416307291,0.4133998535955081
bag,2,0,5.751094416307291,0.4133998535955081
bacteria,2,0,5.751094416307291,0.4133998535955081
physical maintenance,2,0,5.751094416307291,0.4133998535955081
backup new,2,0,5.751094416307291,0.4133998535955081
backup going,2,0,5.751094416307291,0.4133998535955081
quick yes,2,0,5.751094416307291,0.4133998535955081
relate,2,0,5.751094416307291,0.4133998535955081
new york,2,0,5.751094416307291,0.4133998535955081
awareness,2,0,5.751094416307291,0.4133998535955081
new supply,2,0,5.751094416307291,0.4133998535955081
waiting happens,2,0,5.751094416307291,0.4133998535955081
averaged entire,2,0,5.751094416307291,0.4133998535955081
picture right,2,0,5.751094416307291,0.4133998535955081
picturing,2,0,5.751094416307291,0.4133998535955081
auction prices,2,0,5.751094416307291,0.4133998535955081
baker,2,0,5.751094416307291,0.4133998535955081
balance,2,0,5.751094416307291,0.4133998535955081
mr licata,2,0,5.751094416307291,0.4133998535955081
theory,2,0,5.751094416307291,0.4133998535955081
night driving,2,0,5.751094416307291,0.4133998535955081
questions project,2,0,5.751094416307291,0.4133998535955081
spits,2,0,5.751094416307291,0.4133998535955081
begin,2,0,5.751094416307291,0.4133998535955081
spread,2,0,5.751094416307291,0.4133998535955081
springfield putting,2,0,5.751094416307291,0.4133998535955081
batteries,2,0,5.751094416307291,0.4133998535955081
basis design,2,0,5.751094416307291,0.4133998535955081
questions thing,2,0,5.751094416307291,0.4133998535955081
springfield sangman,2,0,5.751094416307291,0.4133998535955081
questions think,2,0,5.751094416307291,0.4133998535955081
ve gone,2,0,5.751094416307291,0.4133998535955081
stability,2,0,5.751094416307291,0.4133998535955081
questions want,2,0,5.751094416307291,0.4133998535955081
bars,2,0,5.751094416307291,0.4133998535955081
start quickly,2,0,5.751094416307291,0.4133998535955081
thing just,2,0,5.751094416307291,0.4133998535955081
pie,2,0,5.751094416307291,0.4133998535955081
regulating,2,0,5.751094416307291,0.4133998535955081
array,2,0,5.751094416307291,0.4133998535955081
ve received,2,0,5.751094416307291,0.4133998535955081
network going,2,0,5.751094416307291,0.4133998535955081
area doesn,2,0,5.751094416307291,0.4133998535955081
storing,2,0,5.751094416307291,0.4133998535955081
reggie guyton,2,0,5.751094416307291,0.4133998535955081
reggie,2,0,5.751094416307291,0.4133998535955081
approved miso,2,0,5.751094416307291,0.4133998535955081
approval storage,2,0,5.751094416307291,0.4133998535955081
rapid,2,0,5.751094416307291,0.4133998535955081
york,2,0,5.751094416307291,0.4133998535955081
mr delgiano,2,0,5.751094416307291,0.4133998535955081
vote county,2,0,5.751094416307291,0.4133998535955081
neighboring states,2,0,5.751094416307291,0.4133998535955081
anyways,2,0,5.751094416307291,0.4133998535955081
pike,2,0,5.751094416307291,0.4133998535955081
articulate,2,0,5.751094416307291,0.4133998535955081
aside,2,0,5.751094416307291,0.4133998535955081
regular maintenance,2,0,5.751094416307291,0.4133998535955081
attenuation,2,0,5.751094416307291,0.4133998535955081
attend,2,0,5.751094416307291,0.4133998535955081
attempt,2,0,5.751094416307291,0.4133998535955081
moratorium minimum,2,0,5.751094416307291,0.4133998535955081
assuming,2,0,5.751094416307291,0.4133998535955081
associated project,2,0,5.751094416307291,0.4133998535955081
moratoriums,2,0,5.751094416307291,0.4133998535955081
regional issue,2,0,5.751094416307291,0.4133998535955081
regions,2,0,5.751094416307291,0.4133998535955081
plenty time,2,0,5.751094416307291,0.4133998535955081
asking moratorium,2,0,5.751094416307291,0.4133998535955081
regionally,2,0,5.751094416307291,0.4133998535955081
morning,2,0,5.751094416307291,0.4133998535955081
ask like,2,0,5.751094416307291,0.4133998535955081
pop,2,0,5.751094416307291,0.4133998535955081
year just,2,0,5.751094416307291,0.4133998535955081
popping,2,0,5.751094416307291,0.4133998535955081
underneath,2,0,5.751094416307291,0.4133998535955081
direction,2,0,5.751094416307291,0.4133998535955081
mean just,2,0,5.751094416307291,0.4133998535955081
different calculation,2,0,5.751094416307291,0.4133998535955081
mean like,2,0,5.751094416307291,0.4133998535955081
mean people,2,0,5.751094416307291,0.4133998535955081
mean say,2,0,5.751094416307291,0.4133998535955081
mean think,2,0,5.751094416307291,0.4133998535955081
right county,2,0,5.751094416307291,0.4133998535955081
medical district,2,0,5.751094416307291,0.4133998535955081
did know,2,0,5.751094416307291,0.4133998535955081
did county,2,0,5.751094416307291,0.4133998535955081
did analysis,2,0,5.751094416307291,0.4133998535955081
mechanism,2,0,5.751094416307291,0.4133998535955081
development cycle,2,0,5.751094416307291,0.4133998535955081
development cost,2,0,5.751094416307291,0.4133998535955081
people county,2,0,5.751094416307291,0.4133998535955081
workforce training,2,0,5.751094416307291,0.4133998535955081
pre fabricated,2,0,5.751094416307291,0.4133998535955081
dirt didn,2,0,5.751094416307291,0.4133998535955081
disabilities,2,0,5.751094416307291,0.4133998535955081
tearing pillsbury,2,0,5.751094416307291,0.4133998535955081
maybe quarter,2,0,5.751094416307291,0.4133998535955081
district year,2,0,5.751094416307291,0.4133998535955081
support jobs,2,0,5.751094416307291,0.4133998535955081
right going,2,0,5.751094416307291,0.4133998535955081
supply market,2,0,5.751094416307291,0.4133998535955081
distances,2,0,5.751094416307291,0.4133998535955081
mccready,2,0,5.751094416307291,0.4133998535955081
precast,2,0,5.751094416307291,0.4133998535955081
disposal,2,0,5.751094416307291,0.4133998535955081
disease,2,0,5.751094416307291,0.4133998535955081
discount,2,0,5.751094416307291,0.4133998535955081
discharge,2,0,5.751094416307291,0.4133998535955081
disaster relief,2,0,5.751094416307291,0.4133998535955081
people asking,2,0,5.751094416307291,0.4133998535955081
develop property,2,0,5.751094416307291,0.4133998535955081
meet demand,2,0,5.751094416307291,0.4133998535955081
maybe generators,2,0,5.751094416307291,0.4133998535955081
right area,2,0,5.751094416307291,0.4133998535955081
supply contract,2,0,5.751094416307291,0.4133998535955081
megawatts megawatts,2,0,5.751094416307291,0.4133998535955081
megawatts new,2,0,5.751094416307291,0.4133998535955081
megawatts proposed,2,0,5.751094416307291,0.4133998535955081
dedicated,2,0,5.751094416307291,0.4133998535955081
working structure,2,0,5.751094416307291,0.4133998535955081
decision making,2,0,5.751094416307291,0.4133998535955081
power prices,2,0,5.751094416307291,0.4133998535955081
working families,2,0,5.751094416307291,0.4133998535955081
useless,2,0,5.751094416307291,0.4133998535955081
service area,2,0,5.751094416307291,0.4133998535955081
power plans,2,0,5.751094416307291,0.4133998535955081
richard,2,0,5.751094416307291,0.4133998535955081
proposed project,2,0,5.751094416307291,0.4133998535955081
members didn,2,0,5.751094416307291,0.4133998535955081
people laid,2,0,5.751094416307291,0.4133998535955081
megawatts battery,2,0,5.751094416307291,0.4133998535955081
community know,2,0,5.751094416307291,0.4133998535955081
powered,2,0,5.751094416307291,0.4133998535955081
deliveries,2,0,5.751094416307291,0.4133998535955081
uncles,2,0,5.751094416307291,0.4133998535955081
design methodology,2,0,5.751094416307291,0.4133998535955081
meeting final,2,0,5.751094416307291,0.4133998535955081
powers,2,0,5.751094416307291,0.4133998535955081
meeting november,2,0,5.751094416307291,0.4133998535955081
meeting ve,2,0,5.751094416307291,0.4133998535955081
powerpoint,2,0,5.751094416307291,0.4133998535955081
deployment,2,0,5.751094416307291,0.4133998535955081
depend,2,0,5.751094416307291,0.4133998535955081
meetings coming,2,0,5.751094416307291,0.4133998535955081
people economic,2,0,5.751094416307291,0.4133998535955081
demonstrated,2,0,5.751094416307291,0.4133998535955081
demand time,2,0,5.751094416307291,0.4133998535955081
demand short,2,0,5.751094416307291,0.4133998535955081
delivery service,2,0,5.751094416307291,0.4133998535955081
total minutes,2,0,5.751094416307291,0.4133998535955081
max,2,0,5.751094416307291,0.4133998535955081
technology companies,2,0,5.751094416307291,0.4133998535955081
electricity usage,2,0,5.751094416307291,0.4133998535955081
employ local,2,0,5.751094416307291,0.4133998535955081
right think,2,0,5.751094416307291,0.4133998535955081
emissions perspective,2,0,5.751094416307291,0.4133998535955081
lot project,2,0,5.751094416307291,0.4133998535955081
seeing lot,2,0,5.751094416307291,0.4133998535955081
lot water,2,0,5.751094416307291,0.4133998535955081
promote,2,0,5.751094416307291,0.4133998535955081
electricity isn,2,0,5.751094416307291,0.4133998535955081
understanding noise,2,0,5.751094416307291,0.4133998535955081
electricity generation,2,0,5.751094416307291,0.4133998535955081
electricity contracts,2,0,5.751094416307291,0.4133998535955081
operate facility,2,0,5.751094416307291,0.4133998535955081
water water,2,0,5.751094416307291,0.4133998535955081
water users,2,0,5.751094416307291,0.4133998535955081
efforts,2,0,5.751094416307291,0.4133998535955081
effort,2,0,5.751094416307291,0.4133998535955081
tore,2,0,5.751094416307291,0.4133998535955081
lot information,2,0,5.751094416307291,0.4133998535955081
lot different,2,0,5.751094416307291,0.4133998535955081
enacting moratorium,2,0,5.751094416307291,0.4133998535955081
looked like,2,0,5.751094416307291,0.4133998535955081
entire miso,2,0,5.751094416307291,0.4133998535955081
entered,2,0,5.751094416307291,0.4133998535955081
loop requires,2,0,5.751094416307291,0.4133998535955081
enormous,2,0,5.751094416307291,0.4133998535955081
engagement,2,0,5.751094416307291,0.4133998535955081
engage,2,0,5.751094416307291,0.4133998535955081
energy water,2,0,5.751094416307291,0.4133998535955081
energy right,2,0,5.751094416307291,0.4133998535955081
energy jobs,2,0,5.751094416307291,0.4133998535955081
energy going,2,0,5.751094416307291,0.4133998535955081
energy efficiency,2,0,5.751094416307291,0.4133998535955081
ending,2,0,5.751094416307291,0.4133998535955081
ended,2,0,5.751094416307291,0.4133998535955081
end yes,2,0,5.751094416307291,0.4133998535955081
efficiency portfolio,2,0,5.751094416307291,0.4133998535955081
effect board,2,0,5.751094416307291,0.4133998535955081
matter fact,2,0,5.751094416307291,0.4133998535955081
don mean,2,0,5.751094416307291,0.4133998535955081
downhill,2,0,5.751094416307291,0.4133998535955081
total clarifying,2,0,5.751094416307291,0.4133998535955081
marilyn,2,0,5.751094416307291,0.4133998535955081
peace,2,0,5.751094416307291,0.4133998535955081
marilyn jean,2,0,5.751094416307291,0.4133998535955081
market meet,2,0,5.751094416307291,0.4133998535955081
masonry,2,0,5.751094416307291,0.4133998535955081
mass,2,0,5.751094416307291,0.4133998535955081
maintain environment,2,0,5.751094416307291,0.4133998535955081
right jobs,2,0,5.751094416307291,0.4133998535955081
domain,2,0,5.751094416307291,0.4133998535955081
sure facility,2,0,5.751094416307291,0.4133998535955081
dollar tax,2,0,5.751094416307291,0.4133998535955081
sure everybody,2,0,5.751094416307291,0.4133998535955081
doesn spell,2,0,5.751094416307291,0.4133998535955081
doesn need,2,0,5.751094416307291,0.4133998535955081
downlit,2,0,5.751094416307291,0.4133998535955081
prepare,2,0,5.751094416307291,0.4133998535955081
downtown springfield,2,0,5.751094416307291,0.4133998535955081
march june,2,0,5.751094416307291,0.4133998535955081
pay taxes,2,0,5.751094416307291,0.4133998535955081
openly saying,2,0,5.751094416307291,0.4133998535955081
openly,2,0,5.751094416307291,0.4133998535955081
seen profit,2,0,5.751094416307291,0.4133998535955081
make things,2,0,5.751094416307291,0.4133998535955081
preparedness,2,0,5.751094416307291,0.4133998535955081
droughts,2,0,5.751094416307291,0.4133998535955081
making process,2,0,5.751094416307291,0.4133998535955081
right like,2,0,5.751094416307291,0.4133998535955081
manuel,2,0,5.751094416307291,0.4133998535955081
manuel miranda,2,0,5.751094416307291,0.4133998535955081
segregated,2,0,5.751094416307291,0.4133998535955081
drains,2,0,5.751094416307291,0.4133998535955081
drainageways,2,0,5.751094416307291,0.4133998535955081
drainage issue,2,0,5.751094416307291,0.4133998535955081
daytime,2,0,5.751094416307291,0.4133998535955081
osiris,2,0,5.751094416307291,0.4133998535955081
day moratorium,2,0,5.751094416307291,0.4133998535955081
postponing,2,0,5.751094416307291,0.4133998535955081
substantially,2,0,5.751094416307291,0.4133998535955081
contention,2,0,5.751094416307291,0.4133998535955081
respect men,2,0,5.751094416307291,0.4133998535955081
mentioned aurora,2,0,5.751094416307291,0.4133998535955081
contained,2,0,5.751094416307291,0.4133998535955081
retail delivery,2,0,5.751094416307291,0.4133998535955081
water cirrus,2,0,5.751094416307291,0.4133998535955081
contain,2,0,5.751094416307291,0.4133998535955081
retail energy,2,0,5.751094416307291,0.4133998535955081
mexico,2,0,5.751094416307291,0.4133998535955081
couple zoning,2,0,5.751094416307291,0.4133998535955081
consumers,2,0,5.751094416307291,0.4133998535955081
consultant,2,0,5.751094416307291,0.4133998535955081
construction process,2,0,5.751094416307291,0.4133998535955081
construction costs,2,0,5.751094416307291,0.4133998535955081
official,2,0,5.751094416307291,0.4133998535955081
provisions,2,0,5.751094416307291,0.4133998535955081
crap,2,0,5.751094416307291,0.4133998535955081
toured,2,0,5.751094416307291,0.4133998535955081
microbiocides,2,0,5.751094416307291,0.4133998535955081
mid continent,2,0,5.751094416307291,0.4133998535955081
pound,2,0,5.751094416307291,0.4133998535955081
corrosion,2,0,5.751094416307291,0.4133998535955081
postponing review,2,0,5.751094416307291,0.4133998535955081
continent,2,0,5.751094416307291,0.4133998535955081
memorial,2,0,5.751094416307291,0.4133998535955081
county live,2,0,5.751094416307291,0.4133998535955081
coss,2,0,5.751094416307291,0.4133998535955081
correct going,2,0,5.751094416307291,0.4133998535955081
correct correct,2,0,5.751094416307291,0.4133998535955081
watch,2,0,5.751094416307291,0.4133998535955081
suggestions,2,0,5.751094416307291,0.4133998535955081
tell think,2,0,5.751094416307291,0.4133998535955081
corporate incompetence,2,0,5.751094416307291,0.4133998535955081
summary,2,0,5.751094416307291,0.4133998535955081
corporate citizen,2,0,5.751094416307291,0.4133998535955081
substation today,2,0,5.751094416307291,0.4133998535955081
mess,2,0,5.751094416307291,0.4133998535955081
coop,2,0,5.751094416307291,0.4133998535955081
mercantile exchange,2,0,5.751094416307291,0.4133998535955081
mercantile,2,0,5.751094416307291,0.4133998535955081
county eav,2,0,5.751094416307291,0.4133998535955081
provides,2,0,5.751094416307291,0.4133998535955081
october year,2,0,5.751094416307291,0.4133998535955081
mentioned megawatts,2,0,5.751094416307291,0.4133998535955081
positive things,2,0,5.751094416307291,0.4133998535955081
contractual,2,0,5.751094416307291,0.4133998535955081
methodology,2,0,5.751094416307291,0.4133998535955081
continue operate,2,0,5.751094416307291,0.4133998535955081
township meeting,2,0,5.751094416307291,0.4133998535955081
pound roads,2,0,5.751094416307291,0.4133998535955081
considered county,2,0,5.751094416307291,0.4133998535955081
retention ponds,2,0,5.751094416307291,0.4133998535955081
tenants bring,2,0,5.751094416307291,0.4133998535955081
utilities supply,2,0,5.751094416307291,0.4133998535955081
concerned story,2,0,5.751094416307291,0.4133998535955081
typically operating,2,0,5.751094416307291,0.4133998535955081
people louder,2,0,5.751094416307291,0.4133998535955081
components,2,0,5.751094416307291,0.4133998535955081
oh sorry,2,0,5.751094416307291,0.4133998535955081
members members,2,0,5.751094416307291,0.4133998535955081
track record,2,0,5.751094416307291,0.4133998535955081
complex,2,0,5.751094416307291,0.4133998535955081
submit written,2,0,5.751094416307291,0.4133998535955081
people ll,2,0,5.751094416307291,0.4133998535955081
utility futures,2,0,5.751094416307291,0.4133998535955081
subject matter,2,0,5.751094416307291,0.4133998535955081
people lived,2,0,5.751094416307291,0.4133998535955081
dark sky,2,0,5.751094416307291,0.4133998535955081
world largest,2,0,5.751094416307291,0.4133998535955081
public come,2,0,5.751094416307291,0.4133998535955081
wants come,2,0,5.751094416307291,0.4133998535955081
david,2,0,5.751094416307291,0.4133998535955081
david mendenhall,2,0,5.751094416307291,0.4133998535955081
review proposed,2,0,5.751094416307291,0.4133998535955081
prospect,2,0,5.751094416307291,0.4133998535955081
community love,2,0,5.751094416307291,0.4133998535955081
tenants bringing,2,0,5.751094416307291,0.4133998535955081
time discussed,2,0,5.751094416307291,0.4133998535955081
revenue projected,2,0,5.751094416307291,0.4133998535955081
offset,2,0,5.751094416307291,0.4133998535955081
period board,2,0,5.751094416307291,0.4133998535955081
serving households,2,0,5.751094416307291,0.4133998535955081
protocols,2,0,5.751094416307291,0.4133998535955081
retiring,2,0,5.751094416307291,0.4133998535955081
confused,2,0,5.751094416307291,0.4133998535955081
confidence,2,0,5.751094416307291,0.4133998535955081
tenant,2,0,5.751094416307291,0.4133998535955081
retiring coal,2,0,5.751094416307291,0.4133998535955081
return,2,0,5.751094416307291,0.4133998535955081
warehouses,2,0,5.751094416307291,0.4133998535955081
sundays,2,0,5.751094416307291,0.4133998535955081
revenue available,2,0,5.751094416307291,0.4133998535955081
power cut,2,0,5.751094416307291,0.4133998535955081
currently ve,2,0,5.751094416307291,0.4133998535955081
time lived,2,0,5.751094416307291,0.4133998535955081
cut just,2,0,5.751094416307291,0.4133998535955081
revenue going,2,0,5.751094416307291,0.4133998535955081
members questions,2,0,5.751094416307291,0.4133998535955081
cylindra,2,0,5.751094416307291,0.4133998535955081
using closed,2,0,5.751094416307291,0.4133998535955081
members right,2,0,5.751094416307291,0.4133998535955081
portions building,2,0,5.751094416307291,0.4133998535955081
lead,5,3,0.3012130842010432,0.41335987726820134
telling,5,3,0.3012130842010432,0.41335987726820134
massive,5,3,0.3012130842010432,0.41335987726820134
loss,5,3,0.3012130842010432,0.41335987726820134
interconnection,5,3,0.3012130842010432,0.41335987726820134
addition,5,3,0.3012130842010432,0.41335987726820134
president,5,3,0.3012130842010432,0.41335987726820134
hit,5,3,0.3012130842010432,0.41335987726820134
certain,5,3,0.3012130842010432,0.41335987726820134
operator,5,3,0.3012130842010432,0.41335987726820134
just like,5,3,0.3012130842010432,0.41335987726820134
soon,5,3,0.3012130842010432,0.41335987726820134
source,5,3,0.3012130842010432,0.41335987726820134
specifically,5,3,0.3012130842010432,0.41335987726820134
opinion,5,3,0.3012130842010432,0.41335987726820134
phase,5,3,0.3012130842010432,0.41335987726820134
difference,5,3,0.3012130842010432,0.41335987726820134
average,5,3,0.3012130842010432,0.41335987726820134
pre,5,3,0.3012130842010432,0.41335987726820134
street,5,3,0.3012130842010432,0.41335987726820134
new berlin,2,1,0.4821398881736876,0.39479638816771395
maybe little,2,1,0.4821398881736876,0.39479638816771395
just year,2,1,0.4821398881736876,0.39479638816771395
jobs jobs,2,1,0.4821398881736876,0.39479638816771395
resolved,2,1,0.4821398881736876,0.39479638816771395
kathleen,2,1,0.4821398881736876,0.39479638816771395
mitigate,2,1,0.4821398881736876,0.39479638816771395
utility bills,2,1,0.4821398881736876,0.39479638816771395
mistake,2,1,0.4821398881736876,0.39479638816771395
know board,2,1,0.4821398881736876,0.39479638816771395
rendering,2,1,0.4821398881736876,0.39479638816771395
right thank,2,1,0.4821398881736876,0.39479638816771395
mission,2,1,0.4821398881736876,0.39479638816771395
kill,2,1,0.4821398881736876,0.39479638816771395
know trying,2,1,0.4821398881736876,0.39479638816771395
limited,2,1,0.4821398881736876,0.39479638816771395
lung,2,1,0.4821398881736876,0.39479638816771395
need time,2,1,0.4821398881736876,0.39479638816771395
indicated,2,1,0.4821398881736876,0.39479638816771395
newspapers,2,1,0.4821398881736876,0.39479638816771395
noticed,2,1,0.4821398881736876,0.39479638816771395
really appreciate,2,1,0.4821398881736876,0.39479638816771395
lot jobs,2,1,0.4821398881736876,0.39479638816771395
members going,2,1,0.4821398881736876,0.39479638816771395
public speaking,2,1,0.4821398881736876,0.39479638816771395
use energy,2,1,0.4821398881736876,0.39479638816771395
modern,2,1,0.4821398881736876,0.39479638816771395
quarterly,2,1,0.4821398881736876,0.39479638816771395
revenues,2,1,0.4821398881736876,0.39479638816771395
loop systems,2,1,0.4821398881736876,0.39479638816771395
just passed,2,1,0.4821398881736876,0.39479638816771395
introduced,2,1,0.4821398881736876,0.39479638816771395
mile half,2,1,0.4821398881736876,0.39479638816771395
thoughts,2,1,0.4821398881736876,0.39479638816771395
relief,2,1,0.4821398881736876,0.39479638816771395
right building,2,1,0.4821398881736876,0.39479638816771395
just say,2,1,0.4821398881736876,0.39479638816771395
mike murphy,2,1,0.4821398881736876,0.39479638816771395
want going,2,1,0.4821398881736876,0.39479638816771395
moment,2,1,0.4821398881736876,0.39479638816771395
relies,2,1,0.4821398881736876,0.39479638816771395
july,2,1,0.4821398881736876,0.39479638816771395
megawatts capacity,2,1,0.4821398881736876,0.39479638816771395
mendenhall,2,1,0.4821398881736876,0.39479638816771395
reject ll,2,1,0.4821398881736876,0.39479638816771395
opportunity speak,2,1,0.4821398881736876,0.39479638816771395
monthly,2,1,0.4821398881736876,0.39479638816771395
water act,2,1,0.4821398881736876,0.39479638816771395
time tonight,2,1,0.4821398881736876,0.39479638816771395
tax base,2,1,0.4821398881736876,0.39479638816771395
van,2,1,0.4821398881736876,0.39479638816771395
oppose,2,1,0.4821398881736876,0.39479638816771395
multi million,2,1,0.4821398881736876,0.39479638816771395
thank allowing,2,1,0.4821398881736876,0.39479638816771395
installed,2,1,0.4821398881736876,0.39479638816771395
respect water,2,1,0.4821398881736876,0.39479638816771395
reduced,2,1,0.4821398881736876,0.39479638816771395
laura,2,1,0.4821398881736876,0.39479638816771395
reducing,2,1,0.4821398881736876,0.39479638816771395
literally,2,1,0.4821398881736876,0.39479638816771395
marcus,2,1,0.4821398881736876,0.39479638816771395
know people,2,1,0.4821398881736876,0.39479638816771395
know minutes,2,1,0.4821398881736876,0.39479638816771395
meter,2,1,0.4821398881736876,0.39479638816771395
question ask,2,1,0.4821398881736876,0.39479638816771395
ll run,2,1,0.4821398881736876,0.39479638816771395
van meter,2,1,0.4821398881736876,0.39479638816771395
race,2,1,0.4821398881736876,0.39479638816771395
tax benefits,2,1,0.4821398881736876,0.39479638816771395
maintenance testing,2,1,0.4821398881736876,0.39479638816771395
taxing bodies,2,1,0.4821398881736876,0.39479638816771395
think guys,2,1,0.4821398881736876,0.39479638816771395
want mention,2,1,0.4821398881736876,0.39479638816771395
purposes,2,1,0.4821398881736876,0.39479638816771395
rush,2,1,0.4821398881736876,0.39479638816771395
maintaining,2,1,0.4821398881736876,0.39479638816771395
think reasonable,2,1,0.4821398881736876,0.39479638816771395
recognize,2,1,0.4821398881736876,0.39479638816771395
think wrong,2,1,0.4821398881736876,0.39479638816771395
repairs,2,1,0.4821398881736876,0.39479638816771395
recommendations,2,1,0.4821398881736876,0.39479638816771395
recommended,2,1,0.4821398881736876,0.39479638816771395
restaurants,2,1,0.4821398881736876,0.39479638816771395
opening,2,1,0.4821398881736876,0.39479638816771395
program,2,1,0.4821398881736876,0.39479638816771395
mentioned earlier,2,1,0.4821398881736876,0.39479638816771395
know talking,2,1,0.4821398881736876,0.39479638816771395
murphy,2,1,0.4821398881736876,0.39479638816771395
requirement,2,1,0.4821398881736876,0.39479638816771395
aaron,2,1,0.4821398881736876,0.39479638816771395
solar farms,2,1,0.4821398881736876,0.39479638816771395
permanent positions,2,1,0.4821398881736876,0.39479638816771395
people need,2,1,0.4821398881736876,0.39479638816771395
words,2,1,0.4821398881736876,0.39479638816771395
fewer,2,1,0.4821398881736876,0.39479638816771395
elected officials,2,1,0.4821398881736876,0.39479638816771395
sandman,2,1,0.4821398881736876,0.39479638816771395
sandman county,2,1,0.4821398881736876,0.39479638816771395
ai used,2,1,0.4821398881736876,0.39479638816771395
efficiency,2,1,0.4821398881736876,0.39479638816771395
effectively,2,1,0.4821398881736876,0.39479638816771395
cards,2,1,0.4821398881736876,0.39479638816771395
economic impact,2,1,0.4821398881736876,0.39479638816771395
happen think,2,1,0.4821398881736876,0.39479638816771395
focused,2,1,0.4821398881736876,0.39479638816771395
taking time,2,1,0.4821398881736876,0.39479638816771395
alexander,2,1,0.4821398881736876,0.39479638816771395
guys going,2,1,0.4821398881736876,0.39479638816771395
day pause,2,1,0.4821398881736876,0.39479638816771395
community college,2,1,0.4821398881736876,0.39479638816771395
felt,2,1,0.4821398881736876,0.39479638816771395
yards,2,1,0.4821398881736876,0.39479638816771395
agency,2,1,0.4821398881736876,0.39479638816771395
physical,2,1,0.4821398881736876,0.39479638816771395
backgrounds,2,1,0.4821398881736876,0.39479638816771395
employ,2,1,0.4821398881736876,0.39479638816771395
crops,2,1,0.4821398881736876,0.39479638816771395
helpful,2,1,0.4821398881736876,0.39479638816771395
subject,2,1,0.4821398881736876,0.39479638816771395
buy cars,2,1,0.4821398881736876,0.39479638816771395
height,2,1,0.4821398881736876,0.39479638816771395
scheduled,2,1,0.4821398881736876,0.39479638816771395
calculation,2,1,0.4821398881736876,0.39479638816771395
types,2,1,0.4821398881736876,0.39479638816771395
heard talk,2,1,0.4821398881736876,0.39479638816771395
signing,2,1,0.4821398881736876,0.39479638816771395
heard concerns,2,1,0.4821398881736876,0.39479638816771395
electricity demand,2,1,0.4821398881736876,0.39479638816771395
significantly,2,1,0.4821398881736876,0.39479638816771395
formal,2,1,0.4821398881736876,0.39479638816771395
attorney office,2,1,0.4821398881736876,0.39479638816771395
colleague,2,1,0.4821398881736876,0.39479638816771395
trades council,2,1,0.4821398881736876,0.39479638816771395
transmission lines,2,1,0.4821398881736876,0.39479638816771395
argument,2,1,0.4821398881736876,0.39479638816771395
gallons day,2,1,0.4821398881736876,0.39479638816771395
plate,2,1,0.4821398881736876,0.39479638816771395
don build,2,1,0.4821398881736876,0.39479638816771395
despite,2,1,0.4821398881736876,0.39479638816771395
supports,2,1,0.4821398881736876,0.39479638816771395
generated,2,1,0.4821398881736876,0.39479638816771395
good place,2,1,0.4821398881736876,0.39479638816771395
participation,2,1,0.4821398881736876,0.39479638816771395
going raise,2,1,0.4821398881736876,0.39479638816771395
senior,2,1,0.4821398881736876,0.39479638816771395
state attorney,2,1,0.4821398881736876,0.39479638816771395
chicagoland,2,1,0.4821398881736876,0.39479638816771395
direct,2,1,0.4821398881736876,0.39479638816771395
going ask,2,1,0.4821398881736876,0.39479638816771395
good paying,2,1,0.4821398881736876,0.39479638816771395
delivering,2,1,0.4821398881736876,0.39479638816771395
attention,2,1,0.4821398881736876,0.39479638816771395
drain,2,1,0.4821398881736876,0.39479638816771395
fourth,2,1,0.4821398881736876,0.39479638816771395
drop,2,1,0.4821398881736876,0.39479638816771395
debate,2,1,0.4821398881736876,0.39479638816771395
ameren transmission,2,1,0.4821398881736876,0.39479638816771395
structures,2,1,0.4821398881736876,0.39479638816771395
closer,2,1,0.4821398881736876,0.39479638816771395
certified,2,1,0.4821398881736876,0.39479638816771395
decommissioning,2,1,0.4821398881736876,0.39479638816771395
ask question,2,1,0.4821398881736876,0.39479638816771395
freight,2,1,0.4821398881736876,0.39479638816771395
assessment,2,1,0.4821398881736876,0.39479638816771395
saying want,2,1,0.4821398881736876,0.39479638816771395
struggle,2,1,0.4821398881736876,0.39479638816771395
unanswered,2,1,0.4821398881736876,0.39479638816771395
annual,2,1,0.4821398881736876,0.39479638816771395
unanswered questions,2,1,0.4821398881736876,0.39479638816771395
complete,2,1,0.4821398881736876,0.39479638816771395
given time,2,1,0.4821398881736876,0.39479638816771395
springfield resident,2,1,0.4821398881736876,0.39479638816771395
import,2,1,0.4821398881736876,0.39479638816771395
bulk,2,1,0.4821398881736876,0.39479638816771395
construction trades,2,1,0.4821398881736876,0.39479638816771395
hopefully,2,1,0.4821398881736876,0.39479638816771395
st,2,1,0.4821398881736876,0.39479638816771395
strike,2,1,0.4821398881736876,0.39479638816771395
exhaust,2,1,0.4821398881736876,0.39479638816771395
topics,2,1,0.4821398881736876,0.39479638816771395
strict,2,1,0.4821398881736876,0.39479638816771395
enacting,2,1,0.4821398881736876,0.39479638816771395
belong,2,1,0.4821398881736876,0.39479638816771395
illinois building,2,1,0.4821398881736876,0.39479638816771395
conversations,2,1,0.4821398881736876,0.39479638816771395
experiencing,2,1,0.4821398881736876,0.39479638816771395
summers,2,1,0.4821398881736876,0.39479638816771395
immediate,2,1,0.4821398881736876,0.39479638816771395
illinois currently,2,1,0.4821398881736876,0.39479638816771395
siting,2,1,0.4821398881736876,0.39479638816771395
building construction,2,1,0.4821398881736876,0.39479638816771395
belief,2,1,0.4821398881736876,0.39479638816771395
smoke,2,1,0.4821398881736876,0.39479638816771395
screen,2,1,0.4821398881736876,0.39479638816771395
speak evening,2,1,0.4821398881736876,0.39479638816771395
billions,2,1,0.4821398881736876,0.39479638816771395
implemented,2,1,0.4821398881736876,0.39479638816771395
extensions,2,1,0.4821398881736876,0.39479638816771395
science,2,1,0.4821398881736876,0.39479638816771395
honest,2,1,0.4821398881736876,0.39479638816771395
berlin,2,1,0.4821398881736876,0.39479638816771395
point know,2,1,0.4821398881736876,0.39479638816771395
topic,2,1,0.4821398881736876,0.39479638816771395
expertise,2,1,0.4821398881736876,0.39479638816771395
skip,2,1,0.4821398881736876,0.39479638816771395
couple things,2,1,0.4821398881736876,0.39479638816771395
homeless,2,1,0.4821398881736876,0.39479638816771395
president ceo,2,1,0.4821398881736876,0.39479638816771395
energy development,2,1,0.4821398881736876,0.39479638816771395
holding,2,1,0.4821398881736876,0.39479638816771395
broad,2,1,0.4821398881736876,0.39479638816771395
county growth,2,1,0.4821398881736876,0.39479638816771395
base,2,1,0.4821398881736876,0.39479638816771395
based dallas,2,1,0.4821398881736876,0.39479638816771395
europe,2,1,0.4821398881736876,0.39479638816771395
secondly,2,1,0.4821398881736876,0.39479638816771395
years years,2,1,0.4821398881736876,0.39479638816771395
did,34,25,0.09892287953340162,0.37616437245867207
appeals,9,6,0.19639994513416337,0.37338542112037254
involved,9,6,0.19639994513416337,0.37338542112037254
don think,9,6,0.19639994513416337,0.37338542112037254
opposition,9,6,0.19639994513416337,0.37338542112037254
somebody,9,6,0.19639994513416337,0.37338542112037254
location,9,6,0.19639994513416337,0.37338542112037254
believe,17,12,0.13953123607497542,0.370773951688389
hear,17,12,0.13953123607497542,0.370773951688389
project,80,61,0.06280305098034233,0.3701372789133756
months,13,9,0.15884874960883089,0.36702978915106854
hard,13,9,0.15884874960883089,0.36702978915106854
does,30,22,0.10156798842428838,0.36251586953783793
rural,22,16,0.10980266107830516,0.3348111046678945
quantities emissions,1,0,5.464231107212678,0.3205659976068594
point little,1,0,5.464231107212678,0.3205659976068594
tragically,1,0,5.464231107212678,0.3205659976068594
qualifying equipment,1,0,5.464231107212678,0.3205659976068594
tragically new,1,0,5.464231107212678,0.3205659976068594
point lot,1,0,5.464231107212678,0.3205659976068594
quantities,1,0,5.464231107212678,0.3205659976068594
point number,1,0,5.464231107212678,0.3205659976068594
threaten thank,1,0,5.464231107212678,0.3205659976068594
questioners raised,1,0,5.464231107212678,0.3205659976068594
threaten investment,1,0,5.464231107212678,0.3205659976068594
qualifying,1,0,5.464231107212678,0.3205659976068594
threaten electric,1,0,5.464231107212678,0.3205659976068594
points valid,1,0,5.464231107212678,0.3205659976068594
question raised,1,0,5.464231107212678,0.3205659976068594
point later,1,0,5.464231107212678,0.3205659976068594
point like,1,0,5.464231107212678,0.3205659976068594
puzzle probably,1,0,5.464231107212678,0.3205659976068594
tradesmen,1,0,5.464231107212678,0.3205659976068594
putting pavement,1,0,5.464231107212678,0.3205659976068594
tradesmen women,1,0,5.464231107212678,0.3205659976068594
putting power,1,0,5.464231107212678,0.3205659976068594
putting systems,1,0,5.464231107212678,0.3205659976068594
tradespeople build,1,0,5.464231107212678,0.3205659976068594
tradespeople personally,1,0,5.464231107212678,0.3205659976068594
putting universe,1,0,5.464231107212678,0.3205659976068594
policy said,1,0,5.464231107212678,0.3205659976068594
puzzle,1,0,5.464231107212678,0.3205659976068594
questions ahead,1,0,5.464231107212678,0.3205659976068594
policy prairie,1,0,5.464231107212678,0.3205659976068594
thriving manufacturing,1,0,5.464231107212678,0.3205659976068594
qualify accelerated,1,0,5.464231107212678,0.3205659976068594
trading cme,1,0,5.464231107212678,0.3205659976068594
questions addressed,1,0,5.464231107212678,0.3205659976068594
thriving,1,0,5.464231107212678,0.3205659976068594
threatens replace,1,0,5.464231107212678,0.3205659976068594
threatens,1,0,5.464231107212678,0.3205659976068594
trading told,1,0,5.464231107212678,0.3205659976068594
questioning thank,1,0,5.464231107212678,0.3205659976068594
qualified,1,0,5.464231107212678,0.3205659976068594
thoughts thank,1,0,5.464231107212678,0.3205659976068594
traffic cop,1,0,5.464231107212678,0.3205659976068594
qualified capital,1,0,5.464231107212678,0.3205659976068594
qualify,1,0,5.464231107212678,0.3205659976068594
points try,1,0,5.464231107212678,0.3205659976068594
points hear,1,0,5.464231107212678,0.3205659976068594
quarter miles,1,0,5.464231107212678,0.3205659976068594
questioners,1,0,5.464231107212678,0.3205659976068594
point risks,1,0,5.464231107212678,0.3205659976068594
point sag,1,0,5.464231107212678,0.3205659976068594
point showed,1,0,5.464231107212678,0.3205659976068594
question jobs,1,0,5.464231107212678,0.3205659976068594
point slides,1,0,5.464231107212678,0.3205659976068594
point somebody,1,0,5.464231107212678,0.3205659976068594
question guys,1,0,5.464231107212678,0.3205659976068594
question think,1,0,5.464231107212678,0.3205659976068594
question grew,1,0,5.464231107212678,0.3205659976068594
training backup,1,0,5.464231107212678,0.3205659976068594
question thought,1,0,5.464231107212678,0.3205659976068594
trades roles,1,0,5.464231107212678,0.3205659976068594
question throwing,1,0,5.464231107212678,0.3205659976068594
question environmental,1,0,5.464231107212678,0.3205659976068594
question doing,1,0,5.464231107212678,0.3205659976068594
point right,1,0,5.464231107212678,0.3205659976068594
question thank,1,0,5.464231107212678,0.3205659976068594
question talked,1,0,5.464231107212678,0.3205659976068594
question sir,1,0,5.464231107212678,0.3205659976068594
question request,1,0,5.464231107212678,0.3205659976068594
question priority,1,0,5.464231107212678,0.3205659976068594
point pick,1,0,5.464231107212678,0.3205659976068594
question period,1,0,5.464231107212678,0.3205659976068594
question right,1,0,5.464231107212678,0.3205659976068594
question robert,1,0,5.464231107212678,0.3205659976068594
question sorry,1,0,5.464231107212678,0.3205659976068594
training marginalized,1,0,5.464231107212678,0.3205659976068594
point relates,1,0,5.464231107212678,0.3205659976068594
question maybe,1,0,5.464231107212678,0.3205659976068594
question ll,1,0,5.464231107212678,0.3205659976068594
thousands cast,1,0,5.464231107212678,0.3205659976068594
question legal,1,0,5.464231107212678,0.3205659976068594
thousand working,1,0,5.464231107212678,0.3205659976068594
question time,1,0,5.464231107212678,0.3205659976068594
question tom,1,0,5.464231107212678,0.3205659976068594
point usually,1,0,5.464231107212678,0.3205659976068594
queries tell,1,0,5.464231107212678,0.3205659976068594
question ve,1,0,5.464231107212678,0.3205659976068594
question appreciate,1,0,5.464231107212678,0.3205659976068594
question access,1,0,5.464231107212678,0.3205659976068594
points east,1,0,5.464231107212678,0.3205659976068594
points guys,1,0,5.464231107212678,0.3205659976068594
question way,1,0,5.464231107212678,0.3205659976068594
queries,1,0,5.464231107212678,0.3205659976068594
pointing,1,0,5.464231107212678,0.3205659976068594
points help,1,0,5.464231107212678,0.3205659976068594
quarterly strict,1,0,5.464231107212678,0.3205659976068594
quarterly ensure,1,0,5.464231107212678,0.3205659976068594
points interconnection,1,0,5.464231107212678,0.3205659976068594
points research,1,0,5.464231107212678,0.3205659976068594
trailer things,1,0,5.464231107212678,0.3205659976068594
pointing emissions,1,0,5.464231107212678,0.3205659976068594
question brownout,1,0,5.464231107212678,0.3205659976068594
question does,1,0,5.464231107212678,0.3205659976068594
question trust,1,0,5.464231107212678,0.3205659976068594
point ve,1,0,5.464231107212678,0.3205659976068594
question craig,1,0,5.464231107212678,0.3205659976068594
point view,1,0,5.464231107212678,0.3205659976068594
train coming,1,0,5.464231107212678,0.3205659976068594
train acquire,1,0,5.464231107212678,0.3205659976068594
question commentators,1,0,5.464231107212678,0.3205659976068594
question combustion,1,0,5.464231107212678,0.3205659976068594
pointed zba,1,0,5.464231107212678,0.3205659976068594
pointed pointing,1,0,5.464231107212678,0.3205659976068594
question cj,1,0,5.464231107212678,0.3205659976068594
question capacity,1,0,5.464231107212678,0.3205659976068594
point order,1,0,5.464231107212678,0.3205659976068594
question variant,1,0,5.464231107212678,0.3205659976068594
pointed solid,1,0,5.464231107212678,0.3205659976068594
question getting,1,0,5.464231107212678,0.3205659976068594
professionally staffed,1,0,5.464231107212678,0.3205659976068594
pollinator,1,0,5.464231107212678,0.3205659976068594
time consider,1,0,5.464231107212678,0.3205659976068594
pops,1,0,5.464231107212678,0.3205659976068594
public closing,1,0,5.464231107212678,0.3205659976068594
pops going,1,0,5.464231107212678,0.3205659976068594
public budgets,1,0,5.464231107212678,0.3205659976068594
populated,1,0,5.464231107212678,0.3205659976068594
public benefit,1,0,5.464231107212678,0.3205659976068594
populated place,1,0,5.464231107212678,0.3205659976068594
public aware,1,0,5.464231107212678,0.3205659976068594
track price,1,0,5.464231107212678,0.3205659976068594
portion building,1,0,5.464231107212678,0.3205659976068594
public ask,1,0,5.464231107212678,0.3205659976068594
toxic mess,1,0,5.464231107212678,0.3205659976068594
portion increase,1,0,5.464231107212678,0.3205659976068594
portion numbers,1,0,5.464231107212678,0.3205659976068594
portion overhead,1,0,5.464231107212678,0.3205659976068594
portion supply,1,0,5.464231107212678,0.3205659976068594
time considering,1,0,5.464231107212678,0.3205659976068594
pruitt want,1,0,5.464231107212678,0.3205659976068594
portions equipment,1,0,5.464231107212678,0.3205659976068594
portions region,1,0,5.464231107212678,0.3205659976068594
pose,1,0,5.464231107212678,0.3205659976068594
public comes,1,0,5.464231107212678,0.3205659976068594
popping don,1,0,5.464231107212678,0.3205659976068594
pruitt sure,1,0,5.464231107212678,0.3205659976068594
time community,1,0,5.464231107212678,0.3205659976068594
pop folks,1,0,5.464231107212678,0.3205659976068594
public right,1,0,5.464231107212678,0.3205659976068594
time big,1,0,5.464231107212678,0.3205659976068594
public pretty,1,0,5.464231107212678,0.3205659976068594
public partly,1,0,5.464231107212678,0.3205659976068594
public opposition,1,0,5.464231107212678,0.3205659976068594
time bomb,1,0,5.464231107212678,0.3205659976068594
pop mean,1,0,5.464231107212678,0.3205659976068594
public makes,1,0,5.464231107212678,0.3205659976068594
public little,1,0,5.464231107212678,0.3205659976068594
public input,1,0,5.464231107212678,0.3205659976068594
time came,1,0,5.464231107212678,0.3205659976068594
time campus,1,0,5.464231107212678,0.3205659976068594
time case,1,0,5.464231107212678,0.3205659976068594
public going,1,0,5.464231107212678,0.3205659976068594
time closed,1,0,5.464231107212678,0.3205659976068594
time coalition,1,0,5.464231107212678,0.3205659976068594
public forced,1,0,5.464231107212678,0.3205659976068594
popping actually,1,0,5.464231107212678,0.3205659976068594
public engagement,1,0,5.464231107212678,0.3205659976068594
time coming,1,0,5.464231107212678,0.3205659976068594
pose numerous,1,0,5.464231107212678,0.3205659976068594
township ve,1,0,5.464231107212678,0.3205659976068594
pools cooling,1,0,5.464231107212678,0.3205659976068594
positions addition,1,0,5.464231107212678,0.3205659976068594
providing infrastructure,1,0,5.464231107212678,0.3205659976068594
positions contractor,1,0,5.464231107212678,0.3205659976068594
positions site,1,0,5.464231107212678,0.3205659976068594
providing hundreds,1,0,5.464231107212678,0.3205659976068594
providing high,1,0,5.464231107212678,0.3205659976068594
providing electricity,1,0,5.464231107212678,0.3205659976068594
positive event,1,0,5.464231107212678,0.3205659976068594
township hall,1,0,5.464231107212678,0.3205659976068594
provides zero,1,0,5.464231107212678,0.3205659976068594
positive water,1,0,5.464231107212678,0.3205659976068594
provides transmission,1,0,5.464231107212678,0.3205659976068594
township absolutely,1,0,5.464231107212678,0.3205659976068594
provider wholesale,1,0,5.464231107212678,0.3205659976068594
provider talking,1,0,5.464231107212678,0.3205659976068594
provider ops,1,0,5.464231107212678,0.3205659976068594
provider lot,1,0,5.464231107212678,0.3205659976068594
provider ameren,1,0,5.464231107212678,0.3205659976068594
provider adjacent,1,0,5.464231107212678,0.3205659976068594
possible good,1,0,5.464231107212678,0.3205659976068594
provided memo,1,0,5.464231107212678,0.3205659976068594
time didn,1,0,5.464231107212678,0.3205659976068594
time county,1,0,5.464231107212678,0.3205659976068594
providing request,1,0,5.464231107212678,0.3205659976068594
pruitt questions,1,0,5.464231107212678,0.3205659976068594
providing wires,1,0,5.464231107212678,0.3205659976068594
township size,1,0,5.464231107212678,0.3205659976068594
pruitt mr,1,0,5.464231107212678,0.3205659976068594
pruitt independent,1,0,5.464231107212678,0.3205659976068594
pruitt did,1,0,5.464231107212678,0.3205659976068594
posing,1,0,5.464231107212678,0.3205659976068594
posing question,1,0,5.464231107212678,0.3205659976068594
township pretty,1,0,5.464231107212678,0.3205659976068594
position exactly,1,0,5.464231107212678,0.3205659976068594
proximity homes,1,0,5.464231107212678,0.3205659976068594
proximity existing,1,0,5.464231107212678,0.3205659976068594
position example,1,0,5.464231107212678,0.3205659976068594
provisions presently,1,0,5.464231107212678,0.3205659976068594
provisions future,1,0,5.464231107212678,0.3205659976068594
position listen,1,0,5.464231107212678,0.3205659976068594
position wants,1,0,5.464231107212678,0.3205659976068594
positioning,1,0,5.464231107212678,0.3205659976068594
provision public,1,0,5.464231107212678,0.3205659976068594
positioning springfield,1,0,5.464231107212678,0.3205659976068594
provision,1,0,5.464231107212678,0.3205659976068594
province mid,1,0,5.464231107212678,0.3205659976068594
province,1,0,5.464231107212678,0.3205659976068594
time best,1,0,5.464231107212678,0.3205659976068594
public service,1,0,5.464231107212678,0.3205659976068594
putting light,1,0,5.464231107212678,0.3205659976068594
thumb,1,0,5.464231107212678,0.3205659976068594
pursuant illinois,1,0,5.464231107212678,0.3205659976068594
pollution affect,1,0,5.464231107212678,0.3205659976068594
pursuant,1,0,5.464231107212678,0.3205659976068594
pollution affects,1,0,5.464231107212678,0.3205659976068594
pollution aren,1,0,5.464231107212678,0.3205659976068594
purposes noise,1,0,5.464231107212678,0.3205659976068594
trade union,1,0,5.464231107212678,0.3205659976068594
trade sorry,1,0,5.464231107212678,0.3205659976068594
purposes ending,1,0,5.464231107212678,0.3205659976068594
pollution diesel,1,0,5.464231107212678,0.3205659976068594
purpose route,1,0,5.464231107212678,0.3205659976068594
trade knowing,1,0,5.464231107212678,0.3205659976068594
pollution harmful,1,0,5.464231107212678,0.3205659976068594
tied billion,1,0,5.464231107212678,0.3205659976068594
tied bringing,1,0,5.464231107212678,0.3205659976068594
tied logistics,1,0,5.464231107212678,0.3205659976068594
purpose procedure,1,0,5.464231107212678,0.3205659976068594
pollution just,1,0,5.464231107212678,0.3205659976068594
purpose ai,1,0,5.464231107212678,0.3205659976068594
pure value,1,0,5.464231107212678,0.3205659976068594
pure,1,0,5.464231107212678,0.3205659976068594
thumb statewide,1,0,5.464231107212678,0.3205659976068594
thoughts project,1,0,5.464231107212678,0.3205659976068594
purchasing renewable,1,0,5.464231107212678,0.3205659976068594
pushed current,1,0,5.464231107212678,0.3205659976068594
throw points,1,0,5.464231107212678,0.3205659976068594
pollinator gardens,1,0,5.464231107212678,0.3205659976068594
putting coalition,1,0,5.464231107212678,0.3205659976068594
pollinators,1,0,5.464231107212678,0.3205659976068594
pollinators local,1,0,5.464231107212678,0.3205659976068594
trades president,1,0,5.464231107212678,0.3205659976068594
putting children,1,0,5.464231107212678,0.3205659976068594
pollutants especially,1,0,5.464231107212678,0.3205659976068594
throwing,1,0,5.464231107212678,0.3205659976068594
trades moment,1,0,5.464231107212678,0.3205659976068594
throwing bonus,1,0,5.464231107212678,0.3205659976068594
pollutants illinois,1,0,5.464231107212678,0.3205659976068594
trades labors,1,0,5.464231107212678,0.3205659976068594
pushing work,1,0,5.464231107212678,0.3205659976068594
pushing ll,1,0,5.464231107212678,0.3205659976068594
pushing bring,1,0,5.464231107212678,0.3205659976068594
thrown bus,1,0,5.464231107212678,0.3205659976068594
trades labor,1,0,5.464231107212678,0.3205659976068594
tradeoffs right,1,0,5.464231107212678,0.3205659976068594
thrown people,1,0,5.464231107212678,0.3205659976068594
tradeoffs,1,0,5.464231107212678,0.3205659976068594
trade available,1,0,5.464231107212678,0.3205659976068594
purchasing committed,1,0,5.464231107212678,0.3205659976068594
pools,1,0,5.464231107212678,0.3205659976068594
publicly state,1,0,5.464231107212678,0.3205659976068594
publicly shown,1,0,5.464231107212678,0.3205659976068594
publicly project,1,0,5.464231107212678,0.3205659976068594
pond say,1,0,5.464231107212678,0.3205659976068594
ponds control,1,0,5.464231107212678,0.3205659976068594
time able,1,0,5.464231107212678,0.3205659976068594
time allow,1,0,5.464231107212678,0.3205659976068594
ponds drainage,1,0,5.464231107212678,0.3205659976068594
time announcement,1,0,5.464231107212678,0.3205659976068594
public ve,1,0,5.464231107212678,0.3205659976068594
public took,1,0,5.464231107212678,0.3205659976068594
ponds think,1,0,5.464231107212678,0.3205659976068594
pool difference,1,0,5.464231107212678,0.3205659976068594
pool exposed,1,0,5.464231107212678,0.3205659976068594
public tonight,1,0,5.464231107212678,0.3205659976068594
time attend,1,0,5.464231107212678,0.3205659976068594
public thank,1,0,5.464231107212678,0.3205659976068594
public subsidize,1,0,5.464231107212678,0.3205659976068594
pool generating,1,0,5.464231107212678,0.3205659976068594
public speakers,1,0,5.464231107212678,0.3205659976068594
pool swimming,1,0,5.464231107212678,0.3205659976068594
public speak,1,0,5.464231107212678,0.3205659976068594
pond,1,0,5.464231107212678,0.3205659976068594
pollution worth,1,0,5.464231107212678,0.3205659976068594
pollution light,1,0,5.464231107212678,0.3205659976068594
publish,1,0,5.464231107212678,0.3205659976068594
pollution noise,1,0,5.464231107212678,0.3205659976068594
trade association,1,0,5.464231107212678,0.3205659976068594
tractor th,1,0,5.464231107212678,0.3205659976068594
purchases scheduling,1,0,5.464231107212678,0.3205659976068594
purchase yes,1,0,5.464231107212678,0.3205659976068594
tier standard,1,0,5.464231107212678,0.3205659976068594
tighten,1,0,5.464231107212678,0.3205659976068594
tighten control,1,0,5.464231107212678,0.3205659976068594
tile,1,0,5.464231107212678,0.3205659976068594
tile survey,1,0,5.464231107212678,0.3205659976068594
tim,1,0,5.464231107212678,0.3205659976068594
pump supplying,1,0,5.464231107212678,0.3205659976068594
tractor,1,0,5.464231107212678,0.3205659976068594
pump,1,0,5.464231107212678,0.3205659976068594
pulling know,1,0,5.464231107212678,0.3205659976068594
pulling grid,1,0,5.464231107212678,0.3205659976068594
pull resources,1,0,5.464231107212678,0.3205659976068594
pull,1,0,5.464231107212678,0.3205659976068594
published wall,1,0,5.464231107212678,0.3205659976068594
tim number,1,0,5.464231107212678,0.3205659976068594
publish website,1,0,5.464231107212678,0.3205659976068594
pushed clarify,1,0,5.464231107212678,0.3205659976068594
questions professionals,1,0,5.464231107212678,0.3205659976068594
questions art,1,0,5.464231107212678,0.3205659976068594
reaction thousand,1,0,5.464231107212678,0.3205659976068594
read know,1,0,5.464231107212678,0.3205659976068594
read facility,1,0,5.464231107212678,0.3205659976068594
plant maybe,1,0,5.464231107212678,0.3205659976068594
plant need,1,0,5.464231107212678,0.3205659976068594
transmission providing,1,0,5.464231107212678,0.3205659976068594
think industrial,1,0,5.464231107212678,0.3205659976068594
plant outside,1,0,5.464231107212678,0.3205659976068594
plant pawnee,1,0,5.464231107212678,0.3205659976068594
think interesting,1,0,5.464231107212678,0.3205659976068594
reaction taking,1,0,5.464231107212678,0.3205659976068594
plant lose,1,0,5.464231107212678,0.3205659976068594
plant problem,1,0,5.464231107212678,0.3205659976068594
think investment,1,0,5.464231107212678,0.3205659976068594
plant series,1,0,5.464231107212678,0.3205659976068594
think issues,1,0,5.464231107212678,0.3205659976068594
rea service,1,0,5.464231107212678,0.3205659976068594
razor razor,1,0,5.464231107212678,0.3205659976068594
transmission power,1,0,5.464231107212678,0.3205659976068594
transmission planning,1,0,5.464231107212678,0.3205659976068594
think kind,1,0,5.464231107212678,0.3205659976068594
read largely,1,0,5.464231107212678,0.3205659976068594
transmission resources,1,0,5.464231107212678,0.3205659976068594
plant use,1,0,5.464231107212678,0.3205659976068594
reading right,1,0,5.464231107212678,0.3205659976068594
ready load,1,0,5.464231107212678,0.3205659976068594
plant doing,1,0,5.464231107212678,0.3205659976068594
think half,1,0,5.464231107212678,0.3205659976068594
plant don,1,0,5.464231107212678,0.3205659976068594
plant door,1,0,5.464231107212678,0.3205659976068594
plant downhill,1,0,5.464231107212678,0.3205659976068594
ready going,1,0,5.464231107212678,0.3205659976068594
ready electric,1,0,5.464231107212678,0.3205659976068594
plant entire,1,0,5.464231107212678,0.3205659976068594
transmission upgrades,1,0,5.464231107212678,0.3205659976068594
read like,1,0,5.464231107212678,0.3205659976068594
think hit,1,0,5.464231107212678,0.3205659976068594
read workers,1,0,5.464231107212678,0.3205659976068594
plant geez,1,0,5.464231107212678,0.3205659976068594
read word,1,0,5.464231107212678,0.3205659976068594
think honestly,1,0,5.464231107212678,0.3205659976068594
read slides,1,0,5.464231107212678,0.3205659976068594
read risks,1,0,5.464231107212678,0.3205659976068594
think ideas,1,0,5.464231107212678,0.3205659976068594
read look,1,0,5.464231107212678,0.3205659976068594
plant time,1,0,5.464231107212678,0.3205659976068594
think know,1,0,5.464231107212678,0.3205659976068594
transparency ask,1,0,5.464231107212678,0.3205659976068594
rates central,1,0,5.464231107212678,0.3205659976068594
plants phased,1,0,5.464231107212678,0.3205659976068594
plants proposed,1,0,5.464231107212678,0.3205659976068594
rates effect,1,0,5.464231107212678,0.3205659976068594
rates don,1,0,5.464231107212678,0.3205659976068594
rates doesn,1,0,5.464231107212678,0.3205659976068594
rates demand,1,0,5.464231107212678,0.3205659976068594
plants putting,1,0,5.464231107212678,0.3205659976068594
rates crickets,1,0,5.464231107212678,0.3205659976068594
rates country,1,0,5.464231107212678,0.3205659976068594
plants read,1,0,5.464231107212678,0.3205659976068594
plants habitat,1,0,5.464231107212678,0.3205659976068594
rates benefit,1,0,5.464231107212678,0.3205659976068594
rates apply,1,0,5.464231107212678,0.3205659976068594
plants supply,1,0,5.464231107212678,0.3205659976068594
think means,1,0,5.464231107212678,0.3205659976068594
plas developments,1,0,5.464231107212678,0.3205659976068594
rate people,1,0,5.464231107212678,0.3205659976068594
plas organized,1,0,5.464231107212678,0.3205659976068594
rate payers,1,0,5.464231107212678,0.3205659976068594
rate making,1,0,5.464231107212678,0.3205659976068594
rates facing,1,0,5.464231107212678,0.3205659976068594
rates foreseeable,1,0,5.464231107212678,0.3205659976068594
plant used,1,0,5.464231107212678,0.3205659976068594
rates thing,1,0,5.464231107212678,0.3205659976068594
rating think,1,0,5.464231107212678,0.3205659976068594
think large,1,0,5.464231107212678,0.3205659976068594
think like,1,0,5.464231107212678,0.3205659976068594
transmission need,1,0,5.464231107212678,0.3205659976068594
plantings,1,0,5.464231107212678,0.3205659976068594
rates went,1,0,5.464231107212678,0.3205659976068594
rates want,1,0,5.464231107212678,0.3205659976068594
rates type,1,0,5.464231107212678,0.3205659976068594
rates truly,1,0,5.464231107212678,0.3205659976068594
plantings talked,1,0,5.464231107212678,0.3205659976068594
think matter,1,0,5.464231107212678,0.3205659976068594
rates rise,1,0,5.464231107212678,0.3205659976068594
transmission marketers,1,0,5.464231107212678,0.3205659976068594
rates precious,1,0,5.464231107212678,0.3205659976068594
rates paying,1,0,5.464231107212678,0.3205659976068594
rates nation,1,0,5.464231107212678,0.3205659976068594
plants electricity,1,0,5.464231107212678,0.3205659976068594
rates members,1,0,5.464231107212678,0.3205659976068594
plants end,1,0,5.464231107212678,0.3205659976068594
rates locked,1,0,5.464231107212678,0.3205659976068594
plant biodiverse,1,0,5.464231107212678,0.3205659976068594
transparency binding,1,0,5.464231107212678,0.3205659976068594
questions ask,1,0,5.464231107212678,0.3205659976068594
transportation sort,1,0,5.464231107212678,0.3205659976068594
really people,1,0,5.464231107212678,0.3205659976068594
plan make,1,0,5.464231107212678,0.3205659976068594
think broader,1,0,5.464231107212678,0.3205659976068594
really localized,1,0,5.464231107212678,0.3205659976068594
really like,1,0,5.464231107212678,0.3205659976068594
plan medical,1,0,5.464231107212678,0.3205659976068594
think carbon,1,0,5.464231107212678,0.3205659976068594
really informed,1,0,5.464231107212678,0.3205659976068594
think certainly,1,0,5.464231107212678,0.3205659976068594
think children,1,0,5.464231107212678,0.3205659976068594
really provide,1,0,5.464231107212678,0.3205659976068594
really hit,1,0,5.464231107212678,0.3205659976068594
really good,1,0,5.464231107212678,0.3205659976068594
plan partially,1,0,5.464231107212678,0.3205659976068594
really going,1,0,5.464231107212678,0.3205659976068594
really feasible,1,0,5.464231107212678,0.3205659976068594
really dig,1,0,5.464231107212678,0.3205659976068594
really couldn,1,0,5.464231107212678,0.3205659976068594
plan place,1,0,5.464231107212678,0.3205659976068594
think committed,1,0,5.464231107212678,0.3205659976068594
trapped decades,1,0,5.464231107212678,0.3205659976068594
plan investing,1,0,5.464231107212678,0.3205659976068594
really chose,1,0,5.464231107212678,0.3205659976068594
plan build,1,0,5.464231107212678,0.3205659976068594
think addressed,1,0,5.464231107212678,0.3205659976068594
placing,1,0,5.464231107212678,0.3205659976068594
placing reports,1,0,5.464231107212678,0.3205659976068594
really time,1,0,5.464231107212678,0.3205659976068594
think answered,1,0,5.464231107212678,0.3205659976068594
really talking,1,0,5.464231107212678,0.3205659976068594
think anybody,1,0,5.464231107212678,0.3205659976068594
think ballpark,1,0,5.464231107212678,0.3205659976068594
plan broader,1,0,5.464231107212678,0.3205659976068594
plan chemical,1,0,5.464231107212678,0.3205659976068594
plan incorporating,1,0,5.464231107212678,0.3205659976068594
plan comments,1,0,5.464231107212678,0.3205659976068594
trapped paying,1,0,5.464231107212678,0.3205659976068594
really sit,1,0,5.464231107212678,0.3205659976068594
really run,1,0,5.464231107212678,0.3205659976068594
really roof,1,0,5.464231107212678,0.3205659976068594
really responsibility,1,0,5.464231107212678,0.3205659976068594
plan helped,1,0,5.464231107212678,0.3205659976068594
really remote,1,0,5.464231107212678,0.3205659976068594
really province,1,0,5.464231107212678,0.3205659976068594
really connect,1,0,5.464231107212678,0.3205659976068594
really care,1,0,5.464231107212678,0.3205659976068594
transparency diligence,1,0,5.464231107212678,0.3205659976068594
real operative,1,0,5.464231107212678,0.3205659976068594
planning load,1,0,5.464231107212678,0.3205659976068594
real step,1,0,5.464231107212678,0.3205659976068594
transparency idea,1,0,5.464231107212678,0.3205659976068594
real risks,1,0,5.464231107212678,0.3205659976068594
plans hydrant,1,0,5.464231107212678,0.3205659976068594
plans know,1,0,5.464231107212678,0.3205659976068594
plans like,1,0,5.464231107212678,0.3205659976068594
think general,1,0,5.464231107212678,0.3205659976068594
plans look,1,0,5.464231107212678,0.3205659976068594
real operational,1,0,5.464231107212678,0.3205659976068594
real time,1,0,5.464231107212678,0.3205659976068594
plans outside,1,0,5.464231107212678,0.3205659976068594
plans remaining,1,0,5.464231107212678,0.3205659976068594
think gentleman,1,0,5.464231107212678,0.3205659976068594
think given,1,0,5.464231107212678,0.3205659976068594
plans solar,1,0,5.464231107212678,0.3205659976068594
real great,1,0,5.464231107212678,0.3205659976068594
transparency going,1,0,5.464231107212678,0.3205659976068594
real easily,1,0,5.464231107212678,0.3205659976068594
real demonstrated,1,0,5.464231107212678,0.3205659976068594
think future,1,0,5.464231107212678,0.3205659976068594
real world,1,0,5.464231107212678,0.3205659976068594
really bring,1,0,5.464231107212678,0.3205659976068594
think different,1,0,5.464231107212678,0.3205659976068594
transportation choose,1,0,5.464231107212678,0.3205659976068594
think deep,1,0,5.464231107212678,0.3205659976068594
realizing tax,1,0,5.464231107212678,0.3205659976068594
transparent little,1,0,5.464231107212678,0.3205659976068594
planned,1,0,5.464231107212678,0.3205659976068594
realizing,1,0,5.464231107212678,0.3205659976068594
think didn,1,0,5.464231107212678,0.3205659976068594
realized passed,1,0,5.464231107212678,0.3205659976068594
realized,1,0,5.464231107212678,0.3205659976068594
realize vision,1,0,5.464231107212678,0.3205659976068594
transparency yield,1,0,5.464231107212678,0.3205659976068594
realize teslas,1,0,5.464231107212678,0.3205659976068594
realize success,1,0,5.464231107212678,0.3205659976068594
planned acres,1,0,5.464231107212678,0.3205659976068594
realize running,1,0,5.464231107212678,0.3205659976068594
realize kind,1,0,5.464231107212678,0.3205659976068594
realize exclusively,1,0,5.464231107212678,0.3205659976068594
think end,1,0,5.464231107212678,0.3205659976068594
think fact,1,0,5.464231107212678,0.3205659976068594
reality like,1,0,5.464231107212678,0.3205659976068594
rate just,1,0,5.464231107212678,0.3205659976068594
rate faster,1,0,5.464231107212678,0.3205659976068594
transmission interconnection,1,0,5.464231107212678,0.3205659976068594
quickly casts,1,0,5.464231107212678,0.3205659976068594
quickly worked,1,0,5.464231107212678,0.3205659976068594
quickly time,1,0,5.464231107212678,0.3205659976068594
quickly running,1,0,5.464231107212678,0.3205659976068594
quickly natural,1,0,5.464231107212678,0.3205659976068594
quickly ll,1,0,5.464231107212678,0.3205659976068594
thought involved,1,0,5.464231107212678,0.3205659976068594
quickly end,1,0,5.464231107212678,0.3205659976068594
quickly don,1,0,5.464231107212678,0.3205659976068594
plus people,1,0,5.464231107212678,0.3205659976068594
plus portion,1,0,5.464231107212678,0.3205659976068594
thomas raise,1,0,5.464231107212678,0.3205659976068594
plus pro,1,0,5.464231107212678,0.3205659976068594
plus signs,1,0,5.464231107212678,0.3205659976068594
transferable health,1,0,5.464231107212678,0.3205659976068594
pm,1,0,5.464231107212678,0.3205659976068594
quick water,1,0,5.464231107212678,0.3205659976068594
pm fine,1,0,5.464231107212678,0.3205659976068594
quick somebody,1,0,5.464231107212678,0.3205659976068594
quick second,1,0,5.464231107212678,0.3205659976068594
quick reliability,1,0,5.464231107212678,0.3205659976068594
plus mean,1,0,5.464231107212678,0.3205659976068594
thomas district,1,0,5.464231107212678,0.3205659976068594
thought needed,1,0,5.464231107212678,0.3205659976068594
quite thing,1,0,5.464231107212678,0.3205659976068594
plus additional,1,0,5.464231107212678,0.3205659976068594
think years,1,0,5.464231107212678,0.3205659976068594
thinking fit,1,0,5.464231107212678,0.3205659976068594
thinking need,1,0,5.464231107212678,0.3205659976068594
plus battery,1,0,5.464231107212678,0.3205659976068594
thinking specific,1,0,5.464231107212678,0.3205659976068594
quizzed questions,1,0,5.464231107212678,0.3205659976068594
plus carbon,1,0,5.464231107212678,0.3205659976068594
quizzed,1,0,5.464231107212678,0.3205659976068594
quite sure,1,0,5.464231107212678,0.3205659976068594
quintupling,1,0,5.464231107212678,0.3205659976068594
quite subjective,1,0,5.464231107212678,0.3205659976068594
quite people,1,0,5.464231107212678,0.3205659976068594
thirty,1,0,5.464231107212678,0.3205659976068594
thirty minutes,1,0,5.464231107212678,0.3205659976068594
plus investment,1,0,5.464231107212678,0.3205659976068594
quite bit,1,0,5.464231107212678,0.3205659976068594
plus jobs,1,0,5.464231107212678,0.3205659976068594
plus ll,1,0,5.464231107212678,0.3205659976068594
quintupling annual,1,0,5.464231107212678,0.3205659976068594
quick placing,1,0,5.464231107212678,0.3205659976068594
quick did,1,0,5.464231107212678,0.3205659976068594
rate class,1,0,5.464231107212678,0.3205659976068594
questions derived,1,0,5.464231107212678,0.3205659976068594
questions know,1,0,5.464231107212678,0.3205659976068594
point acres,1,0,5.464231107212678,0.3205659976068594
questions itinerary,1,0,5.464231107212678,0.3205659976068594
questions hour,1,0,5.464231107212678,0.3205659976068594
point anyways,1,0,5.464231107212678,0.3205659976068594
questions happy,1,0,5.464231107212678,0.3205659976068594
questions going,1,0,5.464231107212678,0.3205659976068594
questions encourage,1,0,5.464231107212678,0.3205659976068594
questions documented,1,0,5.464231107212678,0.3205659976068594
training thank,1,0,5.464231107212678,0.3205659976068594
questions like,1,0,5.464231107212678,0.3205659976068594
questions conclusion,1,0,5.464231107212678,0.3205659976068594
point contention,1,0,5.464231107212678,0.3205659976068594
point correct,1,0,5.464231107212678,0.3205659976068594
point county,1,0,5.464231107212678,0.3205659976068594
point creating,1,0,5.464231107212678,0.3205659976068594
point deal,1,0,5.464231107212678,0.3205659976068594
training prioritized,1,0,5.464231107212678,0.3205659976068594
questions board,1,0,5.464231107212678,0.3205659976068594
point just,1,0,5.464231107212678,0.3205659976068594
questions let,1,0,5.464231107212678,0.3205659976068594
questions ll,1,0,5.464231107212678,0.3205659976068594
thought read,1,0,5.464231107212678,0.3205659976068594
questions thoughts,1,0,5.464231107212678,0.3205659976068594
quick buck,1,0,5.464231107212678,0.3205659976068594
transactions went,1,0,5.464231107212678,0.3205659976068594
transactions provide,1,0,5.464231107212678,0.3205659976068594
questions yep,1,0,5.464231107212678,0.3205659976068594
questions weren,1,0,5.464231107212678,0.3205659976068594
questions water,1,0,5.464231107212678,0.3205659976068594
transactions cyrus,1,0,5.464231107212678,0.3205659976068594
questions ve,1,0,5.464231107212678,0.3205659976068594
questions understand,1,0,5.464231107212678,0.3205659976068594
questions sorry,1,0,5.464231107212678,0.3205659976068594
questions lot,1,0,5.464231107212678,0.3205659976068594
questions small,1,0,5.464231107212678,0.3205659976068594
questions saying,1,0,5.464231107212678,0.3205659976068594
podium,1,0,5.464231107212678,0.3205659976068594
podium way,1,0,5.464231107212678,0.3205659976068594
questions right,1,0,5.464231107212678,0.3205659976068594
questions reg,1,0,5.464231107212678,0.3205659976068594
questions provision,1,0,5.464231107212678,0.3205659976068594
provided help,1,0,5.464231107212678,0.3205659976068594
questions person,1,0,5.464231107212678,0.3205659976068594
think work,1,0,5.464231107212678,0.3205659976068594
plumbing prevention,1,0,5.464231107212678,0.3205659976068594
quote website,1,0,5.464231107212678,0.3205659976068594
raises unanswered,1,0,5.464231107212678,0.3205659976068594
think new,1,0,5.464231107212678,0.3205659976068594
ramifications day,1,0,5.464231107212678,0.3205659976068594
played prince,1,0,5.464231107212678,0.3205659976068594
ramble seconds,1,0,5.464231107212678,0.3205659976068594
translates type,1,0,5.464231107212678,0.3205659976068594
ramble,1,0,5.464231107212678,0.3205659976068594
translates,1,0,5.464231107212678,0.3205659976068594
raising rates,1,0,5.464231107212678,0.3205659976068594
think pillsbury,1,0,5.464231107212678,0.3205659976068594
raises,1,0,5.464231107212678,0.3205659976068594
ran auction,1,0,5.464231107212678,0.3205659976068594
transitioning power,1,0,5.464231107212678,0.3205659976068594
raised union,1,0,5.464231107212678,0.3205659976068594
transitioning,1,0,5.464231107212678,0.3205659976068594
pleased,1,0,5.464231107212678,0.3205659976068594
raised tonight,1,0,5.464231107212678,0.3205659976068594
raised springfield,1,0,5.464231107212678,0.3205659976068594
pleased biodiversity,1,0,5.464231107212678,0.3205659976068594
raised sons,1,0,5.464231107212678,0.3205659976068594
think pretty,1,0,5.464231107212678,0.3205659976068594
transmission capacity,1,0,5.464231107212678,0.3205659976068594
ran minutes,1,0,5.464231107212678,0.3205659976068594
quoted,1,0,5.464231107212678,0.3205659976068594
rapid deployment,1,0,5.464231107212678,0.3205659976068594
rate auditing,1,0,5.464231107212678,0.3205659976068594
think megawatts,1,0,5.464231107212678,0.3205659976068594
transmission independent,1,0,5.464231107212678,0.3205659976068594
plate help,1,0,5.464231107212678,0.3205659976068594
rarely used,1,0,5.464231107212678,0.3205659976068594
rarely,1,0,5.464231107212678,0.3205659976068594
rapidly just,1,0,5.464231107212678,0.3205659976068594
rapidly expanding,1,0,5.464231107212678,0.3205659976068594
rapid increase,1,0,5.464231107212678,0.3205659976068594
plate praying,1,0,5.464231107212678,0.3205659976068594
play entertainment,1,0,5.464231107212678,0.3205659976068594
platforms,1,0,5.464231107212678,0.3205659976068594
platforms anybody,1,0,5.464231107212678,0.3205659976068594
think needs,1,0,5.464231107212678,0.3205659976068594
range exemptions,1,0,5.464231107212678,0.3205659976068594
think net,1,0,5.464231107212678,0.3205659976068594
transmission generation,1,0,5.464231107212678,0.3205659976068594
rand seconds,1,0,5.464231107212678,0.3205659976068594
rand,1,0,5.464231107212678,0.3205659976068594
ran water,1,0,5.464231107212678,0.3205659976068594
raised question,1,0,5.464231107212678,0.3205659976068594
raised parties,1,0,5.464231107212678,0.3205659976068594
raised opposition,1,0,5.464231107212678,0.3205659976068594
think tradeoffs,1,0,5.464231107212678,0.3205659976068594
think serving,1,0,5.464231107212678,0.3205659976068594
think shortage,1,0,5.464231107212678,0.3205659976068594
think supposed,1,0,5.464231107212678,0.3205659976068594
plumbers steamfitters,1,0,5.464231107212678,0.3205659976068594
plumbing background,1,0,5.464231107212678,0.3205659976068594
plumbing businesses,1,0,5.464231107212678,0.3205659976068594
think talked,1,0,5.464231107212678,0.3205659976068594
think target,1,0,5.464231107212678,0.3205659976068594
think time,1,0,5.464231107212678,0.3205659976068594
think virginia,1,0,5.464231107212678,0.3205659976068594
transforms power,1,0,5.464231107212678,0.3205659976068594
race posing,1,0,5.464231107212678,0.3205659976068594
think wanted,1,0,5.464231107212678,0.3205659976068594
race ai,1,0,5.464231107212678,0.3205659976068594
plumbing infrastructure,1,0,5.464231107212678,0.3205659976068594
plumbing ll,1,0,5.464231107212678,0.3205659976068594
racc ability,1,0,5.464231107212678,0.3205659976068594
racc,1,0,5.464231107212678,0.3205659976068594
think way,1,0,5.464231107212678,0.3205659976068594
quoted indirect,1,0,5.464231107212678,0.3205659976068594
think say,1,0,5.464231107212678,0.3205659976068594
think saw,1,0,5.464231107212678,0.3205659976068594
think said,1,0,5.464231107212678,0.3205659976068594
think sagament,1,0,5.464231107212678,0.3205659976068594
raised multiple,1,0,5.464231107212678,0.3205659976068594
raised moved,1,0,5.464231107212678,0.3205659976068594
raised issue,1,0,5.464231107212678,0.3205659976068594
raised idea,1,0,5.464231107212678,0.3205659976068594
raised hand,1,0,5.464231107212678,0.3205659976068594
think real,1,0,5.464231107212678,0.3205659976068594
transforms,1,0,5.464231107212678,0.3205659976068594
plenty lot,1,0,5.464231107212678,0.3205659976068594
plenty people,1,0,5.464231107212678,0.3205659976068594
plenty questions,1,0,5.464231107212678,0.3205659976068594
transformers equipment,1,0,5.464231107212678,0.3205659976068594
plenty resources,1,0,5.464231107212678,0.3205659976068594
transformers,1,0,5.464231107212678,0.3205659976068594
raise questions,1,0,5.464231107212678,0.3205659976068594
think reported,1,0,5.464231107212678,0.3205659976068594
plenty things,1,0,5.464231107212678,0.3205659976068594
think right,1,0,5.464231107212678,0.3205659976068594
transferable skill,1,0,5.464231107212678,0.3205659976068594
transferable number,1,0,5.464231107212678,0.3205659976068594
possible know,1,0,5.464231107212678,0.3205659976068594
time exercise,1,0,5.464231107212678,0.3205659976068594
possible onsite,1,0,5.464231107212678,0.3205659976068594
pricing,1,0,5.464231107212678,0.3205659976068594
prices set,1,0,5.464231107212678,0.3205659976068594
project sangamon,1,0,5.464231107212678,0.3205659976068594
prices spike,1,0,5.464231107212678,0.3205659976068594
prices spiked,1,0,5.464231107212678,0.3205659976068594
tired real,1,0,5.464231107212678,0.3205659976068594
prices supply,1,0,5.464231107212678,0.3205659976068594
project reality,1,0,5.464231107212678,0.3205659976068594
prices went,1,0,5.464231107212678,0.3205659976068594
prices yes,1,0,5.464231107212678,0.3205659976068594
project professional,1,0,5.464231107212678,0.3205659976068594
prices rates,1,0,5.464231107212678,0.3205659976068594
project permanent,1,0,5.464231107212678,0.3205659976068594
project people,1,0,5.464231107212678,0.3205659976068594
tires,1,0,5.464231107212678,0.3205659976068594
tires don,1,0,5.464231107212678,0.3205659976068594
pricing nodes,1,0,5.464231107212678,0.3205659976068594
titanic,1,0,5.464231107212678,0.3205659976068594
primary conclusions,1,0,5.464231107212678,0.3205659976068594
primary issues,1,0,5.464231107212678,0.3205659976068594
titanic does,1,0,5.464231107212678,0.3205659976068594
prices say,1,0,5.464231107212678,0.3205659976068594
prices need,1,0,5.464231107212678,0.3205659976068594
times roof,1,0,5.464231107212678,0.3205659976068594
project talk,1,0,5.464231107212678,0.3205659976068594
prices central,1,0,5.464231107212678,0.3205659976068594
times tied,1,0,5.464231107212678,0.3205659976068594
prices change,1,0,5.464231107212678,0.3205659976068594
prices customers,1,0,5.464231107212678,0.3205659976068594
times times,1,0,5.464231107212678,0.3205659976068594
times total,1,0,5.464231107212678,0.3205659976068594
times transformers,1,0,5.464231107212678,0.3205659976068594
prices determined,1,0,5.464231107212678,0.3205659976068594
project things,1,0,5.464231107212678,0.3205659976068594
prices does,1,0,5.464231107212678,0.3205659976068594
times wish,1,0,5.464231107212678,0.3205659976068594
project surrogates,1,0,5.464231107212678,0.3205659976068594
project subtracted,1,0,5.464231107212678,0.3205659976068594
times wanted,1,0,5.464231107212678,0.3205659976068594
project step,1,0,5.464231107212678,0.3205659976068594
prices energy,1,0,5.464231107212678,0.3205659976068594
project steel,1,0,5.464231107212678,0.3205659976068594
project size,1,0,5.464231107212678,0.3205659976068594
prices fall,1,0,5.464231107212678,0.3205659976068594
prices just,1,0,5.464231107212678,0.3205659976068594
project meets,1,0,5.464231107212678,0.3205659976068594
title,1,0,5.464231107212678,0.3205659976068594
primary kkr,1,0,5.464231107212678,0.3205659976068594
privacy took,1,0,5.464231107212678,0.3205659976068594
project leadership,1,0,5.464231107212678,0.3205659976068594
priority residents,1,0,5.464231107212678,0.3205659976068594
priority returning,1,0,5.464231107212678,0.3205659976068594
today big,1,0,5.464231107212678,0.3205659976068594
tonight tearing,1,0,5.464231107212678,0.3205659976068594
tonight talk,1,0,5.464231107212678,0.3205659976068594
tonight success,1,0,5.464231107212678,0.3205659976068594
tonight staying,1,0,5.464231107212678,0.3205659976068594
project introduce,1,0,5.464231107212678,0.3205659976068594
tonight speakers,1,0,5.464231107212678,0.3205659976068594
title things,1,0,5.464231107212678,0.3205659976068594
today capacity,1,0,5.464231107212678,0.3205659976068594
private company,1,0,5.464231107212678,0.3205659976068594
tonight sir,1,0,5.464231107212678,0.3205659976068594
project hope,1,0,5.464231107212678,0.3205659976068594
privy,1,0,5.464231107212678,0.3205659976068594
project home,1,0,5.464231107212678,0.3205659976068594
privy immediate,1,0,5.464231107212678,0.3205659976068594
project group,1,0,5.464231107212678,0.3205659976068594
pro business,1,0,5.464231107212678,0.3205659976068594
priority regard,1,0,5.464231107212678,0.3205659976068594
project like,1,0,5.464231107212678,0.3205659976068594
tonight thirty,1,0,5.464231107212678,0.3205659976068594
today behalf,1,0,5.464231107212678,0.3205659976068594
primary noise,1,0,5.464231107212678,0.3205659976068594
project logic,1,0,5.464231107212678,0.3205659976068594
primary things,1,0,5.464231107212678,0.3205659976068594
prince,1,0,5.464231107212678,0.3205659976068594
prince william,1,0,5.464231107212678,0.3205659976068594
tonight thought,1,0,5.464231107212678,0.3205659976068594
prior design,1,0,5.464231107212678,0.3205659976068594
prior ownership,1,0,5.464231107212678,0.3205659976068594
prior ready,1,0,5.464231107212678,0.3205659976068594
prioritize additive,1,0,5.464231107212678,0.3205659976068594
project locates,1,0,5.464231107212678,0.3205659976068594
prioritize interests,1,0,5.464231107212678,0.3205659976068594
today aurora,1,0,5.464231107212678,0.3205659976068594
prioritize safety,1,0,5.464231107212678,0.3205659976068594
prioritize thank,1,0,5.464231107212678,0.3205659976068594
prioritized,1,0,5.464231107212678,0.3205659976068594
prioritized job,1,0,5.464231107212678,0.3205659976068594
prioritizing,1,0,5.464231107212678,0.3205659976068594
prioritizing union,1,0,5.464231107212678,0.3205659976068594
times thank,1,0,5.464231107212678,0.3205659976068594
project way,1,0,5.464231107212678,0.3205659976068594
tonight rules,1,0,5.464231107212678,0.3205659976068594
pretty standardized,1,0,5.464231107212678,0.3205659976068594
projects looking,1,0,5.464231107212678,0.3205659976068594
projects locally,1,0,5.464231107212678,0.3205659976068594
pretty rural,1,0,5.464231107212678,0.3205659976068594
pretty scary,1,0,5.464231107212678,0.3205659976068594
pretty solid,1,0,5.464231107212678,0.3205659976068594
projects just,1,0,5.464231107212678,0.3205659976068594
projects jurisdictions,1,0,5.464231107212678,0.3205659976068594
projects issues,1,0,5.464231107212678,0.3205659976068594
projects increase,1,0,5.464231107212678,0.3205659976068594
projects imperative,1,0,5.464231107212678,0.3205659976068594
projects months,1,0,5.464231107212678,0.3205659976068594
projects happen,1,0,5.464231107212678,0.3205659976068594
projects feel,1,0,5.464231107212678,0.3205659976068594
projects discharges,1,0,5.464231107212678,0.3205659976068594
pretty sure,1,0,5.464231107212678,0.3205659976068594
projects development,1,0,5.464231107212678,0.3205659976068594
pretty went,1,0,5.464231107212678,0.3205659976068594
prevent additional,1,0,5.464231107212678,0.3205659976068594
projects delayed,1,0,5.464231107212678,0.3205659976068594
prevent list,1,0,5.464231107212678,0.3205659976068594
took months,1,0,5.464231107212678,0.3205659976068594
pretty quick,1,0,5.464231107212678,0.3205659976068594
prices absolutely,1,0,5.464231107212678,0.3205659976068594
projects postponed,1,0,5.464231107212678,0.3205659976068594
projects size,1,0,5.464231107212678,0.3205659976068594
projects sangamon,1,0,5.464231107212678,0.3205659976068594
took privacy,1,0,5.464231107212678,0.3205659976068594
projects sammon,1,0,5.464231107212678,0.3205659976068594
projects projects,1,0,5.464231107212678,0.3205659976068594
took place,1,0,5.464231107212678,0.3205659976068594
pretty boat,1,0,5.464231107212678,0.3205659976068594
pretty clear,1,0,5.464231107212678,0.3205659976068594
pretty close,1,0,5.464231107212678,0.3205659976068594
pretty darn,1,0,5.464231107212678,0.3205659976068594
projects moratorium,1,0,5.464231107212678,0.3205659976068594
pretty difficult,1,0,5.464231107212678,0.3205659976068594
projects picture,1,0,5.464231107212678,0.3205659976068594
pretty early,1,0,5.464231107212678,0.3205659976068594
pretty fair,1,0,5.464231107212678,0.3205659976068594
projects people,1,0,5.464231107212678,0.3205659976068594
took photo,1,0,5.464231107212678,0.3205659976068594
projects opportunity,1,0,5.464231107212678,0.3205659976068594
pretty pro,1,0,5.464231107212678,0.3205659976068594
projects northern,1,0,5.464231107212678,0.3205659976068594
prevent people,1,0,5.464231107212678,0.3205659976068594
prevent rust,1,0,5.464231107212678,0.3205659976068594
took days,1,0,5.464231107212678,0.3205659976068594
price impacts,1,0,5.464231107212678,0.3205659976068594
projected numbers,1,0,5.464231107212678,0.3205659976068594
projected levy,1,0,5.464231107212678,0.3205659976068594
price happened,1,0,5.464231107212678,0.3205659976068594
price high,1,0,5.464231107212678,0.3205659976068594
tonight written,1,0,5.464231107212678,0.3205659976068594
price impact,1,0,5.464231107212678,0.3205659976068594
projected estimate,1,0,5.464231107212678,0.3205659976068594
projected development,1,0,5.464231107212678,0.3205659976068594
projected built,1,0,5.464231107212678,0.3205659976068594
price increase,1,0,5.464231107212678,0.3205659976068594
times office,1,0,5.464231107212678,0.3205659976068594
price increases,1,0,5.464231107212678,0.3205659976068594
price retail,1,0,5.464231107212678,0.3205659976068594
price spike,1,0,5.464231107212678,0.3205659976068594
price township,1,0,5.464231107212678,0.3205659976068594
project years,1,0,5.464231107212678,0.3205659976068594
tonight wanted,1,0,5.464231107212678,0.3205659976068594
project worth,1,0,5.464231107212678,0.3205659976068594
project working,1,0,5.464231107212678,0.3205659976068594
project weeks,1,0,5.464231107212678,0.3205659976068594
projected revenue,1,0,5.464231107212678,0.3205659976068594
projected years,1,0,5.464231107212678,0.3205659976068594
price goes,1,0,5.464231107212678,0.3205659976068594
price electricity,1,0,5.464231107212678,0.3205659976068594
projects construction,1,0,5.464231107212678,0.3205659976068594
times questions,1,0,5.464231107212678,0.3205659976068594
projects built,1,0,5.464231107212678,0.3205659976068594
projects blocked,1,0,5.464231107212678,0.3205659976068594
took day,1,0,5.464231107212678,0.3205659976068594
previous investments,1,0,5.464231107212678,0.3205659976068594
took coming,1,0,5.464231107212678,0.3205659976068594
projections know,1,0,5.464231107212678,0.3205659976068594
projections collection,1,0,5.464231107212678,0.3205659976068594
took approximately,1,0,5.464231107212678,0.3205659976068594
tony questions,1,0,5.464231107212678,0.3205659976068594
tony dozzorino,1,0,5.464231107212678,0.3205659976068594
tony dozerno,1,0,5.464231107212678,0.3205659976068594
tony delgiorno,1,0,5.464231107212678,0.3205659976068594
tony actually,1,0,5.464231107212678,0.3205659976068594
previously told,1,0,5.464231107212678,0.3205659976068594
projection example,1,0,5.464231107212678,0.3205659976068594
projection bulk,1,0,5.464231107212678,0.3205659976068594
price average,1,0,5.464231107212678,0.3205659976068594
pro column,1,0,5.464231107212678,0.3205659976068594
tonight robert,1,0,5.464231107212678,0.3205659976068594
provided folks,1,0,5.464231107212678,0.3205659976068594
processes cyrus,1,0,5.464231107212678,0.3205659976068594
process produces,1,0,5.464231107212678,0.3205659976068594
process rushed,1,0,5.464231107212678,0.3205659976068594
tonight available,1,0,5.464231107212678,0.3205659976068594
process started,1,0,5.464231107212678,0.3205659976068594
process starts,1,0,5.464231107212678,0.3205659976068594
process took,1,0,5.464231107212678,0.3205659976068594
process want,1,0,5.464231107212678,0.3205659976068594
process wanted,1,0,5.464231107212678,0.3205659976068594
processes,1,0,5.464231107212678,0.3205659976068594
processors,1,0,5.464231107212678,0.3205659976068594
process ll,1,0,5.464231107212678,0.3205659976068594
told brings,1,0,5.464231107212678,0.3205659976068594
told build,1,0,5.464231107212678,0.3205659976068594
processors ought,1,0,5.464231107212678,0.3205659976068594
procure day,1,0,5.464231107212678,0.3205659976068594
procure going,1,0,5.464231107212678,0.3205659976068594
procurement sophisticated,1,0,5.464231107212678,0.3205659976068594
tonight addressing,1,0,5.464231107212678,0.3205659976068594
told building,1,0,5.464231107212678,0.3205659976068594
profit ve,1,0,5.464231107212678,0.3205659976068594
tonight came,1,0,5.464231107212678,0.3205659976068594
told assessed,1,0,5.464231107212678,0.3205659976068594
token,1,0,5.464231107212678,0.3205659976068594
process end,1,0,5.464231107212678,0.3205659976068594
proceeds,1,0,5.464231107212678,0.3205659976068594
proceeds sale,1,0,5.464231107212678,0.3205659976068594
tonight coming,1,0,5.464231107212678,0.3205659976068594
tonight colleagues,1,0,5.464231107212678,0.3205659976068594
programs investor,1,0,5.464231107212678,0.3205659976068594
programs help,1,0,5.464231107212678,0.3205659976068594
process building,1,0,5.464231107212678,0.3205659976068594
process changing,1,0,5.464231107212678,0.3205659976068594
process controls,1,0,5.464231107212678,0.3205659976068594
token want,1,0,5.464231107212678,0.3205659976068594
process large,1,0,5.464231107212678,0.3205659976068594
process evening,1,0,5.464231107212678,0.3205659976068594
process far,1,0,5.464231107212678,0.3205659976068594
programs apprentices,1,0,5.464231107212678,0.3205659976068594
programming safe,1,0,5.464231107212678,0.3205659976068594
process happens,1,0,5.464231107212678,0.3205659976068594
process hope,1,0,5.464231107212678,0.3205659976068594
process knowing,1,0,5.464231107212678,0.3205659976068594
program want,1,0,5.464231107212678,0.3205659976068594
program ve,1,0,5.464231107212678,0.3205659976068594
profit tighten,1,0,5.464231107212678,0.3205659976068594
produce entire,1,0,5.464231107212678,0.3205659976068594
tonight added,1,0,5.464231107212678,0.3205659976068594
professionals want,1,0,5.464231107212678,0.3205659976068594
production feeding,1,0,5.464231107212678,0.3205659976068594
production going,1,0,5.464231107212678,0.3205659976068594
production industries,1,0,5.464231107212678,0.3205659976068594
profile,1,0,5.464231107212678,0.3205659976068594
production negative,1,0,5.464231107212678,0.3205659976068594
told independent,1,0,5.464231107212678,0.3205659976068594
told project,1,0,5.464231107212678,0.3205659976068594
production solar,1,0,5.464231107212678,0.3205659976068594
production way,1,0,5.464231107212678,0.3205659976068594
professionals oh,1,0,5.464231107212678,0.3205659976068594
told english,1,0,5.464231107212678,0.3205659976068594
production wondering,1,0,5.464231107212678,0.3205659976068594
products different,1,0,5.464231107212678,0.3205659976068594
professionals minute,1,0,5.464231107212678,0.3205659976068594
professionals list,1,0,5.464231107212678,0.3205659976068594
professional prairie,1,0,5.464231107212678,0.3205659976068594
professional world,1,0,5.464231107212678,0.3205659976068594
professionals going,1,0,5.464231107212678,0.3205659976068594
professionals don,1,0,5.464231107212678,0.3205659976068594
professionally investigate,1,0,5.464231107212678,0.3205659976068594
profile logistical,1,0,5.464231107212678,0.3205659976068594
production correct,1,0,5.464231107212678,0.3205659976068594
profit big,1,0,5.464231107212678,0.3205659976068594
production continue,1,0,5.464231107212678,0.3205659976068594
told fixed,1,0,5.464231107212678,0.3205659976068594
produce kind,1,0,5.464231107212678,0.3205659976068594
profit deal,1,0,5.464231107212678,0.3205659976068594
tonight aaron,1,0,5.464231107212678,0.3205659976068594
produce maximum,1,0,5.464231107212678,0.3205659976068594
ton cardboard,1,0,5.464231107212678,0.3205659976068594
produce pollution,1,0,5.464231107212678,0.3205659976068594
ton,1,0,5.464231107212678,0.3205659976068594
produced cwlp,1,0,5.464231107212678,0.3205659976068594
produced electricity,1,0,5.464231107212678,0.3205659976068594
produced million,1,0,5.464231107212678,0.3205659976068594
tomorrow morning,1,0,5.464231107212678,0.3205659976068594
produces similar,1,0,5.464231107212678,0.3205659976068594
profit current,1,0,5.464231107212678,0.3205659976068594
tom talking,1,0,5.464231107212678,0.3205659976068594
profit care,1,0,5.464231107212678,0.3205659976068594
product coming,1,0,5.464231107212678,0.3205659976068594
tom frazee,1,0,5.464231107212678,0.3205659976068594
production building,1,0,5.464231107212678,0.3205659976068594
programs lot,1,0,5.464231107212678,0.3205659976068594
tonight concerned,1,0,5.464231107212678,0.3205659976068594
probably area,1,0,5.464231107212678,0.3205659976068594
project clear,1,0,5.464231107212678,0.3205659976068594
project contractors,1,0,5.464231107212678,0.3205659976068594
project completely,1,0,5.464231107212678,0.3205659976068594
tonight probably,1,0,5.464231107212678,0.3205659976068594
probably topic,1,0,5.464231107212678,0.3205659976068594
today location,1,0,5.464231107212678,0.3205659976068594
today looking,1,0,5.464231107212678,0.3205659976068594
probably want,1,0,5.464231107212678,0.3205659976068594
probably wise,1,0,5.464231107212678,0.3205659976068594
probably year,1,0,5.464231107212678,0.3205659976068594
today lot,1,0,5.464231107212678,0.3205659976068594
probably say,1,0,5.464231107212678,0.3205659976068594
today means,1,0,5.464231107212678,0.3205659976068594
probably years,1,0,5.464231107212678,0.3205659976068594
today point,1,0,5.464231107212678,0.3205659976068594
project built,1,0,5.464231107212678,0.3205659976068594
today probably,1,0,5.464231107212678,0.3205659976068594
project building,1,0,5.464231107212678,0.3205659976068594
tonight phd,1,0,5.464231107212678,0.3205659976068594
tonight outside,1,0,5.464231107212678,0.3205659976068594
problem cost,1,0,5.464231107212678,0.3205659976068594
probably springfield,1,0,5.464231107212678,0.3205659976068594
probably real,1,0,5.464231107212678,0.3205659976068594
programs minorities,1,0,5.464231107212678,0.3205659976068594
probably happen,1,0,5.464231107212678,0.3205659976068594
probably build,1,0,5.464231107212678,0.3205659976068594
probably conducive,1,0,5.464231107212678,0.3205659976068594
probably going,1,0,5.464231107212678,0.3205659976068594
project general,1,0,5.464231107212678,0.3205659976068594
today concerns,1,0,5.464231107212678,0.3205659976068594
probably grow,1,0,5.464231107212678,0.3205659976068594
today generation,1,0,5.464231107212678,0.3205659976068594
today implemented,1,0,5.464231107212678,0.3205659976068594
project fair,1,0,5.464231107212678,0.3205659976068594
probably happy,1,0,5.464231107212678,0.3205659976068594
project cost,1,0,5.464231107212678,0.3205659976068594
probably lifespan,1,0,5.464231107212678,0.3205659976068594
probably nicest,1,0,5.464231107212678,0.3205659976068594
probably prices,1,0,5.464231107212678,0.3205659976068594
project don,1,0,5.464231107212678,0.3205659976068594
project does,1,0,5.464231107212678,0.3205659976068594
project development,1,0,5.464231107212678,0.3205659976068594
probably rea,1,0,5.464231107212678,0.3205659976068594
today live,1,0,5.464231107212678,0.3205659976068594
project creates,1,0,5.464231107212678,0.3205659976068594
problem goes,1,0,5.464231107212678,0.3205659976068594
today public,1,0,5.464231107212678,0.3205659976068594
project broadens,1,0,5.464231107212678,0.3205659976068594
procedures speaker,1,0,5.464231107212678,0.3205659976068594
tonight glad,1,0,5.464231107212678,0.3205659976068594
today states,1,0,5.464231107212678,0.3205659976068594
tonight face,1,0,5.464231107212678,0.3205659976068594
procedure,1,0,5.464231107212678,0.3205659976068594
project acres,1,0,5.464231107212678,0.3205659976068594
procedure today,1,0,5.464231107212678,0.3205659976068594
project able,1,0,5.464231107212678,0.3205659976068594
procedures,1,0,5.464231107212678,0.3205659976068594
today unparalleled,1,0,5.464231107212678,0.3205659976068594
proceed evening,1,0,5.464231107212678,0.3205659976068594
project bring,1,0,5.464231107212678,0.3205659976068594
tonight deciding,1,0,5.464231107212678,0.3205659976068594
tonight covid,1,0,5.464231107212678,0.3205659976068594
tonight county,1,0,5.464231107212678,0.3205659976068594
tonight cooperative,1,0,5.464231107212678,0.3205659976068594
toilets basically,1,0,5.464231107212678,0.3205659976068594
tonight contradictory,1,0,5.464231107212678,0.3205659976068594
programs minority,1,0,5.464231107212678,0.3205659976068594
proceeding forward,1,0,5.464231107212678,0.3205659976068594
tonight concerns,1,0,5.464231107212678,0.3205659976068594
project approximately,1,0,5.464231107212678,0.3205659976068594
project asked,1,0,5.464231107212678,0.3205659976068594
project available,1,0,5.464231107212678,0.3205659976068594
tonight hold,1,0,5.464231107212678,0.3205659976068594
problem hydrology,1,0,5.464231107212678,0.3205659976068594
project breadth,1,0,5.464231107212678,0.3205659976068594
project blackouts,1,0,5.464231107212678,0.3205659976068594
project big,1,0,5.464231107212678,0.3205659976068594
problem ones,1,0,5.464231107212678,0.3205659976068594
problem say,1,0,5.464231107212678,0.3205659976068594
tonight make,1,0,5.464231107212678,0.3205659976068594
problem sir,1,0,5.464231107212678,0.3205659976068594
tonight lot,1,0,5.464231107212678,0.3205659976068594
tonight look,1,0,5.464231107212678,0.3205659976068594
problem went,1,0,5.464231107212678,0.3205659976068594
tonight learn,1,0,5.464231107212678,0.3205659976068594
problems changing,1,0,5.464231107212678,0.3205659976068594
today really,1,0,5.464231107212678,0.3205659976068594
project beneficial,1,0,5.464231107212678,0.3205659976068594
today revenue,1,0,5.464231107212678,0.3205659976068594
reap,1,0,5.464231107212678,0.3205659976068594
today runs,1,0,5.464231107212678,0.3205659976068594
tonight incredible,1,0,5.464231107212678,0.3205659976068594
pretending know,1,0,5.464231107212678,0.3205659976068594
projects submit,1,0,5.464231107212678,0.3205659976068594
pretending,1,0,5.464231107212678,0.3205659976068594
time questions,1,0,5.464231107212678,0.3205659976068594
propped,1,0,5.464231107212678,0.3205659976068594
time presenter,1,0,5.464231107212678,0.3205659976068594
proposing project,1,0,5.464231107212678,0.3205659976068594
power make,1,0,5.464231107212678,0.3205659976068594
time produce,1,0,5.464231107212678,0.3205659976068594
proposing final,1,0,5.464231107212678,0.3205659976068594
power marketer,1,0,5.464231107212678,0.3205659976068594
time properly,1,0,5.464231107212678,0.3205659976068594
time proposed,1,0,5.464231107212678,0.3205659976068594
power op,1,0,5.464231107212678,0.3205659976068594
power ll,1,0,5.464231107212678,0.3205659976068594
power outage,1,0,5.464231107212678,0.3205659976068594
proposed today,1,0,5.464231107212678,0.3205659976068594
proposed subtitle,1,0,5.464231107212678,0.3205659976068594
proposed solar,1,0,5.464231107212678,0.3205659976068594
time ran,1,0,5.464231107212678,0.3205659976068594
time real,1,0,5.464231107212678,0.3205659976068594
time really,1,0,5.464231107212678,0.3205659976068594
power pay,1,0,5.464231107212678,0.3205659976068594
time reasonable,1,0,5.464231107212678,0.3205659976068594
propped house,1,0,5.464231107212678,0.3205659976068594
prospect failure,1,0,5.464231107212678,0.3205659976068594
protecting residents,1,0,5.464231107212678,0.3205659976068594
protect set,1,0,5.464231107212678,0.3205659976068594
power deliver,1,0,5.464231107212678,0.3205659976068594
power energy,1,0,5.464231107212678,0.3205659976068594
tougher,1,0,5.464231107212678,0.3205659976068594
time means,1,0,5.464231107212678,0.3205659976068594
time megawatt,1,0,5.464231107212678,0.3205659976068594
protected used,1,0,5.464231107212678,0.3205659976068594
protected possible,1,0,5.464231107212678,0.3205659976068594
protect water,1,0,5.464231107212678,0.3205659976068594
protect sound,1,0,5.464231107212678,0.3205659976068594
protect meeting,1,0,5.464231107212678,0.3205659976068594
prospect think,1,0,5.464231107212678,0.3205659976068594
time need,1,0,5.464231107212678,0.3205659976068594
tough just,1,0,5.464231107212678,0.3205659976068594
tough,1,0,5.464231107212678,0.3205659976068594
power homes,1,0,5.464231107212678,0.3205659976068594
time nonetheless,1,0,5.464231107212678,0.3205659976068594
time people,1,0,5.464231107212678,0.3205659976068594
power lead,1,0,5.464231107212678,0.3205659976068594
time person,1,0,5.464231107212678,0.3205659976068594
touch road,1,0,5.464231107212678,0.3205659976068594
time reevaluate,1,0,5.464231107212678,0.3205659976068594
time reggie,1,0,5.464231107212678,0.3205659976068594
power pjm,1,0,5.464231107212678,0.3205659976068594
powerful,1,0,5.464231107212678,0.3205659976068594
power region,1,0,5.464231107212678,0.3205659976068594
power site,1,0,5.464231107212678,0.3205659976068594
touch just,1,0,5.464231107212678,0.3205659976068594
power supplies,1,0,5.464231107212678,0.3205659976068594
power wouldn,1,0,5.464231107212678,0.3205659976068594
powered natural,1,0,5.464231107212678,0.3205659976068594
proposals company,1,0,5.464231107212678,0.3205659976068594
proposal yes,1,0,5.464231107212678,0.3205659976068594
powered plants,1,0,5.464231107212678,0.3205659976068594
powerful message,1,0,5.464231107212678,0.3205659976068594
proposed pjm,1,0,5.464231107212678,0.3205659976068594
time start,1,0,5.464231107212678,0.3205659976068594
powerpoint like,1,0,5.464231107212678,0.3205659976068594
powerpoint said,1,0,5.464231107212678,0.3205659976068594
time talk,1,0,5.464231107212678,0.3205659976068594
powers aspect,1,0,5.464231107212678,0.3205659976068594
powers change,1,0,5.464231107212678,0.3205659976068594
time telecom,1,0,5.464231107212678,0.3205659976068594
proposal raises,1,0,5.464231107212678,0.3205659976068594
practice,1,0,5.464231107212678,0.3205659976068594
time staff,1,0,5.464231107212678,0.3205659976068594
power purchasing,1,0,5.464231107212678,0.3205659976068594
time southern,1,0,5.464231107212678,0.3205659976068594
proposals price,1,0,5.464231107212678,0.3205659976068594
power plan,1,0,5.464231107212678,0.3205659976068594
proposed need,1,0,5.464231107212678,0.3205659976068594
proposed miso,1,0,5.464231107212678,0.3205659976068594
time resources,1,0,5.464231107212678,0.3205659976068594
proposed hold,1,0,5.464231107212678,0.3205659976068594
time room,1,0,5.464231107212678,0.3205659976068594
power point,1,0,5.464231107212678,0.3205659976068594
proposed generation,1,0,5.464231107212678,0.3205659976068594
proposed entire,1,0,5.464231107212678,0.3205659976068594
proposed come,1,0,5.464231107212678,0.3205659976068594
power procure,1,0,5.464231107212678,0.3205659976068594
time sam,1,0,5.464231107212678,0.3205659976068594
time say,1,0,5.464231107212678,0.3205659976068594
time set,1,0,5.464231107212678,0.3205659976068594
proposed amendments,1,0,5.464231107212678,0.3205659976068594
proposed amendment,1,0,5.464231107212678,0.3205659976068594
proposed adopted,1,0,5.464231107212678,0.3205659976068594
power project,1,0,5.464231107212678,0.3205659976068594
time sitting,1,0,5.464231107212678,0.3205659976068594
protecting potential,1,0,5.464231107212678,0.3205659976068594
power cyrus,1,0,5.464231107212678,0.3205659976068594
pretended know,1,0,5.464231107212678,0.3205659976068594
time exactly,1,0,5.464231107212678,0.3205659976068594
provide labor,1,0,5.464231107212678,0.3205659976068594
provide insight,1,0,5.464231107212678,0.3205659976068594
time especially,1,0,5.464231107212678,0.3205659976068594
provide goes,1,0,5.464231107212678,0.3205659976068594
town like,1,0,5.464231107212678,0.3205659976068594
postponed,1,0,5.464231107212678,0.3205659976068594
provide follow,1,0,5.464231107212678,0.3205659976068594
time events,1,0,5.464231107212678,0.3205659976068594
provide don,1,0,5.464231107212678,0.3205659976068594
provide carbon,1,0,5.464231107212678,0.3205659976068594
provide minute,1,0,5.464231107212678,0.3205659976068594
provide benefit,1,0,5.464231107212678,0.3205659976068594
postponed cancel,1,0,5.464231107212678,0.3205659976068594
potatoes,1,0,5.464231107212678,0.3205659976068594
told public,1,0,5.464231107212678,0.3205659976068594
potential amendments,1,0,5.464231107212678,0.3205659976068594
time founding,1,0,5.464231107212678,0.3205659976068594
proven rules,1,0,5.464231107212678,0.3205659976068594
potential developers,1,0,5.464231107212678,0.3205659976068594
potential downsides,1,0,5.464231107212678,0.3205659976068594
provide letter,1,0,5.464231107212678,0.3205659976068594
time entirely,1,0,5.464231107212678,0.3205659976068594
time ll,1,0,5.464231107212678,0.3205659976068594
possibly present,1,0,5.464231107212678,0.3205659976068594
provided entity,1,0,5.464231107212678,0.3205659976068594
time different,1,0,5.464231107212678,0.3205659976068594
possible protections,1,0,5.464231107212678,0.3205659976068594
provide written,1,0,5.464231107212678,0.3205659976068594
provide ways,1,0,5.464231107212678,0.3205659976068594
provide unique,1,0,5.464231107212678,0.3205659976068594
possible tax,1,0,5.464231107212678,0.3205659976068594
possible vote,1,0,5.464231107212678,0.3205659976068594
provide training,1,0,5.464231107212678,0.3205659976068594
possibly years,1,0,5.464231107212678,0.3205659976068594
provide opportunity,1,0,5.464231107212678,0.3205659976068594
provide staff,1,0,5.464231107212678,0.3205659976068594
provide renewable,1,0,5.464231107212678,0.3205659976068594
time ended,1,0,5.464231107212678,0.3205659976068594
post construction,1,0,5.464231107212678,0.3205659976068594
post think,1,0,5.464231107212678,0.3205659976068594
post website,1,0,5.464231107212678,0.3205659976068594
provide power,1,0,5.464231107212678,0.3205659976068594
posted bills,1,0,5.464231107212678,0.3205659976068594
provide overview,1,0,5.464231107212678,0.3205659976068594
potential energy,1,0,5.464231107212678,0.3205659976068594
proven partner,1,0,5.464231107212678,0.3205659976068594
time frame,1,0,5.464231107212678,0.3205659976068594
time large,1,0,5.464231107212678,0.3205659976068594
power capacity,1,0,5.464231107212678,0.3205659976068594
protocol contact,1,0,5.464231107212678,0.3205659976068594
protocol,1,0,5.464231107212678,0.3205659976068594
power comes,1,0,5.464231107212678,0.3205659976068594
power company,1,0,5.464231107212678,0.3205659976068594
protections place,1,0,5.464231107212678,0.3205659976068594
protections legislative,1,0,5.464231107212678,0.3205659976068594
protections higher,1,0,5.464231107212678,0.3205659976068594
time kill,1,0,5.464231107212678,0.3205659976068594
tour,1,0,5.464231107212678,0.3205659976068594
proven case,1,0,5.464231107212678,0.3205659976068594
tougher talking,1,0,5.464231107212678,0.3205659976068594
time left,1,0,5.464231107212678,0.3205659976068594
protection generator,1,0,5.464231107212678,0.3205659976068594
time likely,1,0,5.464231107212678,0.3205659976068594
power consumption,1,0,5.464231107212678,0.3205659976068594
protection ambulance,1,0,5.464231107212678,0.3205659976068594
power contracts,1,0,5.464231107212678,0.3205659976068594
time lives,1,0,5.464231107212678,0.3205659976068594
power customers,1,0,5.464231107212678,0.3205659976068594
power buildings,1,0,5.464231107212678,0.3205659976068594
power bills,1,0,5.464231107212678,0.3205659976068594
protocols test,1,0,5.464231107212678,0.3205659976068594
power allow,1,0,5.464231107212678,0.3205659976068594
potential hazards,1,0,5.464231107212678,0.3205659976068594
time generally,1,0,5.464231107212678,0.3205659976068594
potential impacts,1,0,5.464231107212678,0.3205659976068594
time given,1,0,5.464231107212678,0.3205659976068594
proud use,1,0,5.464231107212678,0.3205659976068594
time good,1,0,5.464231107212678,0.3205659976068594
time got,1,0,5.464231107212678,0.3205659976068594
potential local,1,0,5.464231107212678,0.3205659976068594
potential model,1,0,5.464231107212678,0.3205659976068594
town let,1,0,5.464231107212678,0.3205659976068594
time high,1,0,5.464231107212678,0.3205659976068594
proud live,1,0,5.464231107212678,0.3205659976068594
potential use,1,0,5.464231107212678,0.3205659976068594
potentially going,1,0,5.464231107212678,0.3205659976068594
time issue,1,0,5.464231107212678,0.3205659976068594
toured representatives,1,0,5.464231107212678,0.3205659976068594
toured aurora,1,0,5.464231107212678,0.3205659976068594
protocols things,1,0,5.464231107212678,0.3205659976068594
tour person,1,0,5.464231107212678,0.3205659976068594
practice big,1,0,5.464231107212678,0.3205659976068594
practices based,1,0,5.464231107212678,0.3205659976068594
practices causing,1,0,5.464231107212678,0.3205659976068594
times cyrus,1,0,5.464231107212678,0.3205659976068594
presentation tonight,1,0,5.464231107212678,0.3205659976068594
times built,1,0,5.464231107212678,0.3205659976068594
presentation yes,1,0,5.464231107212678,0.3205659976068594
presentations actually,1,0,5.464231107212678,0.3205659976068594
promises property,1,0,5.464231107212678,0.3205659976068594
promises lightly,1,0,5.464231107212678,0.3205659976068594
presentations appreciate,1,0,5.464231107212678,0.3205659976068594
presentations companies,1,0,5.464231107212678,0.3205659976068594
topsoil,1,0,5.464231107212678,0.3205659976068594
promises flooding,1,0,5.464231107212678,0.3205659976068594
promises tax,1,0,5.464231107212678,0.3205659976068594
presentations costs,1,0,5.464231107212678,0.3205659976068594
presentations help,1,0,5.464231107212678,0.3205659976068594
presentations just,1,0,5.464231107212678,0.3205659976068594
topics keto,1,0,5.464231107212678,0.3205659976068594
presentations professionals,1,0,5.464231107212678,0.3205659976068594
topics come,1,0,5.464231107212678,0.3205659976068594
presentations public,1,0,5.464231107212678,0.3205659976068594
presentations questions,1,0,5.464231107212678,0.3205659976068594
promises faq,1,0,5.464231107212678,0.3205659976068594
presentation think,1,0,5.464231107212678,0.3205659976068594
presentation thank,1,0,5.464231107212678,0.3205659976068594
practices ll,1,0,5.464231107212678,0.3205659976068594
presentation good,1,0,5.464231107212678,0.3205659976068594
propensity,1,0,5.464231107212678,0.3205659976068594
presentation does,1,0,5.464231107212678,0.3205659976068594
presentation end,1,0,5.464231107212678,0.3205659976068594
times ag,1,0,5.464231107212678,0.3205659976068594
presentation followed,1,0,5.464231107212678,0.3205659976068594
promoting doesn,1,0,5.464231107212678,0.3205659976068594
promote circular,1,0,5.464231107212678,0.3205659976068594
presentation gained,1,0,5.464231107212678,0.3205659976068594
promote battery,1,0,5.464231107212678,0.3205659976068594
presentation leaving,1,0,5.464231107212678,0.3205659976068594
promises tonight,1,0,5.464231107212678,0.3205659976068594
presentation lessons,1,0,5.464231107212678,0.3205659976068594
presentation minutes,1,0,5.464231107212678,0.3205659976068594
tore tearing,1,0,5.464231107212678,0.3205659976068594
promises website,1,0,5.464231107212678,0.3205659976068594
tore sangamon,1,0,5.464231107212678,0.3205659976068594
presentation question,1,0,5.464231107212678,0.3205659976068594
presentation said,1,0,5.464231107212678,0.3205659976068594
topsoil precious,1,0,5.464231107212678,0.3205659976068594
promises water,1,0,5.464231107212678,0.3205659976068594
promises facts,1,0,5.464231107212678,0.3205659976068594
promises don,1,0,5.464231107212678,0.3205659976068594
times days,1,0,5.464231107212678,0.3205659976068594
times having,1,0,5.464231107212678,0.3205659976068594
pressed say,1,0,5.464231107212678,0.3205659976068594
pressing,1,0,5.464231107212678,0.3205659976068594
times giving,1,0,5.464231107212678,0.3205659976068594
pressing pause,1,0,5.464231107212678,0.3205659976068594
took whopping,1,0,5.464231107212678,0.3205659976068594
promise start,1,0,5.464231107212678,0.3205659976068594
pressure bring,1,0,5.464231107212678,0.3205659976068594
pressurized,1,0,5.464231107212678,0.3205659976068594
pressurized respect,1,0,5.464231107212678,0.3205659976068594
times highlights,1,0,5.464231107212678,0.3205659976068594
times don,1,0,5.464231107212678,0.3205659976068594
times makes,1,0,5.464231107212678,0.3205659976068594
presumably,1,0,5.464231107212678,0.3205659976068594
projects working,1,0,5.464231107212678,0.3205659976068594
presumably stuff,1,0,5.464231107212678,0.3205659976068594
projects work,1,0,5.464231107212678,0.3205659976068594
projects ve,1,0,5.464231107212678,0.3205659976068594
projects valuation,1,0,5.464231107212678,0.3205659976068594
pretended,1,0,5.464231107212678,0.3205659976068594
projects terms,1,0,5.464231107212678,0.3205659976068594
pressed,1,0,5.464231107212678,0.3205659976068594
promised taxes,1,0,5.464231107212678,0.3205659976068594
tools deal,1,0,5.464231107212678,0.3205659976068594
president springfield,1,0,5.464231107212678,0.3205659976068594
promises contractual,1,0,5.464231107212678,0.3205659976068594
presented committee,1,0,5.464231107212678,0.3205659976068594
presented particular,1,0,5.464231107212678,0.3205659976068594
promises assurances,1,0,5.464231107212678,0.3205659976068594
topic single,1,0,5.464231107212678,0.3205659976068594
topic little,1,0,5.464231107212678,0.3205659976068594
presenter,1,0,5.464231107212678,0.3205659976068594
presenter gets,1,0,5.464231107212678,0.3205659976068594
presenters board,1,0,5.464231107212678,0.3205659976068594
presenters evening,1,0,5.464231107212678,0.3205659976068594
presently claim,1,0,5.464231107212678,0.3205659976068594
presently governing,1,0,5.464231107212678,0.3205659976068594
times events,1,0,5.464231107212678,0.3205659976068594
presents exactly,1,0,5.464231107212678,0.3205659976068594
tools states,1,0,5.464231107212678,0.3205659976068594
tools state,1,0,5.464231107212678,0.3205659976068594
preside,1,0,5.464231107212678,0.3205659976068594
preside tonight,1,0,5.464231107212678,0.3205659976068594
president represent,1,0,5.464231107212678,0.3205659976068594
propensity ramble,1,0,5.464231107212678,0.3205659976068594
timeline want,1,0,5.464231107212678,0.3205659976068594
properly assess,1,0,5.464231107212678,0.3205659976068594
prefab building,1,0,5.464231107212678,0.3205659976068594
time valuable,1,0,5.464231107212678,0.3205659976068594
precious metals,1,0,5.464231107212678,0.3205659976068594
precious resource,1,0,5.464231107212678,0.3205659976068594
total loss,1,0,5.464231107212678,0.3205659976068594
time vested,1,0,5.464231107212678,0.3205659976068594
total just,1,0,5.464231107212678,0.3205659976068594
time vet,1,0,5.464231107212678,0.3205659976068594
total farmland,1,0,5.464231107212678,0.3205659976068594
property use,1,0,5.464231107212678,0.3205659976068594
prefab buildings,1,0,5.464231107212678,0.3205659976068594
preliminary,1,0,5.464231107212678,0.3205659976068594
property type,1,0,5.464231107212678,0.3205659976068594
prefab structures,1,0,5.464231107212678,0.3205659976068594
prefabricated,1,0,5.464231107212678,0.3205659976068594
property thought,1,0,5.464231107212678,0.3205659976068594
prefabricated materials,1,0,5.464231107212678,0.3205659976068594
total energy,1,0,5.464231107212678,0.3205659976068594
property think,1,0,5.464231107212678,0.3205659976068594
total diesel,1,0,5.464231107212678,0.3205659976068594
preferential,1,0,5.464231107212678,0.3205659976068594
precious farmland,1,0,5.464231107212678,0.3205659976068594
precious cyrus,1,0,5.464231107212678,0.3205659976068594
time urged,1,0,5.464231107212678,0.3205659976068594
precast upss,1,0,5.464231107212678,0.3205659976068594
time tend,1,0,5.464231107212678,0.3205659976068594
practices pull,1,0,5.464231107212678,0.3205659976068594
prairie fest,1,0,5.464231107212678,0.3205659976068594
proposal given,1,0,5.464231107212678,0.3205659976068594
proposal asked,1,0,5.464231107212678,0.3205659976068594
prairie river,1,0,5.464231107212678,0.3205659976068594
prairie state,1,0,5.464231107212678,0.3205659976068594
praying,1,0,5.464231107212678,0.3205659976068594
time think,1,0,5.464231107212678,0.3205659976068594
praying family,1,0,5.464231107212678,0.3205659976068594
totally hear,1,0,5.464231107212678,0.3205659976068594
totally different,1,0,5.464231107212678,0.3205659976068594
totally cut,1,0,5.464231107212678,0.3205659976068594
pre industrial,1,0,5.464231107212678,0.3205659976068594
proponents project,1,0,5.464231107212678,0.3205659976068594
pre installed,1,0,5.464231107212678,0.3205659976068594
time transitioning,1,0,5.464231107212678,0.3205659976068594
time trucker,1,0,5.464231107212678,0.3205659976068594
totally agree,1,0,5.464231107212678,0.3205659976068594
preferential price,1,0,5.464231107212678,0.3205659976068594
preliminary discussions,1,0,5.464231107212678,0.3205659976068594
timeline proposing,1,0,5.464231107212678,0.3205659976068594
present notified,1,0,5.464231107212678,0.3205659976068594
property doesn,1,0,5.464231107212678,0.3205659976068594
time worst,1,0,5.464231107212678,0.3205659976068594
time zoning,1,0,5.464231107212678,0.3205659976068594
presence japan,1,0,5.464231107212678,0.3205659976068594
presence north,1,0,5.464231107212678,0.3205659976068594
present acts,1,0,5.464231107212678,0.3205659976068594
property component,1,0,5.464231107212678,0.3205659976068594
property appeals,1,0,5.464231107212678,0.3205659976068594
present likely,1,0,5.464231107212678,0.3205659976068594
present present,1,0,5.464231107212678,0.3205659976068594
total development,1,0,5.464231107212678,0.3205659976068594
present unusual,1,0,5.464231107212678,0.3205659976068594
presentation ameren,1,0,5.464231107212678,0.3205659976068594
torn hand,1,0,5.464231107212678,0.3205659976068594
presentation appreciate,1,0,5.464231107212678,0.3205659976068594
presentation board,1,0,5.464231107212678,0.3205659976068594
timeline answer,1,0,5.464231107212678,0.3205659976068594
presentation cyrus,1,0,5.464231107212678,0.3205659976068594
torn,1,0,5.464231107212678,0.3205659976068594
timeline asking,1,0,5.464231107212678,0.3205659976068594
presence illinois,1,0,5.464231107212678,0.3205659976068594
time way,1,0,5.464231107212678,0.3205659976068594
preparedness look,1,0,5.464231107212678,0.3205659976068594
preparedness local,1,0,5.464231107212678,0.3205659976068594
time voice,1,0,5.464231107212678,0.3205659976068594
premise,1,0,5.464231107212678,0.3205659976068594
premise important,1,0,5.464231107212678,0.3205659976068594
prepare complex,1,0,5.464231107212678,0.3205659976068594
prepare help,1,0,5.464231107212678,0.3205659976068594
time want,1,0,5.464231107212678,0.3205659976068594
prepared asking,1,0,5.464231107212678,0.3205659976068594
prepared consequences,1,0,5.464231107212678,0.3205659976068594
prepared pay,1,0,5.464231107212678,0.3205659976068594
time wanting,1,0,5.464231107212678,0.3205659976068594
prepared protect,1,0,5.464231107212678,0.3205659976068594
total available,1,0,5.464231107212678,0.3205659976068594
time wasn,1,0,5.464231107212678,0.3205659976068594
property means,1,0,5.464231107212678,0.3205659976068594
prepared right,1,0,5.464231107212678,0.3205659976068594
prepared virus,1,0,5.464231107212678,0.3205659976068594
property items,1,0,5.464231107212678,0.3205659976068594
property far,1,0,5.464231107212678,0.3205659976068594
property existing,1,0,5.464231107212678,0.3205659976068594
think actual,1,0,5.464231107212678,0.3205659976068594
returning service,1,0,5.464231107212678,0.3205659976068594
reap entire,1,0,5.464231107212678,0.3205659976068594
systemically marginalized,1,0,5.464231107212678,0.3205659976068594
schools new,1,0,5.464231107212678,0.3205659976068594
schools local,1,0,5.464231107212678,0.3205659976068594
school students,1,0,5.464231107212678,0.3205659976068594
school st,1,0,5.464231107212678,0.3205659976068594
swimming pools,1,0,5.464231107212678,0.3205659976068594
switch,1,0,5.464231107212678,0.3205659976068594
switch conversation,1,0,5.464231107212678,0.3205659976068594
school faq,1,0,5.464231107212678,0.3205659976068594
school family,1,0,5.464231107212678,0.3205659976068594
scheduling delivery,1,0,5.464231107212678,0.3205659976068594
scheduling,1,0,5.464231107212678,0.3205659976068594
systemically,1,0,5.464231107212678,0.3205659976068594
systems associated,1,0,5.464231107212678,0.3205659976068594
systems imagine,1,0,5.464231107212678,0.3205659976068594
schedule general,1,0,5.464231107212678,0.3205659976068594
schedule coal,1,0,5.464231107212678,0.3205659976068594
schedule begin,1,0,5.464231107212678,0.3205659976068594
scenario time,1,0,5.464231107212678,0.3205659976068594
scenario normal,1,0,5.464231107212678,0.3205659976068594
scenario dump,1,0,5.464231107212678,0.3205659976068594
scary developers,1,0,5.464231107212678,0.3205659976068594
scary,1,0,5.464231107212678,0.3205659976068594
systems concrete,1,0,5.464231107212678,0.3205659976068594
systems constructed,1,0,5.464231107212678,0.3205659976068594
systems country,1,0,5.464231107212678,0.3205659976068594
systems fail,1,0,5.464231107212678,0.3205659976068594
schools small,1,0,5.464231107212678,0.3205659976068594
schools time,1,0,5.464231107212678,0.3205659976068594
science based,1,0,5.464231107212678,0.3205659976068594
science sound,1,0,5.464231107212678,0.3205659976068594
season amen,1,0,5.464231107212678,0.3205659976068594
sustainability climate,1,0,5.464231107212678,0.3205659976068594
se proposal,1,0,5.464231107212678,0.3205659976068594
scrutiny came,1,0,5.464231107212678,0.3205659976068594
scrutiny,1,0,5.464231107212678,0.3205659976068594
sustainability water,1,0,5.464231107212678,0.3205659976068594
screwed scrambling,1,0,5.464231107212678,0.3205659976068594
screwed,1,0,5.464231107212678,0.3205659976068594
sustainably,1,0,5.464231107212678,0.3205659976068594
screened public,1,0,5.464231107212678,0.3205659976068594
screened,1,0,5.464231107212678,0.3205659976068594
screen site,1,0,5.464231107212678,0.3205659976068594
screen seated,1,0,5.464231107212678,0.3205659976068594
sustainably community,1,0,5.464231107212678,0.3205659976068594
scrambling trying,1,0,5.464231107212678,0.3205659976068594
scrambling prevent,1,0,5.464231107212678,0.3205659976068594
scrambling information,1,0,5.464231107212678,0.3205659976068594
scrabble game,1,0,5.464231107212678,0.3205659976068594
scrabble,1,0,5.464231107212678,0.3205659976068594
sustaining,1,0,5.464231107212678,0.3205659976068594
sustaining electric,1,0,5.464231107212678,0.3205659976068594
scott rogers,1,0,5.464231107212678,0.3205659976068594
scott,1,0,5.464231107212678,0.3205659976068594
scope process,1,0,5.464231107212678,0.3205659976068594
scope,1,0,5.464231107212678,0.3205659976068594
systems happen,1,0,5.464231107212678,0.3205659976068594
scan demonstrate,1,0,5.464231107212678,0.3205659976068594
seated right,1,0,5.464231107212678,0.3205659976068594
say zoning,1,0,5.464231107212678,0.3205659976068594
saying modeling,1,0,5.464231107212678,0.3205659976068594
table unless,1,0,5.464231107212678,0.3205659976068594
saying maybe,1,0,5.464231107212678,0.3205659976068594
saying look,1,0,5.464231107212678,0.3205659976068594
saying functionally,1,0,5.464231107212678,0.3205659976068594
saying expect,1,0,5.464231107212678,0.3205659976068594
saying entirety,1,0,5.464231107212678,0.3205659976068594
saying don,1,0,5.464231107212678,0.3205659976068594
saying county,1,0,5.464231107212678,0.3205659976068594
saying completely,1,0,5.464231107212678,0.3205659976068594
saying clarified,1,0,5.464231107212678,0.3205659976068594
saying agree,1,0,5.464231107212678,0.3205659976068594
say way,1,0,5.464231107212678,0.3205659976068594
scan,1,0,5.464231107212678,0.3205659976068594
takeaway,1,0,5.464231107212678,0.3205659976068594
takeaway memo,1,0,5.464231107212678,0.3205659976068594
say unlikely,1,0,5.464231107212678,0.3205659976068594
say union,1,0,5.464231107212678,0.3205659976068594
takeaways,1,0,5.464231107212678,0.3205659976068594
takeaways lots,1,0,5.464231107212678,0.3205659976068594
say terms,1,0,5.464231107212678,0.3205659976068594
say tenants,1,0,5.464231107212678,0.3205659976068594
say temperatures,1,0,5.464231107212678,0.3205659976068594
taken acres,1,0,5.464231107212678,0.3205659976068594
say supply,1,0,5.464231107212678,0.3205659976068594
say stop,1,0,5.464231107212678,0.3205659976068594
table time,1,0,5.464231107212678,0.3205659976068594
saying pound,1,0,5.464231107212678,0.3205659976068594
saying quantum,1,0,5.464231107212678,0.3205659976068594
saying trying,1,0,5.464231107212678,0.3205659976068594
systems mechanical,1,0,5.464231107212678,0.3205659976068594
systems state,1,0,5.464231107212678,0.3205659976068594
scaled supreme,1,0,5.464231107212678,0.3205659976068594
scaled category,1,0,5.464231107212678,0.3205659976068594
scale water,1,0,5.464231107212678,0.3205659976068594
scale project,1,0,5.464231107212678,0.3205659976068594
scale power,1,0,5.464231107212678,0.3205659976068594
scale industrial,1,0,5.464231107212678,0.3205659976068594
scale hospital,1,0,5.464231107212678,0.3205659976068594
scale facilities,1,0,5.464231107212678,0.3205659976068594
scale energy,1,0,5.464231107212678,0.3205659976068594
systems understanding,1,0,5.464231107212678,0.3205659976068594
scalar issue,1,0,5.464231107212678,0.3205659976068594
scalar,1,0,5.464231107212678,0.3205659976068594
systems use,1,0,5.464231107212678,0.3205659976068594
tab,1,0,5.464231107212678,0.3205659976068594
tab kind,1,0,5.464231107212678,0.3205659976068594
says look,1,0,5.464231107212678,0.3205659976068594
says line,1,0,5.464231107212678,0.3205659976068594
table capacity,1,0,5.464231107212678,0.3205659976068594
says going,1,0,5.464231107212678,0.3205659976068594
says dad,1,0,5.464231107212678,0.3205659976068594
says closed,1,0,5.464231107212678,0.3205659976068594
table don,1,0,5.464231107212678,0.3205659976068594
table example,1,0,5.464231107212678,0.3205659976068594
season enjoy,1,0,5.464231107212678,0.3205659976068594
seated sitting,1,0,5.464231107212678,0.3205659976068594
rear,1,0,5.464231107212678,0.3205659976068594
seen medical,1,0,5.464231107212678,0.3205659976068594
sure theory,1,0,5.464231107212678,0.3205659976068594
seen ve,1,0,5.464231107212678,0.3205659976068594
sure think,1,0,5.464231107212678,0.3205659976068594
seen total,1,0,5.464231107212678,0.3205659976068594
sure time,1,0,5.464231107212678,0.3205659976068594
sure timeline,1,0,5.464231107212678,0.3205659976068594
sure times,1,0,5.464231107212678,0.3205659976068594
seen screen,1,0,5.464231107212678,0.3205659976068594
sure understand,1,0,5.464231107212678,0.3205659976068594
seen places,1,0,5.464231107212678,0.3205659976068594
seen passionate,1,0,5.464231107212678,0.3205659976068594
seen online,1,0,5.464231107212678,0.3205659976068594
seen lot,1,0,5.464231107212678,0.3205659976068594
seeing staff,1,0,5.464231107212678,0.3205659976068594
seen ll,1,0,5.464231107212678,0.3205659976068594
seen important,1,0,5.464231107212678,0.3205659976068594
sure wasn,1,0,5.464231107212678,0.3205659976068594
seen generator,1,0,5.464231107212678,0.3205659976068594
sure way,1,0,5.464231107212678,0.3205659976068594
seen far,1,0,5.464231107212678,0.3205659976068594
seen families,1,0,5.464231107212678,0.3205659976068594
seen areas,1,0,5.464231107212678,0.3205659976068594
sure yep,1,0,5.464231107212678,0.3205659976068594
seek restore,1,0,5.464231107212678,0.3205659976068594
surface,1,0,5.464231107212678,0.3205659976068594
surface areas,1,0,5.464231107212678,0.3205659976068594
sure tax,1,0,5.464231107212678,0.3205659976068594
segment growth,1,0,5.464231107212678,0.3205659976068594
sure started,1,0,5.464231107212678,0.3205659976068594
segmont,1,0,5.464231107212678,0.3205659976068594
sending individuals,1,0,5.464231107212678,0.3205659976068594
sending,1,0,5.464231107212678,0.3205659976068594
send signal,1,0,5.464231107212678,0.3205659976068594
send recent,1,0,5.464231107212678,0.3205659976068594
send county,1,0,5.464231107212678,0.3205659976068594
sure existing,1,0,5.464231107212678,0.3205659976068594
sure folks,1,0,5.464231107212678,0.3205659976068594
semi trailer,1,0,5.464231107212678,0.3205659976068594
sure goes,1,0,5.464231107212678,0.3205659976068594
sure isn,1,0,5.464231107212678,0.3205659976068594
selling energy,1,0,5.464231107212678,0.3205659976068594
sure like,1,0,5.464231107212678,0.3205659976068594
sure plenty,1,0,5.464231107212678,0.3205659976068594
sure remains,1,0,5.464231107212678,0.3205659976068594
self sustaining,1,0,5.464231107212678,0.3205659976068594
sure renewable,1,0,5.464231107212678,0.3205659976068594
sure risks,1,0,5.464231107212678,0.3205659976068594
self contained,1,0,5.464231107212678,0.3205659976068594
sure runoff,1,0,5.464231107212678,0.3205659976068594
selective catalytic,1,0,5.464231107212678,0.3205659976068594
selective,1,0,5.464231107212678,0.3205659976068594
sure segmont,1,0,5.464231107212678,0.3205659976068594
segregated separated,1,0,5.464231107212678,0.3205659976068594
segregated interconnection,1,0,5.464231107212678,0.3205659976068594
segmont county,1,0,5.464231107212678,0.3205659976068594
seeing things,1,0,5.464231107212678,0.3205659976068594
seeing rollbacks,1,0,5.464231107212678,0.3205659976068594
sebastian,1,0,5.464231107212678,0.3205659976068594
secondly enacting,1,0,5.464231107212678,0.3205659976068594
surrounding counties,1,0,5.464231107212678,0.3205659976068594
section pages,1,0,5.464231107212678,0.3205659976068594
surrounding emergency,1,0,5.464231107212678,0.3205659976068594
secret aurora,1,0,5.464231107212678,0.3205659976068594
seconds steal,1,0,5.464231107212678,0.3205659976068594
seconds rand,1,0,5.464231107212678,0.3205659976068594
seconds mr,1,0,5.464231107212678,0.3205659976068594
seconds maybe,1,0,5.464231107212678,0.3205659976068594
seconds left,1,0,5.464231107212678,0.3205659976068594
seconds guess,1,0,5.464231107212678,0.3205659976068594
seconds brad,1,0,5.464231107212678,0.3205659976068594
secondly substantially,1,0,5.464231107212678,0.3205659976068594
surrounding property,1,0,5.464231107212678,0.3205659976068594
seeing response,1,0,5.464231107212678,0.3205659976068594
surveillance big,1,0,5.464231107212678,0.3205659976068594
second workers,1,0,5.464231107212678,0.3205659976068594
second understand,1,0,5.464231107212678,0.3205659976068594
second thank,1,0,5.464231107212678,0.3205659976068594
survey make,1,0,5.464231107212678,0.3205659976068594
second need,1,0,5.464231107212678,0.3205659976068594
survival,1,0,5.464231107212678,0.3205659976068594
survival economic,1,0,5.464231107212678,0.3205659976068594
second did,1,0,5.464231107212678,0.3205659976068594
second contract,1,0,5.464231107212678,0.3205659976068594
second asking,1,0,5.464231107212678,0.3205659976068594
sebastian panardi,1,0,5.464231107212678,0.3205659976068594
section section,1,0,5.464231107212678,0.3205659976068594
surrounding chillers,1,0,5.464231107212678,0.3205659976068594
surrounding areas,1,0,5.464231107212678,0.3205659976068594
surround generators,1,0,5.464231107212678,0.3205659976068594
surfaces,1,0,5.464231107212678,0.3205659976068594
surfaces went,1,0,5.464231107212678,0.3205659976068594
surge,1,0,5.464231107212678,0.3205659976068594
surge communities,1,0,5.464231107212678,0.3205659976068594
surgery,1,0,5.464231107212678,0.3205659976068594
surgery today,1,0,5.464231107212678,0.3205659976068594
seeing droughts,1,0,5.464231107212678,0.3205659976068594
seeing buildings,1,0,5.464231107212678,0.3205659976068594
surprise,1,0,5.464231107212678,0.3205659976068594
surprise yes,1,0,5.464231107212678,0.3205659976068594
seed dealers,1,0,5.464231107212678,0.3205659976068594
seed,1,0,5.464231107212678,0.3205659976068594
surprised,1,0,5.464231107212678,0.3205659976068594
surprised company,1,0,5.464231107212678,0.3205659976068594
security personnel,1,0,5.464231107212678,0.3205659976068594
security ll,1,0,5.464231107212678,0.3205659976068594
security know,1,0,5.464231107212678,0.3205659976068594
surrendering,1,0,5.464231107212678,0.3205659976068594
securing supply,1,0,5.464231107212678,0.3205659976068594
surrogates,1,0,5.464231107212678,0.3205659976068594
surrogates know,1,0,5.464231107212678,0.3205659976068594
surround,1,0,5.464231107212678,0.3205659976068594
secure power,1,0,5.464231107212678,0.3205659976068594
secure,1,0,5.464231107212678,0.3205659976068594
sector increasing,1,0,5.464231107212678,0.3205659976068594
say solar,1,0,5.464231107212678,0.3205659976068594
say setback,1,0,5.464231107212678,0.3205659976068594
say seeing,1,0,5.464231107212678,0.3205659976068594
talked standard,1,0,5.464231107212678,0.3205659976068594
said got,1,0,5.464231107212678,0.3205659976068594
said going,1,0,5.464231107212678,0.3205659976068594
said future,1,0,5.464231107212678,0.3205659976068594
said filed,1,0,5.464231107212678,0.3205659976068594
said early,1,0,5.464231107212678,0.3205659976068594
said cyrus,1,0,5.464231107212678,0.3205659976068594
said customers,1,0,5.464231107212678,0.3205659976068594
talked potential,1,0,5.464231107212678,0.3205659976068594
said committed,1,0,5.464231107212678,0.3205659976068594
talked power,1,0,5.464231107212678,0.3205659976068594
talked presentation,1,0,5.464231107212678,0.3205659976068594
said coming,1,0,5.464231107212678,0.3205659976068594
said board,1,0,5.464231107212678,0.3205659976068594
talking considered,1,0,5.464231107212678,0.3205659976068594
talked toured,1,0,5.464231107212678,0.3205659976068594
said acreage,1,0,5.464231107212678,0.3205659976068594
talker,1,0,5.464231107212678,0.3205659976068594
talker need,1,0,5.464231107212678,0.3205659976068594
safety understand,1,0,5.464231107212678,0.3205659976068594
talking bigger,1,0,5.464231107212678,0.3205659976068594
talking bubble,1,0,5.464231107212678,0.3205659976068594
safety quality,1,0,5.464231107212678,0.3205659976068594
talking buildings,1,0,5.464231107212678,0.3205659976068594
talking carbon,1,0,5.464231107212678,0.3205659976068594
talking climate,1,0,5.464231107212678,0.3205659976068594
talking commitment,1,0,5.464231107212678,0.3205659976068594
talked pla,1,0,5.464231107212678,0.3205659976068594
said handle,1,0,5.464231107212678,0.3205659976068594
said having,1,0,5.464231107212678,0.3205659976068594
said heard,1,0,5.464231107212678,0.3205659976068594
talk tenants,1,0,5.464231107212678,0.3205659976068594
talk think,1,0,5.464231107212678,0.3205659976068594
said supply,1,0,5.464231107212678,0.3205659976068594
said spoke,1,0,5.464231107212678,0.3205659976068594
said sites,1,0,5.464231107212678,0.3205659976068594
said simon,1,0,5.464231107212678,0.3205659976068594
said selling,1,0,5.464231107212678,0.3205659976068594
talked apple,1,0,5.464231107212678,0.3205659976068594
talked company,1,0,5.464231107212678,0.3205659976068594
talked cooling,1,0,5.464231107212678,0.3205659976068594
talked farmers,1,0,5.464231107212678,0.3205659976068594
said pretty,1,0,5.464231107212678,0.3205659976068594
said point,1,0,5.464231107212678,0.3205659976068594
said personal,1,0,5.464231107212678,0.3205659976068594
talked helping,1,0,5.464231107212678,0.3205659976068594
said particularly,1,0,5.464231107212678,0.3205659976068594
talked high,1,0,5.464231107212678,0.3205659976068594
said need,1,0,5.464231107212678,0.3205659976068594
talked hospitals,1,0,5.464231107212678,0.3205659976068594
said main,1,0,5.464231107212678,0.3205659976068594
talked lot,1,0,5.464231107212678,0.3205659976068594
talked love,1,0,5.464231107212678,0.3205659976068594
talked maybe,1,0,5.464231107212678,0.3205659976068594
said know,1,0,5.464231107212678,0.3205659976068594
talked megawatt,1,0,5.464231107212678,0.3205659976068594
talking community,1,0,5.464231107212678,0.3205659976068594
safe say,1,0,5.464231107212678,0.3205659976068594
say right,1,0,5.464231107212678,0.3205659976068594
runs aurora,1,0,5.464231107212678,0.3205659976068594
rural members,1,0,5.464231107212678,0.3205659976068594
rural healthcare,1,0,5.464231107212678,0.3205659976068594
rural electrical,1,0,5.464231107212678,0.3205659976068594
rural district,1,0,5.464231107212678,0.3205659976068594
rural community,1,0,5.464231107212678,0.3205659976068594
tangible property,1,0,5.464231107212678,0.3205659976068594
rural animals,1,0,5.464231107212678,0.3205659976068594
tank helpful,1,0,5.464231107212678,0.3205659976068594
runs seven,1,0,5.464231107212678,0.3205659976068594
runs sandman,1,0,5.464231107212678,0.3205659976068594
runs nextera,1,0,5.464231107212678,0.3205659976068594
runs entire,1,0,5.464231107212678,0.3205659976068594
runoff water,1,0,5.464231107212678,0.3205659976068594
safe positive,1,0,5.464231107212678,0.3205659976068594
runoff neighboring,1,0,5.464231107212678,0.3205659976068594
tank pump,1,0,5.464231107212678,0.3205659976068594
tank repairs,1,0,5.464231107212678,0.3205659976068594
running numbers,1,0,5.464231107212678,0.3205659976068594
running north,1,0,5.464231107212678,0.3205659976068594
tank suppression,1,0,5.464231107212678,0.3205659976068594
running meeting,1,0,5.464231107212678,0.3205659976068594
running like,1,0,5.464231107212678,0.3205659976068594
tank water,1,0,5.464231107212678,0.3205659976068594
running diesel,1,0,5.464231107212678,0.3205659976068594
running bore,1,0,5.464231107212678,0.3205659976068594
running applications,1,0,5.464231107212678,0.3205659976068594
rural provider,1,0,5.464231107212678,0.3205659976068594
rural residents,1,0,5.464231107212678,0.3205659976068594
talking things,1,0,5.464231107212678,0.3205659976068594
talking site,1,0,5.464231107212678,0.3205659976068594
talking expanding,1,0,5.464231107212678,0.3205659976068594
talking given,1,0,5.464231107212678,0.3205659976068594
talking kentucky,1,0,5.464231107212678,0.3205659976068594
talking mean,1,0,5.464231107212678,0.3205659976068594
sacrificed good,1,0,5.464231107212678,0.3205659976068594
sacrificed,1,0,5.464231107212678,0.3205659976068594
talking natural,1,0,5.464231107212678,0.3205659976068594
talking people,1,0,5.464231107212678,0.3205659976068594
sacrifice farmland,1,0,5.464231107212678,0.3205659976068594
sacramento growth,1,0,5.464231107212678,0.3205659976068594
sacramento,1,0,5.464231107212678,0.3205659976068594
sabotage facility,1,0,5.464231107212678,0.3205659976068594
sabotage,1,0,5.464231107212678,0.3205659976068594
talking reliability,1,0,5.464231107212678,0.3205659976068594
rusted iron,1,0,5.464231107212678,0.3205659976068594
rusted,1,0,5.464231107212678,0.3205659976068594
rust added,1,0,5.464231107212678,0.3205659976068594
rust,1,0,5.464231107212678,0.3205659976068594
rushed install,1,0,5.464231107212678,0.3205659976068594
rushed answers,1,0,5.464231107212678,0.3205659976068594
talking renewable,1,0,5.464231107212678,0.3205659976068594
rush communities,1,0,5.464231107212678,0.3205659976068594
rush approve,1,0,5.464231107212678,0.3205659976068594
rural zone,1,0,5.464231107212678,0.3205659976068594
talking school,1,0,5.464231107212678,0.3205659976068594
talk tax,1,0,5.464231107212678,0.3205659976068594
talk specialty,1,0,5.464231107212678,0.3205659976068594
talk sounds,1,0,5.464231107212678,0.3205659976068594
taking away,1,0,5.464231107212678,0.3205659976068594
say definitely,1,0,5.464231107212678,0.3205659976068594
say dark,1,0,5.464231107212678,0.3205659976068594
say county,1,0,5.464231107212678,0.3205659976068594
say conjunction,1,0,5.464231107212678,0.3205659976068594
takes seriously,1,0,5.464231107212678,0.3205659976068594
takes takes,1,0,5.464231107212678,0.3205659976068594
say circadian,1,0,5.464231107212678,0.3205659976068594
say business,1,0,5.464231107212678,0.3205659976068594
say buildings,1,0,5.464231107212678,0.3205659976068594
say bubble,1,0,5.464231107212678,0.3205659976068594
taking account,1,0,5.464231107212678,0.3205659976068594
say based,1,0,5.464231107212678,0.3205659976068594
say ai,1,0,5.464231107212678,0.3205659976068594
talk sound,1,0,5.464231107212678,0.3205659976068594
taking community,1,0,5.464231107212678,0.3205659976068594
taking dirt,1,0,5.464231107212678,0.3205659976068594
saw sound,1,0,5.464231107212678,0.3205659976068594
saw past,1,0,5.464231107212678,0.3205659976068594
saw month,1,0,5.464231107212678,0.3205659976068594
saw little,1,0,5.464231107212678,0.3205659976068594
saw licensed,1,0,5.464231107212678,0.3205659976068594
taking extra,1,0,5.464231107212678,0.3205659976068594
saw import,1,0,5.464231107212678,0.3205659976068594
taking fan,1,0,5.464231107212678,0.3205659976068594
taking investing,1,0,5.464231107212678,0.3205659976068594
saw alderman,1,0,5.464231107212678,0.3205659976068594
say does,1,0,5.464231107212678,0.3205659976068594
takes months,1,0,5.464231107212678,0.3205659976068594
say fall,1,0,5.464231107212678,0.3205659976068594
say far,1,0,5.464231107212678,0.3205659976068594
say residential,1,0,5.464231107212678,0.3205659976068594
say reason,1,0,5.464231107212678,0.3205659976068594
say really,1,0,5.464231107212678,0.3205659976068594
taken billion,1,0,5.464231107212678,0.3205659976068594
say promises,1,0,5.464231107212678,0.3205659976068594
say probably,1,0,5.464231107212678,0.3205659976068594
say prioritizing,1,0,5.464231107212678,0.3205659976068594
taken buildings,1,0,5.464231107212678,0.3205659976068594
say negligible,1,0,5.464231107212678,0.3205659976068594
say money,1,0,5.464231107212678,0.3205659976068594
say mark,1,0,5.464231107212678,0.3205659976068594
taken place,1,0,5.464231107212678,0.3205659976068594
say lot,1,0,5.464231107212678,0.3205659976068594
say look,1,0,5.464231107212678,0.3205659976068594
taken production,1,0,5.464231107212678,0.3205659976068594
say jobs,1,0,5.464231107212678,0.3205659976068594
say idea,1,0,5.464231107212678,0.3205659976068594
say hey,1,0,5.464231107212678,0.3205659976068594
takes buildings,1,0,5.464231107212678,0.3205659976068594
say happen,1,0,5.464231107212678,0.3205659976068594
say handle,1,0,5.464231107212678,0.3205659976068594
say generators,1,0,5.464231107212678,0.3205659976068594
takes decades,1,0,5.464231107212678,0.3205659976068594
say folks,1,0,5.464231107212678,0.3205659976068594
takes don,1,0,5.464231107212678,0.3205659976068594
saver chemical,1,0,5.464231107212678,0.3205659976068594
saver,1,0,5.464231107212678,0.3205659976068594
saturday friday,1,0,5.464231107212678,0.3205659976068594
sammon,1,0,5.464231107212678,0.3205659976068594
talk increasing,1,0,5.464231107212678,0.3205659976068594
sam sir,1,0,5.464231107212678,0.3205659976068594
talk introduced,1,0,5.464231107212678,0.3205659976068594
sam second,1,0,5.464231107212678,0.3205659976068594
sam need,1,0,5.464231107212678,0.3205659976068594
sam kahneman,1,0,5.464231107212678,0.3205659976068594
sam got,1,0,5.464231107212678,0.3205659976068594
sam canman,1,0,5.464231107212678,0.3205659976068594
sam cammon,1,0,5.464231107212678,0.3205659976068594
salukis right,1,0,5.464231107212678,0.3205659976068594
salukis,1,0,5.464231107212678,0.3205659976068594
talk know,1,0,5.464231107212678,0.3205659976068594
talk like,1,0,5.464231107212678,0.3205659976068594
talk load,1,0,5.464231107212678,0.3205659976068594
talk meeting,1,0,5.464231107212678,0.3205659976068594
talk microbiocides,1,0,5.464231107212678,0.3205659976068594
talk positive,1,0,5.464231107212678,0.3205659976068594
sale investors,1,0,5.464231107212678,0.3205659976068594
talk prefab,1,0,5.464231107212678,0.3205659976068594
talk real,1,0,5.464231107212678,0.3205659976068594
talk robert,1,0,5.464231107212678,0.3205659976068594
talk say,1,0,5.464231107212678,0.3205659976068594
sakes mean,1,0,5.464231107212678,0.3205659976068594
sakes,1,0,5.464231107212678,0.3205659976068594
sake transparency,1,0,5.464231107212678,0.3205659976068594
talk high,1,0,5.464231107212678,0.3205659976068594
sammon county,1,0,5.464231107212678,0.3205659976068594
saturday,1,0,5.464231107212678,0.3205659976068594
talk faster,1,0,5.464231107212678,0.3205659976068594
taking notes,1,0,5.464231107212678,0.3205659976068594
taking prime,1,0,5.464231107212678,0.3205659976068594
satisfactorily served,1,0,5.464231107212678,0.3205659976068594
satisfactorily,1,0,5.464231107212678,0.3205659976068594
sat presentations,1,0,5.464231107212678,0.3205659976068594
talent,1,0,5.464231107212678,0.3205659976068594
talent work,1,0,5.464231107212678,0.3205659976068594
sars folks,1,0,5.464231107212678,0.3205659976068594
saraswan responsible,1,0,5.464231107212678,0.3205659976068594
saraswan,1,0,5.464231107212678,0.3205659976068594
sarah resident,1,0,5.464231107212678,0.3205659976068594
talk associated,1,0,5.464231107212678,0.3205659976068594
santa clara,1,0,5.464231107212678,0.3205659976068594
santa,1,0,5.464231107212678,0.3205659976068594
sangman county,1,0,5.464231107212678,0.3205659976068594
sangamon town,1,0,5.464231107212678,0.3205659976068594
talk backgrounds,1,0,5.464231107212678,0.3205659976068594
sangamon surrounding,1,0,5.464231107212678,0.3205659976068594
talk burden,1,0,5.464231107212678,0.3205659976068594
talk economic,1,0,5.464231107212678,0.3205659976068594
talk electric,1,0,5.464231107212678,0.3205659976068594
talk exhaust,1,0,5.464231107212678,0.3205659976068594
san francisco,1,0,5.464231107212678,0.3205659976068594
san,1,0,5.464231107212678,0.3205659976068594
talk fast,1,0,5.464231107212678,0.3205659976068594
sends,1,0,5.464231107212678,0.3205659976068594
sends powerful,1,0,5.464231107212678,0.3205659976068594
senior fellow,1,0,5.464231107212678,0.3205659976068594
street site,1,0,5.464231107212678,0.3205659976068594
standpoint components,1,0,5.464231107212678,0.3205659976068594
strain power,1,0,5.464231107212678,0.3205659976068594
strain used,1,0,5.464231107212678,0.3205659976068594
standards union,1,0,5.464231107212678,0.3205659976068594
strategies,1,0,5.464231107212678,0.3205659976068594
strategies reap,1,0,5.464231107212678,0.3205659976068594
stream undeveloped,1,0,5.464231107212678,0.3205659976068594
streamlined,1,0,5.464231107212678,0.3205659976068594
streamlined warehouse,1,0,5.464231107212678,0.3205659976068594
streams low,1,0,5.464231107212678,0.3205659976068594
street celebrating,1,0,5.464231107212678,0.3205659976068594
street journal,1,0,5.464231107212678,0.3205659976068594
street state,1,0,5.464231107212678,0.3205659976068594
strict maintenance,1,0,5.464231107212678,0.3205659976068594
street teslas,1,0,5.464231107212678,0.3205659976068594
strength,1,0,5.464231107212678,0.3205659976068594
strength people,1,0,5.464231107212678,0.3205659976068594
strengthen,1,0,5.464231107212678,0.3205659976068594
strengthen communities,1,0,5.464231107212678,0.3205659976068594
strengthening,1,0,5.464231107212678,0.3205659976068594
strengthening economy,1,0,5.464231107212678,0.3205659976068594
strengthens,1,0,5.464231107212678,0.3205659976068594
strengthens competitiveness,1,0,5.464231107212678,0.3205659976068594
stressed,1,0,5.464231107212678,0.3205659976068594
stressed good,1,0,5.464231107212678,0.3205659976068594
stretch,1,0,5.464231107212678,0.3205659976068594
standpoint project,1,0,5.464231107212678,0.3205659976068594
standpoint say,1,0,5.464231107212678,0.3205659976068594
strain grid,1,0,5.464231107212678,0.3205659976068594
stands fields,1,0,5.464231107212678,0.3205659976068594
started county,1,0,5.464231107212678,0.3205659976068594
story conflict,1,0,5.464231107212678,0.3205659976068594
story gets,1,0,5.464231107212678,0.3205659976068594
story just,1,0,5.464231107212678,0.3205659976068594
start tony,1,0,5.464231107212678,0.3205659976068594
start think,1,0,5.464231107212678,0.3205659976068594
start talking,1,0,5.464231107212678,0.3205659976068594
start talk,1,0,5.464231107212678,0.3205659976068594
start reliability,1,0,5.464231107212678,0.3205659976068594
start reducing,1,0,5.464231107212678,0.3205659976068594
story leak,1,0,5.464231107212678,0.3205659976068594
start question,1,0,5.464231107212678,0.3205659976068594
start process,1,0,5.464231107212678,0.3205659976068594
start permanent,1,0,5.464231107212678,0.3205659976068594
start new,1,0,5.464231107212678,0.3205659976068594
story prospect,1,0,5.464231107212678,0.3205659976068594
story story,1,0,5.464231107212678,0.3205659976068594
straight wanted,1,0,5.464231107212678,0.3205659976068594
start gradually,1,0,5.464231107212678,0.3205659976068594
start going,1,0,5.464231107212678,0.3205659976068594
start drawing,1,0,5.464231107212678,0.3205659976068594
start build,1,0,5.464231107212678,0.3205659976068594
start bugging,1,0,5.464231107212678,0.3205659976068594
start beginning,1,0,5.464231107212678,0.3205659976068594
start ask,1,0,5.464231107212678,0.3205659976068594
stretch distribution,1,0,5.464231107212678,0.3205659976068594
strict time,1,0,5.464231107212678,0.3205659976068594
shows new,1,0,5.464231107212678,0.3205659976068594
students ask,1,0,5.464231107212678,0.3205659976068594
structure like,1,0,5.464231107212678,0.3205659976068594
structured,1,0,5.464231107212678,0.3205659976068594
structured schedule,1,0,5.464231107212678,0.3205659976068594
structures east,1,0,5.464231107212678,0.3205659976068594
structures quote,1,0,5.464231107212678,0.3205659976068594
sides torn,1,0,5.464231107212678,0.3205659976068594
struggle attention,1,0,5.464231107212678,0.3205659976068594
struggle little,1,0,5.464231107212678,0.3205659976068594
sides building,1,0,5.464231107212678,0.3205659976068594
struggling,1,0,5.464231107212678,0.3205659976068594
struggling articulate,1,0,5.464231107212678,0.3205659976068594
student lined,1,0,5.464231107212678,0.3205659976068594
students aware,1,0,5.464231107212678,0.3205659976068594
strike close,1,0,5.464231107212678,0.3205659976068594
students class,1,0,5.464231107212678,0.3205659976068594
students know,1,0,5.464231107212678,0.3205659976068594
studies came,1,0,5.464231107212678,0.3205659976068594
shut valves,1,0,5.464231107212678,0.3205659976068594
shut portions,1,0,5.464231107212678,0.3205659976068594
shut pieces,1,0,5.464231107212678,0.3205659976068594
studies confirmed,1,0,5.464231107212678,0.3205659976068594
studies information,1,0,5.464231107212678,0.3205659976068594
shut expecting,1,0,5.464231107212678,0.3205659976068594
shut chicago,1,0,5.464231107212678,0.3205659976068594
studio called,1,0,5.464231107212678,0.3205659976068594
studio responsible,1,0,5.464231107212678,0.3205659976068594
structure don,1,0,5.464231107212678,0.3205659976068594
structurally extremely,1,0,5.464231107212678,0.3205659976068594
structurally,1,0,5.464231107212678,0.3205659976068594
sign petitions,1,0,5.464231107212678,0.3205659976068594
strike times,1,0,5.464231107212678,0.3205659976068594
stroke,1,0,5.464231107212678,0.3205659976068594
stroke lung,1,0,5.464231107212678,0.3205659976068594
significant cause,1,0,5.464231107212678,0.3205659976068594
strong benefits,1,0,5.464231107212678,0.3205659976068594
strong making,1,0,5.464231107212678,0.3205659976068594
significant amendment,1,0,5.464231107212678,0.3205659976068594
strong opinions,1,0,5.464231107212678,0.3205659976068594
strong supporting,1,0,5.464231107212678,0.3205659976068594
strong terms,1,0,5.464231107212678,0.3205659976068594
strong vibrant,1,0,5.464231107212678,0.3205659976068594
signed plas,1,0,5.464231107212678,0.3205659976068594
stronger america,1,0,5.464231107212678,0.3205659976068594
signed law,1,0,5.464231107212678,0.3205659976068594
stronger unions,1,0,5.464231107212678,0.3205659976068594
stronger zoning,1,0,5.464231107212678,0.3205659976068594
signed board,1,0,5.464231107212678,0.3205659976068594
signature cwlp,1,0,5.464231107212678,0.3205659976068594
signature,1,0,5.464231107212678,0.3205659976068594
signal potential,1,0,5.464231107212678,0.3205659976068594
signal,1,0,5.464231107212678,0.3205659976068594
structural concerns,1,0,5.464231107212678,0.3205659976068594
sign turn,1,0,5.464231107212678,0.3205659976068594
structural risk,1,0,5.464231107212678,0.3205659976068594
sign plas,1,0,5.464231107212678,0.3205659976068594
story concerned,1,0,5.464231107212678,0.3205659976068594
started cyrus,1,0,5.464231107212678,0.3205659976068594
started having,1,0,5.464231107212678,0.3205659976068594
states west,1,0,5.464231107212678,0.3205659976068594
stockholders recc,1,0,5.464231107212678,0.3205659976068594
status taking,1,0,5.464231107212678,0.3205659976068594
status compares,1,0,5.464231107212678,0.3205659976068594
statistics air,1,0,5.464231107212678,0.3205659976068594
statistics,1,0,5.464231107212678,0.3205659976068594
stood way,1,0,5.464231107212678,0.3205659976068594
stood went,1,0,5.464231107212678,0.3205659976068594
static market,1,0,5.464231107212678,0.3205659976068594
static,1,0,5.464231107212678,0.3205659976068594
statewide state,1,0,5.464231107212678,0.3205659976068594
statewide river,1,0,5.464231107212678,0.3205659976068594
statewide group,1,0,5.464231107212678,0.3205659976068594
stop construction,1,0,5.464231107212678,0.3205659976068594
started lowest,1,0,5.464231107212678,0.3205659976068594
states support,1,0,5.464231107212678,0.3205659976068594
states studio,1,0,5.464231107212678,0.3205659976068594
stop determine,1,0,5.464231107212678,0.3205659976068594
states respect,1,0,5.464231107212678,0.3205659976068594
states rate,1,0,5.464231107212678,0.3205659976068594
states opportunities,1,0,5.464231107212678,0.3205659976068594
states military,1,0,5.464231107212678,0.3205659976068594
states europe,1,0,5.464231107212678,0.3205659976068594
states english,1,0,5.464231107212678,0.3205659976068594
states developed,1,0,5.464231107212678,0.3205659976068594
states client,1,0,5.464231107212678,0.3205659976068594
states capacity,1,0,5.464231107212678,0.3205659976068594
stockholders,1,0,5.464231107212678,0.3205659976068594
stick premise,1,0,5.464231107212678,0.3205659976068594
statute involves,1,0,5.464231107212678,0.3205659976068594
stick paying,1,0,5.464231107212678,0.3205659976068594
step ask,1,0,5.464231107212678,0.3205659976068594
step schedule,1,0,5.464231107212678,0.3205659976068594
stephanie,1,0,5.464231107212678,0.3205659976068594
steel say,1,0,5.464231107212678,0.3205659976068594
steel precast,1,0,5.464231107212678,0.3205659976068594
steel maybe,1,0,5.464231107212678,0.3205659976068594
steel concrete,1,0,5.464231107212678,0.3205659976068594
steamfitters local,1,0,5.464231107212678,0.3205659976068594
steamfitters,1,0,5.464231107212678,0.3205659976068594
stephanie fuller,1,0,5.464231107212678,0.3205659976068594
steppe,1,0,5.464231107212678,0.3205659976068594
steppe excuse,1,0,5.464231107212678,0.3205659976068594
stepping,1,0,5.464231107212678,0.3205659976068594
stepping larger,1,0,5.464231107212678,0.3205659976068594
steal cathy,1,0,5.464231107212678,0.3205659976068594
steal,1,0,5.464231107212678,0.3205659976068594
steady state,1,0,5.464231107212678,0.3205659976068594
stays increased,1,0,5.464231107212678,0.3205659976068594
stays,1,0,5.464231107212678,0.3205659976068594
staying hear,1,0,5.464231107212678,0.3205659976068594
staying,1,0,5.464231107212678,0.3205659976068594
stay right,1,0,5.464231107212678,0.3205659976068594
stay awake,1,0,5.464231107212678,0.3205659976068594
stay area,1,0,5.464231107212678,0.3205659976068594
stay actively,1,0,5.464231107212678,0.3205659976068594
stop hear,1,0,5.464231107212678,0.3205659976068594
states ai,1,0,5.464231107212678,0.3205659976068594
stop nuclear,1,0,5.464231107212678,0.3205659976068594
state nation,1,0,5.464231107212678,0.3205659976068594
state level,1,0,5.464231107212678,0.3205659976068594
storage legal,1,0,5.464231107212678,0.3205659976068594
storage portion,1,0,5.464231107212678,0.3205659976068594
storage secondly,1,0,5.464231107212678,0.3205659976068594
storage tank,1,0,5.464231107212678,0.3205659976068594
storage zoning,1,0,5.464231107212678,0.3205659976068594
state fighting,1,0,5.464231107212678,0.3205659976068594
stores coach,1,0,5.464231107212678,0.3205659976068594
state employees,1,0,5.464231107212678,0.3205659976068594
state educations,1,0,5.464231107212678,0.3205659976068594
stories half,1,0,5.464231107212678,0.3205659976068594
stories opposed,1,0,5.464231107212678,0.3205659976068594
stories stories,1,0,5.464231107212678,0.3205659976068594
stories terms,1,0,5.464231107212678,0.3205659976068594
state analysis,1,0,5.464231107212678,0.3205659976068594
state agency,1,0,5.464231107212678,0.3205659976068594
storing diesel,1,0,5.464231107212678,0.3205659976068594
storing protected,1,0,5.464231107212678,0.3205659976068594
starts change,1,0,5.464231107212678,0.3205659976068594
starting number,1,0,5.464231107212678,0.3205659976068594
starting megawatts,1,0,5.464231107212678,0.3205659976068594
starting federal,1,0,5.464231107212678,0.3205659976068594
starting dry,1,0,5.464231107212678,0.3205659976068594
started overall,1,0,5.464231107212678,0.3205659976068594
started motion,1,0,5.464231107212678,0.3205659976068594
storage illinois,1,0,5.464231107212678,0.3205659976068594
state network,1,0,5.464231107212678,0.3205659976068594
stop respectfully,1,0,5.464231107212678,0.3205659976068594
state noise,1,0,5.464231107212678,0.3205659976068594
stop signs,1,0,5.464231107212678,0.3205659976068594
stop state,1,0,5.464231107212678,0.3205659976068594
statement don,1,0,5.464231107212678,0.3205659976068594
stop thank,1,0,5.464231107212678,0.3205659976068594
stop time,1,0,5.464231107212678,0.3205659976068594
stated plans,1,0,5.464231107212678,0.3205659976068594
stop voice,1,0,5.464231107212678,0.3205659976068594
stop want,1,0,5.464231107212678,0.3205659976068594
stopped,1,0,5.464231107212678,0.3205659976068594
stopped traveling,1,0,5.464231107212678,0.3205659976068594
state taxes,1,0,5.464231107212678,0.3205659976068594
state strong,1,0,5.464231107212678,0.3205659976068594
state start,1,0,5.464231107212678,0.3205659976068594
state region,1,0,5.464231107212678,0.3205659976068594
state reduced,1,0,5.464231107212678,0.3205659976068594
state reconsidering,1,0,5.464231107212678,0.3205659976068594
state pushing,1,0,5.464231107212678,0.3205659976068594
state proposal,1,0,5.464231107212678,0.3205659976068594
storage coming,1,0,5.464231107212678,0.3205659976068594
state power,1,0,5.464231107212678,0.3205659976068594
state people,1,0,5.464231107212678,0.3205659976068594
state passed,1,0,5.464231107212678,0.3205659976068594
storage denmark,1,0,5.464231107212678,0.3205659976068594
storage existing,1,0,5.464231107212678,0.3205659976068594
storage gets,1,0,5.464231107212678,0.3205659976068594
study abundance,1,0,5.464231107212678,0.3205659976068594
shows miso,1,0,5.464231107212678,0.3205659976068594
sense don,1,0,5.464231107212678,0.3205659976068594
service recc,1,0,5.464231107212678,0.3205659976068594
services amenities,1,0,5.464231107212678,0.3205659976068594
services absent,1,0,5.464231107212678,0.3205659976068594
serviced weekly,1,0,5.464231107212678,0.3205659976068594
serviced,1,0,5.464231107212678,0.3205659976068594
service way,1,0,5.464231107212678,0.3205659976068594
service ve,1,0,5.464231107212678,0.3205659976068594
service utilities,1,0,5.464231107212678,0.3205659976068594
sunlight,1,0,5.464231107212678,0.3205659976068594
service study,1,0,5.464231107212678,0.3205659976068594
service speaker,1,0,5.464231107212678,0.3205659976068594
sunlight bugs,1,0,5.464231107212678,0.3205659976068594
supervillain,1,0,5.464231107212678,0.3205659976068594
service pushing,1,0,5.464231107212678,0.3205659976068594
supplied rural,1,0,5.464231107212678,0.3205659976068594
service provider,1,0,5.464231107212678,0.3205659976068594
supervillain level,1,0,5.464231107212678,0.3205659976068594
supervisor,1,0,5.464231107212678,0.3205659976068594
service ongoing,1,0,5.464231107212678,0.3205659976068594
service non,1,0,5.464231107212678,0.3205659976068594
service look,1,0,5.464231107212678,0.3205659976068594
supervisor assessments,1,0,5.464231107212678,0.3205659976068594
supplemented,1,0,5.464231107212678,0.3205659976068594
supplemented utility,1,0,5.464231107212678,0.3205659976068594
service companies,1,0,5.464231107212678,0.3205659976068594
service charge,1,0,5.464231107212678,0.3205659976068594
supplied,1,0,5.464231107212678,0.3205659976068594
services county,1,0,5.464231107212678,0.3205659976068594
services energy,1,0,5.464231107212678,0.3205659976068594
sundays sit,1,0,5.464231107212678,0.3205659976068594
sundays great,1,0,5.464231107212678,0.3205659976068594
setback feet,1,0,5.464231107212678,0.3205659976068594
set things,1,0,5.464231107212678,0.3205659976068594
set teaching,1,0,5.464231107212678,0.3205659976068594
summers drought,1,0,5.464231107212678,0.3205659976068594
set recc,1,0,5.464231107212678,0.3205659976068594
summers droughts,1,0,5.464231107212678,0.3205659976068594
set meetings,1,0,5.464231107212678,0.3205659976068594
set local,1,0,5.464231107212678,0.3205659976068594
summertime,1,0,5.464231107212678,0.3205659976068594
summertime lot,1,0,5.464231107212678,0.3205659976068594
set didn,1,0,5.464231107212678,0.3205659976068594
set agenda,1,0,5.464231107212678,0.3205659976068594
sunday,1,0,5.464231107212678,0.3205659976068594
sessions going,1,0,5.464231107212678,0.3205659976068594
sessions,1,0,5.464231107212678,0.3205659976068594
session energy,1,0,5.464231107212678,0.3205659976068594
session,1,0,5.464231107212678,0.3205659976068594
serving united,1,0,5.464231107212678,0.3205659976068594
serving recc,1,0,5.464231107212678,0.3205659976068594
serving individuals,1,0,5.464231107212678,0.3205659976068594
sunday like,1,0,5.464231107212678,0.3205659976068594
services use,1,0,5.464231107212678,0.3205659976068594
services trying,1,0,5.464231107212678,0.3205659976068594
services support,1,0,5.464231107212678,0.3205659976068594
services strengthen,1,0,5.464231107212678,0.3205659976068594
service board,1,0,5.464231107212678,0.3205659976068594
suppliers right,1,0,5.464231107212678,0.3205659976068594
shown screen,1,0,5.464231107212678,0.3205659976068594
separate problem,1,0,5.464231107212678,0.3205659976068594
september future,1,0,5.464231107212678,0.3205659976068594
supply expressed,1,0,5.464231107212678,0.3205659976068594
separates location,1,0,5.464231107212678,0.3205659976068594
separates,1,0,5.464231107212678,0.3205659976068594
separately big,1,0,5.464231107212678,0.3205659976068594
separately,1,0,5.464231107212678,0.3205659976068594
separated recc,1,0,5.464231107212678,0.3205659976068594
separated,1,0,5.464231107212678,0.3205659976068594
separate talk,1,0,5.464231107212678,0.3205659976068594
separate supply,1,0,5.464231107212678,0.3205659976068594
separate second,1,0,5.464231107212678,0.3205659976068594
separate rates,1,0,5.464231107212678,0.3205659976068594
separate prices,1,0,5.464231107212678,0.3205659976068594
supplies,1,0,5.464231107212678,0.3205659976068594
separate power,1,0,5.464231107212678,0.3205659976068594
separate just,1,0,5.464231107212678,0.3205659976068594
separate cool,1,0,5.464231107212678,0.3205659976068594
separate combined,1,0,5.464231107212678,0.3205659976068594
separate charges,1,0,5.464231107212678,0.3205659976068594
sentient ai,1,0,5.464231107212678,0.3205659976068594
sentient,1,0,5.464231107212678,0.3205659976068594
supply illinois,1,0,5.464231107212678,0.3205659976068594
sent look,1,0,5.464231107212678,0.3205659976068594
sent forward,1,0,5.464231107212678,0.3205659976068594
supply just,1,0,5.464231107212678,0.3205659976068594
sent county,1,0,5.464231107212678,0.3205659976068594
septic designed,1,0,5.464231107212678,0.3205659976068594
septic field,1,0,5.464231107212678,0.3205659976068594
septic septic,1,0,5.464231107212678,0.3205659976068594
series power,1,0,5.464231107212678,0.3205659976068594
served location,1,0,5.464231107212678,0.3205659976068594
supplies just,1,0,5.464231107212678,0.3205659976068594
supply comes,1,0,5.464231107212678,0.3205659976068594
serve specific,1,0,5.464231107212678,0.3205659976068594
serve south,1,0,5.464231107212678,0.3205659976068594
serve source,1,0,5.464231107212678,0.3205659976068594
supply continue,1,0,5.464231107212678,0.3205659976068594
serve people,1,0,5.464231107212678,0.3205659976068594
serve local,1,0,5.464231107212678,0.3205659976068594
serve loads,1,0,5.464231107212678,0.3205659976068594
serve just,1,0,5.464231107212678,0.3205659976068594
serve interests,1,0,5.464231107212678,0.3205659976068594
serve good,1,0,5.464231107212678,0.3205659976068594
supply costs,1,0,5.464231107212678,0.3205659976068594
serve director,1,0,5.464231107212678,0.3205659976068594
supply delivery,1,0,5.464231107212678,0.3205659976068594
serve customers,1,0,5.464231107212678,0.3205659976068594
serve companies,1,0,5.464231107212678,0.3205659976068594
seriously ve,1,0,5.464231107212678,0.3205659976068594
seriously uncover,1,0,5.464231107212678,0.3205659976068594
seriously time,1,0,5.464231107212678,0.3205659976068594
supply energy,1,0,5.464231107212678,0.3205659976068594
seriously does,1,0,5.464231107212678,0.3205659976068594
series stay,1,0,5.464231107212678,0.3205659976068594
series slides,1,0,5.464231107212678,0.3205659976068594
summer watched,1,0,5.464231107212678,0.3205659976068594
summer things,1,0,5.464231107212678,0.3205659976068594
summer supply,1,0,5.464231107212678,0.3205659976068594
shifts correct,1,0,5.464231107212678,0.3205659976068594
shop stores,1,0,5.464231107212678,0.3205659976068594
shoot water,1,0,5.464231107212678,0.3205659976068594
shoot,1,0,5.464231107212678,0.3205659976068594
shocked weekly,1,0,5.464231107212678,0.3205659976068594
shock treatment,1,0,5.464231107212678,0.3205659976068594
shock pool,1,0,5.464231107212678,0.3205659976068594
shivey ventinova,1,0,5.464231107212678,0.3205659976068594
shivey thank,1,0,5.464231107212678,0.3205659976068594
shiley comments,1,0,5.464231107212678,0.3205659976068594
shiley,1,0,5.464231107212678,0.3205659976068594
shifts security,1,0,5.464231107212678,0.3205659976068594
shifts facility,1,0,5.464231107212678,0.3205659976068594
shifted approximately,1,0,5.464231107212678,0.3205659976068594
summer spiked,1,0,5.464231107212678,0.3205659976068594
shifted,1,0,5.464231107212678,0.3205659976068594
subjective,1,0,5.464231107212678,0.3205659976068594
subjective course,1,0,5.464231107212678,0.3205659976068594
submit application,1,0,5.464231107212678,0.3205659976068594
sheet wanted,1,0,5.464231107212678,0.3205659976068594
sheet speak,1,0,5.464231107212678,0.3205659976068594
sheet know,1,0,5.464231107212678,0.3205659976068594
sheet clerk,1,0,5.464231107212678,0.3205659976068594
sheet annette,1,0,5.464231107212678,0.3205659976068594
shed maybe,1,0,5.464231107212678,0.3205659976068594
shed,1,0,5.464231107212678,0.3205659976068594
submitted submitted,1,0,5.464231107212678,0.3205659976068594
stump district,1,0,5.464231107212678,0.3205659976068594
short fame,1,0,5.464231107212678,0.3205659976068594
short spurts,1,0,5.464231107212678,0.3205659976068594
stuff valuable,1,0,5.464231107212678,0.3205659976068594
shown plan,1,0,5.464231107212678,0.3205659976068594
shown math,1,0,5.464231107212678,0.3205659976068594
study institute,1,0,5.464231107212678,0.3205659976068594
shown black,1,0,5.464231107212678,0.3205659976068594
study load,1,0,5.464231107212678,0.3205659976068594
study utility,1,0,5.464231107212678,0.3205659976068594
showing caused,1,0,5.464231107212678,0.3205659976068594
showed unless,1,0,5.464231107212678,0.3205659976068594
showed tonight,1,0,5.464231107212678,0.3205659976068594
showed patients,1,0,5.464231107212678,0.3205659976068594
showed county,1,0,5.464231107212678,0.3205659976068594
showed buildings,1,0,5.464231107212678,0.3205659976068594
showed area,1,0,5.464231107212678,0.3205659976068594
stuff exposed,1,0,5.464231107212678,0.3205659976068594
stuff revenues,1,0,5.464231107212678,0.3205659976068594
shortly long,1,0,5.464231107212678,0.3205659976068594
shortly,1,0,5.464231107212678,0.3205659976068594
shorting nvidia,1,0,5.464231107212678,0.3205659976068594
shorting,1,0,5.464231107212678,0.3205659976068594
shortages organization,1,0,5.464231107212678,0.3205659976068594
shortages,1,0,5.464231107212678,0.3205659976068594
shortage think,1,0,5.464231107212678,0.3205659976068594
shortage price,1,0,5.464231107212678,0.3205659976068594
short time,1,0,5.464231107212678,0.3205659976068594
stuff right,1,0,5.464231107212678,0.3205659976068594
sharing effectively,1,0,5.464231107212678,0.3205659976068594
sharing,1,0,5.464231107212678,0.3205659976068594
submitted trying,1,0,5.464231107212678,0.3205659976068594
substation ameren,1,0,5.464231107212678,0.3205659976068594
substation going,1,0,5.464231107212678,0.3205659976068594
substation literally,1,0,5.464231107212678,0.3205659976068594
substation sits,1,0,5.464231107212678,0.3205659976068594
substation solar,1,0,5.464231107212678,0.3205659976068594
substation substation,1,0,5.464231107212678,0.3205659976068594
sexhorn thank,1,0,5.464231107212678,0.3205659976068594
sexhorn,1,0,5.464231107212678,0.3205659976068594
seventeen minutes,1,0,5.464231107212678,0.3205659976068594
seventeen,1,0,5.464231107212678,0.3205659976068594
seven want,1,0,5.464231107212678,0.3205659976068594
seven talk,1,0,5.464231107212678,0.3205659976068594
seven projects,1,0,5.464231107212678,0.3205659976068594
seven cyrus,1,0,5.464231107212678,0.3205659976068594
summary right,1,0,5.464231107212678,0.3205659976068594
summary ve,1,0,5.464231107212678,0.3205659976068594
setting requirements,1,0,5.464231107212678,0.3205659976068594
summer fest,1,0,5.464231107212678,0.3205659976068594
summer locally,1,0,5.464231107212678,0.3205659976068594
summer make,1,0,5.464231107212678,0.3205659976068594
summer mean,1,0,5.464231107212678,0.3205659976068594
summer months,1,0,5.464231107212678,0.3205659976068594
summer point,1,0,5.464231107212678,0.3205659976068594
summer right,1,0,5.464231107212678,0.3205659976068594
summer separate,1,0,5.464231107212678,0.3205659976068594
setbacks look,1,0,5.464231107212678,0.3205659976068594
substation built,1,0,5.464231107212678,0.3205659976068594
substantially relies,1,0,5.464231107212678,0.3205659976068594
shareholders answer,1,0,5.464231107212678,0.3205659976068594
substantially changed,1,0,5.464231107212678,0.3205659976068594
subsequently,1,0,5.464231107212678,0.3205659976068594
subsequently submit,1,0,5.464231107212678,0.3205659976068594
subsidize,1,0,5.464231107212678,0.3205659976068594
subsidize big,1,0,5.464231107212678,0.3205659976068594
subsidizing,1,0,5.464231107212678,0.3205659976068594
shared suggestions,1,0,5.464231107212678,0.3205659976068594
shared guys,1,0,5.464231107212678,0.3205659976068594
subsidizing state,1,0,5.464231107212678,0.3205659976068594
substance,1,0,5.464231107212678,0.3205659976068594
substance amendments,1,0,5.464231107212678,0.3205659976068594
share view,1,0,5.464231107212678,0.3205659976068594
share tell,1,0,5.464231107212678,0.3205659976068594
share support,1,0,5.464231107212678,0.3205659976068594
share plans,1,0,5.464231107212678,0.3205659976068594
share infrastructure,1,0,5.464231107212678,0.3205659976068594
share different,1,0,5.464231107212678,0.3205659976068594
share details,1,0,5.464231107212678,0.3205659976068594
substantial areas,1,0,5.464231107212678,0.3205659976068594
substantial expenses,1,0,5.464231107212678,0.3205659976068594
share best,1,0,5.464231107212678,0.3205659976068594
shape buildings,1,0,5.464231107212678,0.3205659976068594
shape,1,0,5.464231107212678,0.3205659976068594
shame honest,1,0,5.464231107212678,0.3205659976068594
shame,1,0,5.464231107212678,0.3205659976068594
substantial track,1,0,5.464231107212678,0.3205659976068594
tap memo,1,0,5.464231107212678,0.3205659976068594
run trying,1,0,5.464231107212678,0.3205659976068594
tap mic,1,0,5.464231107212678,0.3205659976068594
relies illinois,1,0,5.464231107212678,0.3205659976068594
rely th,1,0,5.464231107212678,0.3205659976068594
rely projected,1,0,5.464231107212678,0.3205659976068594
thank welcome,1,0,5.464231107212678,0.3205659976068594
rely old,1,0,5.464231107212678,0.3205659976068594
rely law,1,0,5.464231107212678,0.3205659976068594
rely closed,1,0,5.464231107212678,0.3205659976068594
reluctant say,1,0,5.464231107212678,0.3205659976068594
reluctant,1,0,5.464231107212678,0.3205659976068594
relocated places,1,0,5.464231107212678,0.3205659976068594
relocated,1,0,5.464231107212678,0.3205659976068594
thank yes,1,0,5.464231107212678,0.3205659976068594
relies spends,1,0,5.464231107212678,0.3205659976068594
relief emergency,1,0,5.464231107212678,0.3205659976068594
reliability important,1,0,5.464231107212678,0.3205659976068594
relief disaster,1,0,5.464231107212678,0.3205659976068594
relied clean,1,0,5.464231107212678,0.3205659976068594
relied,1,0,5.464231107212678,0.3205659976068594
reliance existing,1,0,5.464231107212678,0.3205659976068594
reliance debt,1,0,5.464231107212678,0.3205659976068594
reliably right,1,0,5.464231107212678,0.3205659976068594
reliably,1,0,5.464231107212678,0.3205659976068594
reliability think,1,0,5.464231107212678,0.3205659976068594
reliability standpoint,1,0,5.464231107212678,0.3205659976068594
reliability recc,1,0,5.464231107212678,0.3205659976068594
reliability market,1,0,5.464231107212678,0.3205659976068594
thanks meeting,1,0,5.464231107212678,0.3205659976068594
rely zoning,1,0,5.464231107212678,0.3205659976068594
relying existing,1,0,5.464231107212678,0.3205659976068594
relying promises,1,0,5.464231107212678,0.3205659976068594
remaining coal,1,0,5.464231107212678,0.3205659976068594
thank presentation,1,0,5.464231107212678,0.3205659976068594
thank presenters,1,0,5.464231107212678,0.3205659976068594
remind recognized,1,0,5.464231107212678,0.3205659976068594
remind people,1,0,5.464231107212678,0.3205659976068594
remind minutes,1,0,5.464231107212678,0.3205659976068594
remind kinds,1,0,5.464231107212678,0.3205659976068594
thank probably,1,0,5.464231107212678,0.3205659976068594
thank problem,1,0,5.464231107212678,0.3205659976068594
remember want,1,0,5.464231107212678,0.3205659976068594
thank sir,1,0,5.464231107212678,0.3205659976068594
remember sitting,1,0,5.464231107212678,0.3205659976068594
remember red,1,0,5.464231107212678,0.3205659976068594
remember public,1,0,5.464231107212678,0.3205659976068594
thank sorry,1,0,5.464231107212678,0.3205659976068594
remember mentioned,1,0,5.464231107212678,0.3205659976068594
remember exact,1,0,5.464231107212678,0.3205659976068594
remember board,1,0,5.464231107212678,0.3205659976068594
remember ballot,1,0,5.464231107212678,0.3205659976068594
thank taking,1,0,5.464231107212678,0.3205659976068594
remarks willing,1,0,5.464231107212678,0.3205659976068594
remarks mary,1,0,5.464231107212678,0.3205659976068594
remarks like,1,0,5.464231107212678,0.3205659976068594
thank transparency,1,0,5.464231107212678,0.3205659976068594
remains pressurized,1,0,5.464231107212678,0.3205659976068594
thank ve,1,0,5.464231107212678,0.3205659976068594
reliability issues,1,0,5.464231107212678,0.3205659976068594
reliability gets,1,0,5.464231107212678,0.3205659976068594
regulations brought,1,0,5.464231107212678,0.3205659976068594
thing city,1,0,5.464231107212678,0.3205659976068594
thing applies,1,0,5.464231107212678,0.3205659976068594
thing appreciate,1,0,5.464231107212678,0.3205659976068594
reiterate fanny,1,0,5.464231107212678,0.3205659976068594
thing bugging,1,0,5.464231107212678,0.3205659976068594
reiterate ann,1,0,5.464231107212678,0.3205659976068594
reinstate bonus,1,0,5.464231107212678,0.3205659976068594
reinstate,1,0,5.464231107212678,0.3205659976068594
thing built,1,0,5.464231107212678,0.3205659976068594
regulatory teeth,1,0,5.464231107212678,0.3205659976068594
regulatory legal,1,0,5.464231107212678,0.3205659976068594
regulatory commission,1,0,5.464231107212678,0.3205659976068594
regulations wanted,1,0,5.464231107212678,0.3205659976068594
thing course,1,0,5.464231107212678,0.3205659976068594
reliability drill,1,0,5.464231107212678,0.3205659976068594
regulations sounds,1,0,5.464231107212678,0.3205659976068594
regulations regulating,1,0,5.464231107212678,0.3205659976068594
thing cut,1,0,5.464231107212678,0.3205659976068594
thing doesn,1,0,5.464231107212678,0.3205659976068594
thing doing,1,0,5.464231107212678,0.3205659976068594
thing don,1,0,5.464231107212678,0.3205659976068594
thing emissions,1,0,5.464231107212678,0.3205659976068594
thing forward,1,0,5.464231107212678,0.3205659976068594
regulations instead,1,0,5.464231107212678,0.3205659976068594
regulations hard,1,0,5.464231107212678,0.3205659976068594
thing happens,1,0,5.464231107212678,0.3205659976068594
thing having,1,0,5.464231107212678,0.3205659976068594
thing amaran,1,0,5.464231107212678,0.3205659976068594
relate capacity,1,0,5.464231107212678,0.3205659976068594
relate reliability,1,0,5.464231107212678,0.3205659976068594
thermal voltage,1,0,5.464231107212678,0.3205659976068594
reliabilities regional,1,0,5.464231107212678,0.3205659976068594
reliabilities,1,0,5.464231107212678,0.3205659976068594
relevant cyrus,1,0,5.464231107212678,0.3205659976068594
relevant,1,0,5.464231107212678,0.3205659976068594
releasing water,1,0,5.464231107212678,0.3205659976068594
releasing,1,0,5.464231107212678,0.3205659976068594
thanks public,1,0,5.464231107212678,0.3205659976068594
thanks service,1,0,5.464231107212678,0.3205659976068594
release nitrogen,1,0,5.464231107212678,0.3205659976068594
release,1,0,5.464231107212678,0.3205659976068594
relatively unimpacted,1,0,5.464231107212678,0.3205659976068594
relative short,1,0,5.464231107212678,0.3205659976068594
relative said,1,0,5.464231107212678,0.3205659976068594
relative labor,1,0,5.464231107212678,0.3205659976068594
relative costs,1,0,5.464231107212678,0.3205659976068594
relationship picked,1,0,5.464231107212678,0.3205659976068594
relationship,1,0,5.464231107212678,0.3205659976068594
relates cooling,1,0,5.464231107212678,0.3205659976068594
relates building,1,0,5.464231107212678,0.3205659976068594
theory assuming,1,0,5.464231107212678,0.3205659976068594
related toilets,1,0,5.464231107212678,0.3205659976068594
related rhyme,1,0,5.464231107212678,0.3205659976068594
related leftover,1,0,5.464231107212678,0.3205659976068594
theory happened,1,0,5.464231107212678,0.3205659976068594
thermal,1,0,5.464231107212678,0.3205659976068594
thank people,1,0,5.464231107212678,0.3205659976068594
thank particular,1,0,5.464231107212678,0.3205659976068594
thank opportunity,1,0,5.464231107212678,0.3205659976068594
th naturally,1,0,5.464231107212678,0.3205659976068594
require significant,1,0,5.464231107212678,0.3205659976068594
require naperville,1,0,5.464231107212678,0.3205659976068594
testing regular,1,0,5.464231107212678,0.3205659976068594
require development,1,0,5.464231107212678,0.3205659976068594
testing stuff,1,0,5.464231107212678,0.3205659976068594
request storage,1,0,5.464231107212678,0.3205659976068594
request local,1,0,5.464231107212678,0.3205659976068594
request like,1,0,5.464231107212678,0.3205659976068594
th century,1,0,5.464231107212678,0.3205659976068594
th clock,1,0,5.464231107212678,0.3205659976068594
th going,1,0,5.464231107212678,0.3205659976068594
th man,1,0,5.464231107212678,0.3205659976068594
th street,1,0,5.464231107212678,0.3205659976068594
remote does,1,0,5.464231107212678,0.3205659976068594
th went,1,0,5.464231107212678,0.3205659976068594
thank asking,1,0,5.464231107212678,0.3205659976068594
represents continued,1,0,5.464231107212678,0.3205659976068594
thank chairman,1,0,5.464231107212678,0.3205659976068594
representing board,1,0,5.464231107212678,0.3205659976068594
represented men,1,0,5.464231107212678,0.3205659976068594
represented,1,0,5.464231107212678,0.3205659976068594
representatives toured,1,0,5.464231107212678,0.3205659976068594
representatives,1,0,5.464231107212678,0.3205659976068594
represent working,1,0,5.464231107212678,0.3205659976068594
represent urge,1,0,5.464231107212678,0.3205659976068594
thank constructed,1,0,5.464231107212678,0.3205659976068594
testing pretty,1,0,5.464231107212678,0.3205659976068594
testing expected,1,0,5.464231107212678,0.3205659976068594
required build,1,0,5.464231107212678,0.3205659976068594
testing emergency,1,0,5.464231107212678,0.3205659976068594
terms want,1,0,5.464231107212678,0.3205659976068594
requiring specialized,1,0,5.464231107212678,0.3205659976068594
requiring buy,1,0,5.464231107212678,0.3205659976068594
requires text,1,0,5.464231107212678,0.3205659976068594
territories,1,0,5.464231107212678,0.3205659976068594
territories looking,1,0,5.464231107212678,0.3205659976068594
teslas cameras,1,0,5.464231107212678,0.3205659976068594
teslas springfield,1,0,5.464231107212678,0.3205659976068594
teslas teslas,1,0,5.464231107212678,0.3205659976068594
requirements tier,1,0,5.464231107212678,0.3205659976068594
requirements pla,1,0,5.464231107212678,0.3205659976068594
test leak,1,0,5.464231107212678,0.3205659976068594
test month,1,0,5.464231107212678,0.3205659976068594
tested pre,1,0,5.464231107212678,0.3205659976068594
requirements list,1,0,5.464231107212678,0.3205659976068594
testified,1,0,5.464231107212678,0.3205659976068594
testified perimeter,1,0,5.464231107212678,0.3205659976068594
requirements elaborate,1,0,5.464231107212678,0.3205659976068594
requirements defined,1,0,5.464231107212678,0.3205659976068594
requirement type,1,0,5.464231107212678,0.3205659976068594
requirement meet,1,0,5.464231107212678,0.3205659976068594
required transmission,1,0,5.464231107212678,0.3205659976068594
required testing,1,0,5.464231107212678,0.3205659976068594
required projects,1,0,5.464231107212678,0.3205659976068594
required operate,1,0,5.464231107212678,0.3205659976068594
thank craig,1,0,5.464231107212678,0.3205659976068594
thank developed,1,0,5.464231107212678,0.3205659976068594
reports website,1,0,5.464231107212678,0.3205659976068594
thank kathy,1,0,5.464231107212678,0.3205659976068594
repeating heard,1,0,5.464231107212678,0.3205659976068594
thank know,1,0,5.464231107212678,0.3205659976068594
repeatedly facing,1,0,5.464231107212678,0.3205659976068594
repeatedly,1,0,5.464231107212678,0.3205659976068594
repeat point,1,0,5.464231107212678,0.3205659976068594
repeat just,1,0,5.464231107212678,0.3205659976068594
thank like,1,0,5.464231107212678,0.3205659976068594
thank maybe,1,0,5.464231107212678,0.3205659976068594
repairs suppression,1,0,5.464231107212678,0.3205659976068594
repairs rest,1,0,5.464231107212678,0.3205659976068594
rent prices,1,0,5.464231107212678,0.3205659976068594
rent,1,0,5.464231107212678,0.3205659976068594
renowned water,1,0,5.464231107212678,0.3205659976068594
renowned,1,0,5.464231107212678,0.3205659976068594
renewables renewable,1,0,5.464231107212678,0.3205659976068594
renewables,1,0,5.464231107212678,0.3205659976068594
renewable transactions,1,0,5.464231107212678,0.3205659976068594
renewable power,1,0,5.464231107212678,0.3205659976068594
renewable developments,1,0,5.464231107212678,0.3205659976068594
thank member,1,0,5.464231107212678,0.3205659976068594
rendering campus,1,0,5.464231107212678,0.3205659976068594
rendering buildings,1,0,5.464231107212678,0.3205659976068594
removed grid,1,0,5.464231107212678,0.3205659976068594
remote operated,1,0,5.464231107212678,0.3205659976068594
thank mister,1,0,5.464231107212678,0.3205659976068594
thank keith,1,0,5.464231107212678,0.3205659976068594
thank jim,1,0,5.464231107212678,0.3205659976068594
reports just,1,0,5.464231107212678,0.3205659976068594
thank jeff,1,0,5.464231107212678,0.3205659976068594
thank doing,1,0,5.464231107212678,0.3205659976068594
reports given,1,0,5.464231107212678,0.3205659976068594
reports gerald,1,0,5.464231107212678,0.3205659976068594
reported talked,1,0,5.464231107212678,0.3205659976068594
reported mainly,1,0,5.464231107212678,0.3205659976068594
thank earlier,1,0,5.464231107212678,0.3205659976068594
reported fortune,1,0,5.464231107212678,0.3205659976068594
reported entering,1,0,5.464231107212678,0.3205659976068594
reported aurora,1,0,5.464231107212678,0.3205659976068594
report want,1,0,5.464231107212678,0.3205659976068594
thank explain,1,0,5.464231107212678,0.3205659976068594
report saw,1,0,5.464231107212678,0.3205659976068594
thank fellow,1,0,5.464231107212678,0.3205659976068594
thank follow,1,0,5.464231107212678,0.3205659976068594
report likelihood,1,0,5.464231107212678,0.3205659976068594
report lays,1,0,5.464231107212678,0.3205659976068594
report happens,1,0,5.464231107212678,0.3205659976068594
report context,1,0,5.464231107212678,0.3205659976068594
report carefully,1,0,5.464231107212678,0.3205659976068594
report card,1,0,5.464231107212678,0.3205659976068594
thank giving,1,0,5.464231107212678,0.3205659976068594
replace precious,1,0,5.464231107212678,0.3205659976068594
thank guys,1,0,5.464231107212678,0.3205659976068594
thank hanging,1,0,5.464231107212678,0.3205659976068594
thank hosting,1,0,5.464231107212678,0.3205659976068594
thing hope,1,0,5.464231107212678,0.3205659976068594
thing idot,1,0,5.464231107212678,0.3205659976068594
research available,1,0,5.464231107212678,0.3205659976068594
things impassioned,1,0,5.464231107212678,0.3205659976068594
things got,1,0,5.464231107212678,0.3205659976068594
recently springfield,1,0,5.464231107212678,0.3205659976068594
recently gone,1,0,5.464231107212678,0.3205659976068594
recently don,1,0,5.464231107212678,0.3205659976068594
recently commission,1,0,5.464231107212678,0.3205659976068594
things highlight,1,0,5.464231107212678,0.3205659976068594
recently aurora,1,0,5.464231107212678,0.3205659976068594
things hit,1,0,5.464231107212678,0.3205659976068594
recent years,1,0,5.464231107212678,0.3205659976068594
things hotter,1,0,5.464231107212678,0.3205659976068594
recent market,1,0,5.464231107212678,0.3205659976068594
recent legislation,1,0,5.464231107212678,0.3205659976068594
receiving revenue,1,0,5.464231107212678,0.3205659976068594
recc stated,1,0,5.464231107212678,0.3205659976068594
receiving lot,1,0,5.464231107212678,0.3205659976068594
receiving bulk,1,0,5.464231107212678,0.3205659976068594
things interested,1,0,5.464231107212678,0.3205659976068594
received section,1,0,5.464231107212678,0.3205659976068594
received help,1,0,5.464231107212678,0.3205659976068594
received far,1,0,5.464231107212678,0.3205659976068594
things maybe,1,0,5.464231107212678,0.3205659976068594
things mentioned,1,0,5.464231107212678,0.3205659976068594
received appropriation,1,0,5.464231107212678,0.3205659976068594
receive water,1,0,5.464231107212678,0.3205659976068594
things number,1,0,5.464231107212678,0.3205659976068594
receive half,1,0,5.464231107212678,0.3205659976068594
things given,1,0,5.464231107212678,0.3205659976068594
recognize thank,1,0,5.464231107212678,0.3205659976068594
recognize tony,1,0,5.464231107212678,0.3205659976068594
recognized expertise,1,0,5.464231107212678,0.3205659976068594
things build,1,0,5.464231107212678,0.3205659976068594
things carry,1,0,5.464231107212678,0.3205659976068594
things comfortable,1,0,5.464231107212678,0.3205659976068594
things control,1,0,5.464231107212678,0.3205659976068594
recorded revenue,1,0,5.464231107212678,0.3205659976068594
things cost,1,0,5.464231107212678,0.3205659976068594
record using,1,0,5.464231107212678,0.3205659976068594
record good,1,0,5.464231107212678,0.3205659976068594
record documentation,1,0,5.464231107212678,0.3205659976068594
reconsidering july,1,0,5.464231107212678,0.3205659976068594
reconsidering,1,0,5.464231107212678,0.3205659976068594
things definitely,1,0,5.464231107212678,0.3205659976068594
things did,1,0,5.464231107212678,0.3205659976068594
recommendations urge,1,0,5.464231107212678,0.3205659976068594
things doesn,1,0,5.464231107212678,0.3205659976068594
recommendations recommendation,1,0,5.464231107212678,0.3205659976068594
recommendation yes,1,0,5.464231107212678,0.3205659976068594
recommendation project,1,0,5.464231107212678,0.3205659976068594
recommendation number,1,0,5.464231107212678,0.3205659976068594
things downtown,1,0,5.464231107212678,0.3205659976068594
things evened,1,0,5.464231107212678,0.3205659976068594
things expanding,1,0,5.464231107212678,0.3205659976068594
things expect,1,0,5.464231107212678,0.3205659976068594
recognized times,1,0,5.464231107212678,0.3205659976068594
recognized speakers,1,0,5.464231107212678,0.3205659976068594
receive ability,1,0,5.464231107212678,0.3205659976068594
recc south,1,0,5.464231107212678,0.3205659976068594
thing kind,1,0,5.464231107212678,0.3205659976068594
reasonable attempt,1,0,5.464231107212678,0.3205659976068594
things thing,1,0,5.464231107212678,0.3205659976068594
things things,1,0,5.464231107212678,0.3205659976068594
reasoning goes,1,0,5.464231107212678,0.3205659976068594
reasoning,1,0,5.464231107212678,0.3205659976068594
reasonably believes,1,0,5.464231107212678,0.3205659976068594
reasonably,1,0,5.464231107212678,0.3205659976068594
reasonable say,1,0,5.464231107212678,0.3205659976068594
reasonable responsible,1,0,5.464231107212678,0.3205659976068594
reasonable rely,1,0,5.464231107212678,0.3205659976068594
reasonable reliance,1,0,5.464231107212678,0.3205659976068594
reasonable moratorium,1,0,5.464231107212678,0.3205659976068594
things thrown,1,0,5.464231107212678,0.3205659976068594
reasonable assume,1,0,5.464231107212678,0.3205659976068594
recc responsible,1,0,5.464231107212678,0.3205659976068594
things transferable,1,0,5.464231107212678,0.3205659976068594
reason union,1,0,5.464231107212678,0.3205659976068594
things use,1,0,5.464231107212678,0.3205659976068594
things used,1,0,5.464231107212678,0.3205659976068594
reason important,1,0,5.464231107212678,0.3205659976068594
reason generators,1,0,5.464231107212678,0.3205659976068594
reason expanding,1,0,5.464231107212678,0.3205659976068594
things years,1,0,5.464231107212678,0.3205659976068594
reason don,1,0,5.464231107212678,0.3205659976068594
reason density,1,0,5.464231107212678,0.3205659976068594
reason capacity,1,0,5.464231107212678,0.3205659976068594
rear cameras,1,0,5.464231107212678,0.3205659976068594
reasons expect,1,0,5.464231107212678,0.3205659976068594
reasons green,1,0,5.464231107212678,0.3205659976068594
reasons look,1,0,5.464231107212678,0.3205659976068594
reasons moved,1,0,5.464231107212678,0.3205659976068594
recc rates,1,0,5.464231107212678,0.3205659976068594
recc profit,1,0,5.464231107212678,0.3205659976068594
recc power,1,0,5.464231107212678,0.3205659976068594
recc nextera,1,0,5.464231107212678,0.3205659976068594
recc like,1,0,5.464231107212678,0.3205659976068594
recc level,1,0,5.464231107212678,0.3205659976068594
recc interactions,1,0,5.464231107212678,0.3205659976068594
recc indicates,1,0,5.464231107212678,0.3205659976068594
recc indicated,1,0,5.464231107212678,0.3205659976068594
recc guarantee,1,0,5.464231107212678,0.3205659976068594
recc existing,1,0,5.464231107212678,0.3205659976068594
recc essentially,1,0,5.464231107212678,0.3205659976068594
things place,1,0,5.464231107212678,0.3205659976068594
things plus,1,0,5.464231107212678,0.3205659976068594
things power,1,0,5.464231107212678,0.3205659976068594
things pretending,1,0,5.464231107212678,0.3205659976068594
things putting,1,0,5.464231107212678,0.3205659976068594
things remember,1,0,5.464231107212678,0.3205659976068594
things reported,1,0,5.464231107212678,0.3205659976068594
things run,1,0,5.464231107212678,0.3205659976068594
things said,1,0,5.464231107212678,0.3205659976068594
things serve,1,0,5.464231107212678,0.3205659976068594
reassured cme,1,0,5.464231107212678,0.3205659976068594
reassured,1,0,5.464231107212678,0.3205659976068594
things taking,1,0,5.464231107212678,0.3205659976068594
things agriculture,1,0,5.464231107212678,0.3205659976068594
things added,1,0,5.464231107212678,0.3205659976068594
recurrent,1,0,5.464231107212678,0.3205659976068594
region increase,1,0,5.464231107212678,0.3205659976068594
region yes,1,0,5.464231107212678,0.3205659976068594
region words,1,0,5.464231107212678,0.3205659976068594
region track,1,0,5.464231107212678,0.3205659976068594
thing profit,1,0,5.464231107212678,0.3205659976068594
region potential,1,0,5.464231107212678,0.3205659976068594
thing published,1,0,5.464231107212678,0.3205659976068594
region northern,1,0,5.464231107212678,0.3205659976068594
region miso,1,0,5.464231107212678,0.3205659976068594
region make,1,0,5.464231107212678,0.3205659976068594
region kv,1,0,5.464231107212678,0.3205659976068594
region kind,1,0,5.464231107212678,0.3205659976068594
region interviews,1,0,5.464231107212678,0.3205659976068594
region happens,1,0,5.464231107212678,0.3205659976068594
recurrent ordinance,1,0,5.464231107212678,0.3205659976068594
region excited,1,0,5.464231107212678,0.3205659976068594
region doesn,1,0,5.464231107212678,0.3205659976068594
region dampen,1,0,5.464231107212678,0.3205659976068594
thing question,1,0,5.464231107212678,0.3205659976068594
regime homeowners,1,0,5.464231107212678,0.3205659976068594
regards utilities,1,0,5.464231107212678,0.3205659976068594
thing responsible,1,0,5.464231107212678,0.3205659976068594
regards retention,1,0,5.464231107212678,0.3205659976068594
regards promises,1,0,5.464231107212678,0.3205659976068594
regards land,1,0,5.464231107212678,0.3205659976068594
regards electricity,1,0,5.464231107212678,0.3205659976068594
regarding usage,1,0,5.464231107212678,0.3205659976068594
regional authority,1,0,5.464231107212678,0.3205659976068594
regional averaging,1,0,5.464231107212678,0.3205659976068594
regional larger,1,0,5.464231107212678,0.3205659976068594
regionalized,1,0,5.464231107212678,0.3205659976068594
regulation guess,1,0,5.464231107212678,0.3205659976068594
thing know,1,0,5.464231107212678,0.3205659976068594
thing learned,1,0,5.464231107212678,0.3205659976068594
regulating particular,1,0,5.464231107212678,0.3205659976068594
regulating aren,1,0,5.464231107212678,0.3205659976068594
thing listening,1,0,5.464231107212678,0.3205659976068594
thing live,1,0,5.464231107212678,0.3205659976068594
regulated permitting,1,0,5.464231107212678,0.3205659976068594
regulated market,1,0,5.464231107212678,0.3205659976068594
regulate zoning,1,0,5.464231107212678,0.3205659976068594
regulate yes,1,0,5.464231107212678,0.3205659976068594
regulate rates,1,0,5.464231107212678,0.3205659976068594
regularly facilities,1,0,5.464231107212678,0.3205659976068594
regularly,1,0,5.464231107212678,0.3205659976068594
thing need,1,0,5.464231107212678,0.3205659976068594
regular ecos,1,0,5.464231107212678,0.3205659976068594
thing net,1,0,5.464231107212678,0.3205659976068594
regret probably,1,0,5.464231107212678,0.3205659976068594
thing note,1,0,5.464231107212678,0.3205659976068594
thing particular,1,0,5.464231107212678,0.3205659976068594
regions right,1,0,5.464231107212678,0.3205659976068594
regions capacity,1,0,5.464231107212678,0.3205659976068594
regionally price,1,0,5.464231107212678,0.3205659976068594
regionally available,1,0,5.464231107212678,0.3205659976068594
regionalized look,1,0,5.464231107212678,0.3205659976068594
thing rule,1,0,5.464231107212678,0.3205659976068594
thing shown,1,0,5.464231107212678,0.3205659976068594
regard transmission,1,0,5.464231107212678,0.3205659976068594
redundancies failed,1,0,5.464231107212678,0.3205659976068594
reductions depreciation,1,0,5.464231107212678,0.3205659976068594
reductions,1,0,5.464231107212678,0.3205659976068594
reduction supply,1,0,5.464231107212678,0.3205659976068594
reduction power,1,0,5.464231107212678,0.3205659976068594
reduction emissions,1,0,5.464231107212678,0.3205659976068594
reducing costs,1,0,5.464231107212678,0.3205659976068594
reducing coal,1,0,5.464231107212678,0.3205659976068594
reduces cyrus,1,0,5.464231107212678,0.3205659976068594
reduces,1,0,5.464231107212678,0.3205659976068594
reduced hours,1,0,5.464231107212678,0.3205659976068594
reduced footprint,1,0,5.464231107212678,0.3205659976068594
reduce tax,1,0,5.464231107212678,0.3205659976068594
reduce site,1,0,5.464231107212678,0.3205659976068594
thing way,1,0,5.464231107212678,0.3205659976068594
reduce paying,1,0,5.464231107212678,0.3205659976068594
reduce construction,1,0,5.464231107212678,0.3205659976068594
red transmission,1,0,5.464231107212678,0.3205659976068594
red line,1,0,5.464231107212678,0.3205659976068594
red getting,1,0,5.464231107212678,0.3205659976068594
recycling programs,1,0,5.464231107212678,0.3205659976068594
recycling,1,0,5.464231107212678,0.3205659976068594
recycled bubble,1,0,5.464231107212678,0.3205659976068594
recycled,1,0,5.464231107212678,0.3205659976068594
recycle ton,1,0,5.464231107212678,0.3205659976068594
recycle lot,1,0,5.464231107212678,0.3205659976068594
redundancies,1,0,5.464231107212678,0.3205659976068594
redundancy,1,0,5.464231107212678,0.3205659976068594
regard pla,1,0,5.464231107212678,0.3205659976068594
redundancy enormous,1,0,5.464231107212678,0.3205659976068594
regard goals,1,0,5.464231107212678,0.3205659976068594
regard assessed,1,0,5.464231107212678,0.3205659976068594
reg want,1,0,5.464231107212678,0.3205659976068594
reg remember,1,0,5.464231107212678,0.3205659976068594
reg alive,1,0,5.464231107212678,0.3205659976068594
thing talking,1,0,5.464231107212678,0.3205659976068594
thing th,1,0,5.464231107212678,0.3205659976068594
refrigeration businesses,1,0,5.464231107212678,0.3205659976068594
refrigeration,1,0,5.464231107212678,0.3205659976068594
refilling weeks,1,0,5.464231107212678,0.3205659976068594
refilling,1,0,5.464231107212678,0.3205659976068594
refill case,1,0,5.464231107212678,0.3205659976068594
refill,1,0,5.464231107212678,0.3205659976068594
refers growth,1,0,5.464231107212678,0.3205659976068594
refers,1,0,5.464231107212678,0.3205659976068594
thing took,1,0,5.464231107212678,0.3205659976068594
thing trying,1,0,5.464231107212678,0.3205659976068594
refer right,1,0,5.464231107212678,0.3205659976068594
refer,1,0,5.464231107212678,0.3205659976068594
reevaluation craig,1,0,5.464231107212678,0.3205659976068594
reevaluation,1,0,5.464231107212678,0.3205659976068594
reevaluate little,1,0,5.464231107212678,0.3205659976068594
reevaluate,1,0,5.464231107212678,0.3205659976068594
redundant systems,1,0,5.464231107212678,0.3205659976068594
redundant,1,0,5.464231107212678,0.3205659976068594
terms timeline,1,0,5.464231107212678,0.3205659976068594
terms think,1,0,5.464231107212678,0.3205659976068594
run time,1,0,5.464231107212678,0.3205659976068594
rigorous,1,0,5.464231107212678,0.3205659976068594
taxes year,1,0,5.464231107212678,0.3205659976068594
risk heart,1,0,5.464231107212678,0.3205659976068594
risk escalating,1,0,5.464231107212678,0.3205659976068594
risk don,1,0,5.464231107212678,0.3205659976068594
risk companies,1,0,5.464231107212678,0.3205659976068594
taxing body,1,0,5.464231107212678,0.3205659976068594
rises official,1,0,5.464231107212678,0.3205659976068594
rises,1,0,5.464231107212678,0.3205659976068594
rise obviously,1,0,5.464231107212678,0.3205659976068594
taxing entities,1,0,5.464231107212678,0.3205659976068594
rise apartment,1,0,5.464231107212678,0.3205659976068594
rigorous conditions,1,0,5.464231107212678,0.3205659976068594
rights existing,1,0,5.464231107212678,0.3205659976068594
right surrounding,1,0,5.464231107212678,0.3205659976068594
taxpayers farmers,1,0,5.464231107212678,0.3205659976068594
rightly identified,1,0,5.464231107212678,0.3205659976068594
rightly,1,0,5.464231107212678,0.3205659976068594
taxpayers rely,1,0,5.464231107212678,0.3205659976068594
right wrong,1,0,5.464231107212678,0.3205659976068594
right withdraw,1,0,5.464231107212678,0.3205659976068594
right want,1,0,5.464231107212678,0.3205659976068594
right use,1,0,5.464231107212678,0.3205659976068594
right trying,1,0,5.464231107212678,0.3205659976068594
right things,1,0,5.464231107212678,0.3205659976068594
right thanks,1,0,5.464231107212678,0.3205659976068594
teach best,1,0,5.464231107212678,0.3205659976068594
taxes told,1,0,5.464231107212678,0.3205659976068594
risk people,1,0,5.464231107212678,0.3205659976068594
risk public,1,0,5.464231107212678,0.3205659976068594
taxes require,1,0,5.464231107212678,0.3205659976068594
roads build,1,0,5.464231107212678,0.3205659976068594
road tires,1,0,5.464231107212678,0.3205659976068594
road time,1,0,5.464231107212678,0.3205659976068594
road leadline,1,0,5.464231107212678,0.3205659976068594
road different,1,0,5.464231107212678,0.3205659976068594
road compared,1,0,5.464231107212678,0.3205659976068594
road appreciate,1,0,5.464231107212678,0.3205659976068594
rivers yes,1,0,5.464231107212678,0.3205659976068594
rivers worked,1,0,5.464231107212678,0.3205659976068594
rivers transmission,1,0,5.464231107212678,0.3205659976068594
rivers hat,1,0,5.464231107212678,0.3205659976068594
river transmission,1,0,5.464231107212678,0.3205659976068594
river stream,1,0,5.464231107212678,0.3205659976068594
river network,1,0,5.464231107212678,0.3205659976068594
river conservation,1,0,5.464231107212678,0.3205659976068594
taxes million,1,0,5.464231107212678,0.3205659976068594
risks unknowns,1,0,5.464231107212678,0.3205659976068594
risks significant,1,0,5.464231107212678,0.3205659976068594
risks point,1,0,5.464231107212678,0.3205659976068594
risks need,1,0,5.464231107212678,0.3205659976068594
taxes prepared,1,0,5.464231107212678,0.3205659976068594
taxes produced,1,0,5.464231107212678,0.3205659976068594
risks addressed,1,0,5.464231107212678,0.3205659976068594
taxes public,1,0,5.464231107212678,0.3205659976068594
taxes quality,1,0,5.464231107212678,0.3205659976068594
right table,1,0,5.464231107212678,0.3205659976068594
right supply,1,0,5.464231107212678,0.3205659976068594
right bylaws,1,0,5.464231107212678,0.3205659976068594
right don,1,0,5.464231107212678,0.3205659976068594
teams sundays,1,0,5.464231107212678,0.3205659976068594
right job,1,0,5.464231107212678,0.3205659976068594
right hope,1,0,5.464231107212678,0.3205659976068594
tearing away,1,0,5.464231107212678,0.3205659976068594
tearing business,1,0,5.464231107212678,0.3205659976068594
right grade,1,0,5.464231107212678,0.3205659976068594
right fully,1,0,5.464231107212678,0.3205659976068594
right focused,1,0,5.464231107212678,0.3205659976068594
right filter,1,0,5.464231107212678,0.3205659976068594
right facility,1,0,5.464231107212678,0.3205659976068594
right existing,1,0,5.464231107212678,0.3205659976068594
right end,1,0,5.464231107212678,0.3205659976068594
right doing,1,0,5.464231107212678,0.3205659976068594
right state,1,0,5.464231107212678,0.3205659976068594
tech boom,1,0,5.464231107212678,0.3205659976068594
right current,1,0,5.464231107212678,0.3205659976068594
right continue,1,0,5.464231107212678,0.3205659976068594
right continuation,1,0,5.464231107212678,0.3205659976068594
right construction,1,0,5.464231107212678,0.3205659976068594
tech companies,1,0,5.464231107212678,0.3205659976068594
tech continue,1,0,5.464231107212678,0.3205659976068594
tech giants,1,0,5.464231107212678,0.3205659976068594
right clean,1,0,5.464231107212678,0.3205659976068594
right chair,1,0,5.464231107212678,0.3205659976068594
right central,1,0,5.464231107212678,0.3205659976068594
tech job,1,0,5.464231107212678,0.3205659976068594
right kept,1,0,5.464231107212678,0.3205659976068594
right kind,1,0,5.464231107212678,0.3205659976068594
right left,1,0,5.464231107212678,0.3205659976068594
right listening,1,0,5.464231107212678,0.3205659976068594
teach information,1,0,5.464231107212678,0.3205659976068594
right start,1,0,5.464231107212678,0.3205659976068594
teach northwestern,1,0,5.464231107212678,0.3205659976068594
right solution,1,0,5.464231107212678,0.3205659976068594
right sheet,1,0,5.464231107212678,0.3205659976068594
right seen,1,0,5.464231107212678,0.3205659976068594
teach students,1,0,5.464231107212678,0.3205659976068594
right roles,1,0,5.464231107212678,0.3205659976068594
right rely,1,0,5.464231107212678,0.3205659976068594
right reg,1,0,5.464231107212678,0.3205659976068594
right queries,1,0,5.464231107212678,0.3205659976068594
teaching,1,0,5.464231107212678,0.3205659976068594
teaching operate,1,0,5.464231107212678,0.3205659976068594
team allowing,1,0,5.464231107212678,0.3205659976068594
right prices,1,0,5.464231107212678,0.3205659976068594
right presumably,1,0,5.464231107212678,0.3205659976068594
right point,1,0,5.464231107212678,0.3205659976068594
right pin,1,0,5.464231107212678,0.3205659976068594
right people,1,0,5.464231107212678,0.3205659976068594
team deployments,1,0,5.464231107212678,0.3205659976068594
right october,1,0,5.464231107212678,0.3205659976068594
right moving,1,0,5.464231107212678,0.3205659976068594
team ve,1,0,5.464231107212678,0.3205659976068594
right mean,1,0,5.464231107212678,0.3205659976068594
right looking,1,0,5.464231107212678,0.3205659976068594
taxes funding,1,0,5.464231107212678,0.3205659976068594
roads imperative,1,0,5.464231107212678,0.3205659976068594
roads pound,1,0,5.464231107212678,0.3205659976068594
routes trucks,1,0,5.464231107212678,0.3205659976068594
targets supply,1,0,5.464231107212678,0.3205659976068594
rule want,1,0,5.464231107212678,0.3205659976068594
rule thumb,1,0,5.464231107212678,0.3205659976068594
rule presented,1,0,5.464231107212678,0.3205659976068594
rule opinion,1,0,5.464231107212678,0.3205659976068594
task,1,0,5.464231107212678,0.3205659976068594
task make,1,0,5.464231107212678,0.3205659976068594
taste,1,0,5.464231107212678,0.3205659976068594
taste mouth,1,0,5.464231107212678,0.3205659976068594
tax abatements,1,0,5.464231107212678,0.3205659976068594
row really,1,0,5.464231107212678,0.3205659976068594
row,1,0,5.464231107212678,0.3205659976068594
tax burden,1,0,5.464231107212678,0.3205659976068594
roads roads,1,0,5.464231107212678,0.3205659976068594
route wiring,1,0,5.464231107212678,0.3205659976068594
tax class,1,0,5.464231107212678,0.3205659976068594
route east,1,0,5.464231107212678,0.3205659976068594
roundabout estimate,1,0,5.464231107212678,0.3205659976068594
roundabout,1,0,5.464231107212678,0.3205659976068594
tax districts,1,0,5.464231107212678,0.3205659976068594
tax estimate,1,0,5.464231107212678,0.3205659976068594
roughly quarterly,1,0,5.464231107212678,0.3205659976068594
roughly quarter,1,0,5.464231107212678,0.3205659976068594
tax evaluation,1,0,5.464231107212678,0.3205659976068594
roughly months,1,0,5.464231107212678,0.3205659976068594
roughly megawatts,1,0,5.464231107212678,0.3205659976068594
rules business,1,0,5.464231107212678,0.3205659976068594
rules don,1,0,5.464231107212678,0.3205659976068594
targets,1,0,5.464231107212678,0.3205659976068594
rules formally,1,0,5.464231107212678,0.3205659976068594
run tell,1,0,5.464231107212678,0.3205659976068594
run summer,1,0,5.464231107212678,0.3205659976068594
run run,1,0,5.464231107212678,0.3205659976068594
run roughly,1,0,5.464231107212678,0.3205659976068594
run private,1,0,5.464231107212678,0.3205659976068594
run night,1,0,5.464231107212678,0.3205659976068594
run needed,1,0,5.464231107212678,0.3205659976068594
run need,1,0,5.464231107212678,0.3205659976068594
target approval,1,0,5.464231107212678,0.3205659976068594
run mile,1,0,5.464231107212678,0.3205659976068594
run lot,1,0,5.464231107212678,0.3205659976068594
run like,1,0,5.464231107212678,0.3205659976068594
run important,1,0,5.464231107212678,0.3205659976068594
run hours,1,0,5.464231107212678,0.3205659976068594
target target,1,0,5.464231107212678,0.3205659976068594
target trying,1,0,5.464231107212678,0.3205659976068594
rules way,1,0,5.464231107212678,0.3205659976068594
target value,1,0,5.464231107212678,0.3205659976068594
rules true,1,0,5.464231107212678,0.3205659976068594
rules rightly,1,0,5.464231107212678,0.3205659976068594
rules occur,1,0,5.464231107212678,0.3205659976068594
targeted aren,1,0,5.464231107212678,0.3205659976068594
targeted meeting,1,0,5.464231107212678,0.3205659976068594
rules governing,1,0,5.464231107212678,0.3205659976068594
rules forward,1,0,5.464231107212678,0.3205659976068594
roughly inch,1,0,5.464231107212678,0.3205659976068594
roughly hours,1,0,5.464231107212678,0.3205659976068594
rough watch,1,0,5.464231107212678,0.3205659976068594
rolling blackout,1,0,5.464231107212678,0.3205659976068594
rollbacks federal,1,0,5.464231107212678,0.3205659976068594
rollbacks,1,0,5.464231107212678,0.3205659976068594
roll special,1,0,5.464231107212678,0.3205659976068594
tax reevaluation,1,0,5.464231107212678,0.3205659976068594
roles talk,1,0,5.464231107212678,0.3205659976068594
roles relate,1,0,5.464231107212678,0.3205659976068594
role professional,1,0,5.464231107212678,0.3205659976068594
rogers anthony,1,0,5.464231107212678,0.3205659976068594
rogers,1,0,5.464231107212678,0.3205659976068594
tax thing,1,0,5.464231107212678,0.3205659976068594
tax valuations,1,0,5.464231107212678,0.3205659976068594
rock legal,1,0,5.464231107212678,0.3205659976068594
rock,1,0,5.464231107212678,0.3205659976068594
taxes build,1,0,5.464231107212678,0.3205659976068594
taxes called,1,0,5.464231107212678,0.3205659976068594
taxes committed,1,0,5.464231107212678,0.3205659976068594
robert think,1,0,5.464231107212678,0.3205659976068594
robert sorry,1,0,5.464231107212678,0.3205659976068594
taxes contain,1,0,5.464231107212678,0.3205659976068594
robert going,1,0,5.464231107212678,0.3205659976068594
robbing infrastructures,1,0,5.464231107212678,0.3205659976068594
robbing,1,0,5.464231107212678,0.3205659976068594
taxes fees,1,0,5.464231107212678,0.3205659976068594
taxes file,1,0,5.464231107212678,0.3205659976068594
roads state,1,0,5.464231107212678,0.3205659976068594
tax reductions,1,0,5.464231107212678,0.3205659976068594
tax questions,1,0,5.464231107212678,0.3205659976068594
rough point,1,0,5.464231107212678,0.3205659976068594
tax projection,1,0,5.464231107212678,0.3205659976068594
rothenberg springfield,1,0,5.464231107212678,0.3205659976068594
rothenberg,1,0,5.464231107212678,0.3205659976068594
rotating testing,1,0,5.464231107212678,0.3205659976068594
rotating,1,0,5.464231107212678,0.3205659976068594
tax exemption,1,0,5.464231107212678,0.3205659976068594
tax freeze,1,0,5.464231107212678,0.3205659976068594
roots central,1,0,5.464231107212678,0.3205659976068594
roots,1,0,5.464231107212678,0.3205659976068594
rooms pre,1,0,5.464231107212678,0.3205659976068594
rooms,1,0,5.464231107212678,0.3205659976068594
tax lawyers,1,0,5.464231107212678,0.3205659976068594
room months,1,0,5.464231107212678,0.3205659976068594
room members,1,0,5.464231107212678,0.3205659976068594
room long,1,0,5.464231107212678,0.3205659976068594
tax obligations,1,0,5.464231107212678,0.3205659976068594
room going,1,0,5.464231107212678,0.3205659976068594
room community,1,0,5.464231107212678,0.3205659976068594
tax pie,1,0,5.464231107212678,0.3205659976068594
rooftop support,1,0,5.464231107212678,0.3205659976068594
rooftop,1,0,5.464231107212678,0.3205659976068594
roof warehouses,1,0,5.464231107212678,0.3205659976068594
roof park,1,0,5.464231107212678,0.3205659976068594
roof ladders,1,0,5.464231107212678,0.3205659976068594
roof generators,1,0,5.464231107212678,0.3205659976068594
roof chillers,1,0,5.464231107212678,0.3205659976068594
right castle,1,0,5.464231107212678,0.3205659976068594
right built,1,0,5.464231107212678,0.3205659976068594
terms taking,1,0,5.464231107212678,0.3205659976068594
resonance just,1,0,5.464231107212678,0.3205659976068594
resources question,1,0,5.464231107212678,0.3205659976068594
resources places,1,0,5.464231107212678,0.3205659976068594
resources northern,1,0,5.464231107212678,0.3205659976068594
resources knowing,1,0,5.464231107212678,0.3205659976068594
temporary costs,1,0,5.464231107212678,0.3205659976068594
resources ensure,1,0,5.464231107212678,0.3205659976068594
resources does,1,0,5.464231107212678,0.3205659976068594
resources capacity,1,0,5.464231107212678,0.3205659976068594
resources available,1,0,5.464231107212678,0.3205659976068594
resource illinois,1,0,5.464231107212678,0.3205659976068594
resource historically,1,0,5.464231107212678,0.3205659976068594
resource currently,1,0,5.464231107212678,0.3205659976068594
resonance,1,0,5.464231107212678,0.3205659976068594
tend low,1,0,5.464231107212678,0.3205659976068594
resolved risk,1,0,5.464231107212678,0.3205659976068594
resolved matter,1,0,5.464231107212678,0.3205659976068594
temporary know,1,0,5.464231107212678,0.3205659976068594
tenant space,1,0,5.464231107212678,0.3205659976068594
tenant takes,1,0,5.464231107212678,0.3205659976068594
tenants going,1,0,5.464231107212678,0.3205659976068594
tenants spurring,1,0,5.464231107212678,0.3205659976068594
resolution legal,1,0,5.464231107212678,0.3205659976068594
tenants tenants,1,0,5.464231107212678,0.3205659976068594
resolution distributed,1,0,5.464231107212678,0.3205659976068594
resolution called,1,0,5.464231107212678,0.3205659976068594
resolution broad,1,0,5.464231107212678,0.3205659976068594
resources serve,1,0,5.464231107212678,0.3205659976068594
temporarily halting,1,0,5.464231107212678,0.3205659976068594
temporarily,1,0,5.464231107212678,0.3205659976068594
respect bad,1,0,5.464231107212678,0.3205659976068594
response october,1,0,5.464231107212678,0.3205659976068594
response know,1,0,5.464231107212678,0.3205659976068594
response curious,1,0,5.464231107212678,0.3205659976068594
response came,1,0,5.464231107212678,0.3205659976068594
telling according,1,0,5.464231107212678,0.3205659976068594
responders county,1,0,5.464231107212678,0.3205659976068594
telling days,1,0,5.464231107212678,0.3205659976068594
telling expressed,1,0,5.464231107212678,0.3205659976068594
telling telling,1,0,5.464231107212678,0.3205659976068594
respiratory conditions,1,0,5.464231107212678,0.3205659976068594
respecting community,1,0,5.464231107212678,0.3205659976068594
respecting,1,0,5.464231107212678,0.3205659976068594
respectfully board,1,0,5.464231107212678,0.3205659976068594
telling want,1,0,5.464231107212678,0.3205659976068594
respectful questions,1,0,5.464231107212678,0.3205659976068594
respectful environment,1,0,5.464231107212678,0.3205659976068594
respect want,1,0,5.464231107212678,0.3205659976068594
temperature,1,0,5.464231107212678,0.3205659976068594
temperature times,1,0,5.464231107212678,0.3205659976068594
respect thank,1,0,5.464231107212678,0.3205659976068594
respect process,1,0,5.464231107212678,0.3205659976068594
respect members,1,0,5.464231107212678,0.3205659976068594
temperatures continue,1,0,5.464231107212678,0.3205659976068594
respect given,1,0,5.464231107212678,0.3205659976068594
respect flushing,1,0,5.464231107212678,0.3205659976068594
tend follow,1,0,5.464231107212678,0.3205659976068594
tend pretty,1,0,5.464231107212678,0.3205659976068594
tech power,1,0,5.464231107212678,0.3205659976068594
terms disaster,1,0,5.464231107212678,0.3205659976068594
resident did,1,0,5.464231107212678,0.3205659976068594
resident closest,1,0,5.464231107212678,0.3205659976068594
resident born,1,0,5.464231107212678,0.3205659976068594
term viability,1,0,5.464231107212678,0.3205659976068594
term want,1,0,5.464231107212678,0.3205659976068594
residences surrounding,1,0,5.464231107212678,0.3205659976068594
residences right,1,0,5.464231107212678,0.3205659976068594
residences really,1,0,5.464231107212678,0.3205659976068594
terms align,1,0,5.464231107212678,0.3205659976068594
terms bonus,1,0,5.464231107212678,0.3205659976068594
terms construction,1,0,5.464231107212678,0.3205659976068594
terms design,1,0,5.464231107212678,0.3205659976068594
terms don,1,0,5.464231107212678,0.3205659976068594
resist soapbox,1,0,5.464231107212678,0.3205659976068594
terms eav,1,0,5.464231107212678,0.3205659976068594
terms labor,1,0,5.464231107212678,0.3205659976068594
terms perfectly,1,0,5.464231107212678,0.3205659976068594
terms question,1,0,5.464231107212678,0.3205659976068594
research specific,1,0,5.464231107212678,0.3205659976068594
research slide,1,0,5.464231107212678,0.3205659976068594
terms questions,1,0,5.464231107212678,0.3205659976068594
terms regulatory,1,0,5.464231107212678,0.3205659976068594
terms residents,1,0,5.464231107212678,0.3205659976068594
research happy,1,0,5.464231107212678,0.3205659976068594
research facts,1,0,5.464231107212678,0.3205659976068594
terms right,1,0,5.464231107212678,0.3205659976068594
resident feet,1,0,5.464231107212678,0.3205659976068594
term harmful,1,0,5.464231107212678,0.3205659976068594
residential area,1,0,5.464231107212678,0.3205659976068594
residential common,1,0,5.464231107212678,0.3205659976068594
resist,1,0,5.464231107212678,0.3205659976068594
residents won,1,0,5.464231107212678,0.3205659976068594
residents understood,1,0,5.464231107212678,0.3205659976068594
residents systemically,1,0,5.464231107212678,0.3205659976068594
tens,1,0,5.464231107212678,0.3205659976068594
tens billions,1,0,5.464231107212678,0.3205659976068594
residents salmon,1,0,5.464231107212678,0.3205659976068594
residents residents,1,0,5.464231107212678,0.3205659976068594
residents remember,1,0,5.464231107212678,0.3205659976068594
residents people,1,0,5.464231107212678,0.3205659976068594
residents opportunity,1,0,5.464231107212678,0.3205659976068594
residents mean,1,0,5.464231107212678,0.3205659976068594
residents just,1,0,5.464231107212678,0.3205659976068594
residents information,1,0,5.464231107212678,0.3205659976068594
residents health,1,0,5.464231107212678,0.3205659976068594
residents farms,1,0,5.464231107212678,0.3205659976068594
term development,1,0,5.464231107212678,0.3205659976068594
residents dismiss,1,0,5.464231107212678,0.3205659976068594
term don,1,0,5.464231107212678,0.3205659976068594
term economic,1,0,5.464231107212678,0.3205659976068594
residents come,1,0,5.464231107212678,0.3205659976068594
residents building,1,0,5.464231107212678,0.3205659976068594
residents bring,1,0,5.464231107212678,0.3205659976068594
residential structures,1,0,5.464231107212678,0.3205659976068594
residential lot,1,0,5.464231107212678,0.3205659976068594
tell understand,1,0,5.464231107212678,0.3205659976068594
tell try,1,0,5.464231107212678,0.3205659976068594
response rural,1,0,5.464231107212678,0.3205659976068594
revenue year,1,0,5.464231107212678,0.3205659976068594
technology just,1,0,5.464231107212678,0.3205659976068594
technology running,1,0,5.464231107212678,0.3205659976068594
technology society,1,0,5.464231107212678,0.3205659976068594
reviews come,1,0,5.464231107212678,0.3205659976068594
reviews,1,0,5.464231107212678,0.3205659976068594
reviewing contracts,1,0,5.464231107212678,0.3205659976068594
reviewing,1,0,5.464231107212678,0.3205659976068594
review stated,1,0,5.464231107212678,0.3205659976068594
teeth,1,0,5.464231107212678,0.3205659976068594
revenues union,1,0,5.464231107212678,0.3205659976068594
telecom,1,0,5.464231107212678,0.3205659976068594
revenues generated,1,0,5.464231107212678,0.3205659976068594
telecom overbuilt,1,0,5.464231107212678,0.3205659976068594
response team,1,0,5.464231107212678,0.3205659976068594
tell anybody,1,0,5.464231107212678,0.3205659976068594
revenue support,1,0,5.464231107212678,0.3205659976068594
revenue stay,1,0,5.464231107212678,0.3205659976068594
tell board,1,0,5.464231107212678,0.3205659976068594
revenue schools,1,0,5.464231107212678,0.3205659976068594
revenue richard,1,0,5.464231107212678,0.3205659976068594
revenue propped,1,0,5.464231107212678,0.3205659976068594
revenue promises,1,0,5.464231107212678,0.3205659976068594
revenue payments,1,0,5.464231107212678,0.3205659976068594
revenue numbers,1,0,5.464231107212678,0.3205659976068594
tell broader,1,0,5.464231107212678,0.3205659976068594
revenue making,1,0,5.464231107212678,0.3205659976068594
technology jobs,1,0,5.464231107212678,0.3205659976068594
technology good,1,0,5.464231107212678,0.3205659976068594
revisions,1,0,5.464231107212678,0.3205659976068594
revisions ordinance,1,0,5.464231107212678,0.3205659976068594
right board,1,0,5.464231107212678,0.3205659976068594
right big,1,0,5.464231107212678,0.3205659976068594
right average,1,0,5.464231107212678,0.3205659976068594
right available,1,0,5.464231107212678,0.3205659976068594
right affected,1,0,5.464231107212678,0.3205659976068594
right additionally,1,0,5.464231107212678,0.3205659976068594
right according,1,0,5.464231107212678,0.3205659976068594
technical infrastructure,1,0,5.464231107212678,0.3205659976068594
technically number,1,0,5.464231107212678,0.3205659976068594
richer coalition,1,0,5.464231107212678,0.3205659976068594
richer,1,0,5.464231107212678,0.3205659976068594
richard ll,1,0,5.464231107212678,0.3205659976068594
richard did,1,0,5.464231107212678,0.3205659976068594
rich richer,1,0,5.464231107212678,0.3205659976068594
rich,1,0,5.464231107212678,0.3205659976068594
technician,1,0,5.464231107212678,0.3205659976068594
rhythm yes,1,0,5.464231107212678,0.3205659976068594
rhythm,1,0,5.464231107212678,0.3205659976068594
rhyme don,1,0,5.464231107212678,0.3205659976068594
rhyme,1,0,5.464231107212678,0.3205659976068594
technician level,1,0,5.464231107212678,0.3205659976068594
technological,1,0,5.464231107212678,0.3205659976068594
technological world,1,0,5.464231107212678,0.3205659976068594
technologies,1,0,5.464231107212678,0.3205659976068594
technologies time,1,0,5.464231107212678,0.3205659976068594
revenue loss,1,0,5.464231107212678,0.3205659976068594
revenue ideas,1,0,5.464231107212678,0.3205659976068594
revenue expected,1,0,5.464231107212678,0.3205659976068594
restoration,1,0,5.464231107212678,0.3205659976068594
restaurants retailers,1,0,5.464231107212678,0.3205659976068594
tell phone,1,0,5.464231107212678,0.3205659976068594
tell place,1,0,5.464231107212678,0.3205659976068594
rest recc,1,0,5.464231107212678,0.3205659976068594
rest miso,1,0,5.464231107212678,0.3205659976068594
rest grid,1,0,5.464231107212678,0.3205659976068594
rest building,1,0,5.464231107212678,0.3205659976068594
responsibly sustainably,1,0,5.464231107212678,0.3205659976068594
responsibly,1,0,5.464231107212678,0.3205659976068594
tell students,1,0,5.464231107212678,0.3205659976068594
responsible supplying,1,0,5.464231107212678,0.3205659976068594
responsible reliability,1,0,5.464231107212678,0.3205659976068594
responsible quintupling,1,0,5.464231107212678,0.3205659976068594
responsible necessary,1,0,5.464231107212678,0.3205659976068594
responsible great,1,0,5.464231107212678,0.3205659976068594
responsible going,1,0,5.464231107212678,0.3205659976068594
responsible dub,1,0,5.464231107212678,0.3205659976068594
responsible developer,1,0,5.464231107212678,0.3205659976068594
responsible contractors,1,0,5.464231107212678,0.3205659976068594
responsible air,1,0,5.464231107212678,0.3205659976068594
responsibility tell,1,0,5.464231107212678,0.3205659976068594
responsibility say,1,0,5.464231107212678,0.3205659976068594
tell tech,1,0,5.464231107212678,0.3205659976068594
responsibility good,1,0,5.464231107212678,0.3205659976068594
responsibility county,1,0,5.464231107212678,0.3205659976068594
restaurants shop,1,0,5.464231107212678,0.3205659976068594
restoration projects,1,0,5.464231107212678,0.3205659976068594
tell china,1,0,5.464231107212678,0.3205659976068594
restore service,1,0,5.464231107212678,0.3205659976068594
revenue everybody,1,0,5.464231107212678,0.3205659976068594
revenue did,1,0,5.464231107212678,0.3205659976068594
revenue bigger,1,0,5.464231107212678,0.3205659976068594
reuters outlets,1,0,5.464231107212678,0.3205659976068594
reuters,1,0,5.464231107212678,0.3205659976068594
traveling,1,0,5.464231107212678,0.3205659976068594
returning,1,0,5.464231107212678,0.3205659976068594
return taxes,1,0,5.464231107212678,0.3205659976068594
return line,1,0,5.464231107212678,0.3205659976068594
retirement scheduled,1,0,5.464231107212678,0.3205659976068594
retirement old,1,0,5.464231107212678,0.3205659976068594
retirement bid,1,0,5.464231107212678,0.3205659976068594
tell fine,1,0,5.464231107212678,0.3205659976068594
retention pond,1,0,5.464231107212678,0.3205659976068594
retained county,1,0,5.464231107212678,0.3205659976068594
retained,1,0,5.464231107212678,0.3205659976068594
retailers service,1,0,5.464231107212678,0.3205659976068594
retailers,1,0,5.464231107212678,0.3205659976068594
result multi,1,0,5.464231107212678,0.3205659976068594
result joint,1,0,5.464231107212678,0.3205659976068594
result issues,1,0,5.464231107212678,0.3205659976068594
tell gigawatts,1,0,5.464231107212678,0.3205659976068594
tell heard,1,0,5.464231107212678,0.3205659976068594
tell little,1,0,5.464231107212678,0.3205659976068594
tell making,1,0,5.464231107212678,0.3205659976068594
places unique,1,0,5.464231107212678,0.3205659976068594
step forwards,1,0,5.464231107212678,0.3205659976068594
neighbors compassion,1,0,5.464231107212678,0.3205659976068594
news driving,1,0,5.464231107212678,0.3205659976068594
nextera energy,1,0,5.464231107212678,0.3205659976068594
member illinoisian,1,0,5.464231107212678,0.3205659976068594
newspapers residents,1,0,5.464231107212678,0.3205659976068594
newspapers read,1,0,5.464231107212678,0.3205659976068594
ve investing,1,0,5.464231107212678,0.3205659976068594
news story,1,0,5.464231107212678,0.3205659976068594
news friday,1,0,5.464231107212678,0.3205659976068594
ve involved,1,0,5.464231107212678,0.3205659976068594
nextera nextera,1,0,5.464231107212678,0.3205659976068594
ve kind,1,0,5.464231107212678,0.3205659976068594
member provided,1,0,5.464231107212678,0.3205659976068594
member question,1,0,5.464231107212678,0.3205659976068594
member questions,1,0,5.464231107212678,0.3205659976068594
ve landed,1,0,5.464231107212678,0.3205659976068594
member reggie,1,0,5.464231107212678,0.3205659976068594
ve liked,1,0,5.464231107212678,0.3205659976068594
nextera load,1,0,5.464231107212678,0.3205659976068594
nextera responsible,1,0,5.464231107212678,0.3205659976068594
need revisions,1,0,5.464231107212678,0.3205659976068594
nicest,1,0,5.464231107212678,0.3205659976068594
water problem,1,0,5.464231107212678,0.3205659976068594
ve eaten,1,0,5.464231107212678,0.3205659976068594
ve established,1,0,5.464231107212678,0.3205659976068594
ve explored,1,0,5.464231107212678,0.3205659976068594
ve extremely,1,0,5.464231107212678,0.3205659976068594
ve facilities,1,0,5.464231107212678,0.3205659976068594
nicest kind,1,0,5.464231107212678,0.3205659976068594
water policy,1,0,5.464231107212678,0.3205659976068594
ve homeless,1,0,5.464231107212678,0.3205659976068594
ve given,1,0,5.464231107212678,0.3205659976068594
nice thing,1,0,5.464231107212678,0.3205659976068594
work proposal,1,0,5.464231107212678,0.3205659976068594
nice stand,1,0,5.464231107212678,0.3205659976068594
nice group,1,0,5.464231107212678,0.3205659976068594
ve gotten,1,0,5.464231107212678,0.3205659976068594
member households,1,0,5.464231107212678,0.3205659976068594
member said,1,0,5.464231107212678,0.3205659976068594
member sam,1,0,5.464231107212678,0.3205659976068594
yards mitigate,1,0,5.464231107212678,0.3205659976068594
members benefit,1,0,5.464231107212678,0.3205659976068594
members area,1,0,5.464231107212678,0.3205659976068594
new project,1,0,5.464231107212678,0.3205659976068594
ve meetings,1,0,5.464231107212678,0.3205659976068594
new power,1,0,5.464231107212678,0.3205659976068594
new popping,1,0,5.464231107212678,0.3205659976068594
members ask,1,0,5.464231107212678,0.3205659976068594
new opportunities,1,0,5.464231107212678,0.3205659976068594
new multi,1,0,5.464231107212678,0.3205659976068594
yards contain,1,0,5.464231107212678,0.3205659976068594
water law,1,0,5.464231107212678,0.3205659976068594
new load,1,0,5.464231107212678,0.3205659976068594
ve obviously,1,0,5.464231107212678,0.3205659976068594
wrong understand,1,0,5.464231107212678,0.3205659976068594
new large,1,0,5.464231107212678,0.3205659976068594
water kilowatt,1,0,5.464231107212678,0.3205659976068594
wrong sophisticated,1,0,5.464231107212678,0.3205659976068594
water little,1,0,5.464231107212678,0.3205659976068594
water losing,1,0,5.464231107212678,0.3205659976068594
members apologize,1,0,5.464231107212678,0.3205659976068594
water maybe,1,0,5.464231107212678,0.3205659976068594
ve looked,1,0,5.464231107212678,0.3205659976068594
work provide,1,0,5.464231107212678,0.3205659976068594
member time,1,0,5.464231107212678,0.3205659976068594
member times,1,0,5.464231107212678,0.3205659976068594
new sputnik,1,0,5.464231107212678,0.3205659976068594
ve lost,1,0,5.464231107212678,0.3205659976068594
new schools,1,0,5.464231107212678,0.3205659976068594
member tom,1,0,5.464231107212678,0.3205659976068594
new rules,1,0,5.464231107212678,0.3205659976068594
new roads,1,0,5.464231107212678,0.3205659976068594
new revenue,1,0,5.464231107212678,0.3205659976068594
new reliability,1,0,5.464231107212678,0.3205659976068594
new region,1,0,5.464231107212678,0.3205659976068594
member trade,1,0,5.464231107212678,0.3205659976068594
new read,1,0,5.464231107212678,0.3205659976068594
ve developed,1,0,5.464231107212678,0.3205659976068594
ve deployment,1,0,5.464231107212678,0.3205659976068594
ve cwop,1,0,5.464231107212678,0.3205659976068594
work plenty,1,0,5.464231107212678,0.3205659976068594
various financial,1,0,5.464231107212678,0.3205659976068594
noise perspective,1,0,5.464231107212678,0.3205659976068594
noise mitigation,1,0,5.464231107212678,0.3205659976068594
year development,1,0,5.464231107212678,0.3205659976068594
water robbing,1,0,5.464231107212678,0.3205659976068594
work plan,1,0,5.464231107212678,0.3205659976068594
water right,1,0,5.464231107212678,0.3205659976068594
ve able,1,0,5.464231107212678,0.3205659976068594
ve addressed,1,0,5.464231107212678,0.3205659976068594
noise issues,1,0,5.464231107212678,0.3205659976068594
water restoration,1,0,5.464231107212678,0.3205659976068594
noise impacts,1,0,5.464231107212678,0.3205659976068594
noise hum,1,0,5.464231107212678,0.3205659976068594
work point,1,0,5.464231107212678,0.3205659976068594
ve address,1,0,5.464231107212678,0.3205659976068594
water resources,1,0,5.464231107212678,0.3205659976068594
year ends,1,0,5.464231107212678,0.3205659976068594
year estimated,1,0,5.464231107212678,0.3205659976068594
water saver,1,0,5.464231107212678,0.3205659976068594
variant coalition,1,0,5.464231107212678,0.3205659976068594
value number,1,0,5.464231107212678,0.3205659976068594
non customers,1,0,5.464231107212678,0.3205659976068594
work morning,1,0,5.464231107212678,0.3205659976068594
value years,1,0,5.464231107212678,0.3205659976068594
noise vibration,1,0,5.464231107212678,0.3205659976068594
work new,1,0,5.464231107212678,0.3205659976068594
year georgia,1,0,5.464231107212678,0.3205659976068594
values people,1,0,5.464231107212678,0.3205659976068594
work ordinary,1,0,5.464231107212678,0.3205659976068594
valves cooling,1,0,5.464231107212678,0.3205659976068594
valves shut,1,0,5.464231107212678,0.3205659976068594
work organizations,1,0,5.464231107212678,0.3205659976068594
noise sound,1,0,5.464231107212678,0.3205659976068594
water scarce,1,0,5.464231107212678,0.3205659976068594
variant,1,0,5.464231107212678,0.3205659976068594
noise general,1,0,5.464231107212678,0.3205659976068594
noise finish,1,0,5.464231107212678,0.3205659976068594
ve customers,1,0,5.464231107212678,0.3205659976068594
nighttime deliveries,1,0,5.464231107212678,0.3205659976068594
work probably,1,0,5.464231107212678,0.3205659976068594
nitrogen oxides,1,0,5.464231107212678,0.3205659976068594
ve considered,1,0,5.464231107212678,0.3205659976068594
ve covered,1,0,5.464231107212678,0.3205659976068594
water proposed,1,0,5.464231107212678,0.3205659976068594
ninth days,1,0,5.464231107212678,0.3205659976068594
ninth,1,0,5.464231107212678,0.3205659976068594
nighttime,1,0,5.464231107212678,0.3205659976068594
ve allowed,1,0,5.464231107212678,0.3205659976068594
nightmare pops,1,0,5.464231107212678,0.3205659976068594
nightmare,1,0,5.464231107212678,0.3205659976068594
night wintertime,1,0,5.464231107212678,0.3205659976068594
night ve,1,0,5.464231107212678,0.3205659976068594
night tired,1,0,5.464231107212678,0.3205659976068594
night strong,1,0,5.464231107212678,0.3205659976068594
night respectful,1,0,5.464231107212678,0.3205659976068594
noble,1,0,5.464231107212678,0.3205659976068594
noble sure,1,0,5.464231107212678,0.3205659976068594
node,1,0,5.464231107212678,0.3205659976068594
node level,1,0,5.464231107212678,0.3205659976068594
ve amendments,1,0,5.464231107212678,0.3205659976068594
noise emanating,1,0,5.464231107212678,0.3205659976068594
noise drainage,1,0,5.464231107212678,0.3205659976068594
ve answered,1,0,5.464231107212678,0.3205659976068594
noise dissipated,1,0,5.464231107212678,0.3205659976068594
noise disrupt,1,0,5.464231107212678,0.3205659976068594
ve asked,1,0,5.464231107212678,0.3205659976068594
year depreciation,1,0,5.464231107212678,0.3205659976068594
year days,1,0,5.464231107212678,0.3205659976068594
ve broken,1,0,5.464231107212678,0.3205659976068594
water regulations,1,0,5.464231107212678,0.3205659976068594
ve built,1,0,5.464231107212678,0.3205659976068594
noise assessments,1,0,5.464231107212678,0.3205659976068594
nodes indicated,1,0,5.464231107212678,0.3205659976068594
nodes,1,0,5.464231107212678,0.3205659976068594
members colleagues,1,0,5.464231107212678,0.3205659976068594
new infrastructure,1,0,5.464231107212678,0.3205659976068594
members community,1,0,5.464231107212678,0.3205659976068594
vendor sooner,1,0,5.464231107212678,0.3205659976068594
needs statistics,1,0,5.464231107212678,0.3205659976068594
water domestic,1,0,5.464231107212678,0.3205659976068594
members recognized,1,0,5.464231107212678,0.3205659976068594
needs space,1,0,5.464231107212678,0.3205659976068594
writing sterling,1,0,5.464231107212678,0.3205659976068594
needs slow,1,0,5.464231107212678,0.3205659976068594
needs really,1,0,5.464231107212678,0.3205659976068594
ventinova,1,0,5.464231107212678,0.3205659976068594
venture power,1,0,5.464231107212678,0.3205659976068594
needs monitored,1,0,5.464231107212678,0.3205659976068594
needs looked,1,0,5.464231107212678,0.3205659976068594
ventinova consulting,1,0,5.464231107212678,0.3205659976068594
vents,1,0,5.464231107212678,0.3205659976068594
vents higher,1,0,5.464231107212678,0.3205659976068594
needs going,1,0,5.464231107212678,0.3205659976068594
needs central,1,0,5.464231107212678,0.3205659976068594
needs tore,1,0,5.464231107212678,0.3205659976068594
vendor,1,0,5.464231107212678,0.3205659976068594
members proceed,1,0,5.464231107212678,0.3205659976068594
negative impacts,1,0,5.464231107212678,0.3205659976068594
negotiated munis,1,0,5.464231107212678,0.3205659976068594
members past,1,0,5.464231107212678,0.3205659976068594
written information,1,0,5.464231107212678,0.3205659976068594
negotiate deals,1,0,5.464231107212678,0.3205659976068594
negotiate,1,0,5.464231107212678,0.3205659976068594
negligible relative,1,0,5.464231107212678,0.3205659976068594
negligible,1,0,5.464231107212678,0.3205659976068594
negatives risks,1,0,5.464231107212678,0.3205659976068594
negatives,1,0,5.464231107212678,0.3205659976068594
vegetation,1,0,5.464231107212678,0.3205659976068594
water expert,1,0,5.464231107212678,0.3205659976068594
vegetation things,1,0,5.464231107212678,0.3205659976068594
members pick,1,0,5.464231107212678,0.3205659976068594
members presentation,1,0,5.464231107212678,0.3205659976068594
negative information,1,0,5.464231107212678,0.3205659976068594
venture,1,0,5.464231107212678,0.3205659976068594
water directly,1,0,5.464231107212678,0.3205659976068594
negotiates,1,0,5.464231107212678,0.3205659976068594
verify projections,1,0,5.464231107212678,0.3205659976068594
need transmission,1,0,5.464231107212678,0.3205659976068594
need things,1,0,5.464231107212678,0.3205659976068594
need thing,1,0,5.464231107212678,0.3205659976068594
verifiable,1,0,5.464231107212678,0.3205659976068594
verifiable guess,1,0,5.464231107212678,0.3205659976068594
verify communities,1,0,5.464231107212678,0.3205659976068594
need specific,1,0,5.464231107212678,0.3205659976068594
need solid,1,0,5.464231107212678,0.3205659976068594
needing time,1,0,5.464231107212678,0.3205659976068594
members started,1,0,5.464231107212678,0.3205659976068594
members statement,1,0,5.464231107212678,0.3205659976068594
need seriously,1,0,5.464231107212678,0.3205659976068594
need seconds,1,0,5.464231107212678,0.3205659976068594
members straight,1,0,5.464231107212678,0.3205659976068594
need run,1,0,5.464231107212678,0.3205659976068594
need roof,1,0,5.464231107212678,0.3205659976068594
need union,1,0,5.464231107212678,0.3205659976068594
water daily,1,0,5.464231107212678,0.3205659976068594
need using,1,0,5.464231107212678,0.3205659976068594
writing ameren,1,0,5.464231107212678,0.3205659976068594
needing,1,0,5.464231107212678,0.3205659976068594
needed time,1,0,5.464231107212678,0.3205659976068594
needed regular,1,0,5.464231107212678,0.3205659976068594
vera,1,0,5.464231107212678,0.3205659976068594
vera coalition,1,0,5.464231107212678,0.3205659976068594
water different,1,0,5.464231107212678,0.3205659976068594
needed humidification,1,0,5.464231107212678,0.3205659976068594
needed expressing,1,0,5.464231107212678,0.3205659976068594
members run,1,0,5.464231107212678,0.3205659976068594
members sam,1,0,5.464231107212678,0.3205659976068594
members sign,1,0,5.464231107212678,0.3205659976068594
needed capacity,1,0,5.464231107212678,0.3205659976068594
needed build,1,0,5.464231107212678,0.3205659976068594
needed asking,1,0,5.464231107212678,0.3205659976068594
water detention,1,0,5.464231107212678,0.3205659976068594
negotiated renewable,1,0,5.464231107212678,0.3205659976068594
negotiates wholesale,1,0,5.464231107212678,0.3205659976068594
members confidence,1,0,5.464231107212678,0.3205659976068594
network goes,1,0,5.464231107212678,0.3205659976068594
water hydrant,1,0,5.464231107212678,0.3205659976068594
neutral plans,1,0,5.464231107212678,0.3205659976068594
network saying,1,0,5.464231107212678,0.3205659976068594
water hour,1,0,5.464231107212678,0.3205659976068594
network megawatts,1,0,5.464231107212678,0.3205659976068594
network isn,1,0,5.464231107212678,0.3205659976068594
network illinois,1,0,5.464231107212678,0.3205659976068594
network does,1,0,5.464231107212678,0.3205659976068594
ve scheduled,1,0,5.464231107212678,0.3205659976068594
net positive,1,0,5.464231107212678,0.3205659976068594
net plus,1,0,5.464231107212678,0.3205659976068594
net neutral,1,0,5.464231107212678,0.3205659976068594
net era,1,0,5.464231107212678,0.3205659976068594
members hope,1,0,5.464231107212678,0.3205659976068594
members impact,1,0,5.464231107212678,0.3205659976068594
water going,1,0,5.464231107212678,0.3205659976068594
neutral rest,1,0,5.464231107212678,0.3205659976068594
neutral tenants,1,0,5.464231107212678,0.3205659976068594
neutrality,1,0,5.464231107212678,0.3205659976068594
neutrality company,1,0,5.464231107212678,0.3205659976068594
water issue,1,0,5.464231107212678,0.3205659976068594
new industry,1,0,5.464231107212678,0.3205659976068594
wrong people,1,0,5.464231107212678,0.3205659976068594
new generating,1,0,5.464231107212678,0.3205659976068594
new facility,1,0,5.464231107212678,0.3205659976068594
ve project,1,0,5.464231107212678,0.3205659976068594
new energy,1,0,5.464231107212678,0.3205659976068594
ve provider,1,0,5.464231107212678,0.3205659976068594
new demand,1,0,5.464231107212678,0.3205659976068594
new debt,1,0,5.464231107212678,0.3205659976068594
new clean,1,0,5.464231107212678,0.3205659976068594
new capacity,1,0,5.464231107212678,0.3205659976068594
members ethan,1,0,5.464231107212678,0.3205659976068594
water impacting,1,0,5.464231107212678,0.3205659976068594
ve receiving,1,0,5.464231107212678,0.3205659976068594
wrong green,1,0,5.464231107212678,0.3205659976068594
water gallons,1,0,5.464231107212678,0.3205659976068594
negotiations,1,0,5.464231107212678,0.3205659976068594
members matter,1,0,5.464231107212678,0.3205659976068594
neighbors buy,1,0,5.464231107212678,0.3205659976068594
members ll,1,0,5.464231107212678,0.3205659976068594
neighboring wholesale,1,0,5.464231107212678,0.3205659976068594
neighboring regions,1,0,5.464231107212678,0.3205659976068594
water falls,1,0,5.464231107212678,0.3205659976068594
members mark,1,0,5.464231107212678,0.3205659976068594
neighboring farms,1,0,5.464231107212678,0.3205659976068594
neighborhood project,1,0,5.464231107212678,0.3205659976068594
ve segregated,1,0,5.464231107212678,0.3205659976068594
neighborhood march,1,0,5.464231107212678,0.3205659976068594
neighbor township,1,0,5.464231107212678,0.3205659976068594
ve water,1,0,5.464231107212678,0.3205659976068594
neighbor property,1,0,5.464231107212678,0.3205659976068594
members money,1,0,5.464231107212678,0.3205659976068594
members needed,1,0,5.464231107212678,0.3205659976068594
negotiations specifics,1,0,5.464231107212678,0.3205659976068594
neighbors close,1,0,5.464231107212678,0.3205659976068594
water field,1,0,5.464231107212678,0.3205659976068594
ve utility,1,0,5.464231107212678,0.3205659976068594
ve using,1,0,5.464231107212678,0.3205659976068594
ve shared,1,0,5.464231107212678,0.3205659976068594
wrong estimated,1,0,5.464231107212678,0.3205659976068594
ve signed,1,0,5.464231107212678,0.3205659976068594
members irs,1,0,5.464231107212678,0.3205659976068594
members jeff,1,0,5.464231107212678,0.3205659976068594
ve spent,1,0,5.464231107212678,0.3205659976068594
neoga illinois,1,0,5.464231107212678,0.3205659976068594
neoga,1,0,5.464231107212678,0.3205659976068594
wrong don,1,0,5.464231107212678,0.3205659976068594
members knew,1,0,5.464231107212678,0.3205659976068594
wrong business,1,0,5.464231107212678,0.3205659976068594
ve township,1,0,5.464231107212678,0.3205659976068594
ve union,1,0,5.464231107212678,0.3205659976068594
water fine,1,0,5.464231107212678,0.3205659976068594
neighbors farmers,1,0,5.464231107212678,0.3205659976068594
value mean,1,0,5.464231107212678,0.3205659976068594
nonetheless,1,0,5.464231107212678,0.3205659976068594
nonetheless bacteria,1,0,5.464231107212678,0.3205659976068594
office likely,1,0,5.464231107212678,0.3205659976068594
using infrastructure,1,0,5.464231107212678,0.3205659976068594
office years,1,0,5.464231107212678,0.3205659976068594
years actually,1,0,5.464231107212678,0.3205659976068594
office sent,1,0,5.464231107212678,0.3205659976068594
year years,1,0,5.464231107212678,0.3205659976068594
year ve,1,0,5.464231107212678,0.3205659976068594
using local,1,0,5.464231107212678,0.3205659976068594
using megawatts,1,0,5.464231107212678,0.3205659976068594
offers,1,0,5.464231107212678,0.3205659976068594
office issues,1,0,5.464231107212678,0.3205659976068594
year using,1,0,5.464231107212678,0.3205659976068594
year used,1,0,5.464231107212678,0.3205659976068594
using natural,1,0,5.464231107212678,0.3205659976068594
office asked,1,0,5.464231107212678,0.3205659976068594
year time,1,0,5.464231107212678,0.3205659976068594
using need,1,0,5.464231107212678,0.3205659976068594
work colleagues,1,0,5.464231107212678,0.3205659976068594
work better,1,0,5.464231107212678,0.3205659976068594
official action,1,0,5.464231107212678,0.3205659976068594
officially,1,0,5.464231107212678,0.3205659976068594
years ahead,1,0,5.464231107212678,0.3205659976068594
using existing,1,0,5.464231107212678,0.3205659976068594
way acres,1,0,5.464231107212678,0.3205659976068594
offset usage,1,0,5.464231107212678,0.3205659976068594
offset decreases,1,0,5.464231107212678,0.3205659976068594
offline does,1,0,5.464231107212678,0.3205659976068594
waving things,1,0,5.464231107212678,0.3205659976068594
offline,1,0,5.464231107212678,0.3205659976068594
using fair,1,0,5.464231107212678,0.3205659976068594
officials stood,1,0,5.464231107212678,0.3205659976068594
using gallons,1,0,5.464231107212678,0.3205659976068594
waving,1,0,5.464231107212678,0.3205659976068594
officials constituents,1,0,5.464231107212678,0.3205659976068594
workers eat,1,0,5.464231107212678,0.3205659976068594
officially approved,1,0,5.464231107212678,0.3205659976068594
offers wide,1,0,5.464231107212678,0.3205659976068594
work elite,1,0,5.464231107212678,0.3205659976068594
using downlit,1,0,5.464231107212678,0.3205659976068594
obviously far,1,0,5.464231107212678,0.3205659976068594
occupation implemented,1,0,5.464231107212678,0.3205659976068594
occupation,1,0,5.464231107212678,0.3205659976068594
year renewables,1,0,5.464231107212678,0.3205659976068594
work important,1,0,5.464231107212678,0.3205659976068594
obviously just,1,0,5.464231107212678,0.3205659976068594
usually trade,1,0,5.464231107212678,0.3205659976068594
obviously got,1,0,5.464231107212678,0.3205659976068594
obviously electric,1,0,5.464231107212678,0.3205659976068594
year terms,1,0,5.464231107212678,0.3205659976068594
year reinstate,1,0,5.464231107212678,0.3205659976068594
obviously didn,1,0,5.464231107212678,0.3205659976068594
obvious tech,1,0,5.464231107212678,0.3205659976068594
obvious,1,0,5.464231107212678,0.3205659976068594
obstructionists want,1,0,5.464231107212678,0.3205659976068594
obstructionists,1,0,5.464231107212678,0.3205659976068594
obsolete years,1,0,5.464231107212678,0.3205659976068594
usually deal,1,0,5.464231107212678,0.3205659976068594
work hard,1,0,5.464231107212678,0.3205659976068594
waterways sure,1,0,5.464231107212678,0.3205659976068594
occur time,1,0,5.464231107212678,0.3205659976068594
using said,1,0,5.464231107212678,0.3205659976068594
offer questions,1,0,5.464231107212678,0.3205659976068594
work facilities,1,0,5.464231107212678,0.3205659976068594
offended mr,1,0,5.464231107212678,0.3205659976068594
offended,1,0,5.464231107212678,0.3205659976068594
waverly double,1,0,5.464231107212678,0.3205659976068594
october th,1,0,5.464231107212678,0.3205659976068594
october right,1,0,5.464231107212678,0.3205659976068594
october ninth,1,0,5.464231107212678,0.3205659976068594
occurs flooding,1,0,5.464231107212678,0.3205659976068594
occurs,1,0,5.464231107212678,0.3205659976068594
year taking,1,0,5.464231107212678,0.3205659976068594
occurring really,1,0,5.464231107212678,0.3205659976068594
occurring,1,0,5.464231107212678,0.3205659976068594
year sudden,1,0,5.464231107212678,0.3205659976068594
using emron,1,0,5.464231107212678,0.3205659976068594
using cyrus,1,0,5.464231107212678,0.3205659976068594
observed project,1,0,5.464231107212678,0.3205659976068594
ones problem,1,0,5.464231107212678,0.3205659976068594
used swimming,1,0,5.464231107212678,0.3205659976068594
way just,1,0,5.464231107212678,0.3205659976068594
way indiana,1,0,5.464231107212678,0.3205659976068594
years don,1,0,5.464231107212678,0.3205659976068594
years deduct,1,0,5.464231107212678,0.3205659976068594
ones talking,1,0,5.464231107212678,0.3205659976068594
used valuation,1,0,5.464231107212678,0.3205659976068594
way idea,1,0,5.464231107212678,0.3205659976068594
old thing,1,0,5.464231107212678,0.3205659976068594
ones make,1,0,5.464231107212678,0.3205659976068594
useless new,1,0,5.464231107212678,0.3205659976068594
ones earning,1,0,5.464231107212678,0.3205659976068594
ones constantly,1,0,5.464231107212678,0.3205659976068594
useless toxic,1,0,5.464231107212678,0.3205659976068594
user,1,0,5.464231107212678,0.3205659976068594
user actually,1,0,5.464231107212678,0.3205659976068594
used somebody,1,0,5.464231107212678,0.3205659976068594
ongoing cost,1,0,5.464231107212678,0.3205659976068594
used service,1,0,5.464231107212678,0.3205659976068594
used seconds,1,0,5.464231107212678,0.3205659976068594
online year,1,0,5.464231107212678,0.3205659976068594
online ve,1,0,5.464231107212678,0.3205659976068594
online soon,1,0,5.464231107212678,0.3205659976068594
online new,1,0,5.464231107212678,0.3205659976068594
online megawatts,1,0,5.464231107212678,0.3205659976068594
used regularly,1,0,5.464231107212678,0.3205659976068594
online largely,1,0,5.464231107212678,0.3205659976068594
online isn,1,0,5.464231107212678,0.3205659976068594
online energy,1,0,5.464231107212678,0.3205659976068594
word word,1,0,5.464231107212678,0.3205659976068594
online demand,1,0,5.464231107212678,0.3205659976068594
online crucial,1,0,5.464231107212678,0.3205659976068594
online come,1,0,5.464231107212678,0.3205659976068594
online close,1,0,5.464231107212678,0.3205659976068594
online ameren,1,0,5.464231107212678,0.3205659976068594
users proposed,1,0,5.464231107212678,0.3205659976068594
users thinking,1,0,5.464231107212678,0.3205659976068594
using corrosion,1,0,5.464231107212678,0.3205659976068594
way county,1,0,5.464231107212678,0.3205659976068594
oh say,1,0,5.464231107212678,0.3205659976068594
way depend,1,0,5.464231107212678,0.3205659976068594
words electric,1,0,5.464231107212678,0.3205659976068594
oh renewable,1,0,5.464231107212678,0.3205659976068594
years built,1,0,5.464231107212678,0.3205659976068594
oh like,1,0,5.464231107212678,0.3205659976068594
oh lab,1,0,5.464231107212678,0.3205659976068594
years associated,1,0,5.464231107212678,0.3205659976068594
uses connecting,1,0,5.464231107212678,0.3205659976068594
words recc,1,0,5.464231107212678,0.3205659976068594
oh identify,1,0,5.464231107212678,0.3205659976068594
using clean,1,0,5.464231107212678,0.3205659976068594
oh farmer,1,0,5.464231107212678,0.3205659976068594
oh doomed,1,0,5.464231107212678,0.3205659976068594
way anywho,1,0,5.464231107212678,0.3205659976068594
oh dealt,1,0,5.464231107212678,0.3205659976068594
way different,1,0,5.464231107212678,0.3205659976068594
oh supposed,1,0,5.464231107212678,0.3205659976068594
oh yes,1,0,5.464231107212678,0.3205659976068594
ohio,1,0,5.464231107212678,0.3205659976068594
old rule,1,0,5.464231107212678,0.3205659976068594
way gulf,1,0,5.464231107212678,0.3205659976068594
way going,1,0,5.464231107212678,0.3205659976068594
way getting,1,0,5.464231107212678,0.3205659976068594
way final,1,0,5.464231107212678,0.3205659976068594
years closer,1,0,5.464231107212678,0.3205659976068594
uses pre,1,0,5.464231107212678,0.3205659976068594
years carbondale,1,0,5.464231107212678,0.3205659976068594
old days,1,0,5.464231107212678,0.3205659976068594
old baseload,1,0,5.464231107212678,0.3205659976068594
uses site,1,0,5.464231107212678,0.3205659976068594
uses supporting,1,0,5.464231107212678,0.3205659976068594
ohio told,1,0,5.464231107212678,0.3205659976068594
way file,1,0,5.464231107212678,0.3205659976068594
way driving,1,0,5.464231107212678,0.3205659976068594
obsolete,1,0,5.464231107212678,0.3205659976068594
observed,1,0,5.464231107212678,0.3205659976068594
value market,1,0,5.464231107212678,0.3205659976068594
notes write,1,0,5.464231107212678,0.3205659976068594
vain minute,1,0,5.464231107212678,0.3205659976068594
noticed phone,1,0,5.464231107212678,0.3205659976068594
noticed organizations,1,0,5.464231107212678,0.3205659976068594
water stressed,1,0,5.464231107212678,0.3205659976068594
notice public,1,0,5.464231107212678,0.3205659976068594
notice proposed,1,0,5.464231107212678,0.3205659976068594
notice don,1,0,5.464231107212678,0.3205659976068594
notes ve,1,0,5.464231107212678,0.3205659976068594
note infrastructure,1,0,5.464231107212678,0.3205659976068594
note tonight,1,0,5.464231107212678,0.3205659976068594
year maybe,1,0,5.464231107212678,0.3205659976068594
year march,1,0,5.464231107212678,0.3205659976068594
note summer,1,0,5.464231107212678,0.3205659976068594
water streams,1,0,5.464231107212678,0.3205659976068594
valid talking,1,0,5.464231107212678,0.3205659976068594
note local,1,0,5.464231107212678,0.3205659976068594
work lin,1,0,5.464231107212678,0.3205659976068594
vain,1,0,5.464231107212678,0.3205659976068594
water taken,1,0,5.464231107212678,0.3205659976068594
notified immediately,1,0,5.464231107212678,0.3205659976068594
utilizing,1,0,5.464231107212678,0.3205659976068594
utilizing valuation,1,0,5.464231107212678,0.3205659976068594
utmost,1,0,5.464231107212678,0.3205659976068594
utmost respect,1,0,5.464231107212678,0.3205659976068594
year period,1,0,5.464231107212678,0.3205659976068594
year ops,1,0,5.464231107212678,0.3205659976068594
november water,1,0,5.464231107212678,0.3205659976068594
year operation,1,0,5.464231107212678,0.3205659976068594
water toilets,1,0,5.464231107212678,0.3205659976068594
november th,1,0,5.464231107212678,0.3205659976068594
water time,1,0,5.464231107212678,0.3205659976068594
november long,1,0,5.464231107212678,0.3205659976068594
november largest,1,0,5.464231107212678,0.3205659976068594
year new,1,0,5.464231107212678,0.3205659976068594
year million,1,0,5.464231107212678,0.3205659976068594
water status,1,0,5.464231107212678,0.3205659976068594
note great,1,0,5.464231107212678,0.3205659976068594
nuclear plants,1,0,5.464231107212678,0.3205659976068594
normal industry,1,0,5.464231107212678,0.3205659976068594
value argument,1,0,5.464231107212678,0.3205659976068594
normally zoning,1,0,5.464231107212678,0.3205659976068594
normally,1,0,5.464231107212678,0.3205659976068594
normal state,1,0,5.464231107212678,0.3205659976068594
normal operation,1,0,5.464231107212678,0.3205659976068594
normal multiple,1,0,5.464231107212678,0.3205659976068594
value assessment,1,0,5.464231107212678,0.3205659976068594
normal day,1,0,5.464231107212678,0.3205659976068594
validating,1,0,5.464231107212678,0.3205659976068594
value complex,1,0,5.464231107212678,0.3205659976068594
value concerned,1,0,5.464231107212678,0.3205659976068594
value depend,1,0,5.464231107212678,0.3205659976068594
year life,1,0,5.464231107212678,0.3205659976068594
year internal,1,0,5.464231107212678,0.3205659976068594
value feel,1,0,5.464231107212678,0.3205659976068594
value just,1,0,5.464231107212678,0.3205659976068594
valuations slashing,1,0,5.464231107212678,0.3205659976068594
north america,1,0,5.464231107212678,0.3205659976068594
valuations,1,0,5.464231107212678,0.3205659976068594
valuation project,1,0,5.464231107212678,0.3205659976068594
note cooperatives,1,0,5.464231107212678,0.3205659976068594
northwestern flag,1,0,5.464231107212678,0.3205659976068594
northwestern,1,0,5.464231107212678,0.3205659976068594
northern virginia,1,0,5.464231107212678,0.3205659976068594
validating argument,1,0,5.464231107212678,0.3205659976068594
valuable decommissioned,1,0,5.464231107212678,0.3205659976068594
north west,1,0,5.464231107212678,0.3205659976068594
water standard,1,0,5.464231107212678,0.3205659976068594
work local,1,0,5.464231107212678,0.3205659976068594
year maintenance,1,0,5.464231107212678,0.3205659976068594
valuable production,1,0,5.464231107212678,0.3205659976068594
valuable resources,1,0,5.464231107212678,0.3205659976068594
valuation appeals,1,0,5.464231107212678,0.3205659976068594
valuation issues,1,0,5.464231107212678,0.3205659976068594
north black,1,0,5.464231107212678,0.3205659976068594
nuclear energy,1,0,5.464231107212678,0.3205659976068594
utilized projects,1,0,5.464231107212678,0.3205659976068594
year quickly,1,0,5.464231107212678,0.3205659976068594
utility generation,1,0,5.464231107212678,0.3205659976068594
nvidia,1,0,5.464231107212678,0.3205659976068594
utility costs,1,0,5.464231107212678,0.3205659976068594
utility delivery,1,0,5.464231107212678,0.3205659976068594
numerous zoom,1,0,5.464231107212678,0.3205659976068594
numerous risks,1,0,5.464231107212678,0.3205659976068594
numerous places,1,0,5.464231107212678,0.3205659976068594
numerous just,1,0,5.464231107212678,0.3205659976068594
numbers weeks,1,0,5.464231107212678,0.3205659976068594
utility interconnection,1,0,5.464231107212678,0.3205659976068594
numbers received,1,0,5.464231107212678,0.3205659976068594
numbers numbers,1,0,5.464231107212678,0.3205659976068594
numbers megawatts,1,0,5.464231107212678,0.3205659976068594
year projection,1,0,5.464231107212678,0.3205659976068594
numbers impacts,1,0,5.464231107212678,0.3205659976068594
numbers illinois,1,0,5.464231107212678,0.3205659976068594
numbers guy,1,0,5.464231107212678,0.3205659976068594
nvidia know,1,0,5.464231107212678,0.3205659976068594
year property,1,0,5.464231107212678,0.3205659976068594
utilities taxes,1,0,5.464231107212678,0.3205659976068594
utilities right,1,0,5.464231107212678,0.3205659976068594
utah,1,0,5.464231107212678,0.3205659976068594
utah said,1,0,5.464231107212678,0.3205659976068594
obligations operational,1,0,5.464231107212678,0.3205659976068594
obligations list,1,0,5.464231107212678,0.3205659976068594
obligations cook,1,0,5.464231107212678,0.3205659976068594
obligation serve,1,0,5.464231107212678,0.3205659976068594
obligation learned,1,0,5.464231107212678,0.3205659976068594
utilities bills,1,0,5.464231107212678,0.3205659976068594
obligation ensure,1,0,5.464231107212678,0.3205659976068594
obligation customer,1,0,5.464231107212678,0.3205659976068594
utilities charge,1,0,5.464231107212678,0.3205659976068594
work information,1,0,5.464231107212678,0.3205659976068594
utilities energy,1,0,5.464231107212678,0.3205659976068594
utilities illinois,1,0,5.464231107212678,0.3205659976068594
utilities natural,1,0,5.464231107212678,0.3205659976068594
utility industry,1,0,5.464231107212678,0.3205659976068594
numbers confuse,1,0,5.464231107212678,0.3205659976068594
utilized,1,0,5.464231107212678,0.3205659976068594
number compute,1,0,5.464231107212678,0.3205659976068594
utility utilities,1,0,5.464231107212678,0.3205659976068594
number need,1,0,5.464231107212678,0.3205659976068594
number industries,1,0,5.464231107212678,0.3205659976068594
number important,1,0,5.464231107212678,0.3205659976068594
number households,1,0,5.464231107212678,0.3205659976068594
utilize additional,1,0,5.464231107212678,0.3205659976068594
number did,1,0,5.464231107212678,0.3205659976068594
number cleanup,1,0,5.464231107212678,0.3205659976068594
numbers completely,1,0,5.464231107212678,0.3205659976068594
number capacity,1,0,5.464231107212678,0.3205659976068594
water user,1,0,5.464231107212678,0.3205659976068594
number acres,1,0,5.464231107212678,0.3205659976068594
year placed,1,0,5.464231107212678,0.3205659976068594
utilize tax,1,0,5.464231107212678,0.3205659976068594
nullifies double,1,0,5.464231107212678,0.3205659976068594
nullifies,1,0,5.464231107212678,0.3205659976068594
number paths,1,0,5.464231107212678,0.3205659976068594
number prioritize,1,0,5.464231107212678,0.3205659976068594
utility use,1,0,5.464231107212678,0.3205659976068594
utility say,1,0,5.464231107212678,0.3205659976068594
number yes,1,0,5.464231107212678,0.3205659976068594
number wouldn,1,0,5.464231107212678,0.3205659976068594
water year,1,0,5.464231107212678,0.3205659976068594
utility issues,1,0,5.464231107212678,0.3205659976068594
number ve,1,0,5.464231107212678,0.3205659976068594
number twice,1,0,5.464231107212678,0.3205659976068594
number think,1,0,5.464231107212678,0.3205659976068594
utility municipal,1,0,5.464231107212678,0.3205659976068594
water wildlife,1,0,5.464231107212678,0.3205659976068594
utility prices,1,0,5.464231107212678,0.3205659976068594
number studies,1,0,5.464231107212678,0.3205659976068594
utility regional,1,0,5.464231107212678,0.3205659976068594
number second,1,0,5.464231107212678,0.3205659976068594
utility regular,1,0,5.464231107212678,0.3205659976068594
year point,1,0,5.464231107212678,0.3205659976068594
members subject,1,0,5.464231107212678,0.3205659976068594
need revenue,1,0,5.464231107212678,0.3205659976068594
onsite recycling,1,0,5.464231107212678,0.3205659976068594
wanted provide,1,0,5.464231107212678,0.3205659976068594
workforce local,1,0,5.464231107212678,0.3205659976068594
workforce hall,1,0,5.464231107212678,0.3205659976068594
military remember,1,0,5.464231107212678,0.3205659976068594
military time,1,0,5.464231107212678,0.3205659976068594
workforce correct,1,0,5.464231107212678,0.3205659976068594
money time,1,0,5.464231107212678,0.3205659976068594
military work,1,0,5.464231107212678,0.3205659976068594
want achieve,1,0,5.464231107212678,0.3205659976068594
wanted sure,1,0,5.464231107212678,0.3205659976068594
workforce best,1,0,5.464231107212678,0.3205659976068594
wanted plate,1,0,5.464231107212678,0.3205659976068594
money supposed,1,0,5.464231107212678,0.3205659976068594
money spread,1,0,5.464231107212678,0.3205659976068594
want acknowledge,1,0,5.464231107212678,0.3205659976068594
miller,1,0,5.464231107212678,0.3205659976068594
money saying,1,0,5.464231107212678,0.3205659976068594
walls going,1,0,5.464231107212678,0.3205659976068594
monitored,1,0,5.464231107212678,0.3205659976068594
versa,1,0,5.464231107212678,0.3205659976068594
month cases,1,0,5.464231107212678,0.3205659976068594
month light,1,0,5.464231107212678,0.3205659976068594
workforce serve,1,0,5.464231107212678,0.3205659976068594
walking,1,0,5.464231107212678,0.3205659976068594
miles reported,1,0,5.464231107212678,0.3205659976068594
walking room,1,0,5.464231107212678,0.3205659976068594
workforce positioning,1,0,5.464231107212678,0.3205659976068594
month day,1,0,5.464231107212678,0.3205659976068594
wall generator,1,0,5.464231107212678,0.3205659976068594
monitored real,1,0,5.464231107212678,0.3205659976068594
miles rooftop,1,0,5.464231107212678,0.3205659976068594
month ago,1,0,5.464231107212678,0.3205659976068594
wall protection,1,0,5.464231107212678,0.3205659976068594
wall street,1,0,5.464231107212678,0.3205659976068594
wall surrounding,1,0,5.464231107212678,0.3205659976068594
monitoring protocols,1,0,5.464231107212678,0.3205659976068594
monitoring,1,0,5.464231107212678,0.3205659976068594
money saw,1,0,5.464231107212678,0.3205659976068594
want adapt,1,0,5.464231107212678,0.3205659976068594
money provided,1,0,5.464231107212678,0.3205659976068594
worked moved,1,0,5.464231107212678,0.3205659976068594
money came,1,0,5.464231107212678,0.3205659976068594
want build,1,0,5.464231107212678,0.3205659976068594
money ag,1,0,5.464231107212678,0.3205659976068594
million anticipated,1,0,5.464231107212678,0.3205659976068594
want clarify,1,0,5.464231107212678,0.3205659976068594
million billion,1,0,5.464231107212678,0.3205659976068594
moment touch,1,0,5.464231107212678,0.3205659976068594
moment stand,1,0,5.464231107212678,0.3205659976068594
money power,1,0,5.464231107212678,0.3205659976068594
want cleanup,1,0,5.464231107212678,0.3205659976068594
million building,1,0,5.464231107212678,0.3205659976068594
want coming,1,0,5.464231107212678,0.3205659976068594
want community,1,0,5.464231107212678,0.3205659976068594
wanted just,1,0,5.464231107212678,0.3205659976068594
modular design,1,0,5.464231107212678,0.3205659976068594
wanted highlight,1,0,5.464231107212678,0.3205659976068594
money collection,1,0,5.464231107212678,0.3205659976068594
money communities,1,0,5.464231107212678,0.3205659976068594
want board,1,0,5.464231107212678,0.3205659976068594
want bad,1,0,5.464231107212678,0.3205659976068594
worked jobs,1,0,5.464231107212678,0.3205659976068594
money money,1,0,5.464231107212678,0.3205659976068594
want ahead,1,0,5.464231107212678,0.3205659976068594
miller ll,1,0,5.464231107212678,0.3205659976068594
money making,1,0,5.464231107212678,0.3205659976068594
money leave,1,0,5.464231107212678,0.3205659976068594
money know,1,0,5.464231107212678,0.3205659976068594
want ai,1,0,5.464231107212678,0.3205659976068594
want answered,1,0,5.464231107212678,0.3205659976068594
workers workers,1,0,5.464231107212678,0.3205659976068594
money far,1,0,5.464231107212678,0.3205659976068594
money economic,1,0,5.464231107212678,0.3205659976068594
money don,1,0,5.464231107212678,0.3205659976068594
wanted moratorium,1,0,5.464231107212678,0.3205659976068594
money different,1,0,5.464231107212678,0.3205659976068594
wanted teach,1,0,5.464231107212678,0.3205659976068594
wanted thank,1,0,5.464231107212678,0.3205659976068594
month trading,1,0,5.464231107212678,0.3205659976068594
mile going,1,0,5.464231107212678,0.3205659976068594
moratoriums useless,1,0,5.464231107212678,0.3205659976068594
moratoriums temporarily,1,0,5.464231107212678,0.3205659976068594
moratorium thought,1,0,5.464231107212678,0.3205659976068594
moratorium storage,1,0,5.464231107212678,0.3205659976068594
moratorium sponsor,1,0,5.464231107212678,0.3205659976068594
moratorium september,1,0,5.464231107212678,0.3205659976068594
moratorium send,1,0,5.464231107212678,0.3205659976068594
moratorium providing,1,0,5.464231107212678,0.3205659976068594
working crunching,1,0,5.464231107212678,0.3205659976068594
mile homes,1,0,5.464231107212678,0.3205659976068594
worked ameren,1,0,5.464231107212678,0.3205659976068594
moratorium let,1,0,5.464231107212678,0.3205659976068594
moratorium lengthy,1,0,5.464231107212678,0.3205659976068594
worked communities,1,0,5.464231107212678,0.3205659976068594
wants needs,1,0,5.464231107212678,0.3205659976068594
moratorium legal,1,0,5.464231107212678,0.3205659976068594
mike kroll,1,0,5.464231107212678,0.3205659976068594
midwest region,1,0,5.464231107212678,0.3205659976068594
working evaluation,1,0,5.464231107212678,0.3205659976068594
midwest mid,1,0,5.464231107212678,0.3205659976068594
working lot,1,0,5.464231107212678,0.3205659976068594
warehouses fly,1,0,5.464231107212678,0.3205659976068594
working look,1,0,5.464231107212678,0.3205659976068594
working long,1,0,5.464231107212678,0.3205659976068594
working locally,1,0,5.464231107212678,0.3205659976068594
work weeks,1,0,5.464231107212678,0.3205659976068594
motion flora,1,0,5.464231107212678,0.3205659976068594
warehouse construction,1,0,5.464231107212678,0.3205659976068594
motion controls,1,0,5.464231107212678,0.3205659976068594
working initiatives,1,0,5.464231107212678,0.3205659976068594
working improvements,1,0,5.464231107212678,0.3205659976068594
working hard,1,0,5.464231107212678,0.3205659976068594
midwest looks,1,0,5.464231107212678,0.3205659976068594
morning inclement,1,0,5.464231107212678,0.3205659976068594
morning degrees,1,0,5.464231107212678,0.3205659976068594
worked decades,1,0,5.464231107212678,0.3205659976068594
moratorium issue,1,0,5.464231107212678,0.3205659976068594
wanted throw,1,0,5.464231107212678,0.3205659976068594
waiting allowed,1,0,5.464231107212678,0.3205659976068594
months organizations,1,0,5.464231107212678,0.3205659976068594
months months,1,0,5.464231107212678,0.3205659976068594
wanting professionally,1,0,5.464231107212678,0.3205659976068594
wait time,1,0,5.464231107212678,0.3205659976068594
months hopefully,1,0,5.464231107212678,0.3205659976068594
months happened,1,0,5.464231107212678,0.3205659976068594
months gosh,1,0,5.464231107212678,0.3205659976068594
months building,1,0,5.464231107212678,0.3205659976068594
wages strong,1,0,5.464231107212678,0.3205659976068594
waiting approval,1,0,5.464231107212678,0.3205659976068594
worked directly,1,0,5.464231107212678,0.3205659976068594
monthly time,1,0,5.464231107212678,0.3205659976068594
wanting ask,1,0,5.464231107212678,0.3205659976068594
wanting aside,1,0,5.464231107212678,0.3205659976068594
miles east,1,0,5.464231107212678,0.3205659976068594
month understand,1,0,5.464231107212678,0.3205659976068594
months original,1,0,5.464231107212678,0.3205659976068594
months project,1,0,5.464231107212678,0.3205659976068594
months really,1,0,5.464231107212678,0.3205659976068594
months scrutiny,1,0,5.464231107212678,0.3205659976068594
moratorium guys,1,0,5.464231107212678,0.3205659976068594
mile miles,1,0,5.464231107212678,0.3205659976068594
moratorium going,1,0,5.464231107212678,0.3205659976068594
wants isn,1,0,5.464231107212678,0.3205659976068594
moratorium days,1,0,5.464231107212678,0.3205659976068594
moratorium came,1,0,5.464231107212678,0.3205659976068594
wants county,1,0,5.464231107212678,0.3205659976068594
wait board,1,0,5.464231107212678,0.3205659976068594
working country,1,0,5.464231107212678,0.3205659976068594
wait hour,1,0,5.464231107212678,0.3205659976068594
wait hours,1,0,5.464231107212678,0.3205659976068594
months verdon,1,0,5.464231107212678,0.3205659976068594
wait illinois,1,0,5.464231107212678,0.3205659976068594
mile site,1,0,5.464231107212678,0.3205659976068594
months talking,1,0,5.464231107212678,0.3205659976068594
want conscious,1,0,5.464231107212678,0.3205659976068594
want consider,1,0,5.464231107212678,0.3205659976068594
want continue,1,0,5.464231107212678,0.3205659976068594
minutes just,1,0,5.464231107212678,0.3205659976068594
minded great,1,0,5.464231107212678,0.3205659976068594
want idea,1,0,5.464231107212678,0.3205659976068594
minds actually,1,0,5.464231107212678,0.3205659976068594
want willing,1,0,5.464231107212678,0.3205659976068594
mindset,1,0,5.464231107212678,0.3205659976068594
mindset working,1,0,5.464231107212678,0.3205659976068594
minutes know,1,0,5.464231107212678,0.3205659976068594
want leave,1,0,5.464231107212678,0.3205659976068594
want want,1,0,5.464231107212678,0.3205659976068594
minutes including,1,0,5.464231107212678,0.3205659976068594
minutes guys,1,0,5.464231107212678,0.3205659976068594
workers ll,1,0,5.464231107212678,0.3205659976068594
minutes groups,1,0,5.464231107212678,0.3205659976068594
minutes good,1,0,5.464231107212678,0.3205659976068594
want look,1,0,5.464231107212678,0.3205659976068594
minutes fine,1,0,5.464231107212678,0.3205659976068594
minded,1,0,5.464231107212678,0.3205659976068594
mind thank,1,0,5.464231107212678,0.3205659976068594
want group,1,0,5.464231107212678,0.3205659976068594
minutes program,1,0,5.464231107212678,0.3205659976068594
misalignment supply,1,0,5.464231107212678,0.3205659976068594
misalignment,1,0,5.464231107212678,0.3205659976068594
mind concern,1,0,5.464231107212678,0.3205659976068594
worker died,1,0,5.464231107212678,0.3205659976068594
minutes want,1,0,5.464231107212678,0.3205659976068594
mind quality,1,0,5.464231107212678,0.3205659976068594
minutes times,1,0,5.464231107212678,0.3205659976068594
minutes sure,1,0,5.464231107212678,0.3205659976068594
want generators,1,0,5.464231107212678,0.3205659976068594
minutes seconds,1,0,5.464231107212678,0.3205659976068594
mind really,1,0,5.464231107212678,0.3205659976068594
minutes second,1,0,5.464231107212678,0.3205659976068594
minutes sangamon,1,0,5.464231107212678,0.3205659976068594
minutes respect,1,0,5.464231107212678,0.3205659976068594
mind significant,1,0,5.464231107212678,0.3205659976068594
minutes day,1,0,5.464231107212678,0.3205659976068594
mini,1,0,5.464231107212678,0.3205659976068594
workers means,1,0,5.464231107212678,0.3205659976068594
mining town,1,0,5.464231107212678,0.3205659976068594
want suggest,1,0,5.464231107212678,0.3205659976068594
want suck,1,0,5.464231107212678,0.3205659976068594
want stop,1,0,5.464231107212678,0.3205659976068594
want really,1,0,5.464231107212678,0.3205659976068594
minnesota example,1,0,5.464231107212678,0.3205659976068594
minnesota,1,0,5.464231107212678,0.3205659976068594
minimizing,1,0,5.464231107212678,0.3205659976068594
mining,1,0,5.464231107212678,0.3205659976068594
want misconstrued,1,0,5.464231107212678,0.3205659976068594
minimizing waste,1,0,5.464231107212678,0.3205659976068594
workers exposed,1,0,5.464231107212678,0.3205659976068594
minimum don,1,0,5.464231107212678,0.3205659976068594
minimum end,1,0,5.464231107212678,0.3205659976068594
want sign,1,0,5.464231107212678,0.3205659976068594
minimum type,1,0,5.464231107212678,0.3205659976068594
want reports,1,0,5.464231107212678,0.3205659976068594
want raise,1,0,5.464231107212678,0.3205659976068594
minorities,1,0,5.464231107212678,0.3205659976068594
minorities kind,1,0,5.464231107212678,0.3205659976068594
want project,1,0,5.464231107212678,0.3205659976068594
minute time,1,0,5.464231107212678,0.3205659976068594
mini network,1,0,5.464231107212678,0.3205659976068594
want monthly,1,0,5.464231107212678,0.3205659976068594
want turned,1,0,5.464231107212678,0.3205659976068594
want obstructionists,1,0,5.464231107212678,0.3205659976068594
workers building,1,0,5.464231107212678,0.3205659976068594
want tell,1,0,5.464231107212678,0.3205659976068594
minute includes,1,0,5.464231107212678,0.3205659976068594
want taste,1,0,5.464231107212678,0.3205659976068594
workers just,1,0,5.464231107212678,0.3205659976068594
minute asking,1,0,5.464231107212678,0.3205659976068594
minimal water,1,0,5.464231107212678,0.3205659976068594
want position,1,0,5.464231107212678,0.3205659976068594
want prioritize,1,0,5.464231107212678,0.3205659976068594
minority oh,1,0,5.464231107212678,0.3205659976068594
want fracking,1,0,5.464231107212678,0.3205659976068594
misconstrued,1,0,5.464231107212678,0.3205659976068594
modern critical,1,0,5.464231107212678,0.3205659976068594
mitigated going,1,0,5.464231107212678,0.3205659976068594
moat,1,0,5.464231107212678,0.3205659976068594
million plus,1,0,5.464231107212678,0.3205659976068594
workers sold,1,0,5.464231107212678,0.3205659976068594
mitigation generators,1,0,5.464231107212678,0.3205659976068594
mitigation emissions,1,0,5.464231107212678,0.3205659976068594
mitigating exhausts,1,0,5.464231107212678,0.3205659976068594
mitigating,1,0,5.464231107212678,0.3205659976068594
mitigated,1,0,5.464231107212678,0.3205659976068594
workers relocated,1,0,5.464231107212678,0.3205659976068594
million presented,1,0,5.464231107212678,0.3205659976068594
million project,1,0,5.464231107212678,0.3205659976068594
million promise,1,0,5.464231107212678,0.3205659976068594
mitigate expanding,1,0,5.464231107212678,0.3205659976068594
mister clark,1,0,5.464231107212678,0.3205659976068594
mister,1,0,5.464231107212678,0.3205659976068594
mistakes happen,1,0,5.464231107212678,0.3205659976068594
moat transmission,1,0,5.464231107212678,0.3205659976068594
mobility,1,0,5.464231107212678,0.3205659976068594
mobility supply,1,0,5.464231107212678,0.3205659976068594
worked years,1,0,5.464231107212678,0.3205659976068594
modern cooling,1,0,5.464231107212678,0.3205659976068594
want couple,1,0,5.464231107212678,0.3205659976068594
moderately close,1,0,5.464231107212678,0.3205659976068594
moderately,1,0,5.464231107212678,0.3205659976068594
wanted hand,1,0,5.464231107212678,0.3205659976068594
modeling way,1,0,5.464231107212678,0.3205659976068594
modeling taxpayers,1,0,5.464231107212678,0.3205659976068594
worked set,1,0,5.464231107212678,0.3205659976068594
modeling perspective,1,0,5.464231107212678,0.3205659976068594
modeling identify,1,0,5.464231107212678,0.3205659976068594
want cut,1,0,5.464231107212678,0.3205659976068594
model wasn,1,0,5.464231107212678,0.3205659976068594
want cyrus,1,0,5.464231107212678,0.3205659976068594
want declare,1,0,5.464231107212678,0.3205659976068594
model far,1,0,5.464231107212678,0.3205659976068594
mistakes,1,0,5.464231107212678,0.3205659976068594
mistake president,1,0,5.464231107212678,0.3205659976068594
mind backup,1,0,5.464231107212678,0.3205659976068594
miso conducted,1,0,5.464231107212678,0.3205659976068594
miso mid,1,0,5.464231107212678,0.3205659976068594
miso megawatts,1,0,5.464231107212678,0.3205659976068594
miso import,1,0,5.464231107212678,0.3205659976068594
millions seen,1,0,5.464231107212678,0.3205659976068594
miso fancy,1,0,5.464231107212678,0.3205659976068594
miso entire,1,0,5.464231107212678,0.3205659976068594
miso does,1,0,5.464231107212678,0.3205659976068594
miso committed,1,0,5.464231107212678,0.3205659976068594
mistake allowing,1,0,5.464231107212678,0.3205659976068594
miso bigger,1,0,5.464231107212678,0.3205659976068594
miso authority,1,0,5.464231107212678,0.3205659976068594
miso auction,1,0,5.464231107212678,0.3205659976068594
want energy,1,0,5.464231107212678,0.3205659976068594
want entirety,1,0,5.464231107212678,0.3205659976068594
workers memorial,1,0,5.464231107212678,0.3205659976068594
worker correct,1,0,5.464231107212678,0.3205659976068594
miso miso,1,0,5.464231107212678,0.3205659976068594
millions little,1,0,5.464231107212678,0.3205659976068594
miso plus,1,0,5.464231107212678,0.3205659976068594
miso region,1,0,5.464231107212678,0.3205659976068594
misspoken don,1,0,5.464231107212678,0.3205659976068594
misspoken,1,0,5.464231107212678,0.3205659976068594
missouri way,1,0,5.464231107212678,0.3205659976068594
missouri indiana,1,0,5.464231107212678,0.3205659976068594
missouri clear,1,0,5.464231107212678,0.3205659976068594
wanted chime,1,0,5.464231107212678,0.3205659976068594
mississippi different,1,0,5.464231107212678,0.3205659976068594
wanted build,1,0,5.464231107212678,0.3205659976068594
worker clinton,1,0,5.464231107212678,0.3205659976068594
wanted ask,1,0,5.464231107212678,0.3205659976068594
want encourage,1,0,5.464231107212678,0.3205659976068594
missed money,1,0,5.464231107212678,0.3205659976068594
missed,1,0,5.464231107212678,0.3205659976068594
miso study,1,0,5.464231107212678,0.3205659976068594
miso responsibility,1,0,5.464231107212678,0.3205659976068594
mouth group,1,0,5.464231107212678,0.3205659976068594
working lucent,1,0,5.464231107212678,0.3205659976068594
middle report,1,0,5.464231107212678,0.3205659976068594
necessarily county,1,0,5.464231107212678,0.3205659976068594
vice versa,1,0,5.464231107212678,0.3205659976068594
water advocacy,1,0,5.464231107212678,0.3205659976068594
necessarily looking,1,0,5.464231107212678,0.3205659976068594
necessarily know,1,0,5.464231107212678,0.3205659976068594
mentioned backup,1,0,5.464231107212678,0.3205659976068594
necessarily guaranteed,1,0,5.464231107212678,0.3205659976068594
wouldn receive,1,0,5.464231107212678,0.3205659976068594
necessarily correct,1,0,5.464231107212678,0.3205659976068594
water administered,1,0,5.464231107212678,0.3205659976068594
mentioned cooling,1,0,5.464231107212678,0.3205659976068594
neat night,1,0,5.464231107212678,0.3205659976068594
mentioned creating,1,0,5.464231107212678,0.3205659976068594
mentioned double,1,0,5.464231107212678,0.3205659976068594
victim,1,0,5.464231107212678,0.3205659976068594
mentioned exponential,1,0,5.464231107212678,0.3205659976068594
victim dot,1,0,5.464231107212678,0.3205659976068594
necessary board,1,0,5.464231107212678,0.3205659976068594
vice,1,0,5.464231107212678,0.3205659976068594
mention rural,1,0,5.464231107212678,0.3205659976068594
water anti,1,0,5.464231107212678,0.3205659976068594
water bills,1,0,5.464231107212678,0.3205659976068594
work sacramento,1,0,5.464231107212678,0.3205659976068594
need area,1,0,5.464231107212678,0.3205659976068594
mention particularly,1,0,5.464231107212678,0.3205659976068594
viability sustainability,1,0,5.464231107212678,0.3205659976068594
water ask,1,0,5.464231107212678,0.3205659976068594
need adjacent,1,0,5.464231107212678,0.3205659976068594
need addressed,1,0,5.464231107212678,0.3205659976068594
vibrant,1,0,5.464231107212678,0.3205659976068594
need additional,1,0,5.464231107212678,0.3205659976068594
need access,1,0,5.464231107212678,0.3205659976068594
need able,1,0,5.464231107212678,0.3205659976068594
vibrant community,1,0,5.464231107212678,0.3205659976068594
vibration,1,0,5.464231107212678,0.3205659976068594
vibration things,1,0,5.464231107212678,0.3205659976068594
work state,1,0,5.464231107212678,0.3205659976068594
mentioned georgia,1,0,5.464231107212678,0.3205659976068594
need aware,1,0,5.464231107212678,0.3205659976068594
virginia pennsylvania,1,0,5.464231107212678,0.3205659976068594
watched completely,1,0,5.464231107212678,0.3205659976068594
mentioned try,1,0,5.464231107212678,0.3205659976068594
worth think,1,0,5.464231107212678,0.3205659976068594
nd year,1,0,5.464231107212678,0.3205659976068594
virginia cincinnati,1,0,5.464231107212678,0.3205659976068594
mentioned waiting,1,0,5.464231107212678,0.3205659976068594
worth taking,1,0,5.464231107212678,0.3205659976068594
worth supposed,1,0,5.464231107212678,0.3205659976068594
wouldn necessarily,1,0,5.464231107212678,0.3205659976068594
mentioned yes,1,0,5.464231107212678,0.3205659976068594
naturally wildflowers,1,0,5.464231107212678,0.3205659976068594
worth potential,1,0,5.464231107212678,0.3205659976068594
naturally targeted,1,0,5.464231107212678,0.3205659976068594
natural vegetation,1,0,5.464231107212678,0.3205659976068594
virginia spent,1,0,5.464231107212678,0.3205659976068594
nationwide facility,1,0,5.464231107212678,0.3205659976068594
mentioned tech,1,0,5.464231107212678,0.3205659976068594
wouldn day,1,0,5.464231107212678,0.3205659976068594
watched happened,1,0,5.464231107212678,0.3205659976068594
near activity,1,0,5.464231107212678,0.3205659976068594
wouldn look,1,0,5.464231107212678,0.3205659976068594
mentioned growing,1,0,5.464231107212678,0.3205659976068594
video stuff,1,0,5.464231107212678,0.3205659976068594
videos,1,0,5.464231107212678,0.3205659976068594
videos play,1,0,5.464231107212678,0.3205659976068594
water additives,1,0,5.464231107212678,0.3205659976068594
mentioned heard,1,0,5.464231107212678,0.3205659976068594
view balance,1,0,5.464231107212678,0.3205659976068594
view basically,1,0,5.464231107212678,0.3205659976068594
wouldn good,1,0,5.464231107212678,0.3205659976068594
view lot,1,0,5.464231107212678,0.3205659976068594
mentioned prefabricated,1,0,5.464231107212678,0.3205659976068594
viewpoint,1,0,5.464231107212678,0.3205659976068594
near big,1,0,5.464231107212678,0.3205659976068594
viewpoint resonance,1,0,5.464231107212678,0.3205659976068594
need asking,1,0,5.464231107212678,0.3205659976068594
viability,1,0,5.464231107212678,0.3205659976068594
mentioning,1,0,5.464231107212678,0.3205659976068594
need market,1,0,5.464231107212678,0.3205659976068594
members want,1,0,5.464231107212678,0.3205659976068594
members way,1,0,5.464231107212678,0.3205659976068594
need mind,1,0,5.464231107212678,0.3205659976068594
need megawatts,1,0,5.464231107212678,0.3205659976068594
vertically structurally,1,0,5.464231107212678,0.3205659976068594
memberships,1,0,5.464231107212678,0.3205659976068594
memberships entered,1,0,5.464231107212678,0.3205659976068594
need makeup,1,0,5.464231107212678,0.3205659976068594
memo governmental,1,0,5.464231107212678,0.3205659976068594
need maintenance,1,0,5.464231107212678,0.3205659976068594
memo attorney,1,0,5.464231107212678,0.3205659976068594
need local,1,0,5.464231107212678,0.3205659976068594
need lighted,1,0,5.464231107212678,0.3205659976068594
need land,1,0,5.464231107212678,0.3205659976068594
need labor,1,0,5.464231107212678,0.3205659976068594
need know,1,0,5.464231107212678,0.3205659976068594
vertically lot,1,0,5.464231107212678,0.3205659976068594
members understand,1,0,5.464231107212678,0.3205659976068594
members trying,1,0,5.464231107212678,0.3205659976068594
need plus,1,0,5.464231107212678,0.3205659976068594
versa slide,1,0,5.464231107212678,0.3205659976068594
need reduction,1,0,5.464231107212678,0.3205659976068594
need record,1,0,5.464231107212678,0.3205659976068594
water contacted,1,0,5.464231107212678,0.3205659976068594
versus demand,1,0,5.464231107212678,0.3205659976068594
write just,1,0,5.464231107212678,0.3205659976068594
versus healy,1,0,5.464231107212678,0.3205659976068594
need realize,1,0,5.464231107212678,0.3205659976068594
water consumption,1,0,5.464231107212678,0.3205659976068594
need promises,1,0,5.464231107212678,0.3205659976068594
write giving,1,0,5.464231107212678,0.3205659976068594
members times,1,0,5.464231107212678,0.3205659976068594
need prepared,1,0,5.464231107212678,0.3205659976068594
write crap,1,0,5.464231107212678,0.3205659976068594
members tonight,1,0,5.464231107212678,0.3205659976068594
work related,1,0,5.464231107212678,0.3205659976068594
vest,1,0,5.464231107212678,0.3205659976068594
veto session,1,0,5.464231107212678,0.3205659976068594
need clarified,1,0,5.464231107212678,0.3205659976068594
water chemicals,1,0,5.464231107212678,0.3205659976068594
need curious,1,0,5.464231107212678,0.3205659976068594
need county,1,0,5.464231107212678,0.3205659976068594
need construction,1,0,5.464231107212678,0.3205659976068594
need consistent,1,0,5.464231107212678,0.3205659976068594
vet actually,1,0,5.464231107212678,0.3205659976068594
need come,1,0,5.464231107212678,0.3205659976068594
mention energy,1,0,5.464231107212678,0.3205659976068594
need just,1,0,5.464231107212678,0.3205659976068594
water biodiversity,1,0,5.464231107212678,0.3205659976068594
vet concerns,1,0,5.464231107212678,0.3205659976068594
mention hours,1,0,5.464231107212678,0.3205659976068594
need charge,1,0,5.464231107212678,0.3205659976068594
need cascade,1,0,5.464231107212678,0.3205659976068594
veto,1,0,5.464231107212678,0.3205659976068594
need capacity,1,0,5.464231107212678,0.3205659976068594
water chicago,1,0,5.464231107212678,0.3205659976068594
need department,1,0,5.464231107212678,0.3205659976068594
need discharge,1,0,5.464231107212678,0.3205659976068594
water come,1,0,5.464231107212678,0.3205659976068594
memo main,1,0,5.464231107212678,0.3205659976068594
vest person,1,0,5.464231107212678,0.3205659976068594
need homes,1,0,5.464231107212678,0.3205659976068594
memorial day,1,0,5.464231107212678,0.3205659976068594
wrench labor,1,0,5.464231107212678,0.3205659976068594
need handle,1,0,5.464231107212678,0.3205659976068594
need going,1,0,5.464231107212678,0.3205659976068594
need glad,1,0,5.464231107212678,0.3205659976068594
wrench,1,0,5.464231107212678,0.3205659976068594
memorial medical,1,0,5.464231107212678,0.3205659976068594
water component,1,0,5.464231107212678,0.3205659976068594
vested right,1,0,5.464231107212678,0.3205659976068594
mendenhall going,1,0,5.464231107212678,0.3205659976068594
need engineering,1,0,5.464231107212678,0.3205659976068594
need drain,1,0,5.464231107212678,0.3205659976068594
nationwide,1,0,5.464231107212678,0.3205659976068594
nationally recognized,1,0,5.464231107212678,0.3205659976068594
warehouses paved,1,0,5.464231107212678,0.3205659976068594
mr diener,1,0,5.464231107212678,0.3205659976068594
mr madonia,1,0,5.464231107212678,0.3205659976068594
vote close,1,0,5.464231107212678,0.3205659976068594
michigan basically,1,0,5.464231107212678,0.3205659976068594
mr hirschfeld,1,0,5.464231107212678,0.3205659976068594
vote confidence,1,0,5.464231107212678,0.3205659976068594
world talking,1,0,5.464231107212678,0.3205659976068594
mr gozzarino,1,0,5.464231107212678,0.3205659976068594
work times,1,0,5.464231107212678,0.3205659976068594
world built,1,0,5.464231107212678,0.3205659976068594
world seriously,1,0,5.464231107212678,0.3205659976068594
michigan report,1,0,5.464231107212678,0.3205659976068594
mr chair,1,0,5.464231107212678,0.3205659976068594
michigan university,1,0,5.464231107212678,0.3205659976068594
world indicates,1,0,5.464231107212678,0.3205659976068594
world don,1,0,5.464231107212678,0.3205659976068594
world doesn,1,0,5.464231107212678,0.3205659976068594
mr marilyn,1,0,5.464231107212678,0.3205659976068594
michael burry,1,0,5.464231107212678,0.3205659976068594
michael,1,0,5.464231107212678,0.3205659976068594
world times,1,0,5.464231107212678,0.3205659976068594
muffle lower,1,0,5.464231107212678,0.3205659976068594
muffle,1,0,5.464231107212678,0.3205659976068594
meter thank,1,0,5.464231107212678,0.3205659976068594
volume need,1,0,5.464231107212678,0.3205659976068594
metered,1,0,5.464231107212678,0.3205659976068594
volunteer departments,1,0,5.464231107212678,0.3205659976068594
metered average,1,0,5.464231107212678,0.3205659976068594
volunteer information,1,0,5.464231107212678,0.3205659976068594
volunteer lose,1,0,5.464231107212678,0.3205659976068594
methodology enables,1,0,5.464231107212678,0.3205659976068594
methodology significantly,1,0,5.464231107212678,0.3205659976068594
mr shiley,1,0,5.464231107212678,0.3205659976068594
wasn contractor,1,0,5.464231107212678,0.3205659976068594
mexico canada,1,0,5.464231107212678,0.3205659976068594
mexico fast,1,0,5.464231107212678,0.3205659976068594
microbiocide,1,0,5.464231107212678,0.3205659976068594
world alienated,1,0,5.464231107212678,0.3205659976068594
muffles sound,1,0,5.464231107212678,0.3205659976068594
moved springfield,1,0,5.464231107212678,0.3205659976068594
working veto,1,0,5.464231107212678,0.3205659976068594
mid november,1,0,5.464231107212678,0.3205659976068594
working site,1,0,5.464231107212678,0.3205659976068594
working sir,1,0,5.464231107212678,0.3205659976068594
moved years,1,0,5.464231107212678,0.3205659976068594
working single,1,0,5.464231107212678,0.3205659976068594
moved time,1,0,5.464231107212678,0.3205659976068594
working redundant,1,0,5.464231107212678,0.3205659976068594
microbiocide kill,1,0,5.464231107212678,0.3205659976068594
working organizations,1,0,5.464231107212678,0.3205659976068594
moved gentleman,1,0,5.464231107212678,0.3205659976068594
vote understanding,1,0,5.464231107212678,0.3205659976068594
middle boring,1,0,5.464231107212678,0.3205659976068594
moved away,1,0,5.464231107212678,0.3205659976068594
moved actively,1,0,5.464231107212678,0.3205659976068594
working months,1,0,5.464231107212678,0.3205659976068594
works assessment,1,0,5.464231107212678,0.3205659976068594
movie happy,1,0,5.464231107212678,0.3205659976068594
works central,1,0,5.464231107212678,0.3205659976068594
mid atlantic,1,0,5.464231107212678,0.3205659976068594
vote months,1,0,5.464231107212678,0.3205659976068594
mr attorney,1,0,5.464231107212678,0.3205659976068594
works say,1,0,5.464231107212678,0.3205659976068594
works people,1,0,5.464231107212678,0.3205659976068594
vote normally,1,0,5.464231107212678,0.3205659976068594
moving ve,1,0,5.464231107212678,0.3205659976068594
works mentioned,1,0,5.464231107212678,0.3205659976068594
moving targets,1,0,5.464231107212678,0.3205659976068594
microbiocides chemicals,1,0,5.464231107212678,0.3205659976068594
moving regional,1,0,5.464231107212678,0.3205659976068594
microbiocides similar,1,0,5.464231107212678,0.3205659976068594
work tonight,1,0,5.464231107212678,0.3205659976068594
wars pay,1,0,5.464231107212678,0.3205659976068594
microsoft,1,0,5.464231107212678,0.3205659976068594
microsoft oracle,1,0,5.464231107212678,0.3205659976068594
muffles,1,0,5.464231107212678,0.3205659976068594
volume,1,0,5.464231107212678,0.3205659976068594
nationally financial,1,0,5.464231107212678,0.3205659976068594
naperville setting,1,0,5.464231107212678,0.3205659976068594
work terms,1,0,5.464231107212678,0.3205659976068594
narratives benefits,1,0,5.464231107212678,0.3205659976068594
narratives,1,0,5.464231107212678,0.3205659976068594
work think,1,0,5.464231107212678,0.3205659976068594
narrative people,1,0,5.464231107212678,0.3205659976068594
waste time,1,0,5.464231107212678,0.3205659976068594
narrative,1,0,5.464231107212678,0.3205659976068594
naperville jurisdictions,1,0,5.464231107212678,0.3205659976068594
names,1,0,5.464231107212678,0.3205659976068594
naperville expected,1,0,5.464231107212678,0.3205659976068594
naperville enacted,1,0,5.464231107212678,0.3205659976068594
naperville aurora,1,0,5.464231107212678,0.3205659976068594
waste provide,1,0,5.464231107212678,0.3205659976068594
vital services,1,0,5.464231107212678,0.3205659976068594
waste leave,1,0,5.464231107212678,0.3205659976068594
vitavia,1,0,5.464231107212678,0.3205659976068594
messages guided,1,0,5.464231107212678,0.3205659976068594
messages,1,0,5.464231107212678,0.3205659976068594
worse time,1,0,5.464231107212678,0.3205659976068594
message springfield,1,0,5.464231107212678,0.3205659976068594
worth neighborhood,1,0,5.464231107212678,0.3205659976068594
national security,1,0,5.464231107212678,0.3205659976068594
virus invest,1,0,5.464231107212678,0.3205659976068594
mentioning infrastructure,1,0,5.464231107212678,0.3205659976068594
mep,1,0,5.464231107212678,0.3205659976068594
worst case,1,0,5.464231107212678,0.3205659976068594
mep systems,1,0,5.464231107212678,0.3205659976068594
nation world,1,0,5.464231107212678,0.3205659976068594
watch families,1,0,5.464231107212678,0.3205659976068594
watch coal,1,0,5.464231107212678,0.3205659976068594
nation going,1,0,5.464231107212678,0.3205659976068594
mess pillsbury,1,0,5.464231107212678,0.3205659976068594
vision,1,0,5.464231107212678,0.3205659976068594
mess reiterate,1,0,5.464231107212678,0.3205659976068594
vision shown,1,0,5.464231107212678,0.3205659976068594
names having,1,0,5.464231107212678,0.3205659976068594
vitavia requiring,1,0,5.464231107212678,0.3205659976068594
wasn mean,1,0,5.464231107212678,0.3205659976068594
voltage notice,1,0,5.464231107212678,0.3205659976068594
worries engaged,1,0,5.464231107212678,0.3205659976068594
municipal coop,1,0,5.464231107212678,0.3205659976068594
wasn person,1,0,5.464231107212678,0.3205659976068594
worries,1,0,5.464231107212678,0.3205659976068594
muni coop,1,0,5.464231107212678,0.3205659976068594
muni,1,0,5.464231107212678,0.3205659976068594
metals supervillain,1,0,5.464231107212678,0.3205659976068594
multiple times,1,0,5.464231107212678,0.3205659976068594
waste bring,1,0,5.464231107212678,0.3205659976068594
multiple things,1,0,5.464231107212678,0.3205659976068594
multiple states,1,0,5.464231107212678,0.3205659976068594
multiple countries,1,0,5.464231107212678,0.3205659976068594
voltage observed,1,0,5.464231107212678,0.3205659976068594
worried ll,1,0,5.464231107212678,0.3205659976068594
multi level,1,0,5.464231107212678,0.3205659976068594
meter members,1,0,5.464231107212678,0.3205659976068594
municipal utility,1,0,5.464231107212678,0.3205659976068594
municipality,1,0,5.464231107212678,0.3205659976068594
municipality utilities,1,0,5.464231107212678,0.3205659976068594
munis coops,1,0,5.464231107212678,0.3205659976068594
wasn square,1,0,5.464231107212678,0.3205659976068594
voice actor,1,0,5.464231107212678,0.3205659976068594
meta,1,0,5.464231107212678,0.3205659976068594
voice county,1,0,5.464231107212678,0.3205659976068594
voice director,1,0,5.464231107212678,0.3205659976068594
meta microsoft,1,0,5.464231107212678,0.3205659976068594
voice running,1,0,5.464231107212678,0.3205659976068594
work time,1,0,5.464231107212678,0.3205659976068594
wasn scalar,1,0,5.464231107212678,0.3205659976068594
murphy president,1,0,5.464231107212678,0.3205659976068594
murphy hello,1,0,5.464231107212678,0.3205659976068594
murder sonia,1,0,5.464231107212678,0.3205659976068594
murder,1,0,5.464231107212678,0.3205659976068594
wasn quite,1,0,5.464231107212678,0.3205659976068594
munis ops,1,0,5.464231107212678,0.3205659976068594
onsite familiar,1,0,5.464231107212678,0.3205659976068594
want segment,1,0,5.464231107212678,0.3205659976068594
onsite septic,1,0,5.464231107212678,0.3205659976068594
pennsylvania looking,1,0,5.464231107212678,0.3205659976068594
understand communities,1,0,5.464231107212678,0.3205659976068594
people addressed,1,0,5.464231107212678,0.3205659976068594
wes carney,1,0,5.464231107212678,0.3205659976068594
yes things,1,0,5.464231107212678,0.3205659976068594
understand concerns,1,0,5.464231107212678,0.3205659976068594
understand correctly,1,0,5.464231107212678,0.3205659976068594
understand depth,1,0,5.464231107212678,0.3205659976068594
pennsylvania,1,0,5.464231107212678,0.3205659976068594
uncles great,1,0,5.464231107212678,0.3205659976068594
pengenman county,1,0,5.464231107212678,0.3205659976068594
yes talking,1,0,5.464231107212678,0.3205659976068594
pengenman,1,0,5.464231107212678,0.3205659976068594
understand fear,1,0,5.464231107212678,0.3205659976068594
wes,1,0,5.464231107212678,0.3205659976068594
understand hours,1,0,5.464231107212678,0.3205659976068594
understand just,1,0,5.464231107212678,0.3205659976068594
people aligning,1,0,5.464231107212678,0.3205659976068594
yes titanic,1,0,5.464231107212678,0.3205659976068594
people answering,1,0,5.464231107212678,0.3205659976068594
people areas,1,0,5.464231107212678,0.3205659976068594
uncover,1,0,5.464231107212678,0.3205659976068594
uncover rock,1,0,5.464231107212678,0.3205659976068594
people concerned,1,0,5.464231107212678,0.3205659976068594
west highly,1,0,5.464231107212678,0.3205659976068594
yes yes,1,0,5.464231107212678,0.3205659976068594
women need,1,0,5.464231107212678,0.3205659976068594
people came,1,0,5.464231107212678,0.3205659976068594
underneath big,1,0,5.464231107212678,0.3205659976068594
underneath generating,1,0,5.464231107212678,0.3205659976068594
underpins,1,0,5.464231107212678,0.3205659976068594
underpins trillions,1,0,5.464231107212678,0.3205659976068594
people blind,1,0,5.464231107212678,0.3205659976068594
yes true,1,0,5.464231107212678,0.3205659976068594
yes took,1,0,5.464231107212678,0.3205659976068594
people attend,1,0,5.464231107212678,0.3205659976068594
women organized,1,0,5.464231107212678,0.3205659976068594
understand people,1,0,5.464231107212678,0.3205659976068594
peaker plants,1,0,5.464231107212678,0.3205659976068594
paying extensions,1,0,5.464231107212678,0.3205659976068594
understanding according,1,0,5.464231107212678,0.3205659976068594
understanding company,1,0,5.464231107212678,0.3205659976068594
payers speed,1,0,5.464231107212678,0.3205659976068594
yes status,1,0,5.464231107212678,0.3205659976068594
payers,1,0,5.464231107212678,0.3205659976068594
paychecks dollar,1,0,5.464231107212678,0.3205659976068594
paychecks,1,0,5.464231107212678,0.3205659976068594
weren strain,1,0,5.464231107212678,0.3205659976068594
pay share,1,0,5.464231107212678,0.3205659976068594
understanding federal,1,0,5.464231107212678,0.3205659976068594
understanding miso,1,0,5.464231107212678,0.3205659976068594
understanding months,1,0,5.464231107212678,0.3205659976068594
pay neoga,1,0,5.464231107212678,0.3205659976068594
pay mention,1,0,5.464231107212678,0.3205659976068594
understanding originally,1,0,5.464231107212678,0.3205659976068594
paying escalating,1,0,5.464231107212678,0.3205659976068594
paying getting,1,0,5.464231107212678,0.3205659976068594
peaker,1,0,5.464231107212678,0.3205659976068594
paying higher,1,0,5.464231107212678,0.3205659976068594
understand pushed,1,0,5.464231107212678,0.3205659976068594
understand respect,1,0,5.464231107212678,0.3205659976068594
peace mind,1,0,5.464231107212678,0.3205659976068594
peace community,1,0,5.464231107212678,0.3205659976068594
understand said,1,0,5.464231107212678,0.3205659976068594
understand sure,1,0,5.464231107212678,0.3205659976068594
understand temporary,1,0,5.464231107212678,0.3205659976068594
payments guarantee,1,0,5.464231107212678,0.3205659976068594
payments governments,1,0,5.464231107212678,0.3205659976068594
understand things,1,0,5.464231107212678,0.3205659976068594
understand tremendous,1,0,5.464231107212678,0.3205659976068594
understand utmost,1,0,5.464231107212678,0.3205659976068594
paying taxes,1,0,5.464231107212678,0.3205659976068594
paying springfield,1,0,5.464231107212678,0.3205659976068594
paying job,1,0,5.464231107212678,0.3205659976068594
uncles worked,1,0,5.464231107212678,0.3205659976068594
people developers,1,0,5.464231107212678,0.3205659976068594
pay governing,1,0,5.464231107212678,0.3205659976068594
type typically,1,0,5.464231107212678,0.3205659976068594
type permanent,1,0,5.464231107212678,0.3205659976068594
type power,1,0,5.464231107212678,0.3205659976068594
women contractors,1,0,5.464231107212678,0.3205659976068594
people respiratory,1,0,5.464231107212678,0.3205659976068594
type projects,1,0,5.464231107212678,0.3205659976068594
people rely,1,0,5.464231107212678,0.3205659976068594
type reaction,1,0,5.464231107212678,0.3205659976068594
people quizzed,1,0,5.464231107212678,0.3205659976068594
women memberships,1,0,5.464231107212678,0.3205659976068594
people public,1,0,5.464231107212678,0.3205659976068594
type use,1,0,5.464231107212678,0.3205659976068594
west waverly,1,0,5.464231107212678,0.3205659976068594
types development,1,0,5.464231107212678,0.3205659976068594
west paying,1,0,5.464231107212678,0.3205659976068594
types projects,1,0,5.464231107212678,0.3205659976068594
people organizations,1,0,5.464231107212678,0.3205659976068594
type guiding,1,0,5.464231107212678,0.3205659976068594
people seen,1,0,5.464231107212678,0.3205659976068594
type entrance,1,0,5.464231107212678,0.3205659976068594
type developer,1,0,5.464231107212678,0.3205659976068594
whatnot question,1,0,5.464231107212678,0.3205659976068594
people talking,1,0,5.464231107212678,0.3205659976068594
people talked,1,0,5.464231107212678,0.3205659976068594
people talk,1,0,5.464231107212678,0.3205659976068594
turnout greatly,1,0,5.464231107212678,0.3205659976068594
tva,1,0,5.464231107212678,0.3205659976068594
people stop,1,0,5.464231107212678,0.3205659976068594
people state,1,0,5.464231107212678,0.3205659976068594
people stability,1,0,5.464231107212678,0.3205659976068594
tva neighboring,1,0,5.464231107212678,0.3205659976068594
wetlands just,1,0,5.464231107212678,0.3205659976068594
twice capacity,1,0,5.464231107212678,0.3205659976068594
people somebody,1,0,5.464231107212678,0.3205659976068594
wetlands,1,0,5.464231107212678,0.3205659976068594
people showed,1,0,5.464231107212678,0.3205659976068594
people opinions,1,0,5.464231107212678,0.3205659976068594
people operate,1,0,5.464231107212678,0.3205659976068594
people make,1,0,5.464231107212678,0.3205659976068594
people illinois,1,0,5.464231107212678,0.3205659976068594
york used,1,0,5.464231107212678,0.3205659976068594
york failing,1,0,5.464231107212678,0.3205659976068594
yields like,1,0,5.464231107212678,0.3205659976068594
west lowder,1,0,5.464231107212678,0.3205659976068594
yields,1,0,5.464231107212678,0.3205659976068594
people grew,1,0,5.464231107212678,0.3205659976068594
people fingers,1,0,5.464231107212678,0.3205659976068594
yield time,1,0,5.464231107212678,0.3205659976068594
women look,1,0,5.464231107212678,0.3205659976068594
west long,1,0,5.464231107212678,0.3205659976068594
west ll,1,0,5.464231107212678,0.3205659976068594
yield floor,1,0,5.464231107212678,0.3205659976068594
yield craig,1,0,5.464231107212678,0.3205659976068594
people doesn,1,0,5.464231107212678,0.3205659976068594
people disabilities,1,0,5.464231107212678,0.3205659976068594
people hold,1,0,5.464231107212678,0.3205659976068594
people increasing,1,0,5.464231107212678,0.3205659976068594
typically permanent,1,0,5.464231107212678,0.3205659976068594
unanimous wanting,1,0,5.464231107212678,0.3205659976068594
typically qualify,1,0,5.464231107212678,0.3205659976068594
west mississippi,1,0,5.464231107212678,0.3205659976068594
typically ve,1,0,5.464231107212678,0.3205659976068594
yorkville wooddale,1,0,5.464231107212678,0.3205659976068594
uif,1,0,5.464231107212678,0.3205659976068594
yorkville,1,0,5.464231107212678,0.3205659976068594
people level,1,0,5.464231107212678,0.3205659976068594
uif student,1,0,5.464231107212678,0.3205659976068594
people late,1,0,5.464231107212678,0.3205659976068594
people know,1,0,5.464231107212678,0.3205659976068594
ultimately,1,0,5.464231107212678,0.3205659976068594
ultimately supplied,1,0,5.464231107212678,0.3205659976068594
unanimous,1,0,5.464231107212678,0.3205659976068594
people interested,1,0,5.464231107212678,0.3205659976068594
people intent,1,0,5.464231107212678,0.3205659976068594
pay having,1,0,5.464231107212678,0.3205659976068594
pay force,1,0,5.464231107212678,0.3205659976068594
whatsoever transmission,1,0,5.464231107212678,0.3205659976068594
went hours,1,0,5.464231107212678,0.3205659976068594
party vendor,1,0,5.464231107212678,0.3205659976068594
union says,1,0,5.464231107212678,0.3205659976068594
union springfield,1,0,5.464231107212678,0.3205659976068594
parts total,1,0,5.464231107212678,0.3205659976068594
parts building,1,0,5.464231107212678,0.3205659976068594
union supporter,1,0,5.464231107212678,0.3205659976068594
partnerships opportunity,1,0,5.464231107212678,0.3205659976068594
partnership think,1,0,5.464231107212678,0.3205659976068594
yes jobs,1,0,5.464231107212678,0.3205659976068594
partnership,1,0,5.464231107212678,0.3205659976068594
partners profit,1,0,5.464231107212678,0.3205659976068594
partners,1,0,5.464231107212678,0.3205659976068594
partner organized,1,0,5.464231107212678,0.3205659976068594
partner,1,0,5.464231107212678,0.3205659976068594
partly muni,1,0,5.464231107212678,0.3205659976068594
partly jobs,1,0,5.464231107212678,0.3205659976068594
pass amendments,1,0,5.464231107212678,0.3205659976068594
pass application,1,0,5.464231107212678,0.3205659976068594
union raised,1,0,5.464231107212678,0.3205659976068594
union parents,1,0,5.464231107212678,0.3205659976068594
passed mid,1,0,5.464231107212678,0.3205659976068594
yes important,1,0,5.464231107212678,0.3205659976068594
passed isolates,1,0,5.464231107212678,0.3205659976068594
passed incentives,1,0,5.464231107212678,0.3205659976068594
passed gives,1,0,5.464231107212678,0.3205659976068594
passed flying,1,0,5.464231107212678,0.3205659976068594
passed designed,1,0,5.464231107212678,0.3205659976068594
passed bring,1,0,5.464231107212678,0.3205659976068594
women went,1,0,5.464231107212678,0.3205659976068594
went kilowatt,1,0,5.464231107212678,0.3205659976068594
went just,1,0,5.464231107212678,0.3205659976068594
yes fine,1,0,5.464231107212678,0.3205659976068594
won allow,1,0,5.464231107212678,0.3205659976068594
pass spring,1,0,5.464231107212678,0.3205659976068594
union local,1,0,5.464231107212678,0.3205659976068594
parties way,1,0,5.464231107212678,0.3205659976068594
parties slide,1,0,5.464231107212678,0.3205659976068594
parties lots,1,0,5.464231107212678,0.3205659976068594
went far,1,0,5.464231107212678,0.3205659976068594
participation perspective,1,0,5.464231107212678,0.3205659976068594
participation important,1,0,5.464231107212678,0.3205659976068594
participating community,1,0,5.464231107212678,0.3205659976068594
participating,1,0,5.464231107212678,0.3205659976068594
participate directly,1,0,5.464231107212678,0.3205659976068594
participate,1,0,5.464231107212678,0.3205659976068594
unionized,1,0,5.464231107212678,0.3205659976068594
partially complete,1,0,5.464231107212678,0.3205659976068594
partially,1,0,5.464231107212678,0.3205659976068594
went dark,1,0,5.464231107212678,0.3205659976068594
partial total,1,0,5.464231107212678,0.3205659976068594
partial thank,1,0,5.464231107212678,0.3205659976068594
parking lot,1,0,5.464231107212678,0.3205659976068594
parking field,1,0,5.464231107212678,0.3205659976068594
park underneath,1,0,5.464231107212678,0.3205659976068594
went did,1,0,5.464231107212678,0.3205659976068594
particular developer,1,0,5.464231107212678,0.3205659976068594
parties issues,1,0,5.464231107212678,0.3205659976068594
particular fair,1,0,5.464231107212678,0.3205659976068594
yes financially,1,0,5.464231107212678,0.3205659976068594
went homeless,1,0,5.464231107212678,0.3205659976068594
union trade,1,0,5.464231107212678,0.3205659976068594
particulate know,1,0,5.464231107212678,0.3205659976068594
particulate emissions,1,0,5.464231107212678,0.3205659976068594
particularly strong,1,0,5.464231107212678,0.3205659976068594
particularly rural,1,0,5.464231107212678,0.3205659976068594
particularly relevant,1,0,5.464231107212678,0.3205659976068594
particularly future,1,0,5.464231107212678,0.3205659976068594
union tradesmen,1,0,5.464231107212678,0.3205659976068594
particular site,1,0,5.464231107212678,0.3205659976068594
particular project,1,0,5.464231107212678,0.3205659976068594
particular outlook,1,0,5.464231107212678,0.3205659976068594
went funeral,1,0,5.464231107212678,0.3205659976068594
particular industry,1,0,5.464231107212678,0.3205659976068594
yes increase,1,0,5.464231107212678,0.3205659976068594
union colleagues,1,0,5.464231107212678,0.3205659976068594
understanding protocols,1,0,5.464231107212678,0.3205659976068594
pause cyrusville,1,0,5.464231107212678,0.3205659976068594
pause sounds,1,0,5.464231107212678,0.3205659976068594
undervalued,1,0,5.464231107212678,0.3205659976068594
undervalued gets,1,0,5.464231107212678,0.3205659976068594
weren having,1,0,5.464231107212678,0.3205659976068594
undeveloped,1,0,5.464231107212678,0.3205659976068594
undeveloped basically,1,0,5.464231107212678,0.3205659976068594
undisclosed,1,0,5.464231107212678,0.3205659976068594
pause consider,1,0,5.464231107212678,0.3205659976068594
uninterruptible power,1,0,5.464231107212678,0.3205659976068594
pause button,1,0,5.464231107212678,0.3205659976068594
undisclosed preferential,1,0,5.464231107212678,0.3205659976068594
yes prices,1,0,5.464231107212678,0.3205659976068594
pattern played,1,0,5.464231107212678,0.3205659976068594
pattern emerges,1,0,5.464231107212678,0.3205659976068594
weren answered,1,0,5.464231107212678,0.3205659976068594
unemployment hope,1,0,5.464231107212678,0.3205659976068594
underutilized think,1,0,5.464231107212678,0.3205659976068594
underutilized,1,0,5.464231107212678,0.3205659976068594
weren sites,1,0,5.464231107212678,0.3205659976068594
paved surface,1,0,5.464231107212678,0.3205659976068594
pay entire,1,0,5.464231107212678,0.3205659976068594
pay don,1,0,5.464231107212678,0.3205659976068594
yes realize,1,0,5.464231107212678,0.3205659976068594
understands,1,0,5.464231107212678,0.3205659976068594
pay ain,1,0,5.464231107212678,0.3205659976068594
understands shame,1,0,5.464231107212678,0.3205659976068594
pawnee talked,1,0,5.464231107212678,0.3205659976068594
pawnee provider,1,0,5.464231107212678,0.3205659976068594
pawnee got,1,0,5.464231107212678,0.3205659976068594
pawnee coal,1,0,5.464231107212678,0.3205659976068594
understood concerns,1,0,5.464231107212678,0.3205659976068594
understood negatives,1,0,5.464231107212678,0.3205659976068594
pavement things,1,0,5.464231107212678,0.3205659976068594
pavement,1,0,5.464231107212678,0.3205659976068594
understood question,1,0,5.464231107212678,0.3205659976068594
patients respect,1,0,5.464231107212678,0.3205659976068594
patients,1,0,5.464231107212678,0.3205659976068594
unemployment rate,1,0,5.464231107212678,0.3205659976068594
past minutes,1,0,5.464231107212678,0.3205659976068594
past let,1,0,5.464231107212678,0.3205659976068594
yes mean,1,0,5.464231107212678,0.3205659976068594
past greg,1,0,5.464231107212678,0.3205659976068594
past experiences,1,0,5.464231107212678,0.3205659976068594
yes ma,1,0,5.464231107212678,0.3205659976068594
unimpacted,1,0,5.464231107212678,0.3205659976068594
passionate committed,1,0,5.464231107212678,0.3205659976068594
passionate,1,0,5.464231107212678,0.3205659976068594
unimpacted think,1,0,5.464231107212678,0.3205659976068594
went right,1,0,5.464231107212678,0.3205659976068594
passing,1,0,5.464231107212678,0.3205659976068594
went person,1,0,5.464231107212678,0.3205659976068594
passes sangamon,1,0,5.464231107212678,0.3205659976068594
went missouri,1,0,5.464231107212678,0.3205659976068594
uninterruptible,1,0,5.464231107212678,0.3205659976068594
past looked,1,0,5.464231107212678,0.3205659976068594
unhappy felt,1,0,5.464231107212678,0.3205659976068594
unfathomable,1,0,5.464231107212678,0.3205659976068594
unhappy,1,0,5.464231107212678,0.3205659976068594
unfathomable let,1,0,5.464231107212678,0.3205659976068594
went zoning,1,0,5.464231107212678,0.3205659976068594
pathway career,1,0,5.464231107212678,0.3205659976068594
pathway,1,0,5.464231107212678,0.3205659976068594
paths company,1,0,5.464231107212678,0.3205659976068594
paths come,1,0,5.464231107212678,0.3205659976068594
path kind,1,0,5.464231107212678,0.3205659976068594
path bringing,1,0,5.464231107212678,0.3205659976068594
women tonight,1,0,5.464231107212678,0.3205659976068594
went work,1,0,5.464231107212678,0.3205659976068594
unfortunately natural,1,0,5.464231107212678,0.3205659976068594
went township,1,0,5.464231107212678,0.3205659976068594
yes new,1,0,5.464231107212678,0.3205659976068594
went saw,1,0,5.464231107212678,0.3205659976068594
past summer,1,0,5.464231107212678,0.3205659976068594
turnout,1,0,5.464231107212678,0.3205659976068594
turned mean,1,0,5.464231107212678,0.3205659976068594
park shortly,1,0,5.464231107212678,0.3205659976068594
pigs,1,0,5.464231107212678,0.3205659976068594
zoning matters,1,0,5.464231107212678,0.3205659976068594
willing post,1,0,5.464231107212678,0.3205659976068594
wires,1,0,5.464231107212678,0.3205659976068594
willing comply,1,0,5.464231107212678,0.3205659976068594
pike using,1,0,5.464231107212678,0.3205659976068594
pike minds,1,0,5.464231107212678,0.3205659976068594
pigs et,1,0,5.464231107212678,0.3205659976068594
trucker,1,0,5.464231107212678,0.3205659976068594
winter spring,1,0,5.464231107212678,0.3205659976068594
trucker coming,1,0,5.464231107212678,0.3205659976068594
pieces puzzle,1,0,5.464231107212678,0.3205659976068594
pieces building,1,0,5.464231107212678,0.3205659976068594
wires like,1,0,5.464231107212678,0.3205659976068594
piece tax,1,0,5.464231107212678,0.3205659976068594
trucks hauling,1,0,5.464231107212678,0.3205659976068594
piece information,1,0,5.464231107212678,0.3205659976068594
truck things,1,0,5.464231107212678,0.3205659976068594
pillsbury expect,1,0,5.464231107212678,0.3205659976068594
pillsbury generation,1,0,5.464231107212678,0.3205659976068594
willing publish,1,0,5.464231107212678,0.3205659976068594
pipeline long,1,0,5.464231107212678,0.3205659976068594
win bears,1,0,5.464231107212678,0.3205659976068594
pipeline controversy,1,0,5.464231107212678,0.3205659976068594
pipe kind,1,0,5.464231107212678,0.3205659976068594
pipe,1,0,5.464231107212678,0.3205659976068594
pin going,1,0,5.464231107212678,0.3205659976068594
pin,1,0,5.464231107212678,0.3205659976068594
pillsbury ve,1,0,5.464231107212678,0.3205659976068594
pillsbury think,1,0,5.464231107212678,0.3205659976068594
zoning petition,1,0,5.464231107212678,0.3205659976068594
wintertime,1,0,5.464231107212678,0.3205659976068594
truck routes,1,0,5.464231107212678,0.3205659976068594
pillsbury just,1,0,5.464231107212678,0.3205659976068594
wintertime reduced,1,0,5.464231107212678,0.3205659976068594
pillsbury good,1,0,5.464231107212678,0.3205659976068594
piece building,1,0,5.464231107212678,0.3205659976068594
pie tax,1,0,5.464231107212678,0.3205659976068594
pie chart,1,0,5.464231107212678,0.3205659976068594
william,1,0,5.464231107212678,0.3205659976068594
photo,1,0,5.464231107212678,0.3205659976068594
phones device,1,0,5.464231107212678,0.3205659976068594
phones,1,0,5.464231107212678,0.3205659976068594
true right,1,0,5.464231107212678,0.3205659976068594
true things,1,0,5.464231107212678,0.3205659976068594
phone like,1,0,5.464231107212678,0.3205659976068594
phone left,1,0,5.464231107212678,0.3205659976068594
phone know,1,0,5.464231107212678,0.3205659976068594
phone knew,1,0,5.464231107212678,0.3205659976068594
phone just,1,0,5.464231107212678,0.3205659976068594
wiring,1,0,5.464231107212678,0.3205659976068594
phone did,1,0,5.464231107212678,0.3205659976068594
wilhite structure,1,0,5.464231107212678,0.3205659976068594
phone contacted,1,0,5.464231107212678,0.3205659976068594
true use,1,0,5.464231107212678,0.3205659976068594
photo neat,1,0,5.464231107212678,0.3205659976068594
zoning law,1,0,5.464231107212678,0.3205659976068594
picturing like,1,0,5.464231107212678,0.3205659976068594
phrased,1,0,5.464231107212678,0.3205659976068594
picturing head,1,0,5.464231107212678,0.3205659976068594
trucks need,1,0,5.464231107212678,0.3205659976068594
picture large,1,0,5.464231107212678,0.3205659976068594
picture acres,1,0,5.464231107212678,0.3205659976068594
picked taxing,1,0,5.464231107212678,0.3205659976068594
picked,1,0,5.464231107212678,0.3205659976068594
pick water,1,0,5.464231107212678,0.3205659976068594
pick times,1,0,5.464231107212678,0.3205659976068594
pick tab,1,0,5.464231107212678,0.3205659976068594
pick question,1,0,5.464231107212678,0.3205659976068594
pick cyrus,1,0,5.464231107212678,0.3205659976068594
pick asked,1,0,5.464231107212678,0.3205659976068594
true know,1,0,5.464231107212678,0.3205659976068594
william county,1,0,5.464231107212678,0.3205659976068594
phrased decimals,1,0,5.464231107212678,0.3205659976068594
pipeline supply,1,0,5.464231107212678,0.3205659976068594
truck lane,1,0,5.464231107212678,0.3205659976068594
wilheit slide,1,0,5.464231107212678,0.3205659976068594
place resolved,1,0,5.464231107212678,0.3205659976068594
treat,1,0,5.464231107212678,0.3205659976068594
place think,1,0,5.464231107212678,0.3205659976068594
treat facilities,1,0,5.464231107212678,0.3205659976068594
place state,1,0,5.464231107212678,0.3205659976068594
treatment,1,0,5.464231107212678,0.3205659976068594
place sangamon,1,0,5.464231107212678,0.3205659976068594
treatment generally,1,0,5.464231107212678,0.3205659976068594
zoning setbacks,1,0,5.464231107212678,0.3205659976068594
pipelines wants,1,0,5.464231107212678,0.3205659976068594
zoning rule,1,0,5.464231107212678,0.3205659976068594
place residences,1,0,5.464231107212678,0.3205659976068594
place provisions,1,0,5.464231107212678,0.3205659976068594
place projects,1,0,5.464231107212678,0.3205659976068594
tremendous,1,0,5.464231107212678,0.3205659976068594
place place,1,0,5.464231107212678,0.3205659976068594
tremendous capacity,1,0,5.464231107212678,0.3205659976068594
place willing,1,0,5.464231107212678,0.3205659976068594
wind siting,1,0,5.464231107212678,0.3205659976068594
placed,1,0,5.464231107212678,0.3205659976068594
placed use,1,0,5.464231107212678,0.3205659976068594
places slide,1,0,5.464231107212678,0.3205659976068594
places operate,1,0,5.464231107212678,0.3205659976068594
places need,1,0,5.464231107212678,0.3205659976068594
places maybe,1,0,5.464231107212678,0.3205659976068594
places line,1,0,5.464231107212678,0.3205659976068594
traveling outward,1,0,5.464231107212678,0.3205659976068594
travels,1,0,5.464231107212678,0.3205659976068594
travels eminates,1,0,5.464231107212678,0.3205659976068594
places departments,1,0,5.464231107212678,0.3205659976068594
places company,1,0,5.464231107212678,0.3205659976068594
places community,1,0,5.464231107212678,0.3205659976068594
places clothes,1,0,5.464231107212678,0.3205659976068594
places buy,1,0,5.464231107212678,0.3205659976068594
places built,1,0,5.464231107212678,0.3205659976068594
zoning storage,1,0,5.464231107212678,0.3205659976068594
place park,1,0,5.464231107212678,0.3205659976068594
trend,1,0,5.464231107212678,0.3205659976068594
trend prices,1,0,5.464231107212678,0.3205659976068594
triggering,1,0,5.464231107212678,0.3205659976068594
pla does,1,0,5.464231107212678,0.3205659976068594
pla commitment,1,0,5.464231107212678,0.3205659976068594
pla agreements,1,0,5.464231107212678,0.3205659976068594
trillions,1,0,5.464231107212678,0.3205659976068594
trillions dollars,1,0,5.464231107212678,0.3205659976068594
pjm spp,1,0,5.464231107212678,0.3205659976068594
pjm ongoing,1,0,5.464231107212678,0.3205659976068594
pjm local,1,0,5.464231107212678,0.3205659976068594
pjm grid,1,0,5.464231107212678,0.3205659976068594
pitching help,1,0,5.464231107212678,0.3205659976068594
pitching,1,0,5.464231107212678,0.3205659976068594
trouble,1,0,5.464231107212678,0.3205659976068594
trouble understanding,1,0,5.464231107212678,0.3205659976068594
troubles,1,0,5.464231107212678,0.3205659976068594
troubles know,1,0,5.464231107212678,0.3205659976068594
triggering need,1,0,5.464231107212678,0.3205659976068594
pla negotiations,1,0,5.464231107212678,0.3205659976068594
wind natural,1,0,5.464231107212678,0.3205659976068594
pla question,1,0,5.464231107212678,0.3205659976068594
windows,1,0,5.464231107212678,0.3205659976068594
zoning requirements,1,0,5.464231107212678,0.3205659976068594
place invest,1,0,5.464231107212678,0.3205659976068594
windows want,1,0,5.464231107212678,0.3205659976068594
place exhaust,1,0,5.464231107212678,0.3205659976068594
place don,1,0,5.464231107212678,0.3205659976068594
place delivering,1,0,5.464231107212678,0.3205659976068594
zoning projects,1,0,5.464231107212678,0.3205659976068594
place come,1,0,5.464231107212678,0.3205659976068594
place change,1,0,5.464231107212678,0.3205659976068594
place build,1,0,5.464231107212678,0.3205659976068594
zoning process,1,0,5.464231107212678,0.3205659976068594
pla specifically,1,0,5.464231107212678,0.3205659976068594
winter fest,1,0,5.464231107212678,0.3205659976068594
zoning powers,1,0,5.464231107212678,0.3205659976068594
wilhite,1,0,5.464231107212678,0.3205659976068594
phd communication,1,0,5.464231107212678,0.3205659976068594
turned know,1,0,5.464231107212678,0.3205659976068594
permanent workforce,1,0,5.464231107212678,0.3205659976068594
withdraw,1,0,5.464231107212678,0.3205659976068594
trying open,1,0,5.464231107212678,0.3205659976068594
trying organize,1,0,5.464231107212678,0.3205659976068594
trying place,1,0,5.464231107212678,0.3205659976068594
trying provide,1,0,5.464231107212678,0.3205659976068594
withdraw water,1,0,5.464231107212678,0.3205659976068594
trying remember,1,0,5.464231107212678,0.3205659976068594
trying run,1,0,5.464231107212678,0.3205659976068594
try track,1,0,5.464231107212678,0.3205659976068594
permanent increase,1,0,5.464231107212678,0.3205659976068594
trying spell,1,0,5.464231107212678,0.3205659976068594
wholesale regions,1,0,5.464231107212678,0.3205659976068594
trying start,1,0,5.464231107212678,0.3205659976068594
period yes,1,0,5.464231107212678,0.3205659976068594
trying stay,1,0,5.464231107212678,0.3205659976068594
period vera,1,0,5.464231107212678,0.3205659976068594
trying new,1,0,5.464231107212678,0.3205659976068594
permit happy,1,0,5.464231107212678,0.3205659976068594
trying like,1,0,5.464231107212678,0.3205659976068594
trying erase,1,0,5.464231107212678,0.3205659976068594
wide range,1,0,5.464231107212678,0.3205659976068594
wide,1,0,5.464231107212678,0.3205659976068594
whopping seconds,1,0,5.464231107212678,0.3205659976068594
whopping,1,0,5.464231107212678,0.3205659976068594
wholesale works,1,0,5.464231107212678,0.3205659976068594
trying actually,1,0,5.464231107212678,0.3205659976068594
trying afford,1,0,5.464231107212678,0.3205659976068594
trying best,1,0,5.464231107212678,0.3205659976068594
zone needed,1,0,5.464231107212678,0.3205659976068594
trying cursive,1,0,5.464231107212678,0.3205659976068594
permits sundays,1,0,5.464231107212678,0.3205659976068594
trying dance,1,0,5.464231107212678,0.3205659976068594
trying deal,1,0,5.464231107212678,0.3205659976068594
zone just,1,0,5.464231107212678,0.3205659976068594
trying equal,1,0,5.464231107212678,0.3205659976068594
period time,1,0,5.464231107212678,0.3205659976068594
period remember,1,0,5.464231107212678,0.3205659976068594
wholesale rates,1,0,5.464231107212678,0.3205659976068594
percentage labor,1,0,5.464231107212678,0.3205659976068594
percentage don,1,0,5.464231107212678,0.3205659976068594
percent total,1,0,5.464231107212678,0.3205659976068594
wholesale energy,1,0,5.464231107212678,0.3205659976068594
turn equation,1,0,5.464231107212678,0.3205659976068594
turn profit,1,0,5.464231107212678,0.3205659976068594
people worried,1,0,5.464231107212678,0.3205659976068594
zba meetings,1,0,5.464231107212678,0.3205659976068594
white lines,1,0,5.464231107212678,0.3205659976068594
white hall,1,0,5.464231107212678,0.3205659976068594
white cross,1,0,5.464231107212678,0.3205659976068594
people wish,1,0,5.464231107212678,0.3205659976068594
turn way,1,0,5.464231107212678,0.3205659976068594
turned delayed,1,0,5.464231107212678,0.3205659976068594
people train,1,0,5.464231107212678,0.3205659976068594
people town,1,0,5.464231107212678,0.3205659976068594
zero new,1,0,5.464231107212678,0.3205659976068594
percentage relative,1,0,5.464231107212678,0.3205659976068594
wholesale procurement,1,0,5.464231107212678,0.3205659976068594
percentage say,1,0,5.464231107212678,0.3205659976068594
period ll,1,0,5.464231107212678,0.3205659976068594
period just,1,0,5.464231107212678,0.3205659976068594
period going,1,0,5.464231107212678,0.3205659976068594
period county,1,0,5.464231107212678,0.3205659976068594
trying vain,1,0,5.464231107212678,0.3205659976068594
perimeter lighting,1,0,5.464231107212678,0.3205659976068594
perimeter,1,0,5.464231107212678,0.3205659976068594
perfectly manicured,1,0,5.464231107212678,0.3205659976068594
perfectly,1,0,5.464231107212678,0.3205659976068594
perfect thanks,1,0,5.464231107212678,0.3205659976068594
tune,1,0,5.464231107212678,0.3205659976068594
tune tens,1,0,5.464231107212678,0.3205659976068594
perfect county,1,0,5.464231107212678,0.3205659976068594
wholesale power,1,0,5.464231107212678,0.3205659976068594
percentage terms,1,0,5.464231107212678,0.3205659976068594
widespread,1,0,5.464231107212678,0.3205659976068594
try start,1,0,5.464231107212678,0.3205659976068594
wilheit,1,0,5.464231107212678,0.3205659976068594
perspective unfortunately,1,0,5.464231107212678,0.3205659976068594
trust does,1,0,5.464231107212678,0.3205659976068594
zoning approvals,1,0,5.464231107212678,0.3205659976068594
trust librarian,1,0,5.464231107212678,0.3205659976068594
wildlife farmland,1,0,5.464231107212678,0.3205659976068594
trustworthy,1,0,5.464231107212678,0.3205659976068594
petition depends,1,0,5.464231107212678,0.3205659976068594
trustworthy past,1,0,5.464231107212678,0.3205659976068594
perspective think,1,0,5.464231107212678,0.3205659976068594
permitting fees,1,0,5.464231107212678,0.3205659976068594
wildflowers things,1,0,5.464231107212678,0.3205659976068594
perspective similar,1,0,5.464231107212678,0.3205659976068594
wildflowers,1,0,5.464231107212678,0.3205659976068594
perspective plus,1,0,5.464231107212678,0.3205659976068594
zones right,1,0,5.464231107212678,0.3205659976068594
try articulate,1,0,5.464231107212678,0.3205659976068594
perspective happy,1,0,5.464231107212678,0.3205659976068594
wildlife habitat,1,0,5.464231107212678,0.3205659976068594
wise,1,0,5.464231107212678,0.3205659976068594
wisconsin louisiana,1,0,5.464231107212678,0.3205659976068594
petitions,1,0,5.464231107212678,0.3205659976068594
phases miso,1,0,5.464231107212678,0.3205659976068594
phases building,1,0,5.464231107212678,0.3205659976068594
phased exactly,1,0,5.464231107212678,0.3205659976068594
phased correct,1,0,5.464231107212678,0.3205659976068594
phase sources,1,0,5.464231107212678,0.3205659976068594
wiring going,1,0,5.464231107212678,0.3205659976068594
phase officially,1,0,5.464231107212678,0.3205659976068594
zoning issues,1,0,5.464231107212678,0.3205659976068594
wildlife specifically,1,0,5.464231107212678,0.3205659976068594
truly simple,1,0,5.464231107212678,0.3205659976068594
pgm refers,1,0,5.464231107212678,0.3205659976068594
pgm considering,1,0,5.464231107212678,0.3205659976068594
truly works,1,0,5.464231107212678,0.3205659976068594
zoning change,1,0,5.464231107212678,0.3205659976068594
petitions speak,1,0,5.464231107212678,0.3205659976068594
wild west,1,0,5.464231107212678,0.3205659976068594
wise ve,1,0,5.464231107212678,0.3205659976068594
perspective generator,1,0,5.464231107212678,0.3205659976068594
person talked,1,0,5.464231107212678,0.3205659976068594
wish total,1,0,5.464231107212678,0.3205659976068594
person runs,1,0,5.464231107212678,0.3205659976068594
try main,1,0,5.464231107212678,0.3205659976068594
person reasonably,1,0,5.464231107212678,0.3205659976068594
wife born,1,0,5.464231107212678,0.3205659976068594
person raised,1,0,5.464231107212678,0.3205659976068594
person public,1,0,5.464231107212678,0.3205659976068594
widespread growing,1,0,5.464231107212678,0.3205659976068594
person kind,1,0,5.464231107212678,0.3205659976068594
person involved,1,0,5.464231107212678,0.3205659976068594
person couple,1,0,5.464231107212678,0.3205659976068594
person answering,1,0,5.464231107212678,0.3205659976068594
permitting noise,1,0,5.464231107212678,0.3205659976068594
permitting illinois,1,0,5.464231107212678,0.3205659976068594
permitting filling,1,0,5.464231107212678,0.3205659976068594
try listen,1,0,5.464231107212678,0.3205659976068594
try illustrate,1,0,5.464231107212678,0.3205659976068594
perspective don,1,0,5.464231107212678,0.3205659976068594
try going,1,0,5.464231107212678,0.3205659976068594
wish clarify,1,0,5.464231107212678,0.3205659976068594
perspective assume,1,0,5.464231107212678,0.3205659976068594
try balance,1,0,5.464231107212678,0.3205659976068594
try brief,1,0,5.464231107212678,0.3205659976068594
wife surgery,1,0,5.464231107212678,0.3205659976068594
personnel contractors,1,0,5.464231107212678,0.3205659976068594
zones central,1,0,5.464231107212678,0.3205659976068594
personally worked,1,0,5.464231107212678,0.3205659976068594
personally speaking,1,0,5.464231107212678,0.3205659976068594
personally skeptical,1,0,5.464231107212678,0.3205659976068594
personally personally,1,0,5.464231107212678,0.3205659976068594
wish took,1,0,5.464231107212678,0.3205659976068594
personally did,1,0,5.464231107212678,0.3205659976068594
personally believe,1,0,5.464231107212678,0.3205659976068594
personal perspective,1,0,5.464231107212678,0.3205659976068594
park truck,1,0,5.464231107212678,0.3205659976068594
passing resolution,1,0,5.464231107212678,0.3205659976068594
parents time,1,0,5.464231107212678,0.3205659976068594
unusual projects,1,0,5.464231107212678,0.3205659976068594
use mentioned,1,0,5.464231107212678,0.3205659976068594
opportunity actually,1,0,5.464231107212678,0.3205659976068594
opportunities thing,1,0,5.464231107212678,0.3205659976068594
wondering help,1,0,5.464231107212678,0.3205659976068594
years right,1,0,5.464231107212678,0.3205659976068594
opportunities like,1,0,5.464231107212678,0.3205659976068594
opportunities ensure,1,0,5.464231107212678,0.3205659976068594
opportunities employment,1,0,5.464231107212678,0.3205659976068594
week cirrus,1,0,5.464231107212678,0.3205659976068594
opportunities come,1,0,5.464231107212678,0.3205659976068594
use motion,1,0,5.464231107212678,0.3205659976068594
opponents project,1,0,5.464231107212678,0.3205659976068594
use reason,1,0,5.464231107212678,0.3205659976068594
outdoor,1,0,5.464231107212678,0.3205659976068594
outdoor bars,1,0,5.464231107212678,0.3205659976068594
outlets,1,0,5.464231107212678,0.3205659976068594
outlets cyrus,1,0,5.464231107212678,0.3205659976068594
way run,1,0,5.464231107212678,0.3205659976068594
outlier,1,0,5.464231107212678,0.3205659976068594
way right,1,0,5.464231107212678,0.3205659976068594
week explain,1,0,5.464231107212678,0.3205659976068594
week gross,1,0,5.464231107212678,0.3205659976068594
word harm,1,0,5.464231107212678,0.3205659976068594
outlier belong,1,0,5.464231107212678,0.3205659976068594
opportunity change,1,0,5.464231107212678,0.3205659976068594
outages ll,1,0,5.464231107212678,0.3205659976068594
week ago,1,0,5.464231107212678,0.3205659976068594
outage took,1,0,5.464231107212678,0.3205659976068594
website including,1,0,5.464231107212678,0.3205659976068594
opportunity infrastructure,1,0,5.464231107212678,0.3205659976068594
organizing evening,1,0,5.464231107212678,0.3205659976068594
website like,1,0,5.464231107212678,0.3205659976068594
website massively,1,0,5.464231107212678,0.3205659976068594
original application,1,0,5.464231107212678,0.3205659976068594
opportunity hear,1,0,5.464231107212678,0.3205659976068594
years prairie,1,0,5.464231107212678,0.3205659976068594
originally,1,0,5.464231107212678,0.3205659976068594
originally zoning,1,0,5.464231107212678,0.3205659976068594
osiris team,1,0,5.464231107212678,0.3205659976068594
osiris worker,1,0,5.464231107212678,0.3205659976068594
use law,1,0,5.464231107212678,0.3205659976068594
way skis,1,0,5.464231107212678,0.3205659976068594
website saying,1,0,5.464231107212678,0.3205659976068594
upgrades exceed,1,0,5.464231107212678,0.3205659976068594
ought look,1,0,5.464231107212678,0.3205659976068594
ought pay,1,0,5.464231107212678,0.3205659976068594
website want,1,0,5.464231107212678,0.3205659976068594
use local,1,0,5.464231107212678,0.3205659976068594
wondering looks,1,0,5.464231107212678,0.3205659976068594
years quite,1,0,5.464231107212678,0.3205659976068594
opportunity doesn,1,0,5.464231107212678,0.3205659976068594
week half,1,0,5.464231107212678,0.3205659976068594
use reduce,1,0,5.464231107212678,0.3205659976068594
weekly cases,1,0,5.464231107212678,0.3205659976068594
operator going,1,0,5.464231107212678,0.3205659976068594
unprecedented pace,1,0,5.464231107212678,0.3205659976068594
use significantly,1,0,5.464231107212678,0.3205659976068594
unprecedented,1,0,5.464231107212678,0.3205659976068594
years help,1,0,5.464231107212678,0.3205659976068594
use union,1,0,5.464231107212678,0.3205659976068594
week week,1,0,5.464231107212678,0.3205659976068594
use various,1,0,5.464231107212678,0.3205659976068594
unparalleled region,1,0,5.464231107212678,0.3205659976068594
unparalleled,1,0,5.464231107212678,0.3205659976068594
use want,1,0,5.464231107212678,0.3205659976068594
operator midwest,1,0,5.464231107212678,0.3205659976068594
operator ferc,1,0,5.464231107212678,0.3205659976068594
outlook identifies,1,0,5.464231107212678,0.3205659976068594
weekend definitely,1,0,5.464231107212678,0.3205659976068594
years year,1,0,5.464231107212678,0.3205659976068594
operator energy,1,0,5.464231107212678,0.3205659976068594
way regional,1,0,5.464231107212678,0.3205659976068594
outward,1,0,5.464231107212678,0.3205659976068594
operative middle,1,0,5.464231107212678,0.3205659976068594
operative,1,0,5.464231107212678,0.3205659976068594
operations serve,1,0,5.464231107212678,0.3205659976068594
outward site,1,0,5.464231107212678,0.3205659976068594
unlocked expand,1,0,5.464231107212678,0.3205659976068594
unlocked,1,0,5.464231107212678,0.3205659976068594
oranges,1,0,5.464231107212678,0.3205659976068594
use shortages,1,0,5.464231107212678,0.3205659976068594
outside sign,1,0,5.464231107212678,0.3205659976068594
outside prices,1,0,5.464231107212678,0.3205659976068594
outlook project,1,0,5.464231107212678,0.3205659976068594
years substation,1,0,5.464231107212678,0.3205659976068594
opinions probably,1,0,5.464231107212678,0.3205659976068594
outpaces,1,0,5.464231107212678,0.3205659976068594
outpaces information,1,0,5.464231107212678,0.3205659976068594
use right,1,0,5.464231107212678,0.3205659976068594
week just,1,0,5.464231107212678,0.3205659976068594
opinions community,1,0,5.464231107212678,0.3205659976068594
output,1,0,5.464231107212678,0.3205659976068594
output mentioned,1,0,5.464231107212678,0.3205659976068594
outrageous,1,0,5.464231107212678,0.3205659976068594
outrageous bills,1,0,5.464231107212678,0.3205659976068594
use road,1,0,5.464231107212678,0.3205659976068594
years taxing,1,0,5.464231107212678,0.3205659976068594
use says,1,0,5.464231107212678,0.3205659976068594
opinion relies,1,0,5.464231107212678,0.3205659976068594
outside kankakee,1,0,5.464231107212678,0.3205659976068594
outside pawnee,1,0,5.464231107212678,0.3205659976068594
opinion passing,1,0,5.464231107212678,0.3205659976068594
opinion option,1,0,5.464231107212678,0.3205659976068594
opinion legal,1,0,5.464231107212678,0.3205659976068594
opinion lakeshore,1,0,5.464231107212678,0.3205659976068594
outside prairie,1,0,5.464231107212678,0.3205659976068594
use large,1,0,5.464231107212678,0.3205659976068594
opportunity make,1,0,5.464231107212678,0.3205659976068594
website glad,1,0,5.464231107212678,0.3205659976068594
urge want,1,0,5.464231107212678,0.3205659976068594
urging substance,1,0,5.464231107212678,0.3205659976068594
urging,1,0,5.464231107212678,0.3205659976068594
option consumers,1,0,5.464231107212678,0.3205659976068594
ordinance cover,1,0,5.464231107212678,0.3205659976068594
ops program,1,0,5.464231107212678,0.3205659976068594
wondering plan,1,0,5.464231107212678,0.3205659976068594
ops main,1,0,5.464231107212678,0.3205659976068594
ways electronic,1,0,5.464231107212678,0.3205659976068594
urged county,1,0,5.464231107212678,0.3205659976068594
opposition project,1,0,5.464231107212678,0.3205659976068594
urged,1,0,5.464231107212678,0.3205659976068594
ordinance number,1,0,5.464231107212678,0.3205659976068594
organized trades,1,0,5.464231107212678,0.3205659976068594
ordinance ordinance,1,0,5.464231107212678,0.3205659976068594
urge wait,1,0,5.464231107212678,0.3205659976068594
ordinance recurrent,1,0,5.464231107212678,0.3205659976068594
opposition opposition,1,0,5.464231107212678,0.3205659976068594
years kkr,1,0,5.464231107212678,0.3205659976068594
opposition event,1,0,5.464231107212678,0.3205659976068594
opposition easily,1,0,5.464231107212678,0.3205659976068594
years memorial,1,0,5.464231107212678,0.3205659976068594
opposition challenges,1,0,5.464231107212678,0.3205659976068594
ordinance responders,1,0,5.464231107212678,0.3205659976068594
wondering mean,1,0,5.464231107212678,0.3205659976068594
ordinance amended,1,0,5.464231107212678,0.3205659976068594
ordinance affect,1,0,5.464231107212678,0.3205659976068594
usage ai,1,0,5.464231107212678,0.3205659976068594
usage closed,1,0,5.464231107212678,0.3205659976068594
use baker,1,0,5.464231107212678,0.3205659976068594
years long,1,0,5.464231107212678,0.3205659976068594
use approximately,1,0,5.464231107212678,0.3205659976068594
usage summertime,1,0,5.464231107212678,0.3205659976068594
usage standpoint,1,0,5.464231107212678,0.3205659976068594
orange portions,1,0,5.464231107212678,0.3205659976068594
order going,1,0,5.464231107212678,0.3205659976068594
usage seeing,1,0,5.464231107212678,0.3205659976068594
usage looked,1,0,5.464231107212678,0.3205659976068594
usage demand,1,0,5.464231107212678,0.3205659976068594
order table,1,0,5.464231107212678,0.3205659976068594
order think,1,0,5.464231107212678,0.3205659976068594
orange black,1,0,5.464231107212678,0.3205659976068594
usage cyrus,1,0,5.464231107212678,0.3205659976068594
wooddale,1,0,5.464231107212678,0.3205659976068594
wooddale demand,1,0,5.464231107212678,0.3205659976068594
oracle taken,1,0,5.464231107212678,0.3205659976068594
oracle,1,0,5.464231107212678,0.3205659976068594
use cell,1,0,5.464231107212678,0.3205659976068594
usage cooling,1,0,5.464231107212678,0.3205659976068594
use closed,1,0,5.464231107212678,0.3205659976068594
wondering want,1,0,5.464231107212678,0.3205659976068594
use comparable,1,0,5.464231107212678,0.3205659976068594
opposition building,1,0,5.464231107212678,0.3205659976068594
opposition board,1,0,5.464231107212678,0.3205659976068594
ordinance sangamon,1,0,5.464231107212678,0.3205659976068594
way trying,1,0,5.464231107212678,0.3205659976068594
organizations giving,1,0,5.464231107212678,0.3205659976068594
upside,1,0,5.464231107212678,0.3205659976068594
years passes,1,0,5.464231107212678,0.3205659976068594
oppose se,1,0,5.464231107212678,0.3205659976068594
oppose issues,1,0,5.464231107212678,0.3205659976068594
opportunity work,1,0,5.464231107212678,0.3205659976068594
use gallons,1,0,5.464231107212678,0.3205659976068594
website effort,1,0,5.464231107212678,0.3205659976068594
organizations presentation,1,0,5.464231107212678,0.3205659976068594
opportunity think,1,0,5.464231107212678,0.3205659976068594
opportunity switch,1,0,5.464231107212678,0.3205659976068594
opportunity respecting,1,0,5.464231107212678,0.3205659976068594
website excuse,1,0,5.464231107212678,0.3205659976068594
organizations represented,1,0,5.464231107212678,0.3205659976068594
years husband,1,0,5.464231107212678,0.3205659976068594
organizations serving,1,0,5.464231107212678,0.3205659976068594
organizations tonight,1,0,5.464231107212678,0.3205659976068594
organizations ve,1,0,5.464231107212678,0.3205659976068594
organize,1,0,5.464231107212678,0.3205659976068594
opportunity mike,1,0,5.464231107212678,0.3205659976068594
organize information,1,0,5.464231107212678,0.3205659976068594
ups systems,1,0,5.464231107212678,0.3205659976068594
ups,1,0,5.464231107212678,0.3205659976068594
organizations belong,1,0,5.464231107212678,0.3205659976068594
organization wanting,1,0,5.464231107212678,0.3205659976068594
urge opportunity,1,0,5.464231107212678,0.3205659976068594
organization nearly,1,0,5.464231107212678,0.3205659976068594
way worse,1,0,5.464231107212678,0.3205659976068594
way want,1,0,5.464231107212678,0.3205659976068594
use eminent,1,0,5.464231107212678,0.3205659976068594
opposed reasoning,1,0,5.464231107212678,0.3205659976068594
use equivalent,1,0,5.464231107212678,0.3205659976068594
opposed granting,1,0,5.464231107212678,0.3205659976068594
opposed buildings,1,0,5.464231107212678,0.3205659976068594
years operational,1,0,5.464231107212678,0.3205659976068594
way urge,1,0,5.464231107212678,0.3205659976068594
weather haven,1,0,5.464231107212678,0.3205659976068594
use evaporative,1,0,5.464231107212678,0.3205659976068594
ordinances laws,1,0,5.464231107212678,0.3205659976068594
way turn,1,0,5.464231107212678,0.3205659976068594
years impact,1,0,5.464231107212678,0.3205659976068594
urge board,1,0,5.464231107212678,0.3205659976068594
ordinances regulating,1,0,5.464231107212678,0.3205659976068594
upss uninterruptible,1,0,5.464231107212678,0.3205659976068594
use facilities,1,0,5.464231107212678,0.3205659976068594
ordinary,1,0,5.464231107212678,0.3205659976068594
ordinary people,1,0,5.464231107212678,0.3205659976068594
use funds,1,0,5.464231107212678,0.3205659976068594
upss,1,0,5.464231107212678,0.3205659976068594
upside support,1,0,5.464231107212678,0.3205659976068594
operations according,1,0,5.464231107212678,0.3205659976068594
wondering worth,1,0,5.464231107212678,0.3205659976068594
units,1,0,5.464231107212678,0.3205659976068594
units pointed,1,0,5.464231107212678,0.3205659976068594
ownership changed,1,0,5.464231107212678,0.3205659976068594
years funding,1,0,5.464231107212678,0.3205659976068594
ownership prior,1,0,5.464231107212678,0.3205659976068594
panardi,1,0,5.464231107212678,0.3205659976068594
operate ve,1,0,5.464231107212678,0.3205659976068594
palantir right,1,0,5.464231107212678,0.3205659976068594
operate united,1,0,5.464231107212678,0.3205659976068594
operate time,1,0,5.464231107212678,0.3205659976068594
years estimate,1,0,5.464231107212678,0.3205659976068594
used mass,1,0,5.464231107212678,0.3205659976068594
operate location,1,0,5.464231107212678,0.3205659976068594
won let,1,0,5.464231107212678,0.3205659976068594
palantir,1,0,5.464231107212678,0.3205659976068594
operate tenants,1,0,5.464231107212678,0.3205659976068594
weekly monthly,1,0,5.464231107212678,0.3205659976068594
way missouri,1,0,5.464231107212678,0.3205659976068594
open know,1,0,5.464231107212678,0.3205659976068594
way metered,1,0,5.464231107212678,0.3205659976068594
operate making,1,0,5.464231107212678,0.3205659976068594
years examples,1,0,5.464231107212678,0.3205659976068594
universe happened,1,0,5.464231107212678,0.3205659976068594
universe internet,1,0,5.464231107212678,0.3205659976068594
universe saying,1,0,5.464231107212678,0.3205659976068594
welcome ma,1,0,5.464231107212678,0.3205659976068594
operating say,1,0,5.464231107212678,0.3205659976068594
operating maybe,1,0,5.464231107212678,0.3205659976068594
owner imminent,1,0,5.464231107212678,0.3205659976068594
operating large,1,0,5.464231107212678,0.3205659976068594
university michigan,1,0,5.464231107212678,0.3205659976068594
pandora box,1,0,5.464231107212678,0.3205659976068594
owner kkr,1,0,5.464231107212678,0.3205659976068594
used appropriately,1,0,5.464231107212678,0.3205659976068594
operates using,1,0,5.464231107212678,0.3205659976068594
universe somebody,1,0,5.464231107212678,0.3205659976068594
operates rusted,1,0,5.464231107212678,0.3205659976068594
operates ll,1,0,5.464231107212678,0.3205659976068594
way munis,1,0,5.464231107212678,0.3205659976068594
welcome,1,0,5.464231107212678,0.3205659976068594
operated questions,1,0,5.464231107212678,0.3205659976068594
pandora,1,0,5.464231107212678,0.3205659976068594
panardi worked,1,0,5.464231107212678,0.3205659976068594
owner volunteer,1,0,5.464231107212678,0.3205659976068594
used bring,1,0,5.464231107212678,0.3205659976068594
used cme,1,0,5.464231107212678,0.3205659976068594
used making,1,0,5.464231107212678,0.3205659976068594
operating typically,1,0,5.464231107212678,0.3205659976068594
operate backgrounds,1,0,5.464231107212678,0.3205659976068594
unique county,1,0,5.464231107212678,0.3205659976068594
page impact,1,0,5.464231107212678,0.3205659976068594
unique building,1,0,5.464231107212678,0.3205659976068594
used generate,1,0,5.464231107212678,0.3205659976068594
used just,1,0,5.464231107212678,0.3205659976068594
operate backup,1,0,5.464231107212678,0.3205659976068594
page presentation,1,0,5.464231107212678,0.3205659976068594
pages,1,0,5.464231107212678,0.3205659976068594
pages probably,1,0,5.464231107212678,0.3205659976068594
way left,1,0,5.464231107212678,0.3205659976068594
oxides,1,0,5.464231107212678,0.3205659976068594
unique attributes,1,0,5.464231107212678,0.3205659976068594
used incredibly,1,0,5.464231107212678,0.3205659976068594
opening central,1,0,5.464231107212678,0.3205659976068594
paid don,1,0,5.464231107212678,0.3205659976068594
used homes,1,0,5.464231107212678,0.3205659976068594
paid rate,1,0,5.464231107212678,0.3205659976068594
paid special,1,0,5.464231107212678,0.3205659976068594
won rate,1,0,5.464231107212678,0.3205659976068594
opening yes,1,0,5.464231107212678,0.3205659976068594
way let,1,0,5.464231107212678,0.3205659976068594
unique specifically,1,0,5.464231107212678,0.3205659976068594
unique stuff,1,0,5.464231107212678,0.3205659976068594
won read,1,0,5.464231107212678,0.3205659976068594
used local,1,0,5.464231107212678,0.3205659976068594
operate loading,1,0,5.464231107212678,0.3205659976068594
used coming,1,0,5.464231107212678,0.3205659976068594
open pandora,1,0,5.464231107212678,0.3205659976068594
won necessarily,1,0,5.464231107212678,0.3205659976068594
oxides contribute,1,0,5.464231107212678,0.3205659976068594
unit ve,1,0,5.464231107212678,0.3205659976068594
unit bring,1,0,5.464231107212678,0.3205659976068594
operate hours,1,0,5.464231107212678,0.3205659976068594
ozone asthma,1,0,5.464231107212678,0.3205659976068594
pace,1,0,5.464231107212678,0.3205659976068594
used don,1,0,5.464231107212678,0.3205659976068594
open spaces,1,0,5.464231107212678,0.3205659976068594
pace opposition,1,0,5.464231107212678,0.3205659976068594
operate face,1,0,5.464231107212678,0.3205659976068594
yes assurances,1,0,5.464231107212678,0.3205659976068594
operate europe,1,0,5.464231107212678,0.3205659976068594
packers,1,0,5.464231107212678,0.3205659976068594
packers game,1,0,5.464231107212678,0.3205659976068594
operating today,1,0,5.464231107212678,0.3205659976068594
yes ahead,1,0,5.464231107212678,0.3205659976068594
unknowns folks,1,0,5.464231107212678,0.3205659976068594
weeks question,1,0,5.464231107212678,0.3205659976068594
op local,1,0,5.464231107212678,0.3205659976068594
yellow white,1,0,5.464231107212678,0.3205659976068594
overload,1,0,5.464231107212678,0.3205659976068594
overload point,1,0,5.464231107212678,0.3205659976068594
weeks months,1,0,5.464231107212678,0.3205659976068594
unions mean,1,0,5.464231107212678,0.3205659976068594
panic button,1,0,5.464231107212678,0.3205659976068594
weeks numerous,1,0,5.464231107212678,0.3205659976068594
operational activity,1,0,5.464231107212678,0.3205659976068594
way real,1,0,5.464231107212678,0.3205659976068594
overhead,1,0,5.464231107212678,0.3205659976068594
unless missed,1,0,5.464231107212678,0.3205659976068594
oversees,1,0,5.464231107212678,0.3205659976068594
won storing,1,0,5.464231107212678,0.3205659976068594
panic,1,0,5.464231107212678,0.3205659976068594
oversees water,1,0,5.464231107212678,0.3205659976068594
way public,1,0,5.464231107212678,0.3205659976068594
yep going,1,0,5.464231107212678,0.3205659976068594
yep question,1,0,5.464231107212678,0.3205659976068594
operation regards,1,0,5.464231107212678,0.3205659976068594
overhead going,1,0,5.464231107212678,0.3205659976068594
operational concern,1,0,5.464231107212678,0.3205659976068594
overtime,1,0,5.464231107212678,0.3205659976068594
overall eav,1,0,5.464231107212678,0.3205659976068594
onsite substation,1,0,5.464231107212678,0.3205659976068594
operationally realizing,1,0,5.464231107212678,0.3205659976068594
operationally,1,0,5.464231107212678,0.3205659976068594
weeks filling,1,0,5.464231107212678,0.3205659976068594
operational power,1,0,5.464231107212678,0.3205659976068594
operational issue,1,0,5.464231107212678,0.3205659976068594
yes definitely,1,0,5.464231107212678,0.3205659976068594
went company,1,0,5.464231107212678,0.3205659976068594
unlikely need,1,0,5.464231107212678,0.3205659976068594
overall levy,1,0,5.464231107212678,0.3205659976068594
years happens,1,0,5.464231107212678,0.3205659976068594
overall project,1,0,5.464231107212678,0.3205659976068594
operational imagine,1,0,5.464231107212678,0.3205659976068594
unlikely cause,1,0,5.464231107212678,0.3205659976068594
unlikely associated,1,0,5.464231107212678,0.3205659976068594
operational currently,1,0,5.464231107212678,0.3205659976068594
overbuilt,1,0,5.464231107212678,0.3205659976068594
op cover,1,0,5.464231107212678,0.3205659976068594
overbuilt afraid,1,0,5.464231107212678,0.3205659976068594
unlike used,1,0,5.464231107212678,0.3205659976068594
yes correct,1,0,5.464231107212678,0.3205659976068594
unless pick,1,0,5.464231107212678,0.3205659976068594
overtime shifts,1,0,5.464231107212678,0.3205659976068594
yep thank,1,0,5.464231107212678,0.3205659976068594
won running,1,0,5.464231107212678,0.3205659976068594
used americans,1,0,5.464231107212678,0.3205659976068594
yes cj,1,0,5.464231107212678,0.3205659976068594
overview previously,1,0,5.464231107212678,0.3205659976068594
overview sites,1,0,5.464231107212678,0.3205659976068594
yep talk,1,0,5.464231107212678,0.3205659976068594
opaque,1,0,5.464231107212678,0.3205659976068594
yes absolutely,1,0,5.464231107212678,0.3205659976068594
weeks weeks,1,0,5.464231107212678,0.3205659976068594
panels capture,1,0,5.464231107212678,0.3205659976068594
won gone,1,0,5.464231107212678,0.3205659976068594
yes build,1,0,5.464231107212678,0.3205659976068594
owned customers,1,0,5.464231107212678,0.3205659976068594
panels home,1,0,5.464231107212678,0.3205659976068594
owned government,1,0,5.464231107212678,0.3205659976068594
used open,1,0,5.464231107212678,0.3205659976068594
opaque appreciate,1,0,5.464231107212678,0.3205659976068594
owned utilities,1,0,5.464231107212678,0.3205659976068594
way power,1,0,5.464231107212678,0.3205659976068594
unknowns sangamon,1,0,5.464231107212678,0.3205659976068594
unknowns retention,1,0,5.464231107212678,0.3205659976068594
way plan,1,0,5.464231107212678,0.3205659976068594
way picturing,1,0,5.464231107212678,0.3205659976068594
way phrased,1,0,5.464231107212678,0.3205659976068594
weeks ve,1,0,5.464231107212678,0.3205659976068594
yep ryan,1,0,5.464231107212678,0.3205659976068594
op pressure,1,0,5.464231107212678,0.3205659976068594
op telling,1,0,5.464231107212678,0.3205659976068594
operation guessing,1,0,5.464231107212678,0.3205659976068594
need,73,56,0.056743583157173205,0.3200061713839792
site,36,27,0.07917422634093718,0.31155789828706193
having,14,10,0.127710362692814,0.3090357409029032
sounds,6,4,0.19632977885017766,0.30477792400535403
moved,6,4,0.19632977885017766,0.30477792400535403
field,6,4,0.19632977885017766,0.30477792400535403
programs,6,4,0.19632977885017766,0.30477792400535403
lived,6,4,0.19632977885017766,0.30477792400535403
property tax,6,4,0.19632977885017766,0.30477792400535403
tech,6,4,0.19632977885017766,0.30477792400535403
industrial,6,4,0.19632977885017766,0.30477792400535403
anybody,6,4,0.19632977885017766,0.30477792400535403
thank thank,6,4,0.19632977885017766,0.30477792400535403
obviously,6,4,0.19632977885017766,0.30477792400535403
basically,6,4,0.19632977885017766,0.30477792400535403
ahead,10,7,0.14780201681068128,0.3005026323934684
idea,10,7,0.14780201681068128,0.3005026323934684
currently,11,8,0.10972517109945912,0.2365913813990653
office,11,8,0.10972517109945912,0.2365913813990653
respect,11,8,0.10972517109945912,0.2365913813990653
diesel generators,11,8,0.10972517109945912,0.2365913813990653
realize,7,5,0.12762598343310927,0.21839343239494022
rule,7,5,0.12762598343310927,0.21839343239494022
want make,7,5,0.12762598343310927,0.21839343239494022
completely,7,5,0.12762598343310927,0.21839343239494022
meet,7,5,0.12762598343310927,0.21839343239494022
night,7,5,0.12762598343310927,0.21839343239494022
double black,7,5,0.12762598343310927,0.21839343239494022
trades,7,5,0.12762598343310927,0.21839343239494022
track,3,2,0.19616449664644442,0.21536920743816568
helping,3,2,0.19616449664644442,0.21536920743816568
diener,3,2,0.19616449664644442,0.21536920743816568
honestly,3,2,0.19616449664644442,0.21536920743816568
raise rates,3,2,0.19616449664644442,0.21536920743816568
property owner,3,2,0.19616449664644442,0.21536920743816568
review,3,2,0.19616449664644442,0.21536920743816568
stated,3,2,0.19616449664644442,0.21536920743816568
property taxes,3,2,0.19616449664644442,0.21536920743816568
enter,3,2,0.19616449664644442,0.21536920743816568
strain,3,2,0.19616449664644442,0.21536920743816568
ma,3,2,0.19616449664644442,0.21536920743816568
think lot,3,2,0.19616449664644442,0.21536920743816568
bodies,3,2,0.19616449664644442,0.21536920743816568
team,3,2,0.19616449664644442,0.21536920743816568
protections,3,2,0.19616449664644442,0.21536920743816568
going start,3,2,0.19616449664644442,0.21536920743816568
agenda,3,2,0.19616449664644442,0.21536920743816568
construct,3,2,0.19616449664644442,0.21536920743816568
sent,3,2,0.19616449664644442,0.21536920743816568
making money,3,2,0.19616449664644442,0.21536920743816568
pointed,3,2,0.19616449664644442,0.21536920743816568
think going,3,2,0.19616449664644442,0.21536920743816568
square,3,2,0.19616449664644442,0.21536920743816568
just heard,3,2,0.19616449664644442,0.21536920743816568
thomas,3,2,0.19616449664644442,0.21536920743816568
professional staff,3,2,0.19616449664644442,0.21536920743816568
burden,3,2,0.19616449664644442,0.21536920743816568
people going,3,2,0.19616449664644442,0.21536920743816568
cars,3,2,0.19616449664644442,0.21536920743816568
fast,3,2,0.19616449664644442,0.21536920743816568
facts,3,2,0.19616449664644442,0.21536920743816568
receive,3,2,0.19616449664644442,0.21536920743816568
virginia,3,2,0.19616449664644442,0.21536920743816568
lori,3,2,0.19616449664644442,0.21536920743816568
residences,3,2,0.19616449664644442,0.21536920743816568
locations,3,2,0.19616449664644442,0.21536920743816568
conversation,3,2,0.19616449664644442,0.21536920743816568
presence,3,2,0.19616449664644442,0.21536920743816568
schedule,3,2,0.19616449664644442,0.21536920743816568
status,3,2,0.19616449664644442,0.21536920743816568
school districts,3,2,0.19616449664644442,0.21536920743816568
guyton,3,2,0.19616449664644442,0.21536920743816568
wanting,3,2,0.19616449664644442,0.21536920743816568
paid,3,2,0.19616449664644442,0.21536920743816568
want just,3,2,0.19616449664644442,0.21536920743816568
michigan,3,2,0.19616449664644442,0.21536920743816568
voltage,3,2,0.19616449664644442,0.21536920743816568
security,3,2,0.19616449664644442,0.21536920743816568
half,16,12,0.07909012531252557,0.20749201214546661
campus,21,16,0.0634114022813348,0.1914403474772527
built,26,20,0.05388489820653852,0.18150186568078097
learned,8,6,0.07902874199965826,0.14661451887374752
close,8,6,0.07902874199965826,0.14661451887374752
exist,8,6,0.07902874199965826,0.14661451887374752
aren,8,6,0.07902874199965826,0.14661451887374752
homes,8,6,0.07902874199965826,0.14661451887374752
gallons,8,6,0.07902874199965826,0.14661451887374752
quickly,8,6,0.07902874199965826,0.14661451887374752
stuff,13,10,0.05383633138777455,0.1282304865003916
serve,13,10,0.05383633138777455,0.1282304865003916
folks,13,10,0.05383633138777455,0.1282304865003916
know ai,4,3,0.07894451998111585,0.10357488748654266
people want,4,3,0.07894451998111585,0.10357488748654266
presented,4,3,0.07894451998111585,0.10357488748654266
true,4,3,0.07894451998111585,0.10357488748654266
stand,4,3,0.07894451998111585,0.10357488748654266
produce,4,3,0.07894451998111585,0.10357488748654266
daily,4,3,0.07894451998111585,0.10357488748654266
obligation,4,3,0.07894451998111585,0.10357488748654266
weren,4,3,0.07894451998111585,0.10357488748654266
comment,4,3,0.07894451998111585,0.10357488748654266
losing,4,3,0.07894451998111585,0.10357488748654266
farmers,4,3,0.07894451998111585,0.10357488748654266
sounds like,4,3,0.07894451998111585,0.10357488748654266
disaster,4,3,0.07894451998111585,0.10357488748654266
funding,4,3,0.07894451998111585,0.10357488748654266
maintain,4,3,0.07894451998111585,0.10357488748654266
generally,4,3,0.07894451998111585,0.10357488748654266
concrete,4,3,0.07894451998111585,0.10357488748654266
ready,4,3,0.07894451998111585,0.10357488748654266
shown,4,3,0.07894451998111585,0.10357488748654266
public,44,35,0.0204709059318402,0.09054445238590836
investment,14,11,0.032705835757290025,0.08132363993056638
bills,14,11,0.032705835757290025,0.08132363993056638
start,19,15,0.027961885629740557,0.081103874632546
year,45,36,0.014783740192593875,0.0662332503407387
families,10,8,0.014728720393001993,0.031108824294627985
couple,10,8,0.014728720393001993,0.031108824294627985
laws,5,4,0.014682783263840093,0.021930801709673847
study,5,4,0.014682783263840093,0.021930801709673847
claims,5,4,0.014682783263840093,0.021930801709673847
basis,5,4,0.014682783263840093,0.021930801709673847
low,5,4,0.014682783263840093,0.021930801709673847
constant,5,4,0.014682783263840093,0.021930801709673847
director,5,4,0.014682783263840093,0.021930801709673847
america,5,4,0.014682783263840093,0.021930801709673847
thank mr,5,4,0.014682783263840093,0.021930801709673847
things like,5,4,0.014682783263840093,0.021930801709673847
conditions,5,4,0.014682783263840093,0.021930801709673847
taken,5,4,0.014682783263840093,0.021930801709673847
present,5,4,0.014682783263840093,0.021930801709673847
outside,5,4,0.014682783263840093,0.021930801709673847
shut,5,4,0.014682783263840093,0.021930801709673847
quite,5,4,0.014682783263840093,0.021930801709673847
supporting,5,4,0.014682783263840093,0.021930801709673847
labor,26,21,0.005219689636259517,0.017822722981439658
based,11,9,-0.007666568869668211,-0.017088560039681434
raise,11,9,-0.007666568869668211,-0.017088560039681434
good,54,44,-0.0035344087803848012,-0.01743408202145408
members,55,45,-0.007653110680334585,-0.03814142661470788
using,17,14,-0.01415201765096974,-0.03928378276780682
note,6,5,-0.025976996266434682,-0.04298167616267271
started,6,5,-0.025976996266434682,-0.04298167616267271
dollars,6,5,-0.025976996266434682,-0.04298167616267271
testing,6,5,-0.025976996266434682,-0.04298167616267271
response,6,5,-0.025976996266434682,-0.04298167616267271
chicago,6,5,-0.025976996266434682,-0.04298167616267271
exactly,6,5,-0.025976996266434682,-0.04298167616267271
mind,6,5,-0.025976996266434682,-0.04298167616267271
road,6,5,-0.025976996266434682,-0.04298167616267271
springfield,39,32,-0.010490292309080829,-0.04405951654404525
construction,23,19,-0.017242660375622165,-0.05571867292850551
like,106,87,-0.010809179939902158,-0.07485035130194072
wrong,7,6,-0.054042959832553805,-0.09732127275954096
sitting,7,6,-0.054042959832553805,-0.09732127275954096
plenty,7,6,-0.054042959832553805,-0.09732127275954096
west,7,6,-0.054042959832553805,-0.09732127275954096
yes,36,30,-0.02596265579727497,-0.10521111247329369
money,25,21,-0.03390292955762764,-0.11473989968963323
don,109,90,-0.016810061823573363,-0.1182342959285818
worked,8,7,-0.07459008382599652,-0.14438931040155023
froze,1,1,-0.20761354147894195,-0.14718470330274705
experienced,1,1,-0.20761354147894195,-0.14718470330274705
talking putting,1,1,-0.20761354147894195,-0.14718470330274705
hate,1,1,-0.20761354147894195,-0.14718470330274705
librarian,1,1,-0.20761354147894195,-0.14718470330274705
expenses,1,1,-0.20761354147894195,-0.14718470330274705
exception,1,1,-0.20761354147894195,-0.14718470330274705
just won,1,1,-0.20761354147894195,-0.14718470330274705
exceed,1,1,-0.20761354147894195,-0.14718470330274705
gigawatt,1,1,-0.20761354147894195,-0.14718470330274705
fulgenzi guyton,1,1,-0.20761354147894195,-0.14718470330274705
right auburn,1,1,-0.20761354147894195,-0.14718470330274705
know members,1,1,-0.20761354147894195,-0.14718470330274705
seek,1,1,-0.20761354147894195,-0.14718470330274705
excessive,1,1,-0.20761354147894195,-0.14718470330274705
live district,1,1,-0.20761354147894195,-0.14718470330274705
technical,1,1,-0.20761354147894195,-0.14718470330274705
installation,1,1,-0.20761354147894195,-0.14718470330274705
member public,1,1,-0.20761354147894195,-0.14718470330274705
kathleen campbell,1,1,-0.20761354147894195,-0.14718470330274705
megawatts power,1,1,-0.20761354147894195,-0.14718470330274705
everybody hear,1,1,-0.20761354147894195,-0.14718470330274705
mean going,1,1,-0.20761354147894195,-0.14718470330274705
talking noise,1,1,-0.20761354147894195,-0.14718470330274705
independent expert,1,1,-0.20761354147894195,-0.14718470330274705
extreme,1,1,-0.20761354147894195,-0.14718470330274705
got minutes,1,1,-0.20761354147894195,-0.14718470330274705
incredibly,1,1,-0.20761354147894195,-0.14718470330274705
electric op,1,1,-0.20761354147894195,-0.14718470330274705
global owner,1,1,-0.20761354147894195,-0.14718470330274705
million tax,1,1,-0.20761354147894195,-0.14718470330274705
know big,1,1,-0.20761354147894195,-0.14718470330274705
mean ve,1,1,-0.20761354147894195,-0.14718470330274705
know cyrus,1,1,-0.20761354147894195,-0.14718470330274705
restore,1,1,-0.20761354147894195,-0.14718470330274705
incurring,1,1,-0.20761354147894195,-0.14718470330274705
extend,1,1,-0.20761354147894195,-0.14718470330274705
kick,1,1,-0.20761354147894195,-0.14718470330274705
happen want,1,1,-0.20761354147894195,-0.14718470330274705
indivisible,1,1,-0.20761354147894195,-0.14718470330274705
load bank,1,1,-0.20761354147894195,-0.14718470330274705
electric cooperative,1,1,-0.20761354147894195,-0.14718470330274705
key questions,1,1,-0.20761354147894195,-0.14718470330274705
giving time,1,1,-0.20761354147894195,-0.14718470330274705
indivisible liberty,1,1,-0.20761354147894195,-0.14718470330274705
kept,1,1,-0.20761354147894195,-0.14718470330274705
sarah,1,1,-0.20761354147894195,-0.14718470330274705
meeting week,1,1,-0.20761354147894195,-0.14718470330274705
ll try,1,1,-0.20761354147894195,-0.14718470330274705
kathy,1,1,-0.20761354147894195,-0.14718470330274705
williams forsyth,1,1,-0.20761354147894195,-0.14718470330274705
ll rest,1,1,-0.20761354147894195,-0.14718470330274705
weekend,1,1,-0.20761354147894195,-0.14718470330274705
happen don,1,1,-0.20761354147894195,-0.14718470330274705
half miles,1,1,-0.20761354147894195,-0.14718470330274705
hall crell,1,1,-0.20761354147894195,-0.14718470330274705
water investing,1,1,-0.20761354147894195,-0.14718470330274705
like year,1,1,-0.20761354147894195,-0.14718470330274705
sean middleton,1,1,-0.20761354147894195,-0.14718470330274705
tangible,1,1,-0.20761354147894195,-0.14718470330274705
sean,1,1,-0.20761354147894195,-0.14718470330274705
greatly appreciate,1,1,-0.20761354147894195,-0.14718470330274705
east west,1,1,-0.20761354147894195,-0.14718470330274705
greatly,1,1,-0.20761354147894195,-0.14718470330274705
guessing,1,1,-0.20761354147894195,-0.14718470330274705
just address,1,1,-0.20761354147894195,-0.14718470330274705
taxes going,1,1,-0.20761354147894195,-0.14718470330274705
great place,1,1,-0.20761354147894195,-0.14718470330274705
want think,1,1,-0.20761354147894195,-0.14718470330274705
guidance,1,1,-0.20761354147894195,-0.14718470330274705
eaten,1,1,-0.20761354147894195,-0.14718470330274705
exercise,1,1,-0.20761354147894195,-0.14718470330274705
went going,1,1,-0.20761354147894195,-0.14718470330274705
test annually,1,1,-0.20761354147894195,-0.14718470330274705
water facility,1,1,-0.20761354147894195,-0.14718470330274705
judgment,1,1,-0.20761354147894195,-0.14718470330274705
say yes,1,1,-0.20761354147894195,-0.14718470330274705
earlier today,1,1,-0.20761354147894195,-0.14718470330274705
job help,1,1,-0.20761354147894195,-0.14718470330274705
like tell,1,1,-0.20761354147894195,-0.14718470330274705
expand,1,1,-0.20761354147894195,-0.14718470330274705
job make,1,1,-0.20761354147894195,-0.14718470330274705
like say,1,1,-0.20761354147894195,-0.14718470330274705
existing substation,1,1,-0.20761354147894195,-0.14718470330274705
dump water,1,1,-0.20761354147894195,-0.14718470330274705
generators size,1,1,-0.20761354147894195,-0.14718470330274705
generate revenue,1,1,-0.20761354147894195,-0.14718470330274705
jobs community,1,1,-0.20761354147894195,-0.14718470330274705
jobs doing,1,1,-0.20761354147894195,-0.14718470330274705
existence,1,1,-0.20761354147894195,-0.14718470330274705
earning,1,1,-0.20761354147894195,-0.14718470330274705
jim applegate,1,1,-0.20761354147894195,-0.14718470330274705
jim,1,1,-0.20761354147894195,-0.14718470330274705
want start,1,1,-0.20761354147894195,-0.14718470330274705
issues ve,1,1,-0.20761354147894195,-0.14718470330274705
fertile,1,1,-0.20761354147894195,-0.14718470330274705
like building,1,1,-0.20761354147894195,-0.14718470330274705
guide,1,1,-0.20761354147894195,-0.14718470330274705
technically,1,1,-0.20761354147894195,-0.14718470330274705
listen listen,1,1,-0.20761354147894195,-0.14718470330274705
half hour,1,1,-0.20761354147894195,-0.14718470330274705
just means,1,1,-0.20761354147894195,-0.14718470330274705
expecting,1,1,-0.20761354147894195,-0.14718470330274705
revenue goes,1,1,-0.20761354147894195,-0.14718470330274705
just mentioned,1,1,-0.20761354147894195,-0.14718470330274705
like lot,1,1,-0.20761354147894195,-0.14718470330274705
exempt,1,1,-0.20761354147894195,-0.14718470330274705
internet,1,1,-0.20761354147894195,-0.14718470330274705
like cyrus,1,1,-0.20761354147894195,-0.14718470330274705
just power,1,1,-0.20761354147894195,-0.14718470330274705
know number,1,1,-0.20761354147894195,-0.14718470330274705
fellow board,1,1,-0.20761354147894195,-0.14718470330274705
just remind,1,1,-0.20761354147894195,-0.14718470330274705
excited,1,1,-0.20761354147894195,-0.14718470330274705
like want,1,1,-0.20761354147894195,-0.14718470330274705
sat,1,1,-0.20761354147894195,-0.14718470330274705
revenue jobs,1,1,-0.20761354147894195,-0.14718470330274705
investment making,1,1,-0.20761354147894195,-0.14718470330274705
expectations,1,1,-0.20761354147894195,-0.14718470330274705
issues just,1,1,-0.20761354147894195,-0.14718470330274705
line extensions,1,1,-0.20761354147894195,-0.14718470330274705
like point,1,1,-0.20761354147894195,-0.14718470330274705
just having,1,1,-0.20761354147894195,-0.14718470330274705
just hit,1,1,-0.20761354147894195,-0.14718470330274705
expanded,1,1,-0.20761354147894195,-0.14718470330274705
like people,1,1,-0.20761354147894195,-0.14718470330274705
iron air,1,1,-0.20761354147894195,-0.14718470330274705
minds,1,1,-0.20761354147894195,-0.14718470330274705
won cause,1,1,-0.20761354147894195,-0.14718470330274705
wind farms,1,1,-0.20761354147894195,-0.14718470330274705
future thank,1,1,-0.20761354147894195,-0.14718470330274705
guys appreciate,1,1,-0.20761354147894195,-0.14718470330274705
just know,1,1,-0.20761354147894195,-0.14718470330274705
investment ve,1,1,-0.20761354147894195,-0.14718470330274705
just make,1,1,-0.20761354147894195,-0.14718470330274705
fight extremely,1,1,-0.20761354147894195,-0.14718470330274705
mckiernan,1,1,-0.20761354147894195,-0.14718470330274705
got going,1,1,-0.20761354147894195,-0.14718470330274705
hours going,1,1,-0.20761354147894195,-0.14718470330274705
going protect,1,1,-0.20761354147894195,-0.14718470330274705
going run,1,1,-0.20761354147894195,-0.14718470330274705
lowest,1,1,-0.20761354147894195,-0.14718470330274705
hello sarah,1,1,-0.20761354147894195,-0.14718470330274705
job going,1,1,-0.20761354147894195,-0.14718470330274705
help address,1,1,-0.20761354147894195,-0.14718470330274705
fixed,1,1,-0.20761354147894195,-0.14718470330274705
right probably,1,1,-0.20761354147894195,-0.14718470330274705
weather,1,1,-0.20761354147894195,-0.14718470330274705
lasted,1,1,-0.20761354147894195,-0.14718470330274705
hum,1,1,-0.20761354147894195,-0.14718470330274705
house house,1,1,-0.20761354147894195,-0.14718470330274705
lasted years,1,1,-0.20761354147894195,-0.14718470330274705
helped,1,1,-0.20761354147894195,-0.14718470330274705
lungs,1,1,-0.20761354147894195,-0.14718470330274705
water thing,1,1,-0.20761354147894195,-0.14718470330274705
hours month,1,1,-0.20761354147894195,-0.14718470330274705
rolling,1,1,-0.20761354147894195,-0.14718470330274705
make happen,1,1,-0.20761354147894195,-0.14718470330274705
say pay,1,1,-0.20761354147894195,-0.14718470330274705
wasn going,1,1,-0.20761354147894195,-0.14718470330274705
era,1,1,-0.20761354147894195,-0.14718470330274705
right person,1,1,-0.20761354147894195,-0.14718470330274705
formally,1,1,-0.20761354147894195,-0.14718470330274705
whatnot,1,1,-0.20761354147894195,-0.14718470330274705
temperatures,1,1,-0.20761354147894195,-0.14718470330274705
identifying,1,1,-0.20761354147894195,-0.14718470330274705
heavily,1,1,-0.20761354147894195,-0.14718470330274705
miles proposed,1,1,-0.20761354147894195,-0.14718470330274705
equity,1,1,-0.20761354147894195,-0.14718470330274705
miles place,1,1,-0.20761354147894195,-0.14718470330274705
idea project,1,1,-0.20761354147894195,-0.14718470330274705
heavy,1,1,-0.20761354147894195,-0.14718470330274705
good idea,1,1,-0.20761354147894195,-0.14718470330274705
engineers,1,1,-0.20761354147894195,-0.14718470330274705
idea going,1,1,-0.20761354147894195,-0.14718470330274705
enjoy,1,1,-0.20761354147894195,-0.14718470330274705
helps,1,1,-0.20761354147894195,-0.14718470330274705
resources need,1,1,-0.20761354147894195,-0.14718470330274705
taxing districts,1,1,-0.20761354147894195,-0.14718470330274705
ensure standards,1,1,-0.20761354147894195,-0.14718470330274705
tax money,1,1,-0.20761354147894195,-0.14718470330274705
lead better,1,1,-0.20761354147894195,-0.14718470330274705
lays,1,1,-0.20761354147894195,-0.14718470330274705
main thing,1,1,-0.20761354147894195,-0.14718470330274705
sake,1,1,-0.20761354147894195,-0.14718470330274705
mac,1,1,-0.20761354147894195,-0.14718470330274705
environmentalist,1,1,-0.20761354147894195,-0.14718470330274705
family don,1,1,-0.20761354147894195,-0.14718470330274705
going ve,1,1,-0.20761354147894195,-0.14718470330274705
environmental compliance,1,1,-0.20761354147894195,-0.14718470330274705
flies,1,1,-0.20761354147894195,-0.14718470330274705
middleton,1,1,-0.20761354147894195,-0.14718470330274705
floor water,1,1,-0.20761354147894195,-0.14718470330274705
entities,1,1,-0.20761354147894195,-0.14718470330274705
middleton president,1,1,-0.20761354147894195,-0.14718470330274705
sector,1,1,-0.20761354147894195,-0.14718470330274705
holds,1,1,-0.20761354147894195,-0.14718470330274705
hope project,1,1,-0.20761354147894195,-0.14718470330274705
entering,1,1,-0.20761354147894195,-0.14718470330274705
highly,1,1,-0.20761354147894195,-0.14718470330274705
high tech,1,1,-0.20761354147894195,-0.14718470330274705
hour year,1,1,-0.20761354147894195,-0.14718470330274705
late night,1,1,-0.20761354147894195,-0.14718470330274705
going using,1,1,-0.20761354147894195,-0.14718470330274705
laura cottrell,1,1,-0.20761354147894195,-0.14718470330274705
flag united,1,1,-0.20761354147894195,-0.14718470330274705
tax incentive,1,1,-0.20761354147894195,-0.14718470330274705
foremost,1,1,-0.20761354147894195,-0.14718470330274705
laurie,1,1,-0.20761354147894195,-0.14718470330274705
highlights,1,1,-0.20761354147894195,-0.14718470330274705
going win,1,1,-0.20761354147894195,-0.14718470330274705
securing,1,1,-0.20761354147894195,-0.14718470330274705
forced,1,1,-0.20761354147894195,-0.14718470330274705
mid continental,1,1,-0.20761354147894195,-0.14718470330274705
leading,1,1,-0.20761354147894195,-0.14718470330274705
leadership,1,1,-0.20761354147894195,-0.14718470330274705
secret,1,1,-0.20761354147894195,-0.14718470330274705
respectfully,1,1,-0.20761354147894195,-0.14718470330274705
forsyth,1,1,-0.20761354147894195,-0.14718470330274705
illinois going,1,1,-0.20761354147894195,-0.14718470330274705
going oh,1,1,-0.20761354147894195,-0.14718470330274705
tax bills,1,1,-0.20761354147894195,-0.14718470330274705
says isn,1,1,-0.20761354147894195,-0.14718470330274705
know talk,1,1,-0.20761354147894195,-0.14718470330274705
liberty justice,1,1,-0.20761354147894195,-0.14718470330274705
income,1,1,-0.20761354147894195,-0.14718470330274705
include,1,1,-0.20761354147894195,-0.14718470330274705
match,1,1,-0.20761354147894195,-0.14718470330274705
massively,1,1,-0.20761354147894195,-0.14718470330274705
routes,1,1,-0.20761354147894195,-0.14718470330274705
million annually,1,1,-0.20761354147894195,-0.14718470330274705
margins,1,1,-0.20761354147894195,-0.14718470330274705
map,1,1,-0.20761354147894195,-0.14718470330274705
manufacturing,1,1,-0.20761354147894195,-0.14718470330274705
going coming,1,1,-0.20761354147894195,-0.14718470330274705
resident district,1,1,-0.20761354147894195,-0.14718470330274705
let thank,1,1,-0.20761354147894195,-0.14718470330274705
lost job,1,1,-0.20761354147894195,-0.14718470330274705
wanted let,1,1,-0.20761354147894195,-0.14718470330274705
god indivisible,1,1,-0.20761354147894195,-0.14718470330274705
right hand,1,1,-0.20761354147894195,-0.14718470330274705
talk water,1,1,-0.20761354147894195,-0.14718470330274705
mentioned couple,1,1,-0.20761354147894195,-0.14718470330274705
long night,1,1,-0.20761354147894195,-0.14718470330274705
haven seen,1,1,-0.20761354147894195,-0.14718470330274705
elements,1,1,-0.20761354147894195,-0.14718470330274705
look company,1,1,-0.20761354147894195,-0.14718470330274705
rest time,1,1,-0.20761354147894195,-0.14718470330274705
fab,1,1,-0.20761354147894195,-0.14718470330274705
evening everybody,1,1,-0.20761354147894195,-0.14718470330274705
maybe don,1,1,-0.20761354147894195,-0.14718470330274705
frazee fulgenzi,1,1,-0.20761354147894195,-0.14718470330274705
increase electricity,1,1,-0.20761354147894195,-0.14718470330274705
know pretty,1,1,-0.20761354147894195,-0.14718470330274705
know right,1,1,-0.20761354147894195,-0.14718470330274705
know say,1,1,-0.20761354147894195,-0.14718470330274705
survey,1,1,-0.20761354147894195,-0.14718470330274705
maybe know,1,1,-0.20761354147894195,-0.14718470330274705
important people,1,1,-0.20761354147894195,-0.14718470330274705
manager plumbers,1,1,-0.20761354147894195,-0.14718470330274705
message,1,1,-0.20761354147894195,-0.14718470330274705
metals,1,1,-0.20761354147894195,-0.14718470330274705
teams,1,1,-0.20761354147894195,-0.14718470330274705
respiratory,1,1,-0.20761354147894195,-0.14718470330274705
let let,1,1,-0.20761354147894195,-0.14718470330274705
lady,1,1,-0.20761354147894195,-0.14718470330274705
firm,1,1,-0.20761354147894195,-0.14718470330274705
forsyth frazee,1,1,-0.20761354147894195,-0.14718470330274705
good people,1,1,-0.20761354147894195,-0.14718470330274705
roll,1,1,-0.20761354147894195,-0.14718470330274705
going diesel,1,1,-0.20761354147894195,-0.14718470330274705
going help,1,1,-0.20761354147894195,-0.14718470330274705
wanted say,1,1,-0.20761354147894195,-0.14718470330274705
let happen,1,1,-0.20761354147894195,-0.14718470330274705
let bring,1,1,-0.20761354147894195,-0.14718470330274705
illinois water,1,1,-0.20761354147894195,-0.14718470330274705
heard terms,1,1,-0.20761354147894195,-0.14718470330274705
illinois supreme,1,1,-0.20761354147894195,-0.14718470330274705
essential,1,1,-0.20761354147894195,-0.14718470330274705
lot work,1,1,-0.20761354147894195,-0.14718470330274705
emissions controls,1,1,-0.20761354147894195,-0.14718470330274705
right means,1,1,-0.20761354147894195,-0.14718470330274705
falls just,1,1,-0.20761354147894195,-0.14718470330274705
employees contractors,1,1,-0.20761354147894195,-0.14718470330274705
malfunction,1,1,-0.20761354147894195,-0.14718470330274705
water source,1,1,-0.20761354147894195,-0.14718470330274705
employment,1,1,-0.20761354147894195,-0.14718470330274705
surveillance,1,1,-0.20761354147894195,-0.14718470330274705
role,1,1,-0.20761354147894195,-0.14718470330274705
lot building,1,1,-0.20761354147894195,-0.14718470330274705
waterways,1,1,-0.20761354147894195,-0.14718470330274705
work going,1,1,-0.20761354147894195,-0.14718470330274705
forth,1,1,-0.20761354147894195,-0.14718470330274705
say doesn,1,1,-0.20761354147894195,-0.14718470330274705
energy use,1,1,-0.20761354147894195,-0.14718470330274705
implied,1,1,-0.20761354147894195,-0.14718470330274705
establish,1,1,-0.20761354147894195,-0.14718470330274705
let make,1,1,-0.20761354147894195,-0.14718470330274705
local electric,1,1,-0.20761354147894195,-0.14718470330274705
grid just,1,1,-0.20761354147894195,-0.14718470330274705
offer,1,1,-0.20761354147894195,-0.14718470330274705
realize need,1,1,-0.20761354147894195,-0.14718470330274705
produces,1,1,-0.20761354147894195,-0.14718470330274705
rea,1,1,-0.20761354147894195,-0.14718470330274705
reading,1,1,-0.20761354147894195,-0.14718470330274705
think hear,1,1,-0.20761354147894195,-0.14718470330274705
speak ann,1,1,-0.20761354147894195,-0.14718470330274705
share opinion,1,1,-0.20761354147894195,-0.14718470330274705
need work,1,1,-0.20761354147894195,-0.14718470330274705
verdon protection,1,1,-0.20761354147894195,-0.14718470330274705
need think,1,1,-0.20761354147894195,-0.14718470330274705
reality,1,1,-0.20761354147894195,-0.14718470330274705
billions dollars,1,1,-0.20761354147894195,-0.14718470330274705
big companies,1,1,-0.20761354147894195,-0.14718470330274705
process know,1,1,-0.20761354147894195,-0.14718470330274705
couple hours,1,1,-0.20761354147894195,-0.14718470330274705
best way,1,1,-0.20761354147894195,-0.14718470330274705
think covered,1,1,-0.20761354147894195,-0.14718470330274705
specifics,1,1,-0.20761354147894195,-0.14718470330274705
context,1,1,-0.20761354147894195,-0.14718470330274705
continental,1,1,-0.20761354147894195,-0.14718470330274705
need people,1,1,-0.20761354147894195,-0.14718470330274705
need need,1,1,-0.20761354147894195,-0.14718470330274705
continental independent,1,1,-0.20761354147894195,-0.14718470330274705
really great,1,1,-0.20761354147894195,-0.14718470330274705
really hard,1,1,-0.20761354147894195,-0.14718470330274705
need look,1,1,-0.20761354147894195,-0.14718470330274705
really just,1,1,-0.20761354147894195,-0.14718470330274705
rating,1,1,-0.20761354147894195,-0.14718470330274705
product,1,1,-0.20761354147894195,-0.14718470330274705
unusual,1,1,-0.20761354147894195,-0.14718470330274705
outages,1,1,-0.20761354147894195,-0.14718470330274705
new ai,1,1,-0.20761354147894195,-0.14718470330274705
programming,1,1,-0.20761354147894195,-0.14718470330274705
board thank,1,1,-0.20761354147894195,-0.14718470330274705
concern think,1,1,-0.20761354147894195,-0.14718470330274705
solve problem,1,1,-0.20761354147894195,-0.14718470330274705
board recommendation,1,1,-0.20761354147894195,-0.14718470330274705
ramifications,1,1,-0.20761354147894195,-0.14718470330274705
board obligation,1,1,-0.20761354147894195,-0.14718470330274705
sonia,1,1,-0.20761354147894195,-0.14718470330274705
range,1,1,-0.20761354147894195,-0.14718470330274705
original,1,1,-0.20761354147894195,-0.14718470330274705
ve spoken,1,1,-0.20761354147894195,-0.14718470330274705
years prior,1,1,-0.20761354147894195,-0.14718470330274705
board county,1,1,-0.20761354147894195,-0.14718470330274705
think mentioned,1,1,-0.20761354147894195,-0.14718470330274705
board consider,1,1,-0.20761354147894195,-0.14718470330274705
products,1,1,-0.20761354147894195,-0.14718470330274705
rate going,1,1,-0.20761354147894195,-0.14718470330274705
rate increases,1,1,-0.20761354147894195,-0.14718470330274705
ve watched,1,1,-0.20761354147894195,-0.14718470330274705
ve worked,1,1,-0.20761354147894195,-0.14718470330274705
ve working,1,1,-0.20761354147894195,-0.14718470330274705
condition,1,1,-0.20761354147894195,-0.14718470330274705
connecting,1,1,-0.20761354147894195,-0.14718470330274705
consequences,1,1,-0.20761354147894195,-0.14718470330274705
continued,1,1,-0.20761354147894195,-0.14718470330274705
really need,1,1,-0.20761354147894195,-0.14718470330274705
continuing,1,1,-0.20761354147894195,-0.14718470330274705
cottrell,1,1,-0.20761354147894195,-0.14718470330274705
sufficient,1,1,-0.20761354147894195,-0.14718470330274705
bank test,1,1,-0.20761354147894195,-0.14718470330274705
private equity,1,1,-0.20761354147894195,-0.14718470330274705
student,1,1,-0.20761354147894195,-0.14718470330274705
countries,1,1,-0.20761354147894195,-0.14718470330274705
tonight thank,1,1,-0.20761354147894195,-0.14718470330274705
backwards,1,1,-0.20761354147894195,-0.14718470330274705
county administrator,1,1,-0.20761354147894195,-0.14718470330274705
county behalf,1,1,-0.20761354147894195,-0.14718470330274705
county code,1,1,-0.20761354147894195,-0.14718470330274705
county does,1,1,-0.20761354147894195,-0.14718470330274705
wouldn able,1,1,-0.20761354147894195,-0.14718470330274705
nd,1,1,-0.20761354147894195,-0.14718470330274705
parents,1,1,-0.20761354147894195,-0.14718470330274705
ayers,1,1,-0.20761354147894195,-0.14718470330274705
stands nation,1,1,-0.20761354147894195,-0.14718470330274705
nation year,1,1,-0.20761354147894195,-0.14718470330274705
worst,1,1,-0.20761354147894195,-0.14718470330274705
away solar,1,1,-0.20761354147894195,-0.14718470330274705
nation god,1,1,-0.20761354147894195,-0.14718470330274705
setback,1,1,-0.20761354147894195,-0.14718470330274705
partnerships,1,1,-0.20761354147894195,-0.14718470330274705
county website,1,1,-0.20761354147894195,-0.14718470330274705
county zoning,1,1,-0.20761354147894195,-0.14718470330274705
straight,1,1,-0.20761354147894195,-0.14718470330274705
nearly years,1,1,-0.20761354147894195,-0.14718470330274705
tonight project,1,1,-0.20761354147894195,-0.14718470330274705
speech,1,1,-0.20761354147894195,-0.14718470330274705
seven years,1,1,-0.20761354147894195,-0.14718470330274705
aaron guernsey,1,1,-0.20761354147894195,-0.14718470330274705
really say,1,1,-0.20761354147894195,-0.14718470330274705
streams,1,1,-0.20761354147894195,-0.14718470330274705
spend lot,1,1,-0.20761354147894195,-0.14718470330274705
spending time,1,1,-0.20761354147894195,-0.14718470330274705
contributing,1,1,-0.20761354147894195,-0.14718470330274705
controls reduce,1,1,-0.20761354147894195,-0.14718470330274705
controversy,1,1,-0.20761354147894195,-0.14718470330274705
reason believe,1,1,-0.20761354147894195,-0.14718470330274705
reason delay,1,1,-0.20761354147894195,-0.14718470330274705
cooling systems,1,1,-0.20761354147894195,-0.14718470330274705
spikes,1,1,-0.20761354147894195,-0.14718470330274705
reason selected,1,1,-0.20761354147894195,-0.14718470330274705
cooperative right,1,1,-0.20761354147894195,-0.14718470330274705
spot,1,1,-0.20761354147894195,-0.14718470330274705
owner operator,1,1,-0.20761354147894195,-0.14718470330274705
university,1,1,-0.20761354147894195,-0.14718470330274705
basic,1,1,-0.20761354147894195,-0.14718470330274705
tonight ought,1,1,-0.20761354147894195,-0.14718470330274705
square foot,1,1,-0.20761354147894195,-0.14718470330274705
things think,1,1,-0.20761354147894195,-0.14718470330274705
stream,1,1,-0.20761354147894195,-0.14718470330274705
baseline,1,1,-0.20761354147894195,-0.14718470330274705
necessarily just,1,1,-0.20761354147894195,-0.14718470330274705
ozone,1,1,-0.20761354147894195,-0.14718470330274705
new board,1,1,-0.20761354147894195,-0.14718470330274705
computing,1,1,-0.20761354147894195,-0.14718470330274705
board work,1,1,-0.20761354147894195,-0.14718470330274705
notified,1,1,-0.20761354147894195,-0.14718470330274705
citizens county,1,1,-0.20761354147894195,-0.14718470330274705
capital,1,1,-0.20761354147894195,-0.14718470330274705
proposed use,1,1,-0.20761354147894195,-0.14718470330274705
capacities,1,1,-0.20761354147894195,-0.14718470330274705
used teach,1,1,-0.20761354147894195,-0.14718470330274705
year make,1,1,-0.20761354147894195,-0.14718470330274705
proposed changes,1,1,-0.20761354147894195,-0.14718470330274705
ongoing right,1,1,-0.20761354147894195,-0.14718470330274705
north mac,1,1,-0.20761354147894195,-0.14718470330274705
quantum,1,1,-0.20761354147894195,-0.14718470330274705
quantum computing,1,1,-0.20761354147894195,-0.14718470330274705
time ve,1,1,-0.20761354147894195,-0.14718470330274705
open space,1,1,-0.20761354147894195,-0.14718470330274705
california,1,1,-0.20761354147894195,-0.14718470330274705
value property,1,1,-0.20761354147894195,-0.14718470330274705
years experience,1,1,-0.20761354147894195,-0.14718470330274705
signing pla,1,1,-0.20761354147894195,-0.14718470330274705
stuff just,1,1,-0.20761354147894195,-0.14718470330274705
promoting,1,1,-0.20761354147894195,-0.14718470330274705
buys,1,1,-0.20761354147894195,-0.14718470330274705
operated,1,1,-0.20761354147894195,-0.14718470330274705
noise sources,1,1,-0.20761354147894195,-0.14718470330274705
stringent,1,1,-0.20761354147894195,-0.14718470330274705
use zoning,1,1,-0.20761354147894195,-0.14718470330274705
promised,1,1,-0.20761354147894195,-0.14718470330274705
study know,1,1,-0.20761354147894195,-0.14718470330274705
tier equivalent,1,1,-0.20761354147894195,-0.14718470330274705
year don,1,1,-0.20761354147894195,-0.14718470330274705
strongly,1,1,-0.20761354147894195,-0.14718470330274705
provide water,1,1,-0.20761354147894195,-0.14718470330274705
drowning,1,1,-0.20761354147894195,-0.14718470330274705
occur,1,1,-0.20761354147894195,-0.14718470330274705
time happy,1,1,-0.20761354147894195,-0.14718470330274705
chicagoland region,1,1,-0.20761354147894195,-0.14718470330274705
certainly hope,1,1,-0.20761354147894195,-0.14718470330274705
ceo rural,1,1,-0.20761354147894195,-0.14718470330274705
chief,1,1,-0.20761354147894195,-0.14718470330274705
proximity infrastructure,1,1,-0.20761354147894195,-0.14718470330274705
cause people,1,1,-0.20761354147894195,-0.14718470330274705
time let,1,1,-0.20761354147894195,-0.14718470330274705
catch,1,1,-0.20761354147894195,-0.14718470330274705
numbers going,1,1,-0.20761354147894195,-0.14718470330274705
public meetings,1,1,-0.20761354147894195,-0.14718470330274705
choices,1,1,-0.20761354147894195,-0.14718470330274705
carry,1,1,-0.20761354147894195,-0.14718470330274705
number board,1,1,-0.20761354147894195,-0.14718470330274705
published,1,1,-0.20761354147894195,-0.14718470330274705
circadian,1,1,-0.20761354147894195,-0.14718470330274705
protect land,1,1,-0.20761354147894195,-0.14718470330274705
care health,1,1,-0.20761354147894195,-0.14718470330274705
care deeply,1,1,-0.20761354147894195,-0.14718470330274705
care community,1,1,-0.20761354147894195,-0.14718470330274705
purchases,1,1,-0.20761354147894195,-0.14718470330274705
strongly urge,1,1,-0.20761354147894195,-0.14718470330274705
noise ordinance,1,1,-0.20761354147894195,-0.14718470330274705
collapse,1,1,-0.20761354147894195,-0.14718470330274705
board working,1,1,-0.20761354147894195,-0.14718470330274705
communities country,1,1,-0.20761354147894195,-0.14718470330274705
ve lived,1,1,-0.20761354147894195,-0.14718470330274705
new things,1,1,-0.20761354147894195,-0.14718470330274705
bring new,1,1,-0.20761354147894195,-0.14718470330274705
new substation,1,1,-0.20761354147894195,-0.14718470330274705
community family,1,1,-0.20761354147894195,-0.14718470330274705
project isn,1,1,-0.20761354147894195,-0.14718470330274705
option,1,1,-0.20761354147894195,-0.14718470330274705
brianna day,1,1,-0.20761354147894195,-0.14718470330274705
project forward,1,1,-0.20761354147894195,-0.14718470330274705
brianna,1,1,-0.20761354147894195,-0.14718470330274705
thinking future,1,1,-0.20761354147894195,-0.14718470330274705
years make,1,1,-0.20761354147894195,-0.14718470330274705
new projects,1,1,-0.20761354147894195,-0.14718470330274705
community workers,1,1,-0.20761354147894195,-0.14718470330274705
years means,1,1,-0.20761354147894195,-0.14718470330274705
bond,1,1,-0.20761354147894195,-0.14718470330274705
comparable,1,1,-0.20761354147894195,-0.14718470330274705
bombed,1,1,-0.20761354147894195,-0.14718470330274705
project affect,1,1,-0.20761354147894195,-0.14718470330274705
ve noise,1,1,-0.20761354147894195,-0.14718470330274705
competitors,1,1,-0.20761354147894195,-0.14718470330274705
think ve,1,1,-0.20761354147894195,-0.14718470330274705
compliant,1,1,-0.20761354147894195,-0.14718470330274705
think things,1,1,-0.20761354147894195,-0.14718470330274705
ordinance requirements,1,1,-0.20761354147894195,-0.14718470330274705
ve listened,1,1,-0.20761354147894195,-0.14718470330274705
build build,1,1,-0.20761354147894195,-0.14718470330274705
vastly different,1,1,-0.20761354147894195,-0.14718470330274705
project million,1,1,-0.20761354147894195,-0.14718470330274705
collecting,1,1,-0.20761354147894195,-0.14718470330274705
com,1,1,-0.20761354147894195,-0.14718470330274705
com bubble,1,1,-0.20761354147894195,-0.14718470330274705
come share,1,1,-0.20761354147894195,-0.14718470330274705
come support,1,1,-0.20761354147894195,-0.14718470330274705
operator developer,1,1,-0.20761354147894195,-0.14718470330274705
stump,1,1,-0.20761354147894195,-0.14718470330274705
comfortable,1,1,-0.20761354147894195,-0.14718470330274705
single thing,1,1,-0.20761354147894195,-0.14718470330274705
business model,1,1,-0.20761354147894195,-0.14718470330274705
projects board,1,1,-0.20761354147894195,-0.14718470330274705
sister,1,1,-0.20761354147894195,-0.14718470330274705
nitrogen,1,1,-0.20761354147894195,-0.14718470330274705
built years,1,1,-0.20761354147894195,-0.14718470330274705
site proximity,1,1,-0.20761354147894195,-0.14718470330274705
site really,1,1,-0.20761354147894195,-0.14718470330274705
shocked,1,1,-0.20761354147894195,-0.14718470330274705
site think,1,1,-0.20761354147894195,-0.14718470330274705
project tonight,1,1,-0.20761354147894195,-0.14718470330274705
ve hearing,1,1,-0.20761354147894195,-0.14718470330274705
project thank,1,1,-0.20761354147894195,-0.14718470330274705
building going,1,1,-0.20761354147894195,-0.14718470330274705
sixth,1,1,-0.20761354147894195,-0.14718470330274705
thought important,1,1,-0.20761354147894195,-0.14718470330274705
project moratorium,1,1,-0.20761354147894195,-0.14718470330274705
available capacity,1,1,-0.20761354147894195,-0.14718470330274705
ballot,1,1,-0.20761354147894195,-0.14718470330274705
couple times,1,1,-0.20761354147894195,-0.14718470330274705
ai ai,1,1,-0.20761354147894195,-0.14718470330274705
senior director,1,1,-0.20761354147894195,-0.14718470330274705
allow time,1,1,-0.20761354147894195,-0.14718470330274705
trying say,1,1,-0.20761354147894195,-0.14718470330274705
allegiance flag,1,1,-0.20761354147894195,-0.14718470330274705
want bring,1,1,-0.20761354147894195,-0.14718470330274705
divided,1,1,-0.20761354147894195,-0.14718470330274705
division,1,1,-0.20761354147894195,-0.14718470330274705
allegiance,1,1,-0.20761354147894195,-0.14718470330274705
documented,1,1,-0.20761354147894195,-0.14718470330274705
does exist,1,1,-0.20761354147894195,-0.14718470330274705
modules,1,1,-0.20761354147894195,-0.14718470330274705
align,1,1,-0.20761354147894195,-0.14718470330274705
pollution water,1,1,-0.20761354147894195,-0.14718470330274705
modular,1,1,-0.20761354147894195,-0.14718470330274705
air permitting,1,1,-0.20761354147894195,-0.14718470330274705
air battery,1,1,-0.20761354147894195,-0.14718470330274705
doesn come,1,1,-0.20761354147894195,-0.14718470330274705
remaining,1,1,-0.20761354147894195,-0.14718470330274705
try say,1,1,-0.20761354147894195,-0.14718470330274705
remains,1,1,-0.20761354147894195,-0.14718470330274705
ai let,1,1,-0.20761354147894195,-0.14718470330274705
doesn mean,1,1,-0.20761354147894195,-0.14718470330274705
ai know,1,1,-0.20761354147894195,-0.14718470330274705
mitigate noise,1,1,-0.20761354147894195,-0.14718470330274705
thank sangamon,1,1,-0.20761354147894195,-0.14718470330274705
support ve,1,1,-0.20761354147894195,-0.14718470330274705
money pay,1,1,-0.20761354147894195,-0.14718470330274705
district live,1,1,-0.20761354147894195,-0.14718470330274705
amending,1,1,-0.20761354147894195,-0.14718470330274705
september,1,1,-0.20761354147894195,-0.14718470330274705
didn hear,1,1,-0.20761354147894195,-0.14718470330274705
zba,1,1,-0.20761354147894195,-0.14718470330274705
didn know,1,1,-0.20761354147894195,-0.14718470330274705
months construct,1,1,-0.20761354147894195,-0.14718470330274705
diener delgiorno,1,1,-0.20761354147894195,-0.14718470330274705
monthly quarterly,1,1,-0.20761354147894195,-0.14718470330274705
diesel engines,1,1,-0.20761354147894195,-0.14718470330274705
america republic,1,1,-0.20761354147894195,-0.14718470330274705
people volunteer,1,1,-0.20761354147894195,-0.14718470330274705
town ve,1,1,-0.20761354147894195,-0.14718470330274705
amen,1,1,-0.20761354147894195,-0.14718470330274705
district district,1,1,-0.20761354147894195,-0.14718470330274705
director environmental,1,1,-0.20761354147894195,-0.14718470330274705
thing building,1,1,-0.20761354147894195,-0.14718470330274705
disagree,1,1,-0.20761354147894195,-0.14718470330274705
month hour,1,1,-0.20761354147894195,-0.14718470330274705
state tax,1,1,-0.20761354147894195,-0.14718470330274705
union know,1,1,-0.20761354147894195,-0.14718470330274705
amazon,1,1,-0.20761354147894195,-0.14718470330274705
money think,1,1,-0.20761354147894195,-0.14718470330274705
period cyrus,1,1,-0.20761354147894195,-0.14718470330274705
toxic,1,1,-0.20761354147894195,-0.14718470330274705
district board,1,1,-0.20761354147894195,-0.14718470330274705
ai generated,1,1,-0.20761354147894195,-0.14718470330274705
ai actually,1,1,-0.20761354147894195,-0.14718470330274705
did seriously,1,1,-0.20761354147894195,-0.14718470330274705
removed,1,1,-0.20761354147894195,-0.14718470330274705
plumbers,1,1,-0.20761354147894195,-0.14718470330274705
drawing,1,1,-0.20761354147894195,-0.14718470330274705
want people,1,1,-0.20761354147894195,-0.14718470330274705
pledge allegiance,1,1,-0.20761354147894195,-0.14718470330274705
pledge,1,1,-0.20761354147894195,-0.14718470330274705
additives,1,1,-0.20761354147894195,-0.14718470330274705
played,1,1,-0.20761354147894195,-0.14718470330274705
adding supply,1,1,-0.20761354147894195,-0.14718470330274705
represents,1,1,-0.20761354147894195,-0.14718470330274705
pipelines,1,1,-0.20761354147894195,-0.14718470330274705
steady,1,1,-0.20761354147894195,-0.14718470330274705
republic,1,1,-0.20761354147894195,-0.14718470330274705
republic stands,1,1,-0.20761354147894195,-0.14718470330274705
acknowledge,1,1,-0.20761354147894195,-0.14718470330274705
zoning regulations,1,1,-0.20761354147894195,-0.14718470330274705
according ve,1,1,-0.20761354147894195,-0.14718470330274705
place look,1,1,-0.20761354147894195,-0.14718470330274705
transparent,1,1,-0.20761354147894195,-0.14718470330274705
text amendment,1,1,-0.20761354147894195,-0.14718470330274705
text,1,1,-0.20761354147894195,-0.14718470330274705
want reiterate,1,1,-0.20761354147894195,-0.14718470330274705
dropping,1,1,-0.20761354147894195,-0.14718470330274705
texas operate,1,1,-0.20761354147894195,-0.14718470330274705
able bring,1,1,-0.20761354147894195,-0.14718470330274705
plan ve,1,1,-0.20761354147894195,-0.14718470330274705
dramatically,1,1,-0.20761354147894195,-0.14718470330274705
thank considering,1,1,-0.20761354147894195,-0.14718470330274705
adequate,1,1,-0.20761354147894195,-0.14718470330274705
want good,1,1,-0.20761354147894195,-0.14718470330274705
agriculture use,1,1,-0.20761354147894195,-0.14718470330274705
agreements,1,1,-0.20761354147894195,-0.14718470330274705
traffic,1,1,-0.20761354147894195,-0.14718470330274705
agreement going,1,1,-0.20761354147894195,-0.14718470330274705
don look,1,1,-0.20761354147894195,-0.14718470330274705
sure know,1,1,-0.20761354147894195,-0.14718470330274705
don vote,1,1,-0.20761354147894195,-0.14718470330274705
trailer,1,1,-0.20761354147894195,-0.14718470330274705
points want,1,1,-0.20761354147894195,-0.14718470330274705
agree disagree,1,1,-0.20761354147894195,-0.14718470330274705
agenda tonight,1,1,-0.20761354147894195,-0.14718470330274705
afternoon,1,1,-0.20761354147894195,-0.14718470330274705
downsides,1,1,-0.20761354147894195,-0.14718470330274705
zoning code,1,1,-0.20761354147894195,-0.14718470330274705
advocacy,1,1,-0.20761354147894195,-0.14718470330274705
dot,1,1,-0.20761354147894195,-0.14718470330274705
dot com,1,1,-0.20761354147894195,-0.14718470330274705
phd,1,1,-0.20761354147894195,-0.14718470330274705
statute,1,1,-0.20761354147894195,-0.14718470330274705
report says,1,1,-0.20761354147894195,-0.14718470330274705
phone ai,1,1,-0.20761354147894195,-0.14718470330274705
advanced,1,1,-0.20761354147894195,-0.14718470330274705
douglas,1,1,-0.20761354147894195,-0.14718470330274705
douglas williams,1,1,-0.20761354147894195,-0.14718470330274705
moratorium allow,1,1,-0.20761354147894195,-0.14718470330274705
using union,1,1,-0.20761354147894195,-0.14718470330274705
did good,1,1,-0.20761354147894195,-0.14718470330274705
power regulate,1,1,-0.20761354147894195,-0.14718470330274705
suppliers,1,1,-0.20761354147894195,-0.14718470330274705
apply,1,1,-0.20761354147894195,-0.14718470330274705
applications,1,1,-0.20761354147894195,-0.14718470330274705
thing say,1,1,-0.20761354147894195,-0.14718470330274705
people familiar,1,1,-0.20761354147894195,-0.14718470330274705
cross,1,1,-0.20761354147894195,-0.14718470330274705
movie,1,1,-0.20761354147894195,-0.14718470330274705
regime,1,1,-0.20761354147894195,-0.14718470330274705
crell,1,1,-0.20761354147894195,-0.14718470330274705
younger,1,1,-0.20761354147894195,-0.14718470330274705
paved,1,1,-0.20761354147894195,-0.14718470330274705
things community,1,1,-0.20761354147894195,-0.14718470330274705
mr stump,1,1,-0.20761354147894195,-0.14718470330274705
younger generation,1,1,-0.20761354147894195,-0.14718470330274705
anti,1,1,-0.20761354147894195,-0.14718470330274705
people probably,1,1,-0.20761354147894195,-0.14718470330274705
mouth,1,1,-0.20761354147894195,-0.14718470330274705
people room,1,1,-0.20761354147894195,-0.14718470330274705
recorded,1,1,-0.20761354147894195,-0.14718470330274705
demand adding,1,1,-0.20761354147894195,-0.14718470330274705
yes right,1,1,-0.20761354147894195,-0.14718470330274705
stores,1,1,-0.20761354147894195,-0.14718470330274705
decade,1,1,-0.20761354147894195,-0.14718470330274705
apprentices,1,1,-0.20761354147894195,-0.14718470330274705
cut tax,1,1,-0.20761354147894195,-0.14718470330274705
thing water,1,1,-0.20761354147894195,-0.14718470330274705
cycles,1,1,-0.20761354147894195,-0.14718470330274705
starts,1,1,-0.20761354147894195,-0.14718470330274705
understand thank,1,1,-0.20761354147894195,-0.14718470330274705
cyrus board,1,1,-0.20761354147894195,-0.14718470330274705
area thank,1,1,-0.20761354147894195,-0.14718470330274705
state art,1,1,-0.20761354147894195,-0.14718470330274705
dallas texas,1,1,-0.20761354147894195,-0.14718470330274705
damn,1,1,-0.20761354147894195,-0.14718470330274705
pre fab,1,1,-0.20761354147894195,-0.14718470330274705
people aware,1,1,-0.20761354147894195,-0.14718470330274705
voltage transmission,1,1,-0.20761354147894195,-0.14718470330274705
daughter,1,1,-0.20761354147894195,-0.14718470330274705
paying jobs,1,1,-0.20761354147894195,-0.14718470330274705
thing thing,1,1,-0.20761354147894195,-0.14718470330274705
people community,1,1,-0.20761354147894195,-0.14718470330274705
dealerships,1,1,-0.20761354147894195,-0.14718470330274705
death,1,1,-0.20761354147894195,-0.14718470330274705
serve facility,1,1,-0.20761354147894195,-0.14718470330274705
definition,1,1,-0.20761354147894195,-0.14718470330274705
yes project,1,1,-0.20761354147894195,-0.14718470330274705
assurances legally,1,1,-0.20761354147894195,-0.14718470330274705
annually property,1,1,-0.20761354147894195,-0.14718470330274705
twice,1,1,-0.20761354147894195,-0.14718470330274705
determine,1,1,-0.20761354147894195,-0.14718470330274705
potentially,1,1,-0.20761354147894195,-0.14718470330274705
thing people,1,1,-0.20761354147894195,-0.14718470330274705
took time,1,1,-0.20761354147894195,-0.14718470330274705
regret,1,1,-0.20761354147894195,-0.14718470330274705
wages,1,1,-0.20761354147894195,-0.14718470330274705
posted,1,1,-0.20761354147894195,-0.14718470330274705
developer based,1,1,-0.20761354147894195,-0.14718470330274705
attracting,1,1,-0.20761354147894195,-0.14718470330274705
passes,1,1,-0.20761354147894195,-0.14718470330274705
worse,1,1,-0.20761354147894195,-0.14718470330274705
developing,1,1,-0.20761354147894195,-0.14718470330274705
people think,1,1,-0.20761354147894195,-0.14718470330274705
create jobs,1,1,-0.20761354147894195,-0.14718470330274705
cutting,1,1,-0.20761354147894195,-0.14718470330274705
desire,1,1,-0.20761354147894195,-0.14718470330274705
aspect,1,1,-0.20761354147894195,-0.14718470330274705
asks,1,1,-0.20761354147894195,-0.14718470330274705
unfortunately,1,1,-0.20761354147894195,-0.14718470330274705
determination,1,1,-0.20761354147894195,-0.14718470330274705
answer county,1,1,-0.20761354147894195,-0.14718470330274705
president central,1,1,-0.20761354147894195,-0.14718470330274705
tax,39,33,-0.0412045064913924,-0.17451684081945082
best,9,8,-0.09028674943846315,-0.1861503636639185
design,9,8,-0.09028674943846315,-0.1861503636639185
needs,9,8,-0.09028674943846315,-0.1861503636639185
rise,2,2,-0.20762327681632264,-0.20807094583296817
google,2,2,-0.20762327681632264,-0.20807094583296817
respectful,2,2,-0.20762327681632264,-0.20807094583296817
proposals,2,2,-0.20762327681632264,-0.20807094583296817
bank,2,2,-0.20762327681632264,-0.20807094583296817
lying,2,2,-0.20762327681632264,-0.20807094583296817
pro,2,2,-0.20762327681632264,-0.20807094583296817
time time,2,2,-0.20762327681632264,-0.20807094583296817
gives,2,2,-0.20762327681632264,-0.20807094583296817
taxpayers,2,2,-0.20762327681632264,-0.20807094583296817
chair,2,2,-0.20762327681632264,-0.20807094583296817
job creation,2,2,-0.20762327681632264,-0.20807094583296817
like said,2,2,-0.20762327681632264,-0.20807094583296817
green,2,2,-0.20762327681632264,-0.20807094583296817
groups,2,2,-0.20762327681632264,-0.20807094583296817
dump,2,2,-0.20762327681632264,-0.20807094583296817
iron,2,2,-0.20762327681632264,-0.20807094583296817
john,2,2,-0.20762327681632264,-0.20807094583296817
pieces,2,2,-0.20762327681632264,-0.20807094583296817
creates,2,2,-0.20762327681632264,-0.20807094583296817
public hearing,2,2,-0.20762327681632264,-0.20807094583296817
individual,2,2,-0.20762327681632264,-0.20807094583296817
officials,2,2,-0.20762327681632264,-0.20807094583296817
stands,2,2,-0.20762327681632264,-0.20807094583296817
addressing,2,2,-0.20762327681632264,-0.20807094583296817
draw,2,2,-0.20762327681632264,-0.20807094583296817
accept,2,2,-0.20762327681632264,-0.20807094583296817
education,2,2,-0.20762327681632264,-0.20807094583296817
indirect,2,2,-0.20762327681632264,-0.20807094583296817
watched,2,2,-0.20762327681632264,-0.20807094583296817
pushed,2,2,-0.20762327681632264,-0.20807094583296817
capacity miso,2,2,-0.20762327681632264,-0.20807094583296817
rural areas,2,2,-0.20762327681632264,-0.20807094583296817
utilize,2,2,-0.20762327681632264,-0.20807094583296817
fellow,2,2,-0.20762327681632264,-0.20807094583296817
proposing,2,2,-0.20762327681632264,-0.20807094583296817
causing,2,2,-0.20762327681632264,-0.20807094583296817
tradespeople,2,2,-0.20762327681632264,-0.20807094583296817
requiring,2,2,-0.20762327681632264,-0.20807094583296817
statement,2,2,-0.20762327681632264,-0.20807094583296817
frequency,2,2,-0.20762327681632264,-0.20807094583296817
construction jobs,2,2,-0.20762327681632264,-0.20807094583296817
body,2,2,-0.20762327681632264,-0.20807094583296817
hoping,2,2,-0.20762327681632264,-0.20807094583296817
later,2,2,-0.20762327681632264,-0.20807094583296817
hospital,2,2,-0.20762327681632264,-0.20807094583296817
perfect,2,2,-0.20762327681632264,-0.20807094583296817
hour load,2,2,-0.20762327681632264,-0.20807094583296817
relates,2,2,-0.20762327681632264,-0.20807094583296817
constantly,2,2,-0.20762327681632264,-0.20807094583296817
reject,2,2,-0.20762327681632264,-0.20807094583296817
form,2,2,-0.20762327681632264,-0.20807094583296817
frazee,2,2,-0.20762327681632264,-0.20807094583296817
submitted,2,2,-0.20762327681632264,-0.20807094583296817
ordinances,2,2,-0.20762327681632264,-0.20807094583296817
think people,2,2,-0.20762327681632264,-0.20807094583296817
think just,2,2,-0.20762327681632264,-0.20807094583296817
possibly,2,2,-0.20762327681632264,-0.20807094583296817
ought,2,2,-0.20762327681632264,-0.20807094583296817
ideas,2,2,-0.20762327681632264,-0.20807094583296817
rapidly,2,2,-0.20762327681632264,-0.20807094583296817
tom,2,2,-0.20762327681632264,-0.20807094583296817
forum,2,2,-0.20762327681632264,-0.20807094583296817
died,2,2,-0.20762327681632264,-0.20807094583296817
think long,2,2,-0.20762327681632264,-0.20807094583296817
route,2,2,-0.20762327681632264,-0.20807094583296817
regulated,2,2,-0.20762327681632264,-0.20807094583296817
people sangamon,2,2,-0.20762327681632264,-0.20807094583296817
delgiorno,2,2,-0.20762327681632264,-0.20807094583296817
clients,2,2,-0.20762327681632264,-0.20807094583296817
people living,2,2,-0.20762327681632264,-0.20807094583296817
like just,2,2,-0.20762327681632264,-0.20807094583296817
payments,2,2,-0.20762327681632264,-0.20807094583296817
affected,2,2,-0.20762327681632264,-0.20807094583296817
agencies,2,2,-0.20762327681632264,-0.20807094583296817
singamon,2,2,-0.20762327681632264,-0.20807094583296817
dad,2,2,-0.20762327681632264,-0.20807094583296817
singamon county,2,2,-0.20762327681632264,-0.20807094583296817
train,2,2,-0.20762327681632264,-0.20807094583296817
dallas,2,2,-0.20762327681632264,-0.20807094583296817
college,2,2,-0.20762327681632264,-0.20807094583296817
beginning,2,2,-0.20762327681632264,-0.20807094583296817
miso grid,2,2,-0.20762327681632264,-0.20807094583296817
date,2,2,-0.20762327681632264,-0.20807094583296817
thing like,2,2,-0.20762327681632264,-0.20807094583296817
remote,2,2,-0.20762327681632264,-0.20807094583296817
dealt,2,2,-0.20762327681632264,-0.20807094583296817
roles,2,2,-0.20762327681632264,-0.20807094583296817
unless,2,2,-0.20762327681632264,-0.20807094583296817
expert,2,2,-0.20762327681632264,-0.20807094583296817
model,2,2,-0.20762327681632264,-0.20807094583296817
sits,2,2,-0.20762327681632264,-0.20807094583296817
scarce,2,2,-0.20762327681632264,-0.20807094583296817
flag,2,2,-0.20762327681632264,-0.20807094583296817
led,2,2,-0.20762327681632264,-0.20807094583296817
common,2,2,-0.20762327681632264,-0.20807094583296817
touch,2,2,-0.20762327681632264,-0.20807094583296817
defined,2,2,-0.20762327681632264,-0.20807094583296817
larger,2,2,-0.20762327681632264,-0.20807094583296817
want say,10,9,-0.10267122759356173,-0.22386466206727806
housing,3,3,-0.20763301307003346,-0.2548092569028578
red,3,3,-0.20763301307003346,-0.2548092569028578
animals,3,3,-0.20763301307003346,-0.2548092569028578
positions,3,3,-0.20763301307003346,-0.2548092569028578
sources,3,3,-0.20763301307003346,-0.2548092569028578
produced,3,3,-0.20763301307003346,-0.2548092569028578
action,3,3,-0.20763301307003346,-0.2548092569028578
substantial,3,3,-0.20763301307003346,-0.2548092569028578
government,3,3,-0.20763301307003346,-0.2548092569028578
located,3,3,-0.20763301307003346,-0.2548092569028578
knew,3,3,-0.20763301307003346,-0.2548092569028578
writing,3,3,-0.20763301307003346,-0.2548092569028578
equivalent,3,3,-0.20763301307003346,-0.2548092569028578
consulting,3,3,-0.20763301307003346,-0.2548092569028578
kids,3,3,-0.20763301307003346,-0.2548092569028578
regulatory,3,3,-0.20763301307003346,-0.2548092569028578
spending,3,3,-0.20763301307003346,-0.2548092569028578
industries,3,3,-0.20763301307003346,-0.2548092569028578
fund,3,3,-0.20763301307003346,-0.2548092569028578
recent,3,3,-0.20763301307003346,-0.2548092569028578
priority,3,3,-0.20763301307003346,-0.2548092569028578
view,3,3,-0.20763301307003346,-0.2548092569028578
gentleman,3,3,-0.20763301307003346,-0.2548092569028578
particulate,3,3,-0.20763301307003346,-0.2548092569028578
threaten,3,3,-0.20763301307003346,-0.2548092569028578
feel like,3,3,-0.20763301307003346,-0.2548092569028578
calling,3,3,-0.20763301307003346,-0.2548092569028578
like ask,3,3,-0.20763301307003346,-0.2548092569028578
worker,3,3,-0.20763301307003346,-0.2548092569028578
interests,3,3,-0.20763301307003346,-0.2548092569028578
thanks,3,3,-0.20763301307003346,-0.2548092569028578
essentially,3,3,-0.20763301307003346,-0.2548092569028578
areas,11,10,-0.1126930772416701,-0.2583876265935039
residents,18,16,-0.09031073210827145,-0.2633128798794699
rules,12,11,-0.1209703440636698,-0.29032607661306364
board,116,98,-0.03976533749616795,-0.29033716655670183
regulate,4,4,-0.20764275024020762,-0.29422109790985884
turn,4,4,-0.20764275024020762,-0.29422109790985884
decades,4,4,-0.20764275024020762,-0.29422109790985884
thought,4,4,-0.20764275024020762,-0.29422109790985884
employees,4,4,-0.20764275024020762,-0.29422109790985884
voice,4,4,-0.20764275024020762,-0.29422109790985884
remind,4,4,-0.20764275024020762,-0.29422109790985884
reasons,4,4,-0.20764275024020762,-0.29422109790985884
couldn,4,4,-0.20764275024020762,-0.29422109790985884
replace,4,4,-0.20764275024020762,-0.29422109790985884
aware,4,4,-0.20764275024020762,-0.29422109790985884
nation,4,4,-0.20764275024020762,-0.29422109790985884
stay,4,4,-0.20764275024020762,-0.29422109790985884
received,4,4,-0.20764275024020762,-0.29422109790985884
looks like,4,4,-0.20764275024020762,-0.29422109790985884
property,26,23,-0.08553101258293427,-0.29932692735601807
lives,5,5,-0.2076524883269748,-0.32895046817722057
required,5,5,-0.2076524883269748,-0.32895046817722057
wildlife,5,5,-0.2076524883269748,-0.32895046817722057
dollar,5,5,-0.2076524883269748,-0.32895046817722057
wants,5,5,-0.2076524883269748,-0.32895046817722057
expect,5,5,-0.2076524883269748,-0.32895046817722057
hundreds,5,5,-0.2076524883269748,-0.32895046817722057
leave,5,5,-0.2076524883269748,-0.32895046817722057
generate,5,5,-0.2076524883269748,-0.32895046817722057
including,5,5,-0.2076524883269748,-0.32895046817722057
rest,5,5,-0.2076524883269748,-0.32895046817722057
years ago,5,5,-0.2076524883269748,-0.32895046817722057
thinking,5,5,-0.2076524883269748,-0.32895046817722057
require,5,5,-0.2076524883269748,-0.32895046817722057
yes stop,0,1,-5.879448455747809,-0.344925246135192
world self,0,1,-5.879448455747809,-0.344925246135192
work tomorrow,0,1,-5.879448455747809,-0.344925246135192
yes vital,0,1,-5.879448455747809,-0.344925246135192
taken asbestos,0,1,-5.879448455747809,-0.344925246135192
women michigan,0,1,-5.879448455747809,-0.344925246135192
world tell,0,1,-5.879448455747809,-0.344925246135192
workers labor,0,1,-5.879448455747809,-0.344925246135192
world threat,0,1,-5.879448455747809,-0.344925246135192
zoning proposed,0,1,-5.879448455747809,-0.344925246135192
works seven,0,1,-5.879448455747809,-0.344925246135192
world war,0,1,-5.879448455747809,-0.344925246135192
worldwide,0,1,-5.879448455747809,-0.344925246135192
wings roll,0,1,-5.879448455747809,-0.344925246135192
worldwide employees,0,1,-5.879448455747809,-0.344925246135192
worried community,0,1,-5.879448455747809,-0.344925246135192
workers community,0,1,-5.879448455747809,-0.344925246135192
zoning regulation,0,1,-5.879448455747809,-0.344925246135192
wings,0,1,-5.879448455747809,-0.344925246135192
sure talked,0,1,-5.879448455747809,-0.344925246135192
workers going,0,1,-5.879448455747809,-0.344925246135192
women sangamon,0,1,-5.879448455747809,-0.344925246135192
surrounding neighbors,0,1,-5.879448455747809,-0.344925246135192
yes zba,0,1,-5.879448455747809,-0.344925246135192
works know,0,1,-5.879448455747809,-0.344925246135192
working know,0,1,-5.879448455747809,-0.344925246135192
working labor,0,1,-5.879448455747809,-0.344925246135192
women community,0,1,-5.879448455747809,-0.344925246135192
work want,0,1,-5.879448455747809,-0.344925246135192
work vastly,0,1,-5.879448455747809,-0.344925246135192
workers jobs,0,1,-5.879448455747809,-0.344925246135192
women local,0,1,-5.879448455747809,-0.344925246135192
surrounding county,0,1,-5.879448455747809,-0.344925246135192
surrounding districts,0,1,-5.879448455747809,-0.344925246135192
working men,0,1,-5.879448455747809,-0.344925246135192
surrounding half,0,1,-5.879448455747809,-0.344925246135192
workers certified,0,1,-5.879448455747809,-0.344925246135192
surrounding land,0,1,-5.879448455747809,-0.344925246135192
work trades,0,1,-5.879448455747809,-0.344925246135192
taken away,0,1,-5.879448455747809,-0.344925246135192
working suspending,0,1,-5.879448455747809,-0.344925246135192
steps wait,0,1,-5.879448455747809,-0.344925246135192
steps,0,1,-5.879448455747809,-0.344925246135192
suppliers freight,0,1,-5.879448455747809,-0.344925246135192
yes short,0,1,-5.879448455747809,-0.344925246135192
stores restaurants,0,1,-5.879448455747809,-0.344925246135192
yes showing,0,1,-5.879448455747809,-0.344925246135192
taking asbestos,0,1,-5.879448455747809,-0.344925246135192
worried creating,0,1,-5.879448455747809,-0.344925246135192
straighten things,0,1,-5.879448455747809,-0.344925246135192
zoning staff,0,1,-5.879448455747809,-0.344925246135192
worse modern,0,1,-5.879448455747809,-0.344925246135192
yes folks,0,1,-5.879448455747809,-0.344925246135192
women work,0,1,-5.879448455747809,-0.344925246135192
summers hate,0,1,-5.879448455747809,-0.344925246135192
story sangamon,0,1,-5.879448455747809,-0.344925246135192
work temporary,0,1,-5.879448455747809,-0.344925246135192
straight looks,0,1,-5.879448455747809,-0.344925246135192
worsen,0,1,-5.879448455747809,-0.344925246135192
yes filled,0,1,-5.879448455747809,-0.344925246135192
straighten,0,1,-5.879448455747809,-0.344925246135192
strain electric,0,1,-5.879448455747809,-0.344925246135192
yes issue,0,1,-5.879448455747809,-0.344925246135192
workers doing,0,1,-5.879448455747809,-0.344925246135192
zoning step,0,1,-5.879448455747809,-0.344925246135192
worsen existing,0,1,-5.879448455747809,-0.344925246135192
surveillance capitalistic,0,1,-5.879448455747809,-0.344925246135192
yes earthquakes,0,1,-5.879448455747809,-0.344925246135192
windmills ironically,0,1,-5.879448455747809,-0.344925246135192
yes disappoint,0,1,-5.879448455747809,-0.344925246135192
yes did,0,1,-5.879448455747809,-0.344925246135192
yes delgiorno,0,1,-5.879448455747809,-0.344925246135192
worst ve,0,1,-5.879448455747809,-0.344925246135192
taking eco,0,1,-5.879448455747809,-0.344925246135192
yes frazee,0,1,-5.879448455747809,-0.344925246135192
yes largest,0,1,-5.879448455747809,-0.344925246135192
worried foxes,0,1,-5.879448455747809,-0.344925246135192
worry talking,0,1,-5.879448455747809,-0.344925246135192
yes require,0,1,-5.879448455747809,-0.344925246135192
zoning resolution,0,1,-5.879448455747809,-0.344925246135192
working environmental,0,1,-5.879448455747809,-0.344925246135192
storm,0,1,-5.879448455747809,-0.344925246135192
storm cleanup,0,1,-5.879448455747809,-0.344925246135192
yes recordings,0,1,-5.879448455747809,-0.344925246135192
worry concerns,0,1,-5.879448455747809,-0.344925246135192
workers construction,0,1,-5.879448455747809,-0.344925246135192
worry impact,0,1,-5.879448455747809,-0.344925246135192
yes pledge,0,1,-5.879448455747809,-0.344925246135192
worry neighbor,0,1,-5.879448455747809,-0.344925246135192
yes permit,0,1,-5.879448455747809,-0.344925246135192
zoning signify,0,1,-5.879448455747809,-0.344925246135192
zoning resolutions,0,1,-5.879448455747809,-0.344925246135192
yes pause,0,1,-5.879448455747809,-0.344925246135192
worry think,0,1,-5.879448455747809,-0.344925246135192
workers county,0,1,-5.879448455747809,-0.344925246135192
workers gain,0,1,-5.879448455747809,-0.344925246135192
yes means,0,1,-5.879448455747809,-0.344925246135192
worry water,0,1,-5.879448455747809,-0.344925246135192
worrying,0,1,-5.879448455747809,-0.344925246135192
yes let,0,1,-5.879448455747809,-0.344925246135192
worrying locally,0,1,-5.879448455747809,-0.344925246135192
workers emotional,0,1,-5.879448455747809,-0.344925246135192
woman said,0,1,-5.879448455747809,-0.344925246135192
youngest person,0,1,-5.879448455747809,-0.344925246135192
woman,0,1,-5.879448455747809,-0.344925246135192
takes customers,0,1,-5.879448455747809,-0.344925246135192
sure new,0,1,-5.879448455747809,-0.344925246135192
sure hell,0,1,-5.879448455747809,-0.344925246135192
sure gofundme,0,1,-5.879448455747809,-0.344925246135192
stewards land,0,1,-5.879448455747809,-0.344925246135192
workers order,0,1,-5.879448455747809,-0.344925246135192
stop avoidant,0,1,-5.879448455747809,-0.344925246135192
wish list,0,1,-5.879448455747809,-0.344925246135192
stop breathing,0,1,-5.879448455747809,-0.344925246135192
workers reason,0,1,-5.879448455747809,-0.344925246135192
wish play,0,1,-5.879448455747809,-0.344925246135192
zoned zoned,0,1,-5.879448455747809,-0.344925246135192
workers know,0,1,-5.879448455747809,-0.344925246135192
worked senate,0,1,-5.879448455747809,-0.344925246135192
stop corner,0,1,-5.879448455747809,-0.344925246135192
zoned warehouse,0,1,-5.879448455747809,-0.344925246135192
stop electromagnetic,0,1,-5.879448455747809,-0.344925246135192
sure families,0,1,-5.879448455747809,-0.344925246135192
takes time,0,1,-5.879448455747809,-0.344925246135192
takes consideration,0,1,-5.879448455747809,-0.344925246135192
wishes,0,1,-5.879448455747809,-0.344925246135192
wishes speak,0,1,-5.879448455747809,-0.344925246135192
stop harming,0,1,-5.879448455747809,-0.344925246135192
workers service,0,1,-5.879448455747809,-0.344925246135192
workers support,0,1,-5.879448455747809,-0.344925246135192
workers bad,0,1,-5.879448455747809,-0.344925246135192
zoning adopted,0,1,-5.879448455747809,-0.344925246135192
surety bond,0,1,-5.879448455747809,-0.344925246135192
sure pain,0,1,-5.879448455747809,-0.344925246135192
zoning matter,0,1,-5.879448455747809,-0.344925246135192
zoning let,0,1,-5.879448455747809,-0.344925246135192
takes simple,0,1,-5.879448455747809,-0.344925246135192
sure work,0,1,-5.879448455747809,-0.344925246135192
sure working,0,1,-5.879448455747809,-0.344925246135192
zoning land,0,1,-5.879448455747809,-0.344925246135192
takes place,0,1,-5.879448455747809,-0.344925246135192
zoning know,0,1,-5.879448455747809,-0.344925246135192
worker trained,0,1,-5.879448455747809,-0.344925246135192
workers long,0,1,-5.879448455747809,-0.344925246135192
worker resident,0,1,-5.879448455747809,-0.344925246135192
takes need,0,1,-5.879448455747809,-0.344925246135192
worker open,0,1,-5.879448455747809,-0.344925246135192
surely,0,1,-5.879448455747809,-0.344925246135192
surely happen,0,1,-5.879448455747809,-0.344925246135192
zoning building,0,1,-5.879448455747809,-0.344925246135192
zoning areas,0,1,-5.879448455747809,-0.344925246135192
surety,0,1,-5.879448455747809,-0.344925246135192
workers audience,0,1,-5.879448455747809,-0.344925246135192
workers making,0,1,-5.879448455747809,-0.344925246135192
stewards like,0,1,-5.879448455747809,-0.344925246135192
takes given,0,1,-5.879448455747809,-0.344925246135192
workers marketers,0,1,-5.879448455747809,-0.344925246135192
zoned kind,0,1,-5.879448455747809,-0.344925246135192
zoned commercial,0,1,-5.879448455747809,-0.344925246135192
work working,0,1,-5.879448455747809,-0.344925246135192
working changes,0,1,-5.879448455747809,-0.344925246135192
worth number,0,1,-5.879448455747809,-0.344925246135192
withstand natural,0,1,-5.879448455747809,-0.344925246135192
stops running,0,1,-5.879448455747809,-0.344925246135192
workforce pla,0,1,-5.879448455747809,-0.344925246135192
working address,0,1,-5.879448455747809,-0.344925246135192
worked doesn,0,1,-5.879448455747809,-0.344925246135192
working affected,0,1,-5.879448455747809,-0.344925246135192
working care,0,1,-5.879448455747809,-0.344925246135192
sure stuck,0,1,-5.879448455747809,-0.344925246135192
witnesses,0,1,-5.879448455747809,-0.344925246135192
witnesses testify,0,1,-5.879448455747809,-0.344925246135192
zba approved,0,1,-5.879448455747809,-0.344925246135192
worked professional,0,1,-5.879448455747809,-0.344925246135192
working current,0,1,-5.879448455747809,-0.344925246135192
zoning opposition,0,1,-5.879448455747809,-0.344925246135192
zaldrono mr,0,1,-5.879448455747809,-0.344925246135192
working entities,0,1,-5.879448455747809,-0.344925246135192
taken mitigate,0,1,-5.879448455747809,-0.344925246135192
zaldrono,0,1,-5.879448455747809,-0.344925246135192
zoning portion,0,1,-5.879448455747809,-0.344925246135192
surrounding area,0,1,-5.879448455747809,-0.344925246135192
sure short,0,1,-5.879448455747809,-0.344925246135192
youngest,0,1,-5.879448455747809,-0.344925246135192
taken meals,0,1,-5.879448455747809,-0.344925246135192
withstand,0,1,-5.879448455747809,-0.344925246135192
stops,0,1,-5.879448455747809,-0.344925246135192
zbigniew,0,1,-5.879448455747809,-0.344925246135192
workforce new,0,1,-5.879448455747809,-0.344925246135192
worked policy,0,1,-5.879448455747809,-0.344925246135192
worked plant,0,1,-5.879448455747809,-0.344925246135192
zoned agriculture,0,1,-5.879448455747809,-0.344925246135192
zoned agricultural,0,1,-5.879448455747809,-0.344925246135192
stop information,0,1,-5.879448455747809,-0.344925246135192
workers temporary,0,1,-5.879448455747809,-0.344925246135192
workers things,0,1,-5.879448455747809,-0.344925246135192
workers tonight,0,1,-5.879448455747809,-0.344925246135192
sure sick,0,1,-5.879448455747809,-0.344925246135192
zero unanimously,0,1,-5.879448455747809,-0.344925246135192
sure sites,0,1,-5.879448455747809,-0.344925246135192
workers years,0,1,-5.879448455747809,-0.344925246135192
workforce come,0,1,-5.879448455747809,-0.344925246135192
zero recommend,0,1,-5.879448455747809,-0.344925246135192
zero occupied,0,1,-5.879448455747809,-0.344925246135192
worked investment,0,1,-5.879448455747809,-0.344925246135192
supply increase,0,1,-5.879448455747809,-0.344925246135192
stereotype living,0,1,-5.879448455747809,-0.344925246135192
worked environmental,0,1,-5.879448455747809,-0.344925246135192
stereotype,0,1,-5.879448455747809,-0.344925246135192
workforce exists,0,1,-5.879448455747809,-0.344925246135192
zbigniew brzezinski,0,1,-5.879448455747809,-0.344925246135192
workers care,0,1,-5.879448455747809,-0.344925246135192
student lincoln,0,1,-5.879448455747809,-0.344925246135192
suma years,0,1,-5.879448455747809,-0.344925246135192
summer going,0,1,-5.879448455747809,-0.344925246135192
years history,0,1,-5.879448455747809,-0.344925246135192
stumpf place,0,1,-5.879448455747809,-0.344925246135192
systems facility,0,1,-5.879448455747809,-0.344925246135192
word sangamon,0,1,-5.879448455747809,-0.344925246135192
stumpf,0,1,-5.879448455747809,-0.344925246135192
stump place,0,1,-5.879448455747809,-0.344925246135192
word squishy,0,1,-5.879448455747809,-0.344925246135192
strike need,0,1,-5.879448455747809,-0.344925246135192
stuff women,0,1,-5.879448455747809,-0.344925246135192
work participation,0,1,-5.879448455747809,-0.344925246135192
year electricity,0,1,-5.879448455747809,-0.344925246135192
year financial,0,1,-5.879448455747809,-0.344925246135192
strikes,0,1,-5.879448455747809,-0.344925246135192
stuff require,0,1,-5.879448455747809,-0.344925246135192
stuff presented,0,1,-5.879448455747809,-0.344925246135192
stringent rules,0,1,-5.879448455747809,-0.344925246135192
years going,0,1,-5.879448455747809,-0.344925246135192
stuff outlined,0,1,-5.879448455747809,-0.344925246135192
swallowing,0,1,-5.879448455747809,-0.344925246135192
swallowing farmland,0,1,-5.879448455747809,-0.344925246135192
stuff online,0,1,-5.879448455747809,-0.344925246135192
year hourly,0,1,-5.879448455747809,-0.344925246135192
work massey,0,1,-5.879448455747809,-0.344925246135192
word things,0,1,-5.879448455747809,-0.344925246135192
year immediately,0,1,-5.879448455747809,-0.344925246135192
years executive,0,1,-5.879448455747809,-0.344925246135192
stuff circulating,0,1,-5.879448455747809,-0.344925246135192
year important,0,1,-5.879448455747809,-0.344925246135192
year county,0,1,-5.879448455747809,-0.344925246135192
years hoping,0,1,-5.879448455747809,-0.344925246135192
years entry,0,1,-5.879448455747809,-0.344925246135192
year contract,0,1,-5.879448455747809,-0.344925246135192
subdivisions things,0,1,-5.879448455747809,-0.344925246135192
subdivisions,0,1,-5.879448455747809,-0.344925246135192
years lake,0,1,-5.879448455747809,-0.344925246135192
yards away,0,1,-5.879448455747809,-0.344925246135192
years labor,0,1,-5.879448455747809,-0.344925246135192
years know,0,1,-5.879448455747809,-0.344925246135192
sustainable family,0,1,-5.879448455747809,-0.344925246135192
subdivide housing,0,1,-5.879448455747809,-0.344925246135192
subdivide,0,1,-5.879448455747809,-0.344925246135192
subconscious telling,0,1,-5.879448455747809,-0.344925246135192
strict compliance,0,1,-5.879448455747809,-0.344925246135192
work proud,0,1,-5.879448455747809,-0.344925246135192
years just,0,1,-5.879448455747809,-0.344925246135192
systems including,0,1,-5.879448455747809,-0.344925246135192
sustainable impact,0,1,-5.879448455747809,-0.344925246135192
years important,0,1,-5.879448455747809,-0.344925246135192
year affects,0,1,-5.879448455747809,-0.344925246135192
year appeal,0,1,-5.879448455747809,-0.344925246135192
year backup,0,1,-5.879448455747809,-0.344925246135192
years house,0,1,-5.879448455747809,-0.344925246135192
year built,0,1,-5.879448455747809,-0.344925246135192
woods,0,1,-5.879448455747809,-0.344925246135192
year come,0,1,-5.879448455747809,-0.344925246135192
work problem,0,1,-5.879448455747809,-0.344925246135192
subconscious,0,1,-5.879448455747809,-0.344925246135192
year committees,0,1,-5.879448455747809,-0.344925246135192
woods representing,0,1,-5.879448455747809,-0.344925246135192
years especially,0,1,-5.879448455747809,-0.344925246135192
swear,0,1,-5.879448455747809,-0.344925246135192
yard turned,0,1,-5.879448455747809,-0.344925246135192
years area,0,1,-5.879448455747809,-0.344925246135192
work best,0,1,-5.879448455747809,-0.344925246135192
years allows,0,1,-5.879448455747809,-0.344925246135192
swihart did,0,1,-5.879448455747809,-0.344925246135192
years agriculture,0,1,-5.879448455747809,-0.344925246135192
year question,0,1,-5.879448455747809,-0.344925246135192
work isn,0,1,-5.879448455747809,-0.344925246135192
year questions,0,1,-5.879448455747809,-0.344925246135192
years addition,0,1,-5.879448455747809,-0.344925246135192
year remember,0,1,-5.879448455747809,-0.344925246135192
work home,0,1,-5.879448455747809,-0.344925246135192
work heard,0,1,-5.879448455747809,-0.344925246135192
year round,0,1,-5.879448455747809,-0.344925246135192
syndrome time,0,1,-5.879448455747809,-0.344925246135192
year springfield,0,1,-5.879448455747809,-0.344925246135192
syndrome,0,1,-5.879448455747809,-0.344925246135192
sylvia teacher,0,1,-5.879448455747809,-0.344925246135192
sylvia,0,1,-5.879448455747809,-0.344925246135192
sworn penalty,0,1,-5.879448455747809,-0.344925246135192
work design,0,1,-5.879448455747809,-0.344925246135192
year state,0,1,-5.879448455747809,-0.344925246135192
structures purpose,0,1,-5.879448455747809,-0.344925246135192
work generators,0,1,-5.879448455747809,-0.344925246135192
struggle technology,0,1,-5.879448455747809,-0.344925246135192
year thing,0,1,-5.879448455747809,-0.344925246135192
stuck,0,1,-5.879448455747809,-0.344925246135192
sworn,0,1,-5.879448455747809,-0.344925246135192
stuck kind,0,1,-5.879448455747809,-0.344925246135192
work asbestos,0,1,-5.879448455747809,-0.344925246135192
work ai,0,1,-5.879448455747809,-0.344925246135192
year jobs,0,1,-5.879448455747809,-0.344925246135192
work job,0,1,-5.879448455747809,-0.344925246135192
wording,0,1,-5.879448455747809,-0.344925246135192
stuff chemicals,0,1,-5.879448455747809,-0.344925246135192
years enter,0,1,-5.879448455747809,-0.344925246135192
wording kevin,0,1,-5.879448455747809,-0.344925246135192
swear god,0,1,-5.879448455747809,-0.344925246135192
sweat,0,1,-5.879448455747809,-0.344925246135192
stuff chatham,0,1,-5.879448455747809,-0.344925246135192
strong workforce,0,1,-5.879448455747809,-0.344925246135192
years creates,0,1,-5.879448455747809,-0.344925246135192
studying effects,0,1,-5.879448455747809,-0.344925246135192
studying,0,1,-5.879448455747809,-0.344925246135192
study shall,0,1,-5.879448455747809,-0.344925246135192
years construction,0,1,-5.879448455747809,-0.344925246135192
year member,0,1,-5.879448455747809,-0.344925246135192
years concerned,0,1,-5.879448455747809,-0.344925246135192
year old,0,1,-5.879448455747809,-0.344925246135192
study going,0,1,-5.879448455747809,-0.344925246135192
sweat tears,0,1,-5.879448455747809,-0.344925246135192
study course,0,1,-5.879448455747809,-0.344925246135192
sweet,0,1,-5.879448455747809,-0.344925246135192
words dual,0,1,-5.879448455747809,-0.344925246135192
sweet long,0,1,-5.879448455747809,-0.344925246135192
years called,0,1,-5.879448455747809,-0.344925246135192
swihart,0,1,-5.879448455747809,-0.344925246135192
years building,0,1,-5.879448455747809,-0.344925246135192
years billion,0,1,-5.879448455747809,-0.344925246135192
systems afford,0,1,-5.879448455747809,-0.344925246135192
years like,0,1,-5.879448455747809,-0.344925246135192
yard kid,0,1,-5.879448455747809,-0.344925246135192
yes dasko,0,1,-5.879448455747809,-0.344925246135192
survey company,0,1,-5.879448455747809,-0.344925246135192
work springfield,0,1,-5.879448455747809,-0.344925246135192
table worry,0,1,-5.879448455747809,-0.344925246135192
table water,0,1,-5.879448455747809,-0.344925246135192
work skilled,0,1,-5.879448455747809,-0.344925246135192
wrapped,0,1,-5.879448455747809,-0.344925246135192
stream shared,0,1,-5.879448455747809,-0.344925246135192
work school,0,1,-5.879448455747809,-0.344925246135192
wrapped fossil,0,1,-5.879448455747809,-0.344925246135192
work role,0,1,-5.879448455747809,-0.344925246135192
survive,0,1,-5.879448455747809,-0.344925246135192
yep ayers,0,1,-5.879448455747809,-0.344925246135192
won start,0,1,-5.879448455747809,-0.344925246135192
table sure,0,1,-5.879448455747809,-0.344925246135192
substation las,0,1,-5.879448455747809,-0.344925246135192
won strait,0,1,-5.879448455747809,-0.344925246135192
substation just,0,1,-5.879448455747809,-0.344925246135192
survive vital,0,1,-5.879448455747809,-0.344925246135192
substation interconnection,0,1,-5.879448455747809,-0.344925246135192
substation apparatus,0,1,-5.879448455747809,-0.344925246135192
substantial tax,0,1,-5.879448455747809,-0.344925246135192
yellow contact,0,1,-5.879448455747809,-0.344925246135192
streams seen,0,1,-5.879448455747809,-0.344925246135192
table possibly,0,1,-5.879448455747809,-0.344925246135192
yellow coming,0,1,-5.879448455747809,-0.344925246135192
susceptible,0,1,-5.879448455747809,-0.344925246135192
table lime,0,1,-5.879448455747809,-0.344925246135192
won talking,0,1,-5.879448455747809,-0.344925246135192
yes asking,0,1,-5.879448455747809,-0.344925246135192
tabled,0,1,-5.879448455747809,-0.344925246135192
years worried,0,1,-5.879448455747809,-0.344925246135192
woven trespassing,0,1,-5.879448455747809,-0.344925246135192
wouldn health,0,1,-5.879448455747809,-0.344925246135192
won going,0,1,-5.879448455747809,-0.344925246135192
yes continue,0,1,-5.879448455747809,-0.344925246135192
tactic opponents,0,1,-5.879448455747809,-0.344925246135192
tactic,0,1,-5.879448455747809,-0.344925246135192
strain weight,0,1,-5.879448455747809,-0.344925246135192
strait,0,1,-5.879448455747809,-0.344925246135192
won happen,0,1,-5.879448455747809,-0.344925246135192
work generations,0,1,-5.879448455747809,-0.344925246135192
work tech,0,1,-5.879448455747809,-0.344925246135192
tables iron,0,1,-5.879448455747809,-0.344925246135192
won issues,0,1,-5.879448455747809,-0.344925246135192
strait hormuz,0,1,-5.879448455747809,-0.344925246135192
strange,0,1,-5.879448455747809,-0.344925246135192
strange absolutely,0,1,-5.879448455747809,-0.344925246135192
stranger,0,1,-5.879448455747809,-0.344925246135192
tables,0,1,-5.879448455747809,-0.344925246135192
suma,0,1,-5.879448455747809,-0.344925246135192
wouldn people,0,1,-5.879448455747809,-0.344925246135192
stranger corporations,0,1,-5.879448455747809,-0.344925246135192
strategic,0,1,-5.879448455747809,-0.344925246135192
strategic investment,0,1,-5.879448455747809,-0.344925246135192
won remember,0,1,-5.879448455747809,-0.344925246135192
wouldn place,0,1,-5.879448455747809,-0.344925246135192
wouldn putting,0,1,-5.879448455747809,-0.344925246135192
woven,0,1,-5.879448455747809,-0.344925246135192
tabled resolution,0,1,-5.879448455747809,-0.344925246135192
street cause,0,1,-5.879448455747809,-0.344925246135192
years wildlife,0,1,-5.879448455747809,-0.344925246135192
wrote chat,0,1,-5.879448455747809,-0.344925246135192
wrong discretion,0,1,-5.879448455747809,-0.344925246135192
years possible,0,1,-5.879448455747809,-0.344925246135192
subpart quad,0,1,-5.879448455747809,-0.344925246135192
subpart,0,1,-5.879448455747809,-0.344925246135192
years personally,0,1,-5.879448455747809,-0.344925246135192
wrong makes,0,1,-5.879448455747809,-0.344925246135192
submitted tonight,0,1,-5.879448455747809,-0.344925246135192
years people,0,1,-5.879448455747809,-0.344925246135192
suspending,0,1,-5.879448455747809,-0.344925246135192
suspending years,0,1,-5.879448455747809,-0.344925246135192
submitted evidence,0,1,-5.879448455747809,-0.344925246135192
wrong nails,0,1,-5.879448455747809,-0.344925246135192
years month,0,1,-5.879448455747809,-0.344925246135192
wrong project,0,1,-5.879448455747809,-0.344925246135192
sustainability admits,0,1,-5.879448455747809,-0.344925246135192
wrong sacrifice,0,1,-5.879448455747809,-0.344925246135192
years million,0,1,-5.879448455747809,-0.344925246135192
wrong shut,0,1,-5.879448455747809,-0.344925246135192
wrote,0,1,-5.879448455747809,-0.344925246135192
stress anxiety,0,1,-5.879448455747809,-0.344925246135192
sustainability just,0,1,-5.879448455747809,-0.344925246135192
stress long,0,1,-5.879448455747809,-0.344925246135192
sustainability ll,0,1,-5.879448455747809,-0.344925246135192
subject subpart,0,1,-5.879448455747809,-0.344925246135192
work provided,0,1,-5.879448455747809,-0.344925246135192
years maintenance,0,1,-5.879448455747809,-0.344925246135192
years look,0,1,-5.879448455747809,-0.344925246135192
years ll,0,1,-5.879448455747809,-0.344925246135192
work recommendations,0,1,-5.879448455747809,-0.344925246135192
suspected cause,0,1,-5.879448455747809,-0.344925246135192
years water,0,1,-5.879448455747809,-0.344925246135192
systems water,0,1,-5.879448455747809,-0.344925246135192
won work,0,1,-5.879448455747809,-0.344925246135192
wonder,0,1,-5.879448455747809,-0.344925246135192
substantial revenue,0,1,-5.879448455747809,-0.344925246135192
street chicago,0,1,-5.879448455747809,-0.344925246135192
street feet,0,1,-5.879448455747809,-0.344925246135192
substantial injury,0,1,-5.879448455747809,-0.344925246135192
years use,0,1,-5.879448455747809,-0.344925246135192
writing comply,0,1,-5.879448455747809,-0.344925246135192
writing socrates,0,1,-5.879448455747809,-0.344925246135192
wonder cirrus,0,1,-5.879448455747809,-0.344925246135192
years unusual,0,1,-5.879448455747809,-0.344925246135192
years thing,0,1,-5.879448455747809,-0.344925246135192
years studying,0,1,-5.879448455747809,-0.344925246135192
writing tonight,0,1,-5.879448455747809,-0.344925246135192
wonderful helping,0,1,-5.879448455747809,-0.344925246135192
years springfield,0,1,-5.879448455747809,-0.344925246135192
years room,0,1,-5.879448455747809,-0.344925246135192
susceptible limit,0,1,-5.879448455747809,-0.344925246135192
written contract,0,1,-5.879448455747809,-0.344925246135192
wonderful won,0,1,-5.879448455747809,-0.344925246135192
suspect,0,1,-5.879448455747809,-0.344925246135192
suspect little,0,1,-5.879448455747809,-0.344925246135192
written positive,0,1,-5.879448455747809,-0.344925246135192
subsidence know,0,1,-5.879448455747809,-0.344925246135192
windmills industries,0,1,-5.879448455747809,-0.344925246135192
subsidence,0,1,-5.879448455747809,-0.344925246135192
suspected,0,1,-5.879448455747809,-0.344925246135192
travel causing,0,1,-5.879448455747809,-0.344925246135192
want address,0,1,-5.879448455747809,-0.344925246135192
windfall taxes,0,1,-5.879448455747809,-0.344925246135192
time held,0,1,-5.879448455747809,-0.344925246135192
using kind,0,1,-5.879448455747809,-0.344925246135192
time going,0,1,-5.879448455747809,-0.344925246135192
time goes,0,1,-5.879448455747809,-0.344925246135192
using labor,0,1,-5.879448455747809,-0.344925246135192
using microphone,0,1,-5.879448455747809,-0.344925246135192
using millions,0,1,-5.879448455747809,-0.344925246135192
time finished,0,1,-5.879448455747809,-0.344925246135192
time expected,0,1,-5.879448455747809,-0.344925246135192
time exceed,0,1,-5.879448455747809,-0.344925246135192
using party,0,1,-5.879448455747809,-0.344925246135192
using standards,0,1,-5.879448455747809,-0.344925246135192
using state,0,1,-5.879448455747809,-0.344925246135192
using tier,0,1,-5.879448455747809,-0.344925246135192
using time,0,1,-5.879448455747809,-0.344925246135192
time effects,0,1,-5.879448455747809,-0.344925246135192
time haven,0,1,-5.879448455747809,-0.344925246135192
time inadvertently,0,1,-5.879448455747809,-0.344925246135192
using workers,0,1,-5.879448455747809,-0.344925246135192
time including,0,1,-5.879448455747809,-0.344925246135192
time near,0,1,-5.879448455747809,-0.344925246135192
time ms,0,1,-5.879448455747809,-0.344925246135192
using apple,0,1,-5.879448455747809,-0.344925246135192
time mr,0,1,-5.879448455747809,-0.344925246135192
time months,0,1,-5.879448455747809,-0.344925246135192
time minutes,0,1,-5.879448455747809,-0.344925246135192
time mental,0,1,-5.879448455747809,-0.344925246135192
time making,0,1,-5.879448455747809,-0.344925246135192
time make,0,1,-5.879448455747809,-0.344925246135192
time lot,0,1,-5.879448455747809,-0.344925246135192
using energy,0,1,-5.879448455747809,-0.344925246135192
time listening,0,1,-5.879448455747809,-0.344925246135192
time landowners,0,1,-5.879448455747809,-0.344925246135192
time job,0,1,-5.879448455747809,-0.344925246135192
using high,0,1,-5.879448455747809,-0.344925246135192
time discussions,0,1,-5.879448455747809,-0.344925246135192
usually come,0,1,-5.879448455747809,-0.344925246135192
time past,0,1,-5.879448455747809,-0.344925246135192
tightly,0,1,-5.879448455747809,-0.344925246135192
tier standards,0,1,-5.879448455747809,-0.344925246135192
vac working,0,1,-5.879448455747809,-0.344925246135192
tier generators,0,1,-5.879448455747809,-0.344925246135192
vacuum,0,1,-5.879448455747809,-0.344925246135192
vacuum salesmen,0,1,-5.879448455747809,-0.344925246135192
vaguest,0,1,-5.879448455747809,-0.344925246135192
vaguest terms,0,1,-5.879448455747809,-0.344925246135192
tier generator,0,1,-5.879448455747809,-0.344925246135192
tier emissions,0,1,-5.879448455747809,-0.344925246135192
tier emergency,0,1,-5.879448455747809,-0.344925246135192
valid arguments,0,1,-5.879448455747809,-0.344925246135192
valid heard,0,1,-5.879448455747809,-0.344925246135192
thursday announced,0,1,-5.879448455747809,-0.344925246135192
thursday,0,1,-5.879448455747809,-0.344925246135192
valid think,0,1,-5.879448455747809,-0.344925246135192
vac guarantee,0,1,-5.879448455747809,-0.344925246135192
tightly failed,0,1,-5.879448455747809,-0.344925246135192
usually does,0,1,-5.879448455747809,-0.344925246135192
utilize right,0,1,-5.879448455747809,-0.344925246135192
usually late,0,1,-5.879448455747809,-0.344925246135192
usually leave,0,1,-5.879448455747809,-0.344925246135192
time demonstration,0,1,-5.879448455747809,-0.344925246135192
time day,0,1,-5.879448455747809,-0.344925246135192
time cyrus,0,1,-5.879448455747809,-0.344925246135192
usually weeks,0,1,-5.879448455747809,-0.344925246135192
time council,0,1,-5.879448455747809,-0.344925246135192
utilities district,0,1,-5.879448455747809,-0.344925246135192
utility career,0,1,-5.879448455747809,-0.344925246135192
time cost,0,1,-5.879448455747809,-0.344925246135192
time comes,0,1,-5.879448455747809,-0.344925246135192
time chemicals,0,1,-5.879448455747809,-0.344925246135192
utility outages,0,1,-5.879448455747809,-0.344925246135192
time believe,0,1,-5.879448455747809,-0.344925246135192
utilize margins,0,1,-5.879448455747809,-0.344925246135192
time noise,0,1,-5.879448455747809,-0.344925246135192
time pictures,0,1,-5.879448455747809,-0.344925246135192
throw township,0,1,-5.879448455747809,-0.344925246135192
use essentially,0,1,-5.879448455747809,-0.344925246135192
use existing,0,1,-5.879448455747809,-0.344925246135192
tired living,0,1,-5.879448455747809,-0.344925246135192
times week,0,1,-5.879448455747809,-0.344925246135192
times water,0,1,-5.879448455747809,-0.344925246135192
use generators,0,1,-5.879448455747809,-0.344925246135192
use homes,0,1,-5.879448455747809,-0.344925246135192
use house,0,1,-5.879448455747809,-0.344925246135192
use incompatible,0,1,-5.879448455747809,-0.344925246135192
times respect,0,1,-5.879448455747809,-0.344925246135192
times rate,0,1,-5.879448455747809,-0.344925246135192
use like,0,1,-5.879448455747809,-0.344925246135192
use megawatts,0,1,-5.879448455747809,-0.344925246135192
use minimize,0,1,-5.879448455747809,-0.344925246135192
use money,0,1,-5.879448455747809,-0.344925246135192
use noise,0,1,-5.879448455747809,-0.344925246135192
tired speaking,0,1,-5.879448455747809,-0.344925246135192
use entirely,0,1,-5.879448455747809,-0.344925246135192
use pre,0,1,-5.879448455747809,-0.344925246135192
use don,0,1,-5.879448455747809,-0.344925246135192
urgency,0,1,-5.879448455747809,-0.344925246135192
urgency tonight,0,1,-5.879448455747809,-0.344925246135192
usage committee,0,1,-5.879448455747809,-0.344925246135192
usage just,0,1,-5.879448455747809,-0.344925246135192
today ll,0,1,-5.879448455747809,-0.344925246135192
use automobile,0,1,-5.879448455747809,-0.344925246135192
today implied,0,1,-5.879448455747809,-0.344925246135192
use basement,0,1,-5.879448455747809,-0.344925246135192
use building,0,1,-5.879448455747809,-0.344925246135192
today changes,0,1,-5.879448455747809,-0.344925246135192
today benefit,0,1,-5.879448455747809,-0.344925246135192
use compatible,0,1,-5.879448455747809,-0.344925246135192
use consumption,0,1,-5.879448455747809,-0.344925246135192
use current,0,1,-5.879448455747809,-0.344925246135192
use decide,0,1,-5.879448455747809,-0.344925246135192
use plants,0,1,-5.879448455747809,-0.344925246135192
use process,0,1,-5.879448455747809,-0.344925246135192
time presentations,0,1,-5.879448455747809,-0.344925246135192
time video,0,1,-5.879448455747809,-0.344925246135192
time try,0,1,-5.879448455747809,-0.344925246135192
time state,0,1,-5.879448455747809,-0.344925246135192
time sir,0,1,-5.879448455747809,-0.344925246135192
time run,0,1,-5.879448455747809,-0.344925246135192
used vacuum,0,1,-5.879448455747809,-0.344925246135192
used work,0,1,-5.879448455747809,-0.344925246135192
time requires,0,1,-5.879448455747809,-0.344925246135192
time remaining,0,1,-5.879448455747809,-0.344925246135192
uses district,0,1,-5.879448455747809,-0.344925246135192
uses finance,0,1,-5.879448455747809,-0.344925246135192
uses nearby,0,1,-5.879448455747809,-0.344925246135192
uses permitted,0,1,-5.879448455747809,-0.344925246135192
uses phone,0,1,-5.879448455747809,-0.344925246135192
uses rural,0,1,-5.879448455747809,-0.344925246135192
uses shop,0,1,-5.879448455747809,-0.344925246135192
used public,0,1,-5.879448455747809,-0.344925246135192
used manage,0,1,-5.879448455747809,-0.344925246135192
use staff,0,1,-5.879448455747809,-0.344925246135192
time years,0,1,-5.879448455747809,-0.344925246135192
use structures,0,1,-5.879448455747809,-0.344925246135192
use tell,0,1,-5.879448455747809,-0.344925246135192
times large,0,1,-5.879448455747809,-0.344925246135192
times going,0,1,-5.879448455747809,-0.344925246135192
use word,0,1,-5.879448455747809,-0.344925246135192
times given,0,1,-5.879448455747809,-0.344925246135192
times energy,0,1,-5.879448455747809,-0.344925246135192
used appropriated,0,1,-5.879448455747809,-0.344925246135192
used beautiful,0,1,-5.879448455747809,-0.344925246135192
times bigger,0,1,-5.879448455747809,-0.344925246135192
used build,0,1,-5.879448455747809,-0.344925246135192
used chatgpt,0,1,-5.879448455747809,-0.344925246135192
times big,0,1,-5.879448455747809,-0.344925246135192
timekeepers keeping,0,1,-5.879448455747809,-0.344925246135192
timekeepers,0,1,-5.879448455747809,-0.344925246135192
valid time,0,1,-5.879448455747809,-0.344925246135192
valuable people,0,1,-5.879448455747809,-0.344925246135192
urge sigmund,0,1,-5.879448455747809,-0.344925246135192
ve website,0,1,-5.879448455747809,-0.344925246135192
ve years,0,1,-5.879448455747809,-0.344925246135192
veda,0,1,-5.879448455747809,-0.344925246135192
think main,0,1,-5.879448455747809,-0.344925246135192
veda keene,0,1,-5.879448455747809,-0.344925246135192
vegas,0,1,-5.879448455747809,-0.344925246135192
vegas imagine,0,1,-5.879448455747809,-0.344925246135192
vehicle,0,1,-5.879448455747809,-0.344925246135192
vehicle power,0,1,-5.879448455747809,-0.344925246135192
think job,0,1,-5.879448455747809,-0.344925246135192
think haven,0,1,-5.879448455747809,-0.344925246135192
think happened,0,1,-5.879448455747809,-0.344925246135192
verdin,0,1,-5.879448455747809,-0.344925246135192
verdin resources,0,1,-5.879448455747809,-0.344925246135192
think great,0,1,-5.879448455747809,-0.344925246135192
verdon directly,0,1,-5.879448455747809,-0.344925246135192
ve willing,0,1,-5.879448455747809,-0.344925246135192
ve want,0,1,-5.879448455747809,-0.344925246135192
verdon majority,0,1,-5.879448455747809,-0.344925246135192
think mile,0,1,-5.879448455747809,-0.344925246135192
ve presented,0,1,-5.879448455747809,-0.344925246135192
ve read,0,1,-5.879448455747809,-0.344925246135192
ve really,0,1,-5.879448455747809,-0.344925246135192
think really,0,1,-5.879448455747809,-0.344925246135192
think problems,0,1,-5.879448455747809,-0.344925246135192
ve said,0,1,-5.879448455747809,-0.344925246135192
think peabody,0,1,-5.879448455747809,-0.344925246135192
ve sangamon,0,1,-5.879448455747809,-0.344925246135192
ve sars,0,1,-5.879448455747809,-0.344925246135192
ve shown,0,1,-5.879448455747809,-0.344925246135192
ve soaked,0,1,-5.879448455747809,-0.344925246135192
ve speaking,0,1,-5.879448455747809,-0.344925246135192
ve springfield,0,1,-5.879448455747809,-0.344925246135192
ve taken,0,1,-5.879448455747809,-0.344925246135192
ve testimony,0,1,-5.879448455747809,-0.344925246135192
verdon diverton,0,1,-5.879448455747809,-0.344925246135192
verdon resident,0,1,-5.879448455747809,-0.344925246135192
think thing,0,1,-5.879448455747809,-0.344925246135192
think best,0,1,-5.879448455747809,-0.344925246135192
think ai,0,1,-5.879448455747809,-0.344925246135192
think advantage,0,1,-5.879448455747809,-0.344925246135192
things zoning,0,1,-5.879448455747809,-0.344925246135192
things yes,0,1,-5.879448455747809,-0.344925246135192
things water,0,1,-5.879448455747809,-0.344925246135192
things ve,0,1,-5.879448455747809,-0.344925246135192
viable,0,1,-5.879448455747809,-0.344925246135192
viable county,0,1,-5.879448455747809,-0.344925246135192
vibrations,0,1,-5.879448455747809,-0.344925246135192
vibrations noise,0,1,-5.879448455747809,-0.344925246135192
things tell,0,1,-5.879448455747809,-0.344925246135192
vicinity,0,1,-5.879448455747809,-0.344925246135192
things stop,0,1,-5.879448455747809,-0.344925246135192
things stand,0,1,-5.879448455747809,-0.344925246135192
vicinity obligated,0,1,-5.879448455747809,-0.344925246135192
vested tonight,0,1,-5.879448455747809,-0.344925246135192
vested present,0,1,-5.879448455747809,-0.344925246135192
vernon,0,1,-5.879448455747809,-0.344925246135192
think bigger,0,1,-5.879448455747809,-0.344925246135192
vernon illinois,0,1,-5.879448455747809,-0.344925246135192
think disgusting,0,1,-5.879448455747809,-0.344925246135192
versus ai,0,1,-5.879448455747809,-0.344925246135192
think did,0,1,-5.879448455747809,-0.344925246135192
versus simply,0,1,-5.879448455747809,-0.344925246135192
think counted,0,1,-5.879448455747809,-0.344925246135192
versus union,0,1,-5.879448455747809,-0.344925246135192
think concerns,0,1,-5.879448455747809,-0.344925246135192
versus west,0,1,-5.879448455747809,-0.344925246135192
think concern,0,1,-5.879448455747809,-0.344925246135192
think collective,0,1,-5.879448455747809,-0.344925246135192
think businesses,0,1,-5.879448455747809,-0.344925246135192
think bree,0,1,-5.879448455747809,-0.344925246135192
think bit,0,1,-5.879448455747809,-0.344925246135192
vested county,0,1,-5.879448455747809,-0.344925246135192
think terrible,0,1,-5.879448455747809,-0.344925246135192
ve posted,0,1,-5.879448455747809,-0.344925246135192
throw laps,0,1,-5.879448455747809,-0.344925246135192
various defendants,0,1,-5.879448455747809,-0.344925246135192
thousands dollars,0,1,-5.879448455747809,-0.344925246135192
various public,0,1,-5.879448455747809,-0.344925246135192
vast amounts,0,1,-5.879448455747809,-0.344925246135192
vast digital,0,1,-5.879448455747809,-0.344925246135192
vast projects,0,1,-5.879448455747809,-0.344925246135192
vastly important,0,1,-5.879448455747809,-0.344925246135192
vastly voting,0,1,-5.879448455747809,-0.344925246135192
ve access,0,1,-5.879448455747809,-0.344925246135192
ve achieved,0,1,-5.879448455747809,-0.344925246135192
thousands acres,0,1,-5.879448455747809,-0.344925246135192
thousand hour,0,1,-5.879448455747809,-0.344925246135192
ve allocated,0,1,-5.879448455747809,-0.344925246135192
ve appeared,0,1,-5.879448455747809,-0.344925246135192
ve aware,0,1,-5.879448455747809,-0.344925246135192
ve blood,0,1,-5.879448455747809,-0.344925246135192
thousands gallons,0,1,-5.879448455747809,-0.344925246135192
thousands homes,0,1,-5.879448455747809,-0.344925246135192
ve brought,0,1,-5.879448455747809,-0.344925246135192
variable grants,0,1,-5.879448455747809,-0.344925246135192
throats input,0,1,-5.879448455747809,-0.344925246135192
throats,0,1,-5.879448455747809,-0.344925246135192
threaten don,0,1,-5.879448455747809,-0.344925246135192
threaten air,0,1,-5.879448455747809,-0.344925246135192
threaten ability,0,1,-5.879448455747809,-0.344925246135192
value late,0,1,-5.879448455747809,-0.344925246135192
threat subconscious,0,1,-5.879448455747809,-0.344925246135192
threat homeland,0,1,-5.879448455747809,-0.344925246135192
value surrounding,0,1,-5.879448455747809,-0.344925246135192
values heard,0,1,-5.879448455747809,-0.344925246135192
threat going,0,1,-5.879448455747809,-0.344925246135192
threat feels,0,1,-5.879448455747809,-0.344925246135192
values law,0,1,-5.879448455747809,-0.344925246135192
values property,0,1,-5.879448455747809,-0.344925246135192
variable,0,1,-5.879448455747809,-0.344925246135192
ve board,0,1,-5.879448455747809,-0.344925246135192
thoughts shared,0,1,-5.879448455747809,-0.344925246135192
think use,0,1,-5.879448455747809,-0.344925246135192
thomas dawson,0,1,-5.879448455747809,-0.344925246135192
thoma representing,0,1,-5.879448455747809,-0.344925246135192
thoma family,0,1,-5.879448455747809,-0.344925246135192
thirdly makes,0,1,-5.879448455747809,-0.344925246135192
thirdly,0,1,-5.879448455747809,-0.344925246135192
thinking voting,0,1,-5.879448455747809,-0.344925246135192
thinking say,0,1,-5.879448455747809,-0.344925246135192
ve lot,0,1,-5.879448455747809,-0.344925246135192
thinking customer,0,1,-5.879448455747809,-0.344925246135192
thinking complexities,0,1,-5.879448455747809,-0.344925246135192
ve mentioned,0,1,-5.879448455747809,-0.344925246135192
think wonderful,0,1,-5.879448455747809,-0.344925246135192
ve opportunity,0,1,-5.879448455747809,-0.344925246135192
ve overdrawn,0,1,-5.879448455747809,-0.344925246135192
ve past,0,1,-5.879448455747809,-0.344925246135192
think using,0,1,-5.879448455747809,-0.344925246135192
thomas davis,0,1,-5.879448455747809,-0.344925246135192
thou,0,1,-5.879448455747809,-0.344925246135192
ve chance,0,1,-5.879448455747809,-0.344925246135192
thou shalt,0,1,-5.879448455747809,-0.344925246135192
ve changed,0,1,-5.879448455747809,-0.344925246135192
ve charge,0,1,-5.879448455747809,-0.344925246135192
thoughtful discussions,0,1,-5.879448455747809,-0.344925246135192
thoughtful approach,0,1,-5.879448455747809,-0.344925246135192
ve doctor,0,1,-5.879448455747809,-0.344925246135192
thought talk,0,1,-5.879448455747809,-0.344925246135192
ve family,0,1,-5.879448455747809,-0.344925246135192
ve going,0,1,-5.879448455747809,-0.344925246135192
ve held,0,1,-5.879448455747809,-0.344925246135192
ve included,0,1,-5.879448455747809,-0.344925246135192
ve individually,0,1,-5.879448455747809,-0.344925246135192
ve informed,0,1,-5.879448455747809,-0.344925246135192
thought going,0,1,-5.879448455747809,-0.344925246135192
thought big,0,1,-5.879448455747809,-0.344925246135192
ve known,0,1,-5.879448455747809,-0.344925246135192
today serve,0,1,-5.879448455747809,-0.344925246135192
today supporting,0,1,-5.879448455747809,-0.344925246135192
windfall project,0,1,-5.879448455747809,-0.344925246135192
township multipliers,0,1,-5.879448455747809,-0.344925246135192
township know,0,1,-5.879448455747809,-0.344925246135192
turn built,0,1,-5.879448455747809,-0.344925246135192
turn cyrus,0,1,-5.879448455747809,-0.344925246135192
township frugal,0,1,-5.879448455747809,-0.344925246135192
township doing,0,1,-5.879448455747809,-0.344925246135192
towns just,0,1,-5.879448455747809,-0.344925246135192
towns,0,1,-5.879448455747809,-0.344925246135192
turn rinse,0,1,-5.879448455747809,-0.344925246135192
turn things,0,1,-5.879448455747809,-0.344925246135192
town trying,0,1,-5.879448455747809,-0.344925246135192
town patch,0,1,-5.879448455747809,-0.344925246135192
town love,0,1,-5.879448455747809,-0.344925246135192
town looks,0,1,-5.879448455747809,-0.344925246135192
turned large,0,1,-5.879448455747809,-0.344925246135192
town lived,0,1,-5.879448455747809,-0.344925246135192
township michigan,0,1,-5.879448455747809,-0.344925246135192
trying suppress,0,1,-5.879448455747809,-0.344925246135192
twice installed,0,1,-5.879448455747809,-0.344925246135192
township want,0,1,-5.879448455747809,-0.344925246135192
try rid,0,1,-5.879448455747809,-0.344925246135192
tracks ve,0,1,-5.879448455747809,-0.344925246135192
tracks pass,0,1,-5.879448455747809,-0.344925246135192
tracks blocked,0,1,-5.879448455747809,-0.344925246135192
trying accepted,0,1,-5.879448455747809,-0.344925246135192
tracking listening,0,1,-5.879448455747809,-0.344925246135192
tracking,0,1,-5.879448455747809,-0.344925246135192
trying communities,0,1,-5.879448455747809,-0.344925246135192
trying disparage,0,1,-5.879448455747809,-0.344925246135192
trying nuclear,0,1,-5.879448455747809,-0.344925246135192
trying push,0,1,-5.879448455747809,-0.344925246135192
trying replace,0,1,-5.879448455747809,-0.344925246135192
toxics federal,0,1,-5.879448455747809,-0.344925246135192
toxics,0,1,-5.879448455747809,-0.344925246135192
toxic elements,0,1,-5.879448455747809,-0.344925246135192
town little,0,1,-5.879448455747809,-0.344925246135192
type credit,0,1,-5.879448455747809,-0.344925246135192
traded,0,1,-5.879448455747809,-0.344925246135192
uncertain terms,0,1,-5.879448455747809,-0.344925246135192
underfunded incapable,0,1,-5.879448455747809,-0.344925246135192
underground,0,1,-5.879448455747809,-0.344925246135192
underground high,0,1,-5.879448455747809,-0.344925246135192
understaffed,0,1,-5.879448455747809,-0.344925246135192
understaffed underfunded,0,1,-5.879448455747809,-0.344925246135192
understand benefits,0,1,-5.879448455747809,-0.344925246135192
total time,0,1,-5.879448455747809,-0.344925246135192
total speaking,0,1,-5.879448455747809,-0.344925246135192
total miles,0,1,-5.879448455747809,-0.344925246135192
understand going,0,1,-5.879448455747809,-0.344925246135192
understand guys,0,1,-5.879448455747809,-0.344925246135192
understand looking,0,1,-5.879448455747809,-0.344925246135192
understand necessary,0,1,-5.879448455747809,-0.344925246135192
understand worry,0,1,-5.879448455747809,-0.344925246135192
tornadoes yes,0,1,-5.879448455747809,-0.344925246135192
underfunded,0,1,-5.879448455747809,-0.344925246135192
uncertain revenue,0,1,-5.879448455747809,-0.344925246135192
town job,0,1,-5.879448455747809,-0.344925246135192
unbelievable claims,0,1,-5.879448455747809,-0.344925246135192
town great,0,1,-5.879448455747809,-0.344925246135192
types massive,0,1,-5.879448455747809,-0.344925246135192
typically generate,0,1,-5.879448455747809,-0.344925246135192
typically just,0,1,-5.879448455747809,-0.344925246135192
uaw,0,1,-5.879448455747809,-0.344925246135192
uaw locals,0,1,-5.879448455747809,-0.344925246135192
touch people,0,1,-5.879448455747809,-0.344925246135192
unanimously said,0,1,-5.879448455747809,-0.344925246135192
unanimously standards,0,1,-5.879448455747809,-0.344925246135192
unapologetic,0,1,-5.879448455747809,-0.344925246135192
touch massey,0,1,-5.879448455747809,-0.344925246135192
unapologetic patriot,0,1,-5.879448455747809,-0.344925246135192
unaware,0,1,-5.879448455747809,-0.344925246135192
unaware maybe,0,1,-5.879448455747809,-0.344925246135192
unbelievable,0,1,-5.879448455747809,-0.344925246135192
try research,0,1,-5.879448455747809,-0.344925246135192
try permits,0,1,-5.879448455747809,-0.344925246135192
understanding considerate,0,1,-5.879448455747809,-0.344925246135192
tried fight,0,1,-5.879448455747809,-0.344925246135192
tried match,0,1,-5.879448455747809,-0.344925246135192
tried price,0,1,-5.879448455747809,-0.344925246135192
tried stay,0,1,-5.879448455747809,-0.344925246135192
transmission mid,0,1,-5.879448455747809,-0.344925246135192
transmission indiana,0,1,-5.879448455747809,-0.344925246135192
truck need,0,1,-5.879448455747809,-0.344925246135192
transmission electrical,0,1,-5.879448455747809,-0.344925246135192
translating pec,0,1,-5.879448455747809,-0.344925246135192
translating,0,1,-5.879448455747809,-0.344925246135192
truck sized,0,1,-5.879448455747809,-0.344925246135192
truck surrounding,0,1,-5.879448455747809,-0.344925246135192
truck trailer,0,1,-5.879448455747809,-0.344925246135192
truck verdin,0,1,-5.879448455747809,-0.344925246135192
trucks did,0,1,-5.879448455747809,-0.344925246135192
trucks drive,0,1,-5.879448455747809,-0.344925246135192
tried improve,0,1,-5.879448455747809,-0.344925246135192
transmission reliability,0,1,-5.879448455747809,-0.344925246135192
true believe,0,1,-5.879448455747809,-0.344925246135192
tried double,0,1,-5.879448455747809,-0.344925246135192
treasurer,0,1,-5.879448455747809,-0.344925246135192
treasurer office,0,1,-5.879448455747809,-0.344925246135192
treating,0,1,-5.879448455747809,-0.344925246135192
treating like,0,1,-5.879448455747809,-0.344925246135192
transparent development,0,1,-5.879448455747809,-0.344925246135192
transparency identifying,0,1,-5.879448455747809,-0.344925246135192
trees,0,1,-5.879448455747809,-0.344925246135192
trees waterways,0,1,-5.879448455747809,-0.344925246135192
trespassing,0,1,-5.879448455747809,-0.344925246135192
trespassing fence,0,1,-5.879448455747809,-0.344925246135192
tribune article,0,1,-5.879448455747809,-0.344925246135192
tribune think,0,1,-5.879448455747809,-0.344925246135192
trickled,0,1,-5.879448455747809,-0.344925246135192
trickled gallons,0,1,-5.879448455747809,-0.344925246135192
tried bring,0,1,-5.879448455747809,-0.344925246135192
trucks middle,0,1,-5.879448455747809,-0.344925246135192
transfer jobs,0,1,-5.879448455747809,-0.344925246135192
traded long,0,1,-5.879448455747809,-0.344925246135192
trustees township,0,1,-5.879448455747809,-0.344925246135192
truth status,0,1,-5.879448455747809,-0.344925246135192
trailer going,0,1,-5.879448455747809,-0.344925246135192
traffic doors,0,1,-5.879448455747809,-0.344925246135192
try childish,0,1,-5.879448455747809,-0.344925246135192
tradespeople work,0,1,-5.879448455747809,-0.344925246135192
tradespeople room,0,1,-5.879448455747809,-0.344925246135192
try communities,0,1,-5.879448455747809,-0.344925246135192
trades work,0,1,-5.879448455747809,-0.344925246135192
trades walked,0,1,-5.879448455747809,-0.344925246135192
try demonstrations,0,1,-5.879448455747809,-0.344925246135192
trades represent,0,1,-5.879448455747809,-0.344925246135192
step right,0,1,-5.879448455747809,-0.344925246135192
try know,0,1,-5.879448455747809,-0.344925246135192
try let,0,1,-5.879448455747809,-0.344925246135192
trades important,0,1,-5.879448455747809,-0.344925246135192
truth look,0,1,-5.879448455747809,-0.344925246135192
trustees think,0,1,-5.879448455747809,-0.344925246135192
transfer,0,1,-5.879448455747809,-0.344925246135192
trustees protection,0,1,-5.879448455747809,-0.344925246135192
true let,0,1,-5.879448455747809,-0.344925246135192
true normal,0,1,-5.879448455747809,-0.344925246135192
training standards,0,1,-5.879448455747809,-0.344925246135192
training personnel,0,1,-5.879448455747809,-0.344925246135192
truly deserves,0,1,-5.879448455747809,-0.344925246135192
truly difficult,0,1,-5.879448455747809,-0.344925246135192
truly interests,0,1,-5.879448455747809,-0.344925246135192
training equipment,0,1,-5.879448455747809,-0.344925246135192
training deal,0,1,-5.879448455747809,-0.344925246135192
training based,0,1,-5.879448455747809,-0.344925246135192
trust big,0,1,-5.879448455747809,-0.344925246135192
trust corporations,0,1,-5.879448455747809,-0.344925246135192
trained taking,0,1,-5.879448455747809,-0.344925246135192
trained state,0,1,-5.879448455747809,-0.344925246135192
trust judgment,0,1,-5.879448455747809,-0.344925246135192
tornadoes year,0,1,-5.879448455747809,-0.344925246135192
tornado comes,0,1,-5.879448455747809,-0.344925246135192
urge say,0,1,-5.879448455747809,-0.344925246135192
unlike going,0,1,-5.879448455747809,-0.344925246135192
tonight consider,0,1,-5.879448455747809,-0.344925246135192
tonight community,0,1,-5.879448455747809,-0.344925246135192
unlike rural,0,1,-5.879448455747809,-0.344925246135192
tonight chatgpt,0,1,-5.879448455747809,-0.344925246135192
tonight change,0,1,-5.879448455747809,-0.344925246135192
unlock ability,0,1,-5.879448455747809,-0.344925246135192
unlock possibility,0,1,-5.879448455747809,-0.344925246135192
tonight calling,0,1,-5.879448455747809,-0.344925246135192
tonight bulk,0,1,-5.879448455747809,-0.344925246135192
unoccupied closest,0,1,-5.879448455747809,-0.344925246135192
tonight bribes,0,1,-5.879448455747809,-0.344925246135192
unoccupied unoccupied,0,1,-5.879448455747809,-0.344925246135192
unplanned,0,1,-5.879448455747809,-0.344925246135192
tonight approve,0,1,-5.879448455747809,-0.344925246135192
unplanned drain,0,1,-5.879448455747809,-0.344925246135192
tonight considered,0,1,-5.879448455747809,-0.344925246135192
unless quote,0,1,-5.879448455747809,-0.344925246135192
unpopular forever,0,1,-5.879448455747809,-0.344925246135192
tonight cyrus,0,1,-5.879448455747809,-0.344925246135192
tonight mental,0,1,-5.879448455747809,-0.344925246135192
university jobs,0,1,-5.879448455747809,-0.344925246135192
tonight live,0,1,-5.879448455747809,-0.344925246135192
tonight like,0,1,-5.879448455747809,-0.344925246135192
tonight investing,0,1,-5.879448455747809,-0.344925246135192
tonight increasing,0,1,-5.879448455747809,-0.344925246135192
tonight hope,0,1,-5.879448455747809,-0.344925246135192
unknowns know,0,1,-5.879448455747809,-0.344925246135192
tonight hear,0,1,-5.879448455747809,-0.344925246135192
tonight greatly,0,1,-5.879448455747809,-0.344925246135192
tonight giving,0,1,-5.879448455747809,-0.344925246135192
tonight facility,0,1,-5.879448455747809,-0.344925246135192
tonight everybody,0,1,-5.879448455747809,-0.344925246135192
tonight distorts,0,1,-5.879448455747809,-0.344925246135192
unless land,0,1,-5.879448455747809,-0.344925246135192
unpopular,0,1,-5.879448455747809,-0.344925246135192
unreclaimed,0,1,-5.879448455747809,-0.344925246135192
tonight need,0,1,-5.879448455747809,-0.344925246135192
upgrades training,0,1,-5.879448455747809,-0.344925246135192
uplifting corporation,0,1,-5.879448455747809,-0.344925246135192
upload,0,1,-5.879448455747809,-0.344925246135192
upload cartoons,0,1,-5.879448455747809,-0.344925246135192
told generators,0,1,-5.879448455747809,-0.344925246135192
upset,0,1,-5.879448455747809,-0.344925246135192
upset fact,0,1,-5.879448455747809,-0.344925246135192
told doesn,0,1,-5.879448455747809,-0.344925246135192
told couldn,0,1,-5.879448455747809,-0.344925246135192
urge contact,0,1,-5.879448455747809,-0.344925246135192
urge guys,0,1,-5.879448455747809,-0.344925246135192
urge members,0,1,-5.879448455747809,-0.344925246135192
urge recommend,0,1,-5.879448455747809,-0.344925246135192
today voted,0,1,-5.879448455747809,-0.344925246135192
today thank,0,1,-5.879448455747809,-0.344925246135192
urge sangamon,0,1,-5.879448455747809,-0.344925246135192
uplifting blackrock,0,1,-5.879448455747809,-0.344925246135192
upgrades protection,0,1,-5.879448455747809,-0.344925246135192
unreclaimed land,0,1,-5.879448455747809,-0.344925246135192
told say,0,1,-5.879448455747809,-0.344925246135192
tonight allowed,0,1,-5.879448455747809,-0.344925246135192
tonight addition,0,1,-5.879448455747809,-0.344925246135192
unrepairable,0,1,-5.879448455747809,-0.344925246135192
unrepairable environmental,0,1,-5.879448455747809,-0.344925246135192
tomorrow right,0,1,-5.879448455747809,-0.344925246135192
unresolved,0,1,-5.879448455747809,-0.344925246135192
tomorrow livestock,0,1,-5.879448455747809,-0.344925246135192
unresolved concerns,0,1,-5.879448455747809,-0.344925246135192
tom going,0,1,-5.879448455747809,-0.344925246135192
tom brought,0,1,-5.879448455747809,-0.344925246135192
unusual valuable,0,1,-5.879448455747809,-0.344925246135192
update updates,0,1,-5.879448455747809,-0.344925246135192
update zoning,0,1,-5.879448455747809,-0.344925246135192
updates,0,1,-5.879448455747809,-0.344925246135192
updates history,0,1,-5.879448455747809,-0.344925246135192
tonight merely,0,1,-5.879448455747809,-0.344925246135192
tonight new,0,1,-5.879448455747809,-0.344925246135192
tornado alley,0,1,-5.879448455747809,-0.344925246135192
unincorporated,0,1,-5.879448455747809,-0.344925246135192
union cards,0,1,-5.879448455747809,-0.344925246135192
union course,0,1,-5.879448455747809,-0.344925246135192
union did,0,1,-5.879448455747809,-0.344925246135192
union false,0,1,-5.879448455747809,-0.344925246135192
union folks,0,1,-5.879448455747809,-0.344925246135192
union kinds,0,1,-5.879448455747809,-0.344925246135192
took little,0,1,-5.879448455747809,-0.344925246135192
took jobs,0,1,-5.879448455747809,-0.344925246135192
union laborer,0,1,-5.879448455747809,-0.344925246135192
union laborers,0,1,-5.879448455747809,-0.344925246135192
union leaders,0,1,-5.879448455747809,-0.344925246135192
union right,0,1,-5.879448455747809,-0.344925246135192
union state,0,1,-5.879448455747809,-0.344925246135192
union supportive,0,1,-5.879448455747809,-0.344925246135192
union thank,0,1,-5.879448455747809,-0.344925246135192
unincorporated ordinances,0,1,-5.879448455747809,-0.344925246135192
uniform comprehensive,0,1,-5.879448455747809,-0.344925246135192
tonight won,0,1,-5.879448455747809,-0.344925246135192
uniform,0,1,-5.879448455747809,-0.344925246135192
tormented day,0,1,-5.879448455747809,-0.344925246135192
understandings,0,1,-5.879448455747809,-0.344925246135192
understandings place,0,1,-5.879448455747809,-0.344925246135192
tormented,0,1,-5.879448455747809,-0.344925246135192
topics led,0,1,-5.879448455747809,-0.344925246135192
topic total,0,1,-5.879448455747809,-0.344925246135192
unduly,0,1,-5.879448455747809,-0.344925246135192
unduly inconvenience,0,1,-5.879448455747809,-0.344925246135192
tooth nail,0,1,-5.879448455747809,-0.344925246135192
unfortunate,0,1,-5.879448455747809,-0.344925246135192
tooth,0,1,-5.879448455747809,-0.344925246135192
unfortunate people,0,1,-5.879448455747809,-0.344925246135192
unfortunately water,0,1,-5.879448455747809,-0.344925246135192
unfulfilled,0,1,-5.879448455747809,-0.344925246135192
unfulfilled overstated,0,1,-5.879448455747809,-0.344925246135192
union things,0,1,-5.879448455747809,-0.344925246135192
union think,0,1,-5.879448455747809,-0.344925246135192
tonight oppose,0,1,-5.879448455747809,-0.344925246135192
tonight supports,0,1,-5.879448455747809,-0.344925246135192
tonight sitting,0,1,-5.879448455747809,-0.344925246135192
tonight single,0,1,-5.879448455747809,-0.344925246135192
tonight sangamon,0,1,-5.879448455747809,-0.344925246135192
unions unions,0,1,-5.879448455747809,-0.344925246135192
unions worry,0,1,-5.879448455747809,-0.344925246135192
tonight said,0,1,-5.879448455747809,-0.344925246135192
tonight regret,0,1,-5.879448455747809,-0.344925246135192
tonight really,0,1,-5.879448455747809,-0.344925246135192
tonight reach,0,1,-5.879448455747809,-0.344925246135192
tonight proposed,0,1,-5.879448455747809,-0.344925246135192
uniquely,0,1,-5.879448455747809,-0.344925246135192
uniquely suited,0,1,-5.879448455747809,-0.344925246135192
tonight presenting,0,1,-5.879448455747809,-0.344925246135192
tonight plan,0,1,-5.879448455747809,-0.344925246135192
tonight people,0,1,-5.879448455747809,-0.344925246135192
tonight staunch,0,1,-5.879448455747809,-0.344925246135192
unions tradespeople,0,1,-5.879448455747809,-0.344925246135192
union town,0,1,-5.879448455747809,-0.344925246135192
unions town,0,1,-5.879448455747809,-0.344925246135192
union union,0,1,-5.879448455747809,-0.344925246135192
union unions,0,1,-5.879448455747809,-0.344925246135192
union versus,0,1,-5.879448455747809,-0.344925246135192
unionists,0,1,-5.879448455747809,-0.344925246135192
unionists eye,0,1,-5.879448455747809,-0.344925246135192
unions considered,0,1,-5.879448455747809,-0.344925246135192
tonight voice,0,1,-5.879448455747809,-0.344925246135192
unions detrimental,0,1,-5.879448455747809,-0.344925246135192
unions failed,0,1,-5.879448455747809,-0.344925246135192
unions jobs,0,1,-5.879448455747809,-0.344925246135192
unions labor,0,1,-5.879448455747809,-0.344925246135192
unions pro,0,1,-5.879448455747809,-0.344925246135192
unions rely,0,1,-5.879448455747809,-0.344925246135192
tonight thing,0,1,-5.879448455747809,-0.344925246135192
unions think,0,1,-5.879448455747809,-0.344925246135192
things running,0,1,-5.879448455747809,-0.344925246135192
things right,0,1,-5.879448455747809,-0.344925246135192
things rid,0,1,-5.879448455747809,-0.344925246135192
teacher,0,1,-5.879448455747809,-0.344925246135192
teach safety,0,1,-5.879448455747809,-0.344925246135192
waters,0,1,-5.879448455747809,-0.344925246135192
waters contamination,0,1,-5.879448455747809,-0.344925246135192
teach calculations,0,1,-5.879448455747809,-0.344925246135192
watershed know,0,1,-5.879448455747809,-0.344925246135192
watershed lake,0,1,-5.879448455747809,-0.344925246135192
waterways fence,0,1,-5.879448455747809,-0.344925246135192
taylor actually,0,1,-5.879448455747809,-0.344925246135192
waverly apple,0,1,-5.879448455747809,-0.344925246135192
waverly auburn,0,1,-5.879448455747809,-0.344925246135192
waverly high,0,1,-5.879448455747809,-0.344925246135192
taylor,0,1,-5.879448455747809,-0.344925246135192
taxpayers sangamon,0,1,-5.879448455747809,-0.344925246135192
waverly involved,0,1,-5.879448455747809,-0.344925246135192
taxpayers importantly,0,1,-5.879448455747809,-0.344925246135192
water waverly,0,1,-5.879448455747809,-0.344925246135192
water town,0,1,-5.879448455747809,-0.344925246135192
taxpayer wanted,0,1,-5.879448455747809,-0.344925246135192
teacher unapologetic,0,1,-5.879448455747809,-0.344925246135192
water scarcity,0,1,-5.879448455747809,-0.344925246135192
teamstar member,0,1,-5.879448455747809,-0.344925246135192
teamstar,0,1,-5.879448455747809,-0.344925246135192
water setback,0,1,-5.879448455747809,-0.344925246135192
water similar,0,1,-5.879448455747809,-0.344925246135192
water soil,0,1,-5.879448455747809,-0.344925246135192
water soon,0,1,-5.879448455747809,-0.344925246135192
teams leading,0,1,-5.879448455747809,-0.344925246135192
team timekeepers,0,1,-5.879448455747809,-0.344925246135192
water springfield,0,1,-5.879448455747809,-0.344925246135192
team residents,0,1,-5.879448455747809,-0.344925246135192
water supply,0,1,-5.879448455747809,-0.344925246135192
water survey,0,1,-5.879448455747809,-0.344925246135192
teachers doctors,0,1,-5.879448455747809,-0.344925246135192
teachers,0,1,-5.879448455747809,-0.344925246135192
waverly macoupin,0,1,-5.879448455747809,-0.344925246135192
waverly morgan,0,1,-5.879448455747809,-0.344925246135192
tear later,0,1,-5.879448455747809,-0.344925246135192
way lean,0,1,-5.879448455747809,-0.344925246135192
taxes highest,0,1,-5.879448455747809,-0.344925246135192
taxes great,0,1,-5.879448455747809,-0.344925246135192
way making,0,1,-5.879448455747809,-0.344925246135192
taxation governor,0,1,-5.879448455747809,-0.344925246135192
taxation amounts,0,1,-5.879448455747809,-0.344925246135192
way regulate,0,1,-5.879448455747809,-0.344925246135192
tax years,0,1,-5.879448455747809,-0.344925246135192
way responsible,0,1,-5.879448455747809,-0.344925246135192
tax revenues,0,1,-5.879448455747809,-0.344925246135192
tax relief,0,1,-5.879448455747809,-0.344925246135192
way spend,0,1,-5.879448455747809,-0.344925246135192
tax reassessments,0,1,-5.879448455747809,-0.344925246135192
way vaguest,0,1,-5.879448455747809,-0.344925246135192
tax rates,0,1,-5.879448455747809,-0.344925246135192
tax property,0,1,-5.879448455747809,-0.344925246135192
taxes immediately,0,1,-5.879448455747809,-0.344925246135192
way increase,0,1,-5.879448455747809,-0.344925246135192
waverly rebuilt,0,1,-5.879448455747809,-0.344925246135192
way fucking,0,1,-5.879448455747809,-0.344925246135192
taxpayer office,0,1,-5.879448455747809,-0.344925246135192
taxpayer indefinitely,0,1,-5.879448455747809,-0.344925246135192
waverly seven,0,1,-5.879448455747809,-0.344925246135192
waverly water,0,1,-5.879448455747809,-0.344925246135192
waverly waters,0,1,-5.879448455747809,-0.344925246135192
way align,0,1,-5.879448455747809,-0.344925246135192
way allowed,0,1,-5.879448455747809,-0.344925246135192
way blair,0,1,-5.879448455747809,-0.344925246135192
way city,0,1,-5.879448455747809,-0.344925246135192
way commitments,0,1,-5.879448455747809,-0.344925246135192
way country,0,1,-5.879448455747809,-0.344925246135192
way deception,0,1,-5.879448455747809,-0.344925246135192
way don,0,1,-5.879448455747809,-0.344925246135192
taxes people,0,1,-5.879448455747809,-0.344925246135192
taxes noise,0,1,-5.879448455747809,-0.344925246135192
tear,0,1,-5.879448455747809,-0.344925246135192
water running,0,1,-5.879448455747809,-0.344925246135192
ways solve,0,1,-5.879448455747809,-0.344925246135192
tell phase,0,1,-5.879448455747809,-0.344925246135192
tell personal,0,1,-5.879448455747809,-0.344925246135192
tell noise,0,1,-5.879448455747809,-0.344925246135192
water area,0,1,-5.879448455747809,-0.344925246135192
tell guys,0,1,-5.879448455747809,-0.344925246135192
water available,0,1,-5.879448455747809,-0.344925246135192
water city,0,1,-5.879448455747809,-0.344925246135192
water community,0,1,-5.879448455747809,-0.344925246135192
tell everybody,0,1,-5.879448455747809,-0.344925246135192
tell especially,0,1,-5.879448455747809,-0.344925246135192
tell economic,0,1,-5.879448455747809,-0.344925246135192
water conservation,0,1,-5.879448455747809,-0.344925246135192
tell don,0,1,-5.879448455747809,-0.344925246135192
tell closed,0,1,-5.879448455747809,-0.344925246135192
water contaminated,0,1,-5.879448455747809,-0.344925246135192
water day,0,1,-5.879448455747809,-0.344925246135192
water apple,0,1,-5.879448455747809,-0.344925246135192
tell recordings,0,1,-5.879448455747809,-0.344925246135192
water efficient,0,1,-5.879448455747809,-0.344925246135192
tell refuse,0,1,-5.879448455747809,-0.344925246135192
wasn allowed,0,1,-5.879448455747809,-0.344925246135192
temperatures weather,0,1,-5.879448455747809,-0.344925246135192
tells drink,0,1,-5.879448455747809,-0.344925246135192
tells,0,1,-5.879448455747809,-0.344925246135192
telling update,0,1,-5.879448455747809,-0.344925246135192
telling truth,0,1,-5.879448455747809,-0.344925246135192
telling immense,0,1,-5.879448455747809,-0.344925246135192
wasn union,0,1,-5.879448455747809,-0.344925246135192
tell way,0,1,-5.879448455747809,-0.344925246135192
tell vote,0,1,-5.879448455747809,-0.344925246135192
wasting,0,1,-5.879448455747809,-0.344925246135192
wasting time,0,1,-5.879448455747809,-0.344925246135192
watched admiration,0,1,-5.879448455747809,-0.344925246135192
watched yard,0,1,-5.879448455747809,-0.344925246135192
tell right,0,1,-5.879448455747809,-0.344925246135192
water efficiency,0,1,-5.879448455747809,-0.344925246135192
tell bad,0,1,-5.879448455747809,-0.344925246135192
water risk,0,1,-5.879448455747809,-0.344925246135192
water lot,0,1,-5.879448455747809,-0.344925246135192
water mean,0,1,-5.879448455747809,-0.344925246135192
tech work,0,1,-5.879448455747809,-0.344925246135192
water needs,0,1,-5.879448455747809,-0.344925246135192
water newspaper,0,1,-5.879448455747809,-0.344925246135192
tech jobs,0,1,-5.879448455747809,-0.344925246135192
water ounce,0,1,-5.879448455747809,-0.344925246135192
tech industrial,0,1,-5.879448455747809,-0.344925246135192
water people,0,1,-5.879448455747809,-0.344925246135192
water power,0,1,-5.879448455747809,-0.344925246135192
water provided,0,1,-5.879448455747809,-0.344925246135192
water really,0,1,-5.879448455747809,-0.344925246135192
tech bros,0,1,-5.879448455747809,-0.344925246135192
water reliable,0,1,-5.879448455747809,-0.344925246135192
tears area,0,1,-5.879448455747809,-0.344925246135192
tears,0,1,-5.879448455747809,-0.344925246135192
technical roles,0,1,-5.879448455747809,-0.344925246135192
technically sangamon,0,1,-5.879448455747809,-0.344925246135192
tell aurora,0,1,-5.879448455747809,-0.344925246135192
water lifestyles,0,1,-5.879448455747809,-0.344925246135192
water facilities,0,1,-5.879448455747809,-0.344925246135192
teensiest shred,0,1,-5.879448455747809,-0.344925246135192
teensiest,0,1,-5.879448455747809,-0.344925246135192
techs local,0,1,-5.879448455747809,-0.344925246135192
techs,0,1,-5.879448455747809,-0.344925246135192
technology theft,0,1,-5.879448455747809,-0.344925246135192
water food,0,1,-5.879448455747809,-0.344925246135192
technology job,0,1,-5.879448455747809,-0.344925246135192
technology grants,0,1,-5.879448455747809,-0.344925246135192
water incredibly,0,1,-5.879448455747809,-0.344925246135192
technology choice,0,1,-5.879448455747809,-0.344925246135192
water keeps,0,1,-5.879448455747809,-0.344925246135192
technologically facilitated,0,1,-5.879448455747809,-0.344925246135192
technologically,0,1,-5.879448455747809,-0.344925246135192
water killable,0,1,-5.879448455747809,-0.344925246135192
ways don,0,1,-5.879448455747809,-0.344925246135192
tax payments,0,1,-5.879448455747809,-0.344925246135192
video cameras,0,1,-5.879448455747809,-0.344925246135192
talked noise,0,1,-5.879448455747809,-0.344925246135192
whispers,0,1,-5.879448455747809,-0.344925246135192
whispers ve,0,1,-5.879448455747809,-0.344925246135192
talked meeting,0,1,-5.879448455747809,-0.344925246135192
talked little,0,1,-5.879448455747809,-0.344925246135192
whoa ve,0,1,-5.879448455747809,-0.344925246135192
whoa whoa,0,1,-5.879448455747809,-0.344925246135192
talked gary,0,1,-5.879448455747809,-0.344925246135192
talk wouldn,0,1,-5.879448455747809,-0.344925246135192
talk unbelievable,0,1,-5.879448455747809,-0.344925246135192
talk turn,0,1,-5.879448455747809,-0.344925246135192
wife alexa,0,1,-5.879448455747809,-0.344925246135192
wife appreciate,0,1,-5.879448455747809,-0.344925246135192
talk recently,0,1,-5.879448455747809,-0.344925246135192
talk really,0,1,-5.879448455747809,-0.344925246135192
wife elected,0,1,-5.879448455747809,-0.344925246135192
talked millions,0,1,-5.879448455747809,-0.344925246135192
whatnot respond,0,1,-5.879448455747809,-0.344925246135192
talk minutes,0,1,-5.879448455747809,-0.344925246135192
wet shower,0,1,-5.879448455747809,-0.344925246135192
talking decibels,0,1,-5.879448455747809,-0.344925246135192
talking decades,0,1,-5.879448455747809,-0.344925246135192
west closest,0,1,-5.879448455747809,-0.344925246135192
west impacts,0,1,-5.879448455747809,-0.344925246135192
west lot,0,1,-5.879448455747809,-0.344925246135192
talking bring,0,1,-5.879448455747809,-0.344925246135192
west louder,0,1,-5.879448455747809,-0.344925246135192
west morgan,0,1,-5.879448455747809,-0.344925246135192
west single,0,1,-5.879448455747809,-0.344925246135192
talked zoning,0,1,-5.879448455747809,-0.344925246135192
western end,0,1,-5.879448455747809,-0.344925246135192
western sangamon,0,1,-5.879448455747809,-0.344925246135192
talked times,0,1,-5.879448455747809,-0.344925246135192
talked said,0,1,-5.879448455747809,-0.344925246135192
wet,0,1,-5.879448455747809,-0.344925246135192
talk people,0,1,-5.879448455747809,-0.344925246135192
wife live,0,1,-5.879448455747809,-0.344925246135192
talking generators,0,1,-5.879448455747809,-0.344925246135192
talk community,0,1,-5.879448455747809,-0.344925246135192
willing hand,0,1,-5.879448455747809,-0.344925246135192
willing inviting,0,1,-5.879448455747809,-0.344925246135192
willing speak,0,1,-5.879448455747809,-0.344925246135192
willing work,0,1,-5.879448455747809,-0.344925246135192
win vote,0,1,-5.879448455747809,-0.344925246135192
win wars,0,1,-5.879448455747809,-0.344925246135192
taking union,0,1,-5.879448455747809,-0.344925246135192
wind counties,0,1,-5.879448455747809,-0.344925246135192
wind different,0,1,-5.879448455747809,-0.344925246135192
wind illinois,0,1,-5.879448455747809,-0.344925246135192
wind ll,0,1,-5.879448455747809,-0.344925246135192
taking minutes,0,1,-5.879448455747809,-0.344925246135192
taking job,0,1,-5.879448455747809,-0.344925246135192
wind new,0,1,-5.879448455747809,-0.344925246135192
wind power,0,1,-5.879448455747809,-0.344925246135192
talk china,0,1,-5.879448455747809,-0.344925246135192
talk disrespect,0,1,-5.879448455747809,-0.344925246135192
talk looks,0,1,-5.879448455747809,-0.344925246135192
williams aye,0,1,-5.879448455747809,-0.344925246135192
wife want,0,1,-5.879448455747809,-0.344925246135192
talk labor,0,1,-5.879448455747809,-0.344925246135192
wild foxes,0,1,-5.879448455747809,-0.344925246135192
wild want,0,1,-5.879448455747809,-0.344925246135192
wildlife ask,0,1,-5.879448455747809,-0.344925246135192
wildlife closest,0,1,-5.879448455747809,-0.344925246135192
wildlife meeting,0,1,-5.879448455747809,-0.344925246135192
wildlife protection,0,1,-5.879448455747809,-0.344925246135192
talk indirect,0,1,-5.879448455747809,-0.344925246135192
wildlife zoning,0,1,-5.879448455747809,-0.344925246135192
talk going,0,1,-5.879448455747809,-0.344925246135192
wilkie,0,1,-5.879448455747809,-0.344925246135192
wilkie good,0,1,-5.879448455747809,-0.344925246135192
talk energy,0,1,-5.879448455747809,-0.344925246135192
talk effect,0,1,-5.879448455747809,-0.344925246135192
talking diesel,0,1,-5.879448455747809,-0.344925246135192
weren sure,0,1,-5.879448455747809,-0.344925246135192
weak board,0,1,-5.879448455747809,-0.344925246135192
week dismayed,0,1,-5.879448455747809,-0.344925246135192
tax breadcrumbs,0,1,-5.879448455747809,-0.344925246135192
week numerous,0,1,-5.879448455747809,-0.344925246135192
tax abatement,0,1,-5.879448455747809,-0.344925246135192
taught way,0,1,-5.879448455747809,-0.344925246135192
taught,0,1,-5.879448455747809,-0.344925246135192
tasks abacus,0,1,-5.879448455747809,-0.344925246135192
tasks,0,1,-5.879448455747809,-0.344925246135192
week reading,0,1,-5.879448455747809,-0.344925246135192
weekend say,0,1,-5.879448455747809,-0.344925246135192
tasers car,0,1,-5.879448455747809,-0.344925246135192
tasers,0,1,-5.879448455747809,-0.344925246135192
target yes,0,1,-5.879448455747809,-0.344925246135192
target wanted,0,1,-5.879448455747809,-0.344925246135192
weeks seasonal,0,1,-5.879448455747809,-0.344925246135192
target want,0,1,-5.879448455747809,-0.344925246135192
tax breaks,0,1,-5.879448455747809,-0.344925246135192
tax clue,0,1,-5.879448455747809,-0.344925246135192
target middle,0,1,-5.879448455747809,-0.344925246135192
website year,0,1,-5.879448455747809,-0.344925246135192
tax payment,0,1,-5.879448455747809,-0.344925246135192
weak communities,0,1,-5.879448455747809,-0.344925246135192
weakened,0,1,-5.879448455747809,-0.344925246135192
weakened documented,0,1,-5.879448455747809,-0.344925246135192
tax little,0,1,-5.879448455747809,-0.344925246135192
wealthy,0,1,-5.879448455747809,-0.344925246135192
tax increase,0,1,-5.879448455747809,-0.344925246135192
wealthy guessing,0,1,-5.879448455747809,-0.344925246135192
weather events,0,1,-5.879448455747809,-0.344925246135192
website course,0,1,-5.879448455747809,-0.344925246135192
website dawson,0,1,-5.879448455747809,-0.344925246135192
tax exempt,0,1,-5.879448455747809,-0.344925246135192
website said,0,1,-5.879448455747809,-0.344925246135192
website says,0,1,-5.879448455747809,-0.344925246135192
tax cyrus,0,1,-5.879448455747809,-0.344925246135192
weight,0,1,-5.879448455747809,-0.344925246135192
target defined,0,1,-5.879448455747809,-0.344925246135192
talking ifs,0,1,-5.879448455747809,-0.344925246135192
welfare single,0,1,-5.879448455747809,-0.344925246135192
wellness like,0,1,-5.879448455747809,-0.344925246135192
wellness ve,0,1,-5.879448455747809,-0.344925246135192
wells,0,1,-5.879448455747809,-0.344925246135192
wells know,0,1,-5.879448455747809,-0.344925246135192
went action,0,1,-5.879448455747809,-0.344925246135192
tangible good,0,1,-5.879448455747809,-0.344925246135192
talkington township,0,1,-5.879448455747809,-0.344925246135192
talkington,0,1,-5.879448455747809,-0.344925246135192
talking water,0,1,-5.879448455747809,-0.344925246135192
went know,0,1,-5.879448455747809,-0.344925246135192
went weird,0,1,-5.879448455747809,-0.344925246135192
went years,0,1,-5.879448455747809,-0.344925246135192
talking minutes,0,1,-5.879448455747809,-0.344925246135192
talking lost,0,1,-5.879448455747809,-0.344925246135192
talking imagine,0,1,-5.879448455747809,-0.344925246135192
wellness company,0,1,-5.879448455747809,-0.344925246135192
welfare segment,0,1,-5.879448455747809,-0.344925246135192
weight inevitably,0,1,-5.879448455747809,-0.344925246135192
welfare requirements,0,1,-5.879448455747809,-0.344925246135192
weird appreciate,0,1,-5.879448455747809,-0.344925246135192
weird rant,0,1,-5.879448455747809,-0.344925246135192
welfare analysis,0,1,-5.879448455747809,-0.344925246135192
welfare approving,0,1,-5.879448455747809,-0.344925246135192
tara brought,0,1,-5.879448455747809,-0.344925246135192
tara berkschneider,0,1,-5.879448455747809,-0.344925246135192
welfare citizens,0,1,-5.879448455747809,-0.344925246135192
welfare conserving,0,1,-5.879448455747809,-0.344925246135192
welfare illinois,0,1,-5.879448455747809,-0.344925246135192
welfare issue,0,1,-5.879448455747809,-0.344925246135192
tanks kinds,0,1,-5.879448455747809,-0.344925246135192
welfare minority,0,1,-5.879448455747809,-0.344925246135192
welfare question,0,1,-5.879448455747809,-0.344925246135192
tanks,0,1,-5.879448455747809,-0.344925246135192
welfare requirement,0,1,-5.879448455747809,-0.344925246135192
temporary best,0,1,-5.879448455747809,-0.344925246135192
temporary job,0,1,-5.879448455747809,-0.344925246135192
wars motto,0,1,-5.879448455747809,-0.344925246135192
thing sangamon,0,1,-5.879448455747809,-0.344925246135192
vote support,0,1,-5.879448455747809,-0.344925246135192
vote table,0,1,-5.879448455747809,-0.344925246135192
vote think,0,1,-5.879448455747809,-0.344925246135192
vote try,0,1,-5.879448455747809,-0.344925246135192
thing quacks,0,1,-5.879448455747809,-0.344925246135192
vote vote,0,1,-5.879448455747809,-0.344925246135192
voted affirmative,0,1,-5.879448455747809,-0.344925246135192
thing pushing,0,1,-5.879448455747809,-0.344925246135192
voted reasons,0,1,-5.879448455747809,-0.344925246135192
voted recommend,0,1,-5.879448455747809,-0.344925246135192
voted today,0,1,-5.879448455747809,-0.344925246135192
voted yes,0,1,-5.879448455747809,-0.344925246135192
voted zero,0,1,-5.879448455747809,-0.344925246135192
voters delivered,0,1,-5.879448455747809,-0.344925246135192
voters passed,0,1,-5.879448455747809,-0.344925246135192
vote sangamon,0,1,-5.879448455747809,-0.344925246135192
vote right,0,1,-5.879448455747809,-0.344925246135192
votes grew,0,1,-5.879448455747809,-0.344925246135192
thing son,0,1,-5.879448455747809,-0.344925246135192
thing thank,0,1,-5.879448455747809,-0.344925246135192
vote issues,0,1,-5.879448455747809,-0.344925246135192
vote just,0,1,-5.879448455747809,-0.344925246135192
vote need,0,1,-5.879448455747809,-0.344925246135192
vote neighbor,0,1,-5.879448455747809,-0.344925246135192
vote new,0,1,-5.879448455747809,-0.344925246135192
thing tangible,0,1,-5.879448455747809,-0.344925246135192
thing supposed,0,1,-5.879448455747809,-0.344925246135192
vote pause,0,1,-5.879448455747809,-0.344925246135192
vote people,0,1,-5.879448455747809,-0.344925246135192
vote proposal,0,1,-5.879448455747809,-0.344925246135192
vote proposition,0,1,-5.879448455747809,-0.344925246135192
vote recommend,0,1,-5.879448455747809,-0.344925246135192
vote respect,0,1,-5.879448455747809,-0.344925246135192
vote reveal,0,1,-5.879448455747809,-0.344925246135192
voters said,0,1,-5.879448455747809,-0.344925246135192
votes yes,0,1,-5.879448455747809,-0.344925246135192
thing time,0,1,-5.879448455747809,-0.344925246135192
wait didn,0,1,-5.879448455747809,-0.344925246135192
thing house,0,1,-5.879448455747809,-0.344925246135192
thing gargantuan,0,1,-5.879448455747809,-0.344925246135192
thing future,0,1,-5.879448455747809,-0.344925246135192
thing cover,0,1,-5.879448455747809,-0.344925246135192
waiting wings,0,1,-5.879448455747809,-0.344925246135192
waive epa,0,1,-5.879448455747809,-0.344925246135192
thing care,0,1,-5.879448455747809,-0.344925246135192
thing came,0,1,-5.879448455747809,-0.344925246135192
waive noise,0,1,-5.879448455747809,-0.344925246135192
walk,0,1,-5.879448455747809,-0.344925246135192
walk right,0,1,-5.879448455747809,-0.344925246135192
walked,0,1,-5.879448455747809,-0.344925246135192
walked didn,0,1,-5.879448455747809,-0.344925246135192
thing ask,0,1,-5.879448455747809,-0.344925246135192
walks,0,1,-5.879448455747809,-0.344925246135192
thing impairs,0,1,-5.879448455747809,-0.344925246135192
wait decimate,0,1,-5.879448455747809,-0.344925246135192
voting citizens,0,1,-5.879448455747809,-0.344925246135192
thing lived,0,1,-5.879448455747809,-0.344925246135192
voting having,0,1,-5.879448455747809,-0.344925246135192
voting leaf,0,1,-5.879448455747809,-0.344925246135192
voting secondly,0,1,-5.879448455747809,-0.344925246135192
voting showing,0,1,-5.879448455747809,-0.344925246135192
vulnerable attack,0,1,-5.879448455747809,-0.344925246135192
vulnerable million,0,1,-5.879448455747809,-0.344925246135192
vulnerable want,0,1,-5.879448455747809,-0.344925246135192
wage,0,1,-5.879448455747809,-0.344925246135192
wage average,0,1,-5.879448455747809,-0.344925246135192
wages matter,0,1,-5.879448455747809,-0.344925246135192
thing middle,0,1,-5.879448455747809,-0.344925246135192
thing mean,0,1,-5.879448455747809,-0.344925246135192
thing matters,0,1,-5.879448455747809,-0.344925246135192
thing make,0,1,-5.879448455747809,-0.344925246135192
thing looking,0,1,-5.879448455747809,-0.344925246135192
thing think,0,1,-5.879448455747809,-0.344925246135192
vote heard,0,1,-5.879448455747809,-0.344925246135192
wars kicked,0,1,-5.879448455747809,-0.344925246135192
things just,0,1,-5.879448455747809,-0.344925246135192
virus just,0,1,-5.879448455747809,-0.344925246135192
visible,0,1,-5.879448455747809,-0.344925246135192
things horrible,0,1,-5.879448455747809,-0.344925246135192
visible sight,0,1,-5.879448455747809,-0.344925246135192
things heard,0,1,-5.879448455747809,-0.344925246135192
visions,0,1,-5.879448455747809,-0.344925246135192
things hasn,0,1,-5.879448455747809,-0.344925246135192
visions men,0,1,-5.879448455747809,-0.344925246135192
visit,0,1,-5.879448455747809,-0.344925246135192
visit counted,0,1,-5.879448455747809,-0.344925246135192
visits,0,1,-5.879448455747809,-0.344925246135192
visits hospital,0,1,-5.879448455747809,-0.344925246135192
things getting,0,1,-5.879448455747809,-0.344925246135192
things fighting,0,1,-5.879448455747809,-0.344925246135192
vital making,0,1,-5.879448455747809,-0.344925246135192
virus dictate,0,1,-5.879448455747809,-0.344925246135192
things mr,0,1,-5.879448455747809,-0.344925246135192
vital uplifting,0,1,-5.879448455747809,-0.344925246135192
virginia saturated,0,1,-5.879448455747809,-0.344925246135192
video just,0,1,-5.879448455747809,-0.344925246135192
things quite,0,1,-5.879448455747809,-0.344925246135192
video ready,0,1,-5.879448455747809,-0.344925246135192
things properly,0,1,-5.879448455747809,-0.344925246135192
things numbers,0,1,-5.879448455747809,-0.344925246135192
view defer,0,1,-5.879448455747809,-0.344925246135192
view just,0,1,-5.879448455747809,-0.344925246135192
view showing,0,1,-5.879448455747809,-0.344925246135192
violate,0,1,-5.879448455747809,-0.344925246135192
violate rules,0,1,-5.879448455747809,-0.344925246135192
violations,0,1,-5.879448455747809,-0.344925246135192
violations cyrus,0,1,-5.879448455747809,-0.344925246135192
virgin,0,1,-5.879448455747809,-0.344925246135192
virgin district,0,1,-5.879448455747809,-0.344925246135192
virginia drowning,0,1,-5.879448455747809,-0.344925246135192
things eventually,0,1,-5.879448455747809,-0.344925246135192
voc,0,1,-5.879448455747809,-0.344925246135192
thing tornado,0,1,-5.879448455747809,-0.344925246135192
volunteering,0,1,-5.879448455747809,-0.344925246135192
volunteers,0,1,-5.879448455747809,-0.344925246135192
volunteers handle,0,1,-5.879448455747809,-0.344925246135192
thing uses,0,1,-5.879448455747809,-0.344925246135192
vote behalf,0,1,-5.879448455747809,-0.344925246135192
vote bring,0,1,-5.879448455747809,-0.344925246135192
vote care,0,1,-5.879448455747809,-0.344925246135192
vote chairman,0,1,-5.879448455747809,-0.344925246135192
vote chicago,0,1,-5.879448455747809,-0.344925246135192
vote come,0,1,-5.879448455747809,-0.344925246135192
vote concerns,0,1,-5.879448455747809,-0.344925246135192
vote counted,0,1,-5.879448455747809,-0.344925246135192
vote cyrus,0,1,-5.879448455747809,-0.344925246135192
vote drive,0,1,-5.879448455747809,-0.344925246135192
vote going,0,1,-5.879448455747809,-0.344925246135192
thing union,0,1,-5.879448455747809,-0.344925246135192
volunteering churches,0,1,-5.879448455747809,-0.344925246135192
volunteer step,0,1,-5.879448455747809,-0.344925246135192
voc diesel,0,1,-5.879448455747809,-0.344925246135192
voluntarily contributing,0,1,-5.879448455747809,-0.344925246135192
voice concerns,0,1,-5.879448455747809,-0.344925246135192
things didn,0,1,-5.879448455747809,-0.344925246135192
voice guaranteed,0,1,-5.879448455747809,-0.344925246135192
voice state,0,1,-5.879448455747809,-0.344925246135192
voice tonight,0,1,-5.879448455747809,-0.344925246135192
voices,0,1,-5.879448455747809,-0.344925246135192
things built,0,1,-5.879448455747809,-0.344925246135192
things awry,0,1,-5.879448455747809,-0.344925246135192
things aligning,0,1,-5.879448455747809,-0.344925246135192
voices vote,0,1,-5.879448455747809,-0.344925246135192
voltage power,0,1,-5.879448455747809,-0.344925246135192
things actually,0,1,-5.879448455747809,-0.344925246135192
thing wouldn,0,1,-5.879448455747809,-0.344925246135192
thing withstand,0,1,-5.879448455747809,-0.344925246135192
voluntarily,0,1,-5.879448455747809,-0.344925246135192
walks like,0,1,-5.879448455747809,-0.344925246135192
wall ll,0,1,-5.879448455747809,-0.344925246135192
theirs,0,1,-5.879448455747809,-0.344925246135192
want work,0,1,-5.879448455747809,-0.344925246135192
terrible know,0,1,-5.879448455747809,-0.344925246135192
terrible idea,0,1,-5.879448455747809,-0.344925246135192
want wouldn,0,1,-5.879448455747809,-0.344925246135192
want year,0,1,-5.879448455747809,-0.344925246135192
wanted address,0,1,-5.879448455747809,-0.344925246135192
terms referendum,0,1,-5.879448455747809,-0.344925246135192
wanted bring,0,1,-5.879448455747809,-0.344925246135192
terms purpose,0,1,-5.879448455747809,-0.344925246135192
terms intent,0,1,-5.879448455747809,-0.344925246135192
terms forcing,0,1,-5.879448455747809,-0.344925246135192
terms capacity,0,1,-5.879448455747809,-0.344925246135192
wanted felt,0,1,-5.879448455747809,-0.344925246135192
terms area,0,1,-5.879448455747809,-0.344925246135192
wanted firstly,0,1,-5.879448455747809,-0.344925246135192
terminator career,0,1,-5.879448455747809,-0.344925246135192
terrified,0,1,-5.879448455747809,-0.344925246135192
terrified environmental,0,1,-5.879448455747809,-0.344925246135192
wanted job,0,1,-5.879448455747809,-0.344925246135192
terror potentiality,0,1,-5.879448455747809,-0.344925246135192
testing diesel,0,1,-5.879448455747809,-0.344925246135192
want single,0,1,-5.879448455747809,-0.344925246135192
want sit,0,1,-5.879448455747809,-0.344925246135192
testimony zoning,0,1,-5.879448455747809,-0.344925246135192
testimony urge,0,1,-5.879448455747809,-0.344925246135192
testimony labor,0,1,-5.879448455747809,-0.344925246135192
testify oath,0,1,-5.879448455747809,-0.344925246135192
testify,0,1,-5.879448455747809,-0.344925246135192
want throw,0,1,-5.879448455747809,-0.344925246135192
tested day,0,1,-5.879448455747809,-0.344925246135192
tested cycle,0,1,-5.879448455747809,-0.344925246135192
want united,0,1,-5.879448455747809,-0.344925246135192
want vast,0,1,-5.879448455747809,-0.344925246135192
want water,0,1,-5.879448455747809,-0.344925246135192
terror won,0,1,-5.879448455747809,-0.344925246135192
terminator,0,1,-5.879448455747809,-0.344925246135192
term thinking,0,1,-5.879448455747809,-0.344925246135192
walls incorporated,0,1,-5.879448455747809,-0.344925246135192
wants passed,0,1,-5.879448455747809,-0.344925246135192
wants privacy,0,1,-5.879448455747809,-0.344925246135192
wants speak,0,1,-5.879448455747809,-0.344925246135192
war ii,0,1,-5.879448455747809,-0.344925246135192
war terror,0,1,-5.879448455747809,-0.344925246135192
warehouse business,0,1,-5.879448455747809,-0.344925246135192
warehouse warehouse,0,1,-5.879448455747809,-0.344925246135192
temporary year,0,1,-5.879448455747809,-0.344925246135192
temporary workers,0,1,-5.879448455747809,-0.344925246135192
temporary union,0,1,-5.879448455747809,-0.344925246135192
temporary safety,0,1,-5.879448455747809,-0.344925246135192
temporary nature,0,1,-5.879448455747809,-0.344925246135192
warn,0,1,-5.879448455747809,-0.344925246135192
warn huge,0,1,-5.879448455747809,-0.344925246135192
warren,0,1,-5.879448455747809,-0.344925246135192
warren wilkie,0,1,-5.879448455747809,-0.344925246135192
tend little,0,1,-5.879448455747809,-0.344925246135192
tendencies,0,1,-5.879448455747809,-0.344925246135192
term tax,0,1,-5.879448455747809,-0.344925246135192
wants need,0,1,-5.879448455747809,-0.344925246135192
term sustainable,0,1,-5.879448455747809,-0.344925246135192
term noise,0,1,-5.879448455747809,-0.344925246135192
term make,0,1,-5.879448455747809,-0.344925246135192
term grid,0,1,-5.879448455747809,-0.344925246135192
term gains,0,1,-5.879448455747809,-0.344925246135192
term futures,0,1,-5.879448455747809,-0.344925246135192
term future,0,1,-5.879448455747809,-0.344925246135192
term destruction,0,1,-5.879448455747809,-0.344925246135192
term building,0,1,-5.879448455747809,-0.344925246135192
tenth space,0,1,-5.879448455747809,-0.344925246135192
wanting bring,0,1,-5.879448455747809,-0.344925246135192
tenth,0,1,-5.879448455747809,-0.344925246135192
wanting reason,0,1,-5.879448455747809,-0.344925246135192
wants build,0,1,-5.879448455747809,-0.344925246135192
tendencies prc,0,1,-5.879448455747809,-0.344925246135192
want signify,0,1,-5.879448455747809,-0.344925246135192
testing hello,0,1,-5.879448455747809,-0.344925246135192
testing power,0,1,-5.879448455747809,-0.344925246135192
thankful departments,0,1,-5.879448455747809,-0.344925246135192
want clear,0,1,-5.879448455747809,-0.344925246135192
thank yep,0,1,-5.879448455747809,-0.344925246135192
want constituents,0,1,-5.879448455747809,-0.344925246135192
thank union,0,1,-5.879448455747809,-0.344925246135192
thank thinking,0,1,-5.879448455747809,-0.344925246135192
want delay,0,1,-5.879448455747809,-0.344925246135192
thank spending,0,1,-5.879448455747809,-0.344925246135192
thank showing,0,1,-5.879448455747809,-0.344925246135192
thank running,0,1,-5.879448455747809,-0.344925246135192
thank privilege,0,1,-5.879448455747809,-0.344925246135192
want demonstrations,0,1,-5.879448455747809,-0.344925246135192
want discuss,0,1,-5.879448455747809,-0.344925246135192
thank men,0,1,-5.879448455747809,-0.344925246135192
want district,0,1,-5.879448455747809,-0.344925246135192
want don,0,1,-5.879448455747809,-0.344925246135192
thankful,0,1,-5.879448455747809,-0.344925246135192
want built,0,1,-5.879448455747809,-0.344925246135192
want scared,0,1,-5.879448455747809,-0.344925246135192
thankfully did,0,1,-5.879448455747809,-0.344925246135192
theft espionage,0,1,-5.879448455747809,-0.344925246135192
walls ve,0,1,-5.879448455747809,-0.344925246135192
walters,0,1,-5.879448455747809,-0.344925246135192
walters live,0,1,-5.879448455747809,-0.344925246135192
want able,0,1,-5.879448455747809,-0.344925246135192
theft,0,1,-5.879448455747809,-0.344925246135192
thayer road,0,1,-5.879448455747809,-0.344925246135192
thayer reads,0,1,-5.879448455747809,-0.344925246135192
thanks time,0,1,-5.879448455747809,-0.344925246135192
travel,0,1,-5.879448455747809,-0.344925246135192
thanks patience,0,1,-5.879448455747809,-0.344925246135192
want anybody,0,1,-5.879448455747809,-0.344925246135192
want approach,0,1,-5.879448455747809,-0.344925246135192
thanks guy,0,1,-5.879448455747809,-0.344925246135192
thankfully didn,0,1,-5.879448455747809,-0.344925246135192
want end,0,1,-5.879448455747809,-0.344925246135192
thank let,0,1,-5.879448455747809,-0.344925246135192
thank laborers,0,1,-5.879448455747809,-0.344925246135192
want extend,0,1,-5.879448455747809,-0.344925246135192
want nice,0,1,-5.879448455747809,-0.344925246135192
want pass,0,1,-5.879448455747809,-0.344925246135192
want petition,0,1,-5.879448455747809,-0.344925246135192
thank come,0,1,-5.879448455747809,-0.344925246135192
thank coalition,0,1,-5.879448455747809,-0.344925246135192
thank classy,0,1,-5.879448455747809,-0.344925246135192
want picture,0,1,-5.879448455747809,-0.344925246135192
th let,0,1,-5.879448455747809,-0.344925246135192
want rebut,0,1,-5.879448455747809,-0.344925246135192
texting wife,0,1,-5.879448455747809,-0.344925246135192
texting,0,1,-5.879448455747809,-0.344925246135192
texas years,0,1,-5.879448455747809,-0.344925246135192
texas residents,0,1,-5.879448455747809,-0.344925246135192
texas create,0,1,-5.879448455747809,-0.344925246135192
want sacrifice,0,1,-5.879448455747809,-0.344925246135192
want nephews,0,1,-5.879448455747809,-0.344925246135192
want minute,0,1,-5.879448455747809,-0.344925246135192
thank days,0,1,-5.879448455747809,-0.344925246135192
want guys,0,1,-5.879448455747809,-0.344925246135192
want fast,0,1,-5.879448455747809,-0.344925246135192
want feel,0,1,-5.879448455747809,-0.344925246135192
want finally,0,1,-5.879448455747809,-0.344925246135192
thank hour,0,1,-5.879448455747809,-0.344925246135192
thank hope,0,1,-5.879448455747809,-0.344925246135192
thank got,0,1,-5.879448455747809,-0.344925246135192
want hear,0,1,-5.879448455747809,-0.344925246135192
want livestock,0,1,-5.879448455747809,-0.344925246135192
thank gary,0,1,-5.879448455747809,-0.344925246135192
want house,0,1,-5.879448455747809,-0.344925246135192
want increase,0,1,-5.879448455747809,-0.344925246135192
want information,0,1,-5.879448455747809,-0.344925246135192
want interested,0,1,-5.879448455747809,-0.344925246135192
want leash,0,1,-5.879448455747809,-0.344925246135192
try hard,0,1,-5.879448455747809,-0.344925246135192
really really,0,1,-5.879448455747809,-0.344925246135192
step need,0,1,-5.879448455747809,-0.344925246135192
phase expense,0,1,-5.879448455747809,-0.344925246135192
pipelines making,0,1,-5.879448455747809,-0.344925246135192
pillsbury long,0,1,-5.879448455747809,-0.344925246135192
pillsbury generations,0,1,-5.879448455747809,-0.344925246135192
pillsbury building,0,1,-5.879448455747809,-0.344925246135192
pill blackrock,0,1,-5.879448455747809,-0.344925246135192
pill,0,1,-5.879448455747809,-0.344925246135192
piggy bank,0,1,-5.879448455747809,-0.344925246135192
piggy,0,1,-5.879448455747809,-0.344925246135192
pieces lead,0,1,-5.879448455747809,-0.344925246135192
pieces county,0,1,-5.879448455747809,-0.344925246135192
piece shred,0,1,-5.879448455747809,-0.344925246135192
pictures tax,0,1,-5.879448455747809,-0.344925246135192
pictures fancy,0,1,-5.879448455747809,-0.344925246135192
picture grew,0,1,-5.879448455747809,-0.344925246135192
physical attacks,0,1,-5.879448455747809,-0.344925246135192
phrase essential,0,1,-5.879448455747809,-0.344925246135192
phrase,0,1,-5.879448455747809,-0.344925246135192
phone texting,0,1,-5.879448455747809,-0.344925246135192
phone looked,0,1,-5.879448455747809,-0.344925246135192
phone calls,0,1,-5.879448455747809,-0.344925246135192
phd hearing,0,1,-5.879448455747809,-0.344925246135192
pipes,0,1,-5.879448455747809,-0.344925246135192
pipes actually,0,1,-5.879448455747809,-0.344925246135192
pitch,0,1,-5.879448455747809,-0.344925246135192
place ironic,0,1,-5.879448455747809,-0.344925246135192
place somebody,0,1,-5.879448455747809,-0.344925246135192
place scares,0,1,-5.879448455747809,-0.344925246135192
place respect,0,1,-5.879448455747809,-0.344925246135192
place remedial,0,1,-5.879448455747809,-0.344925246135192
place plenty,0,1,-5.879448455747809,-0.344925246135192
place people,0,1,-5.879448455747809,-0.344925246135192
place minimal,0,1,-5.879448455747809,-0.344925246135192
place metal,0,1,-5.879448455747809,-0.344925246135192
place mark,0,1,-5.879448455747809,-0.344925246135192
place frankly,0,1,-5.879448455747809,-0.344925246135192
pitch includes,0,1,-5.879448455747809,-0.344925246135192
place ensure,0,1,-5.879448455747809,-0.344925246135192
place commercial,0,1,-5.879448455747809,-0.344925246135192
place coming,0,1,-5.879448455747809,-0.344925246135192
pla second,0,1,-5.879448455747809,-0.344925246135192
pla required,0,1,-5.879448455747809,-0.344925246135192
pla local,0,1,-5.879448455747809,-0.344925246135192
pla like,0,1,-5.879448455747809,-0.344925246135192
pla know,0,1,-5.879448455747809,-0.344925246135192
pla agreement,0,1,-5.879448455747809,-0.344925246135192
phase ones,0,1,-5.879448455747809,-0.344925246135192
phase aurora,0,1,-5.879448455747809,-0.344925246135192
place vote,0,1,-5.879448455747809,-0.344925246135192
petrochemicals fertilizers,0,1,-5.879448455747809,-0.344925246135192
permitting body,0,1,-5.879448455747809,-0.344925246135192
permitted developer,0,1,-5.879448455747809,-0.344925246135192
permitted called,0,1,-5.879448455747809,-0.344925246135192
permits spikes,0,1,-5.879448455747809,-0.344925246135192
permits order,0,1,-5.879448455747809,-0.344925246135192
permits local,0,1,-5.879448455747809,-0.344925246135192
permits building,0,1,-5.879448455747809,-0.344925246135192
permit securing,0,1,-5.879448455747809,-0.344925246135192
permit issuance,0,1,-5.879448455747809,-0.344925246135192
permit illinois,0,1,-5.879448455747809,-0.344925246135192
permit based,0,1,-5.879448455747809,-0.344925246135192
permit approved,0,1,-5.879448455747809,-0.344925246135192
permit application,0,1,-5.879448455747809,-0.344925246135192
permissible noise,0,1,-5.879448455747809,-0.344925246135192
permissible,0,1,-5.879448455747809,-0.344925246135192
permanently production,0,1,-5.879448455747809,-0.344925246135192
permanently,0,1,-5.879448455747809,-0.344925246135192
permanent permanent,0,1,-5.879448455747809,-0.344925246135192
permanent know,0,1,-5.879448455747809,-0.344925246135192
permanent job,0,1,-5.879448455747809,-0.344925246135192
perjury people,0,1,-5.879448455747809,-0.344925246135192
permitting challenges,0,1,-5.879448455747809,-0.344925246135192
permitting requires,0,1,-5.879448455747809,-0.344925246135192
person making,0,1,-5.879448455747809,-0.344925246135192
perspective shapes,0,1,-5.879448455747809,-0.344925246135192
petrochemicals,0,1,-5.879448455747809,-0.344925246135192
petitioners met,0,1,-5.879448455747809,-0.344925246135192
petitioners,0,1,-5.879448455747809,-0.344925246135192
petitioner tonight,0,1,-5.879448455747809,-0.344925246135192
petitioner met,0,1,-5.879448455747809,-0.344925246135192
petitioner allowed,0,1,-5.879448455747809,-0.344925246135192
petition signatures,0,1,-5.879448455747809,-0.344925246135192
petition meets,0,1,-5.879448455747809,-0.344925246135192
perspective site,0,1,-5.879448455747809,-0.344925246135192
perspective just,0,1,-5.879448455747809,-0.344925246135192
person manages,0,1,-5.879448455747809,-0.344925246135192
personnel house,0,1,-5.879448455747809,-0.344925246135192
personnel equipment,0,1,-5.879448455747809,-0.344925246135192
personnel emergency,0,1,-5.879448455747809,-0.344925246135192
personally family,0,1,-5.879448455747809,-0.344925246135192
personal experience,0,1,-5.879448455747809,-0.344925246135192
person weeks,0,1,-5.879448455747809,-0.344925246135192
person united,0,1,-5.879448455747809,-0.344925246135192
person speak,0,1,-5.879448455747809,-0.344925246135192
person right,0,1,-5.879448455747809,-0.344925246135192
place things,0,1,-5.879448455747809,-0.344925246135192
place work,0,1,-5.879448455747809,-0.344925246135192
pollution children,0,1,-5.879448455747809,-0.344925246135192
plus steady,0,1,-5.879448455747809,-0.344925246135192
points tonight,0,1,-5.879448455747809,-0.344925246135192
points sides,0,1,-5.879448455747809,-0.344925246135192
points proponents,0,1,-5.879448455747809,-0.344925246135192
pointed generators,0,1,-5.879448455747809,-0.344925246135192
pointed egregious,0,1,-5.879448455747809,-0.344925246135192
point wind,0,1,-5.879448455747809,-0.344925246135192
point vote,0,1,-5.879448455747809,-0.344925246135192
point trying,0,1,-5.879448455747809,-0.344925246135192
point southwest,0,1,-5.879448455747809,-0.344925246135192
point simply,0,1,-5.879448455747809,-0.344925246135192
point saying,0,1,-5.879448455747809,-0.344925246135192
point remains,0,1,-5.879448455747809,-0.344925246135192
point increased,0,1,-5.879448455747809,-0.344925246135192
point don,0,1,-5.879448455747809,-0.344925246135192
point does,0,1,-5.879448455747809,-0.344925246135192
point asked,0,1,-5.879448455747809,-0.344925246135192
point arguing,0,1,-5.879448455747809,-0.344925246135192
pockets took,0,1,-5.879448455747809,-0.344925246135192
pockets movements,0,1,-5.879448455747809,-0.344925246135192
pockets lined,0,1,-5.879448455747809,-0.344925246135192
pocket shake,0,1,-5.879448455747809,-0.344925246135192
poison,0,1,-5.879448455747809,-0.344925246135192
poison pill,0,1,-5.879448455747809,-0.344925246135192
police officers,0,1,-5.879448455747809,-0.344925246135192
politicians don,0,1,-5.879448455747809,-0.344925246135192
polluted,0,1,-5.879448455747809,-0.344925246135192
pollutants talking,0,1,-5.879448455747809,-0.344925246135192
pollutants stationary,0,1,-5.879448455747809,-0.344925246135192
pollutants pollutants,0,1,-5.879448455747809,-0.344925246135192
pollutants mentioned,0,1,-5.879448455747809,-0.344925246135192
pollutants known,0,1,-5.879448455747809,-0.344925246135192
pollutants hazardous,0,1,-5.879448455747809,-0.344925246135192
pollutants don,0,1,-5.879448455747809,-0.344925246135192
politicians like,0,1,-5.879448455747809,-0.344925246135192
politicians came,0,1,-5.879448455747809,-0.344925246135192
police state,0,1,-5.879448455747809,-0.344925246135192
political ideologies,0,1,-5.879448455747809,-0.344925246135192
political,0,1,-5.879448455747809,-0.344925246135192
polite listen,0,1,-5.879448455747809,-0.344925246135192
polite,0,1,-5.879448455747809,-0.344925246135192
policy field,0,1,-5.879448455747809,-0.344925246135192
policy especially,0,1,-5.879448455747809,-0.344925246135192
policy ask,0,1,-5.879448455747809,-0.344925246135192
policies directly,0,1,-5.879448455747809,-0.344925246135192
policies,0,1,-5.879448455747809,-0.344925246135192
pocket,0,1,-5.879448455747809,-0.344925246135192
plumbers steam,0,1,-5.879448455747809,-0.344925246135192
places banned,0,1,-5.879448455747809,-0.344925246135192
plenty want,0,1,-5.879448455747809,-0.344925246135192
plant folks,0,1,-5.879448455747809,-0.344925246135192
plant brand,0,1,-5.879448455747809,-0.344925246135192
plant bigger,0,1,-5.879448455747809,-0.344925246135192
plant aurora,0,1,-5.879448455747809,-0.344925246135192
plans use,0,1,-5.879448455747809,-0.344925246135192
plans unaware,0,1,-5.879448455747809,-0.344925246135192
plans fuck,0,1,-5.879448455747809,-0.344925246135192
planning commission,0,1,-5.879448455747809,-0.344925246135192
planning build,0,1,-5.879448455747809,-0.344925246135192
plan view,0,1,-5.879448455747809,-0.344925246135192
plan revise,0,1,-5.879448455747809,-0.344925246135192
plan meets,0,1,-5.879448455747809,-0.344925246135192
plan listen,0,1,-5.879448455747809,-0.344925246135192
plan lays,0,1,-5.879448455747809,-0.344925246135192
plan follow,0,1,-5.879448455747809,-0.344925246135192
places temporary,0,1,-5.879448455747809,-0.344925246135192
places successfully,0,1,-5.879448455747809,-0.344925246135192
places start,0,1,-5.879448455747809,-0.344925246135192
places like,0,1,-5.879448455747809,-0.344925246135192
places kind,0,1,-5.879448455747809,-0.344925246135192
places didn,0,1,-5.879448455747809,-0.344925246135192
plant live,0,1,-5.879448455747809,-0.344925246135192
plant north,0,1,-5.879448455747809,-0.344925246135192
plant springfield,0,1,-5.879448455747809,-0.344925246135192
play like,0,1,-5.879448455747809,-0.344925246135192
plenty tell,0,1,-5.879448455747809,-0.344925246135192
plenty red,0,1,-5.879448455747809,-0.344925246135192
plenty little,0,1,-5.879448455747809,-0.344925246135192
playing snake,0,1,-5.879448455747809,-0.344925246135192
playing,0,1,-5.879448455747809,-0.344925246135192
playgrounds infrastructure,0,1,-5.879448455747809,-0.344925246135192
playgrounds,0,1,-5.879448455747809,-0.344925246135192
played did,0,1,-5.879448455747809,-0.344925246135192
play recordings,0,1,-5.879448455747809,-0.344925246135192
play increases,0,1,-5.879448455747809,-0.344925246135192
plant thank,0,1,-5.879448455747809,-0.344925246135192
play games,0,1,-5.879448455747809,-0.344925246135192
plate happened,0,1,-5.879448455747809,-0.344925246135192
plastics brandt,0,1,-5.879448455747809,-0.344925246135192
plastics,0,1,-5.879448455747809,-0.344925246135192
plastic panels,0,1,-5.879448455747809,-0.344925246135192
plastic,0,1,-5.879448455747809,-0.344925246135192
plants don,0,1,-5.879448455747809,-0.344925246135192
plants cattle,0,1,-5.879448455747809,-0.344925246135192
plant years,0,1,-5.879448455747809,-0.344925246135192
perjury,0,1,-5.879448455747809,-0.344925246135192
period want,0,1,-5.879448455747809,-0.344925246135192
period minimum,0,1,-5.879448455747809,-0.344925246135192
pass ll,0,1,-5.879448455747809,-0.344925246135192
past years,0,1,-5.879448455747809,-0.344925246135192
past year,0,1,-5.879448455747809,-0.344925246135192
past public,0,1,-5.879448455747809,-0.344925246135192
past house,0,1,-5.879448455747809,-0.344925246135192
past additionally,0,1,-5.879448455747809,-0.344925246135192
passion consideration,0,1,-5.879448455747809,-0.344925246135192
passion,0,1,-5.879448455747809,-0.344925246135192
passes sincerely,0,1,-5.879448455747809,-0.344925246135192
passed zoning,0,1,-5.879448455747809,-0.344925246135192
passed time,0,1,-5.879448455747809,-0.344925246135192
passed soon,0,1,-5.879448455747809,-0.344925246135192
passed right,0,1,-5.879448455747809,-0.344925246135192
passed resolution,0,1,-5.879448455747809,-0.344925246135192
passed really,0,1,-5.879448455747809,-0.344925246135192
passed oklahoma,0,1,-5.879448455747809,-0.344925246135192
passed making,0,1,-5.879448455747809,-0.344925246135192
passed little,0,1,-5.879448455747809,-0.344925246135192
passed approved,0,1,-5.879448455747809,-0.344925246135192
pass wildlife,0,1,-5.879448455747809,-0.344925246135192
pass total,0,1,-5.879448455747809,-0.344925246135192
pass tom,0,1,-5.879448455747809,-0.344925246135192
patch,0,1,-5.879448455747809,-0.344925246135192
patch patrolled,0,1,-5.879448455747809,-0.344925246135192
patchwork,0,1,-5.879448455747809,-0.344925246135192
pause getting,0,1,-5.879448455747809,-0.344925246135192
pay families,0,1,-5.879448455747809,-0.344925246135192
pay electrical,0,1,-5.879448455747809,-0.344925246135192
pay effectively,0,1,-5.879448455747809,-0.344925246135192
paving myers,0,1,-5.879448455747809,-0.344925246135192
paving maybe,0,1,-5.879448455747809,-0.344925246135192
paved way,0,1,-5.879448455747809,-0.344925246135192
pause ve,0,1,-5.879448455747809,-0.344925246135192
pause second,0,1,-5.879448455747809,-0.344925246135192
pause real,0,1,-5.879448455747809,-0.344925246135192
pause definitive,0,1,-5.879448455747809,-0.344925246135192
patchwork sections,0,1,-5.879448455747809,-0.344925246135192
pause days,0,1,-5.879448455747809,-0.344925246135192
patrolled counties,0,1,-5.879448455747809,-0.344925246135192
patrolled,0,1,-5.879448455747809,-0.344925246135192
patriot wife,0,1,-5.879448455747809,-0.344925246135192
patriot,0,1,-5.879448455747809,-0.344925246135192
patience person,0,1,-5.879448455747809,-0.344925246135192
patience,0,1,-5.879448455747809,-0.344925246135192
pathways work,0,1,-5.879448455747809,-0.344925246135192
pathways,0,1,-5.879448455747809,-0.344925246135192
pass regulation,0,1,-5.879448455747809,-0.344925246135192
pass don,0,1,-5.879448455747809,-0.344925246135192
period attack,0,1,-5.879448455747809,-0.344925246135192
party personnel,0,1,-5.879448455747809,-0.344925246135192
paid zoning,0,1,-5.879448455747809,-0.344925246135192
paid delay,0,1,-5.879448455747809,-0.344925246135192
page little,0,1,-5.879448455747809,-0.344925246135192
page form,0,1,-5.879448455747809,-0.344925246135192
page document,0,1,-5.879448455747809,-0.344925246135192
packaged crafty,0,1,-5.879448455747809,-0.344925246135192
packaged,0,1,-5.879448455747809,-0.344925246135192
ozone particulate,0,1,-5.879448455747809,-0.344925246135192
oxley live,0,1,-5.879448455747809,-0.344925246135192
owns property,0,1,-5.879448455747809,-0.344925246135192
owns land,0,1,-5.879448455747809,-0.344925246135192
owners land,0,1,-5.879448455747809,-0.344925246135192
owners cooperation,0,1,-5.879448455747809,-0.344925246135192
owner selling,0,1,-5.879448455747809,-0.344925246135192
owner owns,0,1,-5.879448455747809,-0.344925246135192
owner north,0,1,-5.879448455747809,-0.344925246135192
owner joette,0,1,-5.879448455747809,-0.344925246135192
owner home,0,1,-5.879448455747809,-0.344925246135192
owned blackrock,0,1,-5.879448455747809,-0.344925246135192
overtly harmful,0,1,-5.879448455747809,-0.344925246135192
overtly,0,1,-5.879448455747809,-0.344925246135192
pain,0,1,-5.879448455747809,-0.344925246135192
pain ass,0,1,-5.879448455747809,-0.344925246135192
panels miles,0,1,-5.879448455747809,-0.344925246135192
particles cause,0,1,-5.879448455747809,-0.344925246135192
party belong,0,1,-5.879448455747809,-0.344925246135192
partnerships way,0,1,-5.879448455747809,-0.344925246135192
particulates limited,0,1,-5.879448455747809,-0.344925246135192
particulates entering,0,1,-5.879448455747809,-0.344925246135192
particulates diesel,0,1,-5.879448455747809,-0.344925246135192
particulates air,0,1,-5.879448455747809,-0.344925246135192
particularly children,0,1,-5.879448455747809,-0.344925246135192
particular motion,0,1,-5.879448455747809,-0.344925246135192
particles harm,0,1,-5.879448455747809,-0.344925246135192
participation private,0,1,-5.879448455747809,-0.344925246135192
panels putting,0,1,-5.879448455747809,-0.344925246135192
participants annually,0,1,-5.879448455747809,-0.344925246135192
participants,0,1,-5.879448455747809,-0.344925246135192
parents heard,0,1,-5.879448455747809,-0.344925246135192
paramount dedicate,0,1,-5.879448455747809,-0.344925246135192
paramount,0,1,-5.879448455747809,-0.344925246135192
panopticon smart,0,1,-5.879448455747809,-0.344925246135192
panopticon,0,1,-5.879448455747809,-0.344925246135192
panels surrounding,0,1,-5.879448455747809,-0.344925246135192
panels right,0,1,-5.879448455747809,-0.344925246135192
pay hospital,0,1,-5.879448455747809,-0.344925246135192
pay money,0,1,-5.879448455747809,-0.344925246135192
pay overage,0,1,-5.879448455747809,-0.344925246135192
pay raise,0,1,-5.879448455747809,-0.344925246135192
people raise,0,1,-5.879448455747809,-0.344925246135192
people profiting,0,1,-5.879448455747809,-0.344925246135192
people problem,0,1,-5.879448455747809,-0.344925246135192
people place,0,1,-5.879448455747809,-0.344925246135192
people permitted,0,1,-5.879448455747809,-0.344925246135192
people people,0,1,-5.879448455747809,-0.344925246135192
people order,0,1,-5.879448455747809,-0.344925246135192
people maybe,0,1,-5.879448455747809,-0.344925246135192
people matter,0,1,-5.879448455747809,-0.344925246135192
people lungs,0,1,-5.879448455747809,-0.344925246135192
people looking,0,1,-5.879448455747809,-0.344925246135192
people look,0,1,-5.879448455747809,-0.344925246135192
people line,0,1,-5.879448455747809,-0.344925246135192
people lie,0,1,-5.879448455747809,-0.344925246135192
people learned,0,1,-5.879448455747809,-0.344925246135192
people knew,0,1,-5.879448455747809,-0.344925246135192
people just,0,1,-5.879448455747809,-0.344925246135192
people job,0,1,-5.879448455747809,-0.344925246135192
people industries,0,1,-5.879448455747809,-0.344925246135192
people hearing,0,1,-5.879448455747809,-0.344925246135192
people hear,0,1,-5.879448455747809,-0.344925246135192
people receive,0,1,-5.879448455747809,-0.344925246135192
people represent,0,1,-5.879448455747809,-0.344925246135192
people sandman,0,1,-5.879448455747809,-0.344925246135192
people tend,0,1,-5.879448455747809,-0.344925246135192
perfect location,0,1,-5.879448455747809,-0.344925246135192
percent efficient,0,1,-5.879448455747809,-0.344925246135192
percent available,0,1,-5.879448455747809,-0.344925246135192
peoples day,0,1,-5.879448455747809,-0.344925246135192
peoples,0,1,-5.879448455747809,-0.344925246135192
people worked,0,1,-5.879448455747809,-0.344925246135192
people wells,0,1,-5.879448455747809,-0.344925246135192
people vastly,0,1,-5.879448455747809,-0.344925246135192
people thing,0,1,-5.879448455747809,-0.344925246135192
people teachers,0,1,-5.879448455747809,-0.344925246135192
people serve,0,1,-5.879448455747809,-0.344925246135192
people swear,0,1,-5.879448455747809,-0.344925246135192
people supposed,0,1,-5.879448455747809,-0.344925246135192
people springfield,0,1,-5.879448455747809,-0.344925246135192
people spent,0,1,-5.879448455747809,-0.344925246135192
people spending,0,1,-5.879448455747809,-0.344925246135192
people situation,0,1,-5.879448455747809,-0.344925246135192
people single,0,1,-5.879448455747809,-0.344925246135192
people signs,0,1,-5.879448455747809,-0.344925246135192
people served,0,1,-5.879448455747809,-0.344925246135192
people health,0,1,-5.879448455747809,-0.344925246135192
people haste,0,1,-5.879448455747809,-0.344925246135192
people handle,0,1,-5.879448455747809,-0.344925246135192
payouts guarantee,0,1,-5.879448455747809,-0.344925246135192
penalty,0,1,-5.879448455747809,-0.344925246135192
peggy cormany,0,1,-5.879448455747809,-0.344925246135192
peggy,0,1,-5.879448455747809,-0.344925246135192
pec massaging,0,1,-5.879448455747809,-0.344925246135192
pec,0,1,-5.879448455747809,-0.344925246135192
peaceful usually,0,1,-5.879448455747809,-0.344925246135192
peaceful,0,1,-5.879448455747809,-0.344925246135192
peabody coal,0,1,-5.879448455747809,-0.344925246135192
peabody,0,1,-5.879448455747809,-0.344925246135192
payouts,0,1,-5.879448455747809,-0.344925246135192
pending,0,1,-5.879448455747809,-0.344925246135192
payments blackrock,0,1,-5.879448455747809,-0.344925246135192
payments beginning,0,1,-5.879448455747809,-0.344925246135192
payment asked,0,1,-5.879448455747809,-0.344925246135192
payment,0,1,-5.879448455747809,-0.344925246135192
paying land,0,1,-5.879448455747809,-0.344925246135192
paying billionaire,0,1,-5.879448455747809,-0.344925246135192
paying attention,0,1,-5.879448455747809,-0.344925246135192
pay utility,0,1,-5.879448455747809,-0.344925246135192
pay red,0,1,-5.879448455747809,-0.344925246135192
penalty perjury,0,1,-5.879448455747809,-0.344925246135192
pending ordinance,0,1,-5.879448455747809,-0.344925246135192
people far,0,1,-5.879448455747809,-0.344925246135192
people council,0,1,-5.879448455747809,-0.344925246135192
people exposed,0,1,-5.879448455747809,-0.344925246135192
people elected,0,1,-5.879448455747809,-0.344925246135192
people driving,0,1,-5.879448455747809,-0.344925246135192
people doing,0,1,-5.879448455747809,-0.344925246135192
people directly,0,1,-5.879448455747809,-0.344925246135192
people dealing,0,1,-5.879448455747809,-0.344925246135192
people daily,0,1,-5.879448455747809,-0.344925246135192
people cyrus,0,1,-5.879448455747809,-0.344925246135192
people crowding,0,1,-5.879448455747809,-0.344925246135192
people continue,0,1,-5.879448455747809,-0.344925246135192
people action,0,1,-5.879448455747809,-0.344925246135192
people complaining,0,1,-5.879448455747809,-0.344925246135192
people comfortable,0,1,-5.879448455747809,-0.344925246135192
people collecting,0,1,-5.879448455747809,-0.344925246135192
people buying,0,1,-5.879448455747809,-0.344925246135192
people bring,0,1,-5.879448455747809,-0.344925246135192
people based,0,1,-5.879448455747809,-0.344925246135192
people aurora,0,1,-5.879448455747809,-0.344925246135192
people analyzed,0,1,-5.879448455747809,-0.344925246135192
people adjacent,0,1,-5.879448455747809,-0.344925246135192
polluted air,0,1,-5.879448455747809,-0.344925246135192
pollution control,0,1,-5.879448455747809,-0.344925246135192
public sector,0,1,-5.879448455747809,-0.344925246135192
project need,0,1,-5.879448455747809,-0.344925246135192
prominent commercial,0,1,-5.879448455747809,-0.344925246135192
prominent,0,1,-5.879448455747809,-0.344925246135192
proliferation ai,0,1,-5.879448455747809,-0.344925246135192
proliferation,0,1,-5.879448455747809,-0.344925246135192
projects crumbling,0,1,-5.879448455747809,-0.344925246135192
projects common,0,1,-5.879448455747809,-0.344925246135192
project water,0,1,-5.879448455747809,-0.344925246135192
project wanted,0,1,-5.879448455747809,-0.344925246135192
project voted,0,1,-5.879448455747809,-0.344925246135192
project usually,0,1,-5.879448455747809,-0.344925246135192
project tried,0,1,-5.879448455747809,-0.344925246135192
project today,0,1,-5.879448455747809,-0.344925246135192
project threaten,0,1,-5.879448455747809,-0.344925246135192
project strategic,0,1,-5.879448455747809,-0.344925246135192
project statements,0,1,-5.879448455747809,-0.344925246135192
project setting,0,1,-5.879448455747809,-0.344925246135192
project selling,0,1,-5.879448455747809,-0.344925246135192
project respect,0,1,-5.879448455747809,-0.344925246135192
project requiring,0,1,-5.879448455747809,-0.344925246135192
project provided,0,1,-5.879448455747809,-0.344925246135192
project past,0,1,-5.879448455747809,-0.344925246135192
promise tax,0,1,-5.879448455747809,-0.344925246135192
promised clients,0,1,-5.879448455747809,-0.344925246135192
promises appeal,0,1,-5.879448455747809,-0.344925246135192
properly noticed,0,1,-5.879448455747809,-0.344925246135192
property owners,0,1,-5.879448455747809,-0.344925246135192
property north,0,1,-5.879448455747809,-0.344925246135192
property evaluations,0,1,-5.879448455747809,-0.344925246135192
property day,0,1,-5.879448455747809,-0.344925246135192
property currently,0,1,-5.879448455747809,-0.344925246135192
property county,0,1,-5.879448455747809,-0.344925246135192
property constant,0,1,-5.879448455747809,-0.344925246135192
property bought,0,1,-5.879448455747809,-0.344925246135192
property anymore,0,1,-5.879448455747809,-0.344925246135192
properly know,0,1,-5.879448455747809,-0.344925246135192
promises aren,0,1,-5.879448455747809,-0.344925246135192
properly gets,0,1,-5.879448455747809,-0.344925246135192
prone tornadoes,0,1,-5.879448455747809,-0.344925246135192
prone,0,1,-5.879448455747809,-0.344925246135192
promoting public,0,1,-5.879448455747809,-0.344925246135192
promises ve,0,1,-5.879448455747809,-0.344925246135192
promises remind,0,1,-5.879448455747809,-0.344925246135192
promises good,0,1,-5.879448455747809,-0.344925246135192
promises cyrus,0,1,-5.879448455747809,-0.344925246135192
promises county,0,1,-5.879448455747809,-0.344925246135192
project ongoing,0,1,-5.879448455747809,-0.344925246135192
project mike,0,1,-5.879448455747809,-0.344925246135192
property ruin,0,1,-5.879448455747809,-0.344925246135192
project means,0,1,-5.879448455747809,-0.344925246135192
project additionally,0,1,-5.879448455747809,-0.344925246135192
prohibits approval,0,1,-5.879448455747809,-0.344925246135192
prohibits,0,1,-5.879448455747809,-0.344925246135192
progress business,0,1,-5.879448455747809,-0.344925246135192
progress,0,1,-5.879448455747809,-0.344925246135192
programs ve,0,1,-5.879448455747809,-0.344925246135192
programs people,0,1,-5.879448455747809,-0.344925246135192
programs make,0,1,-5.879448455747809,-0.344925246135192
programs available,0,1,-5.879448455747809,-0.344925246135192
programming existing,0,1,-5.879448455747809,-0.344925246135192
program state,0,1,-5.879448455747809,-0.344925246135192
profits tax,0,1,-5.879448455747809,-0.344925246135192
profits mention,0,1,-5.879448455747809,-0.344925246135192
profiting union,0,1,-5.879448455747809,-0.344925246135192
profiting,0,1,-5.879448455747809,-0.344925246135192
profit thing,0,1,-5.879448455747809,-0.344925246135192
profit shareholders,0,1,-5.879448455747809,-0.344925246135192
profit companies,0,1,-5.879448455747809,-0.344925246135192
professor emeritus,0,1,-5.879448455747809,-0.344925246135192
professor,0,1,-5.879448455747809,-0.344925246135192
professionals addressing,0,1,-5.879448455747809,-0.344925246135192
project agreed,0,1,-5.879448455747809,-0.344925246135192
project approval,0,1,-5.879448455747809,-0.344925246135192
project bedside,0,1,-5.879448455747809,-0.344925246135192
project eventually,0,1,-5.879448455747809,-0.344925246135192
project make,0,1,-5.879448455747809,-0.344925246135192
project local,0,1,-5.879448455747809,-0.344925246135192
project ll,0,1,-5.879448455747809,-0.344925246135192
project land,0,1,-5.879448455747809,-0.344925246135192
project impressive,0,1,-5.879448455747809,-0.344925246135192
project goes,0,1,-5.879448455747809,-0.344925246135192
project favor,0,1,-5.879448455747809,-0.344925246135192
project farce,0,1,-5.879448455747809,-0.344925246135192
project falls,0,1,-5.879448455747809,-0.344925246135192
project detrimental,0,1,-5.879448455747809,-0.344925246135192
project begun,0,1,-5.879448455747809,-0.344925246135192
project county,0,1,-5.879448455747809,-0.344925246135192
project community,0,1,-5.879448455747809,-0.344925246135192
project come,0,1,-5.879448455747809,-0.344925246135192
project cause,0,1,-5.879448455747809,-0.344925246135192
project cared,0,1,-5.879448455747809,-0.344925246135192
project business,0,1,-5.879448455747809,-0.344925246135192
project buildings,0,1,-5.879448455747809,-0.344925246135192
project build,0,1,-5.879448455747809,-0.344925246135192
project benefits,0,1,-5.879448455747809,-0.344925246135192
property possibly,0,1,-5.879448455747809,-0.344925246135192
property sit,0,1,-5.879448455747809,-0.344925246135192
pollution damage,0,1,-5.879448455747809,-0.344925246135192
protection requirements,0,1,-5.879448455747809,-0.344925246135192
provide community,0,1,-5.879448455747809,-0.344925246135192
proves wrong,0,1,-5.879448455747809,-0.344925246135192
proves,0,1,-5.879448455747809,-0.344925246135192
proverbial lunch,0,1,-5.879448455747809,-0.344925246135192
proverbial,0,1,-5.879448455747809,-0.344925246135192
proven great,0,1,-5.879448455747809,-0.344925246135192
proved generate,0,1,-5.879448455747809,-0.344925246135192
proved,0,1,-5.879448455747809,-0.344925246135192
proud union,0,1,-5.879448455747809,-0.344925246135192
proud tradespeople,0,1,-5.879448455747809,-0.344925246135192
proud teamstar,0,1,-5.879448455747809,-0.344925246135192
proud said,0,1,-5.879448455747809,-0.344925246135192
proud resident,0,1,-5.879448455747809,-0.344925246135192
proud proud,0,1,-5.879448455747809,-0.344925246135192
proud mr,0,1,-5.879448455747809,-0.344925246135192
proud member,0,1,-5.879448455747809,-0.344925246135192
proud community,0,1,-5.879448455747809,-0.344925246135192
proud bring,0,1,-5.879448455747809,-0.344925246135192
protections sangamon,0,1,-5.879448455747809,-0.344925246135192
protections comes,0,1,-5.879448455747809,-0.344925246135192
protection thank,0,1,-5.879448455747809,-0.344925246135192
provide cost,0,1,-5.879448455747809,-0.344925246135192
provide facts,0,1,-5.879448455747809,-0.344925246135192
provide guardrails,0,1,-5.879448455747809,-0.344925246135192
psychological,0,1,-5.879448455747809,-0.344925246135192
public needs,0,1,-5.879448455747809,-0.344925246135192
public need,0,1,-5.879448455747809,-0.344925246135192
public informed,0,1,-5.879448455747809,-0.344925246135192
public import,0,1,-5.879448455747809,-0.344925246135192
public hearings,0,1,-5.879448455747809,-0.344925246135192
public getting,0,1,-5.879448455747809,-0.344925246135192
public funding,0,1,-5.879448455747809,-0.344925246135192
public comments,0,1,-5.879448455747809,-0.344925246135192
psychological gameplay,0,1,-5.879448455747809,-0.344925246135192
providing people,0,1,-5.879448455747809,-0.344925246135192
provide multi,0,1,-5.879448455747809,-0.344925246135192
providing number,0,1,-5.879448455747809,-0.344925246135192
provided report,0,1,-5.879448455747809,-0.344925246135192
provided project,0,1,-5.879448455747809,-0.344925246135192
provided number,0,1,-5.879448455747809,-0.344925246135192
provided just,0,1,-5.879448455747809,-0.344925246135192
provided apple,0,1,-5.879448455747809,-0.344925246135192
provide uniform,0,1,-5.879448455747809,-0.344925246135192
provide service,0,1,-5.879448455747809,-0.344925246135192
provide references,0,1,-5.879448455747809,-0.344925246135192
protection service,0,1,-5.879448455747809,-0.344925246135192
protection finally,0,1,-5.879448455747809,-0.344925246135192
property vicinity,0,1,-5.879448455747809,-0.344925246135192
protection counties,0,1,-5.879448455747809,-0.344925246135192
proposed language,0,1,-5.879448455747809,-0.344925246135192
proposed just,0,1,-5.879448455747809,-0.344925246135192
proposed immense,0,1,-5.879448455747809,-0.344925246135192
proposed going,0,1,-5.879448455747809,-0.344925246135192
proposed don,0,1,-5.879448455747809,-0.344925246135192
proposed case,0,1,-5.879448455747809,-0.344925246135192
proposed campus,0,1,-5.879448455747809,-0.344925246135192
proposed area,0,1,-5.879448455747809,-0.344925246135192
proposals feel,0,1,-5.879448455747809,-0.344925246135192
proposals country,0,1,-5.879448455747809,-0.344925246135192
proposal vote,0,1,-5.879448455747809,-0.344925246135192
proposal ve,0,1,-5.879448455747809,-0.344925246135192
proposal simply,0,1,-5.879448455747809,-0.344925246135192
proposal recently,0,1,-5.879448455747809,-0.344925246135192
proposal minimal,0,1,-5.879448455747809,-0.344925246135192
proposal acre,0,1,-5.879448455747809,-0.344925246135192
proponents proceed,0,1,-5.879448455747809,-0.344925246135192
proponents minutes,0,1,-5.879448455747809,-0.344925246135192
proponents make,0,1,-5.879448455747809,-0.344925246135192
proponent opponents,0,1,-5.879448455747809,-0.344925246135192
proponent,0,1,-5.879448455747809,-0.344925246135192
proposed proliferation,0,1,-5.879448455747809,-0.344925246135192
proposed reduced,0,1,-5.879448455747809,-0.344925246135192
proposed resolution,0,1,-5.879448455747809,-0.344925246135192
protect environment,0,1,-5.879448455747809,-0.344925246135192
protection act,0,1,-5.879448455747809,-0.344925246135192
protecting years,0,1,-5.879448455747809,-0.344925246135192
protecting human,0,1,-5.879448455747809,-0.344925246135192
protecting ambient,0,1,-5.879448455747809,-0.344925246135192
protected say,0,1,-5.879448455747809,-0.344925246135192
protected event,0,1,-5.879448455747809,-0.344925246135192
protected cause,0,1,-5.879448455747809,-0.344925246135192
protect human,0,1,-5.879448455747809,-0.344925246135192
protect facilities,0,1,-5.879448455747809,-0.344925246135192
protect cyrus,0,1,-5.879448455747809,-0.344925246135192
proposed sangamon,0,1,-5.879448455747809,-0.344925246135192
protect county,0,1,-5.879448455747809,-0.344925246135192
protect citizens,0,1,-5.879448455747809,-0.344925246135192
prosperity long,0,1,-5.879448455747809,-0.344925246135192
prosperity,0,1,-5.879448455747809,-0.344925246135192
proposition,0,1,-5.879448455747809,-0.344925246135192
proposing page,0,1,-5.879448455747809,-0.344925246135192
proposing county,0,1,-5.879448455747809,-0.344925246135192
proposed ve,0,1,-5.879448455747809,-0.344925246135192
proposed shared,0,1,-5.879448455747809,-0.344925246135192
products know,0,1,-5.879448455747809,-0.344925246135192
production eventually,0,1,-5.879448455747809,-0.344925246135192
production cows,0,1,-5.879448455747809,-0.344925246135192
power load,0,1,-5.879448455747809,-0.344925246135192
presentation anybody,0,1,-5.879448455747809,-0.344925246135192
present regulations,0,1,-5.879448455747809,-0.344925246135192
present danger,0,1,-5.879448455747809,-0.344925246135192
presence sangamon,0,1,-5.879448455747809,-0.344925246135192
presence county,0,1,-5.879448455747809,-0.344925246135192
prepared remarks,0,1,-5.879448455747809,-0.344925246135192
preferences recognize,0,1,-5.879448455747809,-0.344925246135192
preferences,0,1,-5.879448455747809,-0.344925246135192
preemptively want,0,1,-5.879448455747809,-0.344925246135192
preemptively,0,1,-5.879448455747809,-0.344925246135192
precisely staff,0,1,-5.879448455747809,-0.344925246135192
precisely,0,1,-5.879448455747809,-0.344925246135192
precious resources,0,1,-5.879448455747809,-0.344925246135192
precedent harmful,0,1,-5.879448455747809,-0.344925246135192
precedent,0,1,-5.879448455747809,-0.344925246135192
precariously built,0,1,-5.879448455747809,-0.344925246135192
precariously,0,1,-5.879448455747809,-0.344925246135192
prc abuse,0,1,-5.879448455747809,-0.344925246135192
prc,0,1,-5.879448455747809,-0.344925246135192
power use,0,1,-5.879448455747809,-0.344925246135192
power substation,0,1,-5.879448455747809,-0.344925246135192
presentation did,0,1,-5.879448455747809,-0.344925246135192
presentation divided,0,1,-5.879448455747809,-0.344925246135192
presentation minute,0,1,-5.879448455747809,-0.344925246135192
presenting,0,1,-5.879448455747809,-0.344925246135192
pretty focusing,0,1,-5.879448455747809,-0.344925246135192
prettiest girl,0,1,-5.879448455747809,-0.344925246135192
prettiest,0,1,-5.879448455747809,-0.344925246135192
pressure divides,0,1,-5.879448455747809,-0.344925246135192
pressure away,0,1,-5.879448455747809,-0.344925246135192
president thank,0,1,-5.879448455747809,-0.344925246135192
presents opportunity,0,1,-5.879448455747809,-0.344925246135192
presents exceptional,0,1,-5.879448455747809,-0.344925246135192
presenting opportunity,0,1,-5.879448455747809,-0.344925246135192
presented previously,0,1,-5.879448455747809,-0.344925246135192
presentation opposition,0,1,-5.879448455747809,-0.344925246135192
presented previous,0,1,-5.879448455747809,-0.344925246135192
presented concisely,0,1,-5.879448455747809,-0.344925246135192
presentations right,0,1,-5.879448455747809,-0.344925246135192
presentations proponents,0,1,-5.879448455747809,-0.344925246135192
presentations mr,0,1,-5.879448455747809,-0.344925246135192
presentations minute,0,1,-5.879448455747809,-0.344925246135192
presentations concludes,0,1,-5.879448455747809,-0.344925246135192
presentation support,0,1,-5.879448455747809,-0.344925246135192
presentation regarding,0,1,-5.879448455747809,-0.344925246135192
power requires,0,1,-5.879448455747809,-0.344925246135192
power goes,0,1,-5.879448455747809,-0.344925246135192
product speaking,0,1,-5.879448455747809,-0.344925246135192
power failure,0,1,-5.879448455747809,-0.344925246135192
positions people,0,1,-5.879448455747809,-0.344925246135192
position better,0,1,-5.879448455747809,-0.344925246135192
poses clear,0,1,-5.879448455747809,-0.344925246135192
poses,0,1,-5.879448455747809,-0.344925246135192
portion zoning,0,1,-5.879448455747809,-0.344925246135192
portion ll,0,1,-5.879448455747809,-0.344925246135192
portion county,0,1,-5.879448455747809,-0.344925246135192
population today,0,1,-5.879448455747809,-0.344925246135192
population problems,0,1,-5.879448455747809,-0.344925246135192
population financial,0,1,-5.879448455747809,-0.344925246135192
pollutions like,0,1,-5.879448455747809,-0.344925246135192
pollutions,0,1,-5.879448455747809,-0.344925246135192
pollution shutdown,0,1,-5.879448455747809,-0.344925246135192
pollution risks,0,1,-5.879448455747809,-0.344925246135192
pollution regulations,0,1,-5.879448455747809,-0.344925246135192
pollution promises,0,1,-5.879448455747809,-0.344925246135192
pollution produced,0,1,-5.879448455747809,-0.344925246135192
pollution pollution,0,1,-5.879448455747809,-0.344925246135192
pollution offshoots,0,1,-5.879448455747809,-0.344925246135192
pollution level,0,1,-5.879448455747809,-0.344925246135192
pollution going,0,1,-5.879448455747809,-0.344925246135192
positions serving,0,1,-5.879448455747809,-0.344925246135192
positions year,0,1,-5.879448455747809,-0.344925246135192
positive effects,0,1,-5.879448455747809,-0.344925246135192
posterity order,0,1,-5.879448455747809,-0.344925246135192
power facility,0,1,-5.879448455747809,-0.344925246135192
power consumes,0,1,-5.879448455747809,-0.344925246135192
power constructed,0,1,-5.879448455747809,-0.344925246135192
power air,0,1,-5.879448455747809,-0.344925246135192
potomac word,0,1,-5.879448455747809,-0.344925246135192
potomac,0,1,-5.879448455747809,-0.344925246135192
potentially reviewed,0,1,-5.879448455747809,-0.344925246135192
potentiality effects,0,1,-5.879448455747809,-0.344925246135192
potentiality,0,1,-5.879448455747809,-0.344925246135192
posted update,0,1,-5.879448455747809,-0.344925246135192
positive spin,0,1,-5.879448455747809,-0.344925246135192
possibly springfield,0,1,-5.879448455747809,-0.344925246135192
possibly ruin,0,1,-5.879448455747809,-0.344925246135192
possible ve,0,1,-5.879448455747809,-0.344925246135192
possible real,0,1,-5.879448455747809,-0.344925246135192
possible jobs,0,1,-5.879448455747809,-0.344925246135192
possibility fiber,0,1,-5.879448455747809,-0.344925246135192
possibility,0,1,-5.879448455747809,-0.344925246135192
positives touch,0,1,-5.879448455747809,-0.344925246135192
positives positives,0,1,-5.879448455747809,-0.344925246135192
pretty recalcitrant,0,1,-5.879448455747809,-0.344925246135192
pretty trickled,0,1,-5.879448455747809,-0.344925246135192
pretzel,0,1,-5.879448455747809,-0.344925246135192
pretzel new,0,1,-5.879448455747809,-0.344925246135192
proceeding public,0,1,-5.879448455747809,-0.344925246135192
proceed try,0,1,-5.879448455747809,-0.344925246135192
proceed section,0,1,-5.879448455747809,-0.344925246135192
proceed regular,0,1,-5.879448455747809,-0.344925246135192
proceed public,0,1,-5.879448455747809,-0.344925246135192
proceed let,0,1,-5.879448455747809,-0.344925246135192
proceed concessions,0,1,-5.879448455747809,-0.344925246135192
problems way,0,1,-5.879448455747809,-0.344925246135192
problems township,0,1,-5.879448455747809,-0.344925246135192
problems topics,0,1,-5.879448455747809,-0.344925246135192
problems suicide,0,1,-5.879448455747809,-0.344925246135192
problems stress,0,1,-5.879448455747809,-0.344925246135192
problems solve,0,1,-5.879448455747809,-0.344925246135192
problems shut,0,1,-5.879448455747809,-0.344925246135192
problems noise,0,1,-5.879448455747809,-0.344925246135192
problems money,0,1,-5.879448455747809,-0.344925246135192
problems location,0,1,-5.879448455747809,-0.344925246135192
problems lawsuits,0,1,-5.879448455747809,-0.344925246135192
problems just,0,1,-5.879448455747809,-0.344925246135192
problems europe,0,1,-5.879448455747809,-0.344925246135192
problems aurora,0,1,-5.879448455747809,-0.344925246135192
proceeding resolution,0,1,-5.879448455747809,-0.344925246135192
proceeding rules,0,1,-5.879448455747809,-0.344925246135192
proceeding section,0,1,-5.879448455747809,-0.344925246135192
procuring new,0,1,-5.879448455747809,-0.344925246135192
producing problems,0,1,-5.879448455747809,-0.344925246135192
producing,0,1,-5.879448455747809,-0.344925246135192
produces million,0,1,-5.879448455747809,-0.344925246135192
produced teensiest,0,1,-5.879448455747809,-0.344925246135192
produced cyrus,0,1,-5.879448455747809,-0.344925246135192
produced acid,0,1,-5.879448455747809,-0.344925246135192
produce plenty,0,1,-5.879448455747809,-0.344925246135192
produce like,0,1,-5.879448455747809,-0.344925246135192
produce food,0,1,-5.879448455747809,-0.344925246135192
procuring,0,1,-5.879448455747809,-0.344925246135192
process allow,0,1,-5.879448455747809,-0.344925246135192
process ve,0,1,-5.879448455747809,-0.344925246135192
process sincerely,0,1,-5.879448455747809,-0.344925246135192
process set,0,1,-5.879448455747809,-0.344925246135192
process recommending,0,1,-5.879448455747809,-0.344925246135192
process new,0,1,-5.879448455747809,-0.344925246135192
process months,0,1,-5.879448455747809,-0.344925246135192
process history,0,1,-5.879448455747809,-0.344925246135192
process enacting,0,1,-5.879448455747809,-0.344925246135192
process board,0,1,-5.879448455747809,-0.344925246135192
problematic treating,0,1,-5.879448455747809,-0.344925246135192
problematic,0,1,-5.879448455747809,-0.344925246135192
problem time,0,1,-5.879448455747809,-0.344925246135192
priced,0,1,-5.879448455747809,-0.344925246135192
privacy thirdly,0,1,-5.879448455747809,-0.344925246135192
privacy laws,0,1,-5.879448455747809,-0.344925246135192
prison makes,0,1,-5.879448455747809,-0.344925246135192
prison,0,1,-5.879448455747809,-0.344925246135192
priority tonight,0,1,-5.879448455747809,-0.344925246135192
priority hope,0,1,-5.879448455747809,-0.344925246135192
priority health,0,1,-5.879448455747809,-0.344925246135192
prior coming,0,1,-5.879448455747809,-0.344925246135192
priced living,0,1,-5.879448455747809,-0.344925246135192
price hike,0,1,-5.879448455747809,-0.344925246135192
private job,0,1,-5.879448455747809,-0.344925246135192
previously stated,0,1,-5.879448455747809,-0.344925246135192
previously relatively,0,1,-5.879448455747809,-0.344925246135192
previously public,0,1,-5.879448455747809,-0.344925246135192
previously mentioned,0,1,-5.879448455747809,-0.344925246135192
previously fiber,0,1,-5.879448455747809,-0.344925246135192
previously building,0,1,-5.879448455747809,-0.344925246135192
previous verdon,0,1,-5.879448455747809,-0.344925246135192
previous meetings,0,1,-5.879448455747809,-0.344925246135192
prevention core,0,1,-5.879448455747809,-0.344925246135192
private citizen,0,1,-5.879448455747809,-0.344925246135192
privilege,0,1,-5.879448455747809,-0.344925246135192
problem sorry,0,1,-5.879448455747809,-0.344925246135192
problem argument,0,1,-5.879448455747809,-0.344925246135192
problem seven,0,1,-5.879448455747809,-0.344925246135192
problem problem,0,1,-5.879448455747809,-0.344925246135192
problem pillsbury,0,1,-5.879448455747809,-0.344925246135192
problem people,0,1,-5.879448455747809,-0.344925246135192
problem need,0,1,-5.879448455747809,-0.344925246135192
problem consequences,0,1,-5.879448455747809,-0.344925246135192
problem colleague,0,1,-5.879448455747809,-0.344925246135192
problem city,0,1,-5.879448455747809,-0.344925246135192
problem arises,0,1,-5.879448455747809,-0.344925246135192
problem according,0,1,-5.879448455747809,-0.344925246135192
privilege represent,0,1,-5.879448455747809,-0.344925246135192
probably state,0,1,-5.879448455747809,-0.344925246135192
probably seen,0,1,-5.879448455747809,-0.344925246135192
probably public,0,1,-5.879448455747809,-0.344925246135192
probably lowest,0,1,-5.879448455747809,-0.344925246135192
probably fifth,0,1,-5.879448455747809,-0.344925246135192
proactive opportunity,0,1,-5.879448455747809,-0.344925246135192
proactive,0,1,-5.879448455747809,-0.344925246135192
pro union,0,1,-5.879448455747809,-0.344925246135192
pro anti,0,1,-5.879448455747809,-0.344925246135192
overstated promise,0,1,-5.879448455747809,-0.344925246135192
overstated,0,1,-5.879448455747809,-0.344925246135192
override individual,0,1,-5.879448455747809,-0.344925246135192
morganton morgan,0,1,-5.879448455747809,-0.344925246135192
moving auburn,0,1,-5.879448455747809,-0.344925246135192
movie going,0,1,-5.879448455747809,-0.344925246135192
movements don,0,1,-5.879448455747809,-0.344925246135192
movements,0,1,-5.879448455747809,-0.344925246135192
moved using,0,1,-5.879448455747809,-0.344925246135192
moved regular,0,1,-5.879448455747809,-0.344925246135192
moved months,0,1,-5.879448455747809,-0.344925246135192
moved feet,0,1,-5.879448455747809,-0.344925246135192
mouths cowards,0,1,-5.879448455747809,-0.344925246135192
mouths,0,1,-5.879448455747809,-0.344925246135192
mouth time,0,1,-5.879448455747809,-0.344925246135192
motto mossad,0,1,-5.879448455747809,-0.344925246135192
motto,0,1,-5.879448455747809,-0.344925246135192
motorola solutions,0,1,-5.879448455747809,-0.344925246135192
motorola,0,1,-5.879448455747809,-0.344925246135192
motion initial,0,1,-5.879448455747809,-0.344925246135192
motion follows,0,1,-5.879448455747809,-0.344925246135192
motion favor,0,1,-5.879448455747809,-0.344925246135192
motion agreed,0,1,-5.879448455747809,-0.344925246135192
motion adopted,0,1,-5.879448455747809,-0.344925246135192
mossad israeli,0,1,-5.879448455747809,-0.344925246135192
moving far,0,1,-5.879448455747809,-0.344925246135192
moving immediately,0,1,-5.879448455747809,-0.344925246135192
moving miles,0,1,-5.879448455747809,-0.344925246135192
mr hout,0,1,-5.879448455747809,-0.344925246135192
mr shackman,0,1,-5.879448455747809,-0.344925246135192
mr schultz,0,1,-5.879448455747809,-0.344925246135192
mr ritter,0,1,-5.879448455747809,-0.344925246135192
mr rader,0,1,-5.879448455747809,-0.344925246135192
mr quirkley,0,1,-5.879448455747809,-0.344925246135192
mr mendenhall,0,1,-5.879448455747809,-0.344925246135192
mr medonius,0,1,-5.879448455747809,-0.344925246135192
mr madoni,0,1,-5.879448455747809,-0.344925246135192
mr howe,0,1,-5.879448455747809,-0.344925246135192
mr hall,0,1,-5.879448455747809,-0.344925246135192
moving rapidly,0,1,-5.879448455747809,-0.344925246135192
mr guernsey,0,1,-5.879448455747809,-0.344925246135192
mr federer,0,1,-5.879448455747809,-0.344925246135192
mr carthers,0,1,-5.879448455747809,-0.344925246135192
mr carruthers,0,1,-5.879448455747809,-0.344925246135192
mr berry,0,1,-5.879448455747809,-0.344925246135192
mr barrett,0,1,-5.879448455747809,-0.344925246135192
mr applegate,0,1,-5.879448455747809,-0.344925246135192
mow lawn,0,1,-5.879448455747809,-0.344925246135192
mow,0,1,-5.879448455747809,-0.344925246135192
mossad,0,1,-5.879448455747809,-0.344925246135192
morganton,0,1,-5.879448455747809,-0.344925246135192
mr zaldrono,0,1,-5.879448455747809,-0.344925246135192
moratorium thank,0,1,-5.879448455747809,-0.344925246135192
month blow,0,1,-5.879448455747809,-0.344925246135192
month belief,0,1,-5.879448455747809,-0.344925246135192
monstrosity completely,0,1,-5.879448455747809,-0.344925246135192
monstrosity,0,1,-5.879448455747809,-0.344925246135192
moneyed thank,0,1,-5.879448455747809,-0.344925246135192
moneyed,0,1,-5.879448455747809,-0.344925246135192
money want,0,1,-5.879448455747809,-0.344925246135192
money used,0,1,-5.879448455747809,-0.344925246135192
money union,0,1,-5.879448455747809,-0.344925246135192
money taxes,0,1,-5.879448455747809,-0.344925246135192
money tax,0,1,-5.879448455747809,-0.344925246135192
money spend,0,1,-5.879448455747809,-0.344925246135192
money really,0,1,-5.879448455747809,-0.344925246135192
money project,0,1,-5.879448455747809,-0.344925246135192
money matter,0,1,-5.879448455747809,-0.344925246135192
money involved,0,1,-5.879448455747809,-0.344925246135192
money hour,0,1,-5.879448455747809,-0.344925246135192
money gets,0,1,-5.879448455747809,-0.344925246135192
money diverted,0,1,-5.879448455747809,-0.344925246135192
money did,0,1,-5.879448455747809,-0.344925246135192
money cyrus,0,1,-5.879448455747809,-0.344925246135192
month dangerous,0,1,-5.879448455747809,-0.344925246135192
month does,0,1,-5.879448455747809,-0.344925246135192
month equate,0,1,-5.879448455747809,-0.344925246135192
months listening,0,1,-5.879448455747809,-0.344925246135192
moratorium questions,0,1,-5.879448455747809,-0.344925246135192
moratorium preemptively,0,1,-5.879448455747809,-0.344925246135192
moratorium happened,0,1,-5.879448455747809,-0.344925246135192
morals comfort,0,1,-5.879448455747809,-0.344925246135192
morals,0,1,-5.879448455747809,-0.344925246135192
moot point,0,1,-5.879448455747809,-0.344925246135192
moot,0,1,-5.879448455747809,-0.344925246135192
monumental day,0,1,-5.879448455747809,-0.344925246135192
monumental,0,1,-5.879448455747809,-0.344925246135192
months implement,0,1,-5.879448455747809,-0.344925246135192
month food,0,1,-5.879448455747809,-0.344925246135192
months essentially,0,1,-5.879448455747809,-0.344925246135192
months aware,0,1,-5.879448455747809,-0.344925246135192
month zoning,0,1,-5.879448455747809,-0.344925246135192
month ve,0,1,-5.879448455747809,-0.344925246135192
month social,0,1,-5.879448455747809,-0.344925246135192
month saying,0,1,-5.879448455747809,-0.344925246135192
month month,0,1,-5.879448455747809,-0.344925246135192
month minutes,0,1,-5.879448455747809,-0.344925246135192
month kick,0,1,-5.879448455747809,-0.344925246135192
mr stumpf,0,1,-5.879448455747809,-0.344925246135192
ms deppie,0,1,-5.879448455747809,-0.344925246135192
override,0,1,-5.879448455747809,-0.344925246135192
near springfield,0,1,-5.879448455747809,-0.344925246135192
need cyrus,0,1,-5.879448455747809,-0.344925246135192
need compensated,0,1,-5.879448455747809,-0.344925246135192
need check,0,1,-5.879448455747809,-0.344925246135192
need careful,0,1,-5.879448455747809,-0.344925246135192
need called,0,1,-5.879448455747809,-0.344925246135192
need based,0,1,-5.879448455747809,-0.344925246135192
need apply,0,1,-5.879448455747809,-0.344925246135192
need allow,0,1,-5.879448455747809,-0.344925246135192
need ai,0,1,-5.879448455747809,-0.344925246135192
necessary wish,0,1,-5.879448455747809,-0.344925246135192
necessary speak,0,1,-5.879448455747809,-0.344925246135192
necessary infrastructure,0,1,-5.879448455747809,-0.344925246135192
necessary evil,0,1,-5.879448455747809,-0.344925246135192
necessary equate,0,1,-5.879448455747809,-0.344925246135192
necessary effectuate,0,1,-5.879448455747809,-0.344925246135192
nearly lifelong,0,1,-5.879448455747809,-0.344925246135192
nearly impossible,0,1,-5.879448455747809,-0.344925246135192
nearest property,0,1,-5.879448455747809,-0.344925246135192
nearest neighbors,0,1,-5.879448455747809,-0.344925246135192
nearby uses,0,1,-5.879448455747809,-0.344925246135192
nearby thayer,0,1,-5.879448455747809,-0.344925246135192
need don,0,1,-5.879448455747809,-0.344925246135192
need fact,0,1,-5.879448455747809,-0.344925246135192
need focusing,0,1,-5.879448455747809,-0.344925246135192
need respond,0,1,-5.879448455747809,-0.344925246135192
needed different,0,1,-5.879448455747809,-0.344925246135192
needed city,0,1,-5.879448455747809,-0.344925246135192
need waverly,0,1,-5.879448455747809,-0.344925246135192
need vote,0,1,-5.879448455747809,-0.344925246135192
need thank,0,1,-5.879448455747809,-0.344925246135192
need study,0,1,-5.879448455747809,-0.344925246135192
need strike,0,1,-5.879448455747809,-0.344925246135192
need start,0,1,-5.879448455747809,-0.344925246135192
need sort,0,1,-5.879448455747809,-0.344925246135192
need rebutted,0,1,-5.879448455747809,-0.344925246135192
need home,0,1,-5.879448455747809,-0.344925246135192
need rebut,0,1,-5.879448455747809,-0.344925246135192
need really,0,1,-5.879448455747809,-0.344925246135192
need proposed,0,1,-5.879448455747809,-0.344925246135192
need progress,0,1,-5.879448455747809,-0.344925246135192
need politicians,0,1,-5.879448455747809,-0.344925246135192
need ongoing,0,1,-5.879448455747809,-0.344925246135192
need mavis,0,1,-5.879448455747809,-0.344925246135192
need kind,0,1,-5.879448455747809,-0.344925246135192
need improve,0,1,-5.879448455747809,-0.344925246135192
nearby louder,0,1,-5.879448455747809,-0.344925246135192
near site,0,1,-5.879448455747809,-0.344925246135192
ms deputy,0,1,-5.879448455747809,-0.344925246135192
near plants,0,1,-5.879448455747809,-0.344925246135192
named,0,1,-5.879448455747809,-0.344925246135192
nails foundation,0,1,-5.879448455747809,-0.344925246135192
nails,0,1,-5.879448455747809,-0.344925246135192
nail approve,0,1,-5.879448455747809,-0.344925246135192
nail,0,1,-5.879448455747809,-0.344925246135192
naacp prairie,0,1,-5.879448455747809,-0.344925246135192
naacp,0,1,-5.879448455747809,-0.344925246135192
myers paving,0,1,-5.879448455747809,-0.344925246135192
myers,0,1,-5.879448455747809,-0.344925246135192
musdeen live,0,1,-5.879448455747809,-0.344925246135192
musdeen,0,1,-5.879448455747809,-0.344925246135192
murphy senator,0,1,-5.879448455747809,-0.344925246135192
multipliers right,0,1,-5.879448455747809,-0.344925246135192
multipliers,0,1,-5.879448455747809,-0.344925246135192
multiple years,0,1,-5.879448455747809,-0.344925246135192
multiple agencies,0,1,-5.879448455747809,-0.344925246135192
multi year,0,1,-5.879448455747809,-0.344925246135192
ms madoni,0,1,-5.879448455747809,-0.344925246135192
ms gates,0,1,-5.879448455747809,-0.344925246135192
ms gage,0,1,-5.879448455747809,-0.344925246135192
ms fulgenzi,0,1,-5.879448455747809,-0.344925246135192
named road,0,1,-5.879448455747809,-0.344925246135192
naming,0,1,-5.879448455747809,-0.344925246135192
naming members,0,1,-5.879448455747809,-0.344925246135192
national university,0,1,-5.879448455747809,-0.344925246135192
near place,0,1,-5.879448455747809,-0.344925246135192
near auburn,0,1,-5.879448455747809,-0.344925246135192
ndas tax,0,1,-5.879448455747809,-0.344925246135192
ndas,0,1,-5.879448455747809,-0.344925246135192
nda ssga,0,1,-5.879448455747809,-0.344925246135192
nda signed,0,1,-5.879448455747809,-0.344925246135192
nd confirming,0,1,-5.879448455747809,-0.344925246135192
nature providing,0,1,-5.879448455747809,-0.344925246135192
nature evaluations,0,1,-5.879448455747809,-0.344925246135192
national institute,0,1,-5.879448455747809,-0.344925246135192
nanofreeze,0,1,-5.879448455747809,-0.344925246135192
nation proverbial,0,1,-5.879448455747809,-0.344925246135192
nation communist,0,1,-5.879448455747809,-0.344925246135192
narrowly drawn,0,1,-5.879448455747809,-0.344925246135192
narrowly,0,1,-5.879448455747809,-0.344925246135192
narrowed choke,0,1,-5.879448455747809,-0.344925246135192
narrowed,0,1,-5.879448455747809,-0.344925246135192
narrow minimal,0,1,-5.879448455747809,-0.344925246135192
narrow little,0,1,-5.879448455747809,-0.344925246135192
nanofreeze like,0,1,-5.879448455747809,-0.344925246135192
money comes,0,1,-5.879448455747809,-0.344925246135192
money billionaire,0,1,-5.879448455747809,-0.344925246135192
momentum going,0,1,-5.879448455747809,-0.344925246135192
mention really,0,1,-5.879448455747809,-0.344925246135192
metals stuff,0,1,-5.879448455747809,-0.344925246135192
metal place,0,1,-5.879448455747809,-0.344925246135192
metal,0,1,-5.879448455747809,-0.344925246135192
met virgin,0,1,-5.879448455747809,-0.344925246135192
met just,0,1,-5.879448455747809,-0.344925246135192
met counties,0,1,-5.879448455747809,-0.344925246135192
met cooperation,0,1,-5.879448455747809,-0.344925246135192
messed water,0,1,-5.879448455747809,-0.344925246135192
messed respect,0,1,-5.879448455747809,-0.344925246135192
message say,0,1,-5.879448455747809,-0.344925246135192
mesothelioma union,0,1,-5.879448455747809,-0.344925246135192
mesothelioma,0,1,-5.879448455747809,-0.344925246135192
merely self,0,1,-5.879448455747809,-0.344925246135192
merely,0,1,-5.879448455747809,-0.344925246135192
mentioned tonight,0,1,-5.879448455747809,-0.344925246135192
mentioned right,0,1,-5.879448455747809,-0.344925246135192
mentioned opposed,0,1,-5.879448455747809,-0.344925246135192
mentioned lake,0,1,-5.879448455747809,-0.344925246135192
mentioned guarantee,0,1,-5.879448455747809,-0.344925246135192
mentioned factor,0,1,-5.879448455747809,-0.344925246135192
mention tonight,0,1,-5.879448455747809,-0.344925246135192
meter said,0,1,-5.879448455747809,-0.344925246135192
methods,0,1,-5.879448455747809,-0.344925246135192
methods ll,0,1,-5.879448455747809,-0.344925246135192
midst rewriting,0,1,-5.879448455747809,-0.344925246135192
mile proposed,0,1,-5.879448455747809,-0.344925246135192
mile people,0,1,-5.879448455747809,-0.344925246135192
mile mile,0,1,-5.879448455747809,-0.344925246135192
mile like,0,1,-5.879448455747809,-0.344925246135192
mile island,0,1,-5.879448455747809,-0.344925246135192
mile cyrus,0,1,-5.879448455747809,-0.344925246135192
mile couple,0,1,-5.879448455747809,-0.344925246135192
mile building,0,1,-5.879448455747809,-0.344925246135192
mile blow,0,1,-5.879448455747809,-0.344925246135192
midst,0,1,-5.879448455747809,-0.344925246135192
michigan going,0,1,-5.879448455747809,-0.344925246135192
midnight runs,0,1,-5.879448455747809,-0.344925246135192
midnight,0,1,-5.879448455747809,-0.344925246135192
middle prime,0,1,-5.879448455747809,-0.344925246135192
middle lick,0,1,-5.879448455747809,-0.344925246135192
middle fourthly,0,1,-5.879448455747809,-0.344925246135192
middle courthouses,0,1,-5.879448455747809,-0.344925246135192
microphone wish,0,1,-5.879448455747809,-0.344925246135192
microphone,0,1,-5.879448455747809,-0.344925246135192
michigan recalling,0,1,-5.879448455747809,-0.344925246135192
mention revenue,0,1,-5.879448455747809,-0.344925246135192
mention proud,0,1,-5.879448455747809,-0.344925246135192
momentum,0,1,-5.879448455747809,-0.344925246135192
mention pla,0,1,-5.879448455747809,-0.344925246135192
members kim,0,1,-5.879448455747809,-0.344925246135192
members investigated,0,1,-5.879448455747809,-0.344925246135192
members implement,0,1,-5.879448455747809,-0.344925246135192
members idea,0,1,-5.879448455747809,-0.344925246135192
members held,0,1,-5.879448455747809,-0.344925246135192
members fight,0,1,-5.879448455747809,-0.344925246135192
members expect,0,1,-5.879448455747809,-0.344925246135192
members enforced,0,1,-5.879448455747809,-0.344925246135192
members districts,0,1,-5.879448455747809,-0.344925246135192
members decided,0,1,-5.879448455747809,-0.344925246135192
members county,0,1,-5.879448455747809,-0.344925246135192
members come,0,1,-5.879448455747809,-0.344925246135192
members care,0,1,-5.879448455747809,-0.344925246135192
members appreciate,0,1,-5.879448455747809,-0.344925246135192
members appalling,0,1,-5.879448455747809,-0.344925246135192
members agencies,0,1,-5.879448455747809,-0.344925246135192
member union,0,1,-5.879448455747809,-0.344925246135192
member thought,0,1,-5.879448455747809,-0.344925246135192
member local,0,1,-5.879448455747809,-0.344925246135192
member librarian,0,1,-5.879448455747809,-0.344925246135192
member iuoe,0,1,-5.879448455747809,-0.344925246135192
members know,0,1,-5.879448455747809,-0.344925246135192
members live,0,1,-5.879448455747809,-0.344925246135192
members lot,0,1,-5.879448455747809,-0.344925246135192
members stakeholders,0,1,-5.879448455747809,-0.344925246135192
mention majority,0,1,-5.879448455747809,-0.344925246135192
mention know,0,1,-5.879448455747809,-0.344925246135192
mention fact,0,1,-5.879448455747809,-0.344925246135192
mention currently,0,1,-5.879448455747809,-0.344925246135192
mendenhall place,0,1,-5.879448455747809,-0.344925246135192
men couldn,0,1,-5.879448455747809,-0.344925246135192
members time,0,1,-5.879448455747809,-0.344925246135192
members think,0,1,-5.879448455747809,-0.344925246135192
members thank,0,1,-5.879448455747809,-0.344925246135192
members speak,0,1,-5.879448455747809,-0.344925246135192
members number,0,1,-5.879448455747809,-0.344925246135192
members situation,0,1,-5.879448455747809,-0.344925246135192
members signed,0,1,-5.879448455747809,-0.344925246135192
members room,0,1,-5.879448455747809,-0.344925246135192
members related,0,1,-5.879448455747809,-0.344925246135192
members raise,0,1,-5.879448455747809,-0.344925246135192
members pla,0,1,-5.879448455747809,-0.344925246135192
members people,0,1,-5.879448455747809,-0.344925246135192
members paying,0,1,-5.879448455747809,-0.344925246135192
members ones,0,1,-5.879448455747809,-0.344925246135192
mile solar,0,1,-5.879448455747809,-0.344925246135192
mile south,0,1,-5.879448455747809,-0.344925246135192
miles auburn,0,1,-5.879448455747809,-0.344925246135192
miles drive,0,1,-5.879448455747809,-0.344925246135192
misappropriate,0,1,-5.879448455747809,-0.344925246135192
minutes speak,0,1,-5.879448455747809,-0.344925246135192
minutes road,0,1,-5.879448455747809,-0.344925246135192
minutes proceeding,0,1,-5.879448455747809,-0.344925246135192
minutes organized,0,1,-5.879448455747809,-0.344925246135192
minutes opponents,0,1,-5.879448455747809,-0.344925246135192
minutes north,0,1,-5.879448455747809,-0.344925246135192
minutes neat,0,1,-5.879448455747809,-0.344925246135192
minutes month,0,1,-5.879448455747809,-0.344925246135192
minutes miles,0,1,-5.879448455747809,-0.344925246135192
minutes make,0,1,-5.879448455747809,-0.344925246135192
minutes lot,0,1,-5.879448455747809,-0.344925246135192
minutes hours,0,1,-5.879448455747809,-0.344925246135192
minutes guarantee,0,1,-5.879448455747809,-0.344925246135192
minutes given,0,1,-5.879448455747809,-0.344925246135192
minutes focus,0,1,-5.879448455747809,-0.344925246135192
minutes crack,0,1,-5.879448455747809,-0.344925246135192
minute touch,0,1,-5.879448455747809,-0.344925246135192
minute throw,0,1,-5.879448455747809,-0.344925246135192
minute segments,0,1,-5.879448455747809,-0.344925246135192
minute segment,0,1,-5.879448455747809,-0.344925246135192
misappropriate trust,0,1,-5.879448455747809,-0.344925246135192
miserably,0,1,-5.879448455747809,-0.344925246135192
miserably people,0,1,-5.879448455747809,-0.344925246135192
modern agriculture,0,1,-5.879448455747809,-0.344925246135192
moment rockford,0,1,-5.879448455747809,-0.344925246135192
mom lives,0,1,-5.879448455747809,-0.344925246135192
mom,0,1,-5.879448455747809,-0.344925246135192
modules construction,0,1,-5.879448455747809,-0.344925246135192
modular relatively,0,1,-5.879448455747809,-0.344925246135192
modifying process,0,1,-5.879448455747809,-0.344925246135192
modifying,0,1,-5.879448455747809,-0.344925246135192
modify process,0,1,-5.879448455747809,-0.344925246135192
modify,0,1,-5.879448455747809,-0.344925246135192
modeling confirm,0,1,-5.879448455747809,-0.344925246135192
misguided,0,1,-5.879448455747809,-0.344925246135192
model nation,0,1,-5.879448455747809,-0.344925246135192
model hasn,0,1,-5.879448455747809,-0.344925246135192
mitigation walls,0,1,-5.879448455747809,-0.344925246135192
mistake come,0,1,-5.879448455747809,-0.344925246135192
missions,0,1,-5.879448455747809,-0.344925246135192
mission statement,0,1,-5.879448455747809,-0.344925246135192
miso necessary,0,1,-5.879448455747809,-0.344925246135192
miso ameren,0,1,-5.879448455747809,-0.344925246135192
misguided reasons,0,1,-5.879448455747809,-0.344925246135192
minute rebuttals,0,1,-5.879448455747809,-0.344925246135192
minute rebuttal,0,1,-5.879448455747809,-0.344925246135192
minute ll,0,1,-5.879448455747809,-0.344925246135192
million gallons,0,1,-5.879448455747809,-0.344925246135192
mind going,0,1,-5.879448455747809,-0.344925246135192
mind facility,0,1,-5.879448455747809,-0.344925246135192
mind desire,0,1,-5.879448455747809,-0.344925246135192
mind abhorrent,0,1,-5.879448455747809,-0.344925246135192
millions don,0,1,-5.879448455747809,-0.344925246135192
million rest,0,1,-5.879448455747809,-0.344925246135192
million overtly,0,1,-5.879448455747809,-0.344925246135192
million macoupin,0,1,-5.879448455747809,-0.344925246135192
million investment,0,1,-5.879448455747809,-0.344925246135192
million dollars,0,1,-5.879448455747809,-0.344925246135192
minds atrophy,0,1,-5.879448455747809,-0.344925246135192
million community,0,1,-5.879448455747809,-0.344925246135192
million bushels,0,1,-5.879448455747809,-0.344925246135192
milk production,0,1,-5.879448455747809,-0.344925246135192
milk,0,1,-5.879448455747809,-0.344925246135192
miles southeast,0,1,-5.879448455747809,-0.344925246135192
miles know,0,1,-5.879448455747809,-0.344925246135192
miles high,0,1,-5.879448455747809,-0.344925246135192
miles god,0,1,-5.879448455747809,-0.344925246135192
miles geostrategically,0,1,-5.879448455747809,-0.344925246135192
mind try,0,1,-5.879448455747809,-0.344925246135192
minimal county,0,1,-5.879448455747809,-0.344925246135192
minute initial,0,1,-5.879448455747809,-0.344925246135192
minimum mentioned,0,1,-5.879448455747809,-0.344925246135192
minority residents,0,1,-5.879448455747809,-0.344925246135192
minority report,0,1,-5.879448455747809,-0.344925246135192
minor source,0,1,-5.879448455747809,-0.344925246135192
minor jump,0,1,-5.879448455747809,-0.344925246135192
minimum wage,0,1,-5.879448455747809,-0.344925246135192
minimum say,0,1,-5.879448455747809,-0.344925246135192
minimum requirements,0,1,-5.879448455747809,-0.344925246135192
minimum regulations,0,1,-5.879448455747809,-0.344925246135192
minimum million,0,1,-5.879448455747809,-0.344925246135192
minimum local,0,1,-5.879448455747809,-0.344925246135192
minimal criteria,0,1,-5.879448455747809,-0.344925246135192
minimum ll,0,1,-5.879448455747809,-0.344925246135192
minimum everybody,0,1,-5.879448455747809,-0.344925246135192
minimally secured,0,1,-5.879448455747809,-0.344925246135192
minimally,0,1,-5.879448455747809,-0.344925246135192
minimal zoning,0,1,-5.879448455747809,-0.344925246135192
minimal wildlife,0,1,-5.879448455747809,-0.344925246135192
minimal requirements,0,1,-5.879448455747809,-0.344925246135192
minimal hopefully,0,1,-5.879448455747809,-0.344925246135192
minimal evidence,0,1,-5.879448455747809,-0.344925246135192
needed opposite,0,1,-5.879448455747809,-0.344925246135192
needed really,0,1,-5.879448455747809,-0.344925246135192
needs absolutely,0,1,-5.879448455747809,-0.344925246135192
ones saw,0,1,-5.879448455747809,-0.344925246135192
operation approach,0,1,-5.879448455747809,-0.344925246135192
operating engineers,0,1,-5.879448455747809,-0.344925246135192
operates engaging,0,1,-5.879448455747809,-0.344925246135192
operated designed,0,1,-5.879448455747809,-0.344925246135192
operate state,0,1,-5.879448455747809,-0.344925246135192
operate number,0,1,-5.879448455747809,-0.344925246135192
operate locations,0,1,-5.879448455747809,-0.344925246135192
operate impact,0,1,-5.879448455747809,-0.344925246135192
operate consistently,0,1,-5.879448455747809,-0.344925246135192
opening presentation,0,1,-5.879448455747809,-0.344925246135192
opened significant,0,1,-5.879448455747809,-0.344925246135192
opened,0,1,-5.879448455747809,-0.344925246135192
open opinions,0,1,-5.879448455747809,-0.344925246135192
open new,0,1,-5.879448455747809,-0.344925246135192
op years,0,1,-5.879448455747809,-0.344925246135192
op city,0,1,-5.879448455747809,-0.344925246135192
online massive,0,1,-5.879448455747809,-0.344925246135192
ongoing training,0,1,-5.879448455747809,-0.344925246135192
ongoing discussions,0,1,-5.879448455747809,-0.344925246135192
ongoing completed,0,1,-5.879448455747809,-0.344925246135192
ones thanks,0,1,-5.879448455747809,-0.344925246135192
operation kennel,0,1,-5.879448455747809,-0.344925246135192
operation kinds,0,1,-5.879448455747809,-0.344925246135192
operation sangamon,0,1,-5.879448455747809,-0.344925246135192
opinions shared,0,1,-5.879448455747809,-0.344925246135192
opportunity deserve,0,1,-5.879448455747809,-0.344925246135192
opportunity county,0,1,-5.879448455747809,-0.344925246135192
opportunity believe,0,1,-5.879448455747809,-0.344925246135192
opportunities did,0,1,-5.879448455747809,-0.344925246135192
opponents zoning,0,1,-5.879448455747809,-0.344925246135192
opponents presented,0,1,-5.879448455747809,-0.344925246135192
opponents need,0,1,-5.879448455747809,-0.344925246135192
opponents ask,0,1,-5.879448455747809,-0.344925246135192
opinions things,0,1,-5.879448455747809,-0.344925246135192
opinions political,0,1,-5.879448455747809,-0.344925246135192
operational permanent,0,1,-5.879448455747809,-0.344925246135192
opinion supreme,0,1,-5.879448455747809,-0.344925246135192
opinion draft,0,1,-5.879448455747809,-0.344925246135192
opinion design,0,1,-5.879448455747809,-0.344925246135192
opiates america,0,1,-5.879448455747809,-0.344925246135192
opiates,0,1,-5.879448455747809,-0.344925246135192
opiate lawsuit,0,1,-5.879448455747809,-0.344925246135192
opiate,0,1,-5.879448455747809,-0.344925246135192
operator union,0,1,-5.879448455747809,-0.344925246135192
operator signed,0,1,-5.879448455747809,-0.344925246135192
ones temporary,0,1,-5.879448455747809,-0.344925246135192
ones producing,0,1,-5.879448455747809,-0.344925246135192
obviously serve,0,1,-5.879448455747809,-0.344925246135192
ones just,0,1,-5.879448455747809,-0.344925246135192
offshoots,0,1,-5.879448455747809,-0.344925246135192
officials took,0,1,-5.879448455747809,-0.344925246135192
officials knew,0,1,-5.879448455747809,-0.344925246135192
officers rural,0,1,-5.879448455747809,-0.344925246135192
officers,0,1,-5.879448455747809,-0.344925246135192
office state,0,1,-5.879448455747809,-0.344925246135192
office quicksilver,0,1,-5.879448455747809,-0.344925246135192
office motorola,0,1,-5.879448455747809,-0.344925246135192
office juvenile,0,1,-5.879448455747809,-0.344925246135192
office illinois,0,1,-5.879448455747809,-0.344925246135192
office emergency,0,1,-5.879448455747809,-0.344925246135192
office blocks,0,1,-5.879448455747809,-0.344925246135192
office accent,0,1,-5.879448455747809,-0.344925246135192
offering variable,0,1,-5.879448455747809,-0.344925246135192
offering non,0,1,-5.879448455747809,-0.344925246135192
offer equipment,0,1,-5.879448455747809,-0.344925246135192
octopussy start,0,1,-5.879448455747809,-0.344925246135192
octopussy,0,1,-5.879448455747809,-0.344925246135192
october understand,0,1,-5.879448455747809,-0.344925246135192
occur little,0,1,-5.879448455747809,-0.344925246135192
occupied residences,0,1,-5.879448455747809,-0.344925246135192
offshoots asbestos,0,1,-5.879448455747809,-0.344925246135192
oftentimes,0,1,-5.879448455747809,-0.344925246135192
oftentimes transfer,0,1,-5.879448455747809,-0.344925246135192
old outdated,0,1,-5.879448455747809,-0.344925246135192
ones helping,0,1,-5.879448455747809,-0.344925246135192
ones big,0,1,-5.879448455747809,-0.344925246135192
older continuously,0,1,-5.879448455747809,-0.344925246135192
older,0,1,-5.879448455747809,-0.344925246135192
old vote,0,1,-5.879448455747809,-0.344925246135192
old smart,0,1,-5.879448455747809,-0.344925246135192
old saying,0,1,-5.879448455747809,-0.344925246135192
old quite,0,1,-5.879448455747809,-0.344925246135192
old property,0,1,-5.879448455747809,-0.344925246135192
old man,0,1,-5.879448455747809,-0.344925246135192
oh bigger,0,1,-5.879448455747809,-0.344925246135192
old homeowner,0,1,-5.879448455747809,-0.344925246135192
old don,0,1,-5.879448455747809,-0.344925246135192
old didn,0,1,-5.879448455747809,-0.344925246135192
oklahoma number,0,1,-5.879448455747809,-0.344925246135192
oklahoma,0,1,-5.879448455747809,-0.344925246135192
oh speak,0,1,-5.879448455747809,-0.344925246135192
oh ll,0,1,-5.879448455747809,-0.344925246135192
oh close,0,1,-5.879448455747809,-0.344925246135192
oh bring,0,1,-5.879448455747809,-0.344925246135192
opportunity expand,0,1,-5.879448455747809,-0.344925246135192
opportunity family,0,1,-5.879448455747809,-0.344925246135192
opportunity good,0,1,-5.879448455747809,-0.344925246135192
opportunity like,0,1,-5.879448455747809,-0.344925246135192
outlined,0,1,-5.879448455747809,-0.344925246135192
outdated spiking,0,1,-5.879448455747809,-0.344925246135192
outdated,0,1,-5.879448455747809,-0.344925246135192
outcomes coordination,0,1,-5.879448455747809,-0.344925246135192
outcomes,0,1,-5.879448455747809,-0.344925246135192
outages work,0,1,-5.879448455747809,-0.344925246135192
ounce bottle,0,1,-5.879448455747809,-0.344925246135192
ounce,0,1,-5.879448455747809,-0.344925246135192
ought delayed,0,1,-5.879448455747809,-0.344925246135192
ought afraid,0,1,-5.879448455747809,-0.344925246135192
original prepared,0,1,-5.879448455747809,-0.344925246135192
organizer just,0,1,-5.879448455747809,-0.344925246135192
organizer,0,1,-5.879448455747809,-0.344925246135192
organized proponents,0,1,-5.879448455747809,-0.344925246135192
organized presentations,0,1,-5.879448455747809,-0.344925246135192
organizations rely,0,1,-5.879448455747809,-0.344925246135192
organizations like,0,1,-5.879448455747809,-0.344925246135192
organizations know,0,1,-5.879448455747809,-0.344925246135192
organisms knows,0,1,-5.879448455747809,-0.344925246135192
organisms,0,1,-5.879448455747809,-0.344925246135192
ordinances restrictions,0,1,-5.879448455747809,-0.344925246135192
outlined people,0,1,-5.879448455747809,-0.344925246135192
outside cooling,0,1,-5.879448455747809,-0.344925246135192
outside door,0,1,-5.879448455747809,-0.344925246135192
outweighs certainly,0,1,-5.879448455747809,-0.344925246135192
overlordship instead,0,1,-5.879448455747809,-0.344925246135192
overlordship,0,1,-5.879448455747809,-0.344925246135192
overdrawn selling,0,1,-5.879448455747809,-0.344925246135192
overdrawn,0,1,-5.879448455747809,-0.344925246135192
overarching regulatory,0,1,-5.879448455747809,-0.344925246135192
overarching federal,0,1,-5.879448455747809,-0.344925246135192
overall ability,0,1,-5.879448455747809,-0.344925246135192
overage closed,0,1,-5.879448455747809,-0.344925246135192
overage,0,1,-5.879448455747809,-0.344925246135192
outweighs,0,1,-5.879448455747809,-0.344925246135192
outside people,0,1,-5.879448455747809,-0.344925246135192
outvoted agree,0,1,-5.879448455747809,-0.344925246135192
outvoted,0,1,-5.879448455747809,-0.344925246135192
outsourcing countries,0,1,-5.879448455747809,-0.344925246135192
outsourcing,0,1,-5.879448455747809,-0.344925246135192
outsourced vote,0,1,-5.879448455747809,-0.344925246135192
outsourced time,0,1,-5.879448455747809,-0.344925246135192
outsource people,0,1,-5.879448455747809,-0.344925246135192
outsource knows,0,1,-5.879448455747809,-0.344925246135192
outside town,0,1,-5.879448455747809,-0.344925246135192
ordinances met,0,1,-5.879448455747809,-0.344925246135192
ordinance zoning,0,1,-5.879448455747809,-0.344925246135192
ordinance ve,0,1,-5.879448455747809,-0.344925246135192
opposite mental,0,1,-5.879448455747809,-0.344925246135192
oral,0,1,-5.879448455747809,-0.344925246135192
options involve,0,1,-5.879448455747809,-0.344925246135192
options,0,1,-5.879448455747809,-0.344925246135192
option specifically,0,1,-5.879448455747809,-0.344925246135192
opposition seeing,0,1,-5.879448455747809,-0.344925246135192
opposition important,0,1,-5.879448455747809,-0.344925246135192
opposition granting,0,1,-5.879448455747809,-0.344925246135192
opposition good,0,1,-5.879448455747809,-0.344925246135192
opposite need,0,1,-5.879448455747809,-0.344925246135192
opposite let,0,1,-5.879448455747809,-0.344925246135192
order business,0,1,-5.879448455747809,-0.344925246135192
opposed people,0,1,-5.879448455747809,-0.344925246135192
opposed moving,0,1,-5.879448455747809,-0.344925246135192
opposed ayes,0,1,-5.879448455747809,-0.344925246135192
oppose support,0,1,-5.879448455747809,-0.344925246135192
opportunity value,0,1,-5.879448455747809,-0.344925246135192
opportunity proactive,0,1,-5.879448455747809,-0.344925246135192
opportunity presents,0,1,-5.879448455747809,-0.344925246135192
opportunity pass,0,1,-5.879448455747809,-0.344925246135192
opportunity living,0,1,-5.879448455747809,-0.344925246135192
oral testimony,0,1,-5.879448455747809,-0.344925246135192
order convenience,0,1,-5.879448455747809,-0.344925246135192
ordinance states,0,1,-5.879448455747809,-0.344925246135192
ordinance does,0,1,-5.879448455747809,-0.344925246135192
ordinance snuck,0,1,-5.879448455747809,-0.344925246135192
ordinance says,0,1,-5.879448455747809,-0.344925246135192
ordinance revision,0,1,-5.879448455747809,-0.344925246135192
ordinance related,0,1,-5.879448455747809,-0.344925246135192
ordinance regulates,0,1,-5.879448455747809,-0.344925246135192
ordinance provided,0,1,-5.879448455747809,-0.344925246135192
ordinance legally,0,1,-5.879448455747809,-0.344925246135192
ordinance job,0,1,-5.879448455747809,-0.344925246135192
ordinance effect,0,1,-5.879448455747809,-0.344925246135192
ordinance declares,0,1,-5.879448455747809,-0.344925246135192
order folks,0,1,-5.879448455747809,-0.344925246135192
ordinance better,0,1,-5.879448455747809,-0.344925246135192
ordinance approve,0,1,-5.879448455747809,-0.344925246135192
ordering insulation,0,1,-5.879448455747809,-0.344925246135192
ordering chillers,0,1,-5.879448455747809,-0.344925246135192
order want,0,1,-5.879448455747809,-0.344925246135192
order try,0,1,-5.879448455747809,-0.344925246135192
order project,0,1,-5.879448455747809,-0.344925246135192
order live,0,1,-5.879448455747809,-0.344925246135192
order kind,0,1,-5.879448455747809,-0.344925246135192
occupied residence,0,1,-5.879448455747809,-0.344925246135192
obviously know,0,1,-5.879448455747809,-0.344925246135192
needs answer,0,1,-5.879448455747809,-0.344925246135192
new people,0,1,-5.879448455747809,-0.344925246135192
nice think,0,1,-5.879448455747809,-0.344925246135192
nice things,0,1,-5.879448455747809,-0.344925246135192
nice thank,0,1,-5.879448455747809,-0.344925246135192
nice straight,0,1,-5.879448455747809,-0.344925246135192
nice heard,0,1,-5.879448455747809,-0.344925246135192
nice evening,0,1,-5.879448455747809,-0.344925246135192
nice council,0,1,-5.879448455747809,-0.344925246135192
nice building,0,1,-5.879448455747809,-0.344925246135192
newspapers saw,0,1,-5.879448455747809,-0.344925246135192
newspaper information,0,1,-5.879448455747809,-0.344925246135192
newspaper,0,1,-5.879448455747809,-0.344925246135192
news today,0,1,-5.879448455747809,-0.344925246135192
news talking,0,1,-5.879448455747809,-0.344925246135192
news day,0,1,-5.879448455747809,-0.344925246135192
news concerns,0,1,-5.879448455747809,-0.344925246135192
newcomer urge,0,1,-5.879448455747809,-0.344925246135192
newcomer,0,1,-5.879448455747809,-0.344925246135192
new types,0,1,-5.879448455747809,-0.344925246135192
new thing,0,1,-5.879448455747809,-0.344925246135192
new shouldn,0,1,-5.879448455747809,-0.344925246135192
new radios,0,1,-5.879448455747809,-0.344925246135192
niece brother,0,1,-5.879448455747809,-0.344925246135192
niece ways,0,1,-5.879448455747809,-0.344925246135192
nieces,0,1,-5.879448455747809,-0.344925246135192
noise baffled,0,1,-5.879448455747809,-0.344925246135192
noise exposures,0,1,-5.879448455747809,-0.344925246135192
noise equipment,0,1,-5.879448455747809,-0.344925246135192
noise diminish,0,1,-5.879448455747809,-0.344925246135192
noise days,0,1,-5.879448455747809,-0.344925246135192
noise cooling,0,1,-5.879448455747809,-0.344925246135192
noise come,0,1,-5.879448455747809,-0.344925246135192
noise carry,0,1,-5.879448455747809,-0.344925246135192
noise campus,0,1,-5.879448455747809,-0.344925246135192
noise beekeeper,0,1,-5.879448455747809,-0.344925246135192
noah suma,0,1,-5.879448455747809,-0.344925246135192
nieces nephews,0,1,-5.879448455747809,-0.344925246135192
noah,0,1,-5.879448455747809,-0.344925246135192
nitrogen dioxide,0,1,-5.879448455747809,-0.344925246135192
nitrates glycol,0,1,-5.879448455747809,-0.344925246135192
nitrates,0,1,-5.879448455747809,-0.344925246135192
night petitioner,0,1,-5.879448455747809,-0.344925246135192
night lot,0,1,-5.879448455747809,-0.344925246135192
night incessant,0,1,-5.879448455747809,-0.344925246135192
night hear,0,1,-5.879448455747809,-0.344925246135192
night going,0,1,-5.879448455747809,-0.344925246135192
new pre,0,1,-5.879448455747809,-0.344925246135192
new madrid,0,1,-5.879448455747809,-0.344925246135192
obviously guys,0,1,-5.879448455747809,-0.344925246135192
new livestock,0,1,-5.879448455747809,-0.344925246135192
neighbors hope,0,1,-5.879448455747809,-0.344925246135192
neighbors hold,0,1,-5.879448455747809,-0.344925246135192
neighbors fence,0,1,-5.879448455747809,-0.344925246135192
neighbors don,0,1,-5.879448455747809,-0.344925246135192
neighbors comply,0,1,-5.879448455747809,-0.344925246135192
neighbor protecting,0,1,-5.879448455747809,-0.344925246135192
neighbor fact,0,1,-5.879448455747809,-0.344925246135192
neighbor expected,0,1,-5.879448455747809,-0.344925246135192
neighbor earns,0,1,-5.879448455747809,-0.344925246135192
neighbor based,0,1,-5.879448455747809,-0.344925246135192
negotiated thank,0,1,-5.879448455747809,-0.344925246135192
negotiated ll,0,1,-5.879448455747809,-0.344925246135192
negotiated growth,0,1,-5.879448455747809,-0.344925246135192
negatively affects,0,1,-5.879448455747809,-0.344925246135192
negative impact,0,1,-5.879448455747809,-0.344925246135192
needs water,0,1,-5.879448455747809,-0.344925246135192
needs period,0,1,-5.879448455747809,-0.344925246135192
needs nearest,0,1,-5.879448455747809,-0.344925246135192
needs identify,0,1,-5.879448455747809,-0.344925246135192
needs idea,0,1,-5.879448455747809,-0.344925246135192
needs hammered,0,1,-5.879448455747809,-0.344925246135192
neighbors know,0,1,-5.879448455747809,-0.344925246135192
neighbors people,0,1,-5.879448455747809,-0.344925246135192
neighbors positive,0,1,-5.879448455747809,-0.344925246135192
neutralizes,0,1,-5.879448455747809,-0.344925246135192
new legislation,0,1,-5.879448455747809,-0.344925246135192
new ladder,0,1,-5.879448455747809,-0.344925246135192
new jobs,0,1,-5.879448455747809,-0.344925246135192
new information,0,1,-5.879448455747809,-0.344925246135192
new improved,0,1,-5.879448455747809,-0.344925246135192
new era,0,1,-5.879448455747809,-0.344925246135192
new design,0,1,-5.879448455747809,-0.344925246135192
new apprentices,0,1,-5.879448455747809,-0.344925246135192
neutralizes problem,0,1,-5.879448455747809,-0.344925246135192
network organizations,0,1,-5.879448455747809,-0.344925246135192
neighbors soccer,0,1,-5.879448455747809,-0.344925246135192
net coverage,0,1,-5.879448455747809,-0.344925246135192
nestle build,0,1,-5.879448455747809,-0.344925246135192
nestle,0,1,-5.879448455747809,-0.344925246135192
neshap rule,0,1,-5.879448455747809,-0.344925246135192
neshap national,0,1,-5.879448455747809,-0.344925246135192
nervous drinking,0,1,-5.879448455747809,-0.344925246135192
nervous,0,1,-5.879448455747809,-0.344925246135192
nephews sick,0,1,-5.879448455747809,-0.344925246135192
nephews neighbors,0,1,-5.879448455747809,-0.344925246135192
noise focused,0,1,-5.879448455747809,-0.344925246135192
noise generators,0,1,-5.879448455747809,-0.344925246135192
noise issue,0,1,-5.879448455747809,-0.344925246135192
noise known,0,1,-5.879448455747809,-0.344925246135192
number reason,0,1,-5.879448455747809,-0.344925246135192
number priority,0,1,-5.879448455747809,-0.344925246135192
number noise,0,1,-5.879448455747809,-0.344925246135192
number facilities,0,1,-5.879448455747809,-0.344925246135192
number enthusiastic,0,1,-5.879448455747809,-0.344925246135192
number adopted,0,1,-5.879448455747809,-0.344925246135192
number accelerating,0,1,-5.879448455747809,-0.344925246135192
nuclear using,0,1,-5.879448455747809,-0.344925246135192
nuclear reprocessing,0,1,-5.879448455747809,-0.344925246135192
nuclear coal,0,1,-5.879448455747809,-0.344925246135192
nox voc,0,1,-5.879448455747809,-0.344925246135192
nox ozone,0,1,-5.879448455747809,-0.344925246135192
november think,0,1,-5.879448455747809,-0.344925246135192
november children,0,1,-5.879448455747809,-0.344925246135192
noting existing,0,1,-5.879448455747809,-0.344925246135192
noting,0,1,-5.879448455747809,-0.344925246135192
notified chair,0,1,-5.879448455747809,-0.344925246135192
notices saying,0,1,-5.879448455747809,-0.344925246135192
notices,0,1,-5.879448455747809,-0.344925246135192
noticed illinois,0,1,-5.879448455747809,-0.344925246135192
note thank,0,1,-5.879448455747809,-0.344925246135192
number seven,0,1,-5.879448455747809,-0.344925246135192
number state,0,1,-5.879448455747809,-0.344925246135192
number text,0,1,-5.879448455747809,-0.344925246135192
objections,0,1,-5.879448455747809,-0.344925246135192
obviously don,0,1,-5.879448455747809,-0.344925246135192
obliterating acres,0,1,-5.879448455747809,-0.344925246135192
obliterating,0,1,-5.879448455747809,-0.344925246135192
obligation saying,0,1,-5.879448455747809,-0.344925246135192
obligation evaluate,0,1,-5.879448455747809,-0.344925246135192
obligation ask,0,1,-5.879448455747809,-0.344925246135192
obligated view,0,1,-5.879448455747809,-0.344925246135192
obligated consideration,0,1,-5.879448455747809,-0.344925246135192
objections proposed,0,1,-5.879448455747809,-0.344925246135192
objection ll,0,1,-5.879448455747809,-0.344925246135192
number thing,0,1,-5.879448455747809,-0.344925246135192
objection,0,1,-5.879448455747809,-0.344925246135192
oath new,0,1,-5.879448455747809,-0.344925246135192
oath make,0,1,-5.879448455747809,-0.344925246135192
nurse husband,0,1,-5.879448455747809,-0.344925246135192
numerous sources,0,1,-5.879448455747809,-0.344925246135192
numerous articles,0,1,-5.879448455747809,-0.344925246135192
numbers estimates,0,1,-5.879448455747809,-0.344925246135192
numbers emergency,0,1,-5.879448455747809,-0.344925246135192
number voted,0,1,-5.879448455747809,-0.344925246135192
note ongoing,0,1,-5.879448455747809,-0.344925246135192
note items,0,1,-5.879448455747809,-0.344925246135192
note guys,0,1,-5.879448455747809,-0.344925246135192
noise second,0,1,-5.879448455747809,-0.344925246135192
noises,0,1,-5.879448455747809,-0.344925246135192
noise typically,0,1,-5.879448455747809,-0.344925246135192
noise think,0,1,-5.879448455747809,-0.344925246135192
noise terrible,0,1,-5.879448455747809,-0.344925246135192
noise talked,0,1,-5.879448455747809,-0.344925246135192
noise sure,0,1,-5.879448455747809,-0.344925246135192
noise study,0,1,-5.879448455747809,-0.344925246135192
noise standards,0,1,-5.879448455747809,-0.344925246135192
noise seen,0,1,-5.879448455747809,-0.344925246135192
noise samples,0,1,-5.879448455747809,-0.344925246135192
non regulatory,0,1,-5.879448455747809,-0.344925246135192
noise requirements,0,1,-5.879448455747809,-0.344925246135192
noise recordings,0,1,-5.879448455747809,-0.344925246135192
noise project,0,1,-5.879448455747809,-0.344925246135192
noise problems,0,1,-5.879448455747809,-0.344925246135192
noise polluted,0,1,-5.879448455747809,-0.344925246135192
noise modeling,0,1,-5.879448455747809,-0.344925246135192
noise mechanic,0,1,-5.879448455747809,-0.344925246135192
noise mean,0,1,-5.879448455747809,-0.344925246135192
noise limits,0,1,-5.879448455747809,-0.344925246135192
noises increase,0,1,-5.879448455747809,-0.344925246135192
non repetitive,0,1,-5.879448455747809,-0.344925246135192
note correspondence,0,1,-5.879448455747809,-0.344925246135192
north big,0,1,-5.879448455747809,-0.344925246135192
northern setbacks,0,1,-5.879448455747809,-0.344925246135192
northern macoupin,0,1,-5.879448455747809,-0.344925246135192
northern lights,0,1,-5.879448455747809,-0.344925246135192
north springfield,0,1,-5.879448455747809,-0.344925246135192
north nearest,0,1,-5.879448455747809,-0.344925246135192
north middle,0,1,-5.879448455747809,-0.344925246135192
north mccoupin,0,1,-5.879448455747809,-0.344925246135192
north jamesville,0,1,-5.879448455747809,-0.344925246135192
north dakota,0,1,-5.879448455747809,-0.344925246135192
north beloit,0,1,-5.879448455747809,-0.344925246135192
nonexistent,0,1,-5.879448455747809,-0.344925246135192
norman county,0,1,-5.879448455747809,-0.344925246135192
norman,0,1,-5.879448455747809,-0.344925246135192
normal maintenance,0,1,-5.879448455747809,-0.344925246135192
normal conditions,0,1,-5.879448455747809,-0.344925246135192
nonprofits feed,0,1,-5.879448455747809,-0.344925246135192
nonprofits,0,1,-5.879448455747809,-0.344925246135192
nonprofit years,0,1,-5.879448455747809,-0.344925246135192
nonprofit educational,0,1,-5.879448455747809,-0.344925246135192
nonexistent don,0,1,-5.879448455747809,-0.344925246135192
public project,0,1,-5.879448455747809,-0.344925246135192
perfect site,0,1,-5.879448455747809,-0.344925246135192
zoning threat,0,1,-5.879448455747809,-0.344925246135192
safe families,0,1,-5.879448455747809,-0.344925246135192
safety support,0,1,-5.879448455747809,-0.344925246135192
safety reward,0,1,-5.879448455747809,-0.344925246135192
safety public,0,1,-5.879448455747809,-0.344925246135192
safety morals,0,1,-5.879448455747809,-0.344925246135192
safety health,0,1,-5.879448455747809,-0.344925246135192
safety deserve,0,1,-5.879448455747809,-0.344925246135192
safety comes,0,1,-5.879448455747809,-0.344925246135192
safeguards place,0,1,-5.879448455747809,-0.344925246135192
safeguards,0,1,-5.879448455747809,-0.344925246135192
safe energy,0,1,-5.879448455747809,-0.344925246135192
rubber stamp,0,1,-5.879448455747809,-0.344925246135192
safe economically,0,1,-5.879448455747809,-0.344925246135192
sadly promises,0,1,-5.879448455747809,-0.344925246135192
sadly,0,1,-5.879448455747809,-0.344925246135192
sad lonely,0,1,-5.879448455747809,-0.344925246135192
sad going,0,1,-5.879448455747809,-0.344925246135192
sacrifice privacy,0,1,-5.879448455747809,-0.344925246135192
sacrifice lot,0,1,-5.879448455747809,-0.344925246135192
sacrifice health,0,1,-5.879448455747809,-0.344925246135192
ruth taylor,0,1,-5.879448455747809,-0.344925246135192
safety sure,0,1,-5.879448455747809,-0.344925246135192
sagamon,0,1,-5.879448455747809,-0.344925246135192
sagamon county,0,1,-5.879448455747809,-0.344925246135192
said ahead,0,1,-5.879448455747809,-0.344925246135192
said really,0,1,-5.879448455747809,-0.344925246135192
said probably,0,1,-5.879448455747809,-0.344925246135192
said permitting,0,1,-5.879448455747809,-0.344925246135192
said ordering,0,1,-5.879448455747809,-0.344925246135192
said meetings,0,1,-5.879448455747809,-0.344925246135192
said looking,0,1,-5.879448455747809,-0.344925246135192
said live,0,1,-5.879448455747809,-0.344925246135192
said legal,0,1,-5.879448455747809,-0.344925246135192
said land,0,1,-5.879448455747809,-0.344925246135192
said industry,0,1,-5.879448455747809,-0.344925246135192
said ifs,0,1,-5.879448455747809,-0.344925246135192
said happens,0,1,-5.879448455747809,-0.344925246135192
said happening,0,1,-5.879448455747809,-0.344925246135192
said great,0,1,-5.879448455747809,-0.344925246135192
said commitments,0,1,-5.879448455747809,-0.344925246135192
said commitment,0,1,-5.879448455747809,-0.344925246135192
said chances,0,1,-5.879448455747809,-0.344925246135192
said build,0,1,-5.879448455747809,-0.344925246135192
said bring,0,1,-5.879448455747809,-0.344925246135192
ruth,0,1,-5.879448455747809,-0.344925246135192
rush huge,0,1,-5.879448455747809,-0.344925246135192
rural water,0,1,-5.879448455747809,-0.344925246135192
run away,0,1,-5.879448455747809,-0.344925246135192
ruling,0,1,-5.879448455747809,-0.344925246135192
rules ve,0,1,-5.879448455747809,-0.344925246135192
rules regulations,0,1,-5.879448455747809,-0.344925246135192
rules project,0,1,-5.879448455747809,-0.344925246135192
rules operate,0,1,-5.879448455747809,-0.344925246135192
rules minute,0,1,-5.879448455747809,-0.344925246135192
rules know,0,1,-5.879448455747809,-0.344925246135192
rules ensure,0,1,-5.879448455747809,-0.344925246135192
rules allow,0,1,-5.879448455747809,-0.344925246135192
rules adopted,0,1,-5.879448455747809,-0.344925246135192
rule reworded,0,1,-5.879448455747809,-0.344925246135192
rule don,0,1,-5.879448455747809,-0.344925246135192
rule basically,0,1,-5.879448455747809,-0.344925246135192
rule adopted,0,1,-5.879448455747809,-0.344925246135192
rule addition,0,1,-5.879448455747809,-0.344925246135192
ruin like,0,1,-5.879448455747809,-0.344925246135192
rubric specifically,0,1,-5.879448455747809,-0.344925246135192
rubric,0,1,-5.879448455747809,-0.344925246135192
ruben springfield,0,1,-5.879448455747809,-0.344925246135192
ruling opinion,0,1,-5.879448455747809,-0.344925246135192
run diesel,0,1,-5.879448455747809,-0.344925246135192
rural towns,0,1,-5.879448455747809,-0.344925246135192
run month,0,1,-5.879448455747809,-0.344925246135192
rural roads,0,1,-5.879448455747809,-0.344925246135192
rural op,0,1,-5.879448455747809,-0.344925246135192
rural noise,0,1,-5.879448455747809,-0.344925246135192
rural buildings,0,1,-5.879448455747809,-0.344925246135192
rural banks,0,1,-5.879448455747809,-0.344925246135192
rural auburn,0,1,-5.879448455747809,-0.344925246135192
rural america,0,1,-5.879448455747809,-0.344925246135192
runs water,0,1,-5.879448455747809,-0.344925246135192
running wouldn,0,1,-5.879448455747809,-0.344925246135192
running single,0,1,-5.879448455747809,-0.344925246135192
running megawatts,0,1,-5.879448455747809,-0.344925246135192
running going,0,1,-5.879448455747809,-0.344925246135192
running clock,0,1,-5.879448455747809,-0.344925246135192
runner yes,0,1,-5.879448455747809,-0.344925246135192
runner,0,1,-5.879448455747809,-0.344925246135192
run wild,0,1,-5.879448455747809,-0.344925246135192
run track,0,1,-5.879448455747809,-0.344925246135192
run stuff,0,1,-5.879448455747809,-0.344925246135192
run sell,0,1,-5.879448455747809,-0.344925246135192
said reason,0,1,-5.879448455747809,-0.344925246135192
said sale,0,1,-5.879448455747809,-0.344925246135192
said section,0,1,-5.879448455747809,-0.344925246135192
say permit,0,1,-5.879448455747809,-0.344925246135192
say make,0,1,-5.879448455747809,-0.344925246135192
say health,0,1,-5.879448455747809,-0.344925246135192
say happened,0,1,-5.879448455747809,-0.344925246135192
say guys,0,1,-5.879448455747809,-0.344925246135192
say gee,0,1,-5.879448455747809,-0.344925246135192
say feelings,0,1,-5.879448455747809,-0.344925246135192
say evidence,0,1,-5.879448455747809,-0.344925246135192
say epa,0,1,-5.879448455747809,-0.344925246135192
say did,0,1,-5.879448455747809,-0.344925246135192
say delay,0,1,-5.879448455747809,-0.344925246135192
say community,0,1,-5.879448455747809,-0.344925246135192
say coming,0,1,-5.879448455747809,-0.344925246135192
say child,0,1,-5.879448455747809,-0.344925246135192
say buying,0,1,-5.879448455747809,-0.344925246135192
say bad,0,1,-5.879448455747809,-0.344925246135192
say average,0,1,-5.879448455747809,-0.344925246135192
say aurora,0,1,-5.879448455747809,-0.344925246135192
saw voters,0,1,-5.879448455747809,-0.344925246135192
saw today,0,1,-5.879448455747809,-0.344925246135192
say people,0,1,-5.879448455747809,-0.344925246135192
say playing,0,1,-5.879448455747809,-0.344925246135192
saw letter,0,1,-5.879448455747809,-0.344925246135192
say proud,0,1,-5.879448455747809,-0.344925246135192
saying nice,0,1,-5.879448455747809,-0.344925246135192
saying need,0,1,-5.879448455747809,-0.344925246135192
saying meet,0,1,-5.879448455747809,-0.344925246135192
saying long,0,1,-5.879448455747809,-0.344925246135192
saying ll,0,1,-5.879448455747809,-0.344925246135192
saying heard,0,1,-5.879448455747809,-0.344925246135192
saying good,0,1,-5.879448455747809,-0.344925246135192
saying electricity,0,1,-5.879448455747809,-0.344925246135192
say years,0,1,-5.879448455747809,-0.344925246135192
say year,0,1,-5.879448455747809,-0.344925246135192
say words,0,1,-5.879448455747809,-0.344925246135192
say vote,0,1,-5.879448455747809,-0.344925246135192
say using,0,1,-5.879448455747809,-0.344925246135192
say use,0,1,-5.879448455747809,-0.344925246135192
say tried,0,1,-5.879448455747809,-0.344925246135192
say tonight,0,1,-5.879448455747809,-0.344925246135192
say support,0,1,-5.879448455747809,-0.344925246135192
say short,0,1,-5.879448455747809,-0.344925246135192
say rebuttal,0,1,-5.879448455747809,-0.344925246135192
saw recent,0,1,-5.879448455747809,-0.344925246135192
saw drone,0,1,-5.879448455747809,-0.344925246135192
said sonia,0,1,-5.879448455747809,-0.344925246135192
sam sinclair,0,1,-5.879448455747809,-0.344925246135192
salespeople,0,1,-5.879448455747809,-0.344925246135192
salesmen work,0,1,-5.879448455747809,-0.344925246135192
salesmen,0,1,-5.879448455747809,-0.344925246135192
sales pitch,0,1,-5.879448455747809,-0.344925246135192
salem county,0,1,-5.879448455747809,-0.344925246135192
salem addison,0,1,-5.879448455747809,-0.344925246135192
sale product,0,1,-5.879448455747809,-0.344925246135192
salary positions,0,1,-5.879448455747809,-0.344925246135192
salary let,0,1,-5.879448455747809,-0.344925246135192
salary expectations,0,1,-5.879448455747809,-0.344925246135192
salaries comparable,0,1,-5.879448455747809,-0.344925246135192
salaries,0,1,-5.879448455747809,-0.344925246135192
sake time,0,1,-5.879448455747809,-0.344925246135192
sainz board,0,1,-5.879448455747809,-0.344925246135192
sainz,0,1,-5.879448455747809,-0.344925246135192
said tonight,0,1,-5.879448455747809,-0.344925246135192
said things,0,1,-5.879448455747809,-0.344925246135192
said support,0,1,-5.879448455747809,-0.344925246135192
said start,0,1,-5.879448455747809,-0.344925246135192
salespeople health,0,1,-5.879448455747809,-0.344925246135192
samen,0,1,-5.879448455747809,-0.344925246135192
saw aurora,0,1,-5.879448455747809,-0.344925246135192
samen county,0,1,-5.879448455747809,-0.344925246135192
saturated called,0,1,-5.879448455747809,-0.344925246135192
saturated,0,1,-5.879448455747809,-0.344925246135192
sat minutes,0,1,-5.879448455747809,-0.344925246135192
sars ve,0,1,-5.879448455747809,-0.344925246135192
sars spent,0,1,-5.879448455747809,-0.344925246135192
sars just,0,1,-5.879448455747809,-0.344925246135192
sarah blanco,0,1,-5.879448455747809,-0.344925246135192
sangamon tax,0,1,-5.879448455747809,-0.344925246135192
sangamon llc,0,1,-5.879448455747809,-0.344925246135192
sangamon deserves,0,1,-5.879448455747809,-0.344925246135192
sangamon concerned,0,1,-5.879448455747809,-0.344925246135192
sangamon circle,0,1,-5.879448455747809,-0.344925246135192
sangamon actually,0,1,-5.879448455747809,-0.344925246135192
sanctuary worried,0,1,-5.879448455747809,-0.344925246135192
sanctuary,0,1,-5.879448455747809,-0.344925246135192
samples play,0,1,-5.879448455747809,-0.344925246135192
samples,0,1,-5.879448455747809,-0.344925246135192
samick county,0,1,-5.879448455747809,-0.344925246135192
samick,0,1,-5.879448455747809,-0.344925246135192
ruben,0,1,-5.879448455747809,-0.344925246135192
rubber,0,1,-5.879448455747809,-0.344925246135192
saying sworn,0,1,-5.879448455747809,-0.344925246135192
revise ordinance,0,1,-5.879448455747809,-0.344925246135192
reward,0,1,-5.879448455747809,-0.344925246135192
revolution resembles,0,1,-5.879448455747809,-0.344925246135192
revolution,0,1,-5.879448455747809,-0.344925246135192
revokes rights,0,1,-5.879448455747809,-0.344925246135192
revokes,0,1,-5.879448455747809,-0.344925246135192
revision apparently,0,1,-5.879448455747809,-0.344925246135192
revision,0,1,-5.879448455747809,-0.344925246135192
revised agreement,0,1,-5.879448455747809,-0.344925246135192
revised address,0,1,-5.879448455747809,-0.344925246135192
revise,0,1,-5.879448455747809,-0.344925246135192
rozier think,0,1,-5.879448455747809,-0.344925246135192
reviewed committee,0,1,-5.879448455747809,-0.344925246135192
reviewed,0,1,-5.879448455747809,-0.344925246135192
review sent,0,1,-5.879448455747809,-0.344925246135192
review proposal,0,1,-5.879448455747809,-0.344925246135192
reverse recent,0,1,-5.879448455747809,-0.344925246135192
reverse,0,1,-5.879448455747809,-0.344925246135192
revenues north,0,1,-5.879448455747809,-0.344925246135192
revenue works,0,1,-5.879448455747809,-0.344925246135192
revenue stream,0,1,-5.879448455747809,-0.344925246135192
reward urge,0,1,-5.879448455747809,-0.344925246135192
reworded,0,1,-5.879448455747809,-0.344925246135192
reworded scumbags,0,1,-5.879448455747809,-0.344925246135192
rewriting,0,1,-5.879448455747809,-0.344925246135192
right floor,0,1,-5.879448455747809,-0.344925246135192
right family,0,1,-5.879448455747809,-0.344925246135192
right effects,0,1,-5.879448455747809,-0.344925246135192
right doesn,0,1,-5.879448455747809,-0.344925246135192
right disallow,0,1,-5.879448455747809,-0.344925246135192
right constant,0,1,-5.879448455747809,-0.344925246135192
right comes,0,1,-5.879448455747809,-0.344925246135192
right chance,0,1,-5.879448455747809,-0.344925246135192
right caveats,0,1,-5.879448455747809,-0.344925246135192
right campus,0,1,-5.879448455747809,-0.344925246135192
right bring,0,1,-5.879448455747809,-0.344925246135192
right barren,0,1,-5.879448455747809,-0.344925246135192
right ai,0,1,-5.879448455747809,-0.344925246135192
ridiculous,0,1,-5.879448455747809,-0.344925246135192
rid just,0,1,-5.879448455747809,-0.344925246135192
rid don,0,1,-5.879448455747809,-0.344925246135192
rhythms year,0,1,-5.879448455747809,-0.344925246135192
rhythms,0,1,-5.879448455747809,-0.344925246135192
rewriting regulations,0,1,-5.879448455747809,-0.344925246135192
revenue stable,0,1,-5.879448455747809,-0.344925246135192
revenue sideman,0,1,-5.879448455747809,-0.344925246135192
revenue money,0,1,-5.879448455747809,-0.344925246135192
response going,0,1,-5.879448455747809,-0.344925246135192
responders volunteers,0,1,-5.879448455747809,-0.344925246135192
responders pieces,0,1,-5.879448455747809,-0.344925246135192
responders coming,0,1,-5.879448455747809,-0.344925246135192
respond specific,0,1,-5.879448455747809,-0.344925246135192
respond iphone,0,1,-5.879448455747809,-0.344925246135192
respiratory illnesses,0,1,-5.879448455747809,-0.344925246135192
respectfully asking,0,1,-5.879448455747809,-0.344925246135192
respectful tonight,0,1,-5.879448455747809,-0.344925246135192
respectful opposed,0,1,-5.879448455747809,-0.344925246135192
respect ve,0,1,-5.879448455747809,-0.344925246135192
respect unions,0,1,-5.879448455747809,-0.344925246135192
respect protection,0,1,-5.879448455747809,-0.344925246135192
respect jobs,0,1,-5.879448455747809,-0.344925246135192
respect economic,0,1,-5.879448455747809,-0.344925246135192
respect backup,0,1,-5.879448455747809,-0.344925246135192
respect appreciate,0,1,-5.879448455747809,-0.344925246135192
resources training,0,1,-5.879448455747809,-0.344925246135192
resources green,0,1,-5.879448455747809,-0.344925246135192
resources funded,0,1,-5.879448455747809,-0.344925246135192
response expect,0,1,-5.879448455747809,-0.344925246135192
response public,0,1,-5.879448455747809,-0.344925246135192
revenue evident,0,1,-5.879448455747809,-0.344925246135192
response response,0,1,-5.879448455747809,-0.344925246135192
reveal priority,0,1,-5.879448455747809,-0.344925246135192
reveal,0,1,-5.879448455747809,-0.344925246135192
retired professor,0,1,-5.879448455747809,-0.344925246135192
retired lawyer,0,1,-5.879448455747809,-0.344925246135192
retired attorney,0,1,-5.879448455747809,-0.344925246135192
result increased,0,1,-5.879448455747809,-0.344925246135192
restrictions setbacks,0,1,-5.879448455747809,-0.344925246135192
restrictions people,0,1,-5.879448455747809,-0.344925246135192
restrict location,0,1,-5.879448455747809,-0.344925246135192
restrict intensity,0,1,-5.879448455747809,-0.344925246135192
restore capacity,0,1,-5.879448455747809,-0.344925246135192
restaurants means,0,1,-5.879448455747809,-0.344925246135192
rest thank,0,1,-5.879448455747809,-0.344925246135192
rest meeting,0,1,-5.879448455747809,-0.344925246135192
rest doing,0,1,-5.879448455747809,-0.344925246135192
rest clean,0,1,-5.879448455747809,-0.344925246135192
responsible transparent,0,1,-5.879448455747809,-0.344925246135192
responsibility project,0,1,-5.879448455747809,-0.344925246135192
response sealed,0,1,-5.879448455747809,-0.344925246135192
right great,0,1,-5.879448455747809,-0.344925246135192
right guess,0,1,-5.879448455747809,-0.344925246135192
right haven,0,1,-5.879448455747809,-0.344925246135192
ron fisher,0,1,-5.879448455747809,-0.344925246135192
rolling response,0,1,-5.879448455747809,-0.344925246135192
rolled expected,0,1,-5.879448455747809,-0.344925246135192
rolled,0,1,-5.879448455747809,-0.344925246135192
roll soon,0,1,-5.879448455747809,-0.344925246135192
roles salary,0,1,-5.879448455747809,-0.344925246135192
roles decline,0,1,-5.879448455747809,-0.344925246135192
role essentially,0,1,-5.879448455747809,-0.344925246135192
rockford weekend,0,1,-5.879448455747809,-0.344925246135192
rochester ve,0,1,-5.879448455747809,-0.344925246135192
rochester protection,0,1,-5.879448455747809,-0.344925246135192
rochester couple,0,1,-5.879448455747809,-0.344925246135192
robinson student,0,1,-5.879448455747809,-0.344925246135192
robinson,0,1,-5.879448455747809,-0.344925246135192
roaring away,0,1,-5.879448455747809,-0.344925246135192
roaring,0,1,-5.879448455747809,-0.344925246135192
roads drive,0,1,-5.879448455747809,-0.344925246135192
road people,0,1,-5.879448455747809,-0.344925246135192
road knows,0,1,-5.879448455747809,-0.344925246135192
road assume,0,1,-5.879448455747809,-0.344925246135192
ron,0,1,-5.879448455747809,-0.344925246135192
roof allows,0,1,-5.879448455747809,-0.344925246135192
ritter mr,0,1,-5.879448455747809,-0.344925246135192
room doesn,0,1,-5.879448455747809,-0.344925246135192
rozier person,0,1,-5.879448455747809,-0.344925246135192
rows minimal,0,1,-5.879448455747809,-0.344925246135192
rows,0,1,-5.879448455747809,-0.344925246135192
routes places,0,1,-5.879448455747809,-0.344925246135192
route just,0,1,-5.879448455747809,-0.344925246135192
route home,0,1,-5.879448455747809,-0.344925246135192
round spoke,0,1,-5.879448455747809,-0.344925246135192
round noise,0,1,-5.879448455747809,-0.344925246135192
roughly percent,0,1,-5.879448455747809,-0.344925246135192
roughly homes,0,1,-5.879448455747809,-0.344925246135192
rot contaminate,0,1,-5.879448455747809,-0.344925246135192
rot,0,1,-5.879448455747809,-0.344925246135192
room want,0,1,-5.879448455747809,-0.344925246135192
room visits,0,1,-5.879448455747809,-0.344925246135192
room sitting,0,1,-5.879448455747809,-0.344925246135192
room room,0,1,-5.879448455747809,-0.344925246135192
room outside,0,1,-5.879448455747809,-0.344925246135192
room left,0,1,-5.879448455747809,-0.344925246135192
room just,0,1,-5.879448455747809,-0.344925246135192
road approximately,0,1,-5.879448455747809,-0.344925246135192
ritter,0,1,-5.879448455747809,-0.344925246135192
right having,0,1,-5.879448455747809,-0.344925246135192
right talking,0,1,-5.879448455747809,-0.344925246135192
right springfield,0,1,-5.879448455747809,-0.344925246135192
right south,0,1,-5.879448455747809,-0.344925246135192
right section,0,1,-5.879448455747809,-0.344925246135192
right rules,0,1,-5.879448455747809,-0.344925246135192
right referendum,0,1,-5.879448455747809,-0.344925246135192
right read,0,1,-5.879448455747809,-0.344925246135192
right public,0,1,-5.879448455747809,-0.344925246135192
right property,0,1,-5.879448455747809,-0.344925246135192
right project,0,1,-5.879448455747809,-0.344925246135192
right programs,0,1,-5.879448455747809,-0.344925246135192
right outside,0,1,-5.879448455747809,-0.344925246135192
right need,0,1,-5.879448455747809,-0.344925246135192
right minutes,0,1,-5.879448455747809,-0.344925246135192
right minute,0,1,-5.879448455747809,-0.344925246135192
right middle,0,1,-5.879448455747809,-0.344925246135192
right keeping,0,1,-5.879448455747809,-0.344925246135192
right incentive,0,1,-5.879448455747809,-0.344925246135192
right illinois,0,1,-5.879448455747809,-0.344925246135192
right history,0,1,-5.879448455747809,-0.344925246135192
right started,0,1,-5.879448455747809,-0.344925246135192
right tax,0,1,-5.879448455747809,-0.344925246135192
risks real,0,1,-5.879448455747809,-0.344925246135192
right try,0,1,-5.879448455747809,-0.344925246135192
risks come,0,1,-5.879448455747809,-0.344925246135192
risks associated,0,1,-5.879448455747809,-0.344925246135192
risk table,0,1,-5.879448455747809,-0.344925246135192
risk strain,0,1,-5.879448455747809,-0.344925246135192
risk risk,0,1,-5.879448455747809,-0.344925246135192
risk lot,0,1,-5.879448455747809,-0.344925246135192
risk investment,0,1,-5.879448455747809,-0.344925246135192
risk health,0,1,-5.879448455747809,-0.344925246135192
risk coming,0,1,-5.879448455747809,-0.344925246135192
rise fall,0,1,-5.879448455747809,-0.344925246135192
rise electric,0,1,-5.879448455747809,-0.344925246135192
rinse ve,0,1,-5.879448455747809,-0.344925246135192
rinse,0,1,-5.879448455747809,-0.344925246135192
rights vast,0,1,-5.879448455747809,-0.344925246135192
rights right,0,1,-5.879448455747809,-0.344925246135192
rightfully explicit,0,1,-5.879448455747809,-0.344925246135192
rightfully,0,1,-5.879448455747809,-0.344925246135192
right yard,0,1,-5.879448455747809,-0.344925246135192
right work,0,1,-5.879448455747809,-0.344925246135192
saying right,0,1,-5.879448455747809,-0.344925246135192
says acres,0,1,-5.879448455747809,-0.344925246135192
resolutions board,0,1,-5.879448455747809,-0.344925246135192
shown far,0,1,-5.879448455747809,-0.344925246135192
shut water,0,1,-5.879448455747809,-0.344925246135192
shut people,0,1,-5.879448455747809,-0.344925246135192
shut guarantees,0,1,-5.879448455747809,-0.344925246135192
shut care,0,1,-5.879448455747809,-0.344925246135192
shred megawatt,0,1,-5.879448455747809,-0.344925246135192
shred evidence,0,1,-5.879448455747809,-0.344925246135192
shred blades,0,1,-5.879448455747809,-0.344925246135192
shown right,0,1,-5.879448455747809,-0.344925246135192
shown revised,0,1,-5.879448455747809,-0.344925246135192
showing passion,0,1,-5.879448455747809,-0.344925246135192
shake piggy,0,1,-5.879448455747809,-0.344925246135192
showing listening,0,1,-5.879448455747809,-0.344925246135192
showing chiller,0,1,-5.879448455747809,-0.344925246135192
showing care,0,1,-5.879448455747809,-0.344925246135192
shower turn,0,1,-5.879448455747809,-0.344925246135192
shower,0,1,-5.879448455747809,-0.344925246135192
showed hundreds,0,1,-5.879448455747809,-0.344925246135192
showcases samick,0,1,-5.879448455747809,-0.344925246135192
showcases,0,1,-5.879448455747809,-0.344925246135192
shoved throats,0,1,-5.879448455747809,-0.344925246135192
shutdown,0,1,-5.879448455747809,-0.344925246135192
shutdown cleanup,0,1,-5.879448455747809,-0.344925246135192
sick air,0,1,-5.879448455747809,-0.344925246135192
sick asbestos,0,1,-5.879448455747809,-0.344925246135192
sightedness issues,0,1,-5.879448455747809,-0.344925246135192
sightedness family,0,1,-5.879448455747809,-0.344925246135192
sighted visions,0,1,-5.879448455747809,-0.344925246135192
sighted,0,1,-5.879448455747809,-0.344925246135192
sight turn,0,1,-5.879448455747809,-0.344925246135192
sight,0,1,-5.879448455747809,-0.344925246135192
sierra club,0,1,-5.879448455747809,-0.344925246135192
sierra,0,1,-5.879448455747809,-0.344925246135192
sides tonight,0,1,-5.879448455747809,-0.344925246135192
sides really,0,1,-5.879448455747809,-0.344925246135192
sides let,0,1,-5.879448455747809,-0.344925246135192
sideman county,0,1,-5.879448455747809,-0.344925246135192
sideman,0,1,-5.879448455747809,-0.344925246135192
sick young,0,1,-5.879448455747809,-0.344925246135192
sick tired,0,1,-5.879448455747809,-0.344925246135192
sick seeing,0,1,-5.879448455747809,-0.344925246135192
sick proposed,0,1,-5.879448455747809,-0.344925246135192
sick pollutions,0,1,-5.879448455747809,-0.344925246135192
sick community,0,1,-5.879448455747809,-0.344925246135192
shoved,0,1,-5.879448455747809,-0.344925246135192
shouldn year,0,1,-5.879448455747809,-0.344925246135192
shouldn delayed,0,1,-5.879448455747809,-0.344925246135192
shareholders urge,0,1,-5.879448455747809,-0.344925246135192
shareholders clients,0,1,-5.879448455747809,-0.344925246135192
shareholder value,0,1,-5.879448455747809,-0.344925246135192
shareholder don,0,1,-5.879448455747809,-0.344925246135192
shared zoning,0,1,-5.879448455747809,-0.344925246135192
shared tonight,0,1,-5.879448455747809,-0.344925246135192
shared thoughts,0,1,-5.879448455747809,-0.344925246135192
shared green,0,1,-5.879448455747809,-0.344925246135192
shared county,0,1,-5.879448455747809,-0.344925246135192
share really,0,1,-5.879448455747809,-0.344925246135192
share couple,0,1,-5.879448455747809,-0.344925246135192
share calculations,0,1,-5.879448455747809,-0.344925246135192
shapes evaluate,0,1,-5.879448455747809,-0.344925246135192
shapes,0,1,-5.879448455747809,-0.344925246135192
shalt win,0,1,-5.879448455747809,-0.344925246135192
shalt,0,1,-5.879448455747809,-0.344925246135192
shall existing,0,1,-5.879448455747809,-0.344925246135192
shall comply,0,1,-5.879448455747809,-0.344925246135192
shall completed,0,1,-5.879448455747809,-0.344925246135192
shakes loose,0,1,-5.879448455747809,-0.344925246135192
shareholders cyrus,0,1,-5.879448455747809,-0.344925246135192
sharp,0,1,-5.879448455747809,-0.344925246135192
shouldn considered,0,1,-5.879448455747809,-0.344925246135192
sharp critical,0,1,-5.879448455747809,-0.344925246135192
shouldn asking,0,1,-5.879448455747809,-0.344925246135192
shot hell,0,1,-5.879448455747809,-0.344925246135192
shot,0,1,-5.879448455747809,-0.344925246135192
short sweet,0,1,-5.879448455747809,-0.344925246135192
short sighted,0,1,-5.879448455747809,-0.344925246135192
short bedside,0,1,-5.879448455747809,-0.344925246135192
shocked like,0,1,-5.879448455747809,-0.344925246135192
shit fucking,0,1,-5.879448455747809,-0.344925246135192
shit eat,0,1,-5.879448455747809,-0.344925246135192
shifting downward,0,1,-5.879448455747809,-0.344925246135192
shifting,0,1,-5.879448455747809,-0.344925246135192
shift benefits,0,1,-5.879448455747809,-0.344925246135192
shift,0,1,-5.879448455747809,-0.344925246135192
shelter night,0,1,-5.879448455747809,-0.344925246135192
shelter,0,1,-5.879448455747809,-0.344925246135192
shelf easily,0,1,-5.879448455747809,-0.344925246135192
shelf,0,1,-5.879448455747809,-0.344925246135192
shaw honest,0,1,-5.879448455747809,-0.344925246135192
shaw,0,1,-5.879448455747809,-0.344925246135192
sigmund,0,1,-5.879448455747809,-0.344925246135192
sigmund county,0,1,-5.879448455747809,-0.344925246135192
sign contract,0,1,-5.879448455747809,-0.344925246135192
states uncertain,0,1,-5.879448455747809,-0.344925246135192
states say,0,1,-5.879448455747809,-0.344925246135192
states reads,0,1,-5.879448455747809,-0.344925246135192
states impact,0,1,-5.879448455747809,-0.344925246135192
statements wish,0,1,-5.879448455747809,-0.344925246135192
statements tonight,0,1,-5.879448455747809,-0.344925246135192
statements people,0,1,-5.879448455747809,-0.344925246135192
statements minutes,0,1,-5.879448455747809,-0.344925246135192
statement deference,0,1,-5.879448455747809,-0.344925246135192
statement chief,0,1,-5.879448455747809,-0.344925246135192
stated going,0,1,-5.879448455747809,-0.344925246135192
stated business,0,1,-5.879448455747809,-0.344925246135192
state zoning,0,1,-5.879448455747809,-0.344925246135192
state ve,0,1,-5.879448455747809,-0.344925246135192
state tornadoes,0,1,-5.879448455747809,-0.344925246135192
state thank,0,1,-5.879448455747809,-0.344925246135192
state said,0,1,-5.879448455747809,-0.344925246135192
state properly,0,1,-5.879448455747809,-0.344925246135192
state pass,0,1,-5.879448455747809,-0.344925246135192
state panopticon,0,1,-5.879448455747809,-0.344925246135192
states seen,0,1,-5.879448455747809,-0.344925246135192
states voting,0,1,-5.879448455747809,-0.344925246135192
state local,0,1,-5.879448455747809,-0.344925246135192
states want,0,1,-5.879448455747809,-0.344925246135192
steam fitter,0,1,-5.879448455747809,-0.344925246135192
steam,0,1,-5.879448455747809,-0.344925246135192
stealing makes,0,1,-5.879448455747809,-0.344925246135192
stealing information,0,1,-5.879448455747809,-0.344925246135192
stealing ideas,0,1,-5.879448455747809,-0.344925246135192
steady jobs,0,1,-5.879448455747809,-0.344925246135192
stayed wasn,0,1,-5.879448455747809,-0.344925246135192
stayed spoke,0,1,-5.879448455747809,-0.344925246135192
stay son,0,1,-5.879448455747809,-0.344925246135192
stay silent,0,1,-5.879448455747809,-0.344925246135192
staunch opposition,0,1,-5.879448455747809,-0.344925246135192
staunch,0,1,-5.879448455747809,-0.344925246135192
statute does,0,1,-5.879448455747809,-0.344925246135192
status won,0,1,-5.879448455747809,-0.344925246135192
status true,0,1,-5.879448455747809,-0.344925246135192
stationary source,0,1,-5.879448455747809,-0.344925246135192
stationary,0,1,-5.879448455747809,-0.344925246135192
station know,0,1,-5.879448455747809,-0.344925246135192
station,0,1,-5.879448455747809,-0.344925246135192
state opportunity,0,1,-5.879448455747809,-0.344925246135192
state laws,0,1,-5.879448455747809,-0.344925246135192
sign water,0,1,-5.879448455747809,-0.344925246135192
start focusing,0,1,-5.879448455747809,-0.344925246135192
start family,0,1,-5.879448455747809,-0.344925246135192
start fall,0,1,-5.879448455747809,-0.344925246135192
stands county,0,1,-5.879448455747809,-0.344925246135192
standards zoning,0,1,-5.879448455747809,-0.344925246135192
standards using,0,1,-5.879448455747809,-0.344925246135192
standards things,0,1,-5.879448455747809,-0.344925246135192
standards stringent,0,1,-5.879448455747809,-0.344925246135192
standards set,0,1,-5.879448455747809,-0.344925246135192
significant capital,0,1,-5.879448455747809,-0.344925246135192
significant capacity,0,1,-5.879448455747809,-0.344925246135192
significance land,0,1,-5.879448455747809,-0.344925246135192
significance,0,1,-5.879448455747809,-0.344925246135192
signed written,0,1,-5.879448455747809,-0.344925246135192
signed project,0,1,-5.879448455747809,-0.344925246135192
signed letter,0,1,-5.879448455747809,-0.344925246135192
signed issued,0,1,-5.879448455747809,-0.344925246135192
signed county,0,1,-5.879448455747809,-0.344925246135192
signatures willing,0,1,-5.879448455747809,-0.344925246135192
signatures,0,1,-5.879448455747809,-0.344925246135192
start finish,0,1,-5.879448455747809,-0.344925246135192
start joke,0,1,-5.879448455747809,-0.344925246135192
state general,0,1,-5.879448455747809,-0.344925246135192
start know,0,1,-5.879448455747809,-0.344925246135192
state experienced,0,1,-5.879448455747809,-0.344925246135192
state epa,0,1,-5.879448455747809,-0.344925246135192
state employee,0,1,-5.879448455747809,-0.344925246135192
state does,0,1,-5.879448455747809,-0.344925246135192
state decided,0,1,-5.879448455747809,-0.344925246135192
state county,0,1,-5.879448455747809,-0.344925246135192
state clean,0,1,-5.879448455747809,-0.344925246135192
state area,0,1,-5.879448455747809,-0.344925246135192
starts clean,0,1,-5.879448455747809,-0.344925246135192
started raising,0,1,-5.879448455747809,-0.344925246135192
started did,0,1,-5.879448455747809,-0.344925246135192
started coyotes,0,1,-5.879448455747809,-0.344925246135192
start voting,0,1,-5.879448455747809,-0.344925246135192
start vote,0,1,-5.879448455747809,-0.344925246135192
start ve,0,1,-5.879448455747809,-0.344925246135192
start questioning,0,1,-5.879448455747809,-0.344925246135192
start need,0,1,-5.879448455747809,-0.344925246135192
start naming,0,1,-5.879448455747809,-0.344925246135192
start leaking,0,1,-5.879448455747809,-0.344925246135192
shakes,0,1,-5.879448455747809,-0.344925246135192
shake,0,1,-5.879448455747809,-0.344925246135192
says lead,0,1,-5.879448455747809,-0.344925246135192
second largest,0,1,-5.879448455747809,-0.344925246135192
section ll,0,1,-5.879448455747809,-0.344925246135192
section allows,0,1,-5.879448455747809,-0.344925246135192
secret right,0,1,-5.879448455747809,-0.344925246135192
seconds think,0,1,-5.879448455747809,-0.344925246135192
secondly county,0,1,-5.879448455747809,-0.344925246135192
seconded ms,0,1,-5.879448455747809,-0.344925246135192
second zoning,0,1,-5.879448455747809,-0.344925246135192
second resolution,0,1,-5.879448455747809,-0.344925246135192
second mr,0,1,-5.879448455747809,-0.344925246135192
second inherit,0,1,-5.879448455747809,-0.344925246135192
shady speaking,0,1,-5.879448455747809,-0.344925246135192
second industry,0,1,-5.879448455747809,-0.344925246135192
second ask,0,1,-5.879448455747809,-0.344925246135192
seats maybe,0,1,-5.879448455747809,-0.344925246135192
seats available,0,1,-5.879448455747809,-0.344925246135192
seasonal intermittent,0,1,-5.879448455747809,-0.344925246135192
seasonal,0,1,-5.879448455747809,-0.344925246135192
search blatant,0,1,-5.879448455747809,-0.344925246135192
search,0,1,-5.879448455747809,-0.344925246135192
sealed use,0,1,-5.879448455747809,-0.344925246135192
section regulates,0,1,-5.879448455747809,-0.344925246135192
sections apple,0,1,-5.879448455747809,-0.344925246135192
sections county,0,1,-5.879448455747809,-0.344925246135192
sector based,0,1,-5.879448455747809,-0.344925246135192
seemingly positives,0,1,-5.879448455747809,-0.344925246135192
seemingly,0,1,-5.879448455747809,-0.344925246135192
seeking amend,0,1,-5.879448455747809,-0.344925246135192
seeking,0,1,-5.879448455747809,-0.344925246135192
seek recognition,0,1,-5.879448455747809,-0.344925246135192
seeing tired,0,1,-5.879448455747809,-0.344925246135192
seeing questions,0,1,-5.879448455747809,-0.344925246135192
seeing question,0,1,-5.879448455747809,-0.344925246135192
seeing people,0,1,-5.879448455747809,-0.344925246135192
seeing ms,0,1,-5.879448455747809,-0.344925246135192
seeing mr,0,1,-5.879448455747809,-0.344925246135192
seeing members,0,1,-5.879448455747809,-0.344925246135192
seeing auburn,0,1,-5.879448455747809,-0.344925246135192
sediment introduced,0,1,-5.879448455747809,-0.344925246135192
sediment,0,1,-5.879448455747809,-0.344925246135192
security benefits,0,1,-5.879448455747809,-0.344925246135192
securing permit,0,1,-5.879448455747809,-0.344925246135192
secured location,0,1,-5.879448455747809,-0.344925246135192
secured,0,1,-5.879448455747809,-0.344925246135192
sealed,0,1,-5.879448455747809,-0.344925246135192
scumbags away,0,1,-5.879448455747809,-0.344925246135192
scumbags,0,1,-5.879448455747809,-0.344925246135192
scholar,0,1,-5.879448455747809,-0.344925246135192
schedules,0,1,-5.879448455747809,-0.344925246135192
scheduled right,0,1,-5.879448455747809,-0.344925246135192
schedule typically,0,1,-5.879448455747809,-0.344925246135192
schedule semi,0,1,-5.879448455747809,-0.344925246135192
scares want,0,1,-5.879448455747809,-0.344925246135192
scares,0,1,-5.879448455747809,-0.344925246135192
scared having,0,1,-5.879448455747809,-0.344925246135192
scared,0,1,-5.879448455747809,-0.344925246135192
scarcity water,0,1,-5.879448455747809,-0.344925246135192
scarcity,0,1,-5.879448455747809,-0.344925246135192
scarce getting,0,1,-5.879448455747809,-0.344925246135192
scarce care,0,1,-5.879448455747809,-0.344925246135192
scams somebody,0,1,-5.879448455747809,-0.344925246135192
scams,0,1,-5.879448455747809,-0.344925246135192
scale different,0,1,-5.879448455747809,-0.344925246135192
says ve,0,1,-5.879448455747809,-0.344925246135192
says public,0,1,-5.879448455747809,-0.344925246135192
says oh,0,1,-5.879448455747809,-0.344925246135192
says minimal,0,1,-5.879448455747809,-0.344925246135192
schedules say,0,1,-5.879448455747809,-0.344925246135192
scholar siu,0,1,-5.879448455747809,-0.344925246135192
script just,0,1,-5.879448455747809,-0.344925246135192
school air,0,1,-5.879448455747809,-0.344925246135192
script,0,1,-5.879448455747809,-0.344925246135192
screen guided,0,1,-5.879448455747809,-0.344925246135192
scouts terrified,0,1,-5.879448455747809,-0.344925246135192
scouts,0,1,-5.879448455747809,-0.344925246135192
scout far,0,1,-5.879448455747809,-0.344925246135192
scout,0,1,-5.879448455747809,-0.344925246135192
scientist youngest,0,1,-5.879448455747809,-0.344925246135192
scientist,0,1,-5.879448455747809,-0.344925246135192
science biologic,0,1,-5.879448455747809,-0.344925246135192
schultz wildlife,0,1,-5.879448455747809,-0.344925246135192
schultz union,0,1,-5.879448455747809,-0.344925246135192
schultz mr,0,1,-5.879448455747809,-0.344925246135192
schools people,0,1,-5.879448455747809,-0.344925246135192
schools macoupin,0,1,-5.879448455747809,-0.344925246135192
school premature,0,1,-5.879448455747809,-0.344925246135192
school humbly,0,1,-5.879448455747809,-0.344925246135192
school grew,0,1,-5.879448455747809,-0.344925246135192
school grain,0,1,-5.879448455747809,-0.344925246135192
school diploma,0,1,-5.879448455747809,-0.344925246135192
seen actual,0,1,-5.879448455747809,-0.344925246135192
seen end,0,1,-5.879448455747809,-0.344925246135192
seen estimates,0,1,-5.879448455747809,-0.344925246135192
setbacks looking,0,1,-5.879448455747809,-0.344925246135192
setbacks generally,0,1,-5.879448455747809,-0.344925246135192
setbacks existing,0,1,-5.879448455747809,-0.344925246135192
setback benefit,0,1,-5.879448455747809,-0.344925246135192
set standards,0,1,-5.879448455747809,-0.344925246135192
set paved,0,1,-5.879448455747809,-0.344925246135192
set minimum,0,1,-5.879448455747809,-0.344925246135192
set forth,0,1,-5.879448455747809,-0.344925246135192
serving campus,0,1,-5.879448455747809,-0.344925246135192
services treasurer,0,1,-5.879448455747809,-0.344925246135192
services purpose,0,1,-5.879448455747809,-0.344925246135192
service things,0,1,-5.879448455747809,-0.344925246135192
service skills,0,1,-5.879448455747809,-0.344925246135192
service routes,0,1,-5.879448455747809,-0.344925246135192
service protection,0,1,-5.879448455747809,-0.344925246135192
service packaged,0,1,-5.879448455747809,-0.344925246135192
service high,0,1,-5.879448455747809,-0.344925246135192
service going,0,1,-5.879448455747809,-0.344925246135192
service employees,0,1,-5.879448455747809,-0.344925246135192
service campus,0,1,-5.879448455747809,-0.344925246135192
setbacks height,0,1,-5.879448455747809,-0.344925246135192
sets ambient,0,1,-5.879448455747809,-0.344925246135192
serves people,0,1,-5.879448455747809,-0.344925246135192
sets guidelines,0,1,-5.879448455747809,-0.344925246135192
shady,0,1,-5.879448455747809,-0.344925246135192
shadow pillsbury,0,1,-5.879448455747809,-0.344925246135192
shadow fiat,0,1,-5.879448455747809,-0.344925246135192
shackman place,0,1,-5.879448455747809,-0.344925246135192
shackman,0,1,-5.879448455747809,-0.344925246135192
severely misguided,0,1,-5.879448455747809,-0.344925246135192
severely,0,1,-5.879448455747809,-0.344925246135192
severe need,0,1,-5.879448455747809,-0.344925246135192
severe,0,1,-5.879448455747809,-0.344925246135192
seven resolution,0,1,-5.879448455747809,-0.344925246135192
seven million,0,1,-5.879448455747809,-0.344925246135192
seven hours,0,1,-5.879448455747809,-0.344925246135192
settlement,0,1,-5.879448455747809,-0.344925246135192
settle sangamon,0,1,-5.879448455747809,-0.344925246135192
settle,0,1,-5.879448455747809,-0.344925246135192
setting proposed,0,1,-5.879448455747809,-0.344925246135192
setting precedent,0,1,-5.879448455747809,-0.344925246135192
sets special,0,1,-5.879448455747809,-0.344925246135192
sets quote,0,1,-5.879448455747809,-0.344925246135192
serves residents,0,1,-5.879448455747809,-0.344925246135192
serves apple,0,1,-5.879448455747809,-0.344925246135192
seen fund,0,1,-5.879448455747809,-0.344925246135192
senate,0,1,-5.879448455747809,-0.344925246135192
selling rest,0,1,-5.879448455747809,-0.344925246135192
selling million,0,1,-5.879448455747809,-0.344925246135192
selling making,0,1,-5.879448455747809,-0.344925246135192
selling land,0,1,-5.879448455747809,-0.344925246135192
sell quick,0,1,-5.879448455747809,-0.344925246135192
sell fancy,0,1,-5.879448455747809,-0.344925246135192
sell energy,0,1,-5.879448455747809,-0.344925246135192
self imposed,0,1,-5.879448455747809,-0.344925246135192
segments organized,0,1,-5.879448455747809,-0.344925246135192
segments,0,1,-5.879448455747809,-0.344925246135192
segment population,0,1,-5.879448455747809,-0.344925246135192
segment minutes,0,1,-5.879448455747809,-0.344925246135192
sees global,0,1,-5.879448455747809,-0.344925246135192
seen valid,0,1,-5.879448455747809,-0.344925246135192
seen state,0,1,-5.879448455747809,-0.344925246135192
seen site,0,1,-5.879448455747809,-0.344925246135192
seen sediment,0,1,-5.879448455747809,-0.344925246135192
seen presence,0,1,-5.879448455747809,-0.344925246135192
seen harmful,0,1,-5.879448455747809,-0.344925246135192
semi trucks,0,1,-5.879448455747809,-0.344925246135192
senate republican,0,1,-5.879448455747809,-0.344925246135192
served rural,0,1,-5.879448455747809,-0.344925246135192
senator,0,1,-5.879448455747809,-0.344925246135192
served lake,0,1,-5.879448455747809,-0.344925246135192
serve unlock,0,1,-5.879448455747809,-0.344925246135192
serve residents,0,1,-5.879448455747809,-0.344925246135192
serve going,0,1,-5.879448455747809,-0.344925246135192
serve digital,0,1,-5.879448455747809,-0.344925246135192
serve area,0,1,-5.879448455747809,-0.344925246135192
seriously talk,0,1,-5.879448455747809,-0.344925246135192
september currently,0,1,-5.879448455747809,-0.344925246135192
public thomas,0,1,-5.879448455747809,-0.344925246135192
sentence younger,0,1,-5.879448455747809,-0.344925246135192
sentence,0,1,-5.879448455747809,-0.344925246135192
sent letter,0,1,-5.879448455747809,-0.344925246135192
sent email,0,1,-5.879448455747809,-0.344925246135192
sense showcases,0,1,-5.879448455747809,-0.344925246135192
sense right,0,1,-5.879448455747809,-0.344925246135192
sense bury,0,1,-5.879448455747809,-0.344925246135192
senators talk,0,1,-5.879448455747809,-0.344925246135192
senators start,0,1,-5.879448455747809,-0.344925246135192
senator advocating,0,1,-5.879448455747809,-0.344925246135192
resolved legally,0,1,-5.879448455747809,-0.344925246135192
say clear,0,1,-5.879448455747809,-0.344925246135192
resolutions,0,1,-5.879448455747809,-0.344925246135192
referendum passed,0,1,-5.879448455747809,-0.344925246135192
publications,0,1,-5.879448455747809,-0.344925246135192
recommending city,0,1,-5.879448455747809,-0.344925246135192
recommending,0,1,-5.879448455747809,-0.344925246135192
recommended meeting,0,1,-5.879448455747809,-0.344925246135192
recommendations terms,0,1,-5.879448455747809,-0.344925246135192
recommendation know,0,1,-5.879448455747809,-0.344925246135192
recommend zero,0,1,-5.879448455747809,-0.344925246135192
recommend vote,0,1,-5.879448455747809,-0.344925246135192
publications previously,0,1,-5.879448455747809,-0.344925246135192
published illinois,0,1,-5.879448455747809,-0.344925246135192
recommend delay,0,1,-5.879448455747809,-0.344925246135192
recommend approval,0,1,-5.879448455747809,-0.344925246135192
punch,0,1,-5.879448455747809,-0.344925246135192
recognize broad,0,1,-5.879448455747809,-0.344925246135192
recognition mr,0,1,-5.879448455747809,-0.344925246135192
recognition,0,1,-5.879448455747809,-0.344925246135192
punch going,0,1,-5.879448455747809,-0.344925246135192
punching,0,1,-5.879448455747809,-0.344925246135192
reclaimed causing,0,1,-5.879448455747809,-0.344925246135192
public wishes,0,1,-5.879448455747809,-0.344925246135192
recorded meeting,0,1,-5.879448455747809,-0.344925246135192
recordings assure,0,1,-5.879448455747809,-0.344925246135192
red flag,0,1,-5.879448455747809,-0.344925246135192
referendum clock,0,1,-5.879448455747809,-0.344925246135192
references facts,0,1,-5.879448455747809,-0.344925246135192
references,0,1,-5.879448455747809,-0.344925246135192
reducing tax,0,1,-5.879448455747809,-0.344925246135192
reduced false,0,1,-5.879448455747809,-0.344925246135192
reduce things,0,1,-5.879448455747809,-0.344925246135192
reduce property,0,1,-5.879448455747809,-0.344925246135192
reduce noise,0,1,-5.879448455747809,-0.344925246135192
red cent,0,1,-5.879448455747809,-0.344925246135192
recordings aurora,0,1,-5.879448455747809,-0.344925246135192
red blinking,0,1,-5.879448455747809,-0.344925246135192
recourse let,0,1,-5.879448455747809,-0.344925246135192
recourse,0,1,-5.879448455747809,-0.344925246135192
recordings similar,0,1,-5.879448455747809,-0.344925246135192
recordings say,0,1,-5.879448455747809,-0.344925246135192
recordings realize,0,1,-5.879448455747809,-0.344925246135192
recordings feet,0,1,-5.879448455747809,-0.344925246135192
recordings did,0,1,-5.879448455747809,-0.344925246135192
reclaimed,0,1,-5.879448455747809,-0.344925246135192
punching caissons,0,1,-5.879448455747809,-0.344925246135192
recently saw,0,1,-5.879448455747809,-0.344925246135192
recalcitrant work,0,1,-5.879448455747809,-0.344925246135192
received cyrus,0,1,-5.879448455747809,-0.344925246135192
received campaign,0,1,-5.879448455747809,-0.344925246135192
receive sales,0,1,-5.879448455747809,-0.344925246135192
purpose regulations,0,1,-5.879448455747809,-0.344925246135192
receive help,0,1,-5.879448455747809,-0.344925246135192
recalling entire,0,1,-5.879448455747809,-0.344925246135192
purposes operate,0,1,-5.879448455747809,-0.344925246135192
recalling,0,1,-5.879448455747809,-0.344925246135192
recalcitrant,0,1,-5.879448455747809,-0.344925246135192
received donations,0,1,-5.879448455747809,-0.344925246135192
rebutted regulate,0,1,-5.879448455747809,-0.344925246135192
rebutted,0,1,-5.879448455747809,-0.344925246135192
rebuttals given,0,1,-5.879448455747809,-0.344925246135192
rebuttals,0,1,-5.879448455747809,-0.344925246135192
push hold,0,1,-5.879448455747809,-0.344925246135192
rebuttal said,0,1,-5.879448455747809,-0.344925246135192
rebuttal right,0,1,-5.879448455747809,-0.344925246135192
push quickly,0,1,-5.879448455747809,-0.344925246135192
purpose promoting,0,1,-5.879448455747809,-0.344925246135192
purpose procuring,0,1,-5.879448455747809,-0.344925246135192
purchase additionally,0,1,-5.879448455747809,-0.344925246135192
purchases years,0,1,-5.879448455747809,-0.344925246135192
purchase little,0,1,-5.879448455747809,-0.344925246135192
recently months,0,1,-5.879448455747809,-0.344925246135192
purchase new,0,1,-5.879448455747809,-0.344925246135192
purchase say,0,1,-5.879448455747809,-0.344925246135192
recently man,0,1,-5.879448455747809,-0.344925246135192
recently local,0,1,-5.879448455747809,-0.344925246135192
recently clearly,0,1,-5.879448455747809,-0.344925246135192
recently chicago,0,1,-5.879448455747809,-0.344925246135192
recent staff,0,1,-5.879448455747809,-0.344925246135192
received pressure,0,1,-5.879448455747809,-0.344925246135192
recent resident,0,1,-5.879448455747809,-0.344925246135192
recent decision,0,1,-5.879448455747809,-0.344925246135192
purpose agriculture,0,1,-5.879448455747809,-0.344925246135192
purpose bwcs,0,1,-5.879448455747809,-0.344925246135192
purpose currently,0,1,-5.879448455747809,-0.344925246135192
receives nearly,0,1,-5.879448455747809,-0.344925246135192
purpose mailing,0,1,-5.879448455747809,-0.344925246135192
receives,0,1,-5.879448455747809,-0.344925246135192
referendum just,0,1,-5.879448455747809,-0.344925246135192
referendum passes,0,1,-5.879448455747809,-0.344925246135192
remembered tax,0,1,-5.879448455747809,-0.344925246135192
referendum voters,0,1,-5.879448455747809,-0.344925246135192
reliability area,0,1,-5.879448455747809,-0.344925246135192
released drained,0,1,-5.879448455747809,-0.344925246135192
released air,0,1,-5.879448455747809,-0.344925246135192
relatively shelf,0,1,-5.879448455747809,-0.344925246135192
relatively quickly,0,1,-5.879448455747809,-0.344925246135192
relates noise,0,1,-5.879448455747809,-0.344925246135192
relates campus,0,1,-5.879448455747809,-0.344925246135192
related zoning,0,1,-5.879448455747809,-0.344925246135192
related worked,0,1,-5.879448455747809,-0.344925246135192
related industry,0,1,-5.879448455747809,-0.344925246135192
related actually,0,1,-5.879448455747809,-0.344925246135192
rejecting project,0,1,-5.879448455747809,-0.344925246135192
rejecting,0,1,-5.879448455747809,-0.344925246135192
reject delay,0,1,-5.879448455747809,-0.344925246135192
reiterate wife,0,1,-5.879448455747809,-0.344925246135192
reiterate iranian,0,1,-5.879448455747809,-0.344925246135192
reiterate fact,0,1,-5.879448455747809,-0.344925246135192
regulatory zoning,0,1,-5.879448455747809,-0.344925246135192
regulatory process,0,1,-5.879448455747809,-0.344925246135192
reliability know,0,1,-5.879448455747809,-0.344925246135192
reliability study,0,1,-5.879448455747809,-0.344925246135192
reliable,0,1,-5.879448455747809,-0.344925246135192
remarkable opportunity,0,1,-5.879448455747809,-0.344925246135192
remember sure,0,1,-5.879448455747809,-0.344925246135192
remember specifically,0,1,-5.879448455747809,-0.344925246135192
remember multiple,0,1,-5.879448455747809,-0.344925246135192
remember hold,0,1,-5.879448455747809,-0.344925246135192
remember average,0,1,-5.879448455747809,-0.344925246135192
remedial measures,0,1,-5.879448455747809,-0.344925246135192
remedial,0,1,-5.879448455747809,-0.344925246135192
remarks ve,0,1,-5.879448455747809,-0.344925246135192
remarkable,0,1,-5.879448455747809,-0.344925246135192
reliable water,0,1,-5.879448455747809,-0.344925246135192
remains represents,0,1,-5.879448455747809,-0.344925246135192
remaining willing,0,1,-5.879448455747809,-0.344925246135192
rely people,0,1,-5.879448455747809,-0.344925246135192
rely afscme,0,1,-5.879448455747809,-0.344925246135192
relocate fails,0,1,-5.879448455747809,-0.344925246135192
relocate,0,1,-5.879448455747809,-0.344925246135192
relies lake,0,1,-5.879448455747809,-0.344925246135192
relief right,0,1,-5.879448455747809,-0.344925246135192
regulatory framework,0,1,-5.879448455747809,-0.344925246135192
regulations unless,0,1,-5.879448455747809,-0.344925246135192
regulations things,0,1,-5.879448455747809,-0.344925246135192
regime phrase,0,1,-5.879448455747809,-0.344925246135192
regular people,0,1,-5.879448455747809,-0.344925246135192
regret feel,0,1,-5.879448455747809,-0.344925246135192
register recordings,0,1,-5.879448455747809,-0.344925246135192
register,0,1,-5.879448455747809,-0.344925246135192
region relies,0,1,-5.879448455747809,-0.344925246135192
region ones,0,1,-5.879448455747809,-0.344925246135192
region employ,0,1,-5.879448455747809,-0.344925246135192
region choice,0,1,-5.879448455747809,-0.344925246135192
regards unions,0,1,-5.879448455747809,-0.344925246135192
regulate senators,0,1,-5.879448455747809,-0.344925246135192
regarding setbacks,0,1,-5.879448455747809,-0.344925246135192
regarding proposed,0,1,-5.879448455747809,-0.344925246135192
regarding legislation,0,1,-5.879448455747809,-0.344925246135192
regarding environment,0,1,-5.879448455747809,-0.344925246135192
refused ask,0,1,-5.879448455747809,-0.344925246135192
refused,0,1,-5.879448455747809,-0.344925246135192
refuse answer,0,1,-5.879448455747809,-0.344925246135192
refuse,0,1,-5.879448455747809,-0.344925246135192
regulate just,0,1,-5.879448455747809,-0.344925246135192
regulated period,0,1,-5.879448455747809,-0.344925246135192
regulations required,0,1,-5.879448455747809,-0.344925246135192
regulations future,0,1,-5.879448455747809,-0.344925246135192
regulations provide,0,1,-5.879448455747809,-0.344925246135192
regulations promise,0,1,-5.879448455747809,-0.344925246135192
regulations obviously,0,1,-5.879448455747809,-0.344925246135192
regulations neat,0,1,-5.879448455747809,-0.344925246135192
regulations like,0,1,-5.879448455747809,-0.344925246135192
regulations laws,0,1,-5.879448455747809,-0.344925246135192
regulations impact,0,1,-5.879448455747809,-0.344925246135192
regulations getting,0,1,-5.879448455747809,-0.344925246135192
regulations disturbances,0,1,-5.879448455747809,-0.344925246135192
regulated won,0,1,-5.879448455747809,-0.344925246135192
regulations consider,0,1,-5.879448455747809,-0.344925246135192
regulations complying,0,1,-5.879448455747809,-0.344925246135192
regulation month,0,1,-5.879448455747809,-0.344925246135192
regulation maybe,0,1,-5.879448455747809,-0.344925246135192
quote development,0,1,-5.879448455747809,-0.344925246135192
regulation called,0,1,-5.879448455747809,-0.344925246135192
regulates permissible,0,1,-5.879448455747809,-0.344925246135192
regulates ordinance,0,1,-5.879448455747809,-0.344925246135192
pushed away,0,1,-5.879448455747809,-0.344925246135192
rebut right,0,1,-5.879448455747809,-0.344925246135192
rebut minute,0,1,-5.879448455747809,-0.344925246135192
pushed far,0,1,-5.879448455747809,-0.344925246135192
rant foxes,0,1,-5.879448455747809,-0.344925246135192
rant,0,1,-5.879448455747809,-0.344925246135192
range children,0,1,-5.879448455747809,-0.344925246135192
ramifications project,0,1,-5.879448455747809,-0.344925246135192
raising livestock,0,1,-5.879448455747809,-0.344925246135192
question tornado,0,1,-5.879448455747809,-0.344925246135192
raising house,0,1,-5.879448455747809,-0.344925246135192
questioning avoidant,0,1,-5.879448455747809,-0.344925246135192
questioning people,0,1,-5.879448455747809,-0.344925246135192
raised resolution,0,1,-5.879448455747809,-0.344925246135192
raised mr,0,1,-5.879448455747809,-0.344925246135192
raised going,0,1,-5.879448455747809,-0.344925246135192
raised constituents,0,1,-5.879448455747809,-0.344925246135192
raise voice,0,1,-5.879448455747809,-0.344925246135192
raise livestock,0,1,-5.879448455747809,-0.344925246135192
questions congress,0,1,-5.879448455747809,-0.344925246135192
questions process,0,1,-5.879448455747809,-0.344925246135192
questions purchase,0,1,-5.879448455747809,-0.344925246135192
raise electric,0,1,-5.879448455747809,-0.344925246135192
rapidly questioning,0,1,-5.879448455747809,-0.344925246135192
question sustainability,0,1,-5.879448455747809,-0.344925246135192
rapidly right,0,1,-5.879448455747809,-0.344925246135192
rating goes,0,1,-5.879448455747809,-0.344925246135192
read closed,0,1,-5.879448455747809,-0.344925246135192
reactive state,0,1,-5.879448455747809,-0.344925246135192
reactive,0,1,-5.879448455747809,-0.344925246135192
reach say,0,1,-5.879448455747809,-0.344925246135192
reach community,0,1,-5.879448455747809,-0.344925246135192
rea independent,0,1,-5.879448455747809,-0.344925246135192
ray campbell,0,1,-5.879448455747809,-0.344925246135192
ray,0,1,-5.879448455747809,-0.344925246135192
ratification county,0,1,-5.879448455747809,-0.344925246135192
rate asthma,0,1,-5.879448455747809,-0.344925246135192
ratification,0,1,-5.879448455747809,-0.344925246135192
rates year,0,1,-5.879448455747809,-0.344925246135192
rates need,0,1,-5.879448455747809,-0.344925246135192
rates mean,0,1,-5.879448455747809,-0.344925246135192
question sangamon,0,1,-5.879448455747809,-0.344925246135192
question staff,0,1,-5.879448455747809,-0.344925246135192
rates like,0,1,-5.879448455747809,-0.344925246135192
rate right,0,1,-5.879448455747809,-0.344925246135192
quick bucks,0,1,-5.879448455747809,-0.344925246135192
raise board,0,1,-5.879448455747809,-0.344925246135192
rain glass,0,1,-5.879448455747809,-0.344925246135192
quite old,0,1,-5.879448455747809,-0.344925246135192
rader,0,1,-5.879448455747809,-0.344925246135192
quirkley read,0,1,-5.879448455747809,-0.344925246135192
race build,0,1,-5.879448455747809,-0.344925246135192
quotes local,0,1,-5.879448455747809,-0.344925246135192
quotes,0,1,-5.879448455747809,-0.344925246135192
quite low,0,1,-5.879448455747809,-0.344925246135192
quote use,0,1,-5.879448455747809,-0.344925246135192
quote standards,0,1,-5.879448455747809,-0.344925246135192
quote regulate,0,1,-5.879448455747809,-0.344925246135192
quirkley,0,1,-5.879448455747809,-0.344925246135192
quote power,0,1,-5.879448455747809,-0.344925246135192
quote person,0,1,-5.879448455747809,-0.344925246135192
quote operated,0,1,-5.879448455747809,-0.344925246135192
quote national,0,1,-5.879448455747809,-0.344925246135192
quite opposite,0,1,-5.879448455747809,-0.344925246135192
quite sanctuary,0,1,-5.879448455747809,-0.344925246135192
quote intent,0,1,-5.879448455747809,-0.344925246135192
quote exposure,0,1,-5.879448455747809,-0.344925246135192
rader mr,0,1,-5.879448455747809,-0.344925246135192
radios,0,1,-5.879448455747809,-0.344925246135192
quick guys,0,1,-5.879448455747809,-0.344925246135192
quickly red,0,1,-5.879448455747809,-0.344925246135192
rain carbon,0,1,-5.879448455747809,-0.344925246135192
rain affects,0,1,-5.879448455747809,-0.344925246135192
quickly listed,0,1,-5.879448455747809,-0.344925246135192
quickly matter,0,1,-5.879448455747809,-0.344925246135192
rail improvement,0,1,-5.879448455747809,-0.344925246135192
quickly pointed,0,1,-5.879448455747809,-0.344925246135192
rail facility,0,1,-5.879448455747809,-0.344925246135192
rail connecting,0,1,-5.879448455747809,-0.344925246135192
quickly sales,0,1,-5.879448455747809,-0.344925246135192
radios deputies,0,1,-5.879448455747809,-0.344925246135192
quickly war,0,1,-5.879448455747809,-0.344925246135192
radius zero,0,1,-5.879448455747809,-0.344925246135192
quicksilver,0,1,-5.879448455747809,-0.344925246135192
radius single,0,1,-5.879448455747809,-0.344925246135192
quicksilver mailing,0,1,-5.879448455747809,-0.344925246135192
radius campus,0,1,-5.879448455747809,-0.344925246135192
quiet clean,0,1,-5.879448455747809,-0.344925246135192
quiet country,0,1,-5.879448455747809,-0.344925246135192
read resolution,0,1,-5.879448455747809,-0.344925246135192
read unplanned,0,1,-5.879448455747809,-0.344925246135192
reading frustrating,0,1,-5.879448455747809,-0.344925246135192
quad neshap,0,1,-5.879448455747809,-0.344925246135192
reason shouldn,0,1,-5.879448455747809,-0.344925246135192
reason say,0,1,-5.879448455747809,-0.344925246135192
reason reason,0,1,-5.879448455747809,-0.344925246135192
putting particulates,0,1,-5.879448455747809,-0.344925246135192
quacks,0,1,-5.879448455747809,-0.344925246135192
quacks like,0,1,-5.879448455747809,-0.344925246135192
reason good,0,1,-5.879448455747809,-0.344925246135192
quad,0,1,-5.879448455747809,-0.344925246135192
reason environmental,0,1,-5.879448455747809,-0.344925246135192
reason sitting,0,1,-5.879448455747809,-0.344925246135192
quality air,0,1,-5.879448455747809,-0.344925246135192
reason cyrus,0,1,-5.879448455747809,-0.344925246135192
reason ask,0,1,-5.879448455747809,-0.344925246135192
quality concerns,0,1,-5.879448455747809,-0.344925246135192
quality hurt,0,1,-5.879448455747809,-0.344925246135192
really worry,0,1,-5.879448455747809,-0.344925246135192
quarterly annually,0,1,-5.879448455747809,-0.344925246135192
really use,0,1,-5.879448455747809,-0.344925246135192
putting nice,0,1,-5.879448455747809,-0.344925246135192
reason stance,0,1,-5.879448455747809,-0.344925246135192
really try,0,1,-5.879448455747809,-0.344925246135192
reasons know,0,1,-5.879448455747809,-0.344925246135192
rebuilt dam,0,1,-5.879448455747809,-0.344925246135192
rebuilt,0,1,-5.879448455747809,-0.344925246135192
pushing abatement,0,1,-5.879448455747809,-0.344925246135192
reassessments backdated,0,1,-5.879448455747809,-0.344925246135192
reassessments,0,1,-5.879448455747809,-0.344925246135192
reasons vote,0,1,-5.879448455747809,-0.344925246135192
puts,0,1,-5.879448455747809,-0.344925246135192
puts men,0,1,-5.879448455747809,-0.344925246135192
reasons choose,0,1,-5.879448455747809,-0.344925246135192
putting health,0,1,-5.879448455747809,-0.344925246135192
reasons brought,0,1,-5.879448455747809,-0.344925246135192
reasonable thing,0,1,-5.879448455747809,-0.344925246135192
reasonable happening,0,1,-5.879448455747809,-0.344925246135192
putting amendments,0,1,-5.879448455747809,-0.344925246135192
putting going,0,1,-5.879448455747809,-0.344925246135192
reason unions,0,1,-5.879448455747809,-0.344925246135192
reason state,0,1,-5.879448455747809,-0.344925246135192
putting harshest,0,1,-5.879448455747809,-0.344925246135192
really trying,0,1,-5.879448455747809,-0.344925246135192
quarters,0,1,-5.879448455747809,-0.344925246135192
reads books,0,1,-5.879448455747809,-0.344925246135192
real people,0,1,-5.879448455747809,-0.344925246135192
realizes job,0,1,-5.879448455747809,-0.344925246135192
realizes,0,1,-5.879448455747809,-0.344925246135192
realize weren,0,1,-5.879448455747809,-0.344925246135192
realize malfunction,0,1,-5.879448455747809,-0.344925246135192
realize dignity,0,1,-5.879448455747809,-0.344925246135192
realize attended,0,1,-5.879448455747809,-0.344925246135192
reality fictions,0,1,-5.879448455747809,-0.344925246135192
real tech,0,1,-5.879448455747809,-0.344925246135192
real need,0,1,-5.879448455747809,-0.344925246135192
really believe,0,1,-5.879448455747809,-0.344925246135192
real job,0,1,-5.879448455747809,-0.344925246135192
real issue,0,1,-5.879448455747809,-0.344925246135192
real guidelines,0,1,-5.879448455747809,-0.344925246135192
real benefits,0,1,-5.879448455747809,-0.344925246135192
ready played,0,1,-5.879448455747809,-0.344925246135192
ready karen,0,1,-5.879448455747809,-0.344925246135192
ready high,0,1,-5.879448455747809,-0.344925246135192
reads newspapers,0,1,-5.879448455747809,-0.344925246135192
really allowed,0,1,-5.879448455747809,-0.344925246135192
really changed,0,1,-5.879448455747809,-0.344925246135192
really sustainability,0,1,-5.879448455747809,-0.344925246135192
question let,0,1,-5.879448455747809,-0.344925246135192
really starts,0,1,-5.879448455747809,-0.344925246135192
really speaking,0,1,-5.879448455747809,-0.344925246135192
quarters remote,0,1,-5.879448455747809,-0.344925246135192
question asked,0,1,-5.879448455747809,-0.344925246135192
question big,0,1,-5.879448455747809,-0.344925246135192
question earthquakes,0,1,-5.879448455747809,-0.344925246135192
question favor,0,1,-5.879448455747809,-0.344925246135192
really site,0,1,-5.879448455747809,-0.344925246135192
really sad,0,1,-5.879448455747809,-0.344925246135192
really consider,0,1,-5.879448455747809,-0.344925246135192
really nice,0,1,-5.879448455747809,-0.344925246135192
really news,0,1,-5.879448455747809,-0.344925246135192
really mind,0,1,-5.879448455747809,-0.344925246135192
really means,0,1,-5.879448455747809,-0.344925246135192
really jobs,0,1,-5.879448455747809,-0.344925246135192
really important,0,1,-5.879448455747809,-0.344925246135192
really discussed,0,1,-5.879448455747809,-0.344925246135192
really cool,0,1,-5.879448455747809,-0.344925246135192
remembered,0,1,-5.879448455747809,-0.344925246135192
regulation laborers,0,1,-5.879448455747809,-0.344925246135192
requirements passed,0,1,-5.879448455747809,-0.344925246135192
requirements issue,0,1,-5.879448455747809,-0.344925246135192
require site,0,1,-5.879448455747809,-0.344925246135192
require true,0,1,-5.879448455747809,-0.344925246135192
require work,0,1,-5.879448455747809,-0.344925246135192
required approve,0,1,-5.879448455747809,-0.344925246135192
required clearly,0,1,-5.879448455747809,-0.344925246135192
required consider,0,1,-5.879448455747809,-0.344925246135192
required current,0,1,-5.879448455747809,-0.344925246135192
required years,0,1,-5.879448455747809,-0.344925246135192
requirement act,0,1,-5.879448455747809,-0.344925246135192
requirements false,0,1,-5.879448455747809,-0.344925246135192
requirements imposed,0,1,-5.879448455747809,-0.344925246135192
requirements industry,0,1,-5.879448455747809,-0.344925246135192
requirements minimal,0,1,-5.879448455747809,-0.344925246135192
require cyrus,0,1,-5.879448455747809,-0.344925246135192
requirements page,0,1,-5.879448455747809,-0.344925246135192
requirements permitted,0,1,-5.879448455747809,-0.344925246135192
requirements phase,0,1,-5.879448455747809,-0.344925246135192
requirements planning,0,1,-5.879448455747809,-0.344925246135192
requirements time,0,1,-5.879448455747809,-0.344925246135192
requires certain,0,1,-5.879448455747809,-0.344925246135192
requires consideration,0,1,-5.879448455747809,-0.344925246135192
requires dredging,0,1,-5.879448455747809,-0.344925246135192
requires generating,0,1,-5.879448455747809,-0.344925246135192
requires noise,0,1,-5.879448455747809,-0.344925246135192
requires public,0,1,-5.879448455747809,-0.344925246135192
requires quote,0,1,-5.879448455747809,-0.344925246135192
require diverse,0,1,-5.879448455747809,-0.344925246135192
requests items,0,1,-5.879448455747809,-0.344925246135192
requiring tier,0,1,-5.879448455747809,-0.344925246135192
reprimand,0,1,-5.879448455747809,-0.344925246135192
reports indicate,0,1,-5.879448455747809,-0.344925246135192
represent district,0,1,-5.879448455747809,-0.344925246135192
represent don,0,1,-5.879448455747809,-0.344925246135192
represent illinois,0,1,-5.879448455747809,-0.344925246135192
represent puts,0,1,-5.879448455747809,-0.344925246135192
represent risk,0,1,-5.879448455747809,-0.344925246135192
represent single,0,1,-5.879448455747809,-0.344925246135192
representing families,0,1,-5.879448455747809,-0.344925246135192
representing family,0,1,-5.879448455747809,-0.344925246135192
representing jobs,0,1,-5.879448455747809,-0.344925246135192
representing petitioner,0,1,-5.879448455747809,-0.344925246135192
represents new,0,1,-5.879448455747809,-0.344925246135192
reprimand union,0,1,-5.879448455747809,-0.344925246135192
requests inspections,0,1,-5.879448455747809,-0.344925246135192
reprocessing,0,1,-5.879448455747809,-0.344925246135192
reprocessing project,0,1,-5.879448455747809,-0.344925246135192
reproductive,0,1,-5.879448455747809,-0.344925246135192
reproductive effects,0,1,-5.879448455747809,-0.344925246135192
republican,0,1,-5.879448455747809,-0.344925246135192
republican staff,0,1,-5.879448455747809,-0.344925246135192
repulsive,0,1,-5.879448455747809,-0.344925246135192
repulsive job,0,1,-5.879448455747809,-0.344925246135192
request absolutely,0,1,-5.879448455747809,-0.344925246135192
request lori,0,1,-5.879448455747809,-0.344925246135192
request reject,0,1,-5.879448455747809,-0.344925246135192
request try,0,1,-5.879448455747809,-0.344925246135192
requires sharp,0,1,-5.879448455747809,-0.344925246135192
requiring work,0,1,-5.879448455747809,-0.344925246135192
report terminator,0,1,-5.879448455747809,-0.344925246135192
resolution adopted,0,1,-5.879448455747809,-0.344925246135192
resident urge,0,1,-5.879448455747809,-0.344925246135192
residential dimensions,0,1,-5.879448455747809,-0.344925246135192
residents best,0,1,-5.879448455747809,-0.344925246135192
residents counties,0,1,-5.879448455747809,-0.344925246135192
residents county,0,1,-5.879448455747809,-0.344925246135192
residents don,0,1,-5.879448455747809,-0.344925246135192
residents especially,0,1,-5.879448455747809,-0.344925246135192
residents funding,0,1,-5.879448455747809,-0.344925246135192
residents gain,0,1,-5.879448455747809,-0.344925246135192
residents researched,0,1,-5.879448455747809,-0.344925246135192
residents serve,0,1,-5.879448455747809,-0.344925246135192
residents thank,0,1,-5.879448455747809,-0.344925246135192
resolution authorizing,0,1,-5.879448455747809,-0.344925246135192
resident sagamon,0,1,-5.879448455747809,-0.344925246135192
resolution does,0,1,-5.879448455747809,-0.344925246135192
resolution important,0,1,-5.879448455747809,-0.344925246135192
resolution members,0,1,-5.879448455747809,-0.344925246135192
resolution minute,0,1,-5.879448455747809,-0.344925246135192
resolution moratorium,0,1,-5.879448455747809,-0.344925246135192
resolution moved,0,1,-5.879448455747809,-0.344925246135192
resolution mr,0,1,-5.879448455747809,-0.344925246135192
resolution resolution,0,1,-5.879448455747809,-0.344925246135192
resolution slightly,0,1,-5.879448455747809,-0.344925246135192
resolution suspect,0,1,-5.879448455747809,-0.344925246135192
resolution thoughtful,0,1,-5.879448455747809,-0.344925246135192
resolution zoning,0,1,-5.879448455747809,-0.344925246135192
resident taxpayer,0,1,-5.879448455747809,-0.344925246135192
resident previous,0,1,-5.879448455747809,-0.344925246135192
rescue,0,1,-5.879448455747809,-0.344925246135192
researched,0,1,-5.879448455747809,-0.344925246135192
rescue squad,0,1,-5.879448455747809,-0.344925246135192
research chatgpt,0,1,-5.879448455747809,-0.344925246135192
research decimals,0,1,-5.879448455747809,-0.344925246135192
research department,0,1,-5.879448455747809,-0.344925246135192
research look,0,1,-5.879448455747809,-0.344925246135192
research phd,0,1,-5.879448455747809,-0.344925246135192
research short,0,1,-5.879448455747809,-0.344925246135192
research showed,0,1,-5.879448455747809,-0.344925246135192
research things,0,1,-5.879448455747809,-0.344925246135192
research tonight,0,1,-5.879448455747809,-0.344925246135192
research ve,0,1,-5.879448455747809,-0.344925246135192
research years,0,1,-5.879448455747809,-0.344925246135192
researched project,0,1,-5.879448455747809,-0.344925246135192
resident member,0,1,-5.879448455747809,-0.344925246135192
researcher school,0,1,-5.879448455747809,-0.344925246135192
researcher texas,0,1,-5.879448455747809,-0.344925246135192
researching low,0,1,-5.879448455747809,-0.344925246135192
researching means,0,1,-5.879448455747809,-0.344925246135192
resembles,0,1,-5.879448455747809,-0.344925246135192
resembles dot,0,1,-5.879448455747809,-0.344925246135192
residence,0,1,-5.879448455747809,-0.344925246135192
residence little,0,1,-5.879448455747809,-0.344925246135192
residences actually,0,1,-5.879448455747809,-0.344925246135192
residences half,0,1,-5.879448455747809,-0.344925246135192
resident animator,0,1,-5.879448455747809,-0.344925246135192
resident auburn,0,1,-5.879448455747809,-0.344925246135192
reported homes,0,1,-5.879448455747809,-0.344925246135192
quote allowance,0,1,-5.879448455747809,-0.344925246135192
reminding,0,1,-5.879448455747809,-0.344925246135192
remind bp,0,1,-5.879448455747809,-0.344925246135192
report noise,0,1,-5.879448455747809,-0.344925246135192
replaced ai,0,1,-5.879448455747809,-0.344925246135192
remind nestle,0,1,-5.879448455747809,-0.344925246135192
reminder minutes,0,1,-5.879448455747809,-0.344925246135192
replaced,0,1,-5.879448455747809,-0.344925246135192
replace job,0,1,-5.879448455747809,-0.344925246135192
replace diesel,0,1,-5.879448455747809,-0.344925246135192
reminder multi,0,1,-5.879448455747809,-0.344925246135192
replace basic,0,1,-5.879448455747809,-0.344925246135192
replace ai,0,1,-5.879448455747809,-0.344925246135192
repetitive public,0,1,-5.879448455747809,-0.344925246135192
repetitive,0,1,-5.879448455747809,-0.344925246135192
repetition,0,1,-5.879448455747809,-0.344925246135192
reminding guys,0,1,-5.879448455747809,-0.344925246135192
repeating repeating,0,1,-5.879448455747809,-0.344925246135192
remote don,0,1,-5.879448455747809,-0.344925246135192
remote local,0,1,-5.879448455747809,-0.344925246135192
repeating ll,0,1,-5.879448455747809,-0.344925246135192
removed camp,0,1,-5.879448455747809,-0.344925246135192
repeat somebody,0,1,-5.879448455747809,-0.344925246135192
rendering site,0,1,-5.879448455747809,-0.344925246135192
repairs waverly,0,1,-5.879448455747809,-0.344925246135192
repeat important,0,1,-5.879448455747809,-0.344925246135192
remind everybody,0,1,-5.879448455747809,-0.344925246135192
repeat intent,0,1,-5.879448455747809,-0.344925246135192
report sangamon,0,1,-5.879448455747809,-0.344925246135192
remind board,0,1,-5.879448455747809,-0.344925246135192
report project,0,1,-5.879448455747809,-0.344925246135192
pla,6,6,-0.2076622273304629,-0.36035375180270784
asked,6,6,-0.2076622273304629,-0.36035375180270784
just wanted,6,6,-0.2076622273304629,-0.36035375180270784
willing,6,6,-0.2076622273304629,-0.36035375180270784
bad,6,6,-0.2076622273304629,-0.36035375180270784
diamond,6,6,-0.2076622273304629,-0.36035375180270784
owner,6,6,-0.2076622273304629,-0.36035375180270784
black diamond,6,6,-0.2076622273304629,-0.36035375180270784
men women,6,6,-0.2076622273304629,-0.36035375180270784
seven,6,6,-0.2076622273304629,-0.36035375180270784
day,22,20,-0.11274067893696671,-0.365554594009582
law,15,14,-0.1389510533480891,-0.37458358404349723
hope,15,14,-0.1389510533480891,-0.37458358404349723
want,111,95,-0.052744484652329504,-0.3780316005864223
quality life,7,7,-0.2076719672508025,-0.3892368213402185
women,7,7,-0.2076719672508025,-0.3892368213402185
township,7,7,-0.2076719672508025,-0.3892368213402185
ensure,7,7,-0.2076719672508025,-0.3892368213402185
absolutely,7,7,-0.2076719672508025,-0.3892368213402185
concern,7,7,-0.2076719672508025,-0.3892368213402185
directly,7,7,-0.2076719672508025,-0.3892368213402185
set,7,7,-0.2076719672508025,-0.3892368213402185
use,37,33,-0.09374705925017324,-0.39222090859509534
great,16,15,-0.14339876408055474,-0.3997095599958503
seeing,8,8,-0.20768170808812592,-0.41612479056096885
comments,8,8,-0.20768170808812592,-0.41612479056096885
water,84,73,-0.06798337240828278,-0.42561287917360996
make,46,41,-0.09312527132189885,-0.43435117697593467
general,9,9,-0.20769144984255927,-0.44138242148364004
commission ctas,0,2,-6.166321500175082,-0.44324718407805164
community able,0,2,-6.166321500175082,-0.44324718407805164
committee members,0,2,-6.166321500175082,-0.44324718407805164
mines closing,0,2,-6.166321500175082,-0.44324718407805164
going outsource,0,2,-6.166321500175082,-0.44324718407805164
solely,0,2,-6.166321500175082,-0.44324718407805164
going tell,0,2,-6.166321500175082,-0.44324718407805164
going vote,0,2,-6.166321500175082,-0.44324718407805164
keene,0,2,-6.166321500175082,-0.44324718407805164
mines,0,2,-6.166321500175082,-0.44324718407805164
elderly,0,2,-6.166321500175082,-0.44324718407805164
false dichotomy,0,2,-6.166321500175082,-0.44324718407805164
commercial business,0,2,-6.166321500175082,-0.44324718407805164
eyes,0,2,-6.166321500175082,-0.44324718407805164
elliot,0,2,-6.166321500175082,-0.44324718407805164
going blame,0,2,-6.166321500175082,-0.44324718407805164
elevators,0,2,-6.166321500175082,-0.44324718407805164
defer,0,2,-6.166321500175082,-0.44324718407805164
lake waverly,0,2,-6.166321500175082,-0.44324718407805164
stress,0,2,-6.166321500175082,-0.44324718407805164
day inside,0,2,-6.166321500175082,-0.44324718407805164
minimal protection,0,2,-6.166321500175082,-0.44324718407805164
just recently,0,2,-6.166321500175082,-0.44324718407805164
going community,0,2,-6.166321500175082,-0.44324718407805164
going guys,0,2,-6.166321500175082,-0.44324718407805164
land acquisition,0,2,-6.166321500175082,-0.44324718407805164
minimal impact,0,2,-6.166321500175082,-0.44324718407805164
comments adding,0,2,-6.166321500175082,-0.44324718407805164
deception,0,2,-6.166321500175082,-0.44324718407805164
soft target,0,2,-6.166321500175082,-0.44324718407805164
know brought,0,2,-6.166321500175082,-0.44324718407805164
electrical infrastructure,0,2,-6.166321500175082,-0.44324718407805164
working project,0,2,-6.166321500175082,-0.44324718407805164
year commitments,0,2,-6.166321500175082,-0.44324718407805164
facilitated,0,2,-6.166321500175082,-0.44324718407805164
going want,0,2,-6.166321500175082,-0.44324718407805164
speak time,0,2,-6.166321500175082,-0.44324718407805164
millions gallons,0,2,-6.166321500175082,-0.44324718407805164
law ordinance,0,2,-6.166321500175082,-0.44324718407805164
concerned water,0,2,-6.166321500175082,-0.44324718407805164
concerns heard,0,2,-6.166321500175082,-0.44324718407805164
staff board,0,2,-6.166321500175082,-0.44324718407805164
concerns valid,0,2,-6.166321500175082,-0.44324718407805164
staff claims,0,2,-6.166321500175082,-0.44324718407805164
education programs,0,2,-6.166321500175082,-0.44324718407805164
mile raise,0,2,-6.166321500175082,-0.44324718407805164
standards standards,0,2,-6.166321500175082,-0.44324718407805164
accountable,0,2,-6.166321500175082,-0.44324718407805164
defer vote,0,2,-6.166321500175082,-0.44324718407805164
question especially,0,2,-6.166321500175082,-0.44324718407805164
stable,0,2,-6.166321500175082,-0.44324718407805164
war,0,2,-6.166321500175082,-0.44324718407805164
good points,0,2,-6.166321500175082,-0.44324718407805164
concludes public,0,2,-6.166321500175082,-0.44324718407805164
good stewards,0,2,-6.166321500175082,-0.44324718407805164
protect health,0,2,-6.166321500175082,-0.44324718407805164
kevin,0,2,-6.166321500175082,-0.44324718407805164
threat health,0,2,-6.166321500175082,-0.44324718407805164
wisconsin just,0,2,-6.166321500175082,-0.44324718407805164
start moving,0,2,-6.166321500175082,-0.44324718407805164
middle cornfield,0,2,-6.166321500175082,-0.44324718407805164
language,0,2,-6.166321500175082,-0.44324718407805164
work project,0,2,-6.166321500175082,-0.44324718407805164
community need,0,2,-6.166321500175082,-0.44324718407805164
wish make,0,2,-6.166321500175082,-0.44324718407805164
community really,0,2,-6.166321500175082,-0.44324718407805164
efficient,0,2,-6.166321500175082,-0.44324718407805164
going years,0,2,-6.166321500175082,-0.44324718407805164
speak spoken,0,2,-6.166321500175082,-0.44324718407805164
coal mines,0,2,-6.166321500175082,-0.44324718407805164
million jobs,0,2,-6.166321500175082,-0.44324718407805164
golden,0,2,-6.166321500175082,-0.44324718407805164
yard,0,2,-6.166321500175082,-0.44324718407805164
golden rule,0,2,-6.166321500175082,-0.44324718407805164
special just,0,2,-6.166321500175082,-0.44324718407805164
species,0,2,-6.166321500175082,-0.44324718407805164
landowners,0,2,-6.166321500175082,-0.44324718407805164
wanted note,0,2,-6.166321500175082,-0.44324718407805164
exposure negatively,0,2,-6.166321500175082,-0.44324718407805164
effects livestock,0,2,-6.166321500175082,-0.44324718407805164
comprehensive,0,2,-6.166321500175082,-0.44324718407805164
wanted share,0,2,-6.166321500175082,-0.44324718407805164
educational,0,2,-6.166321500175082,-0.44324718407805164
chronic,0,2,-6.166321500175082,-0.44324718407805164
springfield lake,0,2,-6.166321500175082,-0.44324718407805164
squared,0,2,-6.166321500175082,-0.44324718407805164
land plenty,0,2,-6.166321500175082,-0.44324718407805164
come talk,0,2,-6.166321500175082,-0.44324718407805164
just temporary,0,2,-6.166321500175082,-0.44324718407805164
just takes,0,2,-6.166321500175082,-0.44324718407805164
actually going,0,2,-6.166321500175082,-0.44324718407805164
work mental,0,2,-6.166321500175082,-0.44324718407805164
farming,0,2,-6.166321500175082,-0.44324718407805164
equipment upgrades,0,2,-6.166321500175082,-0.44324718407805164
equate,0,2,-6.166321500175082,-0.44324718407805164
proposed change,0,2,-6.166321500175082,-0.44324718407805164
labels,0,2,-6.166321500175082,-0.44324718407805164
epa rules,0,2,-6.166321500175082,-0.44324718407805164
sightedness,0,2,-6.166321500175082,-0.44324718407805164
labels assign,0,2,-6.166321500175082,-0.44324718407805164
favor signify,0,2,-6.166321500175082,-0.44324718407805164
thoughtful,0,2,-6.166321500175082,-0.44324718407805164
minutes proponents,0,2,-6.166321500175082,-0.44324718407805164
know takes,0,2,-6.166321500175082,-0.44324718407805164
time research,0,2,-6.166321500175082,-0.44324718407805164
weird,0,2,-6.166321500175082,-0.44324718407805164
environmental noise,0,2,-6.166321500175082,-0.44324718407805164
feel necessary,0,2,-6.166321500175082,-0.44324718407805164
cires,0,2,-6.166321500175082,-0.44324718407805164
laborer,0,2,-6.166321500175082,-0.44324718407805164
entire county,0,2,-6.166321500175082,-0.44324718407805164
questions answered,0,2,-6.166321500175082,-0.44324718407805164
minutes minute,0,2,-6.166321500175082,-0.44324718407805164
flyway,0,2,-6.166321500175082,-0.44324718407805164
krippel,0,2,-6.166321500175082,-0.44324718407805164
evening ll,0,2,-6.166321500175082,-0.44324718407805164
ensure protecting,0,2,-6.166321500175082,-0.44324718407805164
dealership dealership,0,2,-6.166321500175082,-0.44324718407805164
justin king,0,2,-6.166321500175082,-0.44324718407805164
everybody yellow,0,2,-6.166321500175082,-0.44324718407805164
family farming,0,2,-6.166321500175082,-0.44324718407805164
family union,0,2,-6.166321500175082,-0.44324718407805164
chumlin seconded,0,2,-6.166321500175082,-0.44324718407805164
proponents opponents,0,2,-6.166321500175082,-0.44324718407805164
work industry,0,2,-6.166321500175082,-0.44324718407805164
know time,0,2,-6.166321500175082,-0.44324718407805164
zoning planning,0,2,-6.166321500175082,-0.44324718407805164
quiet,0,2,-6.166321500175082,-0.44324718407805164
want close,0,2,-6.166321500175082,-0.44324718407805164
know tax,0,2,-6.166321500175082,-0.44324718407805164
family years,0,2,-6.166321500175082,-0.44324718407805164
fans hvac,0,2,-6.166321500175082,-0.44324718407805164
work guys,0,2,-6.166321500175082,-0.44324718407805164
justin,0,2,-6.166321500175082,-0.44324718407805164
far away,0,2,-6.166321500175082,-0.44324718407805164
adding new,0,2,-6.166321500175082,-0.44324718407805164
mississippi flyway,0,2,-6.166321500175082,-0.44324718407805164
circulating,0,2,-6.166321500175082,-0.44324718407805164
farce,0,2,-6.166321500175082,-0.44324718407805164
deer,0,2,-6.166321500175082,-0.44324718407805164
time spent,0,2,-6.166321500175082,-0.44324718407805164
work november,0,2,-6.166321500175082,-0.44324718407805164
fossil fuels,0,2,-6.166321500175082,-0.44324718407805164
lake serves,0,2,-6.166321500175082,-0.44324718407805164
clay,0,2,-6.166321500175082,-0.44324718407805164
know really,0,2,-6.166321500175082,-0.44324718407805164
getting late,0,2,-6.166321500175082,-0.44324718407805164
sincerely hope,0,2,-6.166321500175082,-0.44324718407805164
won able,0,2,-6.166321500175082,-0.44324718407805164
getting mental,0,2,-6.166321500175082,-0.44324718407805164
want reason,0,2,-6.166321500175082,-0.44324718407805164
day people,0,2,-6.166321500175082,-0.44324718407805164
women union,0,2,-6.166321500175082,-0.44324718407805164
consider health,0,2,-6.166321500175082,-0.44324718407805164
girl,0,2,-6.166321500175082,-0.44324718407805164
minor,0,2,-6.166321500175082,-0.44324718407805164
work people,0,2,-6.166321500175082,-0.44324718407805164
site plan,0,2,-6.166321500175082,-0.44324718407805164
sitting washer,0,2,-6.166321500175082,-0.44324718407805164
climate change,0,2,-6.166321500175082,-0.44324718407805164
elliot clay,0,2,-6.166321500175082,-0.44324718407805164
sized,0,2,-6.166321500175082,-0.44324718407805164
property values,0,2,-6.166321500175082,-0.44324718407805164
coal gas,0,2,-6.166321500175082,-0.44324718407805164
minimize adjacent,0,2,-6.166321500175082,-0.44324718407805164
minimize,0,2,-6.166321500175082,-0.44324718407805164
chumlin,0,2,-6.166321500175082,-0.44324718407805164
fact cyrus,0,2,-6.166321500175082,-0.44324718407805164
generator walls,0,2,-6.166321500175082,-0.44324718407805164
claire,0,2,-6.166321500175082,-0.44324718407805164
minutes ll,0,2,-6.166321500175082,-0.44324718407805164
achieved,0,2,-6.166321500175082,-0.44324718407805164
minutes initial,0,2,-6.166321500175082,-0.44324718407805164
active,0,2,-6.166321500175082,-0.44324718407805164
thoma,0,2,-6.166321500175082,-0.44324718407805164
act clean,0,2,-6.166321500175082,-0.44324718407805164
signed nda,0,2,-6.166321500175082,-0.44324718407805164
defects,0,2,-6.166321500175082,-0.44324718407805164
foundation,0,2,-6.166321500175082,-0.44324718407805164
wonderful,0,2,-6.166321500175082,-0.44324718407805164
just waive,0,2,-6.166321500175082,-0.44324718407805164
city waverly,0,2,-6.166321500175082,-0.44324718407805164
work scarce,0,2,-6.166321500175082,-0.44324718407805164
claimed,0,2,-6.166321500175082,-0.44324718407805164
frankly,0,2,-6.166321500175082,-0.44324718407805164
db,0,2,-6.166321500175082,-0.44324718407805164
frequently,0,2,-6.166321500175082,-0.44324718407805164
acquisition,0,2,-6.166321500175082,-0.44324718407805164
friend,0,2,-6.166321500175082,-0.44324718407805164
minute speak,0,2,-6.166321500175082,-0.44324718407805164
frustrating,0,2,-6.166321500175082,-0.44324718407805164
fucking,0,2,-6.166321500175082,-0.44324718407805164
fuels,0,2,-6.166321500175082,-0.44324718407805164
gary,0,2,-6.166321500175082,-0.44324718407805164
gary schultz,0,2,-6.166321500175082,-0.44324718407805164
livestock operation,0,2,-6.166321500175082,-0.44324718407805164
started process,0,2,-6.166321500175082,-0.44324718407805164
ecosystem,0,2,-6.166321500175082,-0.44324718407805164
cornfield,0,2,-6.166321500175082,-0.44324718407805164
mccoupin,0,2,-6.166321500175082,-0.44324718407805164
increase tax,0,2,-6.166321500175082,-0.44324718407805164
like oh,0,2,-6.166321500175082,-0.44324718407805164
desperately needed,0,2,-6.166321500175082,-0.44324718407805164
crothers,0,2,-6.166321500175082,-0.44324718407805164
industrial areas,0,2,-6.166321500175082,-0.44324718407805164
desperately,0,2,-6.166321500175082,-0.44324718407805164
maybe maybe,0,2,-6.166321500175082,-0.44324718407805164
deserves,0,2,-6.166321500175082,-0.44324718407805164
lincoln,0,2,-6.166321500175082,-0.44324718407805164
weren allowed,0,2,-6.166321500175082,-0.44324718407805164
inhalable,0,2,-6.166321500175082,-0.44324718407805164
mccoupin county,0,2,-6.166321500175082,-0.44324718407805164
cornfield know,0,2,-6.166321500175082,-0.44324718407805164
jobs year,0,2,-6.166321500175082,-0.44324718407805164
making signs,0,2,-6.166321500175082,-0.44324718407805164
lincoln land,0,2,-6.166321500175082,-0.44324718407805164
making decision,0,2,-6.166321500175082,-0.44324718407805164
wouldn use,0,2,-6.166321500175082,-0.44324718407805164
inhalable particles,0,2,-6.166321500175082,-0.44324718407805164
make statements,0,2,-6.166321500175082,-0.44324718407805164
initially,0,2,-6.166321500175082,-0.44324718407805164
make pay,0,2,-6.166321500175082,-0.44324718407805164
make feel,0,2,-6.166321500175082,-0.44324718407805164
destroy,0,2,-6.166321500175082,-0.44324718407805164
mcdaniels,0,2,-6.166321500175082,-0.44324718407805164
deserve better,0,2,-6.166321500175082,-0.44324718407805164
public welfare,0,2,-6.166321500175082,-0.44324718407805164
implore,0,2,-6.166321500175082,-0.44324718407805164
dichotomy,0,2,-6.166321500175082,-0.44324718407805164
imposed,0,2,-6.166321500175082,-0.44324718407805164
water loop,0,2,-6.166321500175082,-0.44324718407805164
like duck,0,2,-6.166321500175082,-0.44324718407805164
julia,0,2,-6.166321500175082,-0.44324718407805164
abandoned,0,2,-6.166321500175082,-0.44324718407805164
like live,0,2,-6.166321500175082,-0.44324718407805164
time ago,0,2,-6.166321500175082,-0.44324718407805164
like nox,0,2,-6.166321500175082,-0.44324718407805164
incident,0,2,-6.166321500175082,-0.44324718407805164
stem,0,2,-6.166321500175082,-0.44324718407805164
jobs years,0,2,-6.166321500175082,-0.44324718407805164
meets standards,0,2,-6.166321500175082,-0.44324718407805164
detrimental,0,2,-6.166321500175082,-0.44324718407805164
cooperation,0,2,-6.166321500175082,-0.44324718407805164
meeting know,0,2,-6.166321500175082,-0.44324718407805164
medicine,0,2,-6.166321500175082,-0.44324718407805164
measurements,0,2,-6.166321500175082,-0.44324718407805164
meaningful,0,2,-6.166321500175082,-0.44324718407805164
mean lot,0,2,-6.166321500175082,-0.44324718407805164
incompatible,0,2,-6.166321500175082,-0.44324718407805164
mckinney,0,2,-6.166321500175082,-0.44324718407805164
mckernan,0,2,-6.166321500175082,-0.44324718407805164
jobs takes,0,2,-6.166321500175082,-0.44324718407805164
inside systems,0,2,-6.166321500175082,-0.44324718407805164
water know,0,2,-6.166321500175082,-0.44324718407805164
jobs automated,0,2,-6.166321500175082,-0.44324718407805164
county quote,0,2,-6.166321500175082,-0.44324718407805164
creation substantial,0,2,-6.166321500175082,-0.44324718407805164
lot concrete,0,2,-6.166321500175082,-0.44324718407805164
losing water,0,2,-6.166321500175082,-0.44324718407805164
lori mckernan,0,2,-6.166321500175082,-0.44324718407805164
job loss,0,2,-6.166321500175082,-0.44324718407805164
live lives,0,2,-6.166321500175082,-0.44324718407805164
county residents,0,2,-6.166321500175082,-0.44324718407805164
long took,0,2,-6.166321500175082,-0.44324718407805164
county supposed,0,2,-6.166321500175082,-0.44324718407805164
demonstrations minimum,0,2,-6.166321500175082,-0.44324718407805164
county want,0,2,-6.166321500175082,-0.44324718407805164
county neighboring,0,2,-6.166321500175082,-0.44324718407805164
jobs especially,0,2,-6.166321500175082,-0.44324718407805164
local didn,0,2,-6.166321500175082,-0.44324718407805164
local came,0,2,-6.166321500175082,-0.44324718407805164
livestock near,0,2,-6.166321500175082,-0.44324718407805164
local business,0,2,-6.166321500175082,-0.44324718407805164
loamy,0,2,-6.166321500175082,-0.44324718407805164
delay vote,0,2,-6.166321500175082,-0.44324718407805164
ll proceed,0,2,-6.166321500175082,-0.44324718407805164
ll make,0,2,-6.166321500175082,-0.44324718407805164
living near,0,2,-6.166321500175082,-0.44324718407805164
jobs lost,0,2,-6.166321500175082,-0.44324718407805164
county people,0,2,-6.166321500175082,-0.44324718407805164
county nearly,0,2,-6.166321500175082,-0.44324718407805164
iphone,0,2,-6.166321500175082,-0.44324718407805164
machines,0,2,-6.166321500175082,-0.44324718407805164
israel,0,2,-6.166321500175082,-0.44324718407805164
make easy,0,2,-6.166321500175082,-0.44324718407805164
make decision,0,2,-6.166321500175082,-0.44324718407805164
worried years,0,2,-6.166321500175082,-0.44324718407805164
deputies,0,2,-6.166321500175082,-0.44324718407805164
make clear,0,2,-6.166321500175082,-0.44324718407805164
listen people,0,2,-6.166321500175082,-0.44324718407805164
jobs sangamon,0,2,-6.166321500175082,-0.44324718407805164
mailing,0,2,-6.166321500175082,-0.44324718407805164
madoni motion,0,2,-6.166321500175082,-0.44324718407805164
madoni,0,2,-6.166321500175082,-0.44324718407805164
credit construction,0,2,-6.166321500175082,-0.44324718407805164
loud,0,2,-6.166321500175082,-0.44324718407805164
deppi,0,2,-6.166321500175082,-0.44324718407805164
machine,0,2,-6.166321500175082,-0.44324718407805164
jill,0,2,-6.166321500175082,-0.44324718407805164
county isn,0,2,-6.166321500175082,-0.44324718407805164
county know,0,2,-6.166321500175082,-0.44324718407805164
watershed,0,2,-6.166321500175082,-0.44324718407805164
jill krippel,0,2,-6.166321500175082,-0.44324718407805164
job able,0,2,-6.166321500175082,-0.44324718407805164
welfare vote,0,2,-6.166321500175082,-0.44324718407805164
listening everybody,0,2,-6.166321500175082,-0.44324718407805164
county morgan,0,2,-6.166321500175082,-0.44324718407805164
contract know,0,2,-6.166321500175082,-0.44324718407805164
implement,0,2,-6.166321500175082,-0.44324718407805164
dawson family,0,2,-6.166321500175082,-0.44324718407805164
doubling,0,2,-6.166321500175082,-0.44324718407805164
dryer,0,2,-6.166321500175082,-0.44324718407805164
state law,0,2,-6.166321500175082,-0.44324718407805164
guys know,0,2,-6.166321500175082,-0.44324718407805164
drink,0,2,-6.166321500175082,-0.44324718407805164
dasko,0,2,-6.166321500175082,-0.44324718407805164
dredging,0,2,-6.166321500175082,-0.44324718407805164
hang,0,2,-6.166321500175082,-0.44324718407805164
dream,0,2,-6.166321500175082,-0.44324718407805164
hanrahan,0,2,-6.166321500175082,-0.44324718407805164
happen let,0,2,-6.166321500175082,-0.44324718407805164
willing listen,0,2,-6.166321500175082,-0.44324718407805164
welfare considered,0,2,-6.166321500175082,-0.44324718407805164
accelerate,0,2,-6.166321500175082,-0.44324718407805164
don explain,0,2,-6.166321500175082,-0.44324718407805164
haven work,0,2,-6.166321500175082,-0.44324718407805164
dollar corporation,0,2,-6.166321500175082,-0.44324718407805164
dangerous particulates,0,2,-6.166321500175082,-0.44324718407805164
headed,0,2,-6.166321500175082,-0.44324718407805164
health problems,0,2,-6.166321500175082,-0.44324718407805164
health welfare,0,2,-6.166321500175082,-0.44324718407805164
healthful,0,2,-6.166321500175082,-0.44324718407805164
cyrus thank,0,2,-6.166321500175082,-0.44324718407805164
healthful environment,0,2,-6.166321500175082,-0.44324718407805164
heard things,0,2,-6.166321500175082,-0.44324718407805164
windfall,0,2,-6.166321500175082,-0.44324718407805164
legal issues,0,2,-6.166321500175082,-0.44324718407805164
let vote,0,2,-6.166321500175082,-0.44324718407805164
weak,0,2,-6.166321500175082,-0.44324718407805164
consideration criteria,0,2,-6.166321500175082,-0.44324718407805164
grandchildren,0,2,-6.166321500175082,-0.44324718407805164
grandfather,0,2,-6.166321500175082,-0.44324718407805164
zoning request,0,2,-6.166321500175082,-0.44324718407805164
washer,0,2,-6.166321500175082,-0.44324718407805164
washer dryer,0,2,-6.166321500175082,-0.44324718407805164
grant application,0,2,-6.166321500175082,-0.44324718407805164
lawyer,0,2,-6.166321500175082,-0.44324718407805164
earthquakes,0,2,-6.166321500175082,-0.44324718407805164
grants,0,2,-6.166321500175082,-0.44324718407805164
according motion,0,2,-6.166321500175082,-0.44324718407805164
coyotes,0,2,-6.166321500175082,-0.44324718407805164
just jobs,0,2,-6.166321500175082,-0.44324718407805164
learning,0,2,-6.166321500175082,-0.44324718407805164
earth,0,2,-6.166321500175082,-0.44324718407805164
protection districts,0,2,-6.166321500175082,-0.44324718407805164
grew shadow,0,2,-6.166321500175082,-0.44324718407805164
constant noise,0,2,-6.166321500175082,-0.44324718407805164
windmills,0,2,-6.166321500175082,-0.44324718407805164
state company,0,2,-6.166321500175082,-0.44324718407805164
messed,0,2,-6.166321500175082,-0.44324718407805164
ways away,0,2,-6.166321500175082,-0.44324718407805164
legacy,0,2,-6.166321500175082,-0.44324718407805164
early childhood,0,2,-6.166321500175082,-0.44324718407805164
cyrus aurora,0,2,-6.166321500175082,-0.44324718407805164
workers union,0,2,-6.166321500175082,-0.44324718407805164
abatement,0,2,-6.166321500175082,-0.44324718407805164
abhorrent,0,2,-6.166321500175082,-0.44324718407805164
lick creek,0,2,-6.166321500175082,-0.44324718407805164
deference,0,2,-6.166321500175082,-0.44324718407805164
human health,0,2,-6.166321500175082,-0.44324718407805164
humbly,0,2,-6.166321500175082,-0.44324718407805164
julia rozier,0,2,-6.166321500175082,-0.44324718407805164
lies,0,2,-6.166321500175082,-0.44324718407805164
diesel particulate,0,2,-6.166321500175082,-0.44324718407805164
lifelong resident,0,2,-6.166321500175082,-0.44324718407805164
diesel fuel,0,2,-6.166321500175082,-0.44324718407805164
idiots,0,2,-6.166321500175082,-0.44324718407805164
ifs happening,0,2,-6.166321500175082,-0.44324718407805164
ifs ifs,0,2,-6.166321500175082,-0.44324718407805164
whoa,0,2,-6.166321500175082,-0.44324718407805164
illinois county,0,2,-6.166321500175082,-0.44324718407805164
illinois working,0,2,-6.166321500175082,-0.44324718407805164
like aurora,0,2,-6.166321500175082,-0.44324718407805164
welfare protected,0,2,-6.166321500175082,-0.44324718407805164
stay hotel,0,2,-6.166321500175082,-0.44324718407805164
working class,0,2,-6.166321500175082,-0.44324718407805164
stewards,0,2,-6.166321500175082,-0.44324718407805164
public concerns,0,2,-6.166321500175082,-0.44324718407805164
western,0,2,-6.166321500175082,-0.44324718407805164
impactful,0,2,-6.166321500175082,-0.44324718407805164
stayed,0,2,-6.166321500175082,-0.44324718407805164
able care,0,2,-6.166321500175082,-0.44324718407805164
hout,0,2,-6.166321500175082,-0.44324718407805164
construction labor,0,2,-6.166321500175082,-0.44324718407805164
directors,0,2,-6.166321500175082,-0.44324718407805164
hearings,0,2,-6.166321500175082,-0.44324718407805164
district proposed,0,2,-6.166321500175082,-0.44324718407805164
district actually,0,2,-6.166321500175082,-0.44324718407805164
currently zoned,0,2,-6.166321500175082,-0.44324718407805164
high speed,0,2,-6.166321500175082,-0.44324718407805164
discretion,0,2,-6.166321500175082,-0.44324718407805164
decline,0,2,-6.166321500175082,-0.44324718407805164
current zoning,0,2,-6.166321500175082,-0.44324718407805164
disappointment,0,2,-6.166321500175082,-0.44324718407805164
push,0,2,-6.166321500175082,-0.44324718407805164
license,0,2,-6.166321500175082,-0.44324718407805164
just hang,0,2,-6.166321500175082,-0.44324718407805164
household,0,2,-6.166321500175082,-0.44324718407805164
history website,0,2,-6.166321500175082,-0.44324718407805164
hive,0,2,-6.166321500175082,-0.44324718407805164
water cooperative,0,2,-6.166321500175082,-0.44324718407805164
lick,0,2,-6.166321500175082,-0.44324718407805164
hold accountable,0,2,-6.166321500175082,-0.44324718407805164
directly adjacent,0,2,-6.166321500175082,-0.44324718407805164
hookups,0,2,-6.166321500175082,-0.44324718407805164
zoning seeing,0,2,-6.166321500175082,-0.44324718407805164
contaminated,0,2,-6.166321500175082,-0.44324718407805164
hotel,0,2,-6.166321500175082,-0.44324718407805164
house family,0,2,-6.166321500175082,-0.44324718407805164
kinds jobs,0,2,-6.166321500175082,-0.44324718407805164
cause cancer,0,2,-6.166321500175082,-0.44324718407805164
showing support,0,2,-6.166321500175082,-0.44324718407805164
ve tried,0,2,-6.166321500175082,-0.44324718407805164
open mind,0,2,-6.166321500175082,-0.44324718407805164
released,0,2,-6.166321500175082,-0.44324718407805164
thayer verdon,0,2,-6.166321500175082,-0.44324718407805164
amy mcdaniels,0,2,-6.166321500175082,-0.44324718407805164
talk tonight,0,2,-6.166321500175082,-0.44324718407805164
said want,0,2,-6.166321500175082,-0.44324718407805164
said zoned,0,2,-6.166321500175082,-0.44324718407805164
track field,0,2,-6.166321500175082,-0.44324718407805164
blocks,0,2,-6.166321500175082,-0.44324718407805164
adjacent effects,0,2,-6.166321500175082,-0.44324718407805164
oh god,0,2,-6.166321500175082,-0.44324718407805164
salem,0,2,-6.166321500175082,-0.44324718407805164
sales tax,0,2,-6.166321500175082,-0.44324718407805164
talk just,0,2,-6.166321500175082,-0.44324718407805164
positives,0,2,-6.166321500175082,-0.44324718407805164
offering,0,2,-6.166321500175082,-0.44324718407805164
board directors,0,2,-6.166321500175082,-0.44324718407805164
board going,0,2,-6.166321500175082,-0.44324718407805164
board listen,0,2,-6.166321500175082,-0.44324718407805164
occupied,0,2,-6.166321500175082,-0.44324718407805164
posterity,0,2,-6.166321500175082,-0.44324718407805164
potential terrorism,0,2,-6.166321500175082,-0.44324718407805164
amy,0,2,-6.166321500175082,-0.44324718407805164
thankfully,0,2,-6.166321500175082,-0.44324718407805164
birth defects,0,2,-6.166321500175082,-0.44324718407805164
operate generators,0,2,-6.166321500175082,-0.44324718407805164
opposition proposed,0,2,-6.166321500175082,-0.44324718407805164
beloit,0,2,-6.166321500175082,-0.44324718407805164
thank cyrus,0,2,-6.166321500175082,-0.44324718407805164
rules set,0,2,-6.166321500175082,-0.44324718407805164
berry,0,2,-6.166321500175082,-0.44324718407805164
plenty eat,0,2,-6.166321500175082,-0.44324718407805164
ordering,0,2,-6.166321500175082,-0.44324718407805164
order order,0,2,-6.166321500175082,-0.44324718407805164
tara,0,2,-6.166321500175082,-0.44324718407805164
order according,0,2,-6.166321500175082,-0.44324718407805164
best interests,0,2,-6.166321500175082,-0.44324718407805164
opposed aye,0,2,-6.166321500175082,-0.44324718407805164
birth,0,2,-6.166321500175082,-0.44324718407805164
bet,0,2,-6.166321500175082,-0.44324718407805164
trained,0,2,-6.166321500175082,-0.44324718407805164
train tracks,0,2,-6.166321500175082,-0.44324718407805164
use just,0,2,-6.166321500175082,-0.44324718407805164
reminder,0,2,-6.166321500175082,-0.44324718407805164
sad,0,2,-6.166321500175082,-0.44324718407805164
anymore,0,2,-6.166321500175082,-0.44324718407805164
police,0,2,-6.166321500175082,-0.44324718407805164
big cities,0,2,-6.166321500175082,-0.44324718407805164
years ve,0,2,-6.166321500175082,-0.44324718407805164
obligated,0,2,-6.166321500175082,-0.44324718407805164
saw brought,0,2,-6.166321500175082,-0.44324718407805164
oath,0,2,-6.166321500175082,-0.44324718407805164
sustainable,0,2,-6.166321500175082,-0.44324718407805164
took clean,0,2,-6.166321500175082,-0.44324718407805164
aligning private,0,2,-6.166321500175082,-0.44324718407805164
ve allotted,0,2,-6.166321500175082,-0.44324718407805164
breathing,0,2,-6.166321500175082,-0.44324718407805164
school medicine,0,2,-6.166321500175082,-0.44324718407805164
tonight vote,0,2,-6.166321500175082,-0.44324718407805164
tonight ve,0,2,-6.166321500175082,-0.44324718407805164
tonight unions,0,2,-6.166321500175082,-0.44324718407805164
screw,0,2,-6.166321500175082,-0.44324718407805164
screw people,0,2,-6.166321500175082,-0.44324718407805164
alexa,0,2,-6.166321500175082,-0.44324718407805164
brand new,0,2,-6.166321500175082,-0.44324718407805164
niece,0,2,-6.166321500175082,-0.44324718407805164
brought committee,0,2,-6.166321500175082,-0.44324718407805164
seats,0,2,-6.166321500175082,-0.44324718407805164
second thing,0,2,-6.166321500175082,-0.44324718407805164
new workforce,0,2,-6.166321500175082,-0.44324718407805164
ve long,0,2,-6.166321500175082,-0.44324718407805164
section code,0,2,-6.166321500175082,-0.44324718407805164
new construction,0,2,-6.166321500175082,-0.44324718407805164
neshap,0,2,-6.166321500175082,-0.44324718407805164
nephews,0,2,-6.166321500175082,-0.44324718407805164
break,0,2,-6.166321500175082,-0.44324718407805164
vast majority,0,2,-6.166321500175082,-0.44324718407805164
nurse work,0,2,-6.166321500175082,-0.44324718407805164
board vote,0,2,-6.166321500175082,-0.44324718407805164
number things,0,2,-6.166321500175082,-0.44324718407805164
regulates,0,2,-6.166321500175082,-0.44324718407805164
pre apprentice,0,2,-6.166321500175082,-0.44324718407805164
number mr,0,2,-6.166321500175082,-0.44324718407805164
regulate restrict,0,2,-6.166321500175082,-0.44324718407805164
board trustees,0,2,-6.166321500175082,-0.44324718407805164
vac,0,2,-6.166321500175082,-0.44324718407805164
nox,0,2,-6.166321500175082,-0.44324718407805164
premature,0,2,-6.166321500175082,-0.44324718407805164
premature deaths,0,2,-6.166321500175082,-0.44324718407805164
tornadoes,0,2,-6.166321500175082,-0.44324718407805164
allotted,0,2,-6.166321500175082,-0.44324718407805164
tornado hit,0,2,-6.166321500175082,-0.44324718407805164
present threat,0,2,-6.166321500175082,-0.44324718407805164
presentation proponents,0,2,-6.166321500175082,-0.44324718407805164
board zoning,0,2,-6.166321500175082,-0.44324718407805164
table gone,0,2,-6.166321500175082,-0.44324718407805164
nonprofit,0,2,-6.166321500175082,-0.44324718407805164
boards,0,2,-6.166321500175082,-0.44324718407805164
years maybe,0,2,-6.166321500175082,-0.44324718407805164
allowed stay,0,2,-6.166321500175082,-0.44324718407805164
allowed minutes,0,2,-6.166321500175082,-0.44324718407805164
ruin forever,0,2,-6.166321500175082,-0.44324718407805164
plant going,0,2,-6.166321500175082,-0.44324718407805164
beholden,0,2,-6.166321500175082,-0.44324718407805164
try comments,0,2,-6.166321500175082,-0.44324718407805164
term job,0,2,-6.166321500175082,-0.44324718407805164
revenue taxing,0,2,-6.166321500175082,-0.44324718407805164
automated,0,2,-6.166321500175082,-0.44324718407805164
permitted use,0,2,-6.166321500175082,-0.44324718407805164
permitted uses,0,2,-6.166321500175082,-0.44324718407805164
permitting authority,0,2,-6.166321500175082,-0.44324718407805164
try speak,0,2,-6.166321500175082,-0.44324718407805164
revised,0,2,-6.166321500175082,-0.44324718407805164
person sign,0,2,-6.166321500175082,-0.44324718407805164
area facility,0,2,-6.166321500175082,-0.44324718407805164
avoidant,0,2,-6.166321500175082,-0.44324718407805164
ask delay,0,2,-6.166321500175082,-0.44324718407805164
paving,0,2,-6.166321500175082,-0.44324718407805164
rid,0,2,-6.166321500175082,-0.44324718407805164
pause vote,0,2,-6.166321500175082,-0.44324718407805164
area concern,0,2,-6.166321500175082,-0.44324718407805164
researching,0,2,-6.166321500175082,-0.44324718407805164
truth,0,2,-6.166321500175082,-0.44324718407805164
away jobs,0,2,-6.166321500175082,-0.44324718407805164
researcher,0,2,-6.166321500175082,-0.44324718407805164
right concludes,0,2,-6.166321500175082,-0.44324718407805164
past months,0,2,-6.166321500175082,-0.44324718407805164
ask board,0,2,-6.166321500175082,-0.44324718407805164
aurora happen,0,2,-6.166321500175082,-0.44324718407805164
right ll,0,2,-6.166321500175082,-0.44324718407805164
unanimously,0,2,-6.166321500175082,-0.44324718407805164
temporary work,0,2,-6.166321500175082,-0.44324718407805164
resolution seeing,0,2,-6.166321500175082,-0.44324718407805164
people thank,0,2,-6.166321500175082,-0.44324718407805164
resolution number,0,2,-6.166321500175082,-0.44324718407805164
people ve,0,2,-6.166321500175082,-0.44324718407805164
respond,0,2,-6.166321500175082,-0.44324718407805164
yes need,0,2,-6.166321500175082,-0.44324718407805164
auburn just,0,2,-6.166321500175082,-0.44324718407805164
stem education,0,2,-6.166321500175082,-0.44324718407805164
assign,0,2,-6.166321500175082,-0.44324718407805164
auburn thayer,0,2,-6.166321500175082,-0.44324718407805164
people actually,0,2,-6.166321500175082,-0.44324718407805164
uncertain,0,2,-6.166321500175082,-0.44324718407805164
restrict,0,2,-6.166321500175082,-0.44324718407805164
restrictions,0,2,-6.166321500175082,-0.44324718407805164
tell good,0,2,-6.166321500175082,-0.44324718407805164
people calling,0,2,-6.166321500175082,-0.44324718407805164
trying live,0,2,-6.166321500175082,-0.44324718407805164
ask members,0,2,-6.166321500175082,-0.44324718407805164
people board,0,2,-6.166321500175082,-0.44324718407805164
ask guys,0,2,-6.166321500175082,-0.44324718407805164
audience feel,0,2,-6.166321500175082,-0.44324718407805164
right healthful,0,2,-6.166321500175082,-0.44324718407805164
aye aye,0,2,-6.166321500175082,-0.44324718407805164
organizing motion,0,2,-6.166321500175082,-0.44324718407805164
bedside cardiac,0,2,-6.166321500175082,-0.44324718407805164
owners,0,2,-6.166321500175082,-0.44324718407805164
robert oxley,0,2,-6.166321500175082,-0.44324718407805164
taxation,0,2,-6.166321500175082,-0.44324718407805164
rockford illinois,0,2,-6.166321500175082,-0.44324718407805164
place site,0,2,-6.166321500175082,-0.44324718407805164
bedside,0,2,-6.166321500175082,-0.44324718407805164
overarching,0,2,-6.166321500175082,-0.44324718407805164
tax rate,0,2,-6.166321500175082,-0.44324718407805164
unlock,0,2,-6.166321500175082,-0.44324718407805164
requests,0,2,-6.166321500175082,-0.44324718407805164
unoccupied,0,2,-6.166321500175082,-0.44324718407805164
appreciation,0,2,-6.166321500175082,-0.44324718407805164
room respectful,0,2,-6.166321500175082,-0.44324718407805164
outsourced,0,2,-6.166321500175082,-0.44324718407805164
outsource,0,2,-6.166321500175082,-0.44324718407805164
plan talk,0,2,-6.166321500175082,-0.44324718407805164
appeals hearing,0,2,-6.166321500175082,-0.44324718407805164
round,0,2,-6.166321500175082,-0.44324718407805164
beg,0,2,-6.166321500175082,-0.44324718407805164
update,0,2,-6.166321500175082,-0.44324718407805164
rozier,0,2,-6.166321500175082,-0.44324718407805164
uplifting,0,2,-6.166321500175082,-0.44324718407805164
owns,0,2,-6.166321500175082,-0.44324718407805164
place like,0,2,-6.166321500175082,-0.44324718407805164
terrible,0,2,-6.166321500175082,-0.44324718407805164
yes tonight,0,2,-6.166321500175082,-0.44324718407805164
union construction,0,2,-6.166321500175082,-0.44324718407805164
aye ayes,0,2,-6.166321500175082,-0.44324718407805164
pictures,0,2,-6.166321500175082,-0.44324718407805164
union household,0,2,-6.166321500175082,-0.44324718407805164
terror,0,2,-6.166321500175082,-0.44324718407805164
union member,0,2,-6.166321500175082,-0.44324718407805164
terrorism,0,2,-6.166321500175082,-0.44324718407805164
terrorism target,0,2,-6.166321500175082,-0.44324718407805164
terry,0,2,-6.166321500175082,-0.44324718407805164
terry arnold,0,2,-6.166321500175082,-0.44324718407805164
ball,0,2,-6.166321500175082,-0.44324718407805164
oxley,0,2,-6.166321500175082,-0.44324718407805164
particles,0,2,-6.166321500175082,-0.44324718407805164
approving grant,0,2,-6.166321500175082,-0.44324718407805164
barking,0,2,-6.166321500175082,-0.44324718407805164
unions exist,0,2,-6.166321500175082,-0.44324718407805164
unions people,0,2,-6.166321500175082,-0.44324718407805164
unions support,0,2,-6.166321500175082,-0.44324718407805164
place cyrus,0,2,-6.166321500175082,-0.44324718407805164
apprentice,0,2,-6.166321500175082,-0.44324718407805164
place going,0,2,-6.166321500175082,-0.44324718407805164
tribune,0,2,-6.166321500175082,-0.44324718407805164
rebut,0,2,-6.166321500175082,-0.44324718407805164
expense,0,2,-6.166321500175082,-0.44324718407805164
votes,0,2,-6.166321500175082,-0.44324718407805164
narrow,0,2,-6.166321500175082,-0.44324718407805164
cared union,0,2,-6.166321500175082,-0.44324718407805164
tiny inhalable,0,2,-6.166321500175082,-0.44324718407805164
selling water,0,2,-6.166321500175082,-0.44324718407805164
calling sick,0,2,-6.166321500175082,-0.44324718407805164
vote thank,0,2,-6.166321500175082,-0.44324718407805164
chatham,0,2,-6.166321500175082,-0.44324718407805164
need remember,0,2,-6.166321500175082,-0.44324718407805164
years cyrus,0,2,-6.166321500175082,-0.44324718407805164
tiny,0,2,-6.166321500175082,-0.44324718407805164
need say,0,2,-6.166321500175082,-0.44324718407805164
cared,0,2,-6.166321500175082,-0.44324718407805164
shareholder,0,2,-6.166321500175082,-0.44324718407805164
zoning district,0,2,-6.166321500175082,-0.44324718407805164
checked,0,2,-6.166321500175082,-0.44324718407805164
services sheriff,0,2,-6.166321500175082,-0.44324718407805164
motion ms,0,2,-6.166321500175082,-0.44324718407805164
motion mr,0,2,-6.166321500175082,-0.44324718407805164
raise hands,0,2,-6.166321500175082,-0.44324718407805164
checking,0,2,-6.166321500175082,-0.44324718407805164
capacity lake,0,2,-6.166321500175082,-0.44324718407805164
voting people,0,2,-6.166321500175082,-0.44324718407805164
voting yes,0,2,-6.166321500175082,-0.44324718407805164
nearly million,0,2,-6.166321500175082,-0.44324718407805164
calculations,0,2,-6.166321500175082,-0.44324718407805164
zoning hearing,0,2,-6.166321500175082,-0.44324718407805164
semi truck,0,2,-6.166321500175082,-0.44324718407805164
chicago tribune,0,2,-6.166321500175082,-0.44324718407805164
suicide,0,2,-6.166321500175082,-0.44324718407805164
cattle,0,2,-6.166321500175082,-0.44324718407805164
shadow,0,2,-6.166321500175082,-0.44324718407805164
mr davis,0,2,-6.166321500175082,-0.44324718407805164
support unions,0,2,-6.166321500175082,-0.44324718407805164
support want,0,2,-6.166321500175082,-0.44324718407805164
support support,0,2,-6.166321500175082,-0.44324718407805164
vote delay,0,2,-6.166321500175082,-0.44324718407805164
age,0,2,-6.166321500175082,-0.44324718407805164
mr chumlin,0,2,-6.166321500175082,-0.44324718407805164
cartoons stuff,0,2,-6.166321500175082,-0.44324718407805164
reach,0,2,-6.166321500175082,-0.44324718407805164
project matters,0,2,-6.166321500175082,-0.44324718407805164
need pause,0,2,-6.166321500175082,-0.44324718407805164
support delay,0,2,-6.166321500175082,-0.44324718407805164
temporary jobs,0,2,-6.166321500175082,-0.44324718407805164
campus ve,0,2,-6.166321500175082,-0.44324718407805164
cartoons,0,2,-6.166321500175082,-0.44324718407805164
chances,0,2,-6.166321500175082,-0.44324718407805164
senators,0,2,-6.166321500175082,-0.44324718407805164
multi billion,0,2,-6.166321500175082,-0.44324718407805164
really proud,0,2,-6.166321500175082,-0.44324718407805164
careful,0,2,-6.166321500175082,-0.44324718407805164
really think,0,2,-6.166321500175082,-0.44324718407805164
reads,0,2,-6.166321500175082,-0.44324718407805164
need understand,0,2,-6.166321500175082,-0.44324718407805164
mr mcguire,0,2,-6.166321500175082,-0.44324718407805164
need use,0,2,-6.166321500175082,-0.44324718407805164
cardiac nurse,0,2,-6.166321500175082,-0.44324718407805164
childhood,0,2,-6.166321500175082,-0.44324718407805164
shop vac,0,2,-6.166321500175082,-0.44324718407805164
natural disaster,0,2,-6.166321500175082,-0.44324718407805164
agricultural use,0,2,-6.166321500175082,-0.44324718407805164
nda received,0,2,-6.166321500175082,-0.44324718407805164
affordability,0,2,-6.166321500175082,-0.44324718407805164
sees,0,2,-6.166321500175082,-0.44324718407805164
months ago,0,2,-6.166321500175082,-0.44324718407805164
childhood stem,0,2,-6.166321500175082,-0.44324718407805164
waive,0,2,-6.166321500175082,-0.44324718407805164
short sightedness,0,2,-6.166321500175082,-0.44324718407805164
chiller,0,2,-6.166321500175082,-0.44324718407805164
years come,0,2,-6.166321500175082,-0.44324718407805164
negatively impact,0,2,-6.166321500175082,-0.44324718407805164
month jobs,0,2,-6.166321500175082,-0.44324718407805164
cardiac,0,2,-6.166321500175082,-0.44324718407805164
zoned purpose,0,2,-6.166321500175082,-0.44324718407805164
year project,0,2,-6.166321500175082,-0.44324718407805164
quote minimum,0,2,-6.166321500175082,-0.44324718407805164
building permits,0,2,-6.166321500175082,-0.44324718407805164
neighboring counties,0,2,-6.166321500175082,-0.44324718407805164
proceeding regular,0,2,-6.166321500175082,-0.44324718407805164
nature,0,2,-6.166321500175082,-0.44324718407805164
business saw,0,2,-6.166321500175082,-0.44324718407805164
self regulated,0,2,-6.166321500175082,-0.44324718407805164
need water,0,2,-6.166321500175082,-0.44324718407805164
nearest,0,2,-6.166321500175082,-0.44324718407805164
profits,0,2,-6.166321500175082,-0.44324718407805164
afraid sued,0,2,-6.166321500175082,-0.44324718407805164
think environmental,0,2,-6.166321500175082,-0.44324718407805164
adverse,0,2,-6.166321500175082,-0.44324718407805164
promise aurora,0,2,-6.166321500175082,-0.44324718407805164
months ve,0,2,-6.166321500175082,-0.44324718407805164
buying,0,2,-6.166321500175082,-0.44324718407805164
shit,0,2,-6.166321500175082,-0.44324718407805164
cyrus,54,48,-0.09044663169665235,-0.45674206540171786
country,10,10,-0.2077011925142349,-0.4652753012708417
ve,106,92,-0.06675347223241612,-0.46929730876697995
billion dollar,0,3,-6.283869207489461,-0.5216489827533612
decided,0,3,-6.283869207489461,-0.5216489827533612
near livestock,0,3,-6.283869207489461,-0.5216489827533612
king,0,3,-6.283869207489461,-0.5216489827533612
investment public,0,3,-6.283869207489461,-0.5216489827533612
illinois law,0,3,-6.283869207489461,-0.5216489827533612
illinois epa,0,3,-6.283869207489461,-0.5216489827533612
benefits agreement,0,3,-6.283869207489461,-0.5216489827533612
sued,0,3,-6.283869207489461,-0.5216489827533612
thank everybody,0,3,-6.283869207489461,-0.5216489827533612
successfully,0,3,-6.283869207489461,-0.5216489827533612
know long,0,3,-6.283869207489461,-0.5216489827533612
rockford,0,3,-6.283869207489461,-0.5216489827533612
comments members,0,3,-6.283869207489461,-0.5216489827533612
iepa,0,3,-6.283869207489461,-0.5216489827533612
rochester,0,3,-6.283869207489461,-0.5216489827533612
billionaire,0,3,-6.283869207489461,-0.5216489827533612
demonstrations,0,3,-6.283869207489461,-0.5216489827533612
improve,0,3,-6.283869207489461,-0.5216489827533612
wellness,0,3,-6.283869207489461,-0.5216489827533612
opposite,0,3,-6.283869207489461,-0.5216489827533612
national emission,0,3,-6.283869207489461,-0.5216489827533612
urge vote,0,3,-6.283869207489461,-0.5216489827533612
speak proceed,0,3,-6.283869207489461,-0.5216489827533612
tax credit,0,3,-6.283869207489461,-0.5216489827533612
planning staff,0,3,-6.283869207489461,-0.5216489827533612
initial presentation,0,3,-6.283869207489461,-0.5216489827533612
welfare community,0,3,-6.283869207489461,-0.5216489827533612
care people,0,3,-6.283869207489461,-0.5216489827533612
pockets,0,3,-6.283869207489461,-0.5216489827533612
ruin,0,3,-6.283869207489461,-0.5216489827533612
intent regulations,0,3,-6.283869207489461,-0.5216489827533612
smart,0,3,-6.283869207489461,-0.5216489827533612
serves,0,3,-6.283869207489461,-0.5216489827533612
small business,0,3,-6.283869207489461,-0.5216489827533612
set ensure,0,3,-6.283869207489461,-0.5216489827533612
inconsistent,0,3,-6.283869207489461,-0.5216489827533612
kennel,0,3,-6.283869207489461,-0.5216489827533612
apparently,0,3,-6.283869207489461,-0.5216489827533612
todd,0,3,-6.283869207489461,-0.5216489827533612
digital,0,3,-6.283869207489461,-0.5216489827533612
guys want,0,3,-6.283869207489461,-0.5216489827533612
clear present,0,3,-6.283869207489461,-0.5216489827533612
year job,0,3,-6.283869207489461,-0.5216489827533612
fossil,0,3,-6.283869207489461,-0.5216489827533612
radius,0,3,-6.283869207489461,-0.5216489827533612
framework,0,3,-6.283869207489461,-0.5216489827533612
rail,0,3,-6.283869207489461,-0.5216489827533612
sheriff office,0,3,-6.283869207489461,-0.5216489827533612
sheriff,0,3,-6.283869207489461,-0.5216489827533612
future generations,0,3,-6.283869207489461,-0.5216489827533612
engaging,0,3,-6.283869207489461,-0.5216489827533612
child,0,3,-6.283869207489461,-0.5216489827533612
term jobs,0,3,-6.283869207489461,-0.5216489827533612
rain,0,3,-6.283869207489461,-0.5216489827533612
vulnerable,0,3,-6.283869207489461,-0.5216489827533612
giant,0,3,-6.283869207489461,-0.5216489827533612
arnold,0,3,-6.283869207489461,-0.5216489827533612
elevator,0,3,-6.283869207489461,-0.5216489827533612
retired,0,3,-6.283869207489461,-0.5216489827533612
filled,0,3,-6.283869207489461,-0.5216489827533612
entirely inconsistent,0,3,-6.283869207489461,-0.5216489827533612
fans,0,3,-6.283869207489461,-0.5216489827533612
people said,0,3,-6.283869207489461,-0.5216489827533612
attended,0,3,-6.283869207489461,-0.5216489827533612
shred,0,3,-6.283869207489461,-0.5216489827533612
failed mention,0,3,-6.283869207489461,-0.5216489827533612
choice,0,3,-6.283869207489461,-0.5216489827533612
eventually,0,3,-6.283869207489461,-0.5216489827533612
ass,0,3,-6.283869207489461,-0.5216489827533612
fiat alice,0,3,-6.283869207489461,-0.5216489827533612
fault,0,3,-6.283869207489461,-0.5216489827533612
asking vote,0,3,-6.283869207489461,-0.5216489827533612
work work,0,3,-6.283869207489461,-0.5216489827533612
feels,0,3,-6.283869207489461,-0.5216489827533612
fence,0,3,-6.283869207489461,-0.5216489827533612
fiat,0,3,-6.283869207489461,-0.5216489827533612
voters,0,3,-6.283869207489461,-0.5216489827533612
check,0,3,-6.283869207489461,-0.5216489827533612
wish speak,0,3,-6.283869207489461,-0.5216489827533612
health wellness,0,3,-6.283869207489461,-0.5216489827533612
shall,0,3,-6.283869207489461,-0.5216489827533612
don tell,0,3,-6.283869207489461,-0.5216489827533612
dogs,0,3,-6.283869207489461,-0.5216489827533612
health community,0,3,-6.283869207489461,-0.5216489827533612
union worker,0,3,-6.283869207489461,-0.5216489827533612
does generate,0,3,-6.283869207489461,-0.5216489827533612
mr clerk,0,3,-6.283869207489461,-0.5216489827533612
dr,0,3,-6.283869207489461,-0.5216489827533612
healthy,0,3,-6.283869207489461,-0.5216489827533612
doctor,0,3,-6.283869207489461,-0.5216489827533612
districts mavis,0,3,-6.283869207489461,-0.5216489827533612
taxpayer,0,3,-6.283869207489461,-0.5216489827533612
signify saying,0,3,-6.283869207489461,-0.5216489827533612
testimony,0,3,-6.283869207489461,-0.5216489827533612
happening communities,0,3,-6.283869207489461,-0.5216489827533612
ayes,0,3,-6.283869207489461,-0.5216489827533612
petitioner,0,3,-6.283869207489461,-0.5216489827533612
great great,0,3,-6.283869207489461,-0.5216489827533612
trustees,0,3,-6.283869207489461,-0.5216489827533612
goods,0,3,-6.283869207489461,-0.5216489827533612
goods services,0,3,-6.283869207489461,-0.5216489827533612
grain elevator,0,3,-6.283869207489461,-0.5216489827533612
approving procurement,0,3,-6.283869207489461,-0.5216489827533612
grant,0,3,-6.283869207489461,-0.5216489827533612
want live,0,3,-6.283869207489461,-0.5216489827533612
aye opposed,0,3,-6.283869207489461,-0.5216489827533612
duck,0,3,-6.283869207489461,-0.5216489827533612
drove,0,3,-6.283869207489461,-0.5216489827533612
guidelines,0,3,-6.283869207489461,-0.5216489827533612
drone,0,3,-6.283869207489461,-0.5216489827533612
chatgpt,0,3,-6.283869207489461,-0.5216489827533612
dealership,0,3,-6.283869207489461,-0.5216489827533612
politicians,0,3,-6.283869207489461,-0.5216489827533612
water basement,0,3,-6.283869207489461,-0.5216489827533612
todd brummett,0,3,-6.283869207489461,-0.5216489827533612
limits,0,3,-6.283869207489461,-0.5216489827533612
noise going,0,3,-6.283869207489461,-0.5216489827533612
regulations protect,0,3,-6.283869207489461,-0.5216489827533612
mile radius,0,3,-6.283869207489461,-0.5216489827533612
ctas,0,3,-6.283869207489461,-0.5216489827533612
lifelong,0,3,-6.283869207489461,-0.5216489827533612
accidents,0,3,-6.283869207489461,-0.5216489827533612
lie,0,3,-6.283869207489461,-0.5216489827533612
stealing,0,3,-6.283869207489461,-0.5216489827533612
staff report,0,3,-6.283869207489461,-0.5216489827533612
schultz,0,3,-6.283869207489461,-0.5216489827533612
sales,0,3,-6.283869207489461,-0.5216489827533612
afscme,0,3,-6.283869207489461,-0.5216489827533612
portion meeting,0,3,-6.283869207489461,-0.5216489827533612
sell,0,3,-6.283869207489461,-0.5216489827533612
neat noise,0,3,-6.283869207489461,-0.5216489827533612
alice,0,3,-6.283869207489461,-0.5216489827533612
business small,0,3,-6.283869207489461,-0.5216489827533612
salary,0,3,-6.283869207489461,-0.5216489827533612
population,0,3,-6.283869207489461,-0.5216489827533612
davis,0,3,-6.283869207489461,-0.5216489827533612
state illinois,0,3,-6.283869207489461,-0.5216489827533612
limit,0,3,-6.283869207489461,-0.5216489827533612
measures,0,3,-6.283869207489461,-0.5216489827533612
leaders,0,3,-6.283869207489461,-0.5216489827533612
noise levels,0,3,-6.283869207489461,-0.5216489827533612
procurement goods,0,3,-6.283869207489461,-0.5216489827533612
board tonight,0,3,-6.283869207489461,-0.5216489827533612
power line,0,3,-6.283869207489461,-0.5216489827533612
ambient air,0,3,-6.283869207489461,-0.5216489827533612
county resident,0,3,-6.283869207489461,-0.5216489827533612
nurse,0,3,-6.283869207489461,-0.5216489827533612
counted,0,3,-6.283869207489461,-0.5216489827533612
saying aye,0,3,-6.283869207489461,-0.5216489827533612
ambient,0,3,-6.283869207489461,-0.5216489827533612
protecting health,0,3,-6.283869207489461,-0.5216489827533612
quality standards,0,3,-6.283869207489461,-0.5216489827533612
live springfield,0,3,-6.283869207489461,-0.5216489827533612
live rural,0,3,-6.283869207489461,-0.5216489827533612
need serve,0,3,-6.283869207489461,-0.5216489827533612
agreed,0,3,-6.283869207489461,-0.5216489827533612
support union,0,3,-6.283869207489461,-0.5216489827533612
criteria,0,3,-6.283869207489461,-0.5216489827533612
board resolution,0,3,-6.283869207489461,-0.5216489827533612
campus sangamon,0,3,-6.283869207489461,-0.5216489827533612
met standards,0,3,-6.283869207489461,-0.5216489827533612
need address,0,3,-6.283869207489461,-0.5216489827533612
car,0,3,-6.283869207489461,-0.5216489827533612
noise does,0,3,-6.283869207489461,-0.5216489827533612
dawson,0,3,-6.283869207489461,-0.5216489827533612
private investment,0,3,-6.283869207489461,-0.5216489827533612
rebuttal,0,3,-6.283869207489461,-0.5216489827533612
labor workers,0,3,-6.283869207489461,-0.5216489827533612
sections,0,3,-6.283869207489461,-0.5216489827533612
seconded mr,0,3,-6.283869207489461,-0.5216489827533612
ladder truck,0,3,-6.283869207489461,-0.5216489827533612
completed,0,3,-6.283869207489461,-0.5216489827533612
complying,0,3,-6.283869207489461,-0.5216489827533612
lake springfield,0,3,-6.283869207489461,-0.5216489827533612
nearby,0,3,-6.283869207489461,-0.5216489827533612
brummett,0,3,-6.283869207489461,-0.5216489827533612
negatively,0,3,-6.283869207489461,-0.5216489827533612
tracks,0,3,-6.283869207489461,-0.5216489827533612
blame,0,3,-6.283869207489461,-0.5216489827533612
diesel,22,21,-0.16141021868145433,-0.5300106958719656
opportunity,13,13,-0.20773042603401404,-0.5305595973316964
million,15,15,-0.20774991963579392,-0.5699608806759814
area,25,24,-0.1671170151944068,-0.5858180970335813
mcguire,0,4,-6.348315919852324,-0.5892448622835513
statements,0,4,-6.348315919852324,-0.5892448622835513
seconded,0,4,-6.348315919852324,-0.5892448622835513
shouldn,0,4,-6.348315919852324,-0.5892448622835513
amounts,0,4,-6.348315919852324,-0.5892448622835513
houses,0,4,-6.348315919852324,-0.5892448622835513
corporation,0,4,-6.348315919852324,-0.5892448622835513
good neighbors,0,4,-6.348315919852324,-0.5892448622835513
pay bills,0,4,-6.348315919852324,-0.5892448622835513
building code,0,4,-6.348315919852324,-0.5892448622835513
massey commission,0,4,-6.348315919852324,-0.5892448622835513
corridor,0,4,-6.348315919852324,-0.5892448622835513
air pollution,0,4,-6.348315919852324,-0.5892448622835513
questions comments,0,4,-6.348315919852324,-0.5892448622835513
sincerely,0,4,-6.348315919852324,-0.5892448622835513
community members,0,4,-6.348315919852324,-0.5892448622835513
focusing,0,4,-6.348315919852324,-0.5892448622835513
deaths,0,4,-6.348315919852324,-0.5892448622835513
protect public,0,4,-6.348315919852324,-0.5892448622835513
long time,0,4,-6.348315919852324,-0.5892448622835513
pillsbury plant,0,4,-6.348315919852324,-0.5892448622835513
number resolution,0,4,-6.348315919852324,-0.5892448622835513
particulates,0,4,-6.348315919852324,-0.5892448622835513
construction workers,0,4,-6.348315919852324,-0.5892448622835513
safety general,0,4,-6.348315919852324,-0.5892448622835513
signify,0,4,-6.348315919852324,-0.5892448622835513
people work,0,4,-6.348315919852324,-0.5892448622835513
takes away,0,4,-6.348315919852324,-0.5892448622835513
years old,0,4,-6.348315919852324,-0.5892448622835513
say thank,0,4,-6.348315919852324,-0.5892448622835513
guarantees,0,4,-6.348315919852324,-0.5892448622835513
tornado,0,4,-6.348315919852324,-0.5892448622835513
approach,0,4,-6.348315919852324,-0.5892448622835513
decibels,0,4,-6.348315919852324,-0.5892448622835513
mavis,0,4,-6.348315919852324,-0.5892448622835513
rural sangamon,0,4,-6.348315919852324,-0.5892448622835513
nda,0,4,-6.348315919852324,-0.5892448622835513
members audience,0,4,-6.348315919852324,-0.5892448622835513
blow,0,4,-6.348315919852324,-0.5892448622835513
law enforcement,0,4,-6.348315919852324,-0.5892448622835513
fuel,0,4,-6.348315919852324,-0.5892448622835513
intensity,0,4,-6.348315919852324,-0.5892448622835513
son,0,4,-6.348315919852324,-0.5892448622835513
thayer,0,4,-6.348315919852324,-0.5892448622835513
initial,0,4,-6.348315919852324,-0.5892448622835513
recommend,0,4,-6.348315919852324,-0.5892448622835513
sets,0,4,-6.348315919852324,-0.5892448622835513
regular order,0,4,-6.348315919852324,-0.5892448622835513
entry,0,4,-6.348315919852324,-0.5892448622835513
water need,0,4,-6.348315919852324,-0.5892448622835513
concludes,0,4,-6.348315919852324,-0.5892448622835513
doing job,0,4,-6.348315919852324,-0.5892448622835513
cyrus sangamon,0,4,-6.348315919852324,-0.5892448622835513
standards hazardous,0,4,-6.348315919852324,-0.5892448622835513
arguments,0,4,-6.348315919852324,-0.5892448622835513
serve project,0,4,-6.348315919852324,-0.5892448622835513
entry level,0,4,-6.348315919852324,-0.5892448622835513
immense,0,4,-6.348315919852324,-0.5892448622835513
water district,0,4,-6.348315919852324,-0.5892448622835513
foxes,0,4,-6.348315919852324,-0.5892448622835513
considering,4,5,-0.4299780218294469,-0.642232645324302
target,4,5,-0.4299780218294469,-0.642232645324302
entirely,4,5,-0.4299780218294469,-0.642232645324302
certainly,4,5,-0.4299780218294469,-0.642232645324302
provided,4,5,-0.4299780218294469,-0.642232645324302
drive,4,5,-0.4299780218294469,-0.642232645324302
united states,4,5,-0.4299780218294469,-0.642232645324302
permitting,4,5,-0.4299780218294469,-0.642232645324302
early,4,5,-0.4299780218294469,-0.642232645324302
united,4,5,-0.4299780218294469,-0.642232645324302
open,4,5,-0.4299780218294469,-0.642232645324302
training,4,5,-0.4299780218294469,-0.642232645324302
attorney,4,5,-0.4299780218294469,-0.642232645324302
hold,4,5,-0.4299780218294469,-0.642232645324302
approval,5,6,-0.3893377193894274,-0.6442002609182608
according,5,6,-0.3893377193894274,-0.6442002609182608
going happen,5,6,-0.3893377193894274,-0.6442002609182608
recently,5,6,-0.3893377193894274,-0.6442002609182608
portion,5,6,-0.3893377193894274,-0.6442002609182608
supposed,5,6,-0.3893377193894274,-0.6442002609182608
proposal,5,6,-0.3893377193894274,-0.6442002609182608
surrounding,5,6,-0.3893377193894274,-0.6442002609182608
fight,3,4,-0.49422028328978307,-0.6484149912818684
emission,3,4,-0.49422028328978307,-0.6484149912818684
news,3,4,-0.49422028328978307,-0.6484149912818684
citizen,3,4,-0.49422028328978307,-0.6484149912818684
union jobs,3,4,-0.49422028328978307,-0.6484149912818684
chemicals,3,4,-0.49422028328978307,-0.6484149912818684
lost,3,4,-0.49422028328978307,-0.6484149912818684
appeal,3,4,-0.49422028328978307,-0.6484149912818684
delayed,3,4,-0.49422028328978307,-0.6484149912818684
appreciate guys,3,4,-0.49422028328978307,-0.6484149912818684
letter,3,4,-0.49422028328978307,-0.6484149912818684
kinds,3,4,-0.49422028328978307,-0.6484149912818684
multi,3,4,-0.49422028328978307,-0.6484149912818684
create,3,4,-0.49422028328978307,-0.6484149912818684
related,3,4,-0.49422028328978307,-0.6484149912818684
sit,3,4,-0.49422028328978307,-0.6484149912818684
behalf,3,4,-0.49422028328978307,-0.6484149912818684
vote yes,0,5,-6.38910352987137,-0.6496604850905282
residents sangamon,0,5,-6.38910352987137,-0.6496604850905282
referendum,0,5,-6.38910352987137,-0.6496604850905282
community welfare,0,5,-6.38910352987137,-0.6496604850905282
grain,0,5,-6.38910352987137,-0.6496604850905282
blackrock,0,5,-6.38910352987137,-0.6496604850905282
vote tonight,0,5,-6.38910352987137,-0.6496604850905282
resolution approving,0,5,-6.38910352987137,-0.6496604850905282
laborers,0,5,-6.38910352987137,-0.6496604850905282
evidentiary,0,5,-6.38910352987137,-0.6496604850905282
wouldn want,0,5,-6.38910352987137,-0.6496604850905282
health board,0,5,-6.38910352987137,-0.6496604850905282
evidentiary hearing,0,5,-6.38910352987137,-0.6496604850905282
enforcement,0,5,-6.38910352987137,-0.6496604850905282
place resolution,0,5,-6.38910352987137,-0.6496604850905282
safety welfare,0,5,-6.38910352987137,-0.6496604850905282
air pollutants,0,5,-6.38910352987137,-0.6496604850905282
vast,0,5,-6.38910352987137,-0.6496604850905282
hazardous air,0,5,-6.38910352987137,-0.6496604850905282
safety community,0,5,-6.38910352987137,-0.6496604850905282
pillsbury,6,7,-0.361291234747136,-0.6506180067006114
affect,6,7,-0.361291234747136,-0.6506180067006114
says,6,7,-0.361291234747136,-0.6506180067006114
looks,6,7,-0.361291234747136,-0.6506180067006114
concerned,6,7,-0.361291234747136,-0.6506180067006114
past,6,7,-0.361291234747136,-0.6506180067006114
men,6,7,-0.361291234747136,-0.6506180067006114
gone,6,7,-0.361291234747136,-0.6506180067006114
risk,6,7,-0.361291234747136,-0.6506180067006114
thank,95,85,-0.09717272819468903,-0.6519838653056909
current,7,8,-0.34076359151135716,-0.6596402291631701
consider,7,8,-0.34076359151135716,-0.6596402291631701
saw,7,8,-0.34076359151135716,-0.6596402291631701
called,7,8,-0.34076359151135716,-0.6596402291631701
department,2,3,-0.6114207865312231,-0.6712795253862069
fall,2,3,-0.6114207865312231,-0.6712795253862069
china,2,3,-0.6114207865312231,-0.6712795253862069
increased,2,3,-0.6114207865312231,-0.6712795253862069
gave,2,3,-0.6114207865312231,-0.6712795253862069
labor agreement,2,3,-0.6114207865312231,-0.6712795253862069
falls,2,3,-0.6114207865312231,-0.6712795253862069
policy,2,3,-0.6114207865312231,-0.6712795253862069
fail,2,3,-0.6114207865312231,-0.6712795253862069
negotiated,2,3,-0.6114207865312231,-0.6712795253862069
energy grid,2,3,-0.6114207865312231,-0.6712795253862069
sleep,2,3,-0.6114207865312231,-0.6712795253862069
art,2,3,-0.6114207865312231,-0.6712795253862069
additionally,2,3,-0.6114207865312231,-0.6712795253862069
impacted,2,3,-0.6114207865312231,-0.6712795253862069
experience,2,3,-0.6114207865312231,-0.6712795253862069
opinions,2,3,-0.6114207865312231,-0.6712795253862069
lack,2,3,-0.6114207865312231,-0.6712795253862069
self,2,3,-0.6114207865312231,-0.6712795253862069
file,2,3,-0.6114207865312231,-0.6712795253862069
public comment,2,3,-0.6114207865312231,-0.6712795253862069
foot,2,3,-0.6114207865312231,-0.6712795253862069
focus,2,3,-0.6114207865312231,-0.6712795253862069
solve,2,3,-0.6114207865312231,-0.6712795253862069
word,2,3,-0.6114207865312231,-0.6712795253862069
sides,2,3,-0.6114207865312231,-0.6712795253862069
repeat,2,3,-0.6114207865312231,-0.6712795253862069
reiterate,2,3,-0.6114207865312231,-0.6712795253862069
millions,2,3,-0.6114207865312231,-0.6712795253862069
investments,2,3,-0.6114207865312231,-0.6712795253862069
build house,2,3,-0.6114207865312231,-0.6712795253862069
constructed,2,3,-0.6114207865312231,-0.6712795253862069
fulgenzi,2,3,-0.6114207865312231,-0.6712795253862069
safe,2,3,-0.6114207865312231,-0.6712795253862069
sustainability,2,3,-0.6114207865312231,-0.6712795253862069
compared,2,3,-0.6114207865312231,-0.6712795253862069
manager,2,3,-0.6114207865312231,-0.6712795253862069
sense,2,3,-0.6114207865312231,-0.6712795253862069
came tonight,2,3,-0.6114207865312231,-0.6712795253862069
supreme court,2,3,-0.6114207865312231,-0.6712795253862069
huge,2,3,-0.6114207865312231,-0.6712795253862069
say just,2,3,-0.6114207865312231,-0.6712795253862069
creation,2,3,-0.6114207865312231,-0.6712795253862069
trust,2,3,-0.6114207865312231,-0.6712795253862069
want know,2,3,-0.6114207865312231,-0.6712795253862069
supreme,2,3,-0.6114207865312231,-0.6712795253862069
covered,2,3,-0.6114207865312231,-0.6712795253862069
easy,2,3,-0.6114207865312231,-0.6712795253862069
nuclear,2,3,-0.6114207865312231,-0.6712795253862069
husband,2,3,-0.6114207865312231,-0.6712795253862069
downtown,2,3,-0.6114207865312231,-0.6712795253862069
heart,2,3,-0.6114207865312231,-0.6712795253862069
discussions,2,3,-0.6114207865312231,-0.6712795253862069
page,2,3,-0.6114207865312231,-0.6712795253862069
trucks,2,3,-0.6114207865312231,-0.6712795253862069
harm,2,3,-0.6114207865312231,-0.6712795253862069
harmful,2,3,-0.6114207865312231,-0.6712795253862069
minute presentation,2,3,-0.6114207865312231,-0.6712795253862069
elected,2,3,-0.6114207865312231,-0.6712795253862069
want point,2,3,-0.6114207865312231,-0.6712795253862069
project labor,2,3,-0.6114207865312231,-0.6712795253862069
discussed,2,3,-0.6114207865312231,-0.6712795253862069
highest,2,3,-0.6114207865312231,-0.6712795253862069
health quality,2,3,-0.6114207865312231,-0.6712795253862069
protected,2,3,-0.6114207865312231,-0.6712795253862069
truly,2,3,-0.6114207865312231,-0.6712795253862069
passed,9,10,-0.3127214147616568,-0.6818587395677481
school,9,10,-0.3127214147616568,-0.6818587395677481
won,10,11,-0.3027190513742726,-0.6940875085121251
air quality,0,6,-6.417268739939704,-0.7048270624951042
anxiety,0,6,-6.417268739939704,-0.7048270624951042
audience,0,6,-6.417268739939704,-0.7048270624951042
people live,0,6,-6.417268739939704,-0.7048270624951042
fiber,0,6,-6.417268739939704,-0.7048270624951042
false,0,6,-6.417268739939704,-0.7048270624951042
evidence,0,6,-6.417268739939704,-0.7048270624951042
air act,0,6,-6.417268739939704,-0.7048270624951042
attack,0,6,-6.417268739939704,-0.7048270624951042
macoupin county,0,6,-6.417268739939704,-0.7048270624951042
worry,0,6,-6.417268739939704,-0.7048270624951042
asbestos,0,6,-6.417268739939704,-0.7048270624951042
general welfare,0,6,-6.417268739939704,-0.7048270624951042
water table,0,6,-6.417268739939704,-0.7048270624951042
ms,0,6,-6.417268739939704,-0.7048270624951042
deserve,0,6,-6.417268739939704,-0.7048270624951042
threat,0,6,-6.417268739939704,-0.7048270624951042
basement,0,6,-6.417268739939704,-0.7048270624951042
ifs,0,6,-6.417268739939704,-0.7048270624951042
clean,12,13,-0.2875284161171967,-0.7195385847278744
little,24,24,-0.20783768630094013,-0.7212388857444885
deals,1,2,-0.8973767064673766,-0.7348097330862858
bought,1,2,-0.8973767064673766,-0.7348097330862858
administrator,1,2,-0.8973767064673766,-0.7348097330862858
appeals meeting,1,2,-0.8973767064673766,-0.7348097330862858
american,1,2,-0.8973767064673766,-0.7348097330862858
backup generator,1,2,-0.8973767064673766,-0.7348097330862858
doesn matter,1,2,-0.8973767064673766,-0.7348097330862858
closed water,1,2,-0.8973767064673766,-0.7348097330862858
donations,1,2,-0.8973767064673766,-0.7348097330862858
blocked,1,2,-0.8973767064673766,-0.7348097330862858
brand,1,2,-0.8973767064673766,-0.7348097330862858
choose,1,2,-0.8973767064673766,-0.7348097330862858
core,1,2,-0.8973767064673766,-0.7348097330862858
clock,1,2,-0.8973767064673766,-0.7348097330862858
backyard,1,2,-0.8973767064673766,-0.7348097330862858
contact,1,2,-0.8973767064673766,-0.7348097330862858
county tonight,1,2,-0.8973767064673766,-0.7348097330862858
dealing,1,2,-0.8973767064673766,-0.7348097330862858
electric bills,1,2,-0.8973767064673766,-0.7348097330862858
did want,1,2,-0.8973767064673766,-0.7348097330862858
applegate,1,2,-0.8973767064673766,-0.7348097330862858
county staff,1,2,-0.8973767064673766,-0.7348097330862858
exists,1,2,-0.8973767064673766,-0.7348097330862858
background,1,2,-0.8973767064673766,-0.7348097330862858
aligning,1,2,-0.8973767064673766,-0.7348097330862858
advantage,1,2,-0.8973767064673766,-0.7348097330862858
calls,1,2,-0.8973767064673766,-0.7348097330862858
young,1,2,-0.8973767064673766,-0.7348097330862858
daily basis,1,2,-0.8973767064673766,-0.7348097330862858
young people,1,2,-0.8973767064673766,-0.7348097330862858
afraid,1,2,-0.8973767064673766,-0.7348097330862858
county care,1,2,-0.8973767064673766,-0.7348097330862858
ann logue,1,2,-0.8973767064673766,-0.7348097330862858
bring just,1,2,-0.8973767064673766,-0.7348097330862858
work years,1,2,-0.8973767064673766,-0.7348097330862858
yellow,1,2,-0.8973767064673766,-0.7348097330862858
drought,1,2,-0.8973767064673766,-0.7348097330862858
contamination,1,2,-0.8973767064673766,-0.7348097330862858
brief,1,2,-0.8973767064673766,-0.7348097330862858
boom,1,2,-0.8973767064673766,-0.7348097330862858
deeply,1,2,-0.8973767064673766,-0.7348097330862858
disrespect,1,2,-0.8973767064673766,-0.7348097330862858
evaluations,1,2,-0.8973767064673766,-0.7348097330862858
clearly,1,2,-0.8973767064673766,-0.7348097330862858
disrupt,1,2,-0.8973767064673766,-0.7348097330862858
building campus,1,2,-0.8973767064673766,-0.7348097330862858
discuss,1,2,-0.8973767064673766,-0.7348097330862858
building trades,1,2,-0.8973767064673766,-0.7348097330862858
public speaker,1,2,-0.8973767064673766,-0.7348097330862858
hired,1,2,-0.8973767064673766,-0.7348097330862858
privacy,1,2,-0.8973767064673766,-0.7348097330862858
indirect water,1,2,-0.8973767064673766,-0.7348097330862858
speed,1,2,-0.8973767064673766,-0.7348097330862858
inside,1,2,-0.8973767064673766,-0.7348097330862858
issues raised,1,2,-0.8973767064673766,-0.7348097330862858
repeating,1,2,-0.8973767064673766,-0.7348097330862858
sale,1,2,-0.8973767064673766,-0.7348097330862858
jobs created,1,2,-0.8973767064673766,-0.7348097330862858
jobs don,1,2,-0.8973767064673766,-0.7348097330862858
jobs going,1,2,-0.8973767064673766,-0.7348097330862858
said ve,1,2,-0.8973767064673766,-0.7348097330862858
just half,1,2,-0.8973767064673766,-0.7348097330862858
just north,1,2,-0.8973767064673766,-0.7348097330862858
said county,1,2,-0.8973767064673766,-0.7348097330862858
miles away,1,2,-0.8973767064673766,-0.7348097330862858
key,1,2,-0.8973767064673766,-0.7348097330862858
kind thing,1,2,-0.8973767064673766,-0.7348097330862858
use time,1,2,-0.8973767064673766,-0.7348097330862858
increase costs,1,2,-0.8973767064673766,-0.7348097330862858
million years,1,2,-0.8973767064673766,-0.7348097330862858
say board,1,2,-0.8973767064673766,-0.7348097330862858
presents,1,2,-0.8973767064673766,-0.7348097330862858
wild,1,2,-0.8973767064673766,-0.7348097330862858
noise level,1,2,-0.8973767064673766,-0.7348097330862858
previous,1,2,-0.8973767064673766,-0.7348097330862858
pressure,1,2,-0.8973767064673766,-0.7348097330862858
solar panels,1,2,-0.8973767064673766,-0.7348097330862858
high school,1,2,-0.8973767064673766,-0.7348097330862858
high voltage,1,2,-0.8973767064673766,-0.7348097330862858
lucky,1,2,-0.8973767064673766,-0.7348097330862858
importantly,1,2,-0.8973767064673766,-0.7348097330862858
various,1,2,-0.8973767064673766,-0.7348097330862858
non,1,2,-0.8973767064673766,-0.7348097330862858
relatively,1,2,-0.8973767064673766,-0.7348097330862858
hundreds thousands,1,2,-0.8973767064673766,-0.7348097330862858
hvac,1,2,-0.8973767064673766,-0.7348097330862858
illinois state,1,2,-0.8973767064673766,-0.7348097330862858
sorry don,1,2,-0.8973767064673766,-0.7348097330862858
testing schedule,1,2,-0.8973767064673766,-0.7348097330862858
warehouse,1,2,-0.8973767064673766,-0.7348097330862858
wars,1,2,-0.8973767064673766,-0.7348097330862858
party,1,2,-0.8973767064673766,-0.7348097330862858
term effects,1,2,-0.8973767064673766,-0.7348097330862858
rights,1,2,-0.8973767064673766,-0.7348097330862858
marketers,1,2,-0.8973767064673766,-0.7348097330862858
percent,1,2,-0.8973767064673766,-0.7348097330862858
people say,1,2,-0.8973767064673766,-0.7348097330862858
right thing,1,2,-0.8973767064673766,-0.7348097330862858
majority people,1,2,-0.8973767064673766,-0.7348097330862858
logue,1,2,-0.8973767064673766,-0.7348097330862858
lined,1,2,-0.8973767064673766,-0.7348097330862858
people don,1,2,-0.8973767064673766,-0.7348097330862858
people coming,1,2,-0.8973767064673766,-0.7348097330862858
people aren,1,2,-0.8973767064673766,-0.7348097330862858
lot good,1,2,-0.8973767064673766,-0.7348097330862858
right proceeding,1,2,-0.8973767064673766,-0.7348097330862858
lot time,1,2,-0.8973767064673766,-0.7348097330862858
lot times,1,2,-0.8973767064673766,-0.7348097330862858
resident springfield,1,2,-0.8973767064673766,-0.7348097330862858
lights,1,2,-0.8973767064673766,-0.7348097330862858
know ll,1,2,-0.8973767064673766,-0.7348097330862858
organizing,1,2,-0.8973767064673766,-0.7348097330862858
kv,1,2,-0.8973767064673766,-0.7348097330862858
ordinance requires,1,2,-0.8973767064673766,-0.7348097330862858
tested,1,2,-0.8973767064673766,-0.7348097330862858
state legislature,1,2,-0.8973767064673766,-0.7348097330862858
lawsuits,1,2,-0.8973767064673766,-0.7348097330862858
lawyers,1,2,-0.8973767064673766,-0.7348097330862858
petition,1,2,-0.8973767064673766,-0.7348097330862858
upgrades,1,2,-0.8973767064673766,-0.7348097330862858
unlike,1,2,-0.8973767064673766,-0.7348097330862858
tax dollars,1,2,-0.8973767064673766,-0.7348097330862858
states america,1,2,-0.8973767064673766,-0.7348097330862858
legislation,1,2,-0.8973767064673766,-0.7348097330862858
water don,1,2,-0.8973767064673766,-0.7348097330862858
let just,1,2,-0.8973767064673766,-0.7348097330862858
let talk,1,2,-0.8973767064673766,-0.7348097330862858
vote project,1,2,-0.8973767064673766,-0.7348097330862858
prime farmland,1,2,-0.8973767064673766,-0.7348097330862858
low frequency,1,2,-0.8973767064673766,-0.7348097330862858
soft,1,2,-0.8973767064673766,-0.7348097330862858
walls generator,1,2,-0.8973767064673766,-0.7348097330862858
want come,1,2,-0.8973767064673766,-0.7348097330862858
tired,1,2,-0.8973767064673766,-0.7348097330862858
raising,1,2,-0.8973767064673766,-0.7348097330862858
mississippi,1,2,-0.8973767064673766,-0.7348097330862858
globally,1,2,-0.8973767064673766,-0.7348097330862858
going affect,1,2,-0.8973767064673766,-0.7348097330862858
going built,1,2,-0.8973767064673766,-0.7348097330862858
society,1,2,-0.8973767064673766,-0.7348097330862858
going impact,1,2,-0.8973767064673766,-0.7348097330862858
going jobs,1,2,-0.8973767064673766,-0.7348097330862858
going stop,1,2,-0.8973767064673766,-0.7348097330862858
sure people,1,2,-0.8973767064673766,-0.7348097330862858
really hope,1,2,-0.8973767064673766,-0.7348097330862858
tomorrow,1,2,-0.8973767064673766,-0.7348097330862858
good neighbor,1,2,-0.8973767064673766,-0.7348097330862858
money going,1,2,-0.8973767064673766,-0.7348097330862858
served,1,2,-0.8973767064673766,-0.7348097330862858
selected site,1,2,-0.8973767064673766,-0.7348097330862858
virus,1,2,-0.8973767064673766,-0.7348097330862858
public forum,1,2,-0.8973767064673766,-0.7348097330862858
factor,1,2,-0.8973767064673766,-0.7348097330862858
suffered,1,2,-0.8973767064673766,-0.7348097330862858
moving forward,1,2,-0.8973767064673766,-0.7348097330862858
fancy,1,2,-0.8973767064673766,-0.7348097330862858
seven miles,1,2,-0.8973767064673766,-0.7348097330862858
father,1,2,-0.8973767064673766,-0.7348097330862858
setting,1,2,-0.8973767064673766,-0.7348097330862858
throw,1,2,-0.8973767064673766,-0.7348097330862858
work day,1,2,-0.8973767064673766,-0.7348097330862858
work cyrus,1,2,-0.8973767064673766,-0.7348097330862858
questioning,1,2,-0.8973767064673766,-0.7348097330862858
vital,1,2,-0.8973767064673766,-0.7348097330862858
time year,1,2,-0.8973767064673766,-0.7348097330862858
shop,1,2,-0.8973767064673766,-0.7348097330862858
wisconsin,1,2,-0.8973767064673766,-0.7348097330862858
sign speak,1,2,-0.8973767064673766,-0.7348097330862858
granting,1,2,-0.8973767064673766,-0.7348097330862858
williams,1,2,-0.8973767064673766,-0.7348097330862858
selected,1,2,-0.8973767064673766,-0.7348097330862858
win,1,2,-0.8973767064673766,-0.7348097330862858
hard work,1,2,-0.8973767064673766,-0.7348097330862858
segment,1,2,-0.8973767064673766,-0.7348097330862858
guy,1,2,-0.8973767064673766,-0.7348097330862858
hasn,1,2,-0.8973767064673766,-0.7348097330862858
guided,1,2,-0.8973767064673766,-0.7348097330862858
guernsey,1,2,-0.8973767064673766,-0.7348097330862858
size semi,1,2,-0.8973767064673766,-0.7348097330862858
guaranteed,1,2,-0.8973767064673766,-0.7348097330862858
situation,1,2,-0.8973767064673766,-0.7348097330862858
want speak,1,2,-0.8973767064673766,-0.7348097330862858
head,1,2,-0.8973767064673766,-0.7348097330862858
minority,1,2,-0.8973767064673766,-0.7348097330862858
groundwater,1,2,-0.8973767064673766,-0.7348097330862858
granting zoning,1,2,-0.8973767064673766,-0.7348097330862858
forever,0,7,-6.437898772969617,-0.7559295729122776
noise exposure,0,7,-6.437898772969617,-0.7559295729122776
recordings,0,7,-6.437898772969617,-0.7559295729122776
permitted,0,7,-6.437898772969617,-0.7559295729122776
tried,0,7,-6.437898772969617,-0.7559295729122776
waverly lake,0,7,-6.437898772969617,-0.7559295729122776
don care,0,7,-6.437898772969617,-0.7559295729122776
resolution board,0,7,-6.437898772969617,-0.7559295729122776
met,0,7,-6.437898772969617,-0.7559295729122776
voted,0,7,-6.437898772969617,-0.7559295729122776
clean air,0,7,-6.437898772969617,-0.7559295729122776
ask,28,28,-0.20787671760108584,-0.7791693420079436
tell,17,18,-0.2647772065419094,-0.7842933541849806
union workers,0,8,-6.45366813538946,-0.8037606474377224
morgan,0,8,-6.45366813538946,-0.8037606474377224
zoned,0,8,-6.45366813538946,-0.8037606474377224
credit,0,8,-6.45366813538946,-0.8037606474377224
macoupin,0,8,-6.45366813538946,-0.8037606474377224
sick,0,8,-6.45366813538946,-0.8037606474377224
morgan county,0,8,-6.45366813538946,-0.8037606474377224
impact,19,20,-0.2589529001057054,-0.8097465104172464
happen,19,20,-0.2589529001057054,-0.8097465104172464
let,32,32,-0.2079157636166915,-0.8331203223754808
voting,0,9,-6.466118501813158,-0.8488827190453547
generations,0,9,-6.466118501813158,-0.8488827190453547
jobs,61,58,-0.1577877661735254,-0.8618558638891612
don want,7,9,-0.45816150336065764,-0.9108552814425893
problem,11,13,-0.3742670137836299,-0.9152391654183843
pay,11,13,-0.3742670137836299,-0.9152391654183843
clear,6,8,-0.49437267741194546,-0.9171626728335395
contract,6,8,-0.49437267741194546,-0.9171626728335395
ones,5,7,-0.542950439004585,-0.9290961511509046
citizens,5,7,-0.542950439004585,-0.9290961511509046
happening,5,7,-0.542950439004585,-0.9290961511509046
making,15,17,-0.3325713287405838,-0.9404981288558544
board appeals,4,6,-0.6116347564145492,-0.9494880114534292
bigger,4,6,-0.6116347564145492,-0.9494880114534292
haven,4,6,-0.6116347564145492,-0.9494880114534292
tier,4,6,-0.6116347564145492,-0.9494880114534292
special,4,6,-0.6116347564145492,-0.9494880114534292
late,4,6,-0.6116347564145492,-0.9494880114534292
solar,17,19,-0.31870446269842745,-0.956339962384103
concerns,17,19,-0.31870446269842745,-0.956339962384103
evening,18,20,-0.3128704936312978,-0.9647096468576819
number,19,21,-0.3076223813574446,-0.9732973479111293
really,33,34,-0.2377260531295713,-0.9745316338109027
council,3,5,-0.7164985855917543,-0.9832632874784716
opposed,3,5,-0.7164985855917543,-0.9832632874784716
signs,3,5,-0.7164985855917543,-0.9832632874784716
buy,3,5,-0.7164985855917543,-0.9832632874784716
expected,3,5,-0.7164985855917543,-0.9832632874784716
lot people,3,5,-0.7164985855917543,-0.9832632874784716
truck,3,5,-0.7164985855917543,-0.9832632874784716
request,3,5,-0.7164985855917543,-0.9832632874784716
regular,3,5,-0.7164985855917543,-0.9832632874784716
noise pollution,2,4,-0.8978657496919134,-1.0393725578782742
panels,2,4,-0.8978657496919134,-1.0393725578782742
biggest,2,4,-0.8978657496919134,-1.0393725578782742
operation,2,4,-0.8978657496919134,-1.0393725578782742
ladder,2,4,-0.8978657496919134,-1.0393725578782742
spoke,2,4,-0.8978657496919134,-1.0393725578782742
ongoing,2,4,-0.8978657496919134,-1.0393725578782742
south,2,4,-0.8978657496919134,-1.0393725578782742
annually,2,4,-0.8978657496919134,-1.0393725578782742
want thank,2,4,-0.8978657496919134,-1.0393725578782742
door,2,4,-0.8978657496919134,-1.0393725578782742
consideration,2,4,-0.8978657496919134,-1.0393725578782742
eat,2,4,-0.8978657496919134,-1.0393725578782742
versus,2,4,-0.8978657496919134,-1.0393725578782742
going pay,2,4,-0.8978657496919134,-1.0393725578782742
finish,2,4,-0.8978657496919134,-1.0393725578782742
walls,2,4,-0.8978657496919134,-1.0393725578782742
time thank,2,4,-0.8978657496919134,-1.0393725578782742
ll just,2,4,-0.8978657496919134,-1.0393725578782742
court,2,4,-0.8978657496919134,-1.0393725578782742
changed,2,4,-0.8978657496919134,-1.0393725578782742
failed,2,4,-0.8978657496919134,-1.0393725578782742
conservation,2,4,-0.8978657496919134,-1.0393725578782742
signed speak,0,14,-6.502676708743071,-1.0455784448075813
aye,0,14,-6.502676708743071,-1.0455784448075813
person signed,0,14,-6.502676708743071,-1.0455784448075813
heard,29,31,-0.2744480195879566,-1.0642094402869031
ai,30,32,-0.27231260038972405,-1.0734202513077469
getting,11,14,-0.4481569442223421,-1.1143501800346756
just want,11,14,-0.4481569442223421,-1.1143501800346756
ve heard,11,14,-0.4481569442223421,-1.1143501800346756
ago,10,13,-0.4692679499218375,-1.1177295325733017
comes,9,12,-0.49447751251248473,-1.1234805544121658
proposed zoning,1,3,-1.300606328913453,-1.1303994320666626
live mile,1,3,-1.300606328913453,-1.1303994320666626
semi,1,3,-1.300606328913453,-1.1303994320666626
asthma,1,3,-1.300606328913453,-1.1303994320666626
particulate matter,1,3,-1.300606328913453,-1.1303994320666626
going work,1,3,-1.300606328913453,-1.1303994320666626
procurement,1,3,-1.300606328913453,-1.1303994320666626
listened,1,3,-1.300606328913453,-1.1303994320666626
cities,1,3,-1.300606328913453,-1.1303994320666626
evaluate,1,3,-1.300606328913453,-1.1303994320666626
single day,1,3,-1.300606328913453,-1.1303994320666626
business manager,1,3,-1.300606328913453,-1.1303994320666626
causes,1,3,-1.300606328913453,-1.1303994320666626
tonight just,1,3,-1.300606328913453,-1.1303994320666626
know like,1,3,-1.300606328913453,-1.1303994320666626
vested,1,3,-1.300606328913453,-1.1303994320666626
going good,1,3,-1.300606328913453,-1.1303994320666626
february,1,3,-1.300606328913453,-1.1303994320666626
protection district,1,3,-1.300606328913453,-1.1303994320666626
shareholders,1,3,-1.300606328913453,-1.1303994320666626
make money,1,3,-1.300606328913453,-1.1303994320666626
chickens,1,3,-1.300606328913453,-1.1303994320666626
properly,1,3,-1.300606328913453,-1.1303994320666626
think want,1,3,-1.300606328913453,-1.1303994320666626
promise,1,3,-1.300606328913453,-1.1303994320666626
video,1,3,-1.300606328913453,-1.1303994320666626
neat,1,3,-1.300606328913453,-1.1303994320666626
corporations,1,3,-1.300606328913453,-1.1303994320666626
fields,1,3,-1.300606328913453,-1.1303994320666626
support project,1,3,-1.300606328913453,-1.1303994320666626
project ve,1,3,-1.300606328913453,-1.1303994320666626
responders,1,3,-1.300606328913453,-1.1303994320666626
like pillsbury,1,3,-1.300606328913453,-1.1303994320666626
affects,1,3,-1.300606328913453,-1.1303994320666626
sacrifice,1,3,-1.300606328913453,-1.1303994320666626
hands,1,3,-1.300606328913453,-1.1303994320666626
informed,1,3,-1.300606328913453,-1.1303994320666626
legislature,1,3,-1.300606328913453,-1.1303994320666626
sars,1,3,-1.300606328913453,-1.1303994320666626
thank right,1,3,-1.300606328913453,-1.1303994320666626
ve learned,1,3,-1.300606328913453,-1.1303994320666626
infrastructure place,1,3,-1.300606328913453,-1.1303994320666626
compatible,1,3,-1.300606328913453,-1.1303994320666626
intent,1,3,-1.300606328913453,-1.1303994320666626
dangerous,1,3,-1.300606328913453,-1.1303994320666626
just kind,1,3,-1.300606328913453,-1.1303994320666626
personnel,1,3,-1.300606328913453,-1.1303994320666626
knows,1,3,-1.300606328913453,-1.1303994320666626
justice,1,3,-1.300606328913453,-1.1303994320666626
decisions,1,3,-1.300606328913453,-1.1303994320666626
known,1,3,-1.300606328913453,-1.1303994320666626
weeks ago,1,3,-1.300606328913453,-1.1303994320666626
know guys,1,3,-1.300606328913453,-1.1303994320666626
incentive,1,3,-1.300606328913453,-1.1303994320666626
challenges,1,3,-1.300606328913453,-1.1303994320666626
liberty,1,3,-1.300606328913453,-1.1303994320666626
values,1,3,-1.300606328913453,-1.1303994320666626
health care,1,3,-1.300606328913453,-1.1303994320666626
zero,1,3,-1.300606328913453,-1.1303994320666626
discussion,1,3,-1.300606328913453,-1.1303994320666626
vastly,1,3,-1.300606328913453,-1.1303994320666626
hell,1,3,-1.300606328913453,-1.1303994320666626
heard lot,1,3,-1.300606328913453,-1.1303994320666626
better,7,10,-0.5631751765615389,-1.145015654773992
feel,7,10,-0.5631751765615389,-1.145015654773992
agreement,6,9,-0.6117536222930076,-1.163034356887174
health safety,0,18,-6.5177822140535815,-1.1795093652610602
ability,5,8,-0.676005418926394,-1.188242151846033
louder,5,8,-0.676005418926394,-1.188242151846033
table,5,8,-0.676005418926394,-1.188242151846033
moving,4,7,-0.765202707671599,-1.2235069691509108
farmer,4,7,-0.765202707671599,-1.2235069691509108
course,4,7,-0.765202707671599,-1.2235069691509108
application,4,7,-0.765202707671599,-1.2235069691509108
agriculture,3,6,-0.89806990083828,-1.2731038399882757
pass,3,6,-0.89806990083828,-1.2731038399882757
district,15,19,-0.443500723096955,-1.2863805939911739
welfare,0,22,-6.527587519279477,-1.2997060383532448
pollution,10,14,-0.5431517275577846,-1.3143279293024557
try,10,14,-0.5431517275577846,-1.3143279293024557
reason,10,14,-0.5431517275577846,-1.3143279293024557
life,9,13,-0.5742706254601861,-1.3268875398600353
usually,2,5,-1.119944963502956,-1.3424128876763968
neighbor,2,5,-1.119944963502956,-1.3424128876763968
simply,2,5,-1.119944963502956,-1.3424128876763968
know going,2,5,-1.119944963502956,-1.3424128876763968
wife,2,5,-1.119944963502956,-1.3424128876763968
compliance,2,5,-1.119944963502956,-1.3424128876763968
shared,2,5,-1.119944963502956,-1.3424128876763968
closest,2,5,-1.119944963502956,-1.3424128876763968
lake,0,25,-6.532964637988706,-1.3830170396868406
allowed,6,10,-0.716745582633278,-1.3908543043632413
urge,6,10,-0.716745582633278,-1.3908543043632413
act,6,10,-0.716745582633278,-1.3908543043632413
single,6,10,-0.716745582633278,-1.3908543043632413
comply,1,4,-1.5863426155765143,-1.425095192248037
human,1,4,-1.5863426155765143,-1.425095192248037
clerk,1,4,-1.5863426155765143,-1.425095192248037
spend,1,4,-1.5863426155765143,-1.425095192248037
valid,1,4,-1.5863426155765143,-1.425095192248037
solar wind,1,4,-1.5863426155765143,-1.425095192248037
immediately,1,4,-1.5863426155765143,-1.425095192248037
gain,1,4,-1.5863426155765143,-1.425095192248037
thousands,1,4,-1.5863426155765143,-1.425095192248037
texas,1,4,-1.5863426155765143,-1.425095192248037
miles west,1,4,-1.5863426155765143,-1.425095192248037
regarding,1,4,-1.5863426155765143,-1.425095192248037
closing,1,4,-1.5863426155765143,-1.425095192248037
emission standards,1,4,-1.5863426155765143,-1.425095192248037
representing,1,4,-1.5863426155765143,-1.425095192248037
items,1,4,-1.5863426155765143,-1.425095192248037
established,1,4,-1.5863426155765143,-1.425095192248037
regulation,1,4,-1.5863426155765143,-1.425095192248037
play,1,4,-1.5863426155765143,-1.425095192248037
includes,1,4,-1.5863426155765143,-1.425095192248037
community benefits,1,4,-1.5863426155765143,-1.425095192248037
creek water,1,4,-1.5863426155765143,-1.425095192248037
chance,1,4,-1.5863426155765143,-1.425095192248037
year year,1,4,-1.5863426155765143,-1.425095192248037
permits,1,4,-1.5863426155765143,-1.425095192248037
setbacks,1,4,-1.5863426155765143,-1.425095192248037
county thank,1,4,-1.5863426155765143,-1.425095192248037
purchase,1,4,-1.5863426155765143,-1.425095192248037
board questions,1,4,-1.5863426155765143,-1.425095192248037
adding,1,4,-1.5863426155765143,-1.425095192248037
union members,1,4,-1.5863426155765143,-1.425095192248037
damage,1,4,-1.5863426155765143,-1.425095192248037
massey,1,4,-1.5863426155765143,-1.425095192248037
cancer,1,4,-1.5863426155765143,-1.425095192248037
ways,1,4,-1.5863426155765143,-1.425095192248037
held,1,4,-1.5863426155765143,-1.425095192248037
campbell,1,4,-1.5863426155765143,-1.425095192248037
feed,1,4,-1.5863426155765143,-1.425095192248037
minimum,5,9,-0.7933531255184221,-1.425452675586966
minutes,21,26,-0.4208853121867193,-1.4371203747348036
community,48,52,-0.28804386078613575,-1.441582310913162
mr,26,31,-0.3833879445295221,-1.444248985541418
tonight,52,56,-0.2821691667438557,-1.4677462989442878
considered,4,8,-0.8982027668486126,-1.4701835080603534
uses,4,8,-0.8982027668486126,-1.4701835080603534
adjacent,4,8,-0.8982027668486126,-1.4701835080603534
pause,4,8,-0.8982027668486126,-1.4701835080603534
listening,4,8,-0.8982027668486126,-1.4701835080603534
home,4,8,-0.8982027668486126,-1.4701835080603534
benefits,9,14,-0.6481447964160667,-1.5200284911196127
zoning ordinance,3,7,-1.0515362231499044,-1.5278105401000515
cause,3,7,-1.0515362231499044,-1.5278105401000515
wish,3,7,-1.0515362231499044,-1.5278105401000515
purpose,3,7,-1.0515362231499044,-1.5278105401000515
wind,3,7,-1.0515362231499044,-1.5278105401000515
minute,8,13,-0.6916290354974679,-1.542262736381893
state,26,32,-0.4150754813016233,-1.5748989410489482
resident sangamon,2,6,-1.3012889740518059,-1.5988948067271578
middle,2,6,-1.3012889740518059,-1.5988948067271578
hazardous,2,6,-1.3012889740518059,-1.5988948067271578
private,2,6,-1.3012889740518059,-1.5988948067271578
career,2,6,-1.3012889740518059,-1.5988948067271578
members board,2,6,-1.3012889740518059,-1.5988948067271578
represent,2,6,-1.3012889740518059,-1.5988948067271578
god,2,6,-1.3012889740518059,-1.5988948067271578
commission,2,6,-1.3012889740518059,-1.5988948067271578
changes,2,6,-1.3012889740518059,-1.5988948067271578
protecting,2,6,-1.3012889740518059,-1.5988948067271578
finally,2,6,-1.3012889740518059,-1.5988948067271578
binding,2,6,-1.3012889740518059,-1.5988948067271578
districts,6,11,-0.8117116246100693,-1.602844488014304
benefit,6,11,-0.8117116246100693,-1.602844488014304
takes,6,11,-0.8117116246100693,-1.602844488014304
short,6,11,-0.8117116246100693,-1.602844488014304
business,13,19,-0.5861517331217803,-1.6315920811630427
longer,1,5,-1.8076580704916356,-1.6587687687703458
national,1,5,-1.8076580704916356,-1.6587687687703458
half mile,1,5,-1.8076580704916356,-1.6587687687703458
levels,1,5,-1.8076580704916356,-1.6587687687703458
food,1,5,-1.8076580704916356,-1.6587687687703458
worried,1,5,-1.8076580704916356,-1.6587687687703458
people like,1,5,-1.8076580704916356,-1.6587687687703458
legally binding,1,5,-1.8076580704916356,-1.6587687687703458
proposed site,1,5,-1.8076580704916356,-1.6587687687703458
nearly,1,5,-1.8076580704916356,-1.6587687687703458
city springfield,1,5,-1.8076580704916356,-1.6587687687703458
soil,1,5,-1.8076580704916356,-1.6587687687703458
verdon,1,5,-1.8076580704916356,-1.6587687687703458
favor,1,5,-1.8076580704916356,-1.6587687687703458
ve committed,1,5,-1.8076580704916356,-1.6587687687703458
history,1,5,-1.8076580704916356,-1.6587687687703458
planning,1,5,-1.8076580704916356,-1.6587687687703458
north,4,9,-1.0154888028559865,-1.6941018834818258
town,4,9,-1.0154888028559865,-1.6941018834818258
mention,4,9,-1.0154888028559865,-1.6941018834818258
neighbors,4,9,-1.0154888028559865,-1.6941018834818258
matter,9,15,-0.7169165111577929,-1.7037787580303683
proposed,19,26,-0.5206877235844791,-1.7283735892601537
good evening,8,14,-0.7654888538253806,-1.7307902533741422
nice,3,8,-1.1844245698176978,-1.754512833822977
grew,3,8,-1.1844245698176978,-1.754512833822977
decision,3,8,-1.1844245698176978,-1.754512833822977
requires,3,8,-1.1844245698176978,-1.754512833822977
quality,7,13,-0.8246404520639867,-1.7628331033249223
long term,6,12,-0.8983972010757286,-1.800882082539462
address,6,12,-0.8983972010757286,-1.800882082539462
environment,6,12,-0.8983972010757286,-1.800882082539462
wouldn,6,12,-0.8983972010757286,-1.800882082539462
pollutants,2,7,-1.4545120312508155,-1.820665704867906
approve,2,7,-1.4545120312508155,-1.820665704867906
matters,2,7,-1.4545120312508155,-1.820665704867906
spent,2,7,-1.4545120312508155,-1.820665704867906
section,2,7,-1.4545120312508155,-1.820665704867906
commercial,2,7,-1.4545120312508155,-1.820665704867906
makes,2,7,-1.4545120312508155,-1.820665704867906
said,28,36,-0.4587182789701867,-1.823772639936512
staff,11,18,-0.6987254975899146,-1.8294058401542392
research,5,11,-0.9932317477095793,-1.8459778380414493
requirements,5,11,-0.9932317477095793,-1.8459778380414493
small,5,11,-0.9932317477095793,-1.8459778380414493
room,5,11,-0.9932317477095793,-1.8459778380414493
short term,1,6,-1.9882118439191228,-1.8518784124910816
spoken,1,6,-1.9882118439191228,-1.8518784124910816
approving,1,6,-1.9882118439191228,-1.8518784124910816
meets,1,6,-1.9882118439191228,-1.8518784124910816
commitments,1,6,-1.9882118439191228,-1.8518784124910816
necessary,1,6,-1.9882118439191228,-1.8518784124910816
permit,1,6,-1.9882118439191228,-1.8518784124910816
proceeding,1,6,-1.9882118439191228,-1.8518784124910816
allows,1,6,-1.9882118439191228,-1.8518784124910816
selling,1,6,-1.9882118439191228,-1.8518784124910816
previously,1,6,-1.9882118439191228,-1.8518784124910816
showing,1,6,-1.9882118439191228,-1.8518784124910816
opponents,1,6,-1.9882118439191228,-1.8518784124910816
old,4,10,-1.1203764128687341,-1.8988525151425049
apple,4,10,-1.1203764128687341,-1.8988525151425049
guarantee,4,10,-1.1203764128687341,-1.8988525151425049
fact,7,14,-0.8984791440458242,-1.9453192366123206
apple creek,3,9,-1.30159221535843,-1.958461517230227
counties,3,9,-1.30159221535843,-1.958461517230227
living,3,9,-1.30159221535843,-1.958461517230227
agricultural,2,8,-1.5871472844656482,-2.015679195874401
constituents,2,8,-1.5871472844656482,-2.015679195874401
near,2,8,-1.5871472844656482,-2.015679195874401
aurora,18,27,-0.6122450866799536,-2.015886020420245
majority,1,7,-2.140630449840005,-2.0162018089675304
proponents,1,7,-2.140630449840005,-2.0162018089675304
adopted,1,7,-2.140630449840005,-2.0162018089675304
hearing,10,18,-0.793685239428906,-2.01659262579621
zoning board,5,12,-1.0798733488207066,-2.03394317181055
hi,8,16,-0.8985559993118164,-2.0797850482704257
resident,8,16,-0.8985559993118164,-2.0797850482704257
miles,7,15,-0.9672128862119953,-2.1179978540388023
long,20,30,-0.6123196522925056,-2.125180440295964
support,19,29,-0.6296340394264686,-2.137355113380322
zoning,40,51,-0.45065719511934343,-2.137567897401287
especially,3,10,-1.406356801281075,-2.143608646390362
proceed,1,8,-2.2724531686808884,-2.1591006297159465
public health,1,8,-2.2724531686808884,-2.1591006297159465
ordinance,10,19,-0.8475770799899784,-2.1741817182523215
code,2,9,-1.7040554163579769,-2.189498544311145
mile,9,18,-0.8986294655317231,-2.2061035937735864
protect,5,13,-1.1595584400913026,-2.2094820029386435
brought,5,13,-1.1595584400913026,-2.2094820029386435
house,8,17,-0.9589607748920432,-2.2418663505997474
month,7,16,-1.0315005381719073,-2.2817967295405057
exposure,1,9,-2.3885440867784418,-2.2854667999722413
legally,1,9,-2.3885440867784418,-2.2854667999722413
committee,3,11,-1.5010852953694753,-2.3129902971298337
protection,3,11,-1.5010852953694753,-2.3129902971298337
creek,3,11,-1.5010852953694753,-2.3129902971298337
children,6,15,-1.120636883565079,-2.3260127660470213
proud,2,10,-1.8085561137969073,-2.346151598612986
feet,2,10,-1.8085561137969073,-2.346151598612986
everybody,13,24,-0.8191003247422124,-2.3835863067181298
land,13,24,-0.8191003247422124,-2.3835863067181298
place,19,31,-0.6961715406965672,-2.3941176818149525
listen,7,17,-1.0918811049311934,-2.4375257367632233
temporary,2,11,-1.9030176462508628,-2.488640112850015
motion,2,11,-1.9030176462508628,-2.488640112850015
county,141,153,-0.2910070234662445,-2.497116245892822
minimal,1,11,-2.5858652641280564,-2.50129005419405
livestock,4,14,-1.455095535946504,-2.5753794696175607
term,7,18,-1.1488011530208313,-2.585894660342727
order,3,13,-1.667005897688778,-2.6134751561485503
epa,2,12,-1.9891889362811392,-2.619256453716439
mental,1,13,-2.7496026708423793,-2.6813944378450603
mental health,1,13,-2.7496026708423793,-2.6813944378450603
quote,1,13,-2.7496026708423793,-2.6813944378450603
auburn,2,13,-2.068398309593805,-2.739788089880795
problems,1,14,-2.8220617266732875,-2.7614211090931096
regulations,6,18,-1.3021222858984318,-2.7704810421205393
away,9,22,-1.0985703784015861,-2.7834328418312744
hello,5,17,-1.426471076607199,-2.8132170048027763
delay,1,15,-2.8894110329416867,-2.8360039871098013
speaking,4,16,-1.5877976156269797,-2.851250821339509
environmental,6,19,-1.355920356556072,-2.904486647017577
effects,1,16,-2.9523108571517067,-2.9058492715442084
person,9,23,-1.1428492443991694,-2.9143050547259133
guys,17,33,-0.8693910053815461,-2.9184261157894236
city,4,17,-1.6480146442149293,-2.9775491964809015
work,32,51,-0.6733085761406015,-2.991412554601724
standards,10,25,-1.1210553329388189,-3.0038484842819315
unions,1,18,-3.0668296987020707,-3.033542769094529
waverly,3,17,-1.9330748679794372,-3.1031623174426977
family,9,25,-1.2258933444106033,-3.1623615241975918
workers,10,27,-1.1977207275638975,-3.244255558846464
people,90,118,-0.4798675378581816,-3.4350405355977975
signed,3,21,-2.1422416766460985,-3.4930252662470864
safety,4,22,-1.9038517471766037,-3.5203552822748647
years,37,63,-0.739592610829706,-3.577906985699828
job,23,47,-0.9210146246865687,-3.627364265308403
speak,22,46,-0.9438471805945374,-3.6493240904913176
live,10,33,-1.3975460733304557,-3.8838804690357893
care,4,30,-2.2109089102184942,-4.1816226248775905
union,18,47,-1.165168924279686,-4.214574297440123
air,3,32,-2.557690116023826,-4.276166188398254
resolution,4,33,-2.305073513909928,-4.385980349241329
sangamon county,32,69,-0.9752668872591457,-4.570374717336388
sangamon,37,76,-0.9270851833753548,-4.634968490852784
noise,22,58,-1.175157042730059,-4.705626888846472
vote,9,48,-1.8747071724836983,-5.185992150663253
health,6,55,-2.4100347543404483,-5.650895049419034
